Time (s),X (m/s^2),Y (m/s^2),Z (m/s^2)
8.004723083E0,-2.822380829E0,3.790866852E0,-8.619226227E0
8.014770083E0,-2.885699158E0,3.818259888E0,-8.591533813E0
8.024816083E0,-2.839145966E0,3.881278839E0,-8.591982880E0
8.034862083E0,-2.859054565E0,3.964356079E0,-8.609047394E0
8.044908083E0,-2.766696625E0,4.049528961E0,-8.706794128E0
8.054954083E0,-2.782563629E0,3.959566040E0,-8.679700470E0
8.065001083E0,-2.753224640E0,3.930077362E0,-8.653205566E0
8.075047083E0,-2.750679932E0,3.880081329E0,-8.650660858E0
8.085093083E0,-2.745141449E0,3.860322418E0,-8.673563232E0
8.095139083E0,-2.765349426E0,3.775897980E0,-8.686735840E0
8.105185083E0,-2.722239075E0,3.782035217E0,-8.657696228E0
8.115232083E0,-2.791694641E0,3.744613037E0,-8.615184631E0
8.125278083E0,-2.790946198E0,3.749253387E0,-8.628357239E0
8.135324083E0,-2.736758881E0,3.789669342E0,-8.620274048E0
8.145370083E0,-2.745440826E0,3.789519653E0,-8.610244904E0
8.155416083E0,-2.726280670E0,3.814218292E0,-8.627459106E0
8.165463083E0,-2.729873199E0,3.799698486E0,-8.617429962E0
8.175509083E0,-2.731669464E0,3.788022766E0,-8.622220001E0
8.185555083E0,-2.737956390E0,3.775299225E0,-8.594228210E0
8.195601083E0,-2.721939697E0,3.796105957E0,-8.609346771E0
8.205647083E0,-2.713108063E0,3.812571716E0,-8.624165955E0
8.215694083E0,-2.680326233E0,3.844754791E0,-8.616382141E0
8.225740083E0,-2.656376038E0,3.864962769E0,-8.602910156E0
8.235786083E0,-2.666704559E0,3.852388916E0,-8.616382141E0
8.245832083E0,-2.673889618E0,3.859274597E0,-8.617579651E0
8.255878083E0,-2.685265961E0,3.871100006E0,-8.627309418E0
8.265925083E0,-2.675386505E0,3.876488800E0,-8.623118134E0
8.275971083E0,-2.687810669E0,3.870351563E0,-8.631500702E0
8.286017083E0,-2.679727478E0,3.856729889E0,-8.631949768E0
8.296063083E0,-2.683170319E0,3.853436737E0,-8.619525604E0
8.306109083E0,-2.679428101E0,3.892804871E0,-8.610244904E0
8.316156083E0,-2.660717010E0,3.885619812E0,-8.630602570E0
8.326202083E0,-2.700983276E0,3.866459656E0,-8.641978912E0
8.336248083E0,-2.716251526E0,3.848197632E0,-8.621621246E0
8.346294083E0,-2.723286896E0,3.832480316E0,-8.631800079E0
8.356340083E0,-2.739303589E0,3.838916931E0,-8.618477783E0
8.366387083E0,-2.741548920E0,3.837569733E0,-8.635093231E0
8.376433083E0,-2.759511566E0,3.795058136E0,-8.633596344E0
8.386479083E0,-2.773582306E0,3.809727631E0,-8.607101440E0
8.396525083E0,-2.742596741E0,3.840114441E0,-8.619525604E0
8.406571083E0,-2.742896118E0,3.856131134E0,-8.639134827E0
8.416618083E0,-2.741848297E0,3.830983429E0,-8.618178406E0
8.426664083E0,-2.763403473E0,3.805835724E0,-8.643176422E0
8.436710083E0,-2.789000244E0,3.766916656E0,-8.598419495E0
8.446756083E0,-2.779869232E0,3.800895996E0,-8.621022491E0
8.456802083E0,-2.762804718E0,3.810027008E0,-8.623866577E0
8.466849083E0,-2.737806702E0,3.866759033E0,-8.665330353E0
8.476895583E0,-2.682122498E0,3.910617828E0,-8.685238953E0
8.486941583E0,-2.670297089E0,3.914809113E0,-8.644224243E0
8.496987583E0,-2.720592499E0,3.892206116E0,-8.645122375E0
8.507033583E0,-2.771636353E0,3.841012573E0,-8.648565216E0
8.517080583E0,-2.753524017E0,3.858376465E0,-8.696764984E0
8.527126583E0,-2.837649078E0,3.829187164E0,-8.544830933E0
8.537172583E0,-2.752476196E0,3.871998138E0,-8.605754242E0
8.547218583E0,-2.746488647E0,3.886218567E0,-8.638835449E0
8.557264583E0,-2.737058258E0,3.919599152E0,-8.626111908E0
8.567311583E0,-2.724185028E0,3.936513977E0,-8.626560974E0
8.577357583E0,-2.717748413E0,3.935466156E0,-8.612340546E0
8.587403583E0,-2.729124756E0,3.913012848E0,-8.619974670E0
8.597449583E0,-2.744393005E0,3.872147827E0,-8.593330078E0
8.607495583E0,-2.746937714E0,3.850892029E0,-8.596323853E0
8.617542583E0,-2.736010437E0,3.851341095E0,-8.593030701E0
8.627588583E0,-2.756817169E0,3.831432495E0,-8.591683502E0
8.637634583E0,-2.761457520E0,3.832929382E0,-8.576864319E0
8.647680583E0,-2.726280670E0,3.859723663E0,-8.597521362E0
8.657726583E0,-2.670147400E0,3.861070862E0,-8.624764709E0
8.667773583E0,-2.641257477E0,3.896547089E0,-8.613388367E0
8.677819583E0,-2.654879150E0,3.891457672E0,-8.622968445E0
8.687865583E0,-2.634222107E0,3.883224792E0,-8.622070312E0
8.697911583E0,-2.639610901E0,3.872596893E0,-8.613388367E0
8.707957583E0,-2.650538177E0,3.857777710E0,-8.623716888E0
8.718004583E0,-2.696791992E0,3.836072845E0,-8.603957977E0
8.728050583E0,-2.712209930E0,3.846101990E0,-8.605454865E0
8.738096583E0,-2.692301331E0,3.893703003E0,-8.604107666E0
8.748142583E0,-2.719694366E0,3.880530396E0,-8.604706421E0
8.758188583E0,-2.755469971E0,3.870950317E0,-8.615184631E0
8.768235583E0,-2.738854523E0,3.884422302E0,-8.618627472E0
8.778281583E0,-2.761008453E0,3.874542847E0,-8.604706421E0
8.788327583E0,-2.769989777E0,3.867058411E0,-8.619375916E0
8.798373583E0,-2.766397247E0,3.847449188E0,-8.628955994E0
8.808419583E0,-2.776875458E0,3.853436737E0,-8.637039185E0
8.818466583E0,-2.805615692E0,3.837120667E0,-8.654552765E0
8.828512583E0,-2.792592773E0,3.857478333E0,-8.667725372E0
8.838558583E0,-2.787952423E0,3.855532379E0,-8.657845917E0
8.848604583E0,-2.806962891E0,3.832630005E0,-8.640482025E0
8.858650583E0,-2.762355652E0,3.839365997E0,-8.622070312E0
8.868697583E0,-2.785856781E0,3.855233002E0,-8.625662842E0
8.878743583E0,-2.796933746E0,3.855981445E0,-8.634644165E0
8.888789583E0,-2.766097870E0,3.871100006E0,-8.615034943E0
8.898835583E0,-2.772833862E0,3.870501251E0,-8.601712646E0
8.908881583E0,-2.790048065E0,3.878434753E0,-8.613538055E0
8.918928583E0,-2.760559387E0,3.878135376E0,-8.613388367E0
8.928974583E0,-2.763104095E0,3.883374481E0,-8.625962219E0
8.939020583E0,-2.743345184E0,3.894301758E0,-8.617729340E0
8.949066583E0,-2.735860748E0,3.880081329E0,-8.628357239E0
8.959112583E0,-2.703677673E0,3.883524170E0,-8.628806305E0
8.969159583E0,-2.704575806E0,3.877386932E0,-8.634195099E0
8.979205583E0,-2.702031097E0,3.854035492E0,-8.623567200E0
8.989251583E0,-2.675985260E0,3.890110474E0,-8.646768951E0
8.999297583E0,-2.672991486E0,3.890409851E0,-8.642727356E0
9.009343583E0,-2.671943665E0,3.888613586E0,-8.606053619E0
9.019390583E0,-2.657124481E0,3.888314209E0,-8.623118134E0
9.029436583E0,-2.665956116E0,3.882925415E0,-8.601712646E0
9.039482583E0,-2.724035339E0,3.870501251E0,-8.609197083E0
9.049528583E0,-2.684966583E0,3.894900513E0,-8.612789612E0
9.059574583E0,-2.699785767E0,3.858675842E0,-8.596623230E0
9.069620583E0,-2.730022888E0,3.853586426E0,-8.556806030E0
9.079667583E0,-2.732717285E0,3.887565765E0,-8.570278015E0
9.089713583E0,-2.712808685E0,3.880380707E0,-8.592881012E0
9.099759583E0,-2.697690125E0,3.887416077E0,-8.604856110E0
9.109805583E0,-2.725232849E0,3.896846466E0,-8.640032959E0
9.119851583E0,-2.719694366E0,3.873495026E0,-8.638536072E0
9.129898583E0,-2.689606934E0,3.881877594E0,-8.612939301E0
9.139944583E0,-2.708467712E0,3.890709229E0,-8.625363464E0
9.149990583E0,-2.737657013E0,3.872896271E0,-8.666378174E0
9.160036583E0,-2.729424133E0,3.866010590E0,-8.646319885E0
9.170082583E0,-2.724783783E0,3.906576233E0,-8.594976654E0
9.180129583E0,-2.795586548E0,3.831582184E0,-8.633296967E0
9.190175583E0,-2.745141449E0,3.891607361E0,-8.626560974E0
9.200221583E0,-2.742447052E0,3.870052185E0,-8.593180389E0
9.210267583E0,-2.810555420E0,3.807033234E0,-8.679850159E0
9.220313583E0,-2.787802734E0,3.881129150E0,-8.567882996E0
9.230360583E0,-2.782413940E0,3.836970978E0,-8.637637939E0
9.240406583E0,-2.757715302E0,3.864813080E0,-8.658444672E0
9.250452583E0,-2.741249542E0,3.873944092E0,-8.575966187E0
9.260498583E0,-2.743494873E0,3.863016815E0,-8.639434204E0
9.270544583E0,-2.713856506E0,3.879931641E0,-8.616831207E0
9.280591583E0,-2.726729736E0,3.873195648E0,-8.615484009E0
9.290637583E0,-2.712060242E0,3.857178955E0,-8.648714905E0
9.300683583E0,-2.712808685E0,3.866759033E0,-8.636290741E0
9.310729583E0,-2.729873199E0,3.838467865E0,-8.622669067E0
9.320775583E0,-2.761607208E0,3.848796387E0,-8.655151520E0
9.330822583E0,-2.757116547E0,3.824546814E0,-8.640781403E0
9.340868583E0,-2.746638336E0,3.830983429E0,-8.658145294E0
9.350914583E0,-2.762355652E0,3.858226776E0,-8.631051636E0
9.360960583E0,-2.776426392E0,3.855831757E0,-8.641080780E0
9.371006583E0,-2.778222656E0,3.867507477E0,-8.633746033E0
9.381053583E0,-2.762655029E0,3.868106232E0,-8.625513153E0
9.391099583E0,-2.745889893E0,3.865112457E0,-8.623716888E0
9.401145583E0,-2.719844055E0,3.856879578E0,-8.606352997E0
9.411191583E0,-2.684667206E0,3.864813080E0,-8.596473541E0
9.421237583E0,-2.676284637E0,3.860322418E0,-8.587641907E0
9.431284583E0,-2.671943665E0,3.869303741E0,-8.593030701E0
9.441330583E0,-2.703677673E0,3.853436737E0,-8.635542297E0
9.451376583E0,-2.681673431E0,3.844455414E0,-8.635392609E0
9.461422583E0,-2.674188995E0,3.805536346E0,-8.627758484E0
9.471468250E0,-2.697989502E0,3.819307709E0,-8.607101440E0
9.481514250E0,-2.685415649E0,3.839665375E0,-8.612190857E0
9.491561250E0,-2.716401215E0,3.839964752E0,-8.634494476E0
9.501607250E0,-2.722538452E0,3.804488525E0,-8.619974670E0
9.511653250E0,-2.718047791E0,3.813918915E0,-8.633596344E0
9.521699250E0,-2.774480438E0,3.822002106E0,-8.630602570E0
9.531745250E0,-2.822829895E0,3.822151794E0,-8.634195099E0
9.541792250E0,-2.774779816E0,3.864962769E0,-8.603359222E0
9.551838250E0,-2.765199738E0,3.872147827E0,-8.635093231E0
9.561884250E0,-2.847079468E0,3.854334869E0,-8.670868835E0
9.571930250E0,-2.784210205E0,3.806135101E0,-8.598419495E0
9.581976250E0,-2.770738220E0,3.854634247E0,-8.579858093E0
9.592023250E0,-2.796634369E0,3.886817322E0,-8.646619263E0
9.602069250E0,-2.815794525E0,3.837420044E0,-8.669671326E0
9.612115250E0,-2.796484680E0,3.828588409E0,-8.646619263E0
9.622161250E0,-2.770588531E0,3.816164246E0,-8.601413269E0
9.632207250E0,-2.804867249E0,3.809577942E0,-8.632997589E0
9.642254250E0,-2.762355652E0,3.841761017E0,-8.625662842E0
9.652300250E0,-2.757415924E0,3.836970978E0,-8.629854126E0
9.662346250E0,-2.780318298E0,3.840413818E0,-8.650062103E0
9.672392250E0,-2.724783783E0,3.847299500E0,-8.615933075E0
9.682438250E0,-2.730771332E0,3.838767242E0,-8.611741791E0
9.692485250E0,-2.750979309E0,3.844605103E0,-8.644822998E0
9.702531250E0,-2.726280670E0,3.825744324E0,-8.606652374E0
9.712577250E0,-2.695594482E0,3.830085297E0,-8.609496460E0
9.722623250E0,-2.711760864E0,3.836222534E0,-8.623866577E0
9.732669250E0,-2.747087402E0,3.820954285E0,-8.619675293E0
9.742716250E0,-2.893932037E0,3.844006348E0,-8.680448914E0
9.752762250E0,-2.570454712E0,3.806284790E0,-8.563991089E0
9.762808250E0,-2.881657562E0,3.812122650E0,-8.533903656E0
9.772854250E0,-2.791994019E0,3.902983704E0,-8.711284790E0
9.782900250E0,-2.620600433E0,3.847898254E0,-8.607999573E0
9.792946250E0,-2.757415924E0,3.814068604E0,-8.566535797E0
9.802993250E0,-2.762505341E0,3.848197632E0,-8.706045685E0
9.813039250E0,-2.668201447E0,3.805536346E0,-8.701854401E0
9.823085250E0,-2.773432617E0,3.803590393E0,-8.581804047E0
9.833131250E0,-2.744842072E0,3.862717438E0,-8.659642181E0
9.843177250E0,-2.700983276E0,3.824247437E0,-8.646768951E0
9.853224250E0,-2.713108063E0,3.820804596E0,-8.556955719E0
9.863270250E0,-2.748284912E0,3.867058411E0,-8.644373932E0
9.873316250E0,-2.760709076E0,3.885619812E0,-8.639733582E0
9.883362250E0,-2.734064484E0,3.853885803E0,-8.581205292E0
9.893408250E0,-2.784210205E0,3.830534363E0,-8.658594360E0
9.903455250E0,-2.784958649E0,3.850742340E0,-8.645571442E0
9.913501250E0,-2.714155884E0,3.821253662E0,-8.614735565E0
9.923547250E0,-2.743195496E0,3.719615021E0,-8.681347046E0
9.933593250E0,-2.916834412E0,3.864813080E0,-8.732690277E0
9.943639250E0,-2.659369812E0,3.713777161E0,-8.632997589E0
9.953686250E0,-2.851121063E0,3.792513428E0,-8.485254822E0
9.963732250E0,-2.745141449E0,3.858675842E0,-8.532107391E0
9.973778250E0,-2.834056549E0,3.906576233E0,-8.665480042E0
9.983824250E0,-2.730172577E0,3.878135376E0,-8.802295532E0
9.993870250E0,-2.648891602E0,3.845353546E0,-8.478219452E0
1.000391725E1,-2.714754639E0,3.821403351E0,-8.534053345E0
1.001396325E1,-2.835852814E0,3.812272339E0,-8.843010864E0
1.002400925E1,-2.716401215E0,3.967200165E0,-8.540939026E0
1.003405525E1,-2.710413666E0,3.856879578E0,-8.559051361E0
1.004410125E1,-2.906655579E0,3.788771210E0,-8.712781677E0
1.005414725E1,-2.467468872E0,3.822002106E0,-8.459358673E0
1.006419425E1,-2.870580597E0,3.840862885E0,-8.715625763E0
1.007424025E1,-2.756218414E0,3.899091797E0,-8.708291016E0
1.008428625E1,-2.619103546E0,3.770958252E0,-8.399034119E0
1.009433225E1,-2.770738220E0,3.845802612E0,-8.661438446E0
1.010437825E1,-2.730022888E0,3.886218567E0,-8.646768951E0
1.011442525E1,-2.728825378E0,3.855382690E0,-8.654552765E0
1.012447125E1,-2.744692383E0,3.864513702E0,-8.593629456E0
1.013451725E1,-2.755919037E0,3.897295532E0,-8.510103149E0
1.014456325E1,-2.747835846E0,3.895499268E0,-8.661887512E0
1.015460925E1,-2.722987518E0,3.864813080E0,-8.605754242E0
1.016465625E1,-2.746788025E0,3.831731873E0,-8.599916382E0
1.017470225E1,-2.783312073E0,3.908821564E0,-8.652307434E0
1.018474825E1,-2.734513550E0,3.863316193E0,-8.661438446E0
1.019479425E1,-2.753973083E0,3.752696228E0,-8.610095215E0
1.020484025E1,-2.851270752E0,3.848646698E0,-8.593180389E0
1.021488725E1,-2.754721527E0,3.897594910E0,-8.707991638E0
1.022493325E1,-2.733914795E0,3.904181213E0,-8.579558716E0
1.023497925E1,-2.796784058E0,3.970044250E0,-8.434360657E0
1.024502525E1,-2.710713043E0,3.889960785E0,-8.473878479E0
1.025507125E1,-2.816243591E0,3.985013123E0,-8.686286774E0
1.026511725E1,-2.731070709E0,3.991000671E0,-8.655450897E0
1.027516425E1,-2.795885925E0,3.946094055E0,-8.533304901E0
1.028521025E1,-2.833308105E0,3.985013123E0,-8.581354980E0
1.029525625E1,-2.778821411E0,4.048331451E0,-8.489745483E0
1.030530225E1,-2.774779816E0,4.062402191E0,-8.521030426E0
1.031534825E1,-2.839595032E0,4.114942932E0,-8.493637390E0
1.032539525E1,-2.824027405E0,4.203858032E0,-8.356971588E0
1.033544125E1,-2.827320557E0,4.246818695E0,-8.384065247E0
1.034548725E1,-2.828069000E0,4.339625702E0,-8.371491394E0
1.035553325E1,-2.804567871E0,4.409680023E0,-8.308771820E0
1.036557925E1,-2.863395538E0,4.448449402E0,-8.421936493E0
1.037562625E1,-2.817740479E0,4.520749054E0,-8.348589020E0
1.038567225E1,-2.847229156E0,4.530478821E0,-8.248596954E0
1.039571825E1,-2.876717834E0,4.575684814E0,-8.233328705E0
1.040576425E1,-2.928210754E0,4.674629059E0,-8.228838043E0
1.041581025E1,-2.909799042E0,4.728367310E0,-8.231233063E0
1.042585625E1,-2.839894409E0,4.710704041E0,-8.160430298E0
1.043590325E1,-2.883902893E0,4.709805908E0,-8.194259949E0
1.044594925E1,-2.908900909E0,4.724475403E0,-8.297844543E0
1.045599525E1,-2.864742737E0,4.692442017E0,-8.233478394E0
1.046604125E1,-2.876418457E0,4.632416840E0,-8.188422089E0
1.047608746E1,-2.886597290E0,4.635111237E0,-8.257578278E0
1.048613446E1,-2.873274994E0,4.602179718E0,-8.275391235E0
1.049618046E1,-2.855761414E0,4.529431000E0,-8.231682129E0
1.050622646E1,-2.880759430E0,4.466711426E0,-8.234376526E0
1.051627246E1,-2.888842621E0,4.546944580E0,-8.265960846E0
1.052631846E1,-2.872676239E0,4.590503998E0,-8.279133453E0
1.053636546E1,-2.876568146E0,4.603526917E0,-8.256081390E0
1.054641146E1,-2.916834412E0,4.685855713E0,-8.228538666E0
1.055645746E1,-2.950963440E0,4.747377777E0,-8.079897766E0
1.056650346E1,-2.915038147E0,4.832700348E0,-8.162376251E0
1.057654946E1,-2.926414490E0,4.854405212E0,-8.112829285E0
1.058659646E1,-2.950065308E0,4.984035645E0,-8.039032745E0
1.059664246E1,-2.918480988E0,5.035079498E0,-8.036937103E0
1.060668846E1,-2.931803284E0,5.111420746E0,-8.039481812E0
1.061673446E1,-2.930456085E0,5.125192108E0,-7.981552277E0
1.062678046E1,-2.962639160E0,5.136418762E0,-7.988737335E0
1.063682646E1,-2.983146515E0,5.194348297E0,-8.000712433E0
1.064687346E1,-2.950963440E0,5.190157013E0,-7.995024261E0
1.065691946E1,-2.953957214E0,5.157524872E0,-7.972421265E0
1.066696546E1,-2.972368927E0,5.130880280E0,-7.964787140E0
1.067701146E1,-2.948269043E0,5.141508179E0,-7.975714417E0
1.068705746E1,-2.918780365E0,5.123395844E0,-7.944279785E0
1.069710446E1,-2.932102661E0,5.045707397E0,-7.990234222E0
1.070715046E1,-2.943928070E0,5.072651367E0,-8.025860138E0
1.071719646E1,-2.915936279E0,5.115312653E0,-7.976612549E0
1.072724246E1,-2.899021454E0,5.019062805E0,-7.948620758E0
1.073728846E1,-2.916984100E0,5.044060822E0,-8.007298737E0
1.074733546E1,-2.873125305E0,5.052443390E0,-8.058641968E0
1.075738146E1,-2.893632660E0,5.021906891E0,-8.039631500E0
1.076742746E1,-2.908601532E0,4.997058563E0,-8.023465118E0
1.077747346E1,-2.898422699E0,5.000800781E0,-8.019722900E0
1.078751946E1,-2.887944489E0,5.040168915E0,-8.012986908E0
1.079756546E1,-2.880460052E0,5.021008759E0,-8.032596130E0
1.080761246E1,-2.916684723E0,5.011877747E0,-8.055947571E0
1.081765846E1,-2.924767914E0,5.001399536E0,-8.048912201E0
1.082770446E1,-2.935695190E0,4.954097900E0,-8.109386444E0
1.083775046E1,-2.914589081E0,4.939877472E0,-8.110134888E0
1.084779646E1,-2.893782349E0,4.911137238E0,-8.038433990E0
1.085784346E1,-2.938688965E0,4.906646576E0,-8.032895508E0
1.086788946E1,-2.950664062E0,4.938230896E0,-8.167315979E0
1.087793546E1,-2.970123596E0,4.912783813E0,-8.148155823E0
1.088798146E1,-2.929108887E0,4.826413422E0,-8.079299011E0
1.089802746E1,-2.979553986E0,4.812043304E0,-8.163274384E0
1.090807446E1,-2.961890717E0,4.886588287E0,-8.191116486E0
1.091812046E1,-2.949167175E0,4.823719025E0,-8.202193451E0
1.092816646E1,-2.945724335E0,4.793781281E0,-8.165220337E0
1.093821246E1,-2.883304138E0,4.813689880E0,-8.096513214E0
1.094825846E1,-2.932851105E0,4.865033112E0,-8.105045471E0
1.095830446E1,-2.941533051E0,4.838837585E0,-8.171656952E0
1.096835146E1,-2.905907135E0,4.756059723E0,-8.147407379E0
1.097839746E1,-2.876119080E0,4.747377777E0,-8.051905975E0
1.098844346E1,-2.871628418E0,4.821773071E0,-8.144114227E0
1.099848946E1,-2.935844879E0,4.804409180E0,-8.241860962E0
1.100853546E1,-2.938239899E0,4.761897583E0,-8.237819366E0
1.101858246E1,-2.871329041E0,4.783752136E0,-8.134534149E0
1.102862846E1,-2.879861298E0,4.749772797E0,-8.106991425E0
1.103867446E1,-2.835104370E0,4.708159332E0,-8.228388977E0
1.104872046E1,-2.841091919E0,4.740641785E0,-8.196505280E0
1.105876646E1,-2.846331024E0,4.780309296E0,-8.132139130E0
1.106881346E1,-2.724933472E0,4.739444275E0,-8.099057922E0
1.107885946E1,-2.763852539E0,4.729415131E0,-8.061635742E0
1.108890546E1,-2.899620209E0,4.820725250E0,-8.139623566E0
1.109895146E1,-2.815345459E0,4.888983307E0,-8.252937927E0
1.110899746E1,-2.848127289E0,4.893473969E0,-8.241711273E0
1.111904346E1,-2.885848846E0,4.849764862E0,-8.166567535E0
1.112909046E1,-2.917582855E0,4.785698090E0,-8.133935394E0
1.113913646E1,-2.843936005E0,4.721032562E0,-8.080646210E0
1.114918246E1,-2.884351959E0,4.757855988E0,-8.197553101E0
1.115922846E1,-2.914439392E0,4.776866455E0,-8.234526215E0
1.116927446E1,-2.906206512E0,4.721331940E0,-8.186625824E0
1.117932146E1,-2.918780365E0,4.681963806E0,-8.189769287E0
1.118936746E1,-2.890189819E0,4.745880890E0,-8.121511230E0
1.119941346E1,-2.890040131E0,4.780758362E0,-8.161627808E0
1.120945946E1,-2.869233398E0,4.702022095E0,-8.147257690E0
1.121950546E1,-2.895129547E0,4.747377777E0,-8.075407104E0
1.122955146E1,-2.843037872E0,4.763993225E0,-8.209228821E0
1.123959846E1,-2.910996552E0,4.841082916E0,-8.215665436E0
1.124964446E1,-2.885399780E0,4.927153931E0,-8.174800415E0
1.125969046E1,-2.856659546E0,4.708159332E0,-8.218359833E0
1.126973646E1,-2.856659546E0,4.633015594E0,-8.216563568E0
1.127978246E1,-2.798580322E0,4.797074432E0,-8.171207886E0
1.128982946E1,-2.824326782E0,4.831951904E0,-8.171956329E0
1.129987546E1,-2.910996552E0,4.724325714E0,-8.255632324E0
1.130992146E1,-2.834056549E0,4.615352325E0,-8.049960022E0
1.131996746E1,-2.771037598E0,4.693040771E0,-7.961344299E0
1.133001346E1,-2.900817719E0,4.785099335E0,-8.160130920E0
1.134005946E1,-2.957699432E0,4.838089142E0,-8.236921234E0
1.135010646E1,-2.847678223E0,4.787793732E0,-8.172704773E0
1.136015246E1,-2.745740204E0,4.840035095E0,-8.001311188E0
1.137019846E1,-2.891087952E0,4.900509338E0,-8.057145081E0
1.138024446E1,-2.934198303E0,4.764591980E0,-8.329877930E0
1.139029046E1,-2.853965149E0,4.641248474E0,-8.348589020E0
1.140033746E1,-2.743644562E0,4.620741119E0,-8.148155823E0
1.141038346E1,-2.934497681E0,5.115312653E0,-8.158634033E0
1.142042946E1,-3.028502197E0,5.164709930E0,-8.113128662E0
1.143047546E1,-2.689756622E0,4.240531769E0,-8.059689789E0
1.144052146E1,-2.619402924E0,4.159400482E0,-7.863896942E0
1.145056746E1,-2.885399780E0,5.881718903E0,-8.009544067E0
1.146061446E1,-3.005150757E0,4.911586304E0,-8.611741791E0
1.147066046E1,-3.490291901E0,4.417314148E0,-8.836125183E0
1.148070596E1,-2.293231201E0,4.635859680E0,-7.544760590E0
1.149075196E1,-2.541415100E0,5.333109741E0,-7.414681091E0
1.150079796E1,-3.829187164E0,5.392835541E0,-8.819210358E0
1.151084496E1,-3.360062714E0,5.263803864E0,-8.512498169E0
1.152089096E1,-2.110012207E0,4.828808441E0,-7.903714142E0
1.153093696E1,-2.532284088E0,3.496129761E0,-7.818990326E0
1.154098296E1,-2.785108337E0,3.517684937E0,-8.559500427E0
1.155102896E1,-2.086960144E0,3.439098358E0,-8.170758820E0
1.156107496E1,-2.835254059E0,3.744762726E0,-8.218808899E0
1.157112196E1,-3.091820526E0,3.902534637E0,-9.544452209E0
1.158116796E1,-2.417622528E0,4.714745636E0,-8.862470398E0
1.159121396E1,-2.426154785E0,5.008285217E0,-7.901319122E0
1.160125996E1,-3.357667694E0,4.691843262E0,-8.395142212E0
1.161130596E1,-2.950664062E0,4.574187927E0,-8.544681244E0
1.162135296E1,-2.098785553E0,4.171375580E0,-8.205037537E0
1.163139896E1,-2.866539001E0,4.187541962E0,-7.958200836E0
1.164144496E1,-3.164569244E0,4.366120605E0,-7.844736786E0
1.165149096E1,-3.183879089E0,4.472698975E0,-8.364905090E0
1.166153696E1,-2.978655853E0,4.662803650E0,-8.943002930E0
1.167158296E1,-2.665656738E0,4.651277618E0,-8.432714081E0
1.168162996E1,-2.702180786E0,4.372856598E0,-7.916287994E0
1.169167596E1,-3.091072083E0,4.436324615E0,-8.084089050E0
1.170172196E1,-3.024610291E0,4.999603271E0,-8.370443573E0
1.171176796E1,-2.509381714E0,4.863386536E0,-8.299341431E0
1.172181396E1,-2.781366119E0,4.393214264E0,-8.190667419E0
1.173186096E1,-2.956052856E0,4.530478821E0,-8.129744110E0
1.174190696E1,-2.897973633E0,4.654570770E0,-8.148006134E0
1.175195296E1,-2.984493713E0,4.369563446E0,-8.289761353E0
1.176199896E1,-2.823578339E0,4.480632477E0,-8.321495361E0
1.177204496E1,-2.737357635E0,4.661306763E0,-8.398734741E0
1.178209096E1,-3.060685272E0,4.775070190E0,-8.367898865E0
1.179213796E1,-2.967129822E0,4.779261475E0,-8.148904266E0
1.180218396E1,-2.833308105E0,4.788691864E0,-7.971672821E0
1.181222996E1,-2.684068451E0,4.525389404E0,-7.850724335E0
1.182227596E1,-2.827919312E0,4.496649170E0,-8.111332397E0
1.183232196E1,-2.865191803E0,4.823419647E0,-8.477770386E0
1.184236896E1,-2.909349976E0,4.795278168E0,-8.350684662E0
1.185241496E1,-3.035687256E0,4.641847229E0,-8.192014618E0
1.186246096E1,-2.710563354E0,4.693938904E0,-8.020321655E0
1.187250696E1,-2.635120239E0,4.672084351E0,-8.462352448E0
1.188255296E1,-2.924618225E0,4.413122864E0,-9.506580963E0
1.189259896E1,-3.017724609E0,4.558919678E0,-8.542585602E0
1.190264596E1,-2.646346893E0,4.458628235E0,-7.250472565E0
1.191269196E1,-2.816393280E0,4.503684540E0,-7.482041016E0
1.192273796E1,-2.746937714E0,5.067262573E0,-7.704029388E0
1.193278396E1,-2.887196045E0,5.078189850E0,-8.237669678E0
1.194282996E1,-3.224594421E0,4.841082916E0,-8.872948608E0
1.195287596E1,-2.895129547E0,4.765490112E0,-8.215815125E0
1.196292296E1,-2.845133514E0,4.415368195E0,-8.176147614E0
1.197296896E1,-2.875071259E0,4.339925079E0,-8.061036987E0
1.198301496E1,-2.833008728E0,4.644990692E0,-7.834557953E0
1.199306096E1,-3.056344299E0,4.691992950E0,-8.359815674E0
1.200310696E1,-3.090173950E0,4.907095642E0,-8.233478394E0
1.201315396E1,-2.694846039E0,5.046904907E0,-7.877967682E0
1.202319996E1,-2.747985535E0,4.659360809E0,-7.984995117E0
1.203324596E1,-3.206482086E0,4.453688507E0,-8.124804382E0
1.204329196E1,-2.833906860E0,4.862338715E0,-8.354277191E0
1.205333796E1,-2.859503632E0,4.877157898E0,-8.722960510E0
1.206338396E1,-3.012335815E0,4.427343292E0,-8.320148163E0
1.207343096E1,-2.762205963E0,3.925137634E0,-7.780819702E0
1.208347696E1,-2.675536194E0,4.023632812E0,-7.942782898E0
1.209352296E1,-2.716401215E0,4.101470947E0,-8.506660309E0
1.210356896E1,-2.705324249E0,3.499572601E0,-8.719667358E0
1.211361496E1,-2.783162384E0,3.579805756E0,-8.550519104E0
1.212366096E1,-2.547103271E0,3.808679810E0,-8.122259674E0
1.213370796E1,-2.826123047E0,3.910019073E0,-8.541837158E0
1.214375396E1,-3.101400604E0,3.963308258E0,-9.768236847E0
1.215379996E1,-2.523901520E0,3.630849609E0,-9.451645203E0
1.216384596E1,-2.934797058E0,3.557502136E0,-8.142168274E0
1.217389196E1,-2.987487488E0,4.023483124E0,-7.747888184E0
1.218393896E1,-2.694396973E0,4.230352936E0,-7.795040131E0
1.219398496E1,-2.987786865E0,4.104315033E0,-8.361611938E0
1.220403096E1,-2.784359894E0,4.008663940E0,-8.695118408E0
1.221407696E1,-2.661465454E0,3.707340546E0,-8.545429688E0
1.222412296E1,-3.248095551E0,3.564986572E0,-8.844956818E0
1.223416896E1,-2.846929779E0,3.727698212E0,-8.417445831E0
1.224421596E1,-2.952460327E0,3.960913239E0,-8.480165405E0
1.225426196E1,-3.340004425E0,4.278552704E0,-9.298363953E0
1.226430796E1,-2.805765381E0,4.163292389E0,-8.963360596E0
1.227435396E1,-2.822680206E0,3.577410736E0,-7.984246674E0
1.228439996E1,-2.987038422E0,3.565136261E0,-7.804470520E0
1.229444596E1,-2.884052582E0,3.678450623E0,-8.210426331E0
1.230449296E1,-2.950963440E0,4.024081879E0,-8.430917816E0
1.231453896E1,-2.768642578E0,4.260889435E0,-8.479416962E0
1.232458496E1,-2.961142273E0,3.847000122E0,-8.831484833E0
1.233463096E1,-3.021317139E0,3.727847900E0,-8.762478333E0
1.234467696E1,-2.697690125E0,3.779490509E0,-8.547225952E0
1.235472396E1,-2.870730286E0,3.756588135E0,-8.605754242E0
1.236476996E1,-2.907404022E0,4.055516510E0,-8.062234497E0
1.237481596E1,-2.638263702E0,4.160897369E0,-7.895930328E0
1.238486196E1,-2.915936279E0,3.963907013E0,-8.307873688E0
1.239490796E1,-2.955903168E0,3.868255920E0,-8.227939911E0
1.240495396E1,-2.676584015E0,3.725303192E0,-8.355325012E0
1.241500096E1,-3.140169983E0,3.680546265E0,-8.876391449E0
1.242504696E1,-3.236719208E0,4.028123474E0,-8.538993073E0
1.243509296E1,-2.799927521E0,4.164639587E0,-8.168962555E0
1.244513896E1,-2.969375153E0,3.936064911E0,-8.396639099E0
1.245518496E1,-2.990481262E0,3.948489075E0,-8.047415314E0
1.246523096E1,-2.821931763E0,3.950135651E0,-8.043224030E0
1.247527833E1,-2.925666046E0,3.825295258E0,-8.522377625E0
1.248532433E1,-3.039728851E0,3.895199890E0,-8.427025909E0
1.249537033E1,-3.105741577E0,4.119134216E0,-8.447233887E0
1.250541633E1,-3.106789398E0,4.209246826E0,-8.558602295E0
1.251546233E1,-3.044518890E0,3.908073120E0,-8.411607971E0
1.252550833E1,-3.128494263E0,3.707939301E0,-8.327183533E0
1.253555533E1,-3.125799866E0,3.918850708E0,-8.219257965E0
1.254560133E1,-3.109184418E0,3.988455963E0,-8.238268433E0
1.255564733E1,-3.172053680E0,3.892954559E0,-8.151748352E0
1.256569333E1,-3.113076324E0,3.804338837E0,-7.868537292E0
1.257573933E1,-3.237916718E0,3.814218292E0,-8.264164581E0
1.258578633E1,-3.357817383E0,3.971391449E0,-8.758137360E0
1.259583233E1,-3.231330414E0,4.128863983E0,-8.738378448E0
1.260587833E1,-3.056194611E0,3.926035767E0,-8.938063202E0
1.261592433E1,-3.054697723E0,3.802841949E0,-8.551866302E0
1.262597033E1,-3.027304688E0,4.042493591E0,-8.255183258E0
1.263601633E1,-3.129093018E0,4.426744537E0,-9.036558380E0
1.264606333E1,-2.555186462E0,4.140839081E0,-8.099057922E0
1.265610933E1,-2.474653931E0,2.966381378E0,-7.651638336E0
1.266615533E1,-3.107088776E0,2.886746979E0,-8.105195160E0
1.267620133E1,-3.169808350E0,3.768563232E0,-7.644902344E0
1.268624733E1,-3.075205078E0,3.997886353E0,-8.328680420E0
1.269629333E1,-3.157533875E0,4.203858032E0,-8.706045685E0
1.270634033E1,-3.335364075E0,4.145778809E0,-8.058492279E0
1.271638633E1,-3.291804657E0,3.848646698E0,-8.425379333E0
1.272643233E1,-3.408711548E0,3.872297516E0,-8.590935059E0
1.273647833E1,-3.336860962E0,3.917204132E0,-8.077203369E0
1.274652433E1,-3.251089325E0,3.978576508E0,-7.984695740E0
1.275657033E1,-3.471131744E0,4.115841064E0,-8.385861511E0
1.276661733E1,-3.431164856E0,3.966451721E0,-8.406069489E0
1.277666333E1,-3.266507263E0,3.890260162E0,-8.194259949E0
1.278670933E1,-3.282823334E0,3.820505219E0,-8.405620422E0
1.279675533E1,-3.090623016E0,3.942202148E0,-8.466094666E0
1.280680133E1,-3.115770721E0,3.729195099E0,-8.119714966E0
1.281684733E1,-3.168461151E0,3.378624115E0,-8.071066132E0
1.282689433E1,-3.156336365E0,3.577111359E0,-7.908504181E0
1.283694033E1,-3.325484619E0,3.979774017E0,-8.156837769E0
1.284698633E1,-3.158282318E0,3.891457672E0,-8.570278015E0
1.285703233E1,-3.258573761E0,3.597618713E0,-8.163873138E0
1.286707833E1,-3.516038361E0,4.040847015E0,-7.971074066E0
1.287712433E1,-3.622616730E0,5.405409393E0,-8.362959137E0
1.288717133E1,-2.415227509E0,4.603526917E0,-8.571774902E0
1.289721733E1,-3.316503296E0,3.683540039E0,-8.147706757E0
1.290726333E1,-2.828967133E0,2.975961456E0,-7.547604675E0
1.291730933E1,-2.939587097E0,2.666704559E0,-8.013735352E0
1.292735533E1,-3.707041168E0,3.262315979E0,-8.585246887E0
1.293740133E1,-3.275787964E0,4.024231567E0,-8.201894073E0
1.294744833E1,-2.997816010E0,3.960015106E0,-8.433612213E0
1.295749433E1,-3.512146454E0,3.642076263E0,-8.175848236E0
1.296754033E1,-3.501069489E0,3.765270081E0,-7.650590515E0
1.297758633E1,-3.208128662E0,3.847748566E0,-8.229736176E0
1.298763233E1,-3.434308319E0,3.821403351E0,-8.568332062E0
1.299767833E1,-3.516487427E0,3.884422302E0,-8.386759644E0
1.300772533E1,-3.340902557E0,3.981121216E0,-8.243058472E0
1.301777133E1,-3.425925751E0,3.615731049E0,-8.230484619E0
1.302781733E1,-3.356320496E0,3.318748627E0,-7.927065582E0
1.303786333E1,-3.296894073E0,3.441194000E0,-7.945177917E0
1.304790933E1,-3.517834625E0,3.618425446E0,-8.159681854E0
1.305795533E1,-3.629203033E0,3.827540588E0,-8.298892365E0
1.306800233E1,-3.533701630E0,4.050876160E0,-8.566685486E0
1.307804833E1,-3.521277466E0,3.850592651E0,-8.574020233E0
1.308809433E1,-3.531905365E0,3.488645325E0,-8.234526215E0
1.309814033E1,-3.273243256E0,3.286415863E0,-7.767347717E0
1.310818633E1,-3.188369751E0,3.233875122E0,-7.633076935E0
1.311823233E1,-3.102897491E0,3.307222595E0,-7.827971649E0
1.312827933E1,-3.246299286E0,3.729344788E0,-8.293952637E0
1.313832533E1,-3.165317688E0,3.609893188E0,-8.900641022E0
1.314837133E1,-3.044668579E0,3.097209320E0,-8.510103149E0
1.315841733E1,-3.335663452E0,3.149750061E0,-7.874824219E0
1.316846333E1,-3.336112518E0,3.512296143E0,-7.815697174E0
1.317850933E1,-3.411106567E0,3.637884979E0,-7.945177917E0
1.318855633E1,-3.489094391E0,3.518134003E0,-8.295299835E0
1.319860233E1,-3.709885254E0,3.449875946E0,-8.558602295E0
1.320864833E1,-3.914958801E0,3.468736725E0,-8.368048553E0
1.321869433E1,-3.600612488E0,3.625460815E0,-8.139623566E0
1.322874033E1,-3.636687469E0,3.546724548E0,-8.274193726E0
1.323878633E1,-3.940854950E0,3.506458282E0,-8.197553101E0
1.324883333E1,-3.405717773E0,3.234773254E0,-7.954308929E0
1.325887933E1,-3.571722565E0,3.040177917E0,-8.059839478E0
1.326892533E1,-4.072730713E0,3.172652435E0,-8.219707031E0
1.327897133E1,-4.024680634E0,3.312012634E0,-8.381819916E0
1.328901733E1,-3.776945801E0,3.337459717E0,-8.522677002E0
1.329906333E1,-3.383713531E0,3.851191406E0,-8.387059021E0
1.330910933E1,-4.217330017E0,3.289259949E0,-7.341183929E0
1.331915633E1,-3.518583069E0,3.060236206E0,-8.275690613E0
1.332920233E1,-3.774850159E0,2.899320831E0,-8.609646149E0
1.333924833E1,-3.520529022E0,2.944377136E0,-8.147257690E0
1.334929433E1,-3.755390625E0,3.082240448E0,-8.064629517E0
1.335934033E1,-3.773952026E0,3.425925751E0,-8.086334381E0
1.336938633E1,-3.352578278E0,3.068469086E0,-7.856562195E0
1.337943333E1,-3.645369415E0,2.953358459E0,-7.682474213E0
1.338947933E1,-3.977828064E0,3.249442749E0,-7.806715851E0
1.339952533E1,-4.375251617E0,3.326233063E0,-8.538843384E0
1.340957133E1,-3.900438995E0,3.116519165E0,-8.819210358E0
1.341961733E1,-3.658242645E0,3.218457184E0,-8.349786530E0
1.342966333E1,-4.582271118E0,2.728825378E0,-8.103249207E0
1.343971033E1,-4.099225616E0,2.957699432E0,-8.281079407E0
1.344975633E1,-3.625311127E0,2.893632660E0,-7.817044373E0
1.345980233E1,-3.986360321E0,2.830014954E0,-7.881709900E0
1.346984833E1,-4.036805420E0,3.165916443E0,-8.533604279E0
1.347989488E1,-3.567531281E0,3.302133179E0,-8.168663177E0
1.348994088E1,-3.496129761E0,3.110980682E0,-8.031697998E0
1.349998787E1,-3.774700470E0,2.996319122E0,-8.280031586E0
1.351003388E1,-3.501219177E0,2.918480988E0,-8.108039246E0
1.352007988E1,-3.521576843E0,2.731070709E0,-7.915090485E0
1.353012588E1,-4.010460205E0,2.844983826E0,-7.929610291E0
1.354017188E1,-4.364623718E0,2.986140289E0,-8.082741852E0
1.355021788E1,-4.355043640E0,2.868335266E0,-8.370593262E0
1.356026388E1,-4.931195526E0,3.003653870E0,-8.524622955E0
1.357031088E1,-3.657793579E0,3.436403961E0,-8.830886078E0
1.358035688E1,-3.346590729E0,3.522325287E0,-8.654552765E0
1.359040287E1,-5.859115906E0,2.160756683E0,-8.157885590E0
1.360044887E1,-4.683311005E0,2.741848297E0,-7.623047791E0
1.361049487E1,-4.079317017E0,2.625989227E0,-8.565937042E0
1.362054088E1,-4.560416565E0,2.607128448E0,-8.670270081E0
1.363058788E1,-4.222269745E0,2.765948181E0,-7.753276978E0
1.364063388E1,-3.650458832E0,2.787203979E0,-8.080197144E0
1.365067988E1,-3.698808289E0,2.570005646E0,-8.114176483E0
1.366072588E1,-4.088148651E0,2.536924438E0,-8.014783173E0
1.367077188E1,-4.195625153E0,2.809507599E0,-8.521778870E0
1.368081788E1,-4.398453369E0,3.044967957E0,-8.484356689E0
1.369086487E1,-4.809947662E0,3.013084259E0,-8.483308868E0
1.370091087E1,-4.640200653E0,2.611469421E0,-8.500822449E0
1.371095688E1,-4.862189026E0,2.697241058E0,-8.849896545E0
1.372100288E1,-4.547543335E0,3.113824768E0,-8.978329468E0
1.373104888E1,-4.393813019E0,3.162922668E0,-8.321645050E0
1.374109488E1,-4.678970032E0,2.222428436E0,-7.634873199E0
1.375114088E1,-4.165088654E0,2.366578674E0,-7.925269318E0
1.376118788E1,-4.459975433E0,2.504741364E0,-8.510252838E0
1.377123388E1,-4.206702118E0,2.738555145E0,-8.224197693E0
1.378127988E1,-4.535568237E0,3.042423248E0,-8.588540039E0
1.379132588E1,-4.591701508E0,2.983445892E0,-9.131461029E0
1.380137187E1,-4.299658813E0,2.611319733E0,-8.006400604E0
1.381141787E1,-4.227508850E0,1.861678619E0,-8.599467316E0
1.382146488E1,-5.711822205E0,2.617007904E0,-8.806037750E0
1.383151088E1,-4.471351776E0,2.645448761E0,-7.453450470E0
1.384155688E1,-4.343517609E0,2.050436096E0,-9.528285828E0
1.385160288E1,-5.803731079E0,2.915786591E0,-9.061406708E0
1.386164888E1,-4.828808441E0,2.465522919E0,-7.430248718E0
1.387169488E1,-4.338877258E0,2.237696686E0,-9.167086945E0
1.388174088E1,-5.474565582E0,3.087329865E0,-8.667725372E0
1.389178788E1,-4.266876984E0,3.003354492E0,-8.337512054E0
1.390183387E1,-3.608545990E0,2.048639832E0,-9.299860840E0
1.391187987E1,-4.614603882E0,2.446362762E0,-7.635322266E0
1.392192588E1,-4.274511108E0,2.606529694E0,-8.208181000E0
1.393197188E1,-3.547622681E0,1.939666443E0,-8.022716675E0
1.394201788E1,-4.300407257E0,2.472558289E0,-8.362360382E0
1.395206488E1,-5.941594391E0,3.045866089E0,-9.253756714E0
1.396211088E1,-4.688999176E0,2.457589417E0,-1.089674011E1
1.397215688E1,-5.355563049E0,2.655777283E0,-8.169561310E0
1.398220288E1,-5.201084290E0,2.615211639E0,-7.209457855E0
1.399224888E1,-4.408931580E0,3.042572937E0,-1.086485641E1
1.400229487E1,-5.746849365E0,2.822680206E0,-7.532186737E0
1.401234188E1,-4.510570221E0,2.426753540E0,-7.018155670E0
1.402238788E1,-5.497917023E0,2.480342102E0,-1.122051682E1
1.403243388E1,-4.887935486E0,2.962788849E0,-7.689958649E0
1.404247988E1,-4.083807678E0,1.643582153E0,-8.207582245E0
1.405252588E1,-5.547913055E0,2.437082062E0,-9.704768829E0
1.406257188E1,-3.965254211E0,2.912194061E0,-7.010072479E0
1.407261788E1,-5.483846283E0,1.943708038E0,-9.745633850E0
1.408266488E1,-5.681435394E0,2.863096161E0,-1.088955505E1
1.409271088E1,-4.798271942E0,2.790497131E0,-8.045169983E0
1.410275687E1,-5.057981873E0,2.395318909E0,-8.373287659E0
1.411280287E1,-5.664819946E0,2.855012970E0,-9.202413483E0
1.412284888E1,-5.000351715E0,2.713557129E0,-8.702602844E0
1.413289488E1,-4.214485931E0,2.727927246E0,-8.275241547E0
1.414294088E1,-4.792284393E0,2.479593658E0,-9.085057526E0
1.415298788E1,-5.627248077E0,2.995271301E0,-1.011820908E1
1.416303388E1,-4.882995758E0,2.894830170E0,-9.516161041E0
1.417307988E1,-3.961362305E0,2.352208557E0,-8.753646698E0
1.418312588E1,-4.786596222E0,3.179238739E0,-7.077432404E0
1.419317188E1,-5.155129852E0,3.062032471E0,-8.684490509E0
1.420321787E1,-5.147495728E0,2.643502808E0,-1.101155136E1
1.421326487E1,-4.267775116E0,2.897823944E0,-7.710316315E0
1.422331088E1,-4.541705475E0,2.888692932E0,-7.399562531E0
1.423335688E1,-5.485492859E0,3.233426056E0,-1.076606186E1
1.424340288E1,-4.513863373E0,3.256777496E0,-8.733139343E0
1.425344888E1,-3.460503845E0,2.815345459E0,-7.411088562E0
1.426349488E1,-4.536466370E0,3.059188385E0,-9.073531494E0
1.427354088E1,-4.853956146E0,3.347039795E0,-9.665849762E0
1.428358788E1,-4.687202911E0,2.719544678E0,-9.166039124E0
1.429363388E1,-4.403093719E0,2.489173737E0,-8.512198792E0
1.430367987E1,-5.096751251E0,2.829715576E0,-9.159602509E0
1.431372587E1,-5.513634338E0,2.750230865E0,-9.729617157E0
1.432377188E1,-5.804180145E0,3.604654083E0,-9.097781067E0
1.433381788E1,-4.886139221E0,3.442990265E0,-8.687484283E0
1.434386388E1,-3.141816559E0,2.733914795E0,-8.494685211E0
1.435391088E1,-3.086282043E0,2.427052917E0,-1.410786255E1
1.436395688E1,-8.110434265E0,3.610791321E0,-1.098430801E1
1.437400288E1,-1.571282501E0,2.001188507E0,-1.182540894E0
1.438404888E1,-2.189347229E0,2.600542145E0,-5.915398865E0
1.439409488E1,-5.146298218E0,4.439468079E0,-8.389454041E0
1.440414088E1,-3.937112732E0,5.286706238E0,-7.466772766E0
1.441418687E1,-1.101409607E0,2.074386292E0,-1.289523422E1
1.442423388E1,-3.324137421E0,2.535277863E0,-1.269914200E1
1.443427988E1,-4.556374969E0,2.764600983E0,-8.214018860E0
1.444432588E1,-3.674409027E0,1.581760712E0,-9.414223022E0
1.445437188E1,-4.666096802E0,2.882705383E0,-8.391849060E0
1.446441788E1,-4.283342743E0,3.222798157E0,-6.610403595E0
1.447446358E1,-6.845564575E0,4.254602509E0,-9.502239990E0
1.448451058E1,-2.076631622E0,5.134772186E0,-1.446651672E1
1.449455658E1,-8.749305725E-1,1.847757568E0,-1.381028137E1
1.450460258E1,-6.793622589E0,2.944377136E-1,-4.396657104E0
1.451464858E1,-3.760030975E0,4.568050690E0,-2.610870667E0
1.452469458E1,-2.797981567E0,2.036664734E0,-9.997559967E0
1.453474058E1,-5.364244995E0,3.724255371E0,-1.002570145E1
1.454478658E1,-3.883374481E0,4.643194427E0,-7.066505127E0
1.455483358E1,-3.858077087E0,2.788401489E0,-1.214424591E1
1.456487958E1,-3.051853638E0,3.902983704E0,-1.185609512E1
1.457492558E1,-3.374133453E0,3.748804321E0,-6.685996399E0
1.458497158E1,-4.224215698E0,2.218386841E0,-1.011865814E1
1.459501758E1,-4.583318939E0,3.979624329E0,-8.761280823E0
1.460506358E1,-3.104394379E0,3.772904205E0,-4.939877472E0
1.461510958E1,-4.250111847E0,3.214714966E0,-1.072714279E1
1.462515658E1,-3.748804321E0,3.731739807E0,-1.193947174E1
1.463520258E1,-3.254681854E0,2.472558289E0,-9.301657104E0
1.464524858E1,-4.650828552E0,1.796114960E0,-1.103954315E1
1.465529458E1,-4.409829712E0,3.230282593E0,-8.027955780E0
1.466534058E1,-3.099005585E0,2.988684998E0,-5.819448395E0
1.467538658E1,-3.787274323E0,2.947670288E0,-1.046279251E1
1.468543258E1,-3.691174164E0,4.065994720E0,-8.980125732E0
1.469547958E1,-3.002156982E0,3.246898041E0,-8.917555847E0
1.470552558E1,-3.914659424E0,3.074007568E0,-1.096095657E1
1.471557158E1,-3.095263367E0,3.238665161E0,-8.034841461E0
1.472561758E1,-3.837869110E0,3.271896057E0,-8.926088104E0
1.473566358E1,-4.645888824E0,4.983137512E0,-1.156165741E1
1.474570958E1,-3.397634583E0,6.543193359E0,-7.594606934E0
1.475575558E1,2.097438354E0,3.526815948E0,-8.154293060E0
1.476580258E1,-2.536475372E0,1.720821533E0,-1.108310257E1
1.477584858E1,-2.555186462E0,3.212469635E0,-7.350614319E0
1.478589458E1,-5.063819733E0,2.192490692E0,-7.641908569E0
1.479594058E1,-6.089636536E0,3.988455963E0,-1.048764084E1
1.480598658E1,-3.327729950E0,5.007536774E0,-6.146518250E0
1.481603258E1,-1.445843353E0,4.134552155E0,-8.136779480E0
1.482607858E1,-1.006506958E0,5.189857635E0,-1.124311981E1
1.483612558E1,-3.011737061E-1,3.526815948E0,-8.753646698E0
1.484617158E1,-2.135459290E0,1.626667328E0,-8.607400818E0
1.485621758E1,-9.638905792E0,6.402186584E0,-9.709708557E0
1.486626358E1,-1.527723083E0,5.487289124E0,-8.005053406E0
1.487630958E1,-1.043330383E0,2.676434326E0,-9.533075867E0
1.488635558E1,-4.802014160E-1,3.786675568E0,-1.135194351E1
1.489640158E1,1.471440125E-1,1.898052979E0,-8.550219727E0
1.490644858E1,-3.434008942E0,2.191592560E0,-7.777825928E0
1.491649458E1,-7.111561432E0,3.879931641E0,-8.764274597E0
1.492654058E1,-2.980003052E0,4.628375244E0,-6.098168793E0
1.493658658E1,-3.505709839E0,3.826193390E0,-8.651858368E0
1.494663258E1,-1.650916901E0,3.343147888E0,-1.177616135E1
1.495667858E1,-1.460812225E0,3.512894897E0,-8.641829224E0
1.496672458E1,-2.490520935E0,4.039948883E0,-8.306227112E0
1.497677158E1,-2.561772766E0,3.449576569E0,-9.237440643E0
1.498681758E1,-2.940634918E0,3.877686310E0,-7.856861572E0
1.499686358E1,-3.923041992E0,4.063150635E0,-9.577683105E0
1.500690958E1,-2.472109222E0,4.446952515E0,-9.376501465E0
1.501695558E1,-1.223106537E0,3.670068054E0,-9.076375580E0
1.502700158E1,-2.804268494E0,3.395538940E0,-1.010234207E1
1.503704758E1,-2.525697784E0,3.868854675E0,-8.003556519E0
1.504709458E1,-2.556982727E0,2.928061066E0,-7.885003052E0
1.505714058E1,-3.511697388E0,3.682342529E0,-9.283694458E0
1.506718658E1,-1.908381500E0,4.038302307E0,-8.086783447E0
1.507723258E1,-2.816842346E0,3.700305176E0,-8.885971527E0
1.508727858E1,-2.740201721E0,4.368365936E0,-9.300758972E0
1.509732458E1,-2.357597351E0,3.481160889E0,-8.919352112E0
1.510737058E1,-3.212619324E0,3.849245453E0,-9.049581299E0
1.511741658E1,-2.715054016E0,4.922812958E0,-7.903115387E0
1.512746358E1,-2.644251251E0,4.674329681E0,-8.167765045E0
1.513750958E1,-2.840792542E0,4.886288910E0,-9.010961609E0
1.514755558E1,-2.681972809E0,5.226980438E0,-7.992180176E0
1.515760158E1,-3.007695465E0,4.494553528E0,-8.839118958E0
1.516764758E1,-3.507655792E0,4.434528351E0,-9.094338226E0
1.517769358E1,-3.353626099E0,4.787943420E0,-8.264164581E0
1.518773958E1,-3.688330078E0,5.309009857E0,-8.718020782E0
1.519778658E1,-3.628005524E0,5.640720062E0,-8.118816833E0
1.520783258E1,-3.382516022E0,5.258115692E0,-8.422834625E0
1.521787858E1,-3.879781952E0,4.996010742E0,-8.579259338E0
1.522792458E1,-3.277584229E0,5.302124176E0,-7.805817719E0
1.523797058E1,-3.290756836E0,5.397775269E0,-8.109386444E0
1.524801658E1,-3.176843719E0,5.324278107E0,-8.183931427E0
1.525806258E1,-3.419339447E0,5.590274963E0,-8.130342865E0
1.526810958E1,-3.044967957E0,5.579048309E0,-7.828121338E0
1.527815558E1,-3.184328156E0,5.906118164E0,-8.102201385E0
1.528820158E1,-2.746338959E0,5.765560455E0,-8.547675018E0
1.529824758E1,-3.039579163E0,5.714666290E0,-7.604785767E0
1.530829358E1,-3.123404846E0,5.607788544E0,-7.295229492E0
1.531833958E1,-3.390599213E0,6.215674438E0,-7.561525726E0
1.532838558E1,-2.912643127E0,6.085145874E0,-8.196056213E0
1.533843158E1,-3.660787354E0,6.932234344E0,-8.483757935E0
1.534847858E1,-2.900668030E0,6.034551086E0,-7.106621704E0
1.535852458E1,-3.096311188E0,6.329587555E0,-7.624694366E0
1.536857058E1,-3.406765594E0,6.474186859E0,-7.877219238E0
1.537861658E1,-3.814817047E0,6.913822632E0,-7.720644836E0
1.538866258E1,-3.813170471E0,6.972650299E0,-7.722890167E0
1.539870858E1,-3.152594147E0,6.688092041E0,-7.177873535E0
1.540875458E1,-3.508553925E0,6.541846161E0,-7.825726318E0
1.541880158E1,-3.464844818E0,6.996301117E0,-7.597600708E0
1.542884758E1,-3.451522522E0,6.646777954E0,-7.283703461E0
1.543889358E1,-3.269800415E0,6.485862579E0,-7.746391296E0
1.544893958E1,-3.316503296E0,7.029681702E0,-7.448660431E0
1.545898558E1,-3.484753418E0,7.433990936E0,-6.705006866E0
1.546903158E1,-3.191662903E0,7.468718719E0,-6.504873047E0
1.547907746E1,-3.585194550E0,7.468569031E0,-7.540419617E0
1.548912446E1,-3.274590454E0,7.772886200E0,-7.140601044E0
1.549917046E1,-3.150199127E0,7.823630676E0,-6.270011444E0
1.550921646E1,-3.904330902E0,8.154293060E0,-7.031477966E0
1.551926246E1,-3.659589844E0,8.574319611E0,-7.091353455E0
1.552930846E1,-3.294349365E0,8.685987396E0,-6.668931885E0
1.553935446E1,-3.376528473E0,8.748407593E0,-6.216123505E0
1.554940046E1,-3.323838043E0,8.809779968E0,-5.918242950E0
1.555944646E1,-3.803889771E0,8.644523621E0,-6.509812775E0
1.556949346E1,-3.905378723E0,9.710457001E0,-5.748645630E0
1.557953946E1,-3.150498505E0,9.458979950E0,-4.969066772E0
1.558958546E1,-3.619473267E0,9.656718750E0,-5.970933380E0
1.559963146E1,-4.237837372E0,1.034378998E1,-6.075416107E0
1.560967746E1,-3.706592102E0,1.020098694E1,-5.774392090E0
1.561972346E1,-3.846850433E0,1.048734146E1,-5.427413635E0
1.562976946E1,-4.204756165E0,1.069421127E1,-5.856421509E0
1.563981646E1,-3.843108215E0,1.065484314E1,-5.853427734E0
1.564986246E1,-3.782035217E0,1.099209183E1,-4.868176575E0
1.565990846E1,-4.504582672E0,1.114312775E1,-5.134023743E0
1.566995446E1,-4.265080719E0,1.192001221E1,-5.262007599E0
1.568000046E1,-3.609144745E0,1.217927307E1,-4.675976257E0
1.569004646E1,-4.755460968E0,1.262220200E1,-4.769831085E0
1.570009246E1,-4.199367371E0,1.308084824E1,-4.710105286E0
1.571013846E1,-3.780688019E0,1.294852341E1,-5.193450165E0
1.572018546E1,-3.913461914E0,1.259929962E1,-4.799918518E0
1.573023146E1,-4.276007996E0,1.227282852E1,-4.063899078E0
1.574027746E1,-4.187691650E0,1.249227219E1,-4.479884033E0
1.575032346E1,-3.674558716E0,1.286709274E1,-3.904779968E0
1.576036946E1,-3.575315094E0,1.156974060E1,-3.566333771E0
1.577041546E1,-4.546944580E0,1.148711243E1,-4.222569122E0
1.578046146E1,-4.408781891E0,1.243179794E1,-3.907624054E0
1.579050846E1,-3.485950928E0,1.119806351E1,-4.079317017E0
1.580055446E1,-5.456453247E0,1.332109863E1,-4.340074768E0
1.581060046E1,-2.782713318E0,1.259316238E1,-3.257675629E0
1.582064646E1,-4.008514252E0,1.167736679E1,-5.616320801E0
1.583069246E1,-4.813689880E0,1.345207626E1,-4.688101044E0
1.584073846E1,-3.496279449E0,1.201177139E1,-4.484225006E0
1.585078446E1,-5.041216736E0,1.251352798E1,-5.198689270E0
1.586083046E1,-3.393892365E0,1.261052628E1,-3.623215485E0
1.587087746E1,-4.373006287E0,1.165401535E1,-4.833149414E0
1.588092346E1,-4.483775940E0,1.200234100E1,-4.861440582E0
1.589096946E1,-3.819607086E0,1.300256104E1,-3.697012024E0
1.590101546E1,-3.663781128E0,1.301079391E1,-4.942871246E0
1.591106146E1,-4.235741730E0,1.272922943E1,-4.625680847E0
1.592110746E1,-4.852758636E0,1.264974472E1,-4.091441803E0
1.593115346E1,-3.383863220E0,1.240545273E1,-3.637884979E0
1.594119946E1,-4.165388031E0,1.293011169E1,-4.233795776E0
1.595124646E1,-4.333787842E0,1.226145218E1,-4.586312714E0
1.596129246E1,-4.403093719E0,1.264899628E1,-3.691473541E0
1.597133846E1,-3.668421478E0,1.236578522E1,-3.958218842E0
1.598138446E1,-4.613256683E0,1.288490570E1,-4.567152557E0
1.599143046E1,-3.702400818E0,1.233195557E1,-3.949237518E0
1.600147646E1,-3.927233276E0,1.047806076E1,-5.365891571E0
1.601152246E1,-3.949985962E0,1.127650040E1,-4.086951141E0
1.602156946E1,-3.977828064E0,1.276754974E1,-3.341800690E0
1.603161546E1,-4.206253052E0,1.269959106E1,-5.316194916E0
1.604166146E1,-4.226760406E0,1.326751007E1,-4.567152557E0
1.605170746E1,-4.184248810E0,1.287637344E1,-4.322261810E0
1.606175346E1,-4.481231232E0,1.249287094E1,-5.071154480E0
1.607179946E1,-4.006418610E0,1.244661713E1,-4.300407257E0
1.608184546E1,-4.079766083E0,1.225531494E1,-3.876937866E0
1.609189146E1,-3.923491058E0,1.142469223E1,-4.730912018E0
1.610193846E1,-3.535946960E0,1.213616272E1,-4.032763824E0
1.611198446E1,-4.285737762E0,1.236818024E1,-4.161496124E0
1.612203046E1,-4.957241364E0,1.150582352E1,-5.153034210E0
1.613207646E1,-3.702101440E0,1.213631241E1,-4.783602448E0
1.614212246E1,-3.845054169E0,1.123877884E1,-5.098846893E0
1.615216846E1,-4.246369629E0,1.103250778E1,-4.829706573E0
1.616221446E1,-4.209097137E0,1.169787415E1,-4.525838470E0
1.617226046E1,-3.615880737E0,1.047746201E1,-5.129084015E0
1.618230746E1,-3.882027283E0,1.015458344E1,-5.663772125E0
1.619235346E1,-4.442461853E0,1.123743164E1,-3.976331177E0
1.620239946E1,-4.037553864E0,1.100795883E1,-4.203708344E0
1.621244546E1,-4.546196136E0,1.147139511E1,-5.168302460E0
1.622249146E1,-3.821852417E0,1.213212112E1,-5.094206543E0
1.623253746E1,-4.112098846E0,1.135044662E1,-5.378016357E0
1.624258346E1,-4.601431274E0,1.126422592E1,-5.089266815E0
1.625262946E1,-4.571343842E0,1.094778397E1,-5.641468506E0
1.626267646E1,-4.267026672E0,1.116558105E1,-5.827980652E0
1.627272246E1,-3.919000397E0,1.172002808E1,-5.031936035E0
1.628276846E1,-4.244872742E0,1.103400467E1,-5.144052887E0
1.629281446E1,-3.704197083E0,1.080108902E1,-4.759652252E0
1.630286046E1,-3.769311676E0,1.083791245E1,-4.662204895E0
1.631290646E1,-4.108057251E0,1.095032867E1,-4.828059998E0
1.632295246E1,-5.371280365E0,1.099523529E1,-5.630690918E0
1.633299946E1,-4.407734070E0,1.060694275E1,-6.280339966E0
1.634304546E1,-4.267625427E0,1.160327087E1,-4.686903534E0
1.635309146E1,-4.043990479E0,1.125120300E1,-5.453309784E0
1.636313746E1,-5.613776093E0,1.107052872E1,-6.194119263E0
1.637318346E1,-3.513044586E0,1.179427368E1,-4.331841888E0
1.638322946E1,-3.600163422E0,1.142154877E1,-4.635709991E0
1.639327546E1,-4.079466705E0,1.148875900E1,-4.937931519E0
1.640332146E1,-3.180735626E0,1.133293304E1,-4.500690765E0
1.641336846E1,-4.090094604E0,1.059661423E1,-4.755910034E0
1.642341446E1,-5.072801056E0,1.201551361E1,-5.498964844E0
1.643346046E1,-5.133724365E0,1.136616394E1,-6.537954254E0
1.644350646E1,-1.601519623E0,1.194845306E1,-3.752097473E0
1.645355246E1,-4.393214264E0,1.120390137E1,-5.229525146E0
1.646359846E1,-4.606820068E0,9.694889374E0,-6.084247742E0
1.647364446E1,-2.351759491E0,1.054347473E1,-3.327131195E0
1.648369021E1,-2.099533997E0,9.464368744E0,-3.645219727E0
1.649373721E1,-6.220015411E0,1.152228928E1,-4.927902374E0
1.650378321E1,-4.114194489E0,1.204590042E1,-4.487518158E0
1.651382921E1,-3.259022827E0,1.090302704E1,-5.736520844E0
1.652387521E1,-3.490142212E0,1.196222443E1,-5.508844299E0
1.653392121E1,-3.866908722E0,1.188917633E1,-5.546266479E0
1.654396721E1,-3.777694244E0,9.729467468E0,-6.262826385E0
1.655401321E1,-3.408861237E0,1.053299652E1,-5.240003357E0
1.656405921E1,-2.876268768E0,1.118489090E1,-4.097728729E0
1.657410621E1,-4.048630829E0,1.196836166E1,-5.767656097E0
1.658415221E1,-4.018094330E0,1.155746613E1,-5.805227966E0
1.659419821E1,-3.105292511E0,1.081905167E1,-4.641248474E0
1.660424421E1,-3.505709839E0,8.942104797E0,-5.003944244E0
1.661429021E1,-3.284918976E0,9.672585754E0,-3.784130859E0
1.662433621E1,-4.396357727E0,1.052491333E1,-4.236789551E0
1.663438221E1,-4.765639801E0,1.099179245E1,-4.962181091E0
1.664442821E1,-3.281925201E0,1.107666595E1,-5.526208191E0
1.665447521E1,-3.321592712E0,1.114417557E1,-5.467380524E0
1.666452121E1,-3.093317413E0,1.035726196E1,-5.554050293E0
1.667456721E1,-3.392844543E0,8.915460205E0,-5.470823364E0
1.668461321E1,-4.870721283E0,1.018646713E1,-5.258115692E0
1.669465921E1,-3.869453430E0,1.057910065E1,-6.185587006E0
1.670470521E1,-4.038601685E0,1.040112076E1,-7.307503967E0
1.671475121E1,-3.692371674E0,1.077639038E1,-5.609734497E0
1.672479721E1,-3.021466827E0,9.321715393E0,-4.918771362E0
1.673484421E1,-3.831881561E0,9.863887939E0,-4.413721619E0
1.674489021E1,-3.751498718E0,9.851463776E0,-4.667144623E0
1.675493621E1,-5.045707397E0,1.024828857E1,-6.060596924E0
1.676498221E1,-4.050726471E0,1.124057510E1,-5.973777466E0
1.677502821E1,-3.894601135E0,1.081605789E1,-6.640491028E0
1.678507421E1,-3.776945801E0,1.062954575E1,-6.501280518E0
1.679512021E1,-3.421285400E0,1.030831375E1,-5.012925568E0
1.680516621E1,-3.827390900E0,9.846074982E0,-3.633244629E0
1.681521221E1,-3.445984039E0,1.041129959E1,-4.443359985E0
1.682525921E1,-3.675756226E0,1.086979614E1,-5.274731140E0
1.683530521E1,-3.558549957E0,9.694290619E0,-6.381529541E0
1.684535121E1,-4.000131683E0,1.027837601E1,-5.043611755E0
1.685539721E1,-3.926035767E0,1.046458878E1,-5.213209076E0
1.686544321E1,-4.268523560E0,1.040725800E1,-6.009852448E0
1.687548921E1,-3.776347046E0,1.101694016E1,-5.350024567E0
1.688553521E1,-3.533551941E0,1.090766739E1,-4.787793732E0
1.689558121E1,-3.937262421E0,1.033376083E1,-5.001998291E0
1.690562821E1,-4.465513916E0,1.057835220E1,-5.924679565E0
1.691567421E1,-3.550167389E0,1.085318069E1,-5.483397217E0
1.692572021E1,-3.372636566E0,1.053494247E1,-4.998405762E0
1.693576621E1,-3.249442749E0,9.096583557E0,-5.089416504E0
1.694581221E1,-3.632645874E0,8.716523895E0,-5.614973602E0
1.695585821E1,-4.274810486E0,9.923613739E0,-4.684658203E0
1.696590421E1,-3.615581360E0,1.011746063E1,-5.771847382E0
1.697595021E1,-4.205504608E0,1.022119492E1,-7.294930115E0
1.698599721E1,-2.906954956E0,1.054287598E1,-5.304668884E0
1.699604321E1,-3.365451508E0,1.026879593E1,-3.670666809E0
1.700608921E1,-3.181334381E0,9.450896759E0,-5.917045441E0
1.701613521E1,-3.527863770E0,9.567653961E0,-5.653293915E0
1.702618121E1,-3.894002380E0,1.095526840E1,-5.689668274E0
1.703622721E1,-2.925965424E0,1.111798004E1,-5.840554504E0
1.704627321E1,-3.631598053E0,1.053194870E1,-5.502108307E0
1.705631921E1,-2.071841583E0,9.025032349E0,-6.220763855E0
1.706636521E1,-2.081271973E0,8.168214111E0,-4.906496887E0
1.707641221E1,-4.314927063E0,8.565487976E0,-4.600682831E0
1.708645821E1,-4.159101105E0,8.569679260E0,-6.692433014E0
1.709650421E1,-3.757635956E0,8.209677887E0,-8.164471893E0
1.710655021E1,-3.138074341E0,9.213041382E0,-6.644981689E0
1.711659621E1,-4.149371338E-1,8.123008118E0,-3.255729675E0
1.712664221E1,-3.066523132E0,7.416028290E0,-6.737489319E0
1.713668821E1,-2.463127899E0,7.777975616E0,-6.912325745E0
1.714673421E1,-4.379742279E0,8.309520264E0,-3.649111633E0
1.715678121E1,-3.272644501E0,9.762249298E0,-5.453160095E0
1.716682721E1,-1.729952545E0,9.409882050E0,-7.056475983E0
1.717687321E1,-1.049916687E0,9.958491211E0,-5.966592407E0
1.718691921E1,-1.451082458E0,8.103847961E0,-7.739355927E0
1.719696521E1,-1.767524414E0,6.809339905E0,-7.923023987E0
1.720701121E1,-2.615810394E0,6.713239746E0,-5.379513245E0
1.721705721E1,-3.576662292E0,7.054230652E0,-5.537584534E0
1.722710321E1,-2.307301941E0,7.053033142E0,-7.333699493E0
1.723714921E1,-2.232756958E0,7.144043884E0,-5.788911896E0
1.724719621E1,-4.223167877E0,8.091723175E0,-6.791826324E0
1.725724221E1,-4.227508850E0,8.978329468E0,-7.131170654E0
1.726728821E1,-2.214944000E0,7.866441650E0,-6.988517303E0
1.727733421E1,-1.861678619E0,6.364764404E0,-7.638914795E0
1.728738021E1,-2.092199249E0,5.295837250E0,-9.411678314E0
1.729742621E1,-2.239043884E0,4.243675232E0,-1.037208115E1
1.730747221E1,-2.012415161E0,4.238585815E0,-9.101223907E0
1.731751821E1,-2.867736511E0,4.531676331E0,-8.225694580E0
1.732756521E1,-2.841990051E0,3.429667969E0,-8.299042053E0
1.733761121E1,-3.018922119E0,2.251018982E0,-8.772956543E0
1.734765721E1,-3.632645874E0,1.756896515E0,-8.926986237E0
1.735770321E1,-4.862937469E0,2.862347717E0,-8.154891815E0
1.736774921E1,-4.011208649E0,3.788322144E0,-6.597530365E0
1.737779521E1,-3.835025024E0,3.243006134E0,-7.237299957E0
1.738784121E1,-3.520978088E0,3.485501862E0,-9.042994995E0
1.739788721E1,-2.754721527E0,3.722758484E0,-1.026250900E1
1.740793321E1,-2.674937439E0,3.055446167E0,-1.017329453E1
1.741798021E1,-3.197650452E0,3.930077362E0,-8.988208923E0
1.742802621E1,-2.291584625E0,4.367767181E0,-7.094197540E0
1.743807221E1,-2.446662140E0,3.882176971E0,-8.705297241E0
1.744811821E1,-2.442770233E0,2.836451569E0,-1.057715469E1
1.745816421E1,-2.861150208E0,3.119213562E0,-1.045051804E1
1.746821021E1,-3.347039795E0,3.712729340E0,-9.092392273E0
1.747825621E1,-2.068548431E0,4.054169312E0,-7.409142609E0
1.748830221E1,-2.013462982E0,4.383185120E0,-7.073989563E0
1.749834921E1,-1.955982513E0,3.582350464E0,-8.714428253E0
1.750839521E1,-2.766097870E0,3.284020844E0,-1.036893768E1
1.751844121E1,-2.905607758E0,4.608616333E0,-7.071744232E0
1.752848721E1,-2.104174347E0,4.474495239E0,-6.623276825E0
1.753853321E1,-1.592388611E0,3.852538605E0,-6.282734985E0
1.754857921E1,-1.750010834E0,5.088817749E0,-5.419629822E0
1.755862521E1,-1.081201630E0,2.990331573E0,-1.200279007E1
1.756867121E1,-2.024839325E0,1.680255890E0,-1.124581421E1
1.757871721E1,-3.072660370E0,5.497318268E0,-5.774092712E0
1.758876421E1,8.098159790E-1,2.370769958E0,-7.520660706E0
1.759881021E1,-3.239413605E0,1.333876190E0,-1.229962280E1
1.760885621E1,-2.255359955E0,4.776118011E0,-6.687044220E0
1.761890221E1,-1.845661926E-1,2.803370361E0,-7.736212463E0
1.762894821E1,-6.798712006E0,1.228944397E-1,-1.886721542E1
1.763899421E1,-4.981191559E0,3.484903107E0,-1.025188110E1
1.764904021E1,-5.203179932E0,5.462291107E0,-7.079378357E0
1.765908621E1,-3.012186127E0,2.298619995E0,-1.510673538E1
1.766913221E1,-5.162464600E0,1.856589203E0,-1.399080597E1
1.767917921E1,-5.869594116E0,5.987249451E0,-8.731193390E0
1.768922521E1,-8.015830994E0,4.271816711E0,-1.111244156E1
1.769927121E1,-1.194186676E1,4.803511047E0,-1.468760696E1
1.770931721E1,-1.110795090E1,6.026916962E0,-1.362975677E1
1.771936321E1,-6.177204437E0,6.374793549E0,-1.546658707E1
1.772940921E1,-5.802982635E0,4.161496124E0,-1.682710785E1
1.773945521E1,-6.203998718E0,2.241738281E0,-2.216665421E1
1.774950121E1,-2.524200897E0,2.010469208E0,-2.151550827E1
1.775954721E1,-1.557960205E0,1.892215118E0,-1.832489319E1
1.776959421E1,-1.631457367E0,3.456312561E-1,-2.007834686E1
1.777964021E1,-7.956554260E0,1.125808868E0,-2.146880539E1
1.778968621E1,-5.649252319E0,6.045178986E0,-1.411699356E1
1.779973221E1,-5.966143341E0,5.815855865E0,-1.574860062E1
1.780977821E1,-9.842332764E0,8.315807190E0,-2.221859619E1
1.781982421E1,-8.776848450E0,1.166883453E1,-2.138408157E1
1.782987021E1,-6.630910950E0,1.354428452E1,-2.817680603E1
1.783991621E1,-3.281326447E0,1.463491653E1,-2.324052109E1
1.784996321E1,6.198609924E-1,1.104568039E1,-1.749965927E1
1.786000921E1,-2.168540497E0,6.086193695E0,-1.296663574E1
1.787005521E1,-7.960895233E0,5.650898895E0,-1.732152969E1
1.788010121E1,-4.346810760E0,2.931653595E0,-2.413850372E1
1.789014721E1,-6.412664795E0,4.542753296E0,-2.076736404E1
1.790019321E1,-1.069016968E1,8.549770660E0,-2.231394791E1
1.791023921E1,-8.909772034E0,8.415499878E0,-2.720727219E1
1.792028521E1,-7.017257538E0,1.111962662E1,-2.100087845E1
1.793033121E1,-6.957382050E0,9.039252777E0,-2.335533234E1
1.794037821E1,-1.111663284E1,6.366860046E0,-2.695774109E1
1.795042421E1,-1.179801590E1,1.040725800E1,-2.063234482E1
1.796047021E1,-1.001791763E1,8.952882385E0,-1.968002518E1
1.797051621E1,-1.147887955E1,6.907386017E0,-2.512674866E1
1.798056221E1,-1.117770584E1,9.244476013E0,-2.151236481E1
1.799060821E1,-9.225315857E0,8.821455688E0,-2.611304764E1
1.800065421E1,-7.271428986E0,6.154900818E0,-2.869727371E1
1.801070021E1,-8.651708679E0,6.150709534E0,-2.878678757E1
1.802074621E1,-8.368647308E0,6.994355164E0,-2.745725235E1
1.803079321E1,-6.110892334E0,6.308481445E0,-2.906446014E1
1.804083921E1,-5.506598969E0,5.733676758E0,-3.396511917E1
1.805088521E1,-6.841223602E0,5.408852234E0,-2.942715591E1
1.806093121E1,-5.706583099E0,7.197782135E0,-2.719499771E1
1.807097721E1,-4.887636108E0,7.581584015E0,-2.293829956E1
1.808102321E1,-6.751260681E0,9.898765411E0,-2.558285019E1
1.809106921E1,-9.275910645E0,1.329250809E1,-2.890249695E1
1.810111521E1,-9.588311005E0,1.578018494E1,-2.788176956E1
1.811116121E1,-6.234086151E0,1.704924591E1,-2.455942841E1
1.812120821E1,-8.080197144E0,1.362616425E1,-2.802187820E1
1.813125421E1,-7.281607819E0,1.456067093E1,-1.894909515E1
1.814130021E1,-1.069540878E1,1.234782257E1,-2.768178543E1
1.815134621E1,-6.683302002E0,9.863139496E0,-3.037363770E1
1.816139221E1,-5.567671967E0,1.169488037E1,-1.979109421E1
1.817143821E1,-5.628744965E0,9.484576721E0,-2.512420395E1
1.818148421E1,-8.115523682E0,9.079519043E0,-2.271601181E1
1.819153021E1,-7.630083160E0,1.214229996E1,-2.181548447E1
1.820157621E1,-8.177644501E0,7.184759216E0,-3.268034088E1
1.821162321E1,-9.697434082E0,8.605454865E0,-3.113690048E1
1.822166921E1,-1.059571609E1,9.047186279E0,-2.764496201E1
1.823171521E1,-8.273445282E0,1.025981461E1,-2.880115768E1
1.824176121E1,-1.043734543E1,1.088251968E1,-2.627665741E1
1.825180721E1,-6.179000702E0,9.672735443E0,-2.746937714E1
1.826185321E1,-6.212381287E0,7.387587433E0,-2.865281616E1
1.827189921E1,-8.149203644E0,6.578370209E0,-2.555889999E1
1.828194521E1,-9.256600800E0,1.037866745E1,-2.483665192E1
1.829199121E1,-7.027586060E0,9.229806519E0,-2.766921158E1
1.830203821E1,-5.702840881E0,1.241742783E1,-2.507974640E1
1.831208421E1,-4.839136963E0,1.089539291E1,-2.936623260E1
1.832213021E1,-7.638465729E0,8.790769501E0,-3.181169724E1
1.833217621E1,-7.625592499E0,8.631201324E0,-2.759107407E1
1.834222221E1,-8.165968781E0,8.694968719E0,-2.495400787E1
1.835226821E1,-6.859485626E0,9.536818085E0,-2.487497223E1
1.836231421E1,-7.811655579E0,1.228255829E1,-2.669952805E1
1.837236021E1,-7.893385620E0,1.341375595E1,-2.757894928E1
1.838240621E1,-7.798932037E0,1.379381561E1,-2.648771851E1
1.839245321E1,-8.928782501E0,1.213286957E1,-2.790661789E1
1.840249921E1,-7.053482208E0,1.214155151E1,-2.354379044E1
1.841254521E1,-9.767787781E0,1.197928894E1,-2.200603821E1
1.842259121E1,-6.804549866E0,9.297166443E0,-2.497152145E1
1.843263721E1,-6.684948578E0,8.151898041E0,-2.325788498E1
1.844268321E1,-9.141490173E0,8.344846802E0,-2.470851837E1
1.845272921E1,-8.594527588E0,1.006985962E1,-2.512659897E1
1.846277521E1,-6.623875580E0,1.102442459E1,-2.395723068E1
1.847282121E1,-7.899971924E0,1.095122681E1,-2.547387680E1
1.848286688E1,-7.795339508E0,1.167227737E1,-2.388343414E1
1.849291388E1,-5.907165985E0,1.131407227E1,-2.112526978E1
1.850295988E1,-7.461084595E0,8.914562073E0,-2.221650055E1
1.851300588E1,-7.350614319E0,8.682544556E0,-2.743928970E1
1.852305188E1,-5.844296722E0,7.598349152E0,-2.632410873E1
1.853309788E1,-4.561464386E0,9.637408905E0,-1.745804581E1
1.854314388E1,-4.760999451E0,8.439300385E0,-2.390319305E1
1.855318988E1,2.859054565E-2,7.812703400E0,-2.262754578E1
1.856323587E1,-5.381908264E0,9.591903534E0,-1.707993210E1
1.857328187E1,-7.949818268E0,8.579409027E0,-2.032742889E1
1.858332888E1,-3.485352173E0,6.089786224E0,-2.010005173E1
1.859337488E1,-1.290661057E1,8.233478394E0,-1.855511444E1
1.860342088E1,-1.878892822E1,1.171404053E1,-2.588746674E1
1.861346688E1,-1.275138336E1,1.155671768E1,-2.415242477E1
1.862351288E1,-9.938582611E0,1.194321396E1,-1.934786591E1
1.863355888E1,-7.994575195E0,1.119342316E1,-2.079221237E1
1.864360488E1,-9.981692963E0,1.159159515E1,-1.609078903E1
1.865365088E1,-5.087769928E0,9.215586090E0,-1.381387390E1
1.866369687E1,-6.931485901E0,6.202501831E0,-1.801982758E1
1.867374287E1,-1.126707001E1,7.609875183E0,-1.911120804E1
1.868378988E1,-1.413690216E1,8.398135986E0,-1.797297501E1
1.869383588E1,-9.764494629E0,7.606731720E0,-1.791863800E1
1.870388188E1,-7.204817505E0,7.269782410E0,-1.483430191E1
1.871392788E1,-9.399852905E0,8.061785431E0,-1.507814484E1
1.872397388E1,-4.898563385E0,8.402626648E0,-1.392554169E1
1.873401988E1,-3.049608307E0,6.323899384E0,-1.603031479E1
1.874406588E1,-8.360863495E0,6.318809967E0,-1.743903534E1
1.875411188E1,-7.999664612E0,6.367758179E0,-1.506542130E1
1.876415788E1,-9.081464996E0,6.762637024E0,-1.395323410E1
1.877420487E1,-5.901627502E0,4.297413483E0,-1.638522675E1
1.878425088E1,-6.732848969E0,5.691464539E0,-1.313338898E1
1.879429688E1,-5.855223999E0,5.863905945E0,-1.259720398E1
1.880434288E1,-5.710924072E0,6.797215118E0,-1.080513062E1
1.881438888E1,-5.839506683E0,7.366631012E0,-1.124252106E1
1.882443488E1,-6.290518799E0,7.403903503E0,-1.160117523E1
1.883448088E1,-4.813689880E0,6.295608215E0,-1.213092361E1
1.884452688E1,-5.060676270E0,5.228327637E0,-1.087713089E1
1.885457288E1,-5.378764801E0,5.007087708E0,-1.052431458E1
1.886461888E1,-5.296885071E0,5.291945343E0,-9.406888275E0
1.887466587E1,-6.240672455E0,6.004613342E0,-9.796228638E0
1.888471187E1,-5.346581726E0,5.690865784E0,-7.877668304E0
1.889475788E1,-8.201894073E0,7.405999146E0,-7.302564240E0
1.890480388E1,-7.480993195E0,7.497758331E0,-8.422984314E0
1.891484988E1,-9.401349792E0,6.185587006E0,-9.524693298E0
1.892489588E1,-9.027577057E0,5.091362457E0,-1.174891800E1
1.893494188E1,-8.170609131E0,6.571484528E0,-8.699908447E0
1.894498788E1,-8.274792480E0,6.351741486E0,-7.033872986E0
1.895503388E1,-7.150031433E0,5.224585419E0,-7.797435150E0
1.896508088E1,-6.937174072E0,3.923341370E0,-8.466394043E0
1.897512687E1,-7.774532776E0,3.335962830E0,-7.290888519E0
1.898517287E1,-8.447383575E0,2.461631012E0,-5.980812836E0
1.899521888E1,-8.982969818E0,5.439688110E-1,-6.207142181E0
1.900526488E1,-8.046517181E0,-1.616638184E-2,-7.036567383E0
1.901531088E1,-8.300988007E0,9.354048157E-1,-3.957320709E0
1.902535688E1,-7.861651611E0,1.224004669E0,-4.671335907E0
1.903540288E1,-6.147865448E0,2.280357971E0,-5.062472534E0
1.904544888E1,-3.795806580E0,2.959944763E0,-1.726360016E0
1.905549488E1,-5.538782043E0,2.702031097E0,-2.644999695E0
1.906554188E1,-9.660610657E0,3.090772705E0,-5.191803589E0
1.907558788E1,-6.510710907E0,2.865191803E0,-3.846101990E0
1.908563387E1,-2.647544403E0,1.466201019E0,-1.609902191E0
1.909567987E1,-4.910089417E0,2.222727814E0,-1.128652954E-1
1.910572588E1,-5.968388672E0,3.309767303E0,-3.499722290E0
1.911577188E1,-2.686912537E0,1.567240906E0,-3.012036438E0
1.912581788E1,-3.398532715E0,2.163900146E0,1.260977783E0
1.913586388E1,-5.203030243E0,1.656156006E0,-2.697091370E0
1.914590988E1,-4.101171570E0,1.490749969E0,-3.485501862E0
1.915595688E1,-3.634442139E0,1.258433075E0,-4.466711426E-1
1.916600288E1,-5.435347137E0,2.788700867E-1,-1.683549042E0
1.917604888E1,-7.560178528E0,1.732946320E0,-3.727099457E0
1.918609487E1,-3.911515961E0,1.373244324E0,-6.900650024E-1
1.919614087E1,-4.531975708E0,-8.663983154E-1,-1.475332031E0
1.920618688E1,-5.976322174E0,-1.224453735E-1,-2.780917053E0
1.921623288E1,-4.532873840E0,8.175997925E-1,-1.494342499E0
1.922627888E1,-3.339106293E0,-4.532574463E-1,-7.137158203E-1
1.923632488E1,-4.310586090E0,-3.035687256E-1,9.183403015E-1
1.924637088E1,-2.919528809E0,-2.454895020E-2,1.001866608E0
1.925641688E1,-3.251688080E0,-1.037492523E0,-1.183289337E0
1.926646388E1,-5.055137787E0,-3.623963928E-1,-8.247848511E-2
1.927650988E1,-4.528532867E0,-1.902543640E-1,6.795867920E-2
1.928655588E1,-4.848267975E0,-8.583151245E-1,-6.554869080E-1
1.929660187E1,-4.252357178E0,1.098715210E-1,4.355941772E-1
1.930664787E1,-3.623664551E0,9.494755554E-1,2.028581543E0
1.931669388E1,-1.716181183E0,-6.286926270E-1,-7.309300232E-1
1.932673988E1,-2.263293457E0,-3.712280273E-1,1.977388000E-1
1.933678588E1,-4.152365112E0,8.891510010E-1,1.614991608E0
1.934683188E1,-4.120032349E0,-2.315684509E-1,-3.397933960E-1
1.935687788E1,-3.170706482E0,-4.040098572E-1,1.017434235E0
1.936692488E1,-3.614832916E0,-3.872447205E-1,3.085234222E0
1.937697088E1,-4.969515839E0,-6.158193970E-1,2.052082672E0
1.938701688E1,-5.139262848E0,-1.879790955E0,2.047741699E0
1.939706287E1,-5.292095032E0,-3.149450684E0,2.125430145E0
1.940710887E1,-5.682632904E0,-1.046024780E0,4.632117462E0
1.941715488E1,-6.532266083E0,-1.416055298E0,3.178340607E0
1.942720088E1,-4.671485596E0,-2.335742798E0,2.025288391E0
1.943724688E1,-3.415746918E0,-2.180964661E0,3.250640259E0
1.944729288E1,-5.043462067E0,-4.073030090E-1,3.704346771E0
1.945733988E1,-5.084177399E0,2.478845215E-1,3.065625000E0
1.946738588E1,-4.987029419E0,5.529501343E-1,2.136058044E0
1.947743188E1,-3.048261108E0,5.188211060E-1,2.846331024E0
1.948747825E1,-1.684896240E0,-4.978646851E-1,3.221001892E0
1.949752425E1,-3.053649902E0,-2.029779053E0,2.117945709E0
1.950757025E1,-2.768941956E0,1.788780212E-1,4.188290405E0
1.951761625E1,-8.089178467E-1,-1.845063171E0,3.763922882E0
1.952766225E1,-2.140698395E0,-2.304906921E0,1.632355499E0
1.953770825E1,-2.047142944E0,-7.441026306E-1,2.791095886E0
1.954775425E1,4.760101318E-2,-2.397863617E0,2.429597626E0
1.955780125E1,-2.341880035E0,-3.526217194E0,2.277214508E0
1.956784725E1,-1.996997223E0,-2.532583466E0,2.631378021E0
1.957789325E1,-2.270328827E0,-1.667382660E0,1.066831512E0
1.958793925E1,7.250921631E-1,-4.359983368E0,1.925446014E0
1.959798525E1,-4.299509125E0,-3.957171021E0,4.732259216E0
1.960803125E1,-2.811303864E0,-3.162922668E0,4.299509125E0
1.961807725E1,-3.865711212E0,-3.501668243E0,2.724783783E0
1.962812325E1,-6.845115509E0,-2.582130432E0,1.743873596E0
1.963816925E1,-1.187480621E0,-3.714375916E0,5.051395569E0
1.964821525E1,-7.378007355E0,-2.536475372E0,3.260519714E0
1.965826125E1,-3.933220825E0,-7.888595581E-1,4.336033173E0
1.966830825E1,-5.272186432E0,-1.729653168E0,4.550088043E0
1.967835425E1,-3.275189209E0,-2.223027191E0,1.406325531E0
1.968840025E1,-3.129991150E0,8.949888611E-1,4.415068817E0
1.969844625E1,-4.137396240E-1,-1.171164551E0,2.449805603E0
1.970849225E1,-3.380570068E0,-4.679269409E-1,5.478307800E0
1.971853825E1,-8.900491333E-1,9.267228699E-1,5.082830200E0
1.972858425E1,-9.756710815E-1,-5.700146484E-1,2.554737396E0
1.973863025E1,-2.285447388E0,-2.541714478E-1,5.006189575E0
1.974867625E1,-2.611319733E0,-7.301815796E-1,2.076781311E0
1.975872225E1,-9.927355957E-1,-2.226170654E0,2.309996338E0
1.976876925E1,-5.044659576E0,-1.536255341E0,2.919828186E0
1.977881525E1,-1.283431091E0,-2.464924164E0,2.995720367E0
1.978886125E1,-4.163891144E0,4.231700134E-1,3.355871429E0
1.979890725E1,-3.021167450E0,-1.047671356E0,2.184407501E0
1.980895325E1,-6.278244324E0,-6.735992432E-1,2.930156708E0
1.981899925E1,-5.603447571E0,-1.205592957E0,8.714877319E-1
1.982904525E1,-5.068909149E0,-6.477030945E-1,1.573228455E-1
1.983909125E1,-1.746118927E0,-1.435963898E0,8.665480042E-1
1.984913725E1,1.378633118E0,-4.769232330E0,4.216431885E0
1.985918325E1,-4.732708282E0,-2.874622192E0,3.670816498E0
1.986923025E1,-1.243613892E0,-2.508483582E0,3.134032745E0
1.987927625E1,-1.996697845E0,-1.575324097E0,1.297801208E0
1.988932225E1,-1.527872772E0,-1.360221405E0,2.017953644E0
1.989936825E1,-2.544408875E0,9.301657104E-1,4.336482239E0
1.990941425E1,1.364712067E0,-3.712579651E0,1.415007477E0
1.991946025E1,-3.765719147E0,-1.273102570E0,4.302053833E0
1.992950625E1,-2.480491791E0,-1.366658020E-1,3.968996429E0
1.993955225E1,-2.553839264E0,-1.738185425E0,3.341052246E-1
1.994959825E1,-2.334245911E0,-6.881190491E-1,2.293530579E0
1.995964425E1,-2.918031921E0,-8.523275757E-1,-2.327659607E-1
1.996969125E1,-5.622907104E0,-1.865570526E0,-1.299597473E0
1.997973725E1,-5.254822540E0,4.659809875E-1,1.011895752E-1
1.998978325E1,-4.296066284E0,8.524772644E-1,3.992198181E-1
1.999982925E1,-3.709585876E0,-6.384223938E-1,-1.916913757E0
2.000987525E1,-3.453169098E0,-4.887336731E-1,-4.334985352E-1
2.001992125E1,-2.084565125E0,6.530918884E-1,-2.562670898E-1
2.002996725E1,-3.652404785E-1,-1.661095734E0,-9.069639587E-1
2.004001325E1,-7.445666656E0,-4.400848389E-1,-2.501897278E0
2.005005925E1,-4.229754181E0,-1.685345306E0,-2.724783783E0
2.006010525E1,-9.557624817E-1,-2.121538239E0,7.596702576E-1
2.007015225E1,-1.300196228E0,-3.485651550E0,9.910890198E-1
2.008019825E1,-6.197562103E0,-1.788331146E0,-3.067121887E-1
2.009024425E1,-1.460512848E0,-2.083966370E0,-2.556982727E0
2.010029025E1,-1.260977783E0,-1.647324371E0,-2.523751831E0
2.011033625E1,-5.961353302E0,3.254232788E-1,-1.174906769E0
2.012038225E1,2.865042114E-1,-3.369044037E0,-3.170856171E0
2.013042825E1,-3.661386108E-1,-2.498005371E0,-3.893403625E-1
2.014047425E1,-6.863227844E-1,-3.260220337E-1,-2.225422211E0
2.015052025E1,-5.514532471E-1,-6.623725891E-1,-4.218377838E0
2.016056625E1,-1.416055298E-1,-4.354444885E-1,-3.474424896E0
2.017061225E1,-1.617835693E0,2.977907410E0,3.287164307E-1
2.018065925E1,6.117778015E-1,1.147513733E0,-3.982767792E0
2.019070525E1,-1.901046753E-1,5.077441406E-1,-3.384461975E0
2.020075125E1,-3.626059570E0,6.775809631E0,1.310375061E0
2.021079725E1,1.083746338E-1,2.502945099E0,-4.332889709E0
2.022084325E1,-1.935325470E0,1.758543091E0,-6.795418854E0
2.023088925E1,-6.360273743E-1,4.022584991E0,-1.854194183E0
2.024093525E1,-1.476978607E0,1.326092377E0,-5.939049683E0
2.025098125E1,-3.605252838E0,6.256988525E-2,-7.638914795E0
2.026102725E1,-3.658242645E0,2.283052368E0,-1.298699341E0
2.027107325E1,-3.438200226E0,1.313368835E0,-4.721631317E0
2.028112025E1,-6.503525848E0,1.862876129E0,-7.737110596E0
2.029116625E1,-5.495372314E0,3.242407379E0,-4.830155640E0
2.030121225E1,-5.673950958E0,3.778891754E0,-4.212090912E0
2.031125825E1,-6.215973816E0,2.987786865E0,-7.106472015E0
2.032130425E1,-4.268074493E0,2.705324249E0,-6.878346405E0
2.033135025E1,-4.101171570E0,3.477418671E0,-5.702840881E0
2.034139625E1,-3.190914459E0,1.472338257E0,-6.991361389E0
2.035144225E1,-1.552272034E0,1.618284760E0,-7.046746216E0
2.036148825E1,-3.279829559E0,2.225871277E0,-4.959037628E0
2.037153425E1,-7.047344971E0,2.994522858E0,-7.458988953E0
2.038158025E1,-5.600902863E0,2.103425903E0,-9.534423065E0
2.039162725E1,-6.796766052E0,1.743274841E0,-8.423134003E0
2.040167325E1,-8.735234985E0,3.703748016E0,-7.048991547E0
2.041171925E1,-7.753726044E0,3.277883606E0,-8.136629791E0
2.042176525E1,-6.541247406E0,2.473606110E0,-1.099763031E1
2.043181125E1,-6.532415771E0,4.278852081E0,-7.558382263E0
2.044185725E1,-4.922663269E0,1.845811615E0,-1.115540222E1
2.045190325E1,-4.125570831E0,6.598278809E-1,-1.141346558E1
2.046194925E1,-7.404801636E0,4.038751373E0,-7.690258026E0
2.047199525E1,-5.290897522E0,2.904859314E0,-1.095272369E1
2.048204133E1,-6.560108185E0,2.944227448E0,-1.375220215E1
2.049208733E1,-7.871082001E0,5.949827271E0,-1.125015518E1
2.050213433E1,-4.353995819E0,5.110073547E0,-1.018781433E1
2.051218033E1,-5.558840332E0,4.963528290E0,-1.297322205E1
2.052222633E1,-3.753594360E0,4.942122803E0,-1.056892181E1
2.053227233E1,-1.426533508E0,4.605622559E0,-1.099837875E1
2.054231833E1,-4.291575623E0,3.288212128E0,-1.397344208E1
2.055236433E1,-5.394332428E0,4.384981384E0,-1.262534546E1
2.056241033E1,-5.903573456E0,4.462520142E0,-1.423629547E1
2.057245633E1,-3.909270630E0,4.380191345E0,-1.365235977E1
2.058250233E1,-6.355334015E0,5.915847931E0,-1.303339691E1
2.059254833E1,-4.386627960E0,5.171146545E0,-1.243883331E1
2.060259433E1,-7.902666321E0,6.450835419E0,-1.494716721E1
2.061264133E1,-5.114713898E0,5.880371704E0,-1.536090683E1
2.062268733E1,-8.734336853E0,6.417903900E0,-1.725821136E1
2.063273333E1,-1.270722519E1,8.365503845E0,-1.607971207E1
2.064277933E1,-1.108205475E1,8.525371399E0,-1.480855545E1
2.065282533E1,-1.234887039E1,7.771539001E0,-1.366777771E1
2.066287133E1,-1.741283981E1,1.086320984E1,-1.779005539E1
2.067291733E1,-1.291978317E1,9.281898193E0,-1.636950943E1
2.068296333E1,-1.215367630E1,8.251740417E0,-1.948932175E1
2.069300933E1,-1.384186569E1,9.148974609E0,-1.774095749E1
2.070305533E1,-8.189020844E0,5.889502716E0,-1.912168625E1
2.071310133E1,-1.309117676E1,5.654491425E0,-2.029988617E1
2.072314733E1,-1.132844238E1,6.767726440E0,-1.902843018E1
2.073319433E1,-1.261786102E1,3.804189148E0,-2.030168243E1
2.074324033E1,-1.261292130E1,3.711382141E0,-2.342493759E1
2.075328633E1,-1.038645126E1,3.944148102E0,-1.896481247E1
2.076333233E1,-1.290526337E1,3.725303192E0,-1.846096024E1
2.077337833E1,-1.360655502E1,5.704188080E0,-2.142809006E1
2.078342433E1,-1.169068909E1,5.800138550E0,-2.224524078E1
2.079347033E1,-8.368647308E0,6.168821869E0,-2.092558502E1
2.080351633E1,-1.392359573E1,5.404810638E0,-2.278232391E1
2.081356233E1,-1.019425095E1,7.046895905E0,-2.303844131E1
2.082360833E1,-5.441334686E0,7.006180573E0,-2.102318207E1
2.083365433E1,-8.168363800E0,7.633825378E0,-2.337748627E1
2.084370133E1,-1.163650177E1,8.681646423E0,-2.483081406E1
2.085374733E1,-8.676706696E0,9.871072998E0,-2.567251373E1
2.086379333E1,-4.375101929E0,1.345836319E1,-2.120939484E1
2.087383933E1,-6.896758118E0,1.388707169E1,-2.835777969E1
2.088388533E1,-1.094434113E1,1.161868881E1,-3.179642899E1
2.089393133E1,-7.953560486E0,8.411907349E0,-2.287453217E1
2.090397733E1,-1.277383667E1,5.621110840E0,-2.797233124E1
2.091402333E1,-1.899340302E1,8.414152679E0,-2.825928452E1
2.092406933E1,-1.205054077E1,1.082818268E1,-2.652499100E1
2.093411533E1,-1.112711105E1,1.120524857E1,-2.661465454E1
2.094416133E1,-9.420659637E0,1.229692841E1,-2.991364426E1
2.095420733E1,-1.164383652E1,1.051802765E1,-2.930605774E1
2.096425333E1,-8.879235535E0,6.576124878E0,-3.071402985E1
2.097430033E1,-1.224468704E1,7.184310150E0,-2.755155624E1
2.098434633E1,-1.196611633E1,9.290580139E0,-3.032633606E1
2.099439233E1,-1.141241776E1,1.140942398E1,-3.118764496E1
2.100443833E1,-1.077339661E1,1.478221024E1,-3.018488022E1
2.101448433E1,-8.745563507E0,1.419243668E1,-3.428859650E1
2.102453033E1,-1.059945831E1,1.086814957E1,-3.550676331E1
2.103457633E1,-1.112606323E1,1.125853775E1,-3.260744247E1
2.104462233E1,-1.376747040E1,1.008931915E1,-3.222289215E1
2.105466833E1,-1.112142288E1,1.408376266E1,-3.152743835E1
2.106471433E1,-1.113010483E1,1.491842697E1,-3.424309113E1
2.107476033E1,-1.318802536E1,1.574036774E1,-3.457300507E1
2.108480633E1,-1.112546448E1,1.399305130E1,-3.464889725E1
2.109485233E1,-1.306857376E1,1.234123627E1,-3.516397614E1
2.110489933E1,-1.384021912E1,1.328637085E1,-3.475472717E1
2.111494533E1,-1.665900742E1,1.426668228E1,-3.471116776E1
2.112499133E1,-1.544099030E1,1.332184708E1,-3.707849487E1
2.113503733E1,-1.743125153E1,1.323577606E1,-3.859738632E1
2.114508333E1,-1.363439713E1,1.303339691E1,-3.532474182E1
2.115512933E1,-1.318203781E1,1.236982681E1,-3.240670990E1
2.116517533E1,-1.259914993E1,1.338277039E1,-3.733206757E1
2.117522133E1,-1.622251511E1,1.650782181E1,-3.445804413E1
2.118526733E1,-1.546000076E1,1.593645996E1,-3.985686722E1
2.119531333E1,-1.490300903E1,1.401595367E1,-4.218602371E1
2.120535933E1,-1.972912308E1,1.445858322E1,-3.995057236E1
2.121540533E1,-1.843521378E1,1.475900848E1,-3.897190750E1
2.122545133E1,-1.361224319E1,1.291559189E1,-3.865711212E1
2.123549733E1,-1.704625214E1,1.397389114E1,-3.377606232E1
2.124554433E1,-1.922916275E1,1.417552185E1,-3.857283737E1
2.125559033E1,-1.043105850E1,9.752519531E0,-3.903313019E1
2.126563633E1,-1.347946930E1,1.209933929E1,-3.518987228E1
2.127568233E1,-1.381162857E1,1.205188797E1,-3.648692505E1
2.128572833E1,-7.945028229E0,1.399933823E1,-3.523283295E1
2.129577433E1,-9.585167542E0,1.523127640E1,-4.097309601E1
2.130582033E1,-4.527035980E0,1.256741592E1,-4.027824097E1
2.131586633E1,-2.112107849E0,1.345926132E1,-3.728117340E1
2.132591233E1,-4.943320312E0,1.143097916E1,-3.925541794E1
2.133595833E1,-1.080737595E1,1.561597641E1,-3.416330704E1
2.134600433E1,-1.252744904E1,1.664927765E1,-3.528597244E1
2.135605033E1,-9.578730927E0,1.430634979E1,-4.228811142E1
2.136609733E1,-1.236698273E1,1.481963242E1,-3.922772552E1
2.137614333E1,-1.413420776E1,1.560789322E1,-3.648752380E1
2.138618933E1,-1.130494125E1,1.716345840E1,-3.518074127E1
2.139623533E1,-1.572060883E1,2.039344162E1,-3.510380127E1
2.140628133E1,-1.518427414E1,1.815888840E1,-3.699571701E1
2.141632733E1,-1.527588364E1,1.325523560E1,-3.782139999E1
2.142637333E1,-1.719234833E1,1.459524902E1,-3.586047775E1
2.143641933E1,-1.654988434E1,1.450872894E1,-3.615850800E1
2.144646533E1,-1.376058472E1,1.589245148E1,-3.499976761E1
2.145651133E1,-1.309596680E1,1.267249741E1,-3.905393692E1
2.146655733E1,-1.364352814E1,1.100960541E1,-3.785882217E1
2.147660333E1,-1.153501282E1,1.094449081E1,-3.713956787E1
2.148664946E1,-1.118998032E1,8.987759857E0,-3.937292358E1
2.149669646E1,-1.120045853E1,1.306228683E1,-3.559642685E1
2.150674246E1,-1.284374130E1,1.504835678E1,-3.547802307E1
2.151678846E1,-1.054991135E1,1.238195160E1,-3.684288483E1
2.152683446E1,-1.540656189E1,1.252280869E1,-3.791046478E1
2.153688046E1,-1.648596725E1,1.161853912E1,-3.975777328E1
2.154692646E1,-1.290032364E1,1.426653259E1,-3.311189346E1
2.155697246E1,-1.554277863E1,1.454615112E1,-3.504662018E1
2.156701846E1,-1.489597366E1,1.445798447E1,-3.695619919E1
2.157706446E1,-1.484687576E1,1.395173721E1,-3.764491699E1
2.158711046E1,-1.001267853E1,9.808203735E0,-3.701158401E1
2.159715646E1,-1.258283386E1,1.167931274E1,-3.292553101E1
2.160720246E1,-1.465527420E1,1.248733246E1,-3.573189514E1
2.161724846E1,-1.649135605E1,1.369651794E1,-3.442047226E1
2.162729546E1,-1.409424088E1,1.486049744E1,-3.195944000E1
2.163734146E1,-1.926957870E1,1.283969971E1,-3.595223694E1
2.164738746E1,-1.865824997E1,1.347348175E1,-3.716591309E1
2.165743346E1,-1.793660065E1,1.752959702E1,-2.877391434E1
2.166747946E1,-1.637759262E1,1.507799515E1,-3.009282166E1
2.167752546E1,-2.203238342E1,1.312515610E1,-3.795776642E1
2.168757146E1,-2.045720901E1,1.127051285E1,-4.000820251E1
2.169761746E1,-1.166569107E1,1.012734009E1,-3.123614410E1
2.170766346E1,-1.237267090E1,6.810238037E0,-3.320350296E1
2.171770946E1,-1.531839523E1,8.582851868E0,-3.254247757E1
2.172775546E1,-1.033301239E1,1.032792297E1,-2.486778717E1
2.173780146E1,-5.205874329E0,8.474177856E0,-2.699201981E1
2.174784746E1,-1.267324585E1,9.552086334E0,-3.390120209E1
2.175789446E1,-1.101903580E1,1.131018036E1,-3.187396774E1
2.176794046E1,-7.091652832E0,1.049332901E1,-2.667692505E1
2.177798646E1,-1.111872849E1,1.461410980E1,-2.336536148E1
2.178803246E1,-6.899452515E0,1.488579483E1,-2.675506256E1
2.179807846E1,-5.247038727E0,1.375789032E1,-2.515968018E1
2.180812446E1,-8.541388092E0,1.174801987E1,-2.520683212E1
2.181817046E1,-1.065798660E1,1.064211960E1,-2.771052567E1
2.182821646E1,-9.347910919E0,9.852361908E0,-2.452919128E1
2.183826246E1,-1.516631149E1,1.540880722E1,-2.166295166E1
2.184830846E1,-1.186672302E1,1.330523163E1,-2.608745087E1
2.185835446E1,-1.827923813E1,1.225157272E1,-2.793984879E1
2.186840046E1,-2.019690033E1,1.071846085E1,-2.674877563E1
2.187844646E1,-1.837863144E1,6.679709473E0,-2.637260788E1
2.188849346E1,-1.699221451E1,5.561085663E0,-2.414179688E1
2.189853946E1,-1.913575699E1,9.376950531E0,-2.394420776E1
2.190858546E1,-1.577314957E1,1.105466171E1,-2.323438385E1
2.191863146E1,-1.295016998E1,7.813002777E0,-2.419613388E1
2.192867746E1,-8.211025085E0,5.950875092E0,-2.305640396E1
2.193872346E1,-6.912176056E0,4.254153442E0,-1.699820206E1
2.194876946E1,-7.621251526E0,7.487729187E0,-1.253223907E1
2.195881546E1,-9.699679413E0,9.830657043E0,-1.815933746E1
2.196886146E1,-7.129524078E0,1.085348007E1,-1.829854797E1
2.197890746E1,-9.398206329E0,1.253687943E1,-1.689192307E1
2.198895346E1,-1.447924026E1,1.147019760E1,-2.151700516E1
2.199899946E1,-1.436876999E1,9.697733459E0,-1.943438599E1
2.200904546E1,-1.032912048E1,9.415570221E0,-1.621338409E1
2.201909246E1,-1.000953506E1,1.011790970E1,-1.719429428E1
2.202913846E1,-8.196056213E0,9.162596283E0,-1.747106873E1
2.203918446E1,-7.031927032E0,6.290518799E0,-1.499581604E1
2.204923046E1,-7.822732544E0,3.311114502E0,-1.585622681E1
2.205927646E1,-1.273836044E1,4.064348145E0,-1.646306488E1
2.206932246E1,-1.303998322E1,6.683002625E0,-1.501482651E1
2.207936846E1,-1.018317398E1,5.470224609E0,-1.599932922E1
2.208941446E1,-1.173694290E1,5.892346802E0,-1.225336899E1
2.209946046E1,-1.320508987E1,4.776716766E0,-1.277653107E1
2.210950646E1,-1.319805450E1,6.005212097E0,-1.206595871E1
2.211955246E1,-1.048329987E1,1.837279358E0,-1.244661713E1
2.212959846E1,-1.150073410E1,4.268074493E0,-1.204634949E1
2.213964446E1,-1.276665161E1,7.286397858E0,-1.095062805E1
2.214969146E1,-1.330538132E1,5.904920654E0,-1.388632324E1
2.215973746E1,-9.230854340E0,5.931714935E0,-9.307045898E0
2.216978346E1,-1.032747391E1,4.703518982E0,-1.057940002E1
2.217982946E1,-1.405861496E1,5.691314850E0,-1.338785980E1
2.218987546E1,-1.073866882E1,5.458548889E0,-1.518711823E1
2.219992146E1,-9.371711426E0,5.063969421E0,-1.221549774E1
2.220996746E1,-9.062155151E0,7.022646332E0,-1.023511597E1
2.222001346E1,-9.432185669E0,5.882916412E0,-1.269120850E1
2.223005946E1,-7.216493225E0,4.308490448E0,-1.081261505E1
2.224010546E1,-8.903934174E0,3.841910706E0,-1.018062927E1
2.225015146E1,-1.009695328E1,4.268972626E0,-8.371790771E0
2.226019746E1,-1.058718384E1,4.343667297E0,-1.068103867E1
2.227024346E1,-6.875053253E0,3.536994781E0,-8.327782288E0
2.228028946E1,-7.753576355E0,3.883524170E0,-7.580536194E0
2.229033546E1,-5.831273804E0,3.587739258E0,-5.062322845E0
2.230038246E1,-6.460714874E0,3.974385223E0,-4.050876160E0
2.231042846E1,-7.490722961E0,4.010310516E0,-5.877228241E0
2.232047446E1,-6.477330322E0,3.999682617E0,-6.293961639E0
2.233052046E1,-7.705975342E0,2.558928680E0,-9.216783600E0
2.234056646E1,-1.009934830E1,4.135300598E0,-9.578730927E0
2.235061246E1,-5.881269836E0,3.418740692E0,-7.705226898E0
2.236065846E1,-4.077221375E0,3.890110474E0,-5.334606628E0
2.237070446E1,-4.991969147E0,3.416345673E0,-5.643264771E0
2.238075046E1,-5.604944458E0,2.098935242E0,-7.715106354E0
2.239079646E1,-4.890779572E0,3.279829559E0,-4.523742828E0
2.240084246E1,-7.328759766E0,2.365231476E0,-2.626587982E0
2.241088846E1,-1.098670303E1,1.715732117E0,-5.646108856E0
2.242093446E1,-9.148226166E0,6.012995911E-1,-5.563780060E0
2.243098046E1,-6.554270325E0,5.998027039E-1,-3.264860687E0
2.244102746E1,-1.176478500E1,3.877686310E0,-4.730762329E0
2.245107346E1,-1.095032867E1,6.401138763E0,-5.463937683E0
2.246111946E1,-7.366780701E0,4.459676056E0,-5.013973389E0
2.247116546E1,-8.007298737E0,3.208128662E0,-7.886050873E0
2.248121146E1,-1.041489212E1,3.681145020E0,-4.238735504E0
2.249125737E1,-5.209915924E0,1.101559296E0,-2.897823944E0
2.250130338E1,-4.991370392E0,-1.869013367E0,-3.504811707E0
2.251134938E1,-5.954617310E0,1.669328613E0,-6.146218872E-1
2.252139538E1,-3.079845428E0,3.758683777E-1,-4.260140991E0
2.253144138E1,-2.667003937E0,4.493655396E-1,-4.345613251E0
2.254148738E1,-6.430477753E0,3.842359772E0,-1.908381500E0
2.255153338E1,-5.742209015E0,2.592159576E0,-5.933660889E0
2.256157938E1,-3.109334106E0,1.450483704E0,-3.856280823E0
2.257162538E1,-2.319277039E0,2.460433502E0,4.474195862E-1
2.258167138E1,-4.612508240E0,1.246757355E0,-3.173700256E0
2.259171837E1,-6.617438965E0,1.352287903E0,-3.673660583E0
2.260176437E1,-5.202880554E0,1.304836578E0,-3.236868896E0
2.261181038E1,-6.138435059E0,7.351213074E-1,-4.711003418E0
2.262185638E1,-6.603966980E0,1.666484528E0,-4.734803925E0
2.263190238E1,-5.038971405E0,1.782792664E0,-3.269351349E0
2.264194838E1,-5.151836700E0,3.083587646E-1,-4.897365875E0
2.265199438E1,-6.692582703E0,1.097966766E0,-3.366349640E0
2.266204038E1,-5.300776978E0,1.290915527E0,-3.275638275E0
2.267208638E1,-7.577542419E0,1.682351532E0,-4.483027496E0
2.268213238E1,-6.209686890E0,2.243384857E0,-5.129982147E0
2.269217838E1,-5.048701172E0,2.231559448E0,-1.985920258E0
2.270222437E1,-5.748795319E0,1.348545685E0,-1.502425690E0
2.271227037E1,-5.579796753E0,3.040177917E-1,-3.810027008E0
2.272231638E1,-5.862109680E0,2.176473999E-1,-3.064128113E0
2.273236238E1,-5.454806671E0,1.269210663E0,-2.490820312E0
2.274240938E1,-4.822222137E0,7.713459778E-1,-3.222349091E0
2.275245538E1,-4.831652527E0,1.819466400E0,-3.154989166E0
2.276250138E1,-3.373085632E0,1.182989960E0,-2.918031921E0
2.277254738E1,-4.402345276E0,1.865720215E0,-4.326004028E0
2.278259338E1,-3.757635956E0,1.768272858E0,-4.040996704E0
2.279263938E1,-3.230581970E0,5.989045715E-1,-3.570225677E0
2.280268538E1,-3.938609619E0,6.376739502E-1,-3.713926849E0
2.281273137E1,-5.010680237E0,1.538201294E0,-3.044967957E0
2.282277737E1,-3.416046295E0,1.653012543E0,-3.494782562E0
2.283282338E1,-2.443219299E0,5.442681885E-1,-3.062481537E0
2.284286938E1,-3.783232727E0,1.204994202E0,-2.406246185E0
2.285291538E1,-4.281546478E0,1.878294067E0,-3.045716400E0
2.286296138E1,-4.056264954E0,1.081650696E0,-4.579127655E0
2.287300738E1,-5.936504974E0,2.455643463E0,-3.005749512E0
2.288305338E1,-4.003574524E0,2.022893372E0,-3.515738983E0
2.289309938E1,-4.979694672E0,8.662486267E-1,-5.094056854E0
2.290314638E1,-5.748495941E0,1.979333954E0,-3.514092407E0
2.291319237E1,-4.517605591E0,1.584604797E0,-3.551215210E0
2.292323837E1,-5.366789703E0,1.122665405E0,-5.744604034E0
2.293328438E1,-4.481530609E0,2.375709686E0,-2.009122009E0
2.294333038E1,-4.671635284E0,1.406624908E0,-3.388204193E0
2.295337638E1,-4.481680298E0,9.333091736E-1,-4.677323456E0
2.296342238E1,-5.960604858E0,1.114432526E0,-3.891906738E0
2.297346838E1,-5.018014984E0,1.447639618E0,-4.212839355E0
2.298351438E1,-3.863465881E0,7.514373779E-2,-4.647834778E0
2.299356038E1,-5.589526520E0,4.266128540E-1,-4.047882385E0
2.300360638E1,-5.950575714E0,1.205892334E0,-3.885919189E0
2.301365238E1,-4.348307648E0,1.219214630E0,-3.570674744E0
2.302369838E1,-2.518961792E0,6.228547668E-1,-1.801054688E0
2.303374437E1,-4.702620850E0,1.120120697E0,-3.012635193E0
2.304379037E1,-6.467750244E0,1.885778503E0,-4.563110962E0
2.305383638E1,-3.767066345E0,1.680106201E0,-2.906356201E0
2.306388338E1,-4.196972351E0,1.181493073E0,-4.579876099E0
2.307392938E1,-5.947132874E0,2.146985321E0,-3.244203644E0
2.308397538E1,-5.722749481E0,2.514620819E0,-4.782105560E0
2.309402138E1,-2.904559937E0,-1.272354126E-1,-4.819078674E0
2.310406738E1,-5.486989746E0,1.174906769E0,-6.081104279E0
2.311411338E1,-5.427263947E0,1.592987366E0,-4.754862213E0
2.312415938E1,-4.353546753E0,1.093625793E0,-5.435796204E0
2.313420537E1,-2.276466064E0,4.370910645E-2,-3.318299561E0
2.314425137E1,-4.446653137E0,1.450034637E0,-2.977608032E0
2.315429738E1,-3.600462799E0,2.546055450E0,-5.654042358E0
2.316434338E1,2.290237427E-2,-1.018781433E0,-3.949536896E0
2.317438938E1,-2.406695251E0,9.235794067E-2,-3.626209259E0
2.318443538E1,-4.978796539E0,-2.154020691E-1,-6.304140472E0
2.319448138E1,-4.715194702E0,2.628533936E0,-3.211122437E0
2.320452738E1,1.043330383E-1,1.228046265E0,-9.400451660E-1
2.321457338E1,-5.212161255E0,1.018931122E0,-7.673343201E0
2.322461938E1,-6.843618622E0,3.109034729E0,-3.403322754E0
2.323466638E1,-1.892813873E0,1.889670410E0,-1.617087250E0
2.324471237E1,-5.916596375E0,-7.512876892E-1,-6.343658295E0
2.325475837E1,-6.121819611E0,3.676205292E0,-3.205733643E0
2.326480438E1,-3.062780914E0,3.704346771E0,-2.293680267E0
2.327485038E1,-1.263372803E0,5.773493958E-1,-4.103267212E0
2.328489638E1,-3.435805206E0,1.855691071E0,-4.349056091E0
2.329494238E1,-6.883286133E0,2.770588531E0,-4.116888885E0
2.330498838E1,-4.254303131E0,2.538571014E0,-3.761527863E0
2.331503438E1,-2.299368439E0,8.547225952E-1,-2.963986359E0
2.332508038E1,-5.796546021E0,8.053253174E-1,-5.380860443E0
2.333512638E1,-4.526586914E0,9.148974609E-1,-3.770209808E0
2.334517238E1,-3.034190369E0,-7.454498291E-2,-1.270108795E0
2.335521837E1,-6.257886658E0,-9.538165283E-1,-4.016148376E0
2.336526437E1,-6.447542267E0,1.166224823E0,-4.382736053E0
2.337531038E1,-4.522395630E0,1.578168182E0,-3.790717163E0
2.338535638E1,-4.670437775E0,8.711883545E-1,-5.262306976E0
2.339540238E1,-4.752766571E0,2.488874359E0,-3.451821899E0
2.340544938E1,-3.867208099E0,2.113455048E0,-3.164120178E0
2.341549538E1,-4.161645813E0,6.297404480E-1,-5.142705688E0
2.342554138E1,-3.040028229E0,1.017583923E0,-2.388433228E0
2.343558738E1,-4.387675781E0,1.087338867E0,-2.121987305E0
2.344563338E1,-4.378694458E0,1.151106262E-1,-3.168910217E0
2.345567937E1,-4.510420532E0,3.185375977E-1,-2.388283539E0
2.346572537E1,-4.969216461E0,-1.031355286E-1,-3.757635956E0
2.347577138E1,-5.437143402E0,2.170486450E-2,-4.931943970E0
2.348581713E1,-4.957989807E0,4.427792358E-1,-4.196523285E0
2.349586313E1,-3.944746857E0,2.911445618E-1,-3.358116760E0
2.350590913E1,-4.860392761E0,3.981719971E-1,-3.733236694E0
2.351595512E1,-5.535937958E0,9.645941162E-1,-4.278702393E0
2.352600112E1,-4.131408691E0,1.053060150E0,-3.109783173E0
2.353604713E1,-5.046605530E0,1.354832611E0,-3.203787689E0
2.354609313E1,-5.094505920E0,8.066725159E-1,-3.732039185E0
2.355613913E1,-4.974605255E0,4.635859680E-1,-3.076701965E0
2.356618613E1,-4.844226379E0,2.444416809E-1,-2.510130157E0
2.357623213E1,-6.222560120E0,5.929170227E-1,-3.550317078E0
2.358627813E1,-5.101241913E0,3.016227722E-1,-3.338058472E0
2.359632413E1,-5.048252106E0,4.592449951E-1,-2.364333344E0
2.360637013E1,-5.739664307E0,6.822811890E-1,-2.658621368E0
2.361641613E1,-4.988825684E0,7.409591675E-1,-2.601290588E0
2.362646212E1,-4.902604980E0,1.002914429E-2,-3.339405670E0
2.363650812E1,-6.089935913E0,7.792794800E-1,-2.980452118E0
2.364655413E1,-4.732708282E0,5.760021973E-1,-2.578986969E0
2.365660013E1,-5.189707947E0,1.472937012E-1,-2.003284149E0
2.366664613E1,-7.132218475E0,4.537065125E-1,-3.832031250E0
2.367669213E1,-6.722071381E0,5.179229736E-1,-3.021766205E0
2.368673813E1,-5.445226593E0,5.089416504E-2,-1.846410370E0
2.369678413E1,-5.040019226E0,-9.939331055E-1,-2.182162170E0
2.370683013E1,-7.875422974E0,3.739224243E-1,-2.616409149E0
2.371687713E1,-7.144343262E0,3.667373657E-1,-2.549198914E0
2.372692312E1,-6.653064880E0,-2.221380615E-1,-2.690505066E0
2.373696912E1,-6.949448547E0,-9.131011963E-2,-3.146007843E0
2.374701513E1,-5.647156677E0,-1.742376709E-1,-2.081571350E0
2.375706113E1,-5.962101746E0,1.462458801E-1,-1.652713165E0
2.376710713E1,-7.208859100E0,-1.824705505E-1,-3.245850220E0
2.377715313E1,-6.456074524E0,-2.752775574E-1,-2.869383087E0
2.378719913E1,-4.302951965E0,-5.866300964E-1,-7.948471069E-1
2.379724513E1,-6.359824677E0,-1.091380463E0,-1.783990173E0
2.380729113E1,-7.112459564E0,5.415737915E-1,-1.708996124E0
2.381733713E1,-5.757327576E0,-4.564009094E-1,-1.917362823E0
2.382738313E1,-5.490731964E0,-8.925938416E-1,-1.433269501E0
2.383742912E1,-6.176755371E0,6.956034851E-1,-4.529580688E-1
2.384747512E1,-7.086114349E0,-3.335064697E-1,-3.059487762E0
2.385752112E1,-5.851032715E0,-1.249302063E0,-2.842289429E0
2.386756713E1,-5.926775208E0,8.652008057E-2,-7.789801025E-1
2.387761413E1,-5.088218994E0,-1.459165649E0,-2.201172638E0
2.388766013E1,-5.576054535E0,-1.142274628E0,-1.733096008E0
2.389770613E1,-5.102738800E0,2.125579834E-1,-4.376898193E-1
2.390775213E1,-4.048032074E0,-2.213596802E0,-3.231929169E0
2.391779813E1,-3.433709564E0,-1.209185486E0,-3.929328918E-1
2.392784413E1,-3.464395752E0,-2.314187622E-1,1.422791290E0
2.393789013E1,-5.470224609E0,-1.575174408E0,-2.384541321E0
2.394793612E1,-3.829187164E0,-2.212848358E0,-2.279160461E0
2.395798212E1,-2.348017273E0,-2.279609528E0,-6.625222778E-1
2.396802813E1,-4.626728668E0,-1.696122894E0,7.714956665E-1
2.397807413E1,-7.592660980E0,3.504212952E-1,-3.312611389E-1
2.398812013E1,-7.043453064E0,-1.722767487E0,-3.414399719E0
2.399816613E1,-7.302713928E0,-1.474433899E-1,-1.770817566E0
2.400821213E1,-7.725285187E0,-2.433938599E-1,-4.196523285E0
2.401825813E1,-9.941576385E0,4.831951904E-1,-3.866459656E0
2.402830513E1,-5.701343994E0,-1.604363708E0,-2.708467712E0
2.403835113E1,-5.100493469E0,-1.665436707E0,-1.343905334E0
2.404839713E1,-5.565276947E0,-1.655557251E0,-2.420017548E0
2.405844312E1,-6.964866486E0,-4.111949158E-1,-4.244573364E0
2.406848912E1,-4.235891418E0,-9.982740784E-1,-2.655178528E0
2.407853513E1,-2.260748749E0,-5.565426636E-1,1.751657410E0
2.408858113E1,-4.788392487E0,-2.915038147E0,-1.915566559E0
2.409862713E1,-5.408103790E0,-2.636018372E0,-4.398004303E0
2.410867313E1,-4.378993835E0,-5.636678467E0,-3.764671326E0
2.411871913E1,-1.008557693E1,-7.942483521E-1,-6.974895630E0
2.412876513E1,-8.984466705E0,2.076182556E-1,-1.027164001E1
2.413881113E1,-3.929328918E0,-9.933343506E-1,-8.088430023E0
2.414885713E1,-2.962938538E0,-4.560266876E0,-7.594756622E0
2.415890313E1,-1.242730728E1,3.543132019E-1,-1.278177017E1
2.416894912E1,-7.715555420E0,-2.680924988E-1,-9.160500641E0
2.417899512E1,-5.180576935E0,-2.483635254E0,-1.128114075E1
2.418904213E1,-7.319778442E0,-1.326691132E0,-9.684111786E0
2.419908813E1,-9.463171234E0,9.913883972E-1,-9.682614899E0
2.420913413E1,-6.731651459E0,-1.775457916E0,-1.056278458E1
2.421918013E1,-5.850583649E0,-7.518864441E-1,-1.069825287E1
2.422922613E1,-5.099295959E0,9.398954773E-1,-9.957593079E0
2.423927213E1,-4.663552094E0,1.104403381E0,-1.278206955E1
2.424931813E1,-5.298232269E0,-6.364764404E-1,-1.436577621E1
2.425936413E1,-8.553662567E0,3.639381866E0,-1.327843735E1
2.426941012E1,-3.251089325E0,4.093986511E-1,-1.159773239E1
2.427945612E1,-9.498048706E0,1.223106537E0,-1.726135483E1
2.428950213E1,-1.054452255E1,4.997507629E0,-2.020648041E1
2.429954813E1,-4.268373871E0,7.348069611E0,-2.008089157E1
2.430959413E1,-2.817890167E0,6.576573944E0,-2.059372513E1
2.431964013E1,-7.324867859E0,5.198389893E0,-1.797162781E1
2.432968613E1,-1.089120163E1,4.986879730E0,-1.809003159E1
2.433973213E1,-4.231849823E0,2.513123932E0,-1.507485168E1
2.434977813E1,-4.983736267E0,4.889731750E0,-1.655796753E1
2.435982413E1,-6.468199310E0,7.137906647E0,-2.166609512E1
2.436987113E1,-2.220931549E0,6.216123505E0,-2.129801056E1
2.437991712E1,-5.106031952E0,5.124293976E0,-1.808090057E1
2.438996312E1,-5.663323059E0,5.257217560E0,-2.021336609E1
2.440000913E1,-7.509134674E0,5.782475281E0,-2.331222198E1
2.441005513E1,-6.304439850E0,4.659510498E0,-2.453158630E1
2.442010113E1,-7.017107849E0,5.286406860E0,-2.355187363E1
2.443014713E1,-9.762698364E0,6.726861420E0,-2.879307449E1
2.444019313E1,-1.179382462E1,8.883127441E0,-2.646571426E1
2.445023913E1,-9.979747009E0,9.936636658E0,-2.126867157E1
2.446028513E1,-9.711205444E0,8.437204742E0,-2.569332047E1
2.447033113E1,-8.964408417E0,6.778803406E0,-2.578118774E1
2.448037713E1,-8.916657715E0,7.998916168E0,-2.646586395E1
2.449042333E1,-8.816366272E0,1.012509476E1,-2.535996368E1
2.450046933E1,-5.736520844E0,9.293424225E0,-2.489772491E1
2.451051533E1,-8.388106842E0,1.032807266E1,-2.656046722E1
2.452056133E1,-8.055797882E0,1.168125870E1,-2.565290451E1
2.453060733E1,-8.102351074E0,9.740394745E0,-3.073977631E1
2.454065333E1,-1.132634674E1,7.355404358E0,-3.141053146E1
2.455069933E1,-1.514460663E1,8.847202148E0,-2.945933899E1
2.456074633E1,-1.953258179E1,1.111244156E1,-3.410283279E1
2.457079233E1,-1.709220657E1,1.000893631E1,-3.488690231E1
2.458083833E1,-2.042218185E1,1.075199112E1,-2.697390747E1
2.459088433E1,-1.514236130E1,1.341210938E1,-2.928195786E1
2.460093033E1,-1.571282501E1,1.455977280E1,-2.962025436E1
2.461097633E1,-1.134805161E1,1.301842804E1,-3.222334122E1
2.462102233E1,-1.187615341E1,1.249481689E1,-3.000405624E1
2.463106833E1,-7.856861572E0,1.314910629E1,-3.279859497E1
2.464111433E1,-1.687276291E1,1.116632950E1,-3.364268967E1
2.465116033E1,-1.432715652E1,1.280272659E1,-3.216466324E1
2.466120633E1,-8.851692810E0,1.118848343E1,-3.349060593E1
2.467125233E1,-1.264510437E1,1.010847931E1,-3.482717651E1
2.468129833E1,-1.336959778E1,9.491163025E0,-3.030687653E1
2.469134433E1,-1.169982010E1,1.003243744E1,-3.519990143E1
2.470139033E1,-1.191327621E1,1.172706345E1,-3.101819733E1
2.471143633E1,-1.198557587E1,1.250858826E1,-3.258124695E1
2.472148233E1,-1.070873108E1,1.302666092E1,-3.341980316E1
2.473152833E1,-1.306917252E1,1.287233185E1,-3.461057693E1
2.474157433E1,-1.222792191E1,1.384725449E1,-3.160063614E1
2.475162033E1,-8.350834351E0,1.320823334E1,-3.101280853E1
2.476166733E1,-1.574545715E1,1.354069199E1,-3.349300095E1
2.477171333E1,-1.386581589E1,1.375564499E1,-3.234324188E1
2.478175933E1,-1.313413742E1,1.351644241E1,-2.908601532E1
2.479180533E1,-1.484343292E1,1.375324997E1,-3.315635101E1
2.480185133E1,-1.749486923E1,1.516481461E1,-3.287927719E1
2.481189733E1,-1.512844025E1,1.356359436E1,-3.270938049E1
2.482194333E1,-1.729084351E1,1.169937103E1,-3.115800659E1
2.483198933E1,-1.752241196E1,1.237117401E1,-3.379058212E1
2.484203533E1,-1.844688950E1,1.426892761E1,-3.553640167E1
2.485208133E1,-1.477053452E1,1.366478394E1,-3.347009857E1
2.486212733E1,-1.339354797E1,1.110735214E1,-3.099319931E1
2.487217333E1,-1.602926697E1,1.056981995E1,-3.414489532E1
2.488221933E1,-1.702993607E1,1.227941483E1,-3.141232773E1
2.489226533E1,-1.147468826E1,1.302785843E1,-3.078558105E1
2.490231133E1,-1.345911163E1,1.296454010E1,-2.997322037E1
2.491235733E1,-1.451172272E1,1.168065994E1,-3.112148254E1
2.492240333E1,-1.406475220E1,1.239781860E1,-2.760529449E1
2.493244933E1,-1.013946487E1,1.415561325E1,-2.880864212E1
2.494249533E1,-1.650078644E1,1.353575226E1,-3.005060944E1
2.495254133E1,-1.777987656E1,1.571057968E1,-2.623294830E1
2.496258833E1,-1.286454803E1,1.406565033E1,-3.054143875E1
2.497263433E1,-1.557032135E1,1.228225891E1,-2.978895355E1
2.498268033E1,-1.535985901E1,1.388093445E1,-2.636677002E1
2.499272633E1,-1.574186462E1,1.230306564E1,-3.020898010E1
2.500277233E1,-1.284194504E1,1.008916946E1,-2.447874619E1
2.501281833E1,-1.447714462E1,1.109013794E1,-2.461152008E1
2.502286433E1,-1.290077271E1,1.136810989E1,-2.014301239E1
2.503291033E1,-6.558162231E0,9.852361908E0,-1.934367462E1
2.504295633E1,-7.407496033E0,7.562723236E0,-2.639371399E1
2.505300233E1,-6.748715973E0,8.498277740E0,-2.292123505E1
2.506304833E1,-5.833968201E0,1.223690323E1,-1.158336227E1
2.507309433E1,-9.206455078E0,1.262789017E1,-1.780382675E1
2.508314033E1,-7.005432129E0,1.456576035E1,-1.893068344E1
2.509318633E1,-4.667593689E0,1.313787964E1,-1.389261017E1
2.510323233E1,-1.002435425E1,1.440619217E1,-1.194530960E1
2.511327833E1,-7.496560822E0,1.219214630E1,-1.267803589E1
2.512332433E1,-1.539563461E1,1.030232620E1,-1.826890961E1
2.513337033E1,-1.886452103E1,1.339893677E1,-1.777643372E1
2.514341633E1,-1.096050751E1,1.355640930E1,-1.049317932E1
2.515346333E1,-9.479636993E0,8.507857819E0,-1.165386566E1
2.516350933E1,-1.043824356E1,8.313262482E0,-1.229183899E1
2.517355533E1,-6.419251099E0,8.553063812E0,-6.826853485E0
2.518360133E1,-7.922724609E0,4.137096863E0,-8.472830658E0
2.519364733E1,-1.312380890E1,5.057532806E0,-1.480556168E1
2.520369333E1,-1.152333710E1,3.182232513E0,-9.038055267E0
2.521373933E1,-1.860406265E1,2.764900360E0,-1.009500732E0
2.522378533E1,-2.700683899E1,-1.323847046E0,-5.370831299E0
2.523383133E1,-2.486509277E1,9.303153992E-1,-9.129215698E0
2.524387733E1,-6.767576752E0,8.549171906E0,2.378254395E0
2.525392333E1,-3.743415527E0,6.842570801E0,-3.596570892E0
2.526396933E1,-3.800596619E-1,5.260660400E0,-9.074729004E0
2.527401533E1,2.134860535E0,5.582191772E0,1.630409546E0
2.528406133E1,5.007087708E-1,1.401984558E0,2.180066528E0
2.529410733E1,-7.510182495E0,-1.896556091E0,-6.744973755E-1
2.530415333E1,-3.484603729E0,-6.653663635E-1,3.260519714E0
2.531419933E1,-3.225043488E0,2.403701477E0,3.363655243E0
2.532424533E1,-2.221679993E0,4.575834503E0,3.504362640E0
2.533429233E1,-2.080972595E0,7.022346954E0,5.403912506E0
2.534433833E1,7.517367554E-1,2.716251526E0,5.539979553E0
2.535438433E1,-3.710034943E0,2.814147949E-2,6.195466461E0
2.536443033E1,-6.437513123E0,-2.633174286E0,6.612349548E0
2.537447633E1,-2.732866974E0,-4.769232330E0,9.253457336E0
2.538452233E1,-5.194497986E0,-4.506528625E0,9.403744812E0
2.539456833E1,-8.606053619E0,6.565347290E-1,5.120551758E0
2.540461433E1,-9.578581238E0,2.685864716E0,4.218377838E0
2.541466033E1,-6.103407898E0,8.981323242E-2,3.921694794E0
2.542470633E1,-9.113049316E-1,-4.450694733E0,6.165828094E0
2.543475233E1,-1.062071411E1,-4.155658264E0,8.978329468E-1
2.544479833E1,-8.058941345E0,-3.121907959E0,2.303110657E0
2.545484433E1,-3.547622681E-2,-6.111491089E0,1.202464462E1
2.546489033E1,-5.682333527E0,-9.386380920E0,4.058510284E0
2.547493633E1,-1.125374771E1,-5.214256897E0,3.604354706E0
2.548498196E1,-6.045478363E0,-7.371870117E0,6.731501770E0
2.549502796E1,-6.262077942E0,-9.441316681E0,4.630321198E0
2.550507496E1,-9.442214813E0,-2.354453888E0,1.052431458E1
2.551512096E1,-1.037387741E1,8.138575745E-1,4.725223846E0
2.552516696E1,-2.430346069E0,-3.617227936E0,3.776496735E0
2.553521296E1,-2.884651337E0,-5.162763977E0,5.259911957E0
2.554525896E1,-4.062701569E0,-3.682492218E0,9.536668396E-1
2.555530496E1,5.040019226E-1,-1.395997009E0,7.562723236E0
2.556535096E1,3.983216858E-1,-4.644242249E0,9.365274811E0
2.557539696E1,-1.833986206E0,-7.846682739E0,5.406756592E0
2.558544296E1,-6.676116943E-2,-5.314698029E0,8.329877930E0
2.559548896E1,1.080752563E0,-2.291285248E0,8.503666534E0
2.560553496E1,-2.869682465E0,-2.084415436E0,6.286776581E0
2.561558096E1,-2.808908844E0,-5.777086487E0,7.823780365E0
2.562562696E1,1.376687164E0,-5.845344543E0,8.782835999E0
2.563567296E1,-3.677552490E0,-1.571432190E0,7.347321167E0
2.564571896E1,-7.479795685E0,-1.730251923E0,4.436773682E0
2.565576496E1,-4.987927551E0,-2.099533997E0,4.444707184E0
2.566581096E1,1.966460724E0,-6.094426575E0,5.148992615E0
2.567585696E1,-5.493576050E-1,-7.744295654E0,9.321715393E0
2.568590396E1,-2.332449646E0,-6.842720490E0,6.174360352E0
2.569594996E1,-5.003495178E0,-6.048921204E0,-6.183641052E-1
2.570599596E1,-5.877377930E0,-6.082152100E0,3.876189423E0
2.571604196E1,8.452922058E-1,-4.082310791E0,6.033503265E0
2.572608796E1,-7.420668640E0,-3.588338013E0,3.966751099E-1
2.573613396E1,-1.074315948E1,-4.057462463E0,7.972421265E-1
2.574617996E1,-5.216651917E-1,-4.352798309E0,1.774260406E0
2.575622596E1,-6.979535980E0,-6.915918274E0,1.983076172E0
2.576627196E1,-8.246501312E0,-2.300116882E0,2.456391907E0
2.577631796E1,-6.982978821E0,-3.323838043E0,-9.635462952E-1
2.578636396E1,-2.571502533E0,-5.544021149E0,3.648363190E0
2.579640996E1,-4.824766846E0,-6.387666779E0,3.825145569E0
2.580645596E1,-7.580087128E0,-8.452922058E-1,-2.253563690E0
2.581650196E1,-1.901046753E0,-2.542163544E0,5.957611084E0
2.582654796E1,-1.998793488E0,-4.420307922E0,4.749623108E0
2.583659396E1,-4.999752960E0,-4.673581238E0,3.101550293E0
2.584663996E1,-1.350940704E0,-1.318458252E0,8.574469299E0
2.585668596E1,-2.419418793E0,-1.019829254E0,3.892655182E0
2.586673196E1,-3.781735840E0,-2.509681091E0,2.642754364E0
2.587677796E1,-1.966011658E0,-3.203488312E0,3.779340820E0
2.588682396E1,-1.256187744E0,-2.692750397E0,2.553390198E0
2.589686996E1,-8.193960571E-1,-3.532653809E-2,1.213227081E0
2.590691696E1,-1.945953369E0,-1.405427399E0,2.070195007E-1
2.591696296E1,2.261197815E0,-2.265838165E0,3.026556244E0
2.592700896E1,6.435118103E-1,-3.788920898E0,1.237925720E-1
2.593705496E1,-2.502795410E0,-1.320553894E0,-5.331912231E-1
2.594710096E1,1.603166199E0,-1.031954041E0,3.533551941E0
2.595714696E1,4.555027771E0,-6.569388885E0,1.676064606E0
2.596719296E1,-9.493258667E-1,-6.175258484E0,3.908222809E0
2.597723896E1,-6.956034851E-1,-5.066963196E0,4.998256073E0
2.598728496E1,2.070195007E-1,-2.954256592E0,2.727627869E0
2.599733096E1,1.677112427E0,-6.011499023E0,2.430046692E0
2.600737696E1,-1.105810455E1,-3.715872803E0,-5.050796814E0
2.601742296E1,-7.901319122E0,-1.680255890E0,-8.968599701E0
2.602746896E1,-8.973240051E0,2.308948517E0,-2.830014954E0
2.603751496E1,-4.826114044E0,-2.491419067E0,-2.848127289E0
2.604756096E1,-8.153843994E0,-2.145039368E-1,-4.384382629E-1
2.605760696E1,-3.090922394E0,1.924248505E0,7.925419006E0
2.606765296E1,-3.424578552E0,-9.090596008E-1,3.887116699E0
2.607769896E1,-3.086431732E0,-2.840792542E0,-1.628613281E-1
2.608774496E1,-4.947212219E0,-3.381468201E-1,3.939507751E0
2.609779096E1,-4.680766296E0,-1.941163330E0,-4.067042542E0
2.610783696E1,-7.360194397E0,-2.540217590E0,-6.427783356E0
2.611788396E1,-4.912035370E0,-2.558778992E0,-5.796396332E0
2.612792996E1,-2.523901520E0,-7.349716187E-1,-5.469625854E-1
2.613797596E1,3.787124634E-1,-2.716251526E0,-4.320016479E-1
2.614802196E1,-5.338199158E0,-1.237776031E0,-4.127816162E0
2.615806796E1,2.297721863E-1,-4.250560913E0,-3.690425720E0
2.616811396E1,1.830243988E0,-3.722908173E0,1.832639008E0
2.617815996E1,-2.547252960E0,-2.269430695E0,-3.254382477E0
2.618820596E1,-2.855761414E0,-8.205935669E-1,-3.835773468E0
2.619825196E1,3.000211029E0,-3.098556519E0,-4.069886627E0
2.620829796E1,-1.051263885E0,-1.013542328E0,-4.721481628E0
2.621834396E1,-2.930156708E0,3.234473877E0,-5.461093597E0
2.622838996E1,1.262175293E0,2.146087189E0,-4.263284454E0
2.623843596E1,1.659299469E0,6.429130554E-1,-7.051835632E-1
2.624848196E1,-3.170556793E0,1.747915192E0,-4.781506805E0
2.625852796E1,-1.401385803E0,2.561623077E0,-7.731123047E0
2.626857396E1,1.151106262E0,1.004261627E0,-4.368515625E0
2.627861996E1,-2.560575256E0,2.263293457E-1,-5.914800110E0
2.628866596E1,-6.568341064E-1,-9.714797974E-2,-7.318880310E0
2.629871196E1,-4.593048706E0,7.409591675E-2,-6.661447449E0
2.630875796E1,-3.620820465E0,-1.109492798E0,-8.172704773E0
2.631880496E1,-2.024989014E0,1.009351044E0,-5.619164886E0
2.632885096E1,-3.262765045E0,7.149133301E-1,-7.028035126E0
2.633889696E1,-2.058369598E0,-2.315235443E0,-1.090123077E1
2.634894296E1,-8.861572266E-1,-1.480122070E0,-9.833650818E0
2.635898896E1,-6.185736694E0,-7.270381165E-1,-1.007255402E1
2.636903496E1,9.924362183E-1,-2.641856232E0,-1.219558914E1
2.637908096E1,1.309327240E0,-1.662592621E0,-1.191806625E1
2.638912696E1,-1.940714264E0,1.392703857E0,-9.707313538E0
2.639917296E1,3.100652161E0,-5.748046875E-1,-1.160686340E1
2.640921896E1,-1.793869629E0,-1.022523651E0,-1.127335693E1
2.641926496E1,-4.841531982E0,2.532284088E0,-1.121946899E1
2.642931096E1,-4.535268860E0,4.443060608E0,-1.220292389E1
2.643935696E1,-8.171207886E0,4.638105011E0,-1.400502640E1
2.644940296E1,-4.796475677E0,9.182654572E0,-1.487980728E1
2.645944896E1,-3.269351349E0,1.619871460E1,-1.588137451E1
2.646949496E1,1.263372803E-1,1.750340149E1,-1.074884766E1
2.647954096E1,-5.297483826E0,9.110504608E0,-1.222537720E1
2.648958746E1,-9.570797424E0,4.514462128E0,-1.202733902E1
2.649963346E1,-1.126332779E1,3.391347656E0,-1.363304993E1
2.650967946E1,-9.140292664E0,2.830164642E0,-1.570129898E1
2.651972546E1,-1.194725555E1,2.958298187E0,-1.810844330E1
2.652977146E1,-1.183858154E1,3.021317139E0,-1.669328613E1
2.653981746E1,-1.160461807E1,6.133495331E0,-1.156210648E1
2.654986446E1,-1.082309326E1,4.073778534E0,-1.229603027E1
2.655991046E1,-8.193661194E0,-4.677772522E-1,-1.919503372E1
2.656995646E1,-5.861810303E0,-1.651066589E0,-1.779319885E1
2.658000246E1,-5.819298706E0,-2.845582581E-1,-1.107546844E1
2.659004846E1,-6.566095734E0,1.154549103E0,-1.278865585E1
2.660009446E1,-9.051976318E0,2.658920746E0,-1.427162201E1
2.661014046E1,-1.129955246E1,5.229824524E0,-1.654419617E1
2.662018646E1,-9.456135864E0,5.145998840E0,-1.755923538E1
2.663023246E1,-5.936954041E0,3.586841125E0,-1.517873566E1
2.664027846E1,-5.266198883E0,3.961811371E0,-1.624691437E1
2.665032446E1,-4.247118073E0,1.053509216E1,-1.990216324E1
2.666037046E1,1.765877838E0,1.468356537E1,-2.255180328E1
2.667041646E1,2.062111816E0,1.308803329E1,-1.756597137E1
2.668046246E1,-2.082768860E0,7.756869507E0,-1.502725067E1
2.669050846E1,-6.532116394E0,5.333708496E0,-1.677247147E1
2.670055446E1,-4.389771423E0,4.259542236E0,-1.400083511E1
2.671060046E1,-2.335742798E0,6.206693115E0,-9.877060547E0
2.672064646E1,-8.126450958E0,9.995314636E0,-1.558708649E1
2.673069246E1,-8.596174164E0,1.083117645E1,-1.651815033E1
2.674073846E1,-7.423213348E0,8.745264130E0,-1.309955933E1
2.675078446E1,-1.118533997E1,6.056405640E0,-1.737212448E1
2.676083046E1,-1.934577026E1,7.242089996E0,-2.077350128E1
2.677087646E1,-1.446052917E1,5.865552521E0,-1.874402161E1
2.678092246E1,-9.498348083E0,2.802621918E0,-1.651395905E1
2.679096846E1,-1.178708862E1,4.605472870E0,-1.639256149E1
2.680101546E1,-1.388632324E1,5.870492249E0,-1.854972565E1
2.681106146E1,-1.021056702E1,4.578379211E0,-1.538815018E1
2.682110746E1,-6.061794434E0,2.490670624E0,-1.610216537E1
2.683115346E1,-7.533983002E0,1.627565460E0,-1.902783142E1
2.684119946E1,-1.140448425E1,2.371967468E0,-2.287168808E1
2.685124546E1,-1.289074356E1,5.700445862E0,-1.780472488E1
2.686129146E1,-1.192525131E1,5.523813171E0,-2.040541672E1
2.687133746E1,-1.237297028E1,5.730832672E0,-2.210288681E1
2.688138346E1,-1.111498627E1,5.691763916E0,-2.458218109E1
2.689142946E1,-1.006267456E1,6.975195007E0,-2.547836746E1
2.690147546E1,-2.990181885E0,7.937992859E0,-2.049388275E1
2.691152146E1,-1.616638184E-1,7.140151978E0,-1.868115234E1
2.692156746E1,-9.793234863E0,7.315437469E0,-2.256587402E1
2.693161346E1,-5.177283783E0,9.148974609E0,-1.959724731E1
2.694165946E1,-5.122497711E0,5.023852844E0,-2.387609940E1
2.695170546E1,-6.690337372E0,5.294190674E0,-2.116583542E1
2.696175146E1,-7.267986145E0,8.601862335E0,-1.968706055E1
2.697179746E1,-5.631589050E0,7.998766479E0,-2.283486465E1
2.698184346E1,-6.587201843E0,7.716752930E0,-2.302182587E1
2.699188946E1,-6.026467896E0,5.637576599E0,-2.362492172E1
2.700193546E1,-7.491321716E0,4.881947937E0,-2.545007629E1
2.701198146E1,-6.847510529E0,6.277346191E0,-2.760963547E1
2.702202746E1,-5.491929474E0,6.451883240E0,-2.629671570E1
2.703207346E1,-3.786825256E0,9.515113220E0,-1.935939194E1
2.704211946E1,-1.826052704E0,9.292376404E0,-2.227996857E1
2.705216546E1,-3.679648132E0,8.297694855E0,-2.499322632E1
2.706221146E1,-1.814227295E-1,1.004860382E1,-1.996757721E1
2.707225746E1,-1.022403900E1,9.145232391E0,-2.078682358E1
2.708230346E1,-1.071411987E1,1.345836319E1,-2.624058243E1
2.709234946E1,-8.435109100E0,1.057565781E1,-2.784479645E1
2.710239546E1,-7.813900909E0,1.112082413E1,-2.168315964E1
2.711244146E1,-1.111154343E1,1.164398621E1,-2.422397598E1
2.712248746E1,-7.849975891E0,8.289312286E0,-3.285517731E1
2.713253446E1,-2.661615143E0,7.679779816E0,-2.986888733E1
2.714258046E1,-6.919810181E0,5.542973328E0,-2.815001175E1
2.715262646E1,-6.770121460E0,4.544699249E0,-3.407079941E1
2.716267246E1,-1.106783432E1,5.381309509E0,-2.782413940E1
2.717271846E1,-8.861572266E0,6.402485962E0,-2.790018127E1
2.718276446E1,-9.778565369E0,9.291927338E0,-2.703138794E1
2.719281046E1,-1.691123291E1,7.898774414E0,-2.885055496E1
2.720285646E1,-1.544937286E1,8.089477844E0,-2.990630951E1
2.721290246E1,-1.616204086E1,9.099577332E0,-3.100143219E1
2.722294846E1,-1.231114883E1,1.320104828E1,-2.989134064E1
2.723299446E1,-1.328217957E1,1.518726791E1,-3.427003510E1
2.724304046E1,-3.811374207E0,1.781699936E1,-3.722099854E1
2.725308646E1,-6.607260132E-1,1.220202576E1,-3.589041550E1
2.726313246E1,-4.658462677E0,9.247619476E0,-3.862702469E1
2.727317846E1,-7.050189056E0,7.943082275E0,-4.004921722E1
2.728322446E1,2.506088562E0,4.356540527E0,-3.379896469E1
2.729327046E1,2.838098145E-1,3.445534973E0,-2.519246201E1
2.730331646E1,-5.574857025E0,4.934788055E0,-2.954915222E1
2.731336246E1,-4.170926514E0,7.511529694E0,-3.445849319E1
2.732340846E1,-7.997718658E0,8.942104797E0,-3.482672745E1
2.733345446E1,-1.314925598E1,1.121542740E1,-3.636852127E1
2.734350046E1,-1.095107712E1,1.435874084E1,-3.521008026E1
2.735354646E1,-4.968767395E0,1.578632217E1,-3.247017792E1
2.736359246E1,-8.169411621E0,1.610710510E1,-3.208607666E1
2.737363846E1,-4.194427643E0,1.691198135E1,-3.204850479E1
2.738368446E1,-4.973557434E0,1.279030243E1,-3.259247360E1
2.739373046E1,-9.555978241E0,1.083925964E1,-3.179493210E1
2.740377646E1,-1.369966141E1,1.279239807E1,-3.316278763E1
2.741382246E1,-9.273964691E0,1.353994354E1,-3.011647247E1
2.742386846E1,-7.741152191E0,1.295750473E1,-2.622965515E1
2.743391446E1,-1.442849579E1,1.380399445E1,-3.268587936E1
2.744396046E1,-9.838291168E0,1.507260635E1,-3.470338394E1
2.745400646E1,-9.300908661E0,1.470437210E1,-3.054203751E1
2.746405246E1,-8.468938751E0,1.479583191E1,-2.902209824E1
2.747409846E1,-1.035217255E1,1.335747299E1,-3.250894730E1
2.748414446E1,-8.415499878E0,1.385893021E1,-2.761113235E1
2.749419033E1,-8.498876495E0,1.313593369E1,-2.605377090E1
2.750423633E1,-9.380692749E0,1.278760803E1,-2.907508804E1
2.751428233E1,-7.774532776E0,1.290346710E1,-2.400318512E1
2.752432833E1,-1.004456223E1,1.202554276E1,-2.619223297E1
2.753437433E1,-8.292006683E0,1.217822525E1,-2.765094955E1
2.754442033E1,-6.743327179E0,1.124731110E1,-2.312271606E1
2.755446733E1,-7.822133789E0,1.265109192E1,-2.198089050E1
2.756451333E1,-8.286019135E0,1.441188034E1,-2.350157822E1
2.757455933E1,-5.081333313E0,1.449166443E1,-2.262604889E1
2.758460533E1,-3.728746033E-1,1.241084152E1,-1.722063950E1
2.759465133E1,-5.794001312E0,1.010383896E1,-2.135968231E1
2.760469733E1,-3.152594147E0,1.226100311E1,-2.008957352E1
2.761474333E1,1.401984558E0,9.221723328E0,-1.564995575E1
2.762478933E1,-6.996001740E0,1.060903839E1,-1.903292084E1
2.763483533E1,-9.334289246E0,1.273955795E1,-1.969933502E1
2.764488133E1,-8.046816559E0,9.772428131E0,-2.060150894E1
2.765492733E1,-8.302634583E0,9.042246552E0,-1.890179352E1
2.766497333E1,-1.022748184E1,8.965456238E0,-1.840048599E1
2.767501933E1,-9.939331055E0,9.462273102E0,-1.555295746E1
2.768506533E1,-8.208779755E0,9.070238342E0,-1.511721359E1
2.769511133E1,-1.094419144E1,9.755962372E0,-1.584949081E1
2.770515733E1,-9.408684540E0,1.057041870E1,-1.261322067E1
2.771520333E1,-1.426623322E1,1.176014465E1,-1.070962921E1
2.772524933E1,-1.286664368E1,9.955796814E0,-1.189800797E1
2.773529533E1,-1.552017563E1,9.500443726E0,-1.551224213E1
2.774534133E1,-1.308503952E1,9.820328522E0,-1.212927704E1
2.775538733E1,-1.252385651E1,9.336235199E0,-1.121108643E1
2.776543333E1,-1.105511078E1,8.192463684E0,-1.258822266E1
2.777547933E1,-1.126213028E1,7.968529358E0,-1.284478912E1
2.778552533E1,-7.387886810E0,6.615193634E0,-9.738598480E0
2.779557133E1,-9.308243408E0,6.037844238E0,-1.269824387E1
2.780561733E1,-1.091754684E1,7.248376923E0,-1.181612823E1
2.781566333E1,-7.895930328E0,5.259313202E0,-1.058628571E1
2.782570933E1,-6.572831726E0,2.350412292E0,-9.494156799E0
2.783575533E1,-1.229168930E1,3.965553589E0,-1.004171814E1
2.784580133E1,-1.142349472E1,1.746867371E0,-9.098828888E0
2.785584733E1,-1.473266327E1,9.487271118E-1,-8.314459991E0
2.786589333E1,-1.237461685E1,3.805835724E0,-6.857240295E0
2.787593933E1,-1.029334488E1,6.511159973E0,-7.158563690E0
2.788598633E1,-1.105466171E1,6.793622589E0,-9.703122253E0
2.789603233E1,-1.057146652E1,6.928791504E0,-5.674849091E0
2.790607833E1,-1.111887817E1,5.195545807E0,-6.199208679E0
2.791612433E1,-1.072759186E1,3.719165955E0,-7.343728638E0
2.792617033E1,-1.013736923E1,4.272864532E0,-4.060456238E0
2.793621633E1,-1.129850464E1,2.955603790E0,-4.755760345E0
2.794626233E1,-1.534114792E1,5.143603821E0,-6.692283325E0
2.795630833E1,-8.675958252E0,3.644770660E0,-4.467609558E0
2.796635433E1,-9.651629333E0,2.494412842E0,-1.594484253E0
2.797640033E1,-1.524010803E1,4.550088043E0,-3.619024200E0
2.798644633E1,-1.012180161E1,2.642305298E0,-3.531605988E0
2.799649233E1,-8.102201385E0,3.207080841E0,2.665956116E0
2.800653833E1,-1.278177017E1,2.818039856E0,-2.766397247E0
2.801658433E1,-1.355700806E1,2.076032867E0,-7.241491241E0
2.802663033E1,-9.757309570E0,1.779050446E0,-1.759590912E0
2.803667633E1,-1.017703674E1,-2.210902405E-1,-4.257147217E-1
2.804672233E1,-1.183274368E1,1.552870789E0,-2.684218140E0
2.805676833E1,-1.005683670E1,2.883603516E0,-2.709964600E0
2.806681433E1,-5.710624695E0,-9.415420532E-2,-7.074288940E-1
2.807686033E1,-1.095152618E1,1.034199371E0,1.037342834E-1
2.808690633E1,-1.065394501E1,1.799707489E0,-1.118324432E0
2.809695233E1,-9.368118896E0,1.198707275E0,-1.404080200E0
2.810699833E1,-1.087683151E1,2.294578400E0,-1.074914703E0
2.811704433E1,-1.145043869E1,2.252366180E0,6.777905273E-1
2.812709033E1,-1.189231979E1,5.031037903E-1,5.822891235E-1
2.813713633E1,-1.124401794E1,9.598040771E-1,1.778900757E0
2.814718233E1,-1.047746201E1,2.824476471E0,4.647685089E0
2.815722833E1,-1.001672012E1,8.972341919E-1,1.939217377E0
2.816727433E1,-1.013257919E1,-1.205742645E0,1.371897125E0
2.817732033E1,-9.696386261E0,-1.151106262E-1,3.328628082E0
2.818736733E1,-8.714577942E0,-2.007625122E0,1.968256989E0
2.819741333E1,-7.667505341E0,-1.064885559E0,1.681603088E0
2.820745933E1,-5.163811798E0,8.946894836E-1,3.747157745E0
2.821750533E1,-4.300407257E0,-1.827998657E0,1.468146973E0
2.822755133E1,-5.572162628E0,-1.425934753E0,3.152444458E0
2.823759733E1,-4.750371552E0,7.903564453E-2,3.970942383E0
2.824764333E1,-3.778592377E0,-1.497336273E0,1.645228729E0
2.825768933E1,-5.754932556E0,-1.219663696E0,4.126768341E0
2.826773533E1,-4.777016144E0,-8.967851257E-1,6.265520782E0
2.827778133E1,-4.719385986E0,-2.240540771E0,3.755390625E0
2.828782733E1,-5.685327301E0,-2.553240509E0,3.621568909E0
2.829787333E1,-5.783523102E0,-1.330433350E0,7.086264038E0
2.830791933E1,-6.812483368E0,-1.583107910E0,6.365063782E0
2.831796533E1,-6.289620667E0,-2.659220123E0,5.262756042E0
2.832801133E1,-8.929680634E0,-4.899311829E-1,6.802753601E0
2.833805733E1,-3.207679596E0,-4.140390015E0,5.592520294E0
2.834810333E1,-9.464668121E0,-2.847827911E0,3.241658936E0
2.835814933E1,-7.147935791E0,1.820214844E0,6.391408997E0
2.836819533E1,-3.344046021E0,-8.387059021E-1,7.133715363E0
2.837824133E1,-6.996750183E0,-2.378104706E0,5.403164062E0
2.838828733E1,-4.945116577E0,-1.838177490E0,7.111112366E0
2.839833333E1,-4.779261475E0,-3.867058411E0,5.528603210E0
2.840837933E1,-7.173831940E0,-2.068997498E0,5.489833832E0
2.841842533E1,-5.733078003E0,-2.234403534E0,6.588249664E0
2.842847133E1,-6.579567719E0,-2.539618835E0,6.482419739E0
2.843851733E1,-6.050867157E0,-3.007396088E0,4.708608398E0
2.844856333E1,-6.155649261E0,-3.428021393E0,5.910159760E0
2.845860933E1,-4.299060059E0,-1.892065430E0,8.782386932E0
2.846865533E1,-3.035088501E0,-5.169799347E0,5.779032440E0
2.847870133E1,-5.817502441E0,-2.572101288E0,6.774312744E0
2.848874858E1,-4.549189911E0,-6.487509155E-1,7.618706818E0
2.849879458E1,-3.707789612E-1,-4.879552917E0,6.401288452E0
2.850884058E1,-5.001998291E0,-3.498225403E0,6.011948090E0
2.851888658E1,-2.962639160E0,-2.907104645E0,6.203549652E0
2.852893258E1,-4.656816101E-1,-3.940854950E0,5.769751740E0
2.853897858E1,-6.384373627E0,-1.155447235E0,6.968908081E0
2.854902458E1,-1.958078156E0,-4.683610382E0,5.391188965E0
2.855907058E1,-2.298021240E0,-6.115233307E0,5.767656097E0
2.856911658E1,-1.012344818E0,-3.689377899E0,7.833510132E0
2.857916258E1,-2.360142059E0,-3.072510681E0,5.762117615E0
2.858920858E1,-2.377955017E0,-5.769901428E0,7.031328278E0
2.859925458E1,-3.696712646E0,-1.368304596E0,8.359965363E0
2.860930058E1,1.762734375E0,-4.262835388E0,7.583679657E0
2.861934658E1,-4.298610992E0,-3.008144531E0,7.934550018E0
2.862939258E1,-4.593946838E-1,-3.643573151E0,6.456074524E0
2.863943858E1,2.824925537E0,-3.617078247E0,8.660390625E0
2.864948458E1,-3.778592377E0,-8.831634521E-1,8.268056488E0
2.865953058E1,9.871971130E-1,-2.990930328E0,7.495662689E0
2.866957658E1,-3.105142822E0,-3.653602295E0,7.881859589E0
2.867962258E1,3.772155762E-2,-4.321213989E0,6.554420013E0
2.868966858E1,3.394491119E0,-3.066373444E0,8.486003265E0
2.869971458E1,-9.554631042E-1,5.418731689E-2,1.228734833E1
2.870976058E1,-3.713028717E0,-2.160008240E0,8.092471619E0
2.871980658E1,3.868106232E0,-5.111720123E0,6.302793274E0
2.872985258E1,1.082848206E0,-3.655847626E0,9.152567139E0
2.873989858E1,-4.165687408E0,3.805087280E-1,7.137906647E0
2.874994458E1,4.006867676E0,-3.987258453E0,7.599097595E0
2.875999058E1,-2.602637787E0,-3.035687256E0,1.082339264E1
2.877003658E1,-1.736239471E0,-4.037104797E-1,9.730515289E0
2.878008258E1,1.817221069E-1,-3.713328094E0,8.189469910E0
2.879012858E1,-4.688849487E0,-5.186714172E0,7.276967468E0
2.880017558E1,-2.772833862E0,-2.252665558E0,3.760480042E0
2.881022158E1,2.882406006E0,-3.202141113E0,7.677833862E0
2.882026758E1,-1.197360077E0,-3.138224030E0,9.293873291E0
2.883031358E1,-4.787045288E-1,-2.622845764E0,7.692952423E0
2.884035958E1,2.987637177E0,-2.462529144E0,6.803651733E0
2.885040558E1,3.006797333E0,-2.875370636E0,7.182663574E0
2.886045158E1,3.605103149E0,-5.914500732E0,8.037086792E0
2.887049758E1,-3.272943878E0,-4.602030029E0,9.493558044E0
2.888054358E1,5.284011841E-1,-1.498982849E0,8.633147278E0
2.889058958E1,8.930878143E0,-4.812342682E0,9.181157684E0
2.890063558E1,-9.093440094E0,-3.134182434E0,5.554649048E0
2.891068158E1,9.645941162E-1,-1.906734924E0,5.132377167E0
2.892072758E1,7.015012207E0,-2.979703674E0,1.003273682E1
2.893077358E1,-2.884651337E0,-5.142855377E0,7.068301392E0
2.894081958E1,1.947001190E0,-4.020339661E0,8.553812256E0
2.895086558E1,2.206860809E0,-3.907474365E0,7.222181396E0
2.896091158E1,7.283853149E-1,-4.506678314E0,5.254523163E0
2.897095758E1,2.257754974E0,-2.596201172E0,5.417683868E0
2.898100358E1,2.764301605E0,-1.283880157E0,8.989107056E0
2.899104958E1,2.823428650E0,-2.782413940E0,8.369246063E0
2.900109558E1,4.149521027E0,-1.464704132E0,7.050787811E0
2.901114158E1,1.963916016E0,-2.092049561E0,6.300997009E0
2.902118758E1,4.924459534E0,-4.904101868E0,6.035748596E0
2.903123358E1,7.021448822E0,-3.754342804E0,6.002517700E0
2.904127958E1,6.318360901E0,-6.474037170E-1,1.019245468E1
2.905132558E1,5.938750305E0,-2.772534485E0,8.365503845E0
2.906137158E1,6.744973755E0,-3.313808899E0,7.681875458E0
2.907141758E1,1.329235840E0,-2.678080902E0,7.387886810E0
2.908146358E1,6.147715759E-1,-3.338208160E0,3.407064972E0
2.909150958E1,1.980381775E-1,-3.040327606E0,3.467838593E0
2.910155658E1,5.237458649E0,-1.648372192E0,6.792275391E0
2.911160258E1,7.724237366E0,-4.298012238E0,6.975943451E0
2.912164858E1,7.384443970E0,-2.667153625E0,9.114845581E0
2.913169458E1,4.104464722E0,-3.363355865E0,5.923631744E0
2.914174058E1,-1.077758789E-2,-1.815125427E0,3.750600586E0
2.915178658E1,7.870034180E0,-1.433119812E0,7.627688141E0
2.916183258E1,8.150850220E0,-8.339158630E-1,7.362739105E0
2.917187858E1,6.954238586E0,-2.320624237E0,6.189478912E0
2.918192458E1,2.857407990E0,-2.116748199E0,7.545359344E0
2.919197058E1,6.308032379E0,-1.333876190E0,5.442981262E0
2.920201658E1,4.455484772E0,-4.710704041E-1,5.831722870E0
2.921206258E1,4.882995758E0,1.716779938E0,8.309071198E0
2.922210858E1,5.342390442E0,-4.619393921E-1,6.339616699E0
2.923215458E1,5.741610260E0,-3.870351563E0,3.944597168E0
2.924220058E1,4.371060333E0,-4.182003479E0,5.161416779E0
2.925224658E1,1.731599121E0,-2.260449371E0,2.088307343E0
2.926229258E1,3.519032135E0,-1.073567505E0,2.294129333E0
2.927233858E1,6.192322998E0,1.036444702E0,5.634582825E0
2.928238458E1,9.758956146E0,-1.480421448E0,4.561165009E0
2.929243058E1,6.578070831E0,-4.673132172E0,1.903741150E0
2.930247658E1,6.441255341E0,-4.500541077E0,-5.908213806E-1
2.931252258E1,5.081483002E0,-8.443940735E-1,3.524271240E0
2.932256858E1,1.133832184E1,-1.537303162E-1,9.417516174E0
2.933261458E1,9.085506592E0,-1.624721375E0,5.577701111E0
2.934266058E1,6.975943451E0,-1.782642975E0,2.847678223E0
2.935270658E1,1.003573059E1,2.059866486E0,4.153412933E0
2.936275258E1,1.047836014E1,-6.612648926E0,1.608105927E0
2.937279858E1,6.268364868E0,-3.138523407E0,5.053790588E0
2.938284458E1,7.340136108E0,3.334615631E0,1.108564728E1
2.939289058E1,1.014679962E1,-3.703298950E0,3.203787689E0
2.940293658E1,6.107748871E0,-1.457968140E0,1.068927155E0
2.941298258E1,7.757767639E0,2.389181671E0,3.439846802E0
2.942302958E1,6.295458527E0,-3.778442688E0,2.257305908E-1
2.943307558E1,7.468269653E0,4.914280701E-1,3.994144135E0
2.944312158E1,1.076995377E1,3.131188660E0,8.426726532E0
2.945316758E1,8.673413544E0,-2.503244476E0,2.155517578E-1
2.946321358E1,5.359305267E0,2.738405457E0,1.149309998E0
2.947325958E1,1.277593231E1,7.035369873E-3,1.359922028E0
2.948330558E1,4.907844086E0,-5.498066711E-1,-7.920030212E-1
2.949335087E1,1.042566971E1,5.263055420E-1,5.186115417E0
2.950339687E1,1.225321930E1,-1.498084717E0,3.075504456E0
2.951344288E1,5.360353088E0,-2.284399567E0,1.379231873E0
2.952348888E1,9.469009094E0,-3.639232178E0,-1.136885834E0
2.953353488E1,4.807552643E0,-2.195634155E0,9.220825195E-2
2.954358088E1,5.515729980E0,1.301842804E0,3.017125854E0
2.955362688E1,1.260992752E1,1.404080200E-1,6.147566071E0
2.956367288E1,6.722520447E0,6.972500610E-1,2.595452728E0
2.957371888E1,4.433181152E0,8.084687805E-1,-1.136137390E-1
2.958376488E1,4.792883148E0,-1.608405304E0,-1.338815918E0
2.959381088E1,4.039050751E0,2.859054565E0,2.606679382E0
2.960385687E1,7.510781250E0,1.026864624E0,4.215234375E0
2.961390287E1,6.522236938E0,-1.848655701E0,-1.463955688E-1
2.962394887E1,2.701282654E0,6.942562866E-1,2.136058044E-1
2.963399488E1,5.756279755E0,-2.363435211E0,-3.567381592E0
2.964404088E1,2.551593933E0,1.228046265E0,-2.691552887E0
2.965408688E1,5.556744690E0,4.382436676E0,4.592449951E-1
2.966413288E1,1.100795883E1,-1.400637360E0,-8.684939575E-1
2.967417888E1,7.997868347E0,1.237326965E0,-1.749711456E0
2.968422488E1,9.815837860E0,4.834945679E-2,-1.817370758E0
2.969427088E1,3.804638214E0,3.679199066E0,-1.390159149E0
2.970431688E1,6.368656311E0,1.965113525E0,-2.519261169E-1
2.971436288E1,6.967860260E0,1.065184937E0,-2.290686493E0
2.972440887E1,5.910908203E0,1.885329437E0,-1.914518738E0
2.973445487E1,7.719447327E0,-1.332379303E0,-2.602488098E0
2.974450088E1,2.761008453E0,4.403842163E-1,-3.264710999E0
2.975454688E1,4.460574188E0,3.068169708E0,-2.082319794E0
2.976459288E1,8.988657990E0,-8.394543457E-1,-1.562750244E0
2.977463888E1,2.381846924E0,1.615440674E0,-3.062631226E0
2.978468488E1,6.807543640E0,8.321195984E-1,-2.430645447E0
2.979473188E1,2.593357086E0,-1.307980042E0,-5.061724091E0
2.980477788E1,4.415218506E0,2.882555695E0,-3.078797607E0
2.981482388E1,6.046526184E0,3.289559326E0,-8.301736450E-1
2.982486987E1,2.598745880E0,4.833448792E-1,-6.957232361E0
2.983491587E1,2.696492615E0,4.225113831E0,-4.558919678E0
2.984496188E1,3.144960022E0,2.866838379E0,-2.975662079E0
2.985500788E1,4.070036316E0,1.286275177E0,-4.618944855E0
2.986505388E1,4.629722443E0,2.076931000E0,-2.631827087E0
2.987509988E1,1.364712067E0,3.682941284E0,-2.459834747E0
2.988514588E1,9.607022095E-1,2.855012970E0,-7.539671173E0
2.989519188E1,2.412832489E0,2.705324249E0,-6.827901306E0
2.990523788E1,2.559826813E0,4.239933014E0,-4.777465210E0
2.991528388E1,3.984414368E0,3.666325836E0,-4.912933502E0
2.992532988E1,4.492158508E-1,6.398594055E0,-8.494834900E0
2.993537587E1,5.640570374E0,3.778891754E0,-8.030051422E0
2.994542187E1,3.915108490E0,2.237097931E0,-8.674161987E0
2.995546787E1,1.732197876E0,2.251468048E0,-7.958200836E0
2.996551388E1,4.496050415E0,2.136058044E0,-5.811963959E0
2.997555988E1,5.526058502E0,5.126838684E-1,-8.013286285E0
2.998560588E1,4.720134430E0,1.132245483E0,-8.685388641E0
2.999565188E1,1.222956848E0,2.410437469E0,-8.054001617E0
3.000569788E1,7.893086243E-1,2.298769684E0,-8.239465942E0
3.001574388E1,3.938609619E0,2.466870117E0,-7.087162170E0
3.002578988E1,-2.078128510E0,3.797602844E0,-8.201145630E0
3.003583588E1,-5.304968262E0,4.374652863E0,-1.326960571E1
3.004588188E1,1.219064941E0,4.757257233E0,-7.494914246E0
3.005592787E1,2.189945984E-1,3.265010376E0,-7.553143158E0
3.006597387E1,-4.417463837E0,2.654130707E0,-1.542272827E1
3.007601988E1,-5.337750092E0,3.771557007E0,-1.111304031E1
3.008606588E1,-2.043400726E0,5.671106873E0,-4.987927551E0
3.009611188E1,-1.733844452E0,4.564458160E0,-1.198273178E1
3.010615788E1,-6.358327789E0,7.589816895E0,-1.133862122E1
3.011620388E1,-4.026177521E0,9.333241425E0,-8.900940399E0
3.012624988E1,1.076411591E0,4.222868500E0,-1.187914719E1
3.013629588E1,-1.971550140E0,5.022056580E0,-1.197015793E1
3.014634188E1,-3.734883270E0,6.098019104E0,-1.203182968E1
3.015638788E1,-1.023122406E0,7.248825989E0,-1.424587555E1
3.016643387E1,1.479074249E0,5.387297058E0,-1.416968399E1
3.017647987E1,1.676513672E-1,4.401447144E0,-1.070783295E1
3.018652588E1,9.294172668E-1,5.170697479E0,-1.287981628E1
3.019657188E1,1.522783356E0,4.934937744E0,-1.146959885E1
3.020661788E1,-3.727249146E-2,4.839436340E0,-1.070409073E1
3.021666388E1,-4.052073669E-1,5.022655334E0,-1.029544052E1
3.022670988E1,1.983525238E0,5.350024567E0,-1.055694672E1
3.023675588E1,1.591640167E0,3.766766968E0,-1.126392654E1
3.024680188E1,-3.499572601E0,3.955374756E0,-1.246817230E1
3.025684788E1,3.592529297E-3,4.393813019E0,-1.153710846E1
3.026689388E1,1.226848755E0,4.499044189E0,-1.219723572E1
3.027693987E1,-3.766168213E0,5.270988922E0,-1.382959122E1
3.028698587E1,-5.141059113E0,5.520220642E0,-1.339773926E1
3.029703188E1,-2.397414551E0,7.140002289E0,-1.028047165E1
3.030707788E1,-3.805087280E0,7.689808960E0,-1.192854446E1
3.031712388E1,-6.511459351E0,6.604865112E0,-1.477382767E1
3.032716988E1,-3.268453217E0,6.090235291E0,-1.216714828E1
3.033721588E1,-2.210902405E-1,3.770808563E0,-1.208496918E1
3.034726188E1,-4.646038513E0,3.886368256E0,-1.381207764E1
3.035730788E1,-1.602268066E0,6.256090393E0,-9.445657654E0
3.036735388E1,2.071691895E0,4.366120605E0,-1.148322052E1
3.037739988E1,8.592132568E-1,3.817810822E0,-1.285242325E1
3.038744588E1,3.399430847E-1,6.401138763E0,-1.115405502E1
3.039749187E1,8.653504944E-1,5.831722870E0,-1.386566620E1
3.040753787E1,-1.336869965E0,5.581443329E0,-1.277248947E1
3.041758388E1,4.191284180E-3,6.060447235E0,-1.166628983E1
3.042762988E1,3.059637451E-1,5.839656372E0,-9.544751587E0
3.043767588E1,-9.475296021E-1,4.416715393E0,-1.109552673E1
3.044772188E1,7.698490906E-1,3.795656891E0,-1.179532150E1
3.045776888E1,1.501527557E0,6.794969788E0,-9.647138672E0
3.046781488E1,1.093027039E0,5.979315948E0,-1.070424042E1
3.047786088E1,1.140029297E0,2.704575806E0,-9.401798859E0
3.048790688E1,-3.318598938E-1,4.079017639E0,-6.281986542E0
3.049795358E1,-5.761518860E-1,5.352269897E0,-1.115929413E1
3.050799958E1,1.332978058E0,5.852978668E0,-1.153112091E1
3.051804558E1,7.232958984E-1,3.353326721E0,-1.188752975E1
3.052809158E1,1.840123444E0,2.951861572E0,-1.031579819E1
3.053813758E1,3.437152405E0,2.496209106E0,-1.130179779E1
3.054818358E1,3.788621521E-1,2.807262268E0,-1.212837891E1
3.055822958E1,-4.498146057E-1,4.009262695E0,-1.215637070E1
3.056827558E1,1.971250763E0,3.539539490E0,-1.183379150E1
3.057832158E1,1.141675873E0,3.946992188E0,-1.203497314E1
3.058836758E1,-2.282752991E0,2.479144592E0,-1.153321655E1
3.059841358E1,-7.934999084E-1,1.333876190E0,-1.202224960E1
3.060845958E1,1.372346191E0,1.325044556E0,-1.005593857E1
3.061850558E1,3.775149536E-1,2.010169830E0,-9.353299713E0
3.062855158E1,-1.423090668E0,3.823798370E0,-1.039917480E1
3.063859758E1,-2.462229767E0,5.885012054E0,-8.780890045E0
3.064864358E1,-1.092727661E-1,4.922064514E0,-9.073381805E0
3.065868958E1,-1.582658844E0,6.571783905E0,-6.835086365E0
3.066873558E1,-3.374133453E0,6.297703857E0,-9.907447357E0
3.067878158E1,-3.818110199E0,4.710554352E0,-1.232057922E1
3.068882758E1,-3.288212128E0,4.622387695E0,-1.105765549E1
3.069887358E1,-2.126328278E0,4.358486481E0,-1.092488159E1
3.070891958E1,-2.711611176E0,2.345472565E0,-1.226160187E1
3.071896558E1,-4.013453979E0,2.949765930E0,-1.154414383E1
3.072901158E1,1.461860046E0,3.985462189E0,-1.077519287E1
3.073905758E1,3.320095825E0,4.372856598E0,-1.010533585E1
3.074910358E1,-9.291178894E-1,4.020339661E0,-1.340477463E1
3.075914958E1,1.095122681E0,2.138902130E0,-1.180984131E1
3.076919558E1,3.913012848E0,1.437610474E0,-6.311924286E0
3.077924158E1,1.804048462E0,3.583547974E-1,-1.028331573E1
3.078928758E1,-1.445693665E0,1.895059204E0,-9.516310730E0
3.079933358E1,2.004930725E0,1.089135132E0,-1.175685150E1
3.080937958E1,3.710933075E0,-1.117875366E0,-1.147543671E1
3.081942558E1,3.227887573E0,1.378034363E0,-7.999514923E0
3.082947158E1,-2.172133026E0,3.704047394E0,-9.606722717E0
3.083951758E1,-1.005309448E0,4.522695007E0,-9.336833954E0
3.084956358E1,3.242557068E0,3.876189423E0,-6.951095123E0
3.085960958E1,-5.307962036E-1,4.593048706E0,-8.424032135E0
3.086965558E1,-3.311413879E0,6.088888092E0,-1.125240051E1
3.087970158E1,-3.794609070E-1,5.981860657E0,-1.061442719E1
3.088974758E1,4.025129700E0,3.421285400E0,-7.289241943E0
3.089979358E1,9.276210022E-1,1.205742645E0,-9.205706635E0
3.090983958E1,-1.173559570E-1,1.413660278E0,-1.023855881E1
3.091988558E1,1.702110443E0,2.283800812E0,-9.924811249E0
3.092993158E1,-1.046773224E0,4.370760956E0,-1.228151047E1
3.093997758E1,-1.762285309E0,3.534899139E0,-1.210113556E1
3.095002358E1,-1.939217377E0,1.900447998E0,-1.004486160E1
3.096006958E1,-2.264940033E0,1.847009125E0,-1.021326141E1
3.097011558E1,-3.475023651E0,1.989063721E0,-1.137709122E1
3.098016158E1,-9.985734558E-1,6.959028625E-1,-1.290002426E1
3.099020758E1,-2.188299408E0,2.192041626E0,-9.711355133E0
3.100025358E1,-3.990252228E0,3.428769836E0,-8.793164520E0
3.101029958E1,-1.994452515E0,2.870879974E0,-9.980495453E0
3.102034558E1,1.423539734E0,1.861678619E0,-9.132957916E0
3.103039158E1,-1.260379028E0,2.772684174E0,-9.377100220E0
3.104043758E1,-2.450703735E0,3.773952026E0,-1.205592957E1
3.105048358E1,5.631289673E-1,2.915337524E0,-1.168215683E1
3.106052958E1,-1.874102783E-1,3.722758484E0,-9.111851807E0
3.107057558E1,2.884501648E-1,3.290756836E0,-1.185265228E1
3.108062158E1,6.535409546E-1,1.015937347E0,-1.254930359E1
3.109066758E1,1.009800110E0,1.055455170E0,-1.134296219E1
3.110071358E1,1.641486511E0,2.139051819E0,-1.227507385E1
3.111075958E1,-1.664538574E-1,2.777474213E0,-1.282503021E1
3.112080558E1,1.131197662E0,2.262545013E0,-1.046189438E1
3.113085158E1,1.055904236E0,2.296224976E0,-9.473200378E0
3.114089758E1,1.248703308E0,2.136207733E0,-1.031370255E1
3.115094358E1,1.089284821E0,2.189796295E0,-9.610464935E0
3.116098958E1,2.820135498E-1,1.717229004E0,-1.146825165E1
3.117103558E1,1.389261017E0,1.238823853E0,-1.187705154E1
3.118108258E1,-3.046165466E-1,2.737657013E0,-9.638307037E0
3.119112858E1,7.680528259E-1,2.698139191E0,-1.270063889E1
3.120117458E1,-2.196382599E0,1.934427338E0,-1.349818039E1
3.121122058E1,-1.212179260E0,3.087030487E0,-1.334519852E1
3.122126658E1,2.137554932E-1,3.629502411E0,-1.063358734E1
3.123131258E1,-5.161267090E-1,3.802093506E0,-1.199261124E1
3.124135858E1,-8.666976929E-2,4.702471161E0,-1.211535599E1
3.125140458E1,-1.574725342E-1,3.959715729E0,-1.356913284E1
3.126145058E1,-2.484832764E-1,3.418141937E0,-1.407732605E1
3.127149658E1,9.268725586E-1,4.178710327E0,-1.145971939E1
3.128154258E1,-2.962339783E-1,3.693868561E0,-1.145403122E1
3.129158858E1,-8.807684326E-1,3.470083923E0,-1.289762924E1
3.130163458E1,6.574328613E-1,1.899549866E0,-1.780756897E1
3.131168058E1,1.086291046E0,3.358266449E0,-1.313832870E1
3.132172658E1,-6.007008362E-1,2.830314331E0,-1.233435059E1
3.133177258E1,-3.315605164E0,3.681743774E0,-1.542736862E1
3.134181858E1,5.248236237E0,3.252137146E0,-1.150911667E1
3.135186458E1,5.758525085E-1,2.659070435E0,-1.332948120E1
3.136191058E1,-1.480870514E0,3.764371948E0,-1.543664932E1
3.137195658E1,-7.476951599E-1,5.325625305E0,-1.171613617E1
3.138200258E1,-8.237370300E-1,6.327641602E0,-1.357407257E1
3.139204858E1,-1.216819611E0,6.194718018E0,-1.311886917E1
3.140209458E1,-4.721182251E-1,5.852529602E0,-1.208556793E1
3.141214058E1,2.125280457E0,4.826263733E0,-1.098775085E1
3.142218658E1,-3.365601196E0,5.740712128E0,-1.365400635E1
3.143223258E1,-2.393822021E0,8.421188049E0,-1.286050644E1
3.144227858E1,3.531156921E-1,5.516328735E0,-1.292202850E1
3.145232458E1,-5.689368896E0,4.528383179E0,-1.714205292E1
3.146237058E1,-5.782325592E0,9.801467743E0,-1.353635101E1
3.147241658E1,-9.630972290E-1,6.396648102E0,-1.487396942E1
3.148246258E1,-2.442021790E0,6.224206696E0,-1.402762939E1
3.149250871E1,3.516188049E-1,4.747078400E0,-1.620784561E1
3.150255471E1,-1.990560608E0,4.545298004E0,-1.549532730E1
3.151260071E1,-7.454498291E-1,4.525539093E0,-1.637205414E1
3.152264671E1,2.998564453E0,3.521876221E0,-1.391730881E1
3.153269271E1,-9.458830261E-1,5.432053986E0,-1.422342224E1
3.154273871E1,-2.947370911E0,5.891448669E0,-1.615560425E1
3.155278471E1,-1.050216064E0,3.494333496E0,-1.635992935E1
3.156283071E1,-1.328487396E0,3.845503235E0,-1.424946808E1
3.157287671E1,-1.810784454E0,4.727319489E0,-1.521181686E1
3.158292271E1,-3.376528473E0,5.188809814E0,-1.584290451E1
3.159296871E1,-3.433559875E0,5.134921875E0,-1.539593399E1
3.160301471E1,-3.756139069E0,7.593559113E0,-1.473086700E1
3.161306071E1,-5.562582550E0,8.966653748E0,-1.521945099E1
3.162310671E1,-4.766388245E0,7.127877502E0,-1.738859024E1
3.163315271E1,-3.053949280E0,6.910379791E0,-1.564112411E1
3.164319871E1,-5.065017242E0,7.922574921E0,-1.685001022E1
3.165324471E1,-4.392914886E0,6.797065430E0,-1.922721680E1
3.166329071E1,-1.403331757E0,6.318809967E0,-1.723441086E1
3.167333671E1,-1.844015350E0,6.593638458E0,-1.677666275E1
3.168338271E1,-2.735561371E0,7.386689301E0,-1.680495392E1
3.169342871E1,-1.222208405E0,7.260052643E0,-1.557945236E1
3.170347471E1,-2.291584625E0,6.396947479E0,-1.762360153E1
3.171352071E1,-3.226690063E0,6.371650085E0,-1.704535400E1
3.172356671E1,-1.926194458E0,5.616021423E0,-1.634885239E1
3.173361271E1,-4.865781555E0,5.691913605E0,-1.841485611E1
3.174365871E1,-4.955744476E0,6.774612122E0,-1.782927383E1
3.175370471E1,-4.142485657E0,7.698790283E0,-1.631651962E1
3.176375071E1,-6.438111877E0,6.774761810E0,-1.821756638E1
3.177379671E1,-8.429121552E0,9.367220764E0,-1.709669724E1
3.178384271E1,-3.243455200E0,8.991502075E0,-1.682141968E1
3.179388871E1,-6.459217987E0,7.502248993E0,-1.745220795E1
3.180393471E1,-5.650898895E0,7.940836945E0,-1.866109406E1
3.181398071E1,-5.742508392E0,7.657176819E0,-1.941118423E1
3.182402671E1,-4.425846405E0,7.698341217E0,-1.736883133E1
3.183407271E1,-2.849624176E0,8.525670776E0,-1.458641739E1
3.184411871E1,-3.780837708E0,7.980354767E0,-1.793719940E1
3.185416471E1,-4.108805695E0,7.791597290E0,-1.791624298E1
3.186421071E1,-7.499404907E-1,7.654482422E0,-1.740325974E1
3.187425671E1,-3.188369751E-2,5.615572357E0,-1.861528931E1
3.188430271E1,-2.813399506E0,5.631139984E0,-2.020872574E1
3.189434871E1,5.456153870E-1,5.693260803E0,-1.952015762E1
3.190439471E1,-5.709127808E-1,5.296585693E0,-1.882739822E1
3.191444071E1,-3.588038635E0,6.871760101E0,-1.811981964E1
3.192448671E1,-4.619992676E0,8.347092133E0,-1.906405609E1
3.193453271E1,-2.605332184E0,5.989644470E0,-1.904848846E1
3.194457871E1,-2.273771667E0,6.880891113E0,-1.475451782E1
3.195462471E1,-5.820645905E0,8.912316742E0,-1.673040894E1
3.196467071E1,-2.466271362E0,1.042162811E1,-1.911899185E1
3.197471671E1,1.856439514E0,8.503067780E0,-1.562316147E1
3.198476271E1,-5.164859619E0,9.924362183E0,-1.680510361E1
3.199480871E1,-3.504212952E0,1.181193695E1,-1.661619644E1
3.200485471E1,1.282832336E0,9.883048096E0,-1.789378967E1
3.201490071E1,-5.639821930E0,1.049662216E1,-1.595097977E1
3.202494671E1,-5.549559631E0,9.615404663E0,-2.130384842E1
3.203499271E1,-3.864064636E0,1.049033524E1,-2.112512009E1
3.204503871E1,-4.877008209E0,9.806108093E0,-1.742047394E1
3.205508471E1,-7.770191803E0,6.871909790E0,-2.019749908E1
3.206513071E1,-2.652933197E0,5.334456940E0,-2.035107971E1
3.207517671E1,-7.636519775E0,9.446555786E0,-1.616159180E1
3.208522271E1,-5.025349731E0,6.415508881E0,-2.066827011E1
3.209526871E1,-5.226381683E0,7.072043610E0,-1.683489166E1
3.210531471E1,-6.288423157E0,6.875053253E0,-2.020797729E1
3.211536071E1,-7.650590515E0,7.324269104E0,-1.942435684E1
3.212540671E1,-5.182822266E0,8.749455414E0,-1.824241470E1
3.213545271E1,-8.122109985E0,9.082812195E0,-1.994302826E1
3.214549871E1,-7.450456696E0,1.046488815E1,-1.855511444E1
3.215554471E1,-7.028334503E0,7.921826477E0,-2.080059494E1
3.216559071E1,-9.280101929E0,7.940687256E0,-2.029359924E1
3.217563771E1,-5.988297272E0,1.045785278E1,-1.762539780E1
3.218568371E1,-7.431595917E0,9.867779846E0,-1.954096436E1
3.219572971E1,-7.151228943E0,8.389903107E0,-1.846036148E1
3.220577571E1,-5.664221191E0,8.777297516E0,-1.698173630E1
3.221582171E1,-5.781876526E0,9.138945465E0,-1.830049393E1
3.222586771E1,-5.974076843E0,7.415579224E0,-1.758962219E1
3.223591371E1,-9.060209198E0,7.320227509E0,-2.001532791E1
3.224595971E1,-6.698420563E0,7.203170929E0,-2.128887955E1
3.225600571E1,-7.574997711E0,7.027735748E0,-2.071946365E1
3.226605171E1,-7.971523132E0,8.126001892E0,-1.943049408E1
3.227609771E1,-6.797664185E0,6.909032593E0,-2.082140167E1
3.228614371E1,-7.438331909E0,5.394182739E0,-2.190529770E1
3.229618971E1,-6.082301788E0,7.256909180E0,-1.599648514E1
3.230623571E1,-5.018014984E0,5.226231995E0,-1.811233521E1
3.231628171E1,-8.987909546E0,6.066734161E0,-1.962688568E1
3.232632771E1,-7.435487823E0,9.324110413E0,-1.633148849E1
3.233637371E1,-5.196294250E0,8.734785919E0,-1.769021301E1
3.234641971E1,-7.380851440E0,9.172326050E0,-1.641875702E1
3.235646571E1,-7.579338684E0,1.105151825E1,-1.399245255E1
3.236651171E1,-7.552993469E0,9.985435181E0,-1.910252609E1
3.237655771E1,-7.692952423E0,1.019380188E1,-2.003733215E1
3.238660371E1,-7.302264862E0,1.213271988E1,-1.523142609E1
3.239664971E1,-4.585863647E0,7.466323700E0,-1.926628555E1
3.240669571E1,-4.682412872E0,6.724915466E0,-1.618539230E1
3.241674171E1,-3.722758484E0,6.812932434E0,-1.310390030E1
3.242678771E1,-8.654552765E0,6.715634766E0,-1.982058289E1
3.243683371E1,-7.699688416E0,8.222102051E0,-1.785082901E1
3.244687971E1,-7.408543854E0,4.953798523E0,-1.770637939E1
3.245692571E1,-1.027493317E1,2.954406281E0,-2.206112366E1
3.246697171E1,-9.342821503E0,4.093537445E0,-1.847637817E1
3.247701771E1,-8.625363464E0,4.846022644E0,-1.814182388E1
3.248706371E1,-9.205407257E0,6.391109619E0,-2.021815613E1
3.249710883E1,-5.452860718E0,6.990014191E0,-1.747840347E1
3.250715483E1,-4.480782166E0,7.981402588E0,-1.666289932E1
3.251720083E1,-5.208718414E0,6.890920258E0,-1.761237488E1
3.252724683E1,-4.900958405E0,7.230713654E0,-1.634885239E1
3.253729283E1,-3.813619537E0,7.383396149E0,-1.482187775E1
3.254733883E1,-5.508544922E0,8.485853577E0,-1.680839676E1
3.255738483E1,-3.764970703E0,9.029073944E0,-1.703712112E1
3.256743083E1,-5.081782379E0,8.523425446E0,-1.633373383E1
3.257747683E1,-5.951473846E0,8.688681793E0,-1.570204742E1
3.258752283E1,-6.298901367E0,7.806715851E0,-1.483969070E1
3.259756883E1,-7.653584290E0,5.135520630E0,-1.863654510E1
3.260761483E1,-7.248825989E0,5.862558746E0,-1.645094009E1
3.261766083E1,-8.162376251E0,4.963977356E0,-1.697006058E1
3.262770683E1,-1.146570694E1,6.940167847E0,-1.829779953E1
3.263775283E1,-5.403613129E0,6.546486511E0,-1.379321686E1
3.264779883E1,-8.013885040E0,5.757626953E0,-1.594574066E1
3.265784483E1,-8.433911591E0,6.573580170E0,-1.615290985E1
3.266789083E1,-4.854704590E0,5.961652679E0,-1.337378906E1
3.267793683E1,-5.288203125E0,5.080285492E0,-1.326331879E1
3.268798283E1,-7.573051758E0,5.292993164E0,-1.566567307E1
3.269802883E1,-8.284222870E0,6.886130219E0,-1.489103394E1
3.270807483E1,-4.042643280E0,6.243067474E0,-1.371268433E1
3.271812083E1,-6.549180908E0,7.174131317E0,-1.309222458E1
3.272816683E1,-5.993686066E0,6.793472900E0,-1.321227493E1
3.273821283E1,-5.627846832E0,5.404511261E0,-1.342318634E1
3.274825883E1,-7.326215057E0,5.611231384E0,-1.572929077E1
3.275830483E1,-6.667434998E0,5.404660950E0,-1.464659225E1
3.276835083E1,-6.214476929E0,5.859265594E0,-1.391760818E1
3.277839683E1,-5.463338928E0,5.902375946E0,-1.203766754E1
3.278844283E1,-5.564229126E0,4.346810760E0,-1.143097916E1
3.279848883E1,-6.359974365E0,4.752018127E0,-1.298519714E1
3.280853483E1,-5.579946442E0,5.209317169E0,-1.075543396E1
3.281858083E1,-5.841153259E0,3.520379333E0,-1.184935913E1
3.282862683E1,-7.307054901E0,2.961890717E0,-1.552496567E1
3.283867283E1,-4.967120819E0,4.140988770E0,-1.168215683E1
3.284871883E1,-4.790637817E0,3.491040344E0,-1.117111954E1
3.285876483E1,-7.065307617E0,4.152514801E0,-1.288655228E1
3.286881083E1,-4.238286438E0,4.520898743E0,-1.010623398E1
3.287885683E1,-3.525319061E0,3.753145294E0,-9.238638153E0
3.288890283E1,-5.608387299E0,3.551514587E0,-1.229872467E1
3.289894883E1,-6.122568054E0,4.564907227E0,-1.063044388E1
3.290899483E1,-3.939358063E0,2.954555969E0,-1.147648453E1
3.291904083E1,-4.966372375E0,3.538341980E0,-1.066981201E1
3.292908683E1,-4.541705475E0,3.278931427E0,-1.074884766E1
3.293913283E1,-5.301226044E0,3.309018860E0,-1.214798813E1
3.294917883E1,-3.220702515E0,4.502037964E0,-9.772577820E0
3.295922483E1,-2.525099030E0,4.667743378E0,-8.254285126E0
3.296927083E1,-1.357976074E0,2.939736786E0,-9.836195526E0
3.297931683E1,-1.207239532E0,2.540217590E0,-7.691455536E0
3.298936283E1,-1.028062134E0,2.420017548E0,-6.498137054E0
3.299940883E1,-5.258564758E-1,2.631827087E0,-6.758296051E0
3.300945483E1,-1.281335449E0,4.337080994E0,-5.746549988E0
3.301950083E1,-2.755769348E-1,3.962709503E0,-6.645730133E0
3.302954683E1,-1.068777466E0,3.838916931E0,-6.858288116E0
3.303959283E1,-2.114951935E0,3.068319397E0,-7.779771881E0
3.304963883E1,-1.623673553E0,3.961062927E0,-7.120243378E0
3.305968483E1,-1.020577698E0,3.235821075E0,-7.485783234E0
3.306973083E1,-2.466271362E0,2.274520111E0,-9.208999786E0
3.307977683E1,-1.175355835E0,2.878514099E0,-7.847880249E0
3.308982283E1,5.719606018E-1,1.163680115E0,-7.852071533E0
3.309986883E1,-2.715503082E0,2.658022614E0,-8.305628357E0
3.310991483E1,-1.451381836E0,4.181105347E0,-5.377118225E0
3.311996083E1,9.141490173E-1,1.999990997E0,-6.970704346E0
3.313000683E1,1.766326904E-1,2.113455048E0,-7.120542755E0
3.314005283E1,-7.399113464E-1,2.828817444E0,-3.836521912E0
3.315009883E1,3.200344849E-1,6.427633667E-1,-4.023333435E0
3.316014483E1,-1.926942902E0,1.281634827E0,-3.772604828E0
3.317019083E1,-6.548881531E-1,1.905088348E0,-2.901416473E0
3.318023683E1,1.791175232E0,1.960772552E0,-3.611539764E0
3.319028283E1,1.415755920E0,3.579805756E0,-3.800895996E0
3.320032883E1,1.416204987E0,3.105442200E0,-4.129762115E0
3.321037483E1,3.944148102E0,3.291804657E0,-3.939358063E0
3.322042083E1,9.453142090E0,1.848805389E0,1.875899048E0
3.323046683E1,7.932005310E-1,4.843178558E0,-5.830375671E-1
3.324051283E1,4.660857697E0,3.118016052E0,-3.556604004E0
3.325055883E1,3.312461700E0,2.262994080E0,-4.951403503E0
3.326060483E1,6.512507172E0,1.277742920E0,-3.824097748E0
3.327065083E1,1.671424255E0,3.665577393E0,-4.704716492E-1
3.328069683E1,5.379662933E0,-2.917433167E-1,-2.129322052E0
3.329074283E1,-1.255139923E0,-3.302133179E-1,-1.640438690E0
3.330078883E1,-2.093845825E0,-2.389031982E-1,-4.554878082E0
3.331083583E1,-2.523302765E0,1.451082458E0,-3.119512939E0
3.332088183E1,1.392254791E0,-4.834945679E-2,-4.014950867E0
3.333092783E1,6.849755859E-1,-1.439406738E0,-5.294939117E0
3.334097383E1,-4.191284180E-2,-1.258582764E0,-6.556515656E0
3.335101983E1,3.683090973E0,-8.548722839E-1,-4.887336731E0
3.336106583E1,3.720513153E0,2.673440552E-1,-2.577639771E0
3.337111183E1,2.096091156E0,6.590794373E-1,-2.525697784E0
3.338115783E1,4.056714020E0,7.652087402E-1,-1.003812561E0
3.339120383E1,1.052880524E1,7.547305298E-1,6.653663635E-1
3.340124983E1,4.780309296E0,3.592379608E0,2.162103882E0
3.341129583E1,9.457782440E0,3.518134003E0,2.939886475E0
3.342134183E1,7.944279785E0,6.860234070E-1,3.327280884E0
3.343138783E1,1.107142685E1,1.975591736E0,-5.423222351E-1
3.344143383E1,7.440876617E0,3.107088776E0,1.935026093E0
3.345147983E1,4.825964355E0,6.872209167E-1,1.673519897E-1
3.346152583E1,7.859406281E0,-2.526745605E-1,1.247206421E0
3.347157183E1,5.262007599E0,6.647676086E-1,-1.391805725E0
3.348161783E1,9.235644379E0,-3.983216858E-1,-1.976340179E0
3.349166383E1,1.004201752E1,9.184899902E-1,-1.625170441E0
3.350171033E1,7.137607269E0,2.719544678E0,-2.003284149E0
3.351175633E1,3.069367218E0,2.333347778E0,-1.419947205E0
3.352180233E1,8.064180450E0,-3.496728516E-1,-2.568059692E0
3.353184833E1,8.185428314E0,-4.549040222E-1,-1.856140137E-2
3.354189433E1,1.236428833E-1,7.548802185E-1,-1.216669922E0
3.355194033E1,6.776109009E0,4.963677979E-1,8.107141113E-1
3.356198633E1,5.065316620E0,4.670288086E-1,8.464897156E-1
3.357203233E1,4.120182037E0,-1.356179810E-1,-1.347497864E0
3.358207833E1,4.470603333E0,5.809419250E-1,7.071295166E-1
3.359212433E1,6.115832062E0,-7.406597900E-1,-5.358856201E-2
3.360217033E1,7.376211090E0,1.040336609E-1,2.037113800E0
3.361221633E1,3.622616730E0,1.276246033E0,-4.384382629E-1
3.362226233E1,1.008662476E1,-2.224374390E-1,1.576222229E-1
3.363230833E1,6.236780548E0,1.406175842E0,3.466790771E-1
3.364235433E1,1.112950607E1,-5.174739075E-1,-1.065783691E-1
3.365240033E1,7.787855072E0,1.167122955E0,1.217418365E0
3.366244633E1,7.931556244E0,8.324189758E-1,-3.330574036E-1
3.367249233E1,1.178499298E1,1.451980591E-2,7.473957825E-1
3.368253833E1,5.977220306E0,4.340972900E-1,-1.016536102E0
3.369258433E1,1.146600632E1,-1.007255402E0,-8.164022827E-1
3.370263033E1,7.156468048E0,-5.337899780E-1,-8.681945801E-2
3.371267633E1,6.852300568E0,-1.183289337E0,-1.689386902E0
3.372272233E1,6.778354340E0,4.849914551E-1,-1.793270874E-1
3.373276833E1,4.618196411E0,6.987469482E-1,-1.589394836E0
3.374281433E1,7.588320007E0,-2.230361938E-1,-1.141376495E0
3.375286033E1,6.448590088E0,4.834945679E-2,-7.176077271E-1
3.376290633E1,6.032305756E0,1.142873383E0,-1.034349060E0
3.377295233E1,6.260431366E0,9.190887451E-1,-1.194665680E0
3.378299833E1,6.265820160E0,1.077609100E0,-1.462458801E0
3.379304433E1,9.409283295E0,1.062789917E0,8.981323242E-1
3.380309033E1,6.288123779E0,1.129850464E0,2.757266235E-1
3.381313633E1,8.827443237E0,-1.796264648E-2,-1.144969025E0
3.382318233E1,5.284460907E0,4.113446045E-1,-2.280507660E0
3.383322833E1,9.482481079E0,-1.031205597E0,-1.718725891E0
3.384327433E1,1.002914429E1,1.821711731E-1,1.407223663E0
3.385332033E1,7.265890503E0,7.131170654E-1,4.439767456E-1
3.386336633E1,1.222088654E1,-2.712359619E-1,-7.466473389E-1
3.387341333E1,7.440427551E0,1.971699829E0,-9.711804199E-1
3.388345933E1,1.204455322E1,-5.174739075E-1,-2.729873199E0
3.389350533E1,9.681118011E0,9.431886292E-1,6.613247681E-1
3.390355133E1,9.747130737E0,2.371069336E-1,-1.510359192E-1
3.391359733E1,1.190878555E1,-1.860630798E-1,-1.152303772E0
3.392364333E1,6.417903900E0,1.860780487E0,-2.416275330E0
3.393368933E1,9.571994934E0,-6.676116943E-2,-3.439397736E0
3.394373533E1,1.017628830E1,1.111438751E0,6.518943787E-1
3.395378133E1,9.738748169E0,8.680448914E-1,-8.726852417E-2
3.396382733E1,9.525890808E0,8.023315430E-1,-1.568588104E0
3.397387333E1,4.734654236E0,2.786006470E0,-2.949616241E0
3.398391933E1,1.036474640E1,-9.924362183E-2,-3.110830994E0
3.399396533E1,8.298892365E0,1.809886322E0,-9.235794067E-2
3.400401133E1,6.766678619E0,9.825567627E-1,-1.391506348E0
3.401405733E1,6.882687378E0,8.455915833E-1,-2.333048401E0
3.402410333E1,5.899232483E0,1.846709747E0,-2.161804504E0
3.403414933E1,6.988966370E0,-1.790277100E-1,-3.423530731E0
3.404419533E1,5.180726624E0,1.116677856E0,-2.684218140E0
3.405424133E1,6.446644135E0,1.591939545E0,-2.413281555E0
3.406428733E1,7.793243866E0,1.129850464E0,-2.299967194E0
3.407433333E1,5.610632629E0,2.090402985E0,-2.797831879E0
3.408437933E1,5.751340027E0,1.203197937E0,-4.119433594E0
3.409442533E1,7.665260010E0,1.045276337E0,-2.933150482E0
3.410447133E1,7.867339783E0,1.008901978E0,-1.840123444E0
3.411451733E1,7.025191040E0,1.560355225E0,-1.954635315E0
3.412456333E1,6.774612122E0,2.501747589E0,-2.373763733E0
3.413460933E1,8.590785370E0,2.275268555E-1,-3.475622406E0
3.414465533E1,9.117240601E0,1.425785065E0,-1.377136230E0
3.415470133E1,9.921817474E0,9.219328308E-1,-2.738255768E0
3.416474733E1,1.119357285E1,5.908213806E-1,-3.503015442E0
3.417479333E1,8.580456848E0,2.166444855E0,-3.512146454E0
3.418483933E1,7.422315216E0,1.111588440E0,-5.049000549E0
3.419488533E1,9.281598816E0,2.236948242E0,-1.869911499E0
3.420493133E1,9.374106445E0,1.098864899E0,-3.112926636E0
3.421497733E1,6.519392853E0,1.764380951E0,-4.656965790E0
3.422502333E1,6.032455444E0,3.107986908E0,-5.448220367E0
3.423506933E1,7.176975403E0,9.565109253E-1,-4.761448517E0
3.424511533E1,7.661517792E0,3.086581421E0,-2.382445679E0
3.425516133E1,8.943751373E0,6.915618896E-1,-2.763553162E0
3.426520733E1,3.229234772E0,3.301085358E0,-4.562512207E0
3.427525333E1,5.236261139E0,2.791994019E0,-5.384452972E0
3.428529933E1,4.896318054E0,1.651365967E0,-5.525010681E0
3.429534533E1,5.802383881E0,2.351160736E0,-3.579057312E0
3.430539133E1,6.227200470E0,2.502496033E0,-3.882326660E0
3.431543733E1,4.211791534E0,2.421664124E0,-5.476960602E0
3.432548333E1,4.377946014E0,3.645519104E0,-4.729415131E0
3.433552933E1,5.090015259E0,2.622546387E0,-5.062173157E0
3.434557533E1,4.317322083E0,3.654500427E0,-3.407364349E0
3.435562133E1,8.147108002E0,1.983375549E0,-6.095025330E0
3.436566733E1,4.518054657E0,3.065175934E0,-6.183191986E0
3.437571333E1,7.686216431E0,1.727707214E0,-7.438930664E0
3.438575933E1,8.905431061E0,2.928959198E0,-5.517975311E0
3.439580533E1,9.191635895E0,2.019300842E0,-5.653443604E0
3.440585133E1,9.536069641E0,2.520608368E0,-6.816225586E0
3.441589733E1,1.017060013E1,3.637884979E0,-6.609056396E0
3.442594333E1,7.920479279E0,2.262545013E0,-6.791377258E0
3.443598933E1,9.341324615E0,3.527863770E0,-5.247338104E0
3.444603533E1,1.185399948E1,1.688488770E0,-4.061354370E0
3.445608133E1,1.781744843E0,2.117945709E0,-6.853198700E0
3.446612733E1,3.568728790E0,4.374802551E0,-7.498057709E0
3.447617333E1,5.786516876E0,3.028202820E0,-6.111640778E0
3.448621933E1,4.785099335E0,3.064427490E0,-6.544241180E0
3.449626562E1,3.935017090E0,1.856888580E0,-9.123527527E0
3.450631163E1,-5.053491211E-1,4.762795715E0,-7.979756012E0
3.451635763E1,2.426903229E0,5.015769653E0,-9.002728729E0
3.452640363E1,3.345842285E0,5.231620789E0,-7.377707977E0
3.453644963E1,9.934840393E-1,4.390968933E0,-9.846524048E0
3.454649563E1,3.908971252E0,4.572541351E0,-1.125988495E1
3.455654163E1,6.335126038E0,4.444258118E0,-9.532327423E0
3.456658763E1,2.834355927E0,3.567830658E0,-1.006357269E1
3.457663363E1,-1.803000641E0,5.402565308E0,-1.270393204E1
3.458667963E1,3.321892090E0,4.688101044E0,-1.347677490E1
3.459672562E1,5.709576874E0,3.151396637E0,-1.097472794E1
3.460677162E1,2.686164093E0,2.817590790E0,-1.195503937E1
3.461681763E1,3.985013123E0,2.933150482E0,-1.242970230E1
3.462686363E1,6.427483978E0,3.372037811E0,-1.016371445E1
3.463690963E1,4.607119446E0,4.449946289E0,-1.047371979E1
3.464695563E1,3.745062103E0,4.815486145E0,-1.153216873E1
3.465700163E1,4.093238068E0,5.708828430E0,-1.094703552E1
3.466704763E1,6.196514282E0,4.042343903E0,-1.083851120E1
3.467709363E1,5.678740997E0,5.063071289E0,-9.666747894E0
3.468713963E1,3.662284241E0,6.859635315E0,-1.191641968E1
3.469718563E1,3.876937866E0,6.578220520E0,-1.284508850E1
3.470723162E1,4.656816101E0,6.650669861E0,-1.149369873E1
3.471727762E1,5.265899506E0,6.600374451E0,-1.272982819E1
3.472732363E1,3.705095215E0,6.727011108E0,-1.535117706E1
3.473736963E1,5.823040924E0,6.736291809E0,-1.612357086E1
3.474741563E1,8.003556519E0,6.550228729E0,-1.345162720E1
3.475746163E1,5.898783417E0,5.892346802E0,-1.403301819E1
3.476750763E1,1.442550201E0,6.092779999E0,-1.389710083E1
3.477755363E1,3.263214111E0,4.830005951E0,-1.500883896E1
3.478759963E1,-1.133442993E0,5.481451263E0,-1.527528488E1
3.479764563E1,-9.669891357E-1,5.746849365E0,-1.647893188E1
3.480769163E1,-3.596870270E0,6.440806274E0,-1.447445023E1
3.481773762E1,-4.220473480E0,6.897506561E0,-1.858385468E1
3.482778362E1,-7.310647430E0,6.268215179E0,-2.486823624E1
3.483782963E1,-6.339167633E0,6.246210938E0,-2.067380859E1
3.484787563E1,-3.709885254E0,7.799231415E0,-1.346450043E1
3.485792163E1,-5.111420746E0,8.626860352E0,-1.810365326E1
3.486796763E1,-6.546336823E0,9.322164459E0,-2.089205475E1
3.487801363E1,5.393284607E-1,9.195078735E0,-1.741688141E1
3.488805963E1,1.731748810E0,7.908354492E0,-1.831321747E1
3.489810563E1,-1.458866272E0,6.681206360E0,-1.989378067E1
3.490815163E1,-5.066663818E0,9.849218445E0,-1.984348526E1
3.491819763E1,-1.766326904E-1,9.989027710E0,-2.095492401E1
3.492824363E1,1.926643524E0,7.780370636E0,-2.189631638E1
3.493828962E1,-1.373394012E0,8.569080505E0,-1.973720627E1
3.494833562E1,-9.897418213E-1,8.697214050E0,-2.004691223E1
3.495838163E1,3.965254211E0,9.599088593E0,-1.726345047E1
3.496842763E1,4.331991577E-1,6.641389160E0,-2.132734955E1
3.497847363E1,-4.633614349E0,9.321565704E0,-2.096659973E1
3.498851963E1,1.015937347E0,8.808582458E0,-1.968451584E1
3.499856563E1,-1.448388062E0,5.465733948E0,-2.315938980E1
3.500861163E1,-8.527766418E0,1.160880936E1,-2.176488968E1
3.501865763E1,-5.911806335E0,9.558822327E0,-2.283441559E1
3.502870363E1,-7.048991547E0,9.941576385E0,-2.222473343E1
3.503874963E1,-4.596940613E0,1.124207199E1,-2.018881714E1
3.504879562E1,-7.995473328E0,9.883796539E0,-2.270598267E1
3.505884162E1,-6.879094849E0,1.057969940E1,-2.330623444E1
3.506888763E1,-1.518741760E0,1.005459137E1,-1.965936813E1
3.507893363E1,-6.415209503E0,7.684719543E0,-2.413101929E1
3.508897963E1,-6.916217651E0,1.188648193E1,-2.156146271E1
3.509902563E1,-1.867965546E0,1.055305481E1,-2.080763031E1
3.510907163E1,-2.651735687E0,9.999655609E0,-2.532957687E1
3.511911763E1,-2.284249878E-1,1.131003067E1,-2.304876984E1
3.512916363E1,-2.160457306E0,8.752449188E0,-2.426963104E1
3.513920963E1,-3.356919250E0,1.145807281E1,-2.323094101E1
3.514925563E1,-4.947212219E-1,1.064137115E1,-2.088726471E1
3.515930162E1,-6.606511688E0,8.766519928E0,-2.408087357E1
3.516934762E1,-8.255632324E0,1.150657196E1,-2.104339005E1
3.517939363E1,-4.605173492E0,9.292376404E0,-2.327450043E1
3.518943963E1,-7.884404297E0,1.074271042E1,-2.224568985E1
3.519948563E1,-8.699010315E0,9.703571320E0,-2.432007614E1
3.520953163E1,-9.409582672E0,9.545050964E0,-2.513752625E1
3.521957763E1,-7.371570740E0,1.239123230E1,-2.246902542E1
3.522962363E1,-8.030350800E0,1.055230637E1,-2.765708679E1
3.523966963E1,-1.025247986E1,1.056398209E1,-2.640344376E1
3.524971563E1,-6.671027527E0,1.060918808E1,-2.377535889E1
3.525976163E1,-5.920637970E0,1.005519012E1,-2.586710907E1
3.526980762E1,-6.307134247E0,8.917555847E0,-2.619402924E1
3.527985362E1,-7.199129333E0,7.024592285E0,-2.475941254E1
3.528989963E1,-3.959116974E0,9.189839630E0,-2.047756668E1
3.529994563E1,-1.229243774E0,7.879614258E0,-2.490700562E1
3.530999163E1,-2.684218140E0,8.037386169E0,-2.650642960E1
3.532003763E1,-3.672762451E0,1.100960541E1,-2.091735214E1
3.533008363E1,-4.212240601E0,9.353299713E0,-2.506268188E1
3.534012963E1,-3.435954895E0,1.153531219E1,-2.356339966E1
3.535017563E1,-3.704346771E0,1.106933121E1,-2.388747574E1
3.536022163E1,-8.910370789E0,1.321032898E1,-2.375230682E1
3.537026763E1,-6.401138763E0,1.316661987E1,-2.416350174E1
3.538031363E1,-6.272406464E0,1.057820251E1,-2.519321045E1
3.539035962E1,-9.573641510E0,1.091904373E1,-2.404928925E1
3.540040562E1,-7.762108612E0,1.064152084E1,-2.438908264E1
3.541045163E1,-9.998458099E0,1.157153687E1,-2.591021942E1
3.542049763E1,-8.622220001E0,1.144025986E1,-2.407443695E1
3.543054363E1,-7.672145691E0,1.008393036E1,-2.298410431E1
3.544058963E1,-9.893077240E0,1.103086121E1,-2.308813797E1
3.545063563E1,-8.992549896E0,1.019769379E1,-2.425421310E1
3.546068163E1,-7.280110931E0,1.001597168E1,-2.132630173E1
3.547072763E1,-6.799460449E0,1.174517578E1,-1.836186630E1
3.548077363E1,-5.615422668E0,9.327852631E0,-2.459505432E1
3.549081963E1,-7.137158203E0,8.201295319E0,-2.485206985E1
3.550086538E1,-4.706063690E0,9.877060547E0,-2.117676270E1
3.551091138E1,-6.213878174E0,1.190459427E1,-2.179572556E1
3.552095738E1,-8.152496796E0,1.103804626E1,-2.515189636E1
3.553100338E1,-6.569089508E0,1.008437943E1,-2.250959106E1
3.554104938E1,-6.498885498E0,9.267079010E0,-2.226664627E1
3.555109538E1,-1.131991013E1,1.113399673E1,-2.296868637E1
3.556114137E1,-7.986641693E0,8.665180664E0,-2.118754028E1
3.557118737E1,-1.185519699E1,7.838599548E0,-2.249222717E1
3.558123338E1,-1.550999680E1,9.350156250E0,-2.228371078E1
3.559127938E1,-1.485944962E1,1.146181503E1,-1.965113525E1
3.560132538E1,-7.407795410E0,9.947713623E0,-1.728784973E1
3.561137138E1,-8.378077698E0,8.791667633E0,-1.944112198E1
3.562141738E1,-8.514743500E0,1.046892975E1,-1.795456329E1
3.563146338E1,-4.663402405E0,1.120809265E1,-1.707783646E1
3.564150938E1,-2.831362152E0,7.063661041E0,-2.133049301E1
3.565155538E1,-2.317181396E0,8.517437897E0,-1.501991592E1
3.566160138E1,9.885443115E-1,8.097561035E0,-1.529324753E1
3.567164737E1,-1.264570312E0,5.642666016E0,-1.972972183E1
3.568169337E1,-9.476792908E-1,9.791887665E0,-1.675226349E1
3.569173938E1,-2.577190704E0,6.989116058E0,-1.637849075E1
3.570178538E1,-9.558223572E0,8.500672760E0,-1.678938629E1
3.571183138E1,-5.294789429E0,9.340576172E0,-1.501467682E1
3.572187738E1,-4.838089142E0,7.477999420E0,-1.518696854E1
3.573192338E1,-9.800270233E0,1.172556656E1,-1.360790222E1
3.574196938E1,-8.782985687E0,1.242476257E1,-1.673759399E1
3.575201538E1,-8.770262146E0,9.297914886E0,-1.552376816E1
3.576206138E1,-8.010591888E0,7.894882507E0,-1.495061005E1
3.577210738E1,-8.588540039E0,7.378456421E0,-1.393946274E1
3.578215337E1,-1.055799454E1,8.962911530E0,-1.267713776E1
3.579219937E1,-6.951095123E0,6.865173798E0,-1.156165741E1
3.580224538E1,-6.708000641E0,4.707710266E0,-1.181433197E1
3.581229138E1,-9.156309357E0,4.736001434E0,-1.290735901E1
3.582233738E1,-7.413782959E0,3.375031586E0,-1.319970108E1
3.583238338E1,-7.211254120E0,3.763773193E0,-1.297531769E1
3.584242938E1,-9.376351776E0,4.932692413E0,-1.441667038E1
3.585247538E1,-4.981341248E0,4.170327759E0,-1.332573898E1
3.586252138E1,-4.975353699E0,4.428241425E0,-1.197973801E1
3.587256738E1,-2.856360168E0,3.757336578E0,-1.263776962E1
3.588261338E1,-3.117417297E0,5.816604309E0,-8.554411011E0
3.589265937E1,-2.637515259E0,6.952142944E0,-5.680836639E0
3.590270537E1,-3.457510071E0,6.181844788E0,-9.255702667E0
3.591275137E1,-2.726729736E0,5.958808594E0,-8.886270905E0
3.592279738E1,-5.395380249E0,6.635401611E0,-1.020038818E1
3.593284338E1,-5.944139099E0,6.660100250E0,-1.259570709E1
3.594288938E1,-2.948418732E0,6.206094360E0,-8.429720306E0
3.595293538E1,-3.182681580E0,5.381459198E0,-6.383774872E0
3.596298138E1,-4.200415192E0,4.417463837E0,-7.901019745E0
3.597302738E1,-4.773273926E0,4.692591705E0,-6.427184601E0
3.598307338E1,-1.327140198E0,3.069516907E0,-6.143225098E0
3.599311938E1,-2.118993530E0,2.674338684E0,-7.447163544E0
3.600316538E1,-3.118465118E0,2.880609741E0,-8.255183258E0
3.601321137E1,-3.163521423E0,3.466042328E0,-7.077282715E0
3.602325737E1,-2.001188507E0,3.501817932E0,-5.638325043E0
3.603330338E1,-2.810555420E0,2.639012146E0,-6.143674164E0
3.604334938E1,-4.592599640E0,3.991599426E0,-6.513405304E0
3.605339538E1,-2.773133240E0,3.191213837E0,-7.285799103E0
3.606344138E1,-5.649551697E0,2.497556305E0,-8.842112732E0
3.607348738E1,-7.567513275E0,2.313439178E0,-1.034079620E1
3.608353338E1,-7.341782684E0,2.178719330E0,-8.592282257E0
3.609357938E1,-7.623047791E0,2.001487885E0,-8.132887573E0
3.610362538E1,-7.883805542E0,1.268611908E0,-7.793692932E0
3.611367138E1,-5.267246704E0,3.475323029E0,-6.033802643E0
3.612371737E1,-3.401975555E0,4.331093445E0,-4.761747894E0
3.613376337E1,-6.061495056E0,2.504741364E0,-6.907835083E0
3.614380938E1,-6.431675262E0,2.353256378E0,-8.892108765E0
3.615385538E1,-6.611152039E0,3.010988617E0,-8.894952850E0
3.616390138E1,-7.545658722E0,2.185455322E0,-9.641001434E0
3.617394738E1,-6.102958832E0,2.647394714E0,-9.045988770E0
3.618399338E1,-6.861880646E0,3.382066956E0,-6.564000092E0
3.619403938E1,-4.363725586E0,2.814896393E0,-7.802374878E0
3.620408538E1,-2.761906586E0,2.056423645E0,-5.424569550E0
3.621413138E1,-2.622845764E0,8.913963318E-1,-7.087760925E0
3.622417738E1,-3.601660309E0,5.909710693E-1,-8.937763824E0
3.623422337E1,-2.731819153E0,1.211730194E0,-8.231233063E0
3.624426937E1,-2.390528870E0,2.193538513E0,-6.427034912E0
3.625431538E1,-3.751798096E0,2.505489807E0,-8.105644226E0
3.626436138E1,-3.620072021E0,2.802921295E0,-8.749305725E0
3.627440738E1,-2.855312347E0,3.027304688E0,-5.985902252E0
3.628445338E1,-3.336860962E0,2.490371246E0,-8.701255646E0
3.629449938E1,-3.860023041E0,2.661315765E0,-1.095706467E1
3.630454538E1,-2.328707428E0,4.155957642E0,-9.946067047E0
3.631459138E1,-4.503534851E0,5.128036194E0,-1.168380341E1
3.632463738E1,-7.951764221E0,3.974235535E0,-1.544128967E1
3.633468338E1,-9.400900726E0,3.379073181E0,-1.217777618E1
3.634472938E1,-1.075423645E1,2.408491516E0,-1.066966232E1
3.635477537E1,-9.008117523E0,1.783241730E0,-1.268866379E1
3.636482137E1,-1.245964005E1,3.163371735E0,-1.182600769E1
3.637486738E1,-9.006021881E0,3.499123535E0,-1.007255402E1
3.638491338E1,-5.404511261E0,2.604284363E0,-8.522078247E0
3.639495938E1,-1.078192886E1,1.846560059E0,-1.339968521E1
3.640500538E1,-6.350993042E0,2.920426941E0,-1.241682907E1
3.641505138E1,-3.122955780E0,2.055974579E0,-8.123008118E0
3.642509738E1,-8.575217743E0,3.354823608E0,-1.106064926E1
3.643514338E1,-8.336763611E0,4.506079559E0,-1.320494019E1
3.644518938E1,-2.997965698E0,5.765710144E0,-1.210697342E1
3.645523538E1,-1.587299194E0,5.887107697E0,-1.276665161E1
3.646528137E1,-7.029232635E0,5.599705353E0,-1.649390076E1
3.647532737E1,-8.580456848E0,4.149071960E0,-1.536569687E1
3.648537338E1,-8.813821564E0,3.834875336E0,-1.082683548E1
3.649541938E1,-1.290346710E1,4.890031128E0,-1.236428833E1
3.650546508E1,-1.560250443E1,5.138963470E0,-1.575144470E1
3.651551108E1,-1.068058960E1,5.684279480E0,-1.490944565E1
3.652555708E1,-9.667795715E0,4.344565430E0,-1.194785431E1
3.653560308E1,-1.340612183E1,3.403622131E0,-1.395862289E1
3.654564908E1,-1.368678818E1,5.410947876E0,-1.411040726E1
3.655569508E1,-9.675729218E0,5.110672302E0,-1.456501190E1
3.656574108E1,-1.025876678E1,3.507057037E0,-1.325628342E1
3.657578708E1,-1.144280457E1,4.860991516E0,-1.316811676E1
3.658583308E1,-9.182654572E0,4.613256683E0,-1.294987061E1
3.659587908E1,-6.903045044E0,3.514990540E0,-1.241488312E1
3.660592508E1,-8.475974121E0,3.857628021E0,-1.300600388E1
3.661597108E1,-9.603130188E0,4.389771423E0,-1.478804810E1
3.662601708E1,-9.080417175E0,4.696184235E0,-1.297352142E1
3.663606308E1,-6.919211426E0,4.271517334E0,-1.134924911E1
3.664610908E1,-5.787714386E0,3.624263306E0,-1.410965881E1
3.665615508E1,-6.747069397E0,6.543642426E0,-1.510419067E1
3.666620108E1,-6.004014587E0,6.634353790E0,-1.304701859E1
3.667624708E1,-9.838291168E0,4.711302795E0,-1.313458649E1
3.668629308E1,-1.066951263E1,4.208348694E0,-1.516361710E1
3.669633908E1,-1.040201889E1,4.970863037E0,-1.154234756E1
3.670638508E1,-8.078101501E0,4.514911194E0,-1.368409378E1
3.671643108E1,-1.593556183E1,6.165678406E0,-1.717678070E1
3.672647708E1,-7.605983276E0,5.937702484E0,-1.264944534E1
3.673652308E1,-8.803043976E0,4.214036865E0,-1.113699051E1
3.674656908E1,-1.181597855E1,6.485114136E0,-1.533216660E1
3.675661508E1,-8.657247162E0,6.320606232E0,-1.413405807E1
3.676666108E1,-5.883066101E0,4.227957916E0,-1.106992996E1
3.677670708E1,-1.024110352E1,4.350552979E0,-1.221430023E1
3.678675308E1,-8.140671387E0,5.059478760E0,-1.339773926E1
3.679679908E1,-8.448132019E0,4.417912903E0,-1.241997253E1
3.680684508E1,-5.014572144E0,5.557193756E0,-8.416996765E0
3.681689108E1,-8.178243256E0,6.365961914E0,-1.258238480E1
3.682693708E1,-5.794300690E0,5.139262848E0,-1.449001785E1
3.683698308E1,-5.177732849E0,6.482419739E0,-1.003363495E1
3.684702908E1,-3.948489075E0,5.712570648E0,-8.560099182E0
3.685707508E1,-8.712033234E0,5.733826447E0,-1.280572037E1
3.686712108E1,-5.044809265E0,6.578968964E0,-8.887019348E0
3.687716708E1,-4.266278229E0,4.532424774E0,-8.159232788E0
3.688721308E1,-7.893086243E0,4.926555176E0,-9.718240814E0
3.689725908E1,-6.820566559E0,5.953419800E0,-6.534511414E0
3.690730508E1,-6.823111267E0,5.165158997E0,-7.934550018E0
3.691735108E1,-1.020547760E1,6.121220856E0,-8.532107391E0
3.692739708E1,-1.128458359E1,6.756649475E0,-1.016221756E1
3.693744308E1,-1.067385361E1,5.667664032E0,-1.187899750E1
3.694748908E1,-1.257789413E1,6.621330872E0,-1.052685928E1
3.695753508E1,-1.058972855E1,5.833519135E0,-8.049960022E0
3.696758108E1,-1.088281906E1,5.805078278E0,-8.666228485E0
3.697762708E1,-7.821085968E0,5.187911682E0,-5.860163727E0
3.698767308E1,-6.386169891E0,3.817361755E0,-5.540278931E0
3.699771908E1,-7.893535309E0,3.796854401E0,-6.782994690E0
3.700776508E1,-6.317013702E0,3.194357300E0,-6.836283875E0
3.701781108E1,-4.817432098E0,2.264341278E0,-5.135370941E0
3.702785708E1,-5.964945831E0,2.786455536E0,-5.202132111E0
3.703790308E1,-6.239175568E0,3.148253174E0,-5.285957794E0
3.704794908E1,-6.770570526E0,3.181035004E0,-6.137686615E0
3.705799508E1,-6.862629089E0,3.456013184E0,-4.817132721E0
3.706804108E1,-6.889273682E0,2.545307007E0,-4.978197784E0
3.707808708E1,-7.066954193E0,2.128274231E0,-5.391937408E0
3.708813308E1,-7.783214722E0,2.922971649E0,-4.818629608E0
3.709817908E1,-7.542814636E0,2.859952698E0,-6.208040314E0
3.710822508E1,-6.509064331E0,2.074236603E0,-6.170019379E0
3.711827108E1,-6.161038055E0,2.152972870E0,-4.218976593E0
3.712831708E1,-7.433242493E0,2.136656799E0,-5.350773010E0
3.713836308E1,-7.643255768E0,1.833088074E0,-6.396348724E0
3.714840908E1,-6.455326080E0,1.569635925E0,-3.812721405E0
3.715845508E1,-6.698420563E0,9.024732971E-1,-3.325035553E0
3.716850108E1,-8.618328094E0,9.259744263E-1,-3.518283691E0
3.717854708E1,-7.684270477E0,7.173083496E-1,-4.678670654E0
3.718859308E1,-6.458918610E0,1.201701050E0,-2.917882233E0
3.719863908E1,-4.967120819E0,2.302062836E0,-2.298170929E0
3.720868508E1,-3.791016541E0,1.299747162E0,-4.624034271E0
3.721873108E1,-4.914131012E0,1.106798401E0,-5.160368958E0
3.722877708E1,-4.637356567E0,1.784738617E0,-2.828817444E0
3.723882308E1,-5.250930634E0,1.604812775E0,-3.454366608E0
3.724886908E1,-6.132447510E0,1.483265533E0,-4.000431061E0
3.725891508E1,-4.937183075E0,8.521778870E-1,-5.593418427E0
3.726896108E1,-5.460644531E0,1.149309998E0,-5.964796143E0
3.727900708E1,-3.893703003E0,1.917063446E0,-2.598745880E0
3.728905308E1,-3.738924866E0,9.991722107E-1,-4.978197784E0
3.729909908E1,-4.808151398E0,8.134085083E-1,-3.742667084E0
3.730914508E1,-4.359683990E0,1.118773499E0,-1.971550140E0
3.731919108E1,-4.521497498E0,-9.377998352E-1,-4.911735992E0
3.732923708E1,-7.112758942E0,1.119072876E0,-3.844305725E0
3.733928308E1,-6.787335663E0,2.198777618E0,-3.830833740E0
3.734932908E1,-5.107828217E0,4.818479919E-1,-5.451962585E0
3.735937508E1,-4.203259277E0,4.514611816E-1,-1.844464417E0
3.736942108E1,-4.744833069E0,9.192384338E-1,-2.699336700E0
3.737946708E1,-6.370153198E0,1.003812561E0,-4.642895050E0
3.738951308E1,-4.914729767E0,1.598226471E0,-3.193608856E0
3.739955908E1,-4.716691589E0,9.770182800E-1,-3.179687805E0
3.740960508E1,-7.058871002E0,1.295855255E0,-6.732699280E0
3.741965108E1,-6.830595703E0,1.304836578E0,-7.982749786E0
3.742969708E1,-5.153632965E0,2.647993469E-1,-6.474037170E0
3.743974308E1,-5.553601227E0,7.836204529E-1,-6.148015137E0
3.744978908E1,-4.541406097E0,8.131091309E-1,-7.518265686E0
3.745983508E1,-2.413730621E0,-1.251996460E0,-7.417375488E0
3.746988108E1,-2.358196106E0,-1.826801147E0,-4.215234375E0
3.747992708E1,-4.948409729E0,-3.379971313E-1,-5.581143951E0
3.748997308E1,-4.523593140E-1,-1.013692017E0,-4.912933502E0
3.750001971E1,-2.078128510E0,-8.833131409E-1,-6.194418640E0
3.751006571E1,-4.008065186E0,-2.742297363E-1,-7.401059418E0
3.752011171E1,-7.360493774E0,2.598147125E0,-6.694528656E0
3.753015771E1,-1.733096008E0,1.381776581E0,-5.733377380E0
3.754020371E1,-4.995711365E0,2.012265472E0,-6.848109283E0
3.755024971E1,-8.402476959E0,3.675756226E0,-6.608906708E0
3.756029571E1,-3.776047668E0,4.471950531E0,-6.665489044E0
3.757034171E1,-1.423689423E0,2.084864502E0,-6.731202393E0
3.758038771E1,-4.565505981E0,2.148033142E0,-5.696553955E0
3.759043371E1,-4.731959839E0,2.468367004E0,-6.354735260E0
3.760047971E1,-2.890189819E0,2.411185913E0,-8.107141113E0
3.761052571E1,-1.558259583E0,9.530680847E-1,-8.397986298E0
3.762057171E1,-4.743785248E0,2.390229492E0,-7.649393005E0
3.763061671E1,-5.538632355E0,2.403252411E0,-1.145492935E1
3.764066271E1,-7.252418518E0,3.317551117E0,-1.202629120E1
3.765070871E1,-5.926625519E0,4.310885468E0,-6.113736420E0
3.766075471E1,-3.493585052E0,3.288511505E0,-8.371192017E0
3.767080071E1,-4.474944305E0,3.010240173E0,-7.526797943E0
3.768084671E1,-7.831414490E0,2.570305023E0,-6.265670471E0
3.769089271E1,-4.871170349E0,3.793860626E0,-9.946216736E0
3.770093871E1,-3.970792694E0,4.508923645E0,-8.562793579E0
3.771098471E1,-4.517455902E0,4.709955597E0,-8.744066620E0
3.772103071E1,-5.065615997E0,4.375550995E0,-7.905211029E0
3.773107671E1,-7.732769623E0,3.610342255E0,-4.422104187E0
3.774112271E1,-4.503534851E0,3.577859802E0,-7.298672333E0
3.775116871E1,-3.865711212E0,3.035088501E0,-9.647587738E0
3.776121471E1,-3.609144745E0,1.726060638E0,-6.648723907E0
3.777126071E1,-3.809877319E0,2.286944275E0,-4.374353485E0
3.778130671E1,-5.212161255E0,1.803300018E0,-8.286767578E0
3.779135271E1,-1.540596313E0,1.709744568E0,-1.121722366E1
3.780139871E1,-3.826343079E0,2.941383362E0,-1.053329590E1
3.781144471E1,-2.557132416E0,2.426304474E0,-9.240584106E0
3.782149071E1,2.492317200E-1,1.710493011E0,-1.309252396E1
3.783153671E1,1.633103943E-1,1.592687988E0,-1.007929001E1
3.784158271E1,2.253713379E0,2.550695801E0,-5.318140869E0
3.785162871E1,1.669029236E-1,3.443139954E0,-1.129745682E1
3.786167471E1,-2.769840088E0,1.989812164E0,-1.590861786E1
3.787172071E1,7.542814636E-1,-2.423460388E-1,-9.633217621E0
3.788176671E1,1.642085266E-1,-4.047583008E-1,-5.170697479E0
3.789181271E1,-2.672093353E0,-3.257226562E-1,-8.432414703E0
3.790185871E1,-1.153950348E0,-5.673202515E-2,-1.057311310E1
3.791190471E1,-2.833607483E-1,-1.190025330E-1,-1.215173035E1
3.792195071E1,-8.952882385E-1,-4.971162415E-1,-1.252355713E1
3.793199671E1,-2.625091095E0,-7.747888184E-1,-1.272728348E1
3.794204271E1,-6.680607605E-1,-4.278103638E-1,-1.325044556E1
3.795208871E1,-8.666976929E-1,-1.186283112E0,-1.126901596E1
3.796213471E1,-4.321513367E-1,-2.189197540E0,-9.110055542E0
3.797218071E1,-2.110012207E0,-1.725012817E0,-1.206386307E1
3.798222671E1,-2.641257477E0,-2.090552673E0,-1.547257462E1
3.799227271E1,-2.950813751E0,-4.216132507E0,-1.451995560E1
3.800231871E1,-1.979333954E0,-4.925806732E0,-1.293550049E1
3.801236471E1,-1.862876129E0,-4.968917084E0,-1.215756821E1
3.802241071E1,-3.171604614E0,-5.147046661E0,-1.205413330E1
3.803245671E1,-1.552721100E0,-4.745581512E0,-1.265064285E1
3.804250271E1,-2.345622253E-1,-3.883224792E0,-1.380115036E1
3.805254871E1,-8.385562134E-1,-4.059258728E0,-1.358814331E1
3.806259471E1,-2.962938538E0,-4.285737762E0,-1.238150253E1
3.807264071E1,-1.434167633E0,-3.793112183E0,-1.172796158E1
3.808268671E1,7.155120850E-1,-2.950664062E0,-1.254346573E1
3.809273271E1,8.095166016E-1,-3.148253174E0,-1.380489258E1
3.810277871E1,-1.509011993E0,-3.874243469E0,-1.443957275E1
3.811282471E1,-1.758692780E0,-4.362977142E0,-1.420920181E1
3.812287071E1,-2.848127289E0,-6.033652954E0,-1.260962814E1
3.813291671E1,-2.224224701E0,-5.751190338E0,-1.116333572E1
3.814296271E1,-2.140099640E0,-5.047503662E0,-1.205203766E1
3.815300871E1,-5.637277222E-1,-4.838538208E0,-1.426174255E1
3.816305471E1,-1.853296051E0,-4.309987335E0,-1.552421722E1
3.817310071E1,-2.923420715E0,-3.294049988E0,-1.435230423E1
3.818314671E1,-1.425485687E0,-2.199675751E0,-1.209903992E1
3.819319271E1,8.904981995E-1,-3.146905975E0,-1.128727798E1
3.820323871E1,-8.631051636E-1,-3.887565765E0,-1.134116592E1
3.821328471E1,-1.499282227E0,-3.996539154E0,-1.315195038E1
3.822333071E1,-9.559121704E-1,-3.514391785E0,-1.365191071E1
3.823337671E1,-1.895208893E0,-2.739303589E0,-1.322619598E1
3.824342271E1,-1.394500122E0,-2.552791443E0,-1.179337555E1
3.825346871E1,-8.252339172E-1,-2.716101837E0,-1.036474640E1
3.826351471E1,-3.852987671E-1,-2.883603516E0,-1.173514664E1
3.827356071E1,-1.418899384E0,-3.153941345E0,-1.354188950E1
3.828360671E1,-1.656605072E0,-3.109483795E0,-1.453223007E1
3.829365271E1,-2.455942841E0,-2.447260895E0,-1.390383682E1
3.830369871E1,-1.387614441E-1,-2.346670074E0,-1.154219788E1
3.831374471E1,-7.702981567E-1,-2.363435211E0,-9.979447632E0
3.832379071E1,-1.240021362E0,-2.051184540E0,-1.135538635E1
3.833383671E1,-1.470242615E0,-2.325863342E0,-1.365146164E1
3.834388271E1,-1.771116943E0,-2.241887970E0,-1.406594971E1
3.835392871E1,-7.381150818E-1,-2.719245300E0,-1.225621307E1
3.836397471E1,-8.750802612E-1,-3.240162048E0,-1.067505112E1
3.837402071E1,-1.610201569E0,-2.980003052E0,-1.105286545E1
3.838406671E1,-1.571881256E0,-2.048041077E0,-1.208511887E1
3.839411271E1,-1.309177551E0,-2.179467773E0,-1.244646744E1
3.840415871E1,-1.341210938E0,-2.366728363E0,-1.224842926E1
3.841420471E1,-1.705253906E0,-2.259401550E0,-1.241877502E1
3.842425071E1,-1.304387512E0,-2.813249817E0,-1.288191193E1
3.843429671E1,-1.686842194E0,-2.811154175E0,-1.266830612E1
3.844434271E1,-1.681303711E0,-2.326013031E0,-1.138487503E1
3.845438871E1,-1.159937897E0,-2.267335052E0,-1.199755096E1
3.846443471E1,-1.745819550E0,-2.452350311E0,-1.240380615E1
3.847448071E1,-1.269659729E0,-2.187550964E0,-1.158500885E1
3.848452671E1,-8.408015442E-1,-2.793939972E0,-1.188004532E1
3.849457271E1,-2.011217651E0,-2.482886810E0,-1.337453751E1
3.850461813E1,-1.812131653E0,-2.347717896E0,-1.346240479E1
3.851466413E1,-1.616638184E0,-2.731070709E0,-1.239946518E1
3.852471013E1,-1.904639282E0,-2.687062225E0,-1.139101227E1
3.853475613E1,-1.446292419E0,-1.755998383E0,-1.092832443E1
3.854480213E1,-1.520388336E0,-1.341809692E0,-1.223405914E1
3.855484813E1,-1.709594879E0,-2.010618896E0,-1.294657745E1
3.856489412E1,-2.029180298E0,-1.864822083E0,-1.168739594E1
3.857494012E1,-1.528770905E0,-1.089284821E0,-1.098520615E1
3.858498613E1,-1.327589264E0,-1.366208954E0,-1.172646469E1
3.859503113E1,-1.834584961E0,-1.793570251E0,-1.190698929E1
3.860507713E1,-1.490450592E0,-1.621428223E0,-1.178304703E1
3.861512313E1,-1.535357208E0,-1.473685455E0,-1.158021881E1
3.862516913E1,-1.276246033E0,-1.677561493E0,-1.128817612E1
3.863521513E1,-1.698218536E0,-1.839375000E0,-1.147947830E1
3.864526113E1,-1.767374725E0,-1.537003784E0,-1.146361130E1
3.865530713E1,-1.143921204E0,-1.638792114E0,-1.130703690E1
3.866535313E1,-2.434237976E0,-1.128353577E0,-1.091874435E1
3.867539913E1,-2.452350311E0,-6.679110718E-1,-1.078417419E1
3.868544512E1,-1.284628601E0,-1.240470428E0,-1.162647263E1
3.869549112E1,-2.266287231E0,-1.151555328E0,-1.240275833E1
3.870553713E1,-1.946103058E0,-1.069525909E0,-1.134371063E1
3.871558313E1,-1.746867371E0,-1.250499573E0,-1.118998032E1
3.872562913E1,-1.781295776E0,-1.315763855E0,-1.149759064E1
3.873567513E1,-1.844464417E0,-1.082997894E0,-1.162826889E1
3.874572113E1,-1.934277649E0,-8.934919739E-1,-1.123608444E1
3.875576713E1,-2.018702087E0,-7.574249268E-1,-1.123937759E1
3.876581313E1,-1.610950012E0,-6.194119263E-1,-1.109388016E1
3.877585913E1,-1.921105042E0,-6.164181519E-1,-1.147843048E1
3.878590513E1,-1.702409821E0,-6.707551575E-1,-1.169637726E1
3.879595112E1,-1.209335175E0,-2.854563904E-1,-1.137424713E1
3.880599712E1,-1.100511475E0,-8.023315430E-2,-1.113624207E1
3.881604312E1,-1.375190277E0,-4.320016479E-1,-1.070678513E1
3.882608913E1,-1.925745392E0,-7.783813477E-1,-1.083641556E1
3.883613513E1,-1.816322937E0,-4.758604431E-1,-1.121677460E1
3.884618113E1,-1.927242279E0,-8.412506104E-2,-1.135912857E1
3.885622713E1,-1.929038544E0,-4.064048767E-1,-1.163006516E1
3.886627313E1,-2.106868744E0,-5.565426636E-1,-1.174562485E1
3.887631913E1,-1.835183716E0,-2.902464294E-1,-1.066023193E1
3.888636513E1,-1.768871613E0,-3.469784546E-1,-1.061876816E1
3.889641113E1,-2.371069336E0,-4.326004028E-2,-1.058269318E1
3.890645713E1,-1.791624298E0,4.611909485E-1,-1.028990204E1
3.891650312E1,-2.025438080E0,5.996530151E-1,-1.028122009E1
3.892654912E1,-2.271676025E0,4.294569397E-1,-9.923613739E0
3.893659513E1,-1.329535217E0,4.276606750E-1,-1.037447617E1
3.894664113E1,-2.249073029E0,6.282435608E-1,-1.091575058E1
3.895668713E1,-1.785037994E0,5.376818848E-1,-1.049332901E1
3.896673313E1,-1.852397919E0,4.245172119E-1,-1.091575058E1
3.897677913E1,-2.740052032E0,7.423063660E-1,-1.076651093E1
3.898682513E1,-1.867067413E0,4.239184570E-1,-9.970017242E0
3.899687113E1,-2.473007355E0,1.792372742E0,-1.004141876E1
3.900691713E1,-2.212399292E0,1.339414673E0,-1.002585114E1
3.901696313E1,-1.848805389E0,1.268462219E0,-9.313482513E0
3.902700912E1,-2.151925049E0,1.141675873E0,-9.637558594E0
3.903705512E1,-2.663411407E0,1.560205536E0,-9.608219604E0
3.904710113E1,-2.134112091E0,1.645079041E0,-9.904004517E0
3.905714713E1,-2.664309540E0,1.856888580E0,-1.038525375E1
3.906719313E1,-2.219434662E0,1.904040527E0,-9.435329132E0
3.907723913E1,-1.851050720E0,1.088985443E0,-1.001911514E1
3.908728513E1,-3.494782562E0,2.095193024E0,-1.007764343E1
3.909733113E1,-2.666704559E0,2.380200348E0,-9.579928436E0
3.910737713E1,-2.427202606E0,1.822759552E0,-1.006312363E1
3.911742313E1,-3.125201111E0,2.151925049E0,-1.023616379E1
3.912746913E1,-2.363584900E0,2.035167847E0,-9.601633301E0
3.913751512E1,-2.598147125E0,2.048939209E0,-9.395362244E0
3.914756112E1,-2.723436584E0,2.271376648E0,-9.088200989E0
3.915760713E1,-2.202070770E0,2.294877777E0,-8.479267273E0
3.916765313E1,-2.464325409E0,2.118694153E0,-9.282796326E0
3.917769913E1,-2.600392456E0,2.436483307E0,-9.574090576E0
3.918774513E1,-2.550246735E0,2.647993469E0,-9.317973175E0
3.919779113E1,-2.767744446E0,2.413131866E0,-9.896370392E0
3.920783713E1,-2.929408264E0,2.629282379E0,-9.012308807E0
3.921788313E1,-2.416574707E0,2.763253784E0,-8.364605713E0
3.922792913E1,-2.588866425E0,2.502945099E0,-9.465715942E0
3.923797513E1,-3.009192352E0,2.728076935E0,-9.487121429E0
3.924802112E1,-2.543510742E0,2.974165192E0,-8.950487366E0
3.925806712E1,-2.672392731E0,2.971919861E0,-9.100026398E0
3.926811312E1,-2.952310638E0,3.084785156E0,-8.758736115E0
3.927815913E1,-2.673440552E0,2.938688965E0,-9.136400757E0
3.928820513E1,-2.971770172E0,3.076252899E0,-9.878108368E0
3.929825113E1,-2.704725494E0,3.310066681E0,-8.827293549E0
3.930829713E1,-2.797382812E0,3.224594421E0,-8.627010040E0
3.931834313E1,-2.781515808E0,3.297043762E0,-8.795260162E0
3.932838913E1,-2.462229767E0,3.336112518E0,-8.057594147E0
3.933843513E1,-2.802621918E0,3.301235046E0,-8.566535797E0
3.934848113E1,-2.976709900E0,3.381318512E0,-9.769883423E0
3.935852713E1,-2.792592773E0,3.560046844E0,-9.421108704E0
3.936857312E1,-2.855911102E0,3.557801514E0,-8.873846741E0
3.937861912E1,-2.930306396E0,3.612138519E0,-8.544531555E0
3.938866513E1,-2.533331909E0,3.241658936E0,-8.236621857E0
3.939871113E1,-2.892135773E0,3.283272400E0,-8.320297852E0
3.940875713E1,-2.805316315E0,3.615132294E0,-8.850195923E0
3.941880313E1,-2.846181335E0,3.578159180E0,-9.254056091E0
3.942884913E1,-3.261567535E0,3.935017090E0,-8.651708679E0
3.943889513E1,-2.690804443E0,3.949387207E0,-8.237969055E0
3.944894113E1,-1.614841919E0,2.139500885E0,-8.976084137E0
3.945898713E1,-3.957620087E0,4.655019836E0,-8.553213501E0
3.946903313E1,-3.460653534E0,5.384303284E0,-8.385861511E0
3.947907912E1,-2.592458954E0,4.203408966E0,-8.289312286E0
3.948912512E1,-2.706821136E0,4.130211182E0,-8.081694031E0
3.949917096E1,-2.709066467E0,4.132456512E0,-8.123606873E0
3.950921696E1,-2.665507050E0,3.977828064E0,-8.392298126E0
3.951926296E1,-2.718197479E0,3.876638489E0,-8.972940674E0
3.952930896E1,-2.685715027E0,3.823648682E0,-8.596024475E0
3.953935496E1,-2.947969666E0,4.035009155E0,-7.705226898E0
3.954940096E1,-2.713257751E0,3.827690277E0,-8.115373993E0
3.955944696E1,-2.944077759E0,3.931574249E0,-8.368946686E0
3.956949296E1,-3.114124146E0,3.991599426E0,-8.476123810E0
3.957953896E1,-2.858156433E0,4.147126007E0,-8.664881287E0
3.958958496E1,-3.096161499E0,4.080065460E0,-8.775800629E0
3.959963096E1,-3.119662628E0,4.115841064E0,-8.387208710E0
3.960967696E1,-2.983445892E0,4.225712585E0,-8.325986023E0
3.961972296E1,-3.133284302E0,4.375251617E0,-8.788524170E0
3.962976896E1,-3.020269318E0,4.497397614E0,-8.575217743E0
3.963981496E1,-2.855611725E0,4.268523560E0,-8.169112244E0
3.964986096E1,-2.678979034E0,3.880380707E0,-8.304580536E0
3.965990696E1,-2.966082001E0,3.867507477E0,-7.978558502E0
3.966995296E1,-2.569556580E0,3.843108215E0,-7.765850830E0
3.967999896E1,-2.877466278E0,3.765868835E0,-8.559650116E0
3.969004496E1,-3.101250916E0,4.362677765E0,-8.779093781E0
3.970009096E1,-2.425855408E0,4.077520752E0,-8.342751160E0
3.971013696E1,-3.042273560E0,3.699706421E0,-8.247698822E0
3.972018296E1,-3.079546051E0,4.062851257E0,-7.954308929E0
3.973022796E1,-2.698887634E0,4.108805695E0,-8.386460266E0
3.974027396E1,-3.290008392E0,4.063150635E0,-9.149124298E0
3.975031996E1,-2.964585114E0,4.373006287E0,-8.567882996E0
3.976036596E1,-2.687211914E0,4.221221924E0,-8.434809723E0
3.977041196E1,-3.078947296E0,3.812422028E0,-8.475674744E0
3.978045796E1,-2.915187836E0,4.202061768E0,-8.319848785E0
3.979050396E1,-2.765050049E0,4.497547302E0,-8.370742950E0
3.980054996E1,-2.906356201E0,4.117038574E0,-8.348289642E0
3.981059596E1,-3.021317139E0,3.789519653E0,-8.311166840E0
3.982064196E1,-2.780917053E0,3.704047394E0,-8.134085083E0
3.983068796E1,-3.027903442E0,3.693120117E0,-8.496032410E0
3.984073396E1,-3.348087616E0,4.028722229E0,-8.718170471E0
3.985077996E1,-3.361260223E0,4.451143799E0,-8.630303192E0
3.986082596E1,-2.847378845E0,4.516557770E0,-8.398884430E0
3.987087196E1,-2.722837830E0,4.212689667E0,-8.001460876E0
3.988091796E1,-2.940185852E0,4.041146393E0,-8.144563293E0
3.989096396E1,-2.812201996E0,4.008065186E0,-8.287665710E0
3.990100996E1,-2.948718109E0,3.885021057E0,-8.853938141E0
3.991105596E1,-3.159180450E0,3.855382690E0,-8.681047668E0
3.992110196E1,-3.206931152E0,3.568878479E0,-8.111182709E0
3.993114796E1,-3.115770721E0,3.676654358E0,-8.782087555E0
3.994119396E1,-2.627336426E0,4.951403503E0,-8.561596069E0
3.995123996E1,-2.453398132E0,5.357059937E0,-7.055727539E0
3.996128596E1,-3.433410187E0,1.714833984E0,-1.123937759E1
3.997133196E1,-1.858684845E0,4.885091400E0,-8.775201874E0
3.998137796E1,-1.941612396E0,5.403463440E0,-7.502398682E0
3.999142396E1,-2.785108337E0,3.709735565E0,-1.027538223E1
4.000146996E1,-3.259621582E0,3.780688019E0,-8.951984253E0
4.001151596E1,-2.185455322E0,4.227808228E0,-7.814499664E0
4.002156196E1,-1.967508545E0,4.433779907E0,-8.412655792E0
4.003160796E1,-2.263892212E0,4.291126556E0,-8.636739807E0
4.004165396E1,-2.195783844E0,4.047283630E0,-8.779393158E0
4.005169996E1,-3.139421539E0,3.666176147E0,-8.854237518E0
4.006174596E1,-3.440744934E0,3.271596680E0,-8.207133179E0
4.007179196E1,-3.225492554E0,2.768642578E0,-8.655450897E0
4.008183796E1,-3.406765594E0,3.163521423E0,-7.719447327E0
4.009188396E1,-3.337908783E0,3.181334381E0,-7.509583740E0
4.010192996E1,-3.386108551E0,3.072360992E0,-7.869734802E0
4.011197596E1,-3.322341156E0,3.067421265E0,-8.219108276E0
4.012202196E1,-3.181484070E0,3.420536957E0,-8.490194550E0
4.013206796E1,-2.869532776E0,3.630101166E0,-8.955127716E0
4.014211396E1,-3.030747528E0,4.081113281E0,-8.985065460E0
4.015215996E1,-2.938688965E0,4.232298889E0,-8.785680084E0
4.016220596E1,-2.545007629E0,3.958368530E0,-8.762777710E0
4.017225196E1,-2.710413666E0,3.824097748E0,-8.916358337E0
4.018229796E1,-2.735112305E0,3.723057861E0,-8.581654358E0
4.019234396E1,-2.839145966E0,3.699407043E0,-8.559949493E0
4.020238996E1,-2.935545502E0,3.821253662E0,-8.219707031E0
4.021243596E1,-2.831511841E0,3.860771484E0,-7.847281494E0
4.022248196E1,-3.118016052E0,3.758683777E0,-8.445138245E0
4.023252796E1,-3.337010651E0,3.799099731E0,-8.846453705E0
4.024257396E1,-2.918630676E0,3.574117584E0,-9.073531494E0
4.025261996E1,-2.862497406E0,3.655248871E0,-8.798253937E0
4.026266596E1,-2.889141998E0,3.650907898E0,-8.569230194E0
4.027271196E1,-2.852168884E0,3.715872803E0,-8.205486603E0
4.028275796E1,-2.932402039E0,3.896247711E0,-8.320297852E0
4.029280396E1,-2.997816010E0,3.744014282E0,-8.507708130E0
4.030284996E1,-3.124003601E0,3.531605988E0,-8.844657440E0
4.031289596E1,-3.120261383E0,3.643273773E0,-8.976533203E0
4.032294196E1,-2.633623352E0,3.613036652E0,-8.705147552E0
4.033298796E1,-2.881956940E0,4.045337677E0,-8.594976654E0
4.034303396E1,-2.757864990E0,4.204756165E0,-8.547076263E0
4.035307996E1,-2.453098755E0,4.039799194E0,-8.575367432E0
4.036312596E1,-2.524200897E0,4.172573090E0,-8.452772369E0
4.037317196E1,-2.493215332E0,3.819158020E0,-8.672216034E0
4.038321796E1,-2.802322540E0,3.513643341E0,-8.785829773E0
4.039326396E1,-3.195704498E0,3.742667084E0,-8.671317902E0
4.040330996E1,-2.899470520E0,3.887565765E0,-8.482560425E0
4.041335596E1,-2.745141449E0,4.039948883E0,-8.816815338E0
4.042340196E1,-2.543211365E0,4.094884644E0,-8.741970978E0
4.043344796E1,-2.327060852E0,3.889960785E0,-8.692274323E0
4.044349396E1,-2.392175446E0,3.892804871E0,-8.470884705E0
4.045353996E1,-2.570454712E0,3.871100006E0,-8.119265900E0
4.046358596E1,-2.798430634E0,3.794758759E0,-8.151448975E0
4.047363196E1,-2.963537292E0,3.619473267E0,-8.613538055E0
4.048367796E1,-2.696941681E0,3.670816498E0,-8.666827240E0
4.049372396E1,-2.325863342E0,3.811374207E0,-8.608598328E0
4.050377083E1,-2.224823456E0,3.927382965E0,-8.603957977E0
4.051381683E1,-2.565964050E0,3.699407043E0,-8.597072296E0
4.052386283E1,-3.123105469E0,3.871399384E0,-8.701405334E0
4.053390883E1,-2.812501373E0,4.030518494E0,-8.673263855E0
4.054395483E1,-2.522554321E0,4.077969818E0,-8.424181824E0
4.055400083E1,-2.297272797E0,3.927532654E0,-8.717571716E0
4.056404683E1,-2.175725555E0,3.978875885E0,-8.715476074E0
4.057409283E1,-2.723885651E0,3.845203857E0,-8.211474152E0
4.058413883E1,-2.772983551E0,3.935017090E0,-7.848179626E0
4.059418483E1,-2.925965424E0,3.647914124E0,-8.574918365E0
4.060423083E1,-3.044967957E0,3.626059570E0,-8.784033508E0
4.061427683E1,-2.504591675E0,3.510948944E0,-8.788224792E0
4.062432283E1,-2.785108337E0,3.730991364E0,-8.797206116E0
4.063436883E1,-2.862347717E0,4.022584991E0,-8.921747131E0
4.064441483E1,-2.916085968E0,3.941902771E0,-8.491691437E0
4.065446083E1,-2.735112305E0,3.993545380E0,-7.948920135E0
4.066450683E1,-2.496508484E0,3.578907623E0,-8.175698547E0
4.067455283E1,-2.832859039E0,3.629801788E0,-8.269852753E0
4.068459883E1,-2.984643402E0,3.849245453E0,-8.543184357E0
4.069464483E1,-2.912044373E0,3.772006073E0,-8.795858917E0
4.070469083E1,-2.954406281E0,4.008963318E0,-8.661438446E0
4.071473683E1,-2.568059692E0,3.842509460E0,-8.303083649E0
4.072478283E1,-2.631827087E0,3.844754791E0,-8.783883820E0
4.073482883E1,-2.880759430E0,3.747157745E0,-8.897048492E0
4.074487483E1,-2.805765381E0,3.622766418E0,-8.561147003E0
4.075492083E1,-3.114273834E0,3.722908173E0,-8.381370850E0
4.076496683E1,-3.388503571E0,4.027075653E0,-8.361611938E0
4.077501283E1,-2.630030823E0,4.068539429E0,-8.359516296E0
4.078505883E1,-2.578837280E0,4.129313049E0,-8.808732147E0
4.079510483E1,-2.672542419E0,4.157304840E0,-9.250912628E0
4.080515083E1,-2.583926697E0,4.068090363E0,-8.710686035E0
4.081519683E1,-2.674039307E0,3.763024750E0,-8.110284576E0
4.082524283E1,-2.904110870E0,3.672014008E0,-7.853269043E0
4.083528883E1,-2.906505890E0,3.670217743E0,-8.428073730E0
4.084533483E1,-3.143313446E0,3.969894562E0,-8.714577942E0
4.085538083E1,-2.767295380E0,4.264781342E0,-8.575666809E0
4.086542683E1,-2.664309540E0,3.765719147E0,-9.084309082E0
4.087547283E1,-2.976859589E0,3.805236969E0,-8.552914124E0
4.088551883E1,-2.864742737E0,3.835773468E0,-8.256680145E0
4.089556483E1,-2.977308655E0,3.925137634E0,-8.860973511E0
4.090561083E1,-3.083587646E0,4.029021606E0,-8.989556122E0
4.091565683E1,-2.924019470E0,4.124672699E0,-8.840615845E0
4.092570283E1,-2.811902618E0,3.958518219E0,-8.430618439E0
4.093574883E1,-2.452350311E0,3.572920074E0,-7.972421265E0
4.094579483E1,-2.869083710E0,3.410956879E0,-7.935597839E0
4.095584083E1,-3.054398346E0,3.928879852E0,-8.599018250E0
4.096588683E1,-2.941982117E0,3.993994446E0,-9.220675507E0
4.097593283E1,-3.172652435E0,4.058510284E0,-8.861572266E0
4.098597883E1,-2.825973358E0,3.702550507E0,-8.288414154E0
4.099602483E1,-3.067570953E0,3.944148102E0,-8.443791046E0
4.100607083E1,-2.878963165E0,3.717968445E0,-8.707542572E0
4.101611683E1,-3.047812042E0,3.826492767E0,-8.301586761E0
4.102616283E1,-2.860252075E0,3.945495300E0,-8.648415527E0
4.103620883E1,-2.711760864E0,3.857029266E0,-8.806786194E0
4.104625483E1,-2.941982117E0,3.522474976E0,-8.643775177E0
4.105630083E1,-3.278781738E0,4.042643280E0,-8.616681519E0
4.106634683E1,-3.017275543E0,4.022734680E0,-8.655001831E0
4.107639283E1,-2.933749237E0,3.708238678E0,-8.804391174E0
4.108643883E1,-3.176694031E0,3.790417786E0,-8.771459656E0
4.109648483E1,-2.823877716E0,3.869154053E0,-7.973768463E0
4.110653083E1,-2.985242157E0,4.120930481E0,-7.698790283E0
4.111657683E1,-2.848726044E0,3.999383240E0,-8.332572327E0
4.112662283E1,-3.050356750E0,3.946992188E0,-9.065298615E0
4.113666883E1,-3.052302704E0,3.961212616E0,-8.971593475E0
4.114671483E1,-1.529070282E0,3.133433990E0,-8.592581635E0
4.115676083E1,-4.455035706E0,4.264182587E0,-8.583899689E0
4.116680683E1,-3.030148773E0,3.437601471E0,-8.381071472E0
4.117685283E1,-3.060086517E0,4.141737213E0,-7.938591614E0
4.118689883E1,-2.657872925E0,4.504133606E0,-7.254663849E0
4.119694483E1,-3.068469086E0,4.281396790E0,-8.218808899E0
4.120699083E1,-2.896626434E0,4.137994995E0,-7.833510132E0
4.121703683E1,-2.818189545E0,4.304299164E0,-6.382277985E0
4.122708283E1,-2.987188110E0,3.929628296E0,-7.423961792E0
4.123712883E1,-3.117866364E0,4.264182587E0,-7.693700867E0
4.124717483E1,-3.112028503E0,4.546495514E0,-8.420140228E0
4.125722083E1,-3.167413330E0,4.070934448E0,-9.289382629E0
4.126726683E1,-3.142265625E0,3.936364288E0,-7.928263092E0
4.127731283E1,-2.888692932E0,3.520828400E0,-7.469317474E0
4.128735883E1,-3.318449249E0,3.792812805E0,-7.183262329E0
4.129740483E1,-2.860551453E0,4.269571381E0,-6.380182343E0
4.130745083E1,-3.172053680E0,4.489164734E0,-7.939938812E0
4.131749683E1,-2.669848022E0,4.334685974E0,-8.089178467E0
4.132754283E1,-3.036435699E0,3.697461090E0,-8.062982941E0
4.133758883E1,-3.351380768E0,3.687881012E0,-7.858657837E0
4.134763483E1,-2.655328217E0,3.887116699E0,-7.163204041E0
4.135768083E1,-3.348836060E0,3.910617828E0,-7.965685272E0
4.136772683E1,-3.159928894E0,4.290378113E0,-8.256680145E0
4.137777283E1,-3.143313446E0,4.117337952E0,-8.082143097E0
4.138781883E1,-3.216810608E0,3.839665375E0,-8.236921234E0
4.139786483E1,-3.127596130E0,3.993844757E0,-7.239545288E0
4.140791083E1,-3.075803833E0,3.818858643E0,-8.896898804E0
4.141795683E1,-3.402574310E0,4.566553802E0,-8.226592712E0
4.142800283E1,-2.567011871E0,4.156855774E0,-7.641908569E0
4.143804883E1,-3.035238190E0,2.926414490E0,-9.606123962E0
4.144809483E1,-3.704197083E0,3.733685760E0,-8.655899963E0
4.145814083E1,-3.153043213E0,4.263434143E0,-7.549251251E0
4.146818683E1,-3.001258850E0,4.067641296E0,-8.845405884E0
4.147823283E1,-3.491339722E0,4.262835388E0,-8.699309692E0
4.148827883E1,-2.849025421E0,4.084256744E0,-7.977360992E0
4.149832483E1,-2.912044373E0,3.449426880E0,-8.532257080E0
4.150837058E1,-3.014431458E0,3.253184967E0,-7.818840637E0
4.151841658E1,-2.799029388E0,3.344495087E0,-7.297474823E0
4.152846258E1,-2.864892426E0,3.223097534E0,-8.272397461E0
4.153850858E1,-2.959795074E0,3.044219513E0,-8.662635956E0
4.154855458E1,-2.774480438E0,2.724933472E0,-8.484955444E0
4.155860058E1,-3.161276093E0,2.787952423E0,-7.869285736E0
4.156864658E1,-3.306623840E0,3.131787415E0,-7.942034454E0
4.157869258E1,-3.273542633E0,3.965254211E0,-8.041727142E0
4.158873858E1,-2.660717010E0,4.335434418E0,-8.134384460E0
4.159878358E1,-2.152224426E0,3.690425720E0,-9.212292938E0
4.160882958E1,-2.527044983E0,3.157982941E0,-8.168214111E0
4.161887558E1,-2.360441437E0,2.471061401E0,-6.966812439E0
4.162892158E1,-3.502865753E0,2.321073303E0,-8.403524780E0
4.163896758E1,-2.650687866E0,2.850821686E0,-8.600515137E0
4.164901358E1,-3.425177307E0,3.637286224E0,-8.491242371E0
4.165905958E1,-2.187101898E0,3.358416138E0,-8.065527649E0
4.166910558E1,-2.698737946E0,3.288960571E0,-7.559430084E0
4.167915158E1,-2.811603241E0,3.177292786E0,-7.503596191E0
4.168919758E1,-2.566413116E0,2.908152466E0,-9.012757874E0
4.169924358E1,-3.114273834E0,2.968477020E0,-9.402247925E0
4.170928958E1,-2.418520660E0,2.685565338E0,-8.619226227E0
4.171933558E1,-3.066672821E0,2.638712769E0,-8.828041992E0
4.172938158E1,-2.849025421E0,2.877166901E0,-8.788524170E0
4.173942758E1,-2.566712494E0,3.077300720E0,-8.484656067E0
4.174947358E1,-3.022215271E0,3.026406555E0,-8.802295532E0
4.175951958E1,-2.556533661E0,2.762954407E0,-8.995393982E0
4.176956558E1,-2.806214447E0,2.321672058E0,-9.229207764E0
4.177961158E1,-2.844534760E0,2.348466339E0,-9.078171844E0
4.178965758E1,-2.315534821E0,2.063309326E0,-1.007165588E1
4.179970358E1,-3.276386719E0,2.130669250E0,-9.930798798E0
4.180974958E1,-2.158211975E0,1.719324646E0,-9.437125397E0
4.181979558E1,-2.593357086E0,1.231189728E0,-1.015802628E1
4.182984158E1,-2.910547485E0,1.520687714E0,-8.509803772E0
4.183988758E1,-2.814297638E0,1.996997223E0,-9.242979126E0
4.184993358E1,-2.398612061E0,2.096540222E0,-1.069690567E1
4.185997958E1,-2.742447052E0,1.262324982E0,-1.021655457E1
4.187002558E1,-2.242037659E0,9.394464111E-1,-9.840835876E0
4.188007158E1,-2.621797943E0,8.255332947E-1,-9.984836426E0
4.189011758E1,-2.469115448E0,6.876699829E-1,-9.929900665E0
4.190016358E1,-2.329306183E0,4.658312988E-1,-9.889933777E0
4.191020958E1,-2.289039917E0,3.851490784E-1,-9.956096191E0
4.192025558E1,-2.496508484E0,3.665876770E-1,-1.016880386E1
4.193030158E1,-2.462529144E0,3.228785706E-1,-9.926158447E0
4.194034758E1,-2.721490631E0,6.375242615E-1,-1.030666718E1
4.195039358E1,-2.079775085E0,4.079017639E-1,-1.018976028E1
4.196043958E1,-2.349663849E0,1.535806274E-1,-1.013976425E1
4.197048558E1,-2.183209991E0,-3.498225403E-1,-1.058194473E1
4.198053158E1,-2.615361328E0,-3.499722290E-1,-1.107951004E1
4.199057758E1,-2.568808136E0,-8.217910767E-2,-1.077234879E1
4.200062358E1,-2.509381714E0,6.691085815E-2,-1.078387482E1
4.201066958E1,-2.170935516E0,-1.901046753E-1,-1.056682617E1
4.202071558E1,-2.558030548E0,-4.240681458E-1,-1.050201096E1
4.203076158E1,-2.349065094E0,-2.393522644E-1,-1.084854034E1
4.204080758E1,-2.078128510E0,-3.611988831E-1,-1.136092484E1
4.205085358E1,-2.265389099E0,-8.059240723E-1,-1.120809265E1
4.206089958E1,-2.379152527E0,-1.097667389E0,-1.088117249E1
4.207094558E1,-2.224823456E0,-9.234297180E-1,-9.981543274E0
4.208099158E1,-1.493893433E0,-1.062939606E0,-1.096529755E1
4.209103758E1,-2.703977051E0,-8.535250854E-1,-1.080797470E1
4.210108358E1,-2.290985870E0,-7.312294006E-1,-1.059556641E1
4.211112958E1,-2.225721588E0,-5.858816528E-1,-1.157243500E1
4.212117558E1,-2.332000580E0,-7.149133301E-1,-1.129655869E1
4.213122158E1,-2.177372131E0,-7.643106079E-1,-1.070528824E1
4.214126758E1,-2.004631348E0,-8.857081604E-1,-1.089524323E1
4.215131358E1,-2.180964661E0,-9.339079285E-1,-1.078237793E1
4.216135958E1,-1.932631073E0,-8.710386658E-1,-1.045321243E1
4.217140558E1,-2.524200897E0,-4.552033997E-1,-1.113040421E1
4.218145158E1,-2.355950775E0,-1.661544800E-1,-1.114836685E1
4.219149758E1,-2.111658783E0,-2.436932373E-1,-1.061951660E1
4.220154358E1,-2.425855408E0,-3.514691162E-1,-1.053958282E1
4.221158958E1,-2.129322052E0,-2.706372070E-1,-1.027089157E1
4.222163558E1,-1.982178040E0,-4.366419983E-1,-1.036414764E1
4.223168158E1,-2.446362762E0,-2.772235107E-1,-1.057565781E1
4.224172758E1,-2.167792053E0,-9.430389404E-2,-1.092907288E1
4.225177358E1,-2.448907471E0,-1.157093811E-1,-1.101738922E1
4.226181958E1,-2.303559723E0,7.484436035E-3,-1.075483521E1
4.227186558E1,-2.138602753E0,-2.829116821E-2,-1.036085449E1
4.228191158E1,-2.228415985E0,-1.821711731E-1,-1.048344955E1
4.229195758E1,-2.106419678E0,-1.663041687E-1,-1.011551468E1
4.230200358E1,-2.042053528E0,-1.989363098E-1,-1.022688309E1
4.231204958E1,-2.642904053E0,2.005828857E-1,-1.082309326E1
4.232209558E1,-2.311792603E0,1.300794983E-1,-1.064526306E1
4.233214158E1,-2.491718445E0,2.233355713E-1,-1.048315018E1
4.234218758E1,-2.398761749E0,1.586700439E-1,-1.059526703E1
4.235223358E1,-2.523003387E0,9.669891357E-2,-1.025831772E1
4.236227958E1,-2.391127625E0,1.559756470E-1,-1.022837997E1
4.237232558E1,-2.401007080E0,3.939807129E-1,-1.021595581E1
4.238237158E1,-2.402503967E0,2.704875183E-1,-1.057221497E1
4.239241758E1,-2.593357086E0,3.258723450E-1,-1.046144531E1
4.240246358E1,-2.509830780E0,5.457650757E-1,-1.000100281E1
4.241250958E1,-2.322869568E0,5.108876038E-1,-1.013781830E1
4.242255558E1,-2.375110931E0,4.040098572E-1,-1.028226791E1
4.243260158E1,-2.418820038E0,4.257147217E-1,-1.019604721E1
4.244264758E1,-2.481988678E0,3.141966248E-1,-1.058583664E1
4.245269358E1,-2.630779266E0,3.939807129E-1,-1.057490936E1
4.246273958E1,-2.402953033E0,4.565505981E-1,-1.016595978E1
4.247278458E1,-2.501747589E0,5.525010681E-1,-1.000519409E1
4.248283158E1,-2.542313232E0,5.611830139E-1,-1.016251694E1
4.249287658E1,-2.430196381E0,6.679110718E-1,-1.000833755E1
4.250292308E1,-2.419418793E0,5.746549988E-1,-1.014111145E1
4.251296908E1,-2.602188721E0,3.620970154E-1,-1.040830582E1
4.252301508E1,-2.586920471E0,4.900808716E-1,-1.017015106E1
4.253306108E1,-2.551294556E0,7.750881958E-1,-1.015877472E1
4.254310708E1,-2.625091095E0,8.930429077E-1,-1.011776001E1
4.255315308E1,-2.514321442E0,9.458830261E-1,-9.885443115E0
4.256319908E1,-2.515518951E0,1.015188904E0,-9.974208527E0
4.257324508E1,-2.421065369E0,8.394543457E-1,-9.943971405E0
4.258329108E1,-2.524500275E0,7.475454712E-1,-9.919871521E0
4.259333708E1,-2.485132141E0,9.698332214E-1,-9.859247589E0
4.260338308E1,-2.436034241E0,1.123862915E0,-9.607321472E0
4.261342908E1,-2.523003387E0,1.114731903E0,-9.803713074E0
4.262347508E1,-2.525398407E0,9.988728333E-1,-1.021745270E1
4.263352108E1,-2.638862457E0,1.005309448E0,-1.013946487E1
4.264356708E1,-2.547103271E0,1.103505249E0,-1.008452911E1
4.265361308E1,-2.562221832E0,1.019529877E0,-9.995614014E0
4.266365908E1,-2.623294830E0,1.121916962E0,-9.698032837E0
4.267370508E1,-2.494861908E0,1.207089844E0,-9.568103027E0
4.268375108E1,-2.508483582E0,1.182091827E0,-9.749974823E0
4.269379708E1,-2.695893860E0,1.264720001E0,-9.936187592E0
4.270384308E1,-2.641257477E0,1.374292145E0,-9.832453308E0
4.271388908E1,-2.493514709E0,1.266366577E0,-9.869576111E0
4.272393508E1,-2.528541870E0,1.149759064E0,-9.887239380E0
4.273398108E1,-2.580633545E0,1.056053925E0,-9.823172607E0
4.274402708E1,-2.598895569E0,1.226549377E0,-9.787097626E0
4.275407308E1,-2.568508759E0,1.478924561E0,-9.638157349E0
4.276411908E1,-2.596650238E0,1.497485962E0,-9.724827118E0
4.277416508E1,-2.631976776E0,1.441203003E0,-9.902058563E0
4.278421108E1,-2.574047241E0,1.422641602E0,-9.612111511E0
4.279425708E1,-2.511776733E0,1.329984283E0,-9.575886841E0
4.280430308E1,-2.650538177E0,1.270557861E0,-9.732910309E0
4.281434908E1,-2.648891602E0,1.422641602E0,-9.769434357E0
4.282439508E1,-2.633623352E0,1.595232697E0,-9.764494629E0
4.283444108E1,-2.736609192E0,1.629810791E0,-9.811646576E0
4.284448708E1,-2.721490631E0,1.676813049E0,-1.000788849E1
4.285453308E1,-2.591411133E0,1.570234680E0,-9.344767456E0
4.286457908E1,-2.693498840E0,1.382974091E0,-9.514664154E0
4.287462508E1,-2.635269928E0,1.504072266E0,-9.634265442E0
4.288467108E1,-2.639161835E0,1.560654602E0,-9.566157074E0
4.289471708E1,-2.740052032E0,1.688788147E0,-9.592053223E0
4.290476308E1,-2.669997711E0,1.742526398E0,-9.550739136E0
4.291480908E1,-2.612966309E0,1.646875305E0,-9.597741394E0
4.292485508E1,-2.693049774E0,1.587149506E0,-9.641300812E0
4.293490108E1,-2.635269928E0,1.612746277E0,-9.503736877E0
4.294494708E1,-2.649490356E0,1.673070831E0,-9.529932404E0
4.295499308E1,-2.689457245E0,1.755549316E0,-9.576485596E0
4.296503908E1,-2.699187012E0,1.818268890E0,-9.571695557E0
4.297508508E1,-2.674188995E0,1.837728424E0,-9.560917969E0
4.298513108E1,-2.675685883E0,1.819466400E0,-9.533225555E0
4.299517708E1,-2.661914520E0,1.745819550E0,-9.597442017E0
4.300522308E1,-2.761607208E0,1.710642700E0,-9.642947388E0
4.301526908E1,-2.708617401E0,1.778302002E0,-9.532028046E0
4.302531508E1,-2.743943939E0,1.877545624E0,-9.466165009E0
4.303536108E1,-2.732717285E0,1.838476868E0,-9.489815826E0
4.304540708E1,-2.533032532E0,1.844464417E0,-9.391320648E0
4.305545308E1,-2.902164917E0,1.877994690E0,-9.512718201E0
4.306549908E1,-2.729723511E0,1.872605896E0,-9.569599915E0
4.307554508E1,-2.503244476E0,1.824256439E0,-9.453291779E0
4.308559108E1,-2.750230865E0,1.827250214E0,-9.537117462E0
4.309563708E1,-2.822231140E0,1.946103058E0,-9.610015869E0
4.310568308E1,-2.857557678E0,1.809287567E0,-9.370513916E0
4.311572908E1,-2.424358521E0,2.283800812E0,-1.008527756E1
4.312577508E1,-2.787353668E0,1.706601105E0,-8.992549896E0
4.313582108E1,-2.592009888E0,2.262694702E0,-9.056766357E0
4.314586708E1,-2.738555145E0,2.089654541E0,-9.517657928E0
4.315591308E1,-2.865191803E0,1.979633331E0,-9.652527466E0
4.316595908E1,-2.406246185E0,2.150428162E0,-9.282496948E0
4.317600508E1,-3.013533325E0,1.951940918E0,-9.378447418E0
4.318605108E1,-2.921325073E0,2.052831116E0,-9.206006012E0
4.319609708E1,-2.519710236E0,2.134261780E0,-8.963360596E0
4.320614308E1,-2.841690674E0,2.091001740E0,-9.291478271E0
4.321618908E1,-2.715353394E0,2.057770844E0,-9.329050140E0
4.322623508E1,-2.636916504E0,2.018552399E0,-9.452693024E0
4.323628108E1,-2.938838654E0,2.002236328E0,-9.610614624E0
4.324632708E1,-2.664309540E0,2.143392792E0,-9.114546204E0
4.325637308E1,-2.696642303E0,2.273172913E0,-9.386231232E0
4.326641908E1,-2.965333557E0,2.104324036E0,-8.950038300E0
4.327646508E1,-2.623594208E0,2.214045868E0,-9.133856049E0
4.328651108E1,-2.717149658E0,2.193538513E0,-9.396859131E0
4.329655708E1,-2.746039581E0,2.279160461E0,-9.621092834E0
4.330660308E1,-2.480791168E0,2.330354004E0,-9.466165009E0
4.331664908E1,-2.833308105E0,2.318827972E0,-9.347761230E0
4.332669508E1,-2.788401489E0,2.397713928E0,-9.196725311E0
4.333674008E1,-2.577939148E0,2.377056885E0,-9.072184296E0
4.334678608E1,-2.930905151E0,2.356250153E0,-9.479038239E0
4.335683208E1,-2.752476196E0,2.298919373E0,-9.485624542E0
4.336687808E1,-2.700833588E0,2.216590576E0,-9.164093170E0
4.337692408E1,-2.857108612E0,2.186952209E0,-9.287885742E0
4.338697008E1,-2.731519775E0,2.255958710E0,-9.141789551E0
4.339701608E1,-2.759810944E0,2.348915405E0,-9.052724762E0
4.340706208E1,-2.740800476E0,2.379152527E0,-9.337432709E0
4.341710808E1,-2.842439117E0,2.397115173E0,-9.350006561E0
4.342715408E1,-2.832559662E0,2.371668091E0,-9.303453369E0
4.343720008E1,-2.748883667E0,2.347268829E0,-9.186097412E0
4.344724608E1,-2.740052032E0,2.298320618E0,-9.114845581E0
4.345729208E1,-2.731220398E0,2.280657349E0,-9.280401306E0
4.346733808E1,-2.784659271E0,2.317331085E0,-9.250313873E0
4.347738408E1,-2.802771606E0,2.447111206E0,-9.264833679E0
4.348743008E1,-2.831212463E0,2.384990387E0,-9.323661346E0
4.349747608E1,-2.783162384E0,2.493215332E0,-9.138496399E0
4.350752121E1,-2.803969116E0,2.273921356E0,-8.906927948E0
4.351756721E1,-2.792143707E0,2.318378906E0,-9.223369904E0
4.352761321E1,-2.779869232E0,2.292183380E0,-9.237590332E0
4.353765921E1,-2.810256042E0,2.322719879E0,-9.244476013E0
4.354770521E1,-2.847229156E0,2.428998871E0,-9.212891693E0
4.355775121E1,-2.840193787E0,2.519410858E0,-9.157506866E0
4.356779721E1,-2.820135498E0,2.531835022E0,-9.126670990E0
4.357784321E1,-2.763403473E0,2.467019806E0,-9.102870483E0
4.358788921E1,-2.795885925E0,2.383643188E0,-9.207203522E0
4.359793521E1,-2.756068726E0,2.376607819E0,-9.252110138E0
4.360798121E1,-2.825524292E0,2.289339294E0,-9.318422241E0
4.361802721E1,-2.739303589E0,2.512674866E0,-9.195677490E0
4.362807321E1,-2.747985535E0,2.533631287E0,-9.088799744E0
4.363811921E1,-2.765349426E0,2.564766541E0,-9.106762390E0
4.364816521E1,-2.743794250E0,2.526745605E0,-9.186845856E0
4.365821121E1,-2.756368103E0,2.528691559E0,-9.173523560E0
4.366825721E1,-2.789449310E0,2.546354828E0,-9.234446869E0
4.367830321E1,-2.781366119E0,2.541415100E0,-9.257349243E0
4.368834921E1,-2.838397522E0,2.474653931E0,-9.245673523E0
4.369839521E1,-2.837200012E0,2.465373230E0,-9.181756439E0
4.370844121E1,-2.825823669E0,2.474354553E0,-9.104217682E0
4.371848721E1,-2.867736511E0,2.490820312E0,-9.068442078E0
4.372853321E1,-2.834505615E0,2.511477356E0,-9.035809937E0
4.373857921E1,-2.829266510E0,2.543211365E0,-9.067693634E0
4.374862521E1,-2.798430634E0,2.548300781E0,-9.106013947E0
4.375867121E1,-2.788700867E0,2.527044983E0,-9.150022430E0
4.376871721E1,-2.753374329E0,2.484383698E0,-9.133556671E0
4.377876321E1,-2.709814911E0,2.489772491E0,-9.063502350E0
4.378880921E1,-2.699486389E0,2.532882843E0,-9.057664490E0
4.379885521E1,-2.723286896E0,2.509980469E0,-9.079668732E0
4.380890121E1,-2.742746429E0,2.550396423E0,-9.049581299E0
4.381894721E1,-2.731370087E0,2.606829071E0,-9.091344452E0
4.382899321E1,-2.753823395E0,2.609523468E0,-9.129215698E0
4.383903921E1,-2.795586548E0,2.572849731E0,-9.173673248E0
4.384908521E1,-2.790646820E0,2.541265411E0,-9.206904144E0
4.385913121E1,-2.830913086E0,2.561922455E0,-9.149872742E0
4.386917721E1,-2.832409973E0,2.547402649E0,-9.105864258E0
4.387922321E1,-2.848726044E0,2.543211365E0,-9.121282196E0
4.388926921E1,-2.864143982E0,2.557880859E0,-9.070687408E0
4.389931521E1,-2.853965149E0,2.562970276E0,-9.068442078E0
4.390936121E1,-2.903661804E0,2.550695801E0,-9.166488190E0
4.391940721E1,-2.922372894E0,2.565065918E0,-9.184301147E0
4.392945321E1,-2.901266785E0,2.591411133E0,-9.192983093E0
4.393949921E1,-2.875370636E0,2.593057709E0,-9.142987061E0
4.394954521E1,-2.840044098E0,2.588716736E0,-9.039103088E0
4.395959121E1,-2.809806976E0,2.555186462E0,-9.064400482E0
4.396963721E1,-2.849624176E0,2.556833038E0,-9.072633362E0
4.397968321E1,-2.813998260E0,2.563868408E0,-9.076674957E0
4.398972921E1,-2.824775848E0,2.576142883E0,-9.182205505E0
4.399977521E1,-2.856360168E0,2.605781250E0,-9.149423676E0
4.400982121E1,-2.822829895E0,2.645748138E0,-9.063951416E0
4.401986721E1,-2.810405731E0,2.602338409E0,-9.073381805E0
4.402991321E1,-2.833008728E0,2.585423584E0,-9.052874451E0
4.403995921E1,-2.850073242E0,2.587070160E0,-9.094338226E0
4.405000521E1,-2.865940247E0,2.464774475E0,-9.178313599E0
4.406005121E1,-2.547103271E0,2.477048950E0,-8.934620361E0
4.407009721E1,-3.224594421E0,2.797083435E0,-9.200168152E0
4.408014321E1,-2.824326782E0,2.737956390E0,-9.041647797E0
4.409018921E1,-2.880759430E0,2.684068451E0,-9.119485931E0
4.410023521E1,-2.731669464E0,2.709515533E0,-9.089697876E0
4.411028021E1,-2.724634094E0,2.547402649E0,-8.990903320E0
4.412032621E1,-2.952011261E0,2.647245026E0,-9.143885193E0
4.413037221E1,-2.771935730E0,2.676434326E0,-8.927435303E0
4.414041821E1,-2.749482422E0,2.593207397E0,-9.019493866E0
4.415046421E1,-2.749482422E0,2.707719269E0,-8.922196198E0
4.416051021E1,-2.784509583E0,2.694995728E0,-8.907975769E0
4.417055621E1,-2.853516083E0,2.703977051E0,-9.082512817E0
4.418060221E1,-2.802472229E0,2.754571838E0,-8.954528961E0
4.419064821E1,-2.826572113E0,2.733615417E0,-9.032367096E0
4.420069421E1,-2.921325073E0,2.746189270E0,-9.060059509E0
4.421074021E1,-2.788401489E0,2.780917053E0,-8.953930206E0
4.422078621E1,-2.791395264E0,2.769989777E0,-9.008716278E0
4.423083221E1,-2.945424957E0,2.800077209E0,-9.027876434E0
4.424087821E1,-2.797682190E0,2.765199738E0,-9.017697601E0
4.425092421E1,-2.926713867E0,2.781515808E0,-9.047785034E0
4.426097021E1,-2.916984100E0,2.781066742E0,-9.043893127E0
4.427101621E1,-2.797382812E0,2.783611450E0,-8.956923981E0
4.428106221E1,-3.006198578E0,2.812201996E0,-8.976383514E0
4.429110821E1,-2.873873749E0,2.821333008E0,-8.928632812E0
4.430115421E1,-2.812052307E0,2.848726044E0,-8.887169037E0
4.431120021E1,-2.965782623E0,2.830464020E0,-9.014554138E0
4.432124621E1,-2.821183319E0,2.821183319E0,-8.992400208E0
4.433129221E1,-2.904110870E0,2.834206238E0,-8.972940674E0
4.434133821E1,-2.881807251E0,2.786156158E0,-8.984766083E0
4.435138421E1,-2.788551178E0,2.793191528E0,-8.874894562E0
4.436143021E1,-2.884651337E0,2.849624176E0,-8.896898804E0
4.437147621E1,-2.852617950E0,2.882705383E0,-8.948541412E0
4.438152221E1,-2.846181335E0,2.932851105E0,-8.922794952E0
4.439156821E1,-2.884202271E0,2.930156708E0,-8.954978027E0
4.440161421E1,-2.829416199E0,2.911595306E0,-8.954678650E0
4.441166021E1,-2.845133514E0,2.859952698E0,-8.968000946E0
4.442170621E1,-2.872526550E0,2.835553436E0,-8.983269196E0
4.443175221E1,-2.828069000E0,2.821033630E0,-8.954229584E0
4.444179821E1,-2.894231415E0,2.815644836E0,-8.983269196E0
4.445184421E1,-2.901566162E0,2.863994293E0,-8.918753357E0
4.446189021E1,-2.873873749E0,2.921624451E0,-8.873397675E0
4.447193621E1,-2.923720093E0,2.944377136E0,-8.873397675E0
4.448198221E1,-2.894530792E0,2.945275269E0,-8.835676117E0
4.449202821E1,-2.897823944E0,2.910547485E0,-8.928483124E0
4.450207421E1,-2.921474762E0,2.913541260E0,-8.946146393E0
4.451212063E1,-2.864143982E0,2.896626434E0,-8.962761841E0
4.452216663E1,-2.890938263E0,2.873724060E0,-8.933123474E0
4.453221263E1,-2.911146240E0,2.898871765E0,-8.935967560E0
4.454225863E1,-2.864742737E0,2.924019470E0,-8.905880127E0
4.455230463E1,-2.874322815E0,2.943179626E0,-8.901389465E0
4.456235063E1,-2.901416473E0,2.950813751E0,-8.883875885E0
4.457239663E1,-2.900817719E0,3.000809784E0,-8.888516235E0
4.458244263E1,-2.912643127E0,3.051404572E0,-8.908275146E0
4.459248863E1,-2.878963165E0,3.027903442E0,-8.870403900E0
4.460253462E1,-2.906206512E0,2.965034180E0,-8.900790710E0
4.461258062E1,-2.888393555E0,2.910996552E0,-8.969048767E0
4.462262663E1,-2.885848846E0,2.874023438E0,-8.969797211E0
4.463267263E1,-2.853815460E0,2.873274994E0,-8.901988220E0
4.464271863E1,-2.834804993E0,2.895578613E0,-8.777596893E0
4.465276463E1,-2.849324799E0,3.003055115E0,-8.755592651E0
4.466281063E1,-2.825374603E0,3.056044922E0,-8.792715454E0
4.467285663E1,-2.875819702E0,3.071911926E0,-8.801247711E0
4.468290263E1,-2.854264526E0,3.066972198E0,-8.786278839E0
4.469294863E1,-2.825524292E0,3.018173676E0,-8.817414093E0
4.470299463E1,-2.858755188E0,2.970422974E0,-8.836125183E0
4.471304063E1,-2.855611725E0,2.932402039E0,-8.876541138E0
4.472308662E1,-2.880759430E0,2.990331573E0,-8.889114990E0
4.473313262E1,-2.926863556E0,2.982248383E0,-8.851842499E0
4.474317863E1,-2.938090210E0,3.054398346E0,-8.848549347E0
4.475322463E1,-2.958896942E0,3.091820526E0,-8.789571991E0
4.476327063E1,-2.937341766E0,3.144660645E0,-8.766519928E0
4.477331663E1,-2.945724335E0,3.099005585E0,-8.911268921E0
4.478336263E1,-2.968477020E0,3.010389862E0,-8.963809662E0
4.479340863E1,-2.934797058E0,2.980152740E0,-8.931327209E0
4.480345463E1,-2.957400055E0,2.894530792E0,-8.869655457E0
4.481350063E1,-2.965183868E0,2.970123596E0,-8.934171295E0
4.482354563E1,-2.927612000E0,3.085533600E0,-8.806187439E0
4.483359163E1,-2.982398071E0,3.039130096E0,-8.891360321E0
4.484363762E1,-2.988535309E0,3.053350525E0,-8.879534912E0
4.485368362E1,-2.938988342E0,3.104843445E0,-8.771759033E0
4.486372963E1,-2.926414490E0,3.103645935E0,-8.813073120E0
4.487377563E1,-2.949466553E0,3.063978424E0,-8.806486816E0
4.488382163E1,-2.893482971E0,3.134930878E0,-8.866362305E0
4.489386763E1,-2.909799042E0,3.087030487E0,-8.904832306E0
4.490391363E1,-2.906505890E0,3.070714417E0,-8.830886078E0
4.491395963E1,-2.881058807E0,3.075205078E0,-8.780890045E0
4.492400563E1,-2.893482971E0,3.030597839E0,-8.836424561E0
4.493405163E1,-2.909200287E0,3.073259125E0,-8.853489075E0
4.494409763E1,-2.915636902E0,3.117267609E0,-8.813222809E0
4.495414362E1,-2.946472778E0,3.143463135E0,-8.789721680E0
4.496418962E1,-2.917283478E0,3.180286560E0,-8.708889771E0
4.497423563E1,-2.891537018E0,3.106340332E0,-8.712931366E0
4.498428163E1,-2.953208771E0,3.079246674E0,-8.870403900E0
4.499432763E1,-2.902464294E0,3.140319672E0,-8.854237518E0
4.500437363E1,-2.946772156E0,3.116219788E0,-8.869356079E0
4.501441963E1,-2.959795074E0,3.166215820E0,-8.851992188E0
4.502446563E1,-2.957549744E0,3.202290802E0,-8.726553040E0
4.503451163E1,-2.923720093E0,3.175346832E0,-8.718918915E0
4.504455763E1,-2.954256592E0,3.180885315E0,-8.740324402E0
4.505460363E1,-2.927013245E0,3.146606598E0,-8.793912964E0
4.506464962E1,-2.956352234E0,3.119812317E0,-8.872200165E0
4.507469562E1,-2.935246124E0,3.114124146E0,-8.821455688E0
4.508474163E1,-2.943479004E0,3.128344574E0,-8.804241486E0
4.509478763E1,-2.951861572E0,3.149001617E0,-8.760083313E0
4.510483363E1,-2.921774139E0,3.197051697E0,-8.724307709E0
4.511487963E1,-2.941533051E0,3.219954071E0,-8.757538605E0
4.512492563E1,-2.945125580E0,3.257525940E0,-8.732989655E0
4.513497163E1,-2.937341766E0,3.217858429E0,-8.778195648E0
4.514501763E1,-2.962190094E0,3.188220062E0,-8.786129150E0
4.515506363E1,-2.932102661E0,3.167263641E0,-8.807384949E0
4.516510963E1,-2.967279510E0,3.170556793E0,-8.743168488E0
4.517515562E1,-2.978206787E0,3.212469635E0,-8.673712921E0
4.518520162E1,-2.921325073E0,3.235671387E0,-8.709937592E0
4.519524763E1,-2.968477020E0,3.281176758E0,-8.720715179E0
4.520529363E1,-2.948269043E0,3.256478119E0,-8.746162262E0
4.521533963E1,-2.932252350E0,3.212020569E0,-8.833879852E0
4.522538563E1,-2.971171417E0,3.194506989E0,-8.788224792E0
4.523543163E1,-2.947670288E0,3.196452942E0,-8.736582184E0
4.524547763E1,-2.974614258E0,3.271446991E0,-8.681646423E0
4.525552363E1,-2.941383362E0,3.372187500E0,-8.572373657E0
4.526556963E1,-2.925815735E0,3.370391235E0,-8.659193115E0
4.527561563E1,-2.949616241E0,3.342549133E0,-8.715176697E0
4.528566163E1,-2.888842621E0,3.273842010E0,-8.722661133E0
4.529570762E1,-2.914589081E0,3.165018311E0,-8.779692535E0
4.530575362E1,-2.943778381E0,3.244203644E0,-8.735983429E0
4.531579963E1,-2.936144257E0,3.390000458E0,-8.659342804E0
4.532584563E1,-2.940036163E0,3.444038086E0,-8.618777161E0
4.533589163E1,-2.933898926E0,3.449576569E0,-8.545429688E0
4.534593763E1,-2.871179352E0,3.366499329E0,-8.578510895E0
4.535598363E1,-2.897374878E0,3.300785980E0,-8.653954010E0
4.536602963E1,-2.912044373E0,3.304378510E0,-8.759933624E0
4.537607563E1,-2.915487213E0,3.333567810E0,-8.760831757E0
4.538612163E1,-2.958896942E0,3.395239563E0,-8.661737823E0
4.539616763E1,-2.938539276E0,3.419638824E0,-8.528963928E0
4.540621362E1,-3.000959473E0,3.448079681E0,-8.567733307E0
4.541625962E1,-3.045716400E0,3.490890656E0,-8.643026733E0
4.542630563E1,-2.888094177E0,3.463497620E0,-8.652307434E0
4.543635163E1,-3.044518890E0,3.316353607E0,-8.767118683E0
4.544639763E1,-3.080893250E0,3.328478394E0,-8.677754517E0
4.545644263E1,-2.910697174E0,3.443439331E0,-8.696016541E0
4.546648863E1,-3.055895233E0,3.496279449E0,-8.735534363E0
4.547653463E1,-3.058439941E0,3.453468475E0,-8.559799805E0
4.548658063E1,-2.942131805E0,3.368744659E0,-8.501870270E0
4.549662663E1,-3.003953247E0,3.438349915E0,-8.508606262E0
4.550667208E1,-3.050057373E0,3.444636841E0,-8.565487976E0
4.551671808E1,-3.041225739E0,3.501368866E0,-8.711284790E0
4.552676408E1,-3.089575195E0,3.565585327E0,-8.653654633E0
4.553681008E1,-3.051853638E0,3.535497894E0,-8.551117859E0
4.554685608E1,-3.035836945E0,3.559597778E0,-8.433163147E0
4.555690208E1,-3.050057373E0,3.522175598E0,-8.529263306E0
4.556694808E1,-3.092868347E0,3.599864044E0,-8.595425720E0
4.557699408E1,-3.092868347E0,3.645668793E0,-8.588839417E0
4.558704008E1,-3.136876831E0,3.598965912E0,-8.584947510E0
4.559708608E1,-3.118315430E0,3.653302917E0,-8.481662292E0
4.560713208E1,-3.146307220E0,3.712879028E0,-8.487949219E0
4.561717808E1,-3.115920410E0,3.703897705E0,-8.440348206E0
4.562722408E1,-3.091371460E0,3.750750275E0,-8.163124695E0
4.563727008E1,-2.968027954E0,3.827390900E0,-7.800728302E0
4.564731608E1,-2.843187561E0,3.824696503E0,-7.849975891E0
4.565736208E1,-3.070714417E0,3.643423462E0,-9.245972900E0
4.566740808E1,-3.120111694E0,3.689078522E0,-9.820777588E0
4.567745408E1,-3.020119629E0,3.676804047E0,-8.894803162E0
4.568750008E1,-2.986589355E0,3.396586761E0,-8.237969055E0
4.569754608E1,-2.968776398E0,3.730242920E0,-8.077203369E0
4.570759208E1,-3.172353058E0,3.932023315E0,-8.376730499E0
4.571763808E1,-3.130290527E0,3.865411835E0,-8.345445557E0
4.572768408E1,-1.948498077E0,2.667453003E0,-8.105943604E0
4.573773008E1,-4.248165894E0,4.793332214E0,-8.163723450E0
4.574777608E1,-3.069067841E0,4.047283630E0,-8.613687744E0
4.575782208E1,-3.056643677E0,3.818858643E0,-8.598868561E0
4.576786808E1,-3.103795624E0,3.888314209E0,-8.497678986E0
4.577791408E1,-3.181783447E0,3.841461639E0,-8.313112793E0
4.578796008E1,-3.211122437E0,3.991898804E0,-8.450377350E0
4.579800608E1,-3.117716675E0,3.940106506E0,-8.644373932E0
4.580805208E1,-3.268153839E0,3.648363190E0,-8.650062103E0
4.581809808E1,-3.237617340E0,3.527115326E0,-8.446784821E0
4.582814408E1,-3.097808075E0,3.793860626E0,-8.125552826E0
4.583819008E1,-3.175945587E0,3.829037476E0,-8.522976379E0
4.584823608E1,-3.250191193E0,3.818409576E0,-8.719218292E0
4.585828208E1,-3.251538391E0,3.963008881E0,-8.382867737E0
4.586832808E1,-3.199147339E0,3.814667358E0,-8.379424896E0
4.587837408E1,-3.267704773E0,3.862268372E0,-8.326435089E0
4.588842008E1,-3.183879089E0,3.804488525E0,-8.437354431E0
4.589846608E1,-3.138523407E0,3.819158020E0,-8.651558990E0
4.590851208E1,-3.075205078E0,3.741768951E0,-8.287815399E0
4.591855808E1,-2.889740753E0,3.688030701E0,-7.778724060E0
4.592860408E1,-3.392096100E0,4.174519043E0,-8.543483734E0
4.593865008E1,-3.272195435E0,3.972588959E0,-9.731712799E0
4.594869608E1,-3.060685272E0,3.653153229E0,-9.529034271E0
4.595874208E1,-3.432961121E0,3.568279724E0,-8.251141663E0
4.596878808E1,-3.267106018E0,3.568279724E0,-8.300389252E0
4.597883408E1,-3.697760468E0,3.902085571E0,-8.788075104E0
4.598888008E1,-3.459156647E0,3.989054718E0,-8.374784546E0
4.599892608E1,-3.142115936E0,3.948638763E0,-7.618108063E0
4.600897208E1,-3.378324738E0,3.854484558E0,-8.270002441E0
4.601901808E1,-3.563489685E0,3.899989929E0,-8.988059235E0
4.602906308E1,-3.353476410E0,3.935166779E0,-8.895252228E0
4.603911008E1,-3.389102325E0,3.646267548E0,-9.045390015E0
4.604915508E1,-3.502416687E0,3.641178131E0,-9.023535461E0
4.605920108E1,-3.498225403E0,4.024530945E0,-8.661438446E0
4.606924708E1,-3.438200226E0,3.841311951E0,-8.995393982E0
4.607929308E1,-3.521726532E0,3.545976105E0,-8.768914948E0
4.608933908E1,-3.386557617E0,3.671265564E0,-8.129444733E0
4.609938508E1,-3.383713531E0,3.669469299E0,-8.655600586E0
4.610943108E1,-3.625011749E0,3.844156036E0,-8.723409576E0
4.611947708E1,-3.509751434E0,3.734284515E0,-8.844956818E0
4.612952308E1,-3.559448090E0,3.610342255E0,-8.842711487E0
4.613956908E1,-3.998036041E0,3.422931976E0,-7.993677063E0
4.614961508E1,-3.599115601E0,3.617826691E0,-1.006866211E1
4.615966108E1,-2.770289154E0,4.885540466E0,-8.871152344E0
4.616970708E1,-3.354973297E0,3.637884979E0,-7.665260010E0
4.617975308E1,-3.824097748E0,2.929108887E0,-9.312734070E0
4.618979908E1,-3.345393219E0,3.920646973E0,-8.092022552E0
4.619984508E1,-3.123853912E0,3.769910431E0,-9.279353485E0
4.620989108E1,-3.221151581E0,3.895798645E0,-8.670419769E0
4.621993708E1,-3.278931427E0,3.521726532E0,-8.486602020E0
4.622998308E1,-3.254981232E0,3.568279724E0,-9.365274811E0
4.624002908E1,-3.269351349E0,3.986510010E0,-8.452922058E0
4.625007508E1,-3.221001892E0,3.786076813E0,-8.838520203E0
4.626012108E1,-3.278033295E0,3.805236969E0,-8.721763000E0
4.627016708E1,-3.456162872E0,3.803590393E0,-8.680748291E0
4.628021308E1,-3.309018860E0,3.833079071E0,-8.617130585E0
4.629025908E1,-3.277584229E0,3.785627747E0,-8.610095215E0
4.630030508E1,-3.440744934E0,3.683240662E0,-8.891210632E0
4.631035108E1,-3.378025360E0,3.800596619E0,-8.463100891E0
4.632039708E1,-3.306923218E0,3.748954010E0,-8.319699097E0
4.633044308E1,-3.590583344E0,3.857178955E0,-8.272846527E0
4.634048908E1,-3.522624664E0,4.072581024E0,-7.903414764E0
4.635053508E1,-3.258573761E0,3.692970428E0,-7.836354218E0
4.636058108E1,-3.417094116E0,3.364403687E0,-8.069718933E0
4.637062708E1,-3.953428802E0,3.628604279E0,-8.913364563E0
4.638067308E1,-4.418361969E0,5.023254089E0,-8.702602844E0
4.639071908E1,-3.215014343E0,5.210065613E0,-8.582552490E0
4.640076508E1,-3.766916656E0,4.049528961E0,-9.569599915E0
4.641081108E1,-2.662812653E0,3.056044922E0,-8.630602570E0
4.642085708E1,-4.938081207E0,3.687731323E0,-8.218210144E0
4.643090308E1,-5.049748993E0,3.397335205E0,-8.739575958E0
4.644094908E1,-3.809577942E0,3.849993896E0,-7.478448486E0
4.645099508E1,-4.631818085E0,4.252806244E0,-8.580456848E0
4.646104108E1,-4.538262634E0,4.117637329E0,-9.063352661E0
4.647108708E1,-4.686304779E0,4.111649780E0,-8.368497620E0
4.648113308E1,-4.421804810E0,3.987557831E0,-8.695717163E0
4.649117908E1,-4.548890533E0,3.770060120E0,-9.002129974E0
4.650122508E1,-3.666176147E0,3.713028717E0,-8.400980072E0
4.651127171E1,-3.468287659E0,3.701203308E0,-7.821085968E0
4.652131771E1,-3.748954010E0,3.734134827E0,-8.156239014E0
4.653136371E1,-3.331472168E0,3.943399658E0,-8.150700531E0
4.654140971E1,-3.381019135E0,3.874243469E0,-7.529192963E0
4.655145571E1,-3.221450958E0,3.320095825E0,-7.786058807E0
4.656150171E1,-4.783452759E0,4.166136475E0,-8.072113953E0
4.657154771E1,-3.698957977E0,4.978646851E0,-7.184010773E0
4.658159371E1,-3.773952026E0,5.221891022E0,-8.047565002E0
4.659163971E1,-3.848047943E0,5.348228302E0,-8.165519714E0
4.660168471E1,-3.402723999E0,4.233197021E0,-7.866890717E0
4.661173071E1,-3.800446930E0,3.104394379E0,-8.778794403E0
4.662177671E1,-4.377946014E0,3.563938751E0,-8.052205353E0
4.663182271E1,-4.209995270E0,4.254901886E0,-7.496261444E0
4.664186871E1,-4.375850372E0,4.444557495E0,-8.605305176E0
4.665191471E1,-5.076094208E0,4.706662445E0,-8.376880188E0
4.666196071E1,-4.617298279E0,4.716691589E0,-8.348888397E0
4.667200671E1,-4.611759796E0,4.204307098E0,-8.907377014E0
4.668205271E1,-4.938829651E0,3.876937866E0,-8.365354156E0
4.669209871E1,-4.193529510E0,4.054169312E0,-7.727829895E0
4.670214471E1,-4.030817871E0,3.840413818E0,-8.484057312E0
4.671219071E1,-4.121828613E0,3.962110748E0,-8.230783997E0
4.672223671E1,-3.908821564E0,4.352498932E0,-7.800578613E0
4.673228271E1,-4.313879242E0,4.187242584E0,-8.662785645E0
4.674232871E1,-4.522844696E0,4.165238342E0,-8.365354156E0
4.675237471E1,-4.206851807E0,4.296066284E0,-7.902366943E0
4.676242071E1,-4.476890259E0,4.380341034E0,-8.208779755E0
4.677246671E1,-4.529580688E0,4.211043091E0,-8.161927185E0
4.678251271E1,-4.486769714E0,4.253105621E0,-7.885003052E0
4.679255871E1,-4.277055817E0,4.422403564E0,-7.861950989E0
4.680260471E1,-4.177213440E0,4.256398773E0,-8.010442200E0
4.681265071E1,-4.477788391E0,4.154760132E0,-8.539442139E0
4.682269671E1,-4.325704651E0,4.170776825E0,-8.673263855E0
4.683274271E1,-4.262536011E0,3.999383240E0,-8.775950317E0
4.684278871E1,-4.436623993E0,4.002077637E0,-8.638685760E0
4.685283471E1,-4.349505157E0,4.090543671E0,-8.132288818E0
4.686288071E1,-4.358336792E0,4.015998688E0,-7.795489197E0
4.687292671E1,-4.488416290E0,3.916006622E0,-7.977660370E0
4.688297271E1,-4.806205444E0,3.813469849E0,-8.162975006E0
4.689301871E1,-4.883893890E0,3.625610504E0,-8.505462799E0
4.690306471E1,-4.641697540E0,3.573369141E0,-8.426127777E0
4.691311071E1,-4.787344666E0,3.772904205E0,-8.138725433E0
4.692315671E1,-4.464466095E0,3.614982605E0,-8.225395203E0
4.693320271E1,-4.495751038E0,3.372187500E0,-8.485853577E0
4.694324871E1,-4.385430450E0,3.472928009E0,-8.296197968E0
4.695329471E1,-4.541106720E0,3.590583344E0,-8.382268982E0
4.696334071E1,-4.884193268E0,3.633843384E0,-8.698561249E0
4.697338671E1,-4.672234039E0,3.810476074E0,-8.222700806E0
4.698343271E1,-4.503834229E0,3.962709503E0,-8.062384186E0
4.699347871E1,-4.443958740E0,3.721710663E0,-8.279133453E0
4.700352471E1,-4.416565704E0,3.477418671E0,-8.033344574E0
4.701357071E1,-4.291575623E0,3.387006683E0,-8.192912750E0
4.702361671E1,-4.376598816E0,3.441942444E0,-8.249345398E0
4.703366271E1,-4.177213440E0,3.347488861E0,-8.214467926E0
4.704370871E1,-4.363575897E0,3.328927460E0,-8.347840576E0
4.705375471E1,-4.558320923E0,3.444936218E0,-8.303083649E0
4.706380071E1,-4.532125397E0,3.370540924E0,-8.463400269E0
4.707384671E1,-4.770280151E0,3.406166840E0,-8.517437897E0
4.708389271E1,-4.656217346E0,3.379971313E0,-8.369695129E0
4.709393871E1,-4.649181976E0,3.320694580E0,-8.403524780E0
4.710398471E1,-4.710254974E0,3.380420380E0,-8.350085907E0
4.711403071E1,-4.700076141E0,3.315754852E0,-8.204289093E0
4.712407671E1,-4.461771698E0,3.053350525E0,-8.512498169E0
4.713412271E1,-4.363875275E0,2.984044647E0,-8.349936218E0
4.714416871E1,-4.509971466E0,3.149899750E0,-8.055498505E0
4.715421471E1,-4.340823212E0,3.191213837E0,-8.293802948E0
4.716426071E1,-4.177662506E0,3.308569794E0,-7.807913361E0
4.717430571E1,-4.073479156E0,3.406166840E0,-7.456593933E0
4.718435171E1,-4.437671814E0,3.375780029E0,-8.752449188E0
4.719439771E1,-4.527335358E0,3.412304077E0,-9.019493866E0
4.720444371E1,-3.914210358E0,3.204835510E0,-8.714577942E0
4.721448971E1,-4.265380096E0,3.218606873E0,-8.434959412E0
4.722453571E1,-4.188440094E0,3.109633484E0,-7.784112854E0
4.723458171E1,-3.849395142E0,2.813399506E0,-7.691305847E0
4.724462771E1,-4.229604492E0,3.193459167E0,-7.992030487E0
4.725467371E1,-4.623136139E0,3.499722290E0,-8.562494202E0
4.726471971E1,-4.754113770E0,3.410058746E0,-8.697513428E0
4.727476571E1,-4.783303070E0,3.223247223E0,-8.645272064E0
4.728481171E1,-4.551884308E0,3.239263916E0,-8.040679321E0
4.729485771E1,-4.645439758E0,3.250789948E0,-7.890840912E0
4.730490371E1,-4.478237457E0,3.174299011E0,-8.106841736E0
4.731494971E1,-4.399501190E0,3.305126953E0,-8.297096100E0
4.732499571E1,-4.402045898E0,3.338357849E0,-8.386160889E0
4.733504171E1,-4.227209473E0,3.173700256E0,-8.259224854E0
4.734508771E1,-4.383783875E0,3.173550568E0,-8.443791046E0
4.735513371E1,-4.218377838E0,3.337310028E0,-8.282576294E0
4.736517971E1,-3.963757324E0,3.369493103E0,-8.082292786E0
4.737522571E1,-4.047133942E0,3.301534424E0,-8.404722290E0
4.738527171E1,-4.137845306E0,3.257975006E0,-8.101452942E0
4.739531771E1,-4.042044525E0,3.167563019E0,-8.098758545E0
4.740536371E1,-4.259691925E0,3.187621307E0,-8.234825592E0
4.741540971E1,-4.598437500E0,3.233875122E0,-8.014633484E0
4.742545571E1,-4.538262634E0,3.232677612E0,-8.560548248E0
4.743550171E1,-4.597090302E0,3.402125244E0,-8.502768402E0
4.744554771E1,-2.520608368E0,2.619103546E0,-8.628207550E0
4.745559371E1,-5.959107971E0,3.594624939E0,-8.222551117E0
4.746563971E1,-5.071154480E0,3.683240662E0,-8.155490570E0
4.747568571E1,-4.036955109E0,3.178340607E0,-8.239765320E0
4.748573171E1,-4.506079559E0,3.312611389E0,-8.596323853E0
4.749577771E1,-4.219425659E0,3.396586761E0,-8.245902557E0
4.750582371E1,-4.320016479E0,3.174598389E0,-7.988138580E0
4.751586896E1,-4.275708618E0,3.276536407E0,-8.360264740E0
4.752591496E1,-3.862118683E0,3.504512329E0,-8.186027069E0
4.753596096E1,-3.900738373E0,3.325933685E0,-8.054151306E0
4.754600696E1,-4.064946899E0,3.287313995E0,-8.390501862E0
4.755605296E1,-3.978726196E0,3.291954346E0,-8.514294434E0
4.756609896E1,-3.833079071E0,3.349734192E0,-8.206534424E0
4.757614496E1,-3.604205017E0,3.405119019E0,-8.049361267E0
4.758619096E1,-4.196972351E0,3.373235321E0,-8.241860962E0
4.759623696E1,-4.339326324E0,3.282973022E0,-8.254434814E0
4.760628296E1,-4.065096588E0,3.189417572E0,-8.144862671E0
4.761632896E1,-4.642895050E0,3.147953796E0,-8.124205627E0
4.762637496E1,-5.113366699E0,2.958298187E0,-8.479716339E0
4.763642096E1,-4.678520966E0,3.048859863E0,-8.388555908E0
4.764646696E1,-3.210972748E0,3.326233063E0,-8.241411896E0
4.765651296E1,-3.631598053E0,3.376079407E0,-9.138197021E0
4.766655896E1,-5.498964844E0,3.741170197E0,-8.542435913E0
4.767660496E1,-5.031337280E0,3.715423737E0,-8.137976990E0
4.768665096E1,-4.245770874E0,3.458108826E0,-8.401129761E0
4.769669696E1,-3.735631714E0,3.037034454E0,-7.752827911E0
4.770674296E1,-3.635040894E0,3.044518890E0,-7.498955841E0
4.771678896E1,-3.884272614E0,3.256478119E0,-7.998766479E0
4.772683496E1,-4.452041931E0,3.470233612E0,-8.370742950E0
4.773687996E1,-4.244423676E0,3.555107117E0,-8.476722565E0
4.774692596E1,-4.165687408E0,3.585194550E0,-8.256680145E0
4.775697196E1,-4.419409790E0,3.359913025E0,-8.387059021E0
4.776701796E1,-3.670068054E0,3.300486603E0,-8.126450958E0
4.777706396E1,-3.759881287E0,3.300187225E0,-8.582851868E0
4.778710996E1,-5.011278992E0,3.223696289E0,-9.515412598E0
4.779715596E1,-4.496798859E0,3.381318512E0,-7.267686768E0
4.780720196E1,-3.766467590E0,3.112776947E0,-6.921756134E0
4.781724796E1,-4.959786072E0,2.818937988E0,-9.569450226E0
4.782729396E1,-5.140011292E0,3.516188049E0,-8.944200439E0
4.783733996E1,-4.106710052E0,3.250939636E0,-9.358688507E0
4.784738596E1,-3.731290741E0,3.447630615E0,-8.781788177E0
4.785743196E1,-4.769980774E0,4.031716003E0,-5.877078552E0
4.786747796E1,-3.314557343E0,3.230881348E0,-7.264543304E0
4.787752396E1,-3.422183533E0,3.191363525E0,-8.197702789E0
4.788756996E1,-4.014202423E0,3.540886688E0,-8.354576569E0
4.789761596E1,-4.529580688E0,2.686313782E0,-1.048015640E1
4.790766196E1,-4.767436066E0,3.178340607E0,-9.166188812E0
4.791770796E1,-4.789739685E0,3.650009766E0,-7.532635803E0
4.792775396E1,-4.644691315E0,3.384312286E0,-7.184310150E0
4.793779996E1,-3.789220276E0,3.249143372E0,-6.763834534E0
4.794784596E1,-4.204606476E0,3.029400330E0,-9.054371338E0
4.795789196E1,-4.380790100E0,3.160976715E0,-9.675130463E0
4.796793796E1,-4.459376678E0,3.175197144E0,-9.703870697E0
4.797798396E1,-5.576653290E0,3.543880463E0,-8.544531555E0
4.798802996E1,-4.742887115E0,3.610941010E0,-6.877897339E0
4.799807596E1,-3.422931976E0,2.950514374E0,-7.622299347E0
4.800812196E1,-3.554208984E0,3.660637665E0,-7.127278748E0
4.801816796E1,-4.427792358E0,3.342249756E0,-9.846823425E0
4.802821396E1,-5.344186707E0,2.769091644E0,-1.162168259E1
4.803825996E1,-4.518803101E0,3.708088989E0,-7.547754364E0
4.804830596E1,-4.172573090E0,3.333118744E0,-8.029452667E0
4.805835196E1,-3.573818207E0,3.538641357E0,-6.795867920E0
4.806839796E1,-3.025209045E0,3.698808289E0,-5.056335297E0
4.807844396E1,-4.126768341E0,2.775827637E0,-1.019320312E1
4.808848996E1,-4.856949921E0,3.081042938E0,-1.111094467E1
4.809853596E1,-4.919819183E0,3.177891541E0,-9.079519043E0
4.810858196E1,-5.096152496E0,3.155587921E0,-8.587641907E0
4.811862796E1,-3.826492767E0,3.613485718E0,-6.990014191E0
4.812867396E1,-2.956202545E0,3.355721741E0,-6.110143890E0
4.813871996E1,-3.813769226E0,3.847299500E0,-7.200177155E0
4.814876596E1,-4.850513306E0,3.604803772E0,-1.039782761E1
4.815881196E1,-4.869972839E0,2.872975616E0,-1.167302582E1
4.816885796E1,-4.049978027E0,3.213068390E0,-7.475903778E0
4.817890396E1,-3.755390625E0,2.951262817E0,-7.333250427E0
4.818894996E1,-3.946992188E0,3.359463959E0,-7.572602692E0
4.819899596E1,-3.491938477E0,3.690874786E0,-6.470444641E0
4.820904196E1,-3.473377075E0,2.868185577E0,-9.525890808E0
4.821908796E1,-4.797074432E0,3.367547150E0,-1.052491333E1
4.822913396E1,-5.143005066E0,3.530109100E0,-9.391021271E0
4.823917996E1,-4.368216248E0,3.285817108E0,-8.408913574E0
4.824922596E1,-3.334316254E0,3.906576233E0,-6.457122345E0
4.825927196E1,-3.113675079E0,3.439697113E0,-6.893764343E0
4.826931796E1,-3.710484009E0,2.901566162E0,-8.756790161E0
4.827936396E1,-4.550088043E0,3.021466827E0,-9.785600739E0
4.828940996E1,-4.966072998E0,3.112327881E0,-9.989027710E0
4.829945596E1,-4.947661285E0,3.196902008E0,-8.324339447E0
4.830950096E1,-4.233795776E0,3.197201385E0,-7.108567657E0
4.831954696E1,-3.770958252E0,3.548221436E0,-7.185956726E0
4.832959296E1,-4.194876709E0,3.761378174E0,-8.320297852E0
4.833963896E1,-4.109254761E0,3.425776062E0,-9.455836487E0
4.834968496E1,-4.341721344E0,3.270997925E0,-1.009665390E1
4.835973096E1,-4.830455017E0,3.456611938E0,-9.523645477E0
4.836977696E1,-4.025728455E0,3.568878479E0,-6.812782745E0
4.837982296E1,-2.904110870E0,2.930156708E0,-6.397546234E0
4.838986896E1,-3.742367706E0,2.773881683E0,-8.258925476E0
4.839991496E1,-4.115092621E0,3.631448364E0,-8.735234985E0
4.840996096E1,-3.775149536E0,3.403023376E0,-9.463470612E0
4.842000696E1,-4.606221313E0,3.177891541E0,-9.564360809E0
4.843005296E1,-4.582121429E0,3.635489960E0,-7.800578613E0
4.844009896E1,-3.738026733E0,3.491489410E0,-8.158484344E0
4.845014496E1,-3.404520264E0,3.268752594E0,-8.175249481E0
4.846019096E1,-3.280727692E0,3.441493378E0,-7.556885376E0
4.847023696E1,-3.551364899E0,3.472029877E0,-8.710686035E0
4.848028296E1,-3.932771759E0,3.628903656E0,-9.020391998E0
4.849032896E1,-3.900588684E0,3.471131744E0,-8.498427429E0
4.850037496E1,-4.063599701E0,2.942580872E0,-8.825048218E0
4.851042146E1,-4.492308197E0,3.231180725E0,-8.530909882E0
4.852046746E1,-4.037853241E0,3.973038025E0,-8.585246887E0
4.853051346E1,-3.623215485E0,3.498375092E0,-8.820557556E0
4.854055946E1,-3.563339996E0,3.013084259E0,-8.284522247E0
4.855060546E1,-3.564687195E0,3.339106293E0,-7.988737335E0
4.856065146E1,-3.967050476E0,3.283422089E0,-8.643775177E0
4.857069746E1,-4.828209686E0,3.278482361E0,-9.026978302E0
4.858074346E1,-4.020788727E0,3.361110535E0,-7.967930603E0
4.859078946E1,-3.277584229E0,3.607647858E0,-7.561825104E0
4.860083546E1,-4.524191895E0,3.704197083E0,-8.751251678E0
4.861088146E1,-4.342769165E0,3.785328369E0,-8.791817322E0
4.862092746E1,-3.127596130E0,3.449277191E0,-8.020621033E0
4.863097346E1,-3.830833740E0,2.792293396E0,-8.058492279E0
4.864101946E1,-4.998854828E0,2.897973633E0,-8.737929382E0
4.865106546E1,-4.743336182E0,3.472778320E0,-8.733738098E0
4.866111146E1,-3.682043152E0,4.130510559E0,-8.294102325E0
4.867115746E1,-3.484753418E0,3.680546265E0,-8.494834900E0
4.868120346E1,-3.923191681E0,3.469185791E0,-7.784861298E0
4.869124946E1,-3.281476135E0,3.619922333E0,-7.727081451E0
4.870129546E1,-2.936144257E0,3.590433655E0,-8.470285950E0
4.871134146E1,-3.661386108E0,3.456911316E0,-8.065976715E0
4.872138746E1,-3.806135101E0,3.618425446E0,-7.964038696E0
4.873143346E1,-4.153712311E0,3.859124908E0,-9.147627411E0
4.874147946E1,-3.553460541E0,4.143084412E0,-8.371341705E0
4.875152546E1,-2.457589417E0,3.526217194E0,-9.571695557E0
4.876157146E1,-3.282823334E0,3.291804657E0,-1.044527893E1
4.877161746E1,-3.428021393E0,2.513572998E0,-7.725434875E0
4.878166346E1,-1.034798126E0,2.823129272E0,-4.215683441E0
4.879170946E1,-1.475182343E0,3.704646149E0,-3.813469849E0
4.880175546E1,-2.515219574E0,4.443509674E0,-9.475894775E0
4.881180146E1,-6.525679779E0,4.274660797E0,-1.427491516E1
4.882184746E1,-4.396657104E0,5.744005280E0,-1.129087051E1
4.883189346E1,-2.281256104E0,2.948867798E0,-8.002059631E0
4.884193946E1,-5.279072113E0,1.595831451E0,-7.097790070E0
4.885198546E1,-4.472998352E0,2.600691833E0,-4.680766296E0
4.886203146E1,-4.430337067E0,2.940485229E0,-9.550589447E0
4.887207746E1,-4.079616394E0,5.083129578E0,-9.694140930E0
4.888212346E1,-4.521347809E0,5.206473083E0,-9.693841553E0
4.889216846E1,-3.705244904E0,4.280049591E0,-9.412277069E0
4.890221446E1,-2.662812653E0,3.047812042E0,-4.931345215E0
4.891226046E1,-4.091142426E0,2.012714539E0,-7.911348267E0
4.892230646E1,-5.061275024E0,3.726800079E0,-9.308991852E0
4.893235246E1,-3.813320160E0,4.714745636E0,-9.247320099E0
4.894239846E1,-2.920277252E0,4.274361420E0,-9.589957581E0
4.895244446E1,-3.484903107E0,4.116290131E0,-7.912695465E0
4.896249046E1,-3.129242706E0,3.434308319E0,-7.647596741E0
4.897253646E1,-2.493215332E0,3.201991425E0,-7.406148834E0
4.898258246E1,-3.165916443E0,3.096311188E0,-7.934100952E0
4.899262846E1,-3.518583069E0,3.577560425E0,-9.070687408E0
4.900267446E1,-4.112697601E0,4.158801727E0,-9.918075256E0
4.901272046E1,-4.001778259E0,4.118535461E0,-9.547745361E0
4.902276646E1,-2.970123596E0,4.240232391E0,-7.000043335E0
4.903281246E1,-1.802401886E0,3.655847626E0,-5.905070343E0
4.904285846E1,-9.657916260E-1,2.588866425E0,-7.698191528E0
4.905290446E1,-4.730462952E0,3.706592102E0,-8.369395752E0
4.906295046E1,-3.084036713E0,3.947590942E0,-1.094464050E1
4.907299646E1,-3.775897980E0,3.367996216E0,-1.054542068E1
4.908304246E1,-3.486699371E0,2.863245850E0,-7.532935181E0
4.909308846E1,-6.301745453E0,3.213667145E0,-8.149203644E0
4.910313446E1,-4.131408691E0,4.384981384E0,-9.234147491E0
4.911318046E1,-8.137078857E-1,4.661157074E0,-7.804171143E0
4.912322646E1,-4.563410339E0,3.186723175E0,-9.050030365E0
4.913327246E1,-5.504503326E0,3.327879639E0,-8.487949219E0
4.914331846E1,-1.775308228E0,3.569477234E0,-7.174430695E0
4.915336446E1,-2.811752930E0,3.774251404E0,-8.572373657E0
4.916341046E1,-5.770350494E0,4.146976318E0,-8.989705811E0
4.917345646E1,-3.758085022E0,3.776496735E0,-8.285420380E0
4.918350246E1,-2.732417908E0,3.645219727E0,-8.343649292E0
4.919354846E1,-4.230203247E0,4.017345886E0,-8.421786804E0
4.920359446E1,-4.134851532E0,3.768712921E0,-8.618477783E0
4.921364046E1,-2.803520050E0,3.409609680E0,-9.325307922E0
4.922368646E1,-3.439996490E0,3.803291016E0,-9.039701843E0
4.923373246E1,-3.722010040E0,3.841311951E0,-8.421487427E0
4.924377846E1,-2.877915344E0,3.500770111E0,-8.762029266E0
4.925382446E1,-3.181933136E0,3.440295868E0,-8.034841461E0
4.926387046E1,-3.716621246E0,3.566034393E0,-7.928861847E0
4.927391646E1,-3.303181000E0,3.601660309E0,-8.439749451E0
4.928396246E1,-3.281775513E0,3.866010590E0,-8.489446106E0
4.929400846E1,-3.642225952E0,3.857628021E0,-9.038803711E0
4.930405446E1,-3.549269257E0,3.754342804E0,-9.093440094E0
4.931410046E1,-3.127596130E0,3.954476624E0,-8.281827850E0
4.932414646E1,-3.283871155E0,3.681444397E0,-8.451425171E0
4.933419246E1,-3.534001007E0,3.085832977E0,-8.462951202E0
4.934423846E1,-3.213068390E0,3.447780304E0,-7.695946198E0
4.935428446E1,-3.344195709E0,4.131558380E0,-7.690108337E0
4.936433046E1,-3.747906189E0,3.843257904E0,-8.841214600E0
4.937437646E1,-3.588487701E0,3.403622131E0,-9.025331726E0
4.938442246E1,-3.619922333E0,3.514242096E0,-8.644972687E0
4.939446846E1,-3.693718872E0,3.337010651E0,-8.822653198E0
4.940451446E1,-3.525618439E0,3.134481812E0,-8.865763550E0
4.941456046E1,-3.365900574E0,3.671564941E0,-8.181237030E0
4.942460646E1,-3.171604614E0,3.967798920E0,-8.333171082E0
4.943465246E1,-3.127446442E0,3.743565216E0,-9.085356903E0
4.944469846E1,-3.461252289E0,3.773502960E0,-8.644673309E0
4.945474446E1,-3.344944153E0,3.889811096E0,-8.330027618E0
4.946479046E1,-2.981200562E0,3.532803497E0,-8.456364899E0
4.947483546E1,-3.239413605E0,3.554957428E0,-8.096213837E0
4.948488146E1,-3.152594147E0,3.675157471E0,-8.403674469E0
4.949492746E1,-3.148851929E0,3.615132294E0,-8.615184631E0
4.950497346E1,-3.235521698E0,3.694467316E0,-8.354426880E0
4.951501975E1,-3.112477570E0,3.612437897E0,-8.401878204E0
4.952506575E1,-3.502716064E0,3.561244354E0,-9.072034607E0
4.953511175E1,-4.195924530E0,4.579576721E0,-8.512498169E0
4.954515775E1,-3.637585602E0,5.436844025E0,-8.201594696E0
4.955520375E1,-2.482437744E0,3.816463623E0,-8.986861725E0
4.956524975E1,-2.799628143E0,2.292931824E0,-7.971672821E0
4.957529575E1,-3.111729126E0,2.372266846E0,-6.840624847E0
4.958534175E1,-4.486769714E0,3.547173615E0,-1.014575180E1
4.959538775E1,-4.339476013E0,5.630391541E0,-9.029672699E0
4.960543375E1,-2.188898163E0,6.023025055E0,-7.023245087E0
4.961547975E1,-2.254461823E0,3.372636566E0,-9.073681183E0
4.962552575E1,-2.705174561E0,2.506837006E0,-6.764582977E0
4.963557175E1,-3.681594086E0,2.228266296E0,-8.201145630E0
4.964561775E1,-3.825295258E0,3.221001892E0,-1.012644196E1
4.965566375E1,-3.046464844E0,4.772525482E0,-9.006770325E0
4.966570975E1,-3.199895782E0,4.240232391E0,-8.272397461E0
4.967575575E1,-3.329376526E0,3.682791595E0,-7.830067291E0
4.968580175E1,-2.931803284E0,3.558999023E0,-7.747588806E0
4.969584775E1,-3.115770721E0,4.168531494E0,-8.609496460E0
4.970589375E1,-3.045566711E0,3.963907013E0,-9.010961609E0
4.971593975E1,-3.540587311E0,3.603007507E0,-9.281449127E0
4.972598575E1,-3.032992859E0,4.211791534E0,-8.205486603E0
4.973603175E1,-2.924318848E0,4.226011963E0,-7.952512665E0
4.974607775E1,-3.257825317E0,4.029320984E0,-8.530011749E0
4.975612375E1,-3.301684113E0,4.059857483E0,-8.393495636E0
4.976616975E1,-3.058439941E0,3.957769775E0,-8.560847626E0
4.977621575E1,-3.017724609E0,3.564088440E0,-8.396339722E0
4.978626175E1,-3.578159180E0,3.662583618E0,-8.395890656E0
4.979630775E1,-3.323838043E0,4.561165009E0,-8.231233063E0
4.980635375E1,-2.971470795E0,4.745282135E0,-7.865393829E0
4.981639975E1,-3.162174225E0,4.066144409E0,-7.808661804E0
4.982644575E1,-2.837349701E0,3.717220001E0,-7.814349976E0
4.983649175E1,-3.037932587E0,3.109483795E0,-9.067693634E0
4.984653775E1,-3.212469635E0,3.558699646E0,-9.663305054E0
4.985658375E1,-4.498445435E0,4.766687622E0,-8.151748352E0
4.986662975E1,-2.511926422E0,4.756059723E0,-7.965535583E0
4.987667575E1,-3.658841400E0,4.658911743E0,-8.830137634E0
4.988672175E1,-2.805615692E0,4.347559204E0,-7.160210266E0
4.989676775E1,-2.857407990E0,3.306324463E0,-8.262817383E0
4.990681375E1,-3.500021667E0,2.573598175E0,-9.857151947E0
4.991685975E1,-3.429667969E0,4.181105347E0,-8.663234711E0
4.992690575E1,-2.537223816E0,4.564607849E0,-8.483308868E0
4.993695175E1,-3.337160339E0,3.499871979E0,-8.004005585E0
4.994699775E1,-3.468587036E0,3.350332947E0,-7.214547272E0
4.995704375E1,-2.500250702E0,4.193529510E0,-7.970475311E0
4.996708975E1,-3.323089600E0,4.056863708E0,-9.416917419E0
4.997713575E1,-3.616030426E0,3.766467590E0,-9.127269745E0
4.998718175E1,-2.997965698E0,4.219275970E0,-8.083789673E0
4.999722775E1,-2.992876282E0,4.186045074E0,-8.035589905E0
5.000727375E1,-3.041525116E0,4.011358337E0,-8.128396912E0
5.001731975E1,-3.007396088E0,4.312981110E0,-8.693920898E0
5.002736575E1,-3.170556793E0,3.741170197E0,-1.008363098E1
5.003741175E1,-3.237168274E0,3.693419495E0,-8.500373383E0
5.004745775E1,-2.425556030E0,2.931952972E0,-7.867190094E0
5.005750375E1,-2.729424133E0,1.882185974E0,-1.022927811E1
5.006754875E1,-2.885998535E0,1.118623810E0,-1.219993011E1
5.007759475E1,-1.576072540E0,5.915698242E-1,-1.072369995E1
5.008764075E1,-1.772464142E0,4.861889648E-1,-7.908204803E0
5.009768675E1,-3.307971039E0,4.858895874E-1,-1.007270370E1
5.010773275E1,-4.585863647E0,1.072220306E0,-9.816885681E0
5.011777875E1,-1.931583252E0,3.867058411E0,-5.217400360E0
5.012782475E1,-2.841391296E0,4.257446594E0,-8.195008392E0
5.013787075E1,-5.155578918E0,4.789889374E0,-1.088207062E1
5.014791675E1,-2.654729462E0,4.865182800E0,-8.499475250E0
5.015796275E1,-1.504221954E0,3.225941620E0,-8.042625275E0
5.016800875E1,-3.014431458E0,2.825224915E0,-8.215815125E0
5.017805475E1,-3.996988220E0,2.990331573E0,-8.163274384E0
5.018810075E1,-3.159479828E0,3.266656952E0,-1.014904495E1
5.019814675E1,-1.604214020E0,3.532204742E0,-9.443562012E0
5.020819275E1,-3.246598663E0,2.982996826E0,-8.318052521E0
5.021823875E1,-4.262985077E0,3.138972473E0,-9.397158508E0
5.022828475E1,-2.727178802E0,3.985611877E0,-8.547525330E0
5.023833075E1,-2.130070496E0,3.862418060E0,-7.759863281E0
5.024837675E1,-3.899091797E0,3.294798431E0,-9.473050690E0
5.025842275E1,-3.917353821E0,3.058290253E0,-9.715247040E0
5.026846875E1,-2.078278198E0,3.080893250E0,-8.293204193E0
5.027851475E1,-2.790048065E0,2.895728302E0,-8.550968170E0
5.028856075E1,-4.216731262E0,3.204386444E0,-8.698710938E0
5.029860675E1,-3.070864105E0,3.962260437E0,-8.638536072E0
5.030865275E1,-2.536325684E0,4.335284729E0,-8.659043427E0
5.031869875E1,-3.394640808E0,3.987707520E0,-8.384514313E0
5.032874475E1,-3.154091034E0,3.378624115E0,-8.325686646E0
5.033879075E1,-2.827769623E0,3.101101227E0,-8.796457672E0
5.034883675E1,-2.974614258E0,2.920576630E0,-8.886121216E0
5.035888275E1,-3.046464844E0,3.031795349E0,-8.854686584E0
5.036892875E1,-3.064876556E0,3.503165131E0,-9.251361694E0
5.037897475E1,-3.209026794E0,3.577261047E0,-8.676107941E0
5.038902075E1,-2.954256592E0,3.574866028E0,-7.856262817E0
5.039906675E1,-2.592608643E0,3.761078796E0,-8.006101227E0
5.040911275E1,-3.327131195E0,3.778143311E0,-9.147477722E0
5.041915875E1,-3.179388428E0,3.371588745E0,-9.534273376E0
5.042920475E1,-2.598745880E0,3.111130371E0,-8.496930542E0
5.043925075E1,-2.955603790E0,3.049907684E0,-8.450527039E0
5.044929675E1,-3.356919250E0,3.278482361E0,-9.039252777E0
5.045934275E1,-2.887495422E0,3.438798981E0,-8.986412659E0
5.046938875E1,-2.804418182E0,3.590283966E0,-8.647367706E0
5.047943475E1,-3.315006409E0,3.428320770E0,-8.593629456E0
5.048948075E1,-3.232677612E0,3.395688629E0,-8.498128052E0
5.049952675E1,-2.632725220E0,3.534150696E0,-8.406219177E0
5.050957271E1,-3.221301270E0,3.372486877E0,-8.785081329E0
5.051961871E1,-3.363056488E0,3.264860687E0,-9.147926788E0
5.052966471E1,-2.870131531E0,3.457360382E0,-8.921597443E0
5.053971071E1,-2.850821686E0,3.444187775E0,-8.560548248E0
5.054975671E1,-3.338657227E0,3.278182983E0,-8.816066895E0
5.055980271E1,-3.291654968E0,3.369942169E0,-8.991202698E0
5.056984871E1,-2.845881958E0,3.341501312E0,-8.557105408E0
5.057989471E1,-3.173999634E0,3.362308044E0,-8.228239288E0
5.058994071E1,-3.374732208E0,3.620371399E0,-8.698411560E0
5.059998671E1,-3.269051971E0,3.587140503E0,-8.934320984E0
5.061003271E1,-2.977308655E0,3.469036102E0,-8.890013123E0
5.062007871E1,-2.845133514E0,3.487896881E0,-8.708291016E0
5.063012471E1,-3.351829834E0,3.513343964E0,-9.070986786E0
5.064016971E1,-3.298989716E0,3.434308319E0,-8.829239502E0
5.065021571E1,-2.774330750E0,3.467988281E0,-8.267607422E0
5.066026171E1,-3.033591614E0,3.466641083E0,-8.487200775E0
5.067030771E1,-3.439996490E0,3.450474701E0,-8.678502960E0
5.068035371E1,-3.073259125E0,3.589685211E0,-8.384963379E0
5.069039971E1,-2.828218689E0,3.656147003E0,-8.424181824E0
5.070044571E1,-3.188669128E0,3.476969604E0,-9.141789551E0
5.071049171E1,-3.179388428E0,3.411705322E0,-9.248816986E0
5.072053771E1,-2.885848846E0,3.248843994E0,-8.709338837E0
5.073058371E1,-3.081641693E0,3.124602356E0,-8.481961670E0
5.074062971E1,-3.169059906E0,3.355721741E0,-8.559650116E0
5.075067571E1,-3.001258850E0,3.497626648E0,-8.695417786E0
5.076072171E1,-3.009342041E0,3.586242371E0,-8.600066071E0
5.077076771E1,-2.978805542E0,3.529959412E0,-8.486602020E0
5.078081371E1,-3.059038696E0,3.551813965E0,-8.729097748E0
5.079085971E1,-2.921025696E0,3.308420105E0,-8.494236145E0
5.080090571E1,-2.451302490E0,2.744692383E0,-8.997190247E0
5.081095171E1,-2.946772156E0,2.071242828E0,-1.038974442E1
5.082099771E1,-2.279759216E0,1.297202454E0,-1.127994324E1
5.083104371E1,-1.703307953E0,4.269122314E-1,-1.042387344E1
5.084108971E1,-2.160157928E0,-7.843688965E-2,-1.112232101E1
5.085113571E1,-3.691174164E0,-4.938230896E-1,-1.158141632E1
5.086118171E1,-3.431763611E0,1.193019104E-1,-8.631800079E0
5.087122771E1,-2.753224640E0,1.851948853E0,-6.930587769E0
5.088127371E1,-3.804937592E0,4.264032898E0,-8.493487701E0
5.089131971E1,-3.720962219E0,4.626129913E0,-1.067520081E1
5.090136571E1,-1.576970673E0,3.826193390E0,-9.657766571E0
5.091141171E1,-1.222956848E0,1.916315002E0,-7.370672607E0
5.092145771E1,-3.207829285E0,9.865983582E-1,-8.880882111E0
5.093150371E1,-3.860023041E0,1.673669586E0,-1.076082275E1
5.094154971E1,-2.880010986E0,1.848805389E0,-1.064690964E1
5.095159571E1,-2.604733429E0,1.222058716E0,-1.016775604E1
5.096164171E1,-2.818788300E0,1.796114960E0,-8.609795837E0
5.097168771E1,-3.142864380E0,2.666105804E0,-8.332123260E0
5.098173371E1,-3.575764160E0,2.659519501E0,-9.983938293E0
5.099177971E1,-2.822829895E0,2.576741638E0,-1.008303223E1
5.100182571E1,-2.182162170E0,2.809657288E0,-9.172176361E0
5.101187171E1,-2.854563904E0,2.691852264E0,-8.797056427E0
5.102191771E1,-3.561843109E0,2.260000305E0,-9.295819244E0
5.103196371E1,-2.596500549E0,2.193538513E0,-9.390871582E0
5.104200971E1,-1.925446014E0,2.220183105E0,-9.277407532E0
5.105205571E1,-3.000959473E0,2.056573334E0,-9.793833618E0
5.106210171E1,-3.237168274E0,2.047142944E0,-9.463021545E0
5.107214771E1,-2.816842346E0,2.192640381E0,-9.321715393E0
5.108219371E1,-2.544259186E0,2.346370697E0,-9.123078461E0
5.109223971E1,-2.657872925E0,2.277663574E0,-8.992849274E0
5.110228571E1,-2.915038147E0,2.328857117E0,-9.518855438E0
5.111233171E1,-2.842289429E0,2.502196655E0,-9.443711700E0
5.112237771E1,-2.819686432E0,2.380050659E0,-9.432934113E0
5.113242371E1,-2.624043274E0,2.127675476E0,-9.310189362E0
5.114246971E1,-2.762505341E0,2.023043060E0,-9.516909485E0
5.115251571E1,-2.935695190E0,2.338437195E0,-9.554481354E0
5.116256171E1,-2.852168884E0,2.519560547E0,-9.145980835E0
5.117260771E1,-3.025508423E0,2.672692108E0,-8.810827789E0
5.118265371E1,-3.020419006E0,3.284769287E0,-8.329129486E0
5.119269971E1,-3.307072906E0,4.021088104E0,-8.553363190E0
5.120274571E1,-3.191363525E0,4.404141541E0,-8.178093567E0
5.121279171E1,-3.229234772E0,4.481231232E0,-7.724237366E0
5.122283771E1,-3.516786804E0,4.605472870E0,-8.036637726E0
5.123288371E1,-3.373085632E0,4.956043854E0,-7.987839203E0
5.124292971E1,-3.286116486E0,5.118456116E0,-7.884254608E0
5.125297571E1,-3.004252625E0,5.092110901E0,-7.906857605E0
5.126302171E1,-3.231929169E0,4.945116577E0,-8.153993683E0
5.127306671E1,-3.321892090E0,4.752766571E0,-8.370443573E0
5.128311271E1,-3.091670837E0,4.702620850E0,-8.385262756E0
5.129315871E1,-3.364403687E0,4.301006012E0,-8.553512878E0
5.130320471E1,-3.578159180E0,3.980073395E0,-8.562943268E0
5.131325071E1,-3.236868896E0,4.021836548E0,-7.981701965E0
5.132329671E1,-2.972368927E0,3.989354095E0,-7.930957489E0
5.133334271E1,-3.414250031E0,3.846251678E0,-8.652008057E0
5.134338871E1,-3.437751160E0,3.929029541E0,-8.989256744E0
5.135343471E1,-3.059637451E0,3.877237244E0,-8.696914673E0
5.136348071E1,-3.135230255E0,3.650907898E0,-8.284821625E0
5.137352671E1,-3.299139404E0,3.645968170E0,-8.292156372E0
5.138357271E1,-3.191812592E0,3.876488800E0,-8.488547974E0
5.139361871E1,-3.028202820E0,3.861220551E0,-8.104895782E0
5.140366471E1,-2.987038422E0,3.877985687E0,-8.004903717E0
5.141371071E1,-3.158432007E0,4.095483398E0,-8.451724548E0
5.142375671E1,-3.081042938E0,4.251009979E0,-8.527317352E0
5.143380271E1,-3.037932587E0,4.255500641E0,-8.245154114E0
5.144384871E1,-3.089425507E0,4.195924530E0,-8.118068390E0
5.145389471E1,-3.203188934E0,4.095932465E0,-8.238567810E0
5.146394071E1,-3.115920410E0,4.163442078E0,-8.206983490E0
5.147398671E1,-3.212170258E0,4.240082703E0,-8.350834351E0
5.148403271E1,-3.334016876E0,4.167932739E0,-8.522377625E0
5.149407871E1,-3.181035004E0,4.166735229E0,-8.405021667E0
5.150412471E1,-3.156186676E0,4.241429901E0,-8.513246613E0
5.151417058E1,-3.311114502E0,4.174818420E0,-8.585097198E0
5.152421658E1,-3.386407928E0,3.997137909E0,-8.359067230E0
5.153426258E1,-3.168461151E0,3.989054718E0,-8.183781738E0
5.154430858E1,-3.150648193E0,4.064647522E0,-8.161627808E0
5.155435458E1,-3.304228821E0,4.066443787E0,-8.339907074E0
5.156440058E1,-3.284170532E0,4.036506042E0,-8.418044586E0
5.157444658E1,-3.159928894E0,4.076173553E0,-8.341254272E0
5.158449258E1,-3.120560760E0,4.101620636E0,-8.400231628E0
5.159453858E1,-3.162323914E0,4.001179504E0,-8.473728790E0
5.160458458E1,-3.171604614E0,3.945195923E0,-8.391250305E0
5.161463058E1,-3.213068390E0,4.013304291E0,-8.329728241E0
5.162467658E1,-3.183130646E0,4.060755615E0,-8.330326996E0
5.163472258E1,-3.074157257E0,4.016298065E0,-8.304730225E0
5.164476858E1,-3.158581696E0,4.031566315E0,-8.370593262E0
5.165481458E1,-3.211421814E0,4.137845306E0,-8.510552216E0
5.166486058E1,-3.113824768E0,4.116739197E0,-8.449030151E0
5.167490658E1,-3.044668579E0,3.930376740E0,-8.272547150E0
5.168495258E1,-3.211870880E0,3.995042267E0,-8.286168823E0
5.169499858E1,-3.253035278E0,4.152215424E0,-8.360713806E0
5.170504458E1,-3.151546326E0,4.160597992E0,-8.295150146E0
5.171509058E1,-3.162922668E0,4.106260986E0,-8.251590729E0
5.172513658E1,-3.213367767E0,4.174968109E0,-8.317004700E0
5.173518258E1,-3.223097534E0,4.208498383E0,-8.394244080E0
5.174522858E1,-3.188669128E0,4.118535461E0,-8.423134003E0
5.175527458E1,-3.222049713E0,4.045337677E0,-8.386160889E0
5.176532058E1,-3.277434540E0,4.089046783E0,-8.356223145E0
5.177536658E1,-3.122955780E0,4.017196198E0,-8.351732483E0
5.178541258E1,-3.126697998E0,3.903432770E0,-8.397986298E0
5.179545858E1,-3.270399170E0,3.998335419E0,-8.437803497E0
5.180550458E1,-3.227737885E0,4.069736938E0,-8.260572052E0
5.181555058E1,-3.073857880E0,3.963907013E0,-8.289461975E0
5.182559658E1,-3.169059906E0,3.949387207E0,-8.432115326E0
5.183564258E1,-3.237767029E0,4.007167053E0,-8.448132019E0
5.184568858E1,-3.266956329E0,3.999383240E0,-8.451574860E0
5.185573458E1,-3.140169983E0,4.099075928E0,-8.325237579E0
5.186577958E1,-3.225492554E0,4.104464722E0,-8.360414429E0
5.187582558E1,-3.301235046E0,4.053570557E0,-8.517138519E0
5.188587158E1,-3.129841461E0,4.096980286E0,-8.247399445E0
5.189591758E1,-3.103346558E0,4.159101105E0,-8.222850494E0
5.190596358E1,-3.311713257E0,4.174519043E0,-8.411308594E0
5.191600958E1,-3.172502747E0,4.124373322E0,-8.331524506E0
5.192605558E1,-3.122207336E0,4.136498108E0,-8.344248047E0
5.193610158E1,-3.143014069E0,4.179309082E0,-8.282725983E0
5.194614758E1,-3.191662903E0,4.049379272E0,-8.338110809E0
5.195619358E1,-3.245101776E0,4.014801178E0,-8.343948669E0
5.196623958E1,-3.185974731E0,4.007167053E0,-8.284522247E0
5.197628558E1,-3.212769012E0,4.020938416E0,-8.414751434E0
5.198633158E1,-3.281476135E0,4.036056976E0,-8.507708130E0
5.199637758E1,-3.233575745E0,4.003275146E0,-8.439300385E0
5.200642358E1,-3.146157532E0,4.041894836E0,-8.396639099E0
5.201646958E1,-3.208577728E0,4.030219116E0,-8.509354706E0
5.202651558E1,-3.204536133E0,3.927532654E0,-8.409063263E0
5.203656158E1,-3.146905975E0,4.022884369E0,-8.218210144E0
5.204660758E1,-3.180885315E0,4.129762115E0,-8.297994232E0
5.205665358E1,-3.198847961E0,4.069736938E0,-8.402476959E0
5.206669958E1,-3.184777222E0,4.034410400E0,-8.317304077E0
5.207674558E1,-3.116519165E0,4.160597992E0,-8.338709564E0
5.208679158E1,-3.166664886E0,4.237088928E0,-8.397836609E0
5.209683758E1,-3.203488312E0,4.125570831E0,-8.387807465E0
5.210688358E1,-3.163521423E0,4.038152618E0,-8.263116760E0
5.211692958E1,-3.132984924E0,4.113745422E0,-8.183632050E0
5.212697558E1,-3.198398895E0,4.108656006E0,-8.325387268E0
5.213702158E1,-3.241359558E0,4.070186005E0,-8.410859528E0
5.214706758E1,-3.194656677E0,4.070635071E0,-8.419990540E0
5.215711358E1,-3.171005859E0,4.058959351E0,-8.427624664E0
5.216715958E1,-3.141367493E0,3.983216858E0,-8.464897156E0
5.217720558E1,-3.226091309E0,3.953728180E0,-8.463999023E0
5.218725158E1,-3.229384460E0,4.009113007E0,-8.338410187E0
5.219729758E1,-3.188220062E0,3.999682617E0,-8.229287109E0
5.220734358E1,-3.159479828E0,3.963158569E0,-8.309071198E0
5.221738958E1,-3.270698547E0,4.028572540E0,-8.452922058E0
5.222743558E1,-3.329226837E0,4.129462738E0,-8.513246613E0
5.223748158E1,-3.180136871E0,4.087400208E0,-8.387208710E0
5.224752758E1,-3.197051697E0,3.996988220E0,-8.299640808E0
5.225757358E1,-3.233426056E0,4.066593475E0,-8.395142212E0
5.226761958E1,-3.244353333E0,4.164938965E0,-8.365803223E0
5.227766558E1,-3.189567261E0,4.123624878E0,-8.234077148E0
5.228771158E1,-3.167712708E0,4.097728729E0,-8.199049988E0
5.229775758E1,-3.199596405E0,4.129911804E0,-8.333919525E0
5.230780358E1,-3.192261658E0,4.105961609E0,-8.465795288E0
5.231784958E1,-3.163072357E0,4.084107056E0,-8.415799255E0
5.232789558E1,-3.190465393E0,4.065845032E0,-8.401429138E0
5.233794158E1,-3.197500763E0,4.052672424E0,-8.346044312E0
5.234798758E1,-3.144810333E0,3.973636780E0,-8.298143921E0
5.235803358E1,-3.193608856E0,3.977828064E0,-8.388855286E0
5.236807958E1,-3.224744110E0,4.031266937E0,-8.397237854E0
5.237812558E1,-3.184178467E0,4.017794952E0,-8.307125244E0
5.238817158E1,-3.112327881E0,3.980522461E0,-8.327033844E0
5.239821758E1,-3.202141113E0,4.004173279E0,-8.514593811E0
5.240826358E1,-3.210972748E0,4.068689117E0,-8.481063538E0
5.241830958E1,-3.135080566E0,4.092938690E0,-8.278983765E0
5.242835558E1,-3.125799866E0,4.088448029E0,-8.197104034E0
5.243840158E1,-3.192860413E0,4.088148651E0,-8.320447540E0
5.244844758E1,-3.200344849E0,4.105811920E0,-8.421487427E0
5.245849358E1,-3.131488037E0,4.120182037E0,-8.321645050E0
5.246853958E1,-3.175496521E0,4.136647797E0,-8.251590729E0
5.247858558E1,-3.203937378E0,4.119882660E0,-8.324189758E0
5.248863058E1,-3.180286560E0,4.076772308E0,-8.456664276E0
5.249867658E1,-3.173101501E0,4.057462463E0,-8.423134003E0
5.250872258E1,-3.203937378E0,4.090244293E0,-8.326584778E0
5.251876875E1,-3.188968506E0,4.053121490E0,-8.341104584E0
5.252881475E1,-3.200793915E0,3.998784485E0,-8.376431122E0
5.253886075E1,-3.239263916E0,3.990252228E0,-8.431366882E0
5.254890675E1,-3.226839752E0,4.051923981E0,-8.459508362E0
5.255895275E1,-3.191363525E0,4.036056976E0,-8.298143921E0
5.256899875E1,-3.225941620E0,4.000281372E0,-8.320148163E0
5.257904475E1,-3.251837769E0,4.027075653E0,-8.507259064E0
5.258909075E1,-3.219954071E0,4.063000946E0,-8.465944977E0
5.259913675E1,-3.201991425E0,4.060456238E0,-8.288863220E0
5.260918275E1,-3.216960297E0,4.091441803E0,-8.237070923E0
5.261922875E1,-3.210972748E0,4.100722504E0,-8.331374817E0
5.262927475E1,-3.179388428E0,4.106710052E0,-8.370892639E0
5.263932075E1,-3.165617065E0,4.136348419E0,-8.377179565E0
5.264936675E1,-3.177442474E0,4.155209198E0,-8.328530731E0
5.265941275E1,-3.161874847E0,4.129313049E0,-8.315358124E0
5.266945875E1,-3.136427765E0,4.080664215E0,-8.356672211E0
5.267950475E1,-3.158132629E0,4.052522736E0,-8.384514313E0
5.268955075E1,-3.169059906E0,4.073030090E0,-8.304131470E0
5.269959675E1,-3.144510956E0,4.048630829E0,-8.206534424E0
5.270964275E1,-3.177143097E0,4.023483124E0,-8.336015167E0
5.271968875E1,-3.206482086E0,4.015848999E0,-8.496182098E0
5.272973475E1,-3.188369751E0,4.061504059E0,-8.498876495E0
5.273978075E1,-3.145109711E0,4.028422852E0,-8.380472717E0
5.274982675E1,-3.203638000E0,3.991000671E0,-8.345295868E0
5.275987275E1,-3.199596405E0,4.023483124E0,-8.383017426E0
5.276991875E1,-3.158581696E0,4.047583008E0,-8.366102600E0
5.277996475E1,-3.162174225E0,4.086951141E0,-8.305628357E0
5.279001075E1,-3.184178467E0,4.093986511E0,-8.293204193E0
5.280005675E1,-3.217259674E0,4.125870209E0,-8.371192017E0
5.281010275E1,-3.147504730E0,4.135749664E0,-8.441246338E0
5.282014875E1,-3.153941345E0,4.132456512E0,-8.415350189E0
5.283019475E1,-3.169359283E0,4.122577057E0,-8.327782288E0
5.284024075E1,-3.178190918E0,4.106111298E0,-8.244106293E0
5.285028675E1,-3.178190918E0,4.102818146E0,-8.238418121E0
5.286033275E1,-3.174748077E0,4.079017639E0,-8.359965363E0
5.287037875E1,-3.198099518E0,4.071084137E0,-8.357869720E0
5.288042475E1,-3.181184692E0,4.061653748E0,-8.361611938E0
5.289047075E1,-3.232078857E0,4.042044525E0,-8.396489410E0
5.290051675E1,-3.224893799E0,4.010909271E0,-8.469687195E0
5.291056275E1,-3.178490295E0,4.015699310E0,-8.419691162E0
5.292060875E1,-3.083138580E0,4.016896820E0,-8.262218628E0
5.293065475E1,-3.163222046E0,4.081113281E0,-8.286767578E0
5.294070075E1,-3.231330414E0,4.058510284E0,-8.416398010E0
5.295074675E1,-3.297941895E0,4.001478882E0,-8.418194275E0
5.296079275E1,-3.175795898E0,4.056714020E0,-8.388855286E0
5.297083875E1,-3.150648193E0,4.131558380E0,-8.337212677E0
5.298088475E1,-3.271896057E0,4.067641296E0,-8.378975830E0
5.299093075E1,-3.218906250E0,4.063599701E0,-8.394842834E0
5.300097675E1,-3.143163757E0,4.104614410E0,-8.317753143E0
5.301102275E1,-3.136727142E0,4.096980286E0,-8.244854736E0
5.302106875E1,-3.238365784E0,4.109254761E0,-8.262967072E0
5.303111475E1,-3.213966522E0,4.111350403E0,-8.372239838E0
5.304116075E1,-3.176544342E0,4.094136200E0,-8.360564117E0
5.305120675E1,-3.123255157E0,4.093537445E0,-8.369844818E0
5.306125275E1,-3.190315704E0,4.084556122E0,-8.375682678E0
5.307129775E1,-3.160228271E0,4.071682892E0,-8.380472717E0
5.308134375E1,-3.165167999E0,4.018992462E0,-8.458610229E0
5.309138975E1,-3.151246948E0,3.974385223E0,-8.367150421E0
5.310143575E1,-3.149151306E0,4.018693085E0,-8.276439056E0
5.311148175E1,-3.223696289E0,4.023932190E0,-8.358767853E0
5.312152775E1,-3.241658936E0,3.987707520E0,-8.433761902E0
5.313157375E1,-3.250041504E0,4.031566315E0,-8.430618439E0
5.314161975E1,-3.206033020E0,4.084556122E0,-8.419990540E0
5.315166575E1,-3.211870880E0,4.104464722E0,-8.318052521E0
5.316171175E1,-3.210673370E0,4.115841064E0,-8.375233612E0
5.317175775E1,-3.211421814E0,4.105063477E0,-8.346942444E0
5.318180375E1,-3.163970490E0,4.125121765E0,-8.210725708E0
5.319184975E1,-3.177891541E0,4.146826630E0,-8.263865204E0
5.320189575E1,-3.215164032E0,4.148622894E0,-8.320746918E0
5.321194175E1,-3.185974731E0,4.123624878E0,-8.419990540E0
5.322198775E1,-3.161276093E0,4.085005188E0,-8.439899139E0
5.323203375E1,-3.125500488E0,4.067790985E0,-8.328231354E0
5.324207975E1,-3.176095276E0,4.053570557E0,-8.288713531E0
5.325212575E1,-3.192710724E0,4.031716003E0,-8.399183807E0
5.326217175E1,-3.154540100E0,4.018543396E0,-8.387508087E0
5.327221775E1,-3.139720917E0,4.014651489E0,-8.314459991E0
5.328226375E1,-3.190914459E0,4.024081879E0,-8.316705322E0
5.329230975E1,-3.195854187E0,4.044738922E0,-8.436456299E0
5.330235575E1,-3.166515198E0,4.041894836E0,-8.482560425E0
5.331240175E1,-3.151845703E0,4.076772308E0,-8.426876221E0
5.332244775E1,-3.185226288E0,4.078418884E0,-8.308921509E0
5.333249375E1,-3.195255432E0,4.067042542E0,-8.274493103E0
5.334253975E1,-3.162922668E0,4.086202698E0,-8.360863495E0
5.335258575E1,-3.184477844E0,4.124972076E0,-8.371790771E0
5.336263175E1,-3.188220062E0,4.120780792E0,-8.319549408E0
5.337267775E1,-3.189866638E0,4.120182037E0,-8.290360107E0
5.338272375E1,-3.192561035E0,4.121678925E0,-8.386909332E0
5.339276975E1,-3.211122437E0,4.125271454E0,-8.476423187E0
5.340281575E1,-3.181633759E0,4.072431335E0,-8.374784546E0
5.341286175E1,-3.166215820E0,4.061054993E0,-8.244854736E0
5.342290775E1,-3.194357300E0,4.053869934E0,-8.244854736E0
5.343295375E1,-3.213517456E0,4.044888611E0,-8.406668243E0
5.344299975E1,-3.188369751E0,4.037404175E0,-8.443641357E0
5.345304575E1,-3.191812592E0,4.041146393E0,-8.399632874E0
5.346309175E1,-3.201242981E0,4.055666199E0,-8.339458008E0
5.347313775E1,-3.181933136E0,4.040397949E0,-8.411458282E0
5.348318375E1,-3.181933136E0,4.024381256E0,-8.443341980E0
5.349322975E1,-3.172802124E0,4.052822113E0,-8.366252289E0
5.350327575E1,-3.170556793E0,4.064198456E0,-8.269703064E0
5.351332146E1,-3.163222046E0,4.056863708E0,-8.273145905E0
5.352336746E1,-3.185375977E0,4.098926239E0,-8.391250305E0
5.353341346E1,-3.199446716E0,4.130959625E0,-8.433462524E0
5.354345946E1,-3.145109711E0,4.122127991E0,-8.350385284E0
5.355350546E1,-3.153342590E0,4.108356628E0,-8.273145905E0
5.356355146E1,-3.154390411E0,4.126019897E0,-8.342900848E0
5.357359746E1,-3.201692047E0,4.108506317E0,-8.418493652E0
5.358364346E1,-3.145409088E0,4.073928223E0,-8.369695129E0
5.359368946E1,-3.167263641E0,4.067641296E0,-8.256680145E0
5.360373546E1,-3.191513214E0,4.067641296E0,-8.321195984E0
5.361378146E1,-3.196003876E0,4.083059235E0,-8.439001007E0
5.362382746E1,-3.165617065E0,4.087100830E0,-8.433612213E0
5.363387346E1,-3.177442474E0,4.098776550E0,-8.419391785E0
5.364391946E1,-3.194956055E0,4.104764099E0,-8.340655518E0
5.365396546E1,-3.389252014E0,3.770209808E0,-8.428073730E0
5.366401146E1,-3.104544067E0,4.161645813E0,-8.361462250E0
5.367405746E1,-3.160527649E0,4.148173828E0,-8.455167389E0
5.368410346E1,-3.173999634E0,4.129313049E0,-8.280031586E0
5.369414846E1,-3.157384186E0,4.073179779E0,-8.239316254E0
5.370419446E1,-3.223247223E0,4.092938690E0,-8.368796997E0
5.371424046E1,-3.395389252E0,3.878434753E0,-8.410560150E0
5.372428646E1,-3.078498230E0,4.223616943E0,-8.426427155E0
5.373433246E1,-3.224444733E0,4.011807404E0,-8.256979523E0
5.374437846E1,-3.199596405E0,4.048780518E0,-8.292755127E0
5.375442446E1,-3.224145355E0,4.054917755E0,-8.326884155E0
5.376447046E1,-3.164718933E0,4.068988495E0,-8.331524506E0
5.377451646E1,-3.206332397E0,4.099225616E0,-8.348289642E0
5.378456246E1,-3.171005859E0,4.116888885E0,-8.367599487E0
5.379460846E1,-3.168910217E0,4.083657990E0,-8.382119293E0
5.380465446E1,-3.108585663E0,4.119134216E0,-8.358019409E0
5.381470046E1,-3.121458893E0,4.156706085E0,-8.350834351E0
5.382474646E1,-3.079396362E0,4.211641846E0,-8.307574310E0
5.383479246E1,-3.130440216E0,4.108506317E0,-8.383017426E0
5.384483846E1,-3.165167999E0,4.116888885E0,-8.343349915E0
5.385488446E1,-3.156336365E0,4.160298615E0,-8.470735016E0
5.386493046E1,-3.280877380E0,4.176464996E0,-8.426576843E0
5.387497646E1,-2.711910553E0,4.819078674E0,-8.280929718E0
5.388502246E1,-3.064427490E0,4.367916870E0,-8.390950928E0
5.389506846E1,-3.488795013E0,3.948638763E0,-8.558602295E0
5.390511446E1,-3.563040619E0,3.947141876E0,-8.245303802E0
5.391516046E1,-3.549568634E0,3.794160004E0,-8.174201660E0
5.392520646E1,-3.475023651E0,3.683390350E0,-8.142168274E0
5.393525246E1,-2.718945923E0,4.036206665E0,-8.369395752E0
5.394529846E1,-3.019820251E0,4.083807678E0,-8.422984314E0
5.395534446E1,-3.282374268E0,4.158053284E0,-8.309370575E0
5.396539046E1,-3.108286285E0,4.181105347E0,-8.403524780E0
5.397543646E1,-3.057392120E0,4.225113831E0,-8.311017151E0
5.398548246E1,-3.070415039E0,4.228107605E0,-8.312364349E0
5.399552846E1,-3.112477570E0,4.240232391E0,-8.342302094E0
