Time (s),X (rad/s),Y (rad/s),Z (rad/s)
7.998445083E0,-1.080994867E-2,6.157923955E-3,-5.176512152E-2
8.008491083E0,-9.915904142E-3,1.140897442E-2,-4.654708877E-2
8.018538083E0,-1.227945834E-2,1.517921127E-2,-4.271000624E-2
8.028584083E0,-1.157618966E-2,1.960234530E-2,-3.802708909E-2
8.038630083E0,-1.477065030E-2,1.956719160E-2,-4.069344699E-2
8.048676083E0,-2.236293629E-2,1.970012113E-2,-4.722460732E-2
8.058722083E0,-2.639336325E-2,1.948360726E-2,-5.099138245E-2
8.068769083E0,-2.684767544E-2,1.683838665E-2,-5.101897195E-2
8.078815083E0,-3.063895181E-2,1.486871205E-2,-5.606459826E-2
8.088861083E0,-3.025698289E-2,1.495342515E-2,-5.628608167E-2
8.098907083E0,-3.188790381E-2,1.169318333E-2,-5.572362244E-2
8.108953083E0,-2.861168236E-2,1.312889345E-2,-5.421866477E-2
8.119000083E0,-2.347405627E-2,1.393169910E-2,-4.887644947E-2
8.129046083E0,-2.322594449E-2,1.323365327E-2,-4.780243337E-2
8.139092083E0,-2.088262886E-2,9.027988650E-3,-4.096662998E-2
8.149138083E0,-1.632538252E-2,6.967870984E-3,-3.405035660E-2
8.159184083E0,-1.120838523E-2,3.738255706E-3,-2.656127699E-2
8.169231083E0,-4.520363640E-3,-8.884459967E-4,-1.788502373E-2
8.179277083E0,2.373229247E-3,-5.321277305E-3,-7.302686572E-3
8.189323083E0,4.667810164E-3,-6.233764347E-3,1.192102092E-3
8.199369083E0,4.660885781E-3,-7.574932184E-3,6.457704119E-3
8.209415083E0,6.585816853E-3,-7.471956313E-3,6.752043962E-3
8.219462083E0,5.735735875E-3,-7.841070183E-3,8.045008406E-3
8.229508083E0,4.318885971E-3,-5.880823825E-3,6.495799404E-3
8.239554083E0,1.172095072E-3,-5.379883107E-3,4.627858289E-3
8.249600083E0,2.074497752E-4,-1.668468467E-4,1.985913608E-3
8.259646083E0,-3.206552938E-4,-8.677908336E-4,-9.912340902E-4
8.269693083E0,-1.646399964E-3,2.636473626E-3,-3.288747277E-3
8.279739083E0,-2.617388498E-3,2.115026815E-3,-3.360919189E-3
8.289785083E0,-6.304043345E-4,1.643114723E-3,-4.249083344E-3
8.299831083E0,-3.109274432E-3,2.508908277E-3,-6.625422277E-3
8.309877083E0,-2.281444147E-3,5.070999730E-3,-7.225557230E-3
8.319924083E0,-3.287852276E-3,1.942850649E-3,-8.200540207E-3
8.329970083E0,-1.687895507E-3,2.704579616E-3,-7.691763341E-3
8.340016083E0,-5.296869203E-4,2.140522236E-3,-8.771941997E-3
8.350062083E0,-1.701501664E-3,1.343163894E-3,-5.180877168E-3
8.360108083E0,-2.743862569E-5,3.239721991E-4,-4.831470549E-3
8.370155083E0,3.012581263E-3,-3.303691046E-3,-9.245704859E-7
8.380201083E0,4.615271930E-3,-6.734374911E-3,2.802851377E-3
8.390247083E0,9.177292697E-3,-1.023304835E-2,7.767295931E-3
8.400293083E0,1.151927654E-2,-1.263229083E-2,8.895677514E-3
8.410339083E0,1.090798341E-2,-1.917029545E-2,1.134751085E-2
8.420386083E0,1.009385474E-2,-2.285983786E-2,1.652496308E-2
8.430432083E0,9.506990202E-3,-2.451469563E-2,2.071122080E-2
8.440478083E0,7.919746451E-3,-2.862821333E-2,2.520237491E-2
8.450524083E0,8.913323283E-3,-3.246051818E-2,3.086170740E-2
8.460570083E0,1.143587008E-2,-3.685287014E-2,3.272166103E-2
8.470617083E0,9.161191061E-3,-3.587151691E-2,3.002245352E-2
8.480663583E0,5.019443575E-3,-3.478495032E-2,2.869859524E-2
8.490709583E0,3.488125745E-3,-3.506750986E-2,2.478028648E-2
8.500755583E0,3.425395582E-3,-3.444855288E-2,2.511076257E-2
8.510801583E0,-2.051757649E-3,-4.411532730E-2,2.938110568E-2
8.520848583E0,5.053556059E-3,-2.896087430E-2,2.492377348E-2
8.530894583E0,4.760171287E-3,-1.842608675E-2,2.448108792E-2
8.540940583E0,3.809955670E-3,-1.750330068E-2,2.253538370E-2
8.550986583E0,1.330650644E-3,-1.347967796E-2,2.226078510E-2
8.561032583E0,-1.105014235E-5,-1.275796071E-2,1.881705225E-2
8.571079583E0,-1.501670107E-3,-7.301603910E-3,1.113224775E-2
8.581125583E0,-5.054593552E-3,-3.460793290E-3,6.448279135E-3
8.591171583E0,-3.485676832E-3,9.566082153E-4,3.946124110E-3
8.601217583E0,-1.211869996E-3,-7.946864935E-4,2.474461216E-3
8.611263583E0,-1.513189171E-3,3.358301241E-3,1.049102168E-3
8.621310583E0,-3.000830766E-3,6.194834132E-3,2.359909937E-3
8.631356583E0,-4.714411218E-3,7.906409912E-3,3.168365685E-3
8.641402583E0,-4.332780372E-3,9.614028968E-3,3.314573085E-3
8.651448583E0,-5.506144837E-3,9.390863590E-3,7.496250328E-4
8.661494583E0,-2.751370892E-3,7.607611362E-3,-1.083162380E-3
8.671541583E0,-2.016386017E-3,5.434633233E-3,-2.635300392E-3
8.681587583E0,-7.508518174E-4,3.395451000E-3,-5.432951264E-3
8.691633583E0,9.602592327E-4,2.069524344E-4,-6.002982147E-3
8.701679583E0,3.112626262E-3,-1.772575197E-3,-6.926033646E-3
8.711725583E0,2.721450292E-3,-3.251242684E-3,-3.858664073E-3
8.721772583E0,3.590173554E-3,-4.998010118E-3,-3.325499129E-3
8.731818583E0,3.021417884E-3,-4.148696084E-3,-1.949408790E-3
8.741864583E0,5.854242481E-4,-3.356405534E-3,-2.166189952E-3
8.751910583E0,-2.855388448E-5,-2.008619718E-3,-3.508933121E-3
8.761956583E0,-8.458783850E-4,-1.708747819E-3,-3.175771562E-3
8.772003583E0,-8.946140297E-4,-3.569271939E-4,-2.515041037E-3
8.782049583E0,-3.388123587E-4,7.088698330E-4,-3.187489463E-3
8.792095583E0,-1.079753041E-3,4.897642066E-4,-3.136077663E-3
8.802141583E0,-3.294171765E-3,2.888739808E-3,-1.262810314E-3
8.812187583E0,-2.850269899E-3,3.648435464E-3,-1.284962054E-3
8.822234583E0,-4.045763053E-3,3.588780528E-3,5.867073778E-4
8.832280583E0,-6.923842244E-3,4.177161027E-3,-7.172795013E-4
8.842326583E0,-6.149928086E-3,4.652535077E-3,-1.054169377E-3
8.852372583E0,-8.984452114E-3,3.403827781E-3,-1.388209872E-3
8.862418583E0,-1.191312820E-2,9.140276350E-3,-1.799135469E-3
8.872465583E0,-1.401482336E-2,1.182547677E-2,-2.220252296E-3
8.882511583E0,-1.555146836E-2,1.352483965E-2,-3.664484480E-3
8.892557583E0,-1.255473122E-2,1.464758813E-2,-3.059490118E-4
8.902603583E0,-8.966654539E-3,1.513521373E-2,-3.389723133E-4
8.912649583E0,-3.863433842E-3,1.127072424E-2,2.476614201E-3
8.922696583E0,-5.321781617E-3,1.172026619E-2,2.826021053E-3
8.932742583E0,-4.574929830E-3,1.071637962E-2,4.300057422E-3
8.942788583E0,-4.617540631E-3,8.848970756E-3,4.712580703E-3
8.952834583E0,-3.869099542E-3,6.377497222E-3,5.125198513E-3
8.962880583E0,-1.640033908E-3,6.651536562E-3,4.457011353E-3
8.972927583E0,-2.775362693E-3,5.085500889E-3,4.919230938E-3
8.982973583E0,-6.159441080E-3,4.862061702E-3,2.926919842E-3
8.993019583E0,-9.074999020E-3,2.940437756E-3,-1.004980877E-3
9.003065583E0,-9.911764413E-3,1.862390083E-3,-1.612714026E-3
9.013111583E0,-1.113667246E-2,8.134207455E-4,-5.298875272E-3
9.023158583E0,-1.102721784E-2,5.297940806E-4,-6.760152057E-3
9.033204583E0,-1.069862954E-2,2.956271870E-3,-6.454632618E-3
9.043250583E0,-1.028983481E-2,3.370659659E-3,-8.592084982E-3
9.053296583E0,-7.248091511E-3,3.384202719E-3,-7.470872253E-3
9.063342583E0,3.733430058E-4,1.729048323E-3,-6.758210249E-3
9.073388583E0,6.415400188E-3,-6.427160697E-4,-3.488461487E-3
9.083435583E0,5.844152067E-3,7.418613532E-4,-7.390142418E-4
9.093481583E0,8.707048371E-3,-2.721823985E-4,-2.070165472E-3
9.103527583E0,9.062314406E-3,2.742319339E-5,-2.412647707E-3
9.113573583E0,9.300667793E-3,-3.387614270E-4,-2.181485528E-3
9.123619583E0,5.546627101E-3,-2.593053505E-3,-1.819016179E-3
9.133666583E0,7.761071436E-3,-2.300275490E-3,-3.270556685E-3
9.143712583E0,5.219350569E-3,-2.327439608E-3,-8.840982337E-4
9.153758583E0,4.238870926E-3,-4.147412255E-3,-4.220738076E-3
9.163804583E0,5.165384617E-3,-7.411116268E-3,-2.627368784E-3
9.173850583E0,6.219466217E-3,-1.844396815E-3,-3.224611981E-3
9.183897583E0,1.362624951E-2,-9.791002609E-3,4.846388474E-4
9.193943583E0,1.914477721E-2,-9.467898868E-3,9.854999371E-5
9.203989583E0,2.213124558E-2,-1.526187267E-2,4.682382569E-3
9.214035583E0,3.138074279E-2,-1.773707755E-2,7.605888881E-3
9.224081583E0,3.098100051E-2,-1.431464963E-2,8.442920633E-3
9.234128583E0,3.114836849E-2,-2.285980619E-2,1.281734463E-2
9.244174583E0,2.892356366E-2,-2.160279453E-2,1.252386440E-2
9.254220583E0,2.716919407E-2,-1.953844726E-2,1.242600195E-2
9.264266583E0,2.154140174E-2,-1.959623955E-2,1.409180835E-2
9.274312583E0,1.903510280E-2,-1.347398851E-2,1.252597291E-2
9.284359583E0,1.581134647E-2,-1.074771024E-2,1.310041640E-2
9.294405583E0,1.549764909E-2,-1.457120199E-2,1.091976278E-2
9.304451583E0,1.510030590E-2,-1.269926596E-2,1.002493966E-2
9.314497583E0,1.441698894E-2,-7.956248708E-3,8.591881022E-3
9.324543583E0,1.222547330E-2,-5.884576589E-3,6.875739433E-3
9.334590583E0,5.065321922E-3,-6.087501533E-3,5.747833289E-3
9.344636583E0,4.489280283E-3,-4.822766408E-3,3.955791704E-3
9.354682583E0,7.159655914E-3,-6.201209966E-3,3.174628830E-3
9.364728583E0,1.076197019E-3,-1.373431762E-3,1.427062438E-3
9.374774583E0,-1.373184845E-3,-1.459159976E-4,-4.482648801E-4
9.384821583E0,-4.131953232E-3,2.233618405E-3,-2.818744397E-3
9.394867583E0,-5.426564254E-3,1.814953168E-3,-3.040204057E-3
9.404913583E0,-3.623072058E-3,3.289545653E-3,-4.010393284E-3
9.414959583E0,-3.231053706E-3,2.107279841E-3,-3.976734355E-3
9.425005583E0,-1.855531242E-3,3.712633392E-3,-3.853430273E-3
9.435052583E0,6.352979690E-4,2.321302658E-3,-4.383280873E-3
9.445098583E0,1.754890895E-3,8.616239647E-4,-2.805357799E-3
9.455144583E0,2.539482201E-3,9.005144238E-4,-1.752401702E-3
9.465190583E0,5.501183681E-3,-1.338671427E-3,-4.463875666E-4
9.475236250E0,8.492374793E-3,-2.242130693E-3,5.104953889E-4
9.485282250E0,1.170654409E-2,-8.660881780E-3,6.343324203E-4
9.495329250E0,1.897796616E-2,-1.535848901E-2,2.877420047E-3
9.505375250E0,1.776063442E-2,-1.454729028E-2,3.217239399E-3
9.515421250E0,1.778368279E-2,-1.595623046E-2,3.320121206E-3
9.525467250E0,1.698500104E-2,-1.656902395E-2,6.729766261E-3
9.535513250E0,1.534524467E-2,-1.726261713E-2,6.015458144E-3
9.545560250E0,1.391912159E-2,-1.095412206E-2,3.662288887E-3
9.555606250E0,1.100664027E-2,-5.469623953E-3,5.758844782E-3
9.565652250E0,1.086788997E-2,-1.299571712E-2,4.177193157E-3
9.575698250E0,1.012082398E-2,-7.445172407E-3,5.280656740E-3
9.585744250E0,9.190848097E-3,-1.549733104E-3,3.704597708E-3
9.595791250E0,5.913272500E-3,-2.077579498E-3,6.443184335E-3
9.605837250E0,5.277043208E-3,-1.080182940E-2,5.352620035E-3
9.615883250E0,6.044226699E-3,-6.801072508E-3,6.305467337E-3
9.625929250E0,5.626643077E-3,-3.522987477E-3,7.595769130E-3
9.635975250E0,2.092413371E-3,-6.943003275E-3,8.984267712E-3
9.646022250E0,2.914797515E-3,-3.711789846E-3,5.264630541E-3
9.656068250E0,5.119431764E-3,-4.496422596E-3,6.229381077E-3
9.666114250E0,2.751349006E-3,-4.825323354E-3,6.608614698E-3
9.676160250E0,2.038130770E-3,2.149669890E-4,4.499448929E-3
9.686206250E0,1.833866350E-3,-2.564574126E-3,2.002735389E-3
9.696253250E0,1.080385409E-3,-1.190940500E-3,6.236573681E-4
9.706299250E0,-1.422720961E-4,-2.794962144E-3,-6.309577730E-4
9.716345250E0,-1.076678280E-3,-1.909069950E-3,-8.771000430E-4
9.726391250E0,-2.472707070E-3,1.193512697E-3,8.193334797E-4
9.736437250E0,-1.332662068E-4,5.735749844E-3,3.586970037E-3
9.746484250E0,-1.660056412E-3,-1.025520172E-2,2.060870174E-4
9.756530250E0,-1.272033900E-3,1.039202046E-2,1.074315049E-2
9.766576250E0,6.258852780E-3,-5.176818930E-3,6.119369529E-3
9.776622250E0,-2.892591059E-3,-4.559064750E-3,5.903281271E-3
9.786668250E0,-5.001815036E-3,3.138802480E-3,5.642823875E-3
9.796714250E0,4.485599697E-3,3.899449366E-4,3.989928402E-3
9.806761250E0,-4.122269806E-3,-2.195984591E-3,2.373389900E-3
9.816807250E0,-6.445247680E-3,2.648780821E-3,6.293700542E-3
9.826853250E0,-7.340991870E-4,-3.607783467E-3,9.279636433E-4
9.836899250E0,-6.940523162E-3,-1.847676001E-3,-1.608870691E-3
9.846945250E0,-1.107641309E-2,5.395816988E-4,-3.002502723E-3
9.856992250E0,-5.433803890E-3,-1.251869020E-3,-2.475067973E-3
9.867038250E0,-6.264976691E-3,-1.660664217E-3,1.068664715E-4
9.877084250E0,-9.881161153E-3,1.073588210E-4,-2.433709335E-3
9.887130250E0,-6.199874450E-3,-3.884872058E-5,-3.057688009E-3
9.897176250E0,-7.086149883E-3,1.143603004E-3,-6.798089016E-4
9.907223250E0,-9.253164753E-3,1.247199951E-3,-3.197295126E-3
9.917269250E0,-1.011999603E-2,4.799252376E-3,-5.535544362E-3
9.927315250E0,-5.801680498E-3,5.475695245E-3,3.047557315E-3
9.937361250E0,-1.089899801E-2,-2.182458556E-4,-6.098910235E-3
9.947407250E0,-7.668583188E-3,-1.572729554E-3,3.515316639E-4
9.957454250E0,-4.200251307E-3,-1.454543904E-3,-1.466737827E-3
9.967500250E0,-7.766756695E-3,5.171134602E-3,-3.013384994E-4
9.977546250E0,-1.087965257E-2,9.017655626E-3,-5.664153490E-3
9.987592250E0,-1.110761799E-2,-3.438747022E-3,-2.338398248E-3
9.997638250E0,-3.924347926E-3,8.237765171E-3,-4.483033903E-3
1.000768525E1,-9.059987962E-3,1.089799684E-2,-3.072091145E-3
1.001773125E1,-6.742649246E-3,-4.863794893E-3,-1.418351429E-3
1.002777725E1,-7.310435642E-3,1.172423642E-2,-4.057011567E-3
1.003782325E1,-3.514149226E-3,8.746985346E-3,-1.003787154E-3
1.004786925E1,-7.131254300E-3,-5.977897905E-3,-5.796145648E-3
1.005791525E1,-1.742299646E-4,1.799127646E-2,4.552086350E-3
1.006796225E1,-4.229425453E-3,-1.165130455E-2,-1.771056792E-3
1.007800825E1,-3.831742797E-3,1.013559406E-3,-5.234368145E-4
1.008805425E1,2.195257228E-3,2.224498894E-3,6.771227345E-3
1.009810025E1,6.090711802E-3,-3.841354046E-4,4.919478670E-3
1.010814625E1,2.399570309E-3,3.988339449E-4,4.610019736E-3
1.011819325E1,-1.379987691E-3,-3.700206289E-4,3.020112403E-3
1.012823925E1,5.566601641E-3,-4.633741453E-3,5.709106103E-3
1.013828525E1,3.648422658E-3,-1.143461675E-3,2.765384736E-3
1.014833125E1,-1.025158912E-3,-2.463324228E-3,1.180537627E-3
1.015837725E1,1.102610957E-3,-3.626267659E-3,-1.146944705E-4
1.016842425E1,2.096768934E-3,-4.163596604E-4,1.676281216E-3
1.017847025E1,-1.224457286E-3,-7.339800359E-4,2.748249099E-4
1.018851625E1,-2.571217716E-3,-1.539053628E-3,-3.282891819E-3
1.019856225E1,3.097462934E-3,8.446049178E-4,1.158584724E-3
1.020860825E1,2.606376074E-3,1.741024898E-3,-2.413779497E-3
1.021865525E1,-4.782636184E-3,-3.761796979E-3,-2.002782421E-3
1.022870125E1,1.388174482E-3,-2.133806702E-3,2.688940149E-4
1.023874725E1,4.209866747E-4,4.649105482E-3,-2.060542582E-3
1.024879325E1,-7.851589471E-4,2.383820713E-3,-1.555873780E-3
1.025883925E1,4.166043364E-4,3.020631848E-3,-2.645186381E-3
1.026888525E1,-1.370376907E-3,2.016087528E-3,-3.226022003E-3
1.027893225E1,2.192182234E-3,2.985404339E-3,-1.316814916E-3
1.028897825E1,3.375569358E-4,-4.239744740E-4,2.530387603E-3
1.029902425E1,-8.437731303E-4,2.636903897E-3,-9.708213620E-4
1.030907025E1,-1.860301942E-3,-4.228018806E-4,1.615374349E-3
1.031911625E1,-1.222861931E-3,-1.792241004E-3,5.248214118E-3
1.032916325E1,2.565218369E-3,2.707169857E-3,3.226076020E-3
1.033920925E1,1.895581372E-4,-7.781503955E-4,3.504132386E-3
1.034925525E1,2.457239665E-3,3.622456919E-3,6.577686407E-3
1.035930125E1,2.694600029E-3,4.112503491E-3,5.899472628E-3
1.036934725E1,8.146746550E-4,1.182942506E-4,6.025972776E-3
1.037939425E1,-7.965140976E-4,-8.753229049E-4,1.890292391E-3
1.038944025E1,1.284213737E-3,-2.739802003E-3,3.847183194E-3
1.039948625E1,1.468214439E-3,-3.773200151E-4,6.376444828E-3
1.040953225E1,-4.010582343E-4,-1.176801044E-3,5.572436377E-3
1.041957825E1,-5.797566846E-4,-3.271377180E-3,5.353790708E-3
1.042962425E1,3.552795388E-4,5.526557798E-4,4.127671476E-3
1.043967125E1,1.073533902E-3,2.160322620E-4,2.315656748E-3
1.044971725E1,-1.728644129E-3,-2.587211085E-3,7.467886899E-4
1.045976325E1,-2.582793124E-3,-1.473144279E-3,3.654952161E-4
1.046980925E1,3.117965534E-4,-1.212154515E-3,1.434221864E-3
1.047985546E1,1.452646218E-3,-2.050534124E-3,9.717458161E-4
1.048990246E1,1.285133418E-3,-1.071556355E-3,1.080402755E-3
1.049994846E1,2.026897622E-3,-1.685922267E-3,2.002482302E-3
1.050999446E1,2.750212094E-3,-2.317624167E-3,4.492538050E-3
1.052004046E1,2.480191411E-3,-1.824132050E-3,3.762241919E-3
1.053008646E1,-1.162746921E-3,-1.359144109E-3,4.886095878E-3
1.054013346E1,-9.847990237E-3,-1.742239483E-2,6.335265934E-3
1.055017946E1,3.842788748E-3,8.367698174E-4,6.508903578E-3
1.056022546E1,1.498380676E-3,2.402422251E-3,4.980611615E-3
1.057027146E1,-2.292895224E-3,4.061571788E-3,3.928929102E-3
1.058031746E1,-1.128731295E-3,3.154089907E-3,4.157095216E-3
1.059036446E1,-1.850714441E-3,7.221269421E-3,4.904378206E-3
1.060041046E1,-2.724327613E-3,4.106935579E-3,3.112301230E-3
1.061045646E1,-4.610645119E-3,5.875274073E-3,5.508731119E-4
1.062050246E1,-3.586126026E-3,5.538477097E-3,-1.657254994E-3
1.063054846E1,-5.200534593E-3,7.354753092E-3,-1.303054858E-3
1.064059446E1,-5.836060271E-3,6.608328782E-3,-1.855531009E-3
1.065064146E1,-4.588901065E-3,5.147851538E-3,-3.593776142E-3
1.066068746E1,-4.967725370E-3,4.262041301E-3,-1.856575022E-3
1.067073346E1,-1.111734658E-3,1.537627191E-3,-9.569590911E-4
1.068077946E1,-2.142983489E-3,2.107251668E-3,1.267486019E-3
1.069082546E1,-1.859889366E-3,3.073979169E-3,1.912237378E-3
1.070087246E1,-3.044245765E-3,3.300155513E-4,9.518519510E-4
1.071091846E1,-7.608514279E-4,-9.775966173E-4,1.384882024E-3
1.072096446E1,-1.768276561E-3,1.993631886E-4,3.803348169E-3
1.073101046E1,-5.847681314E-4,-1.284550177E-3,4.379922524E-3
1.074105646E1,1.774115488E-3,-2.946103923E-4,7.369625382E-4
1.075110346E1,-4.173996858E-4,-1.397691667E-3,1.059471280E-3
1.076114946E1,6.897985004E-4,-6.423760206E-4,9.880772559E-4
1.077119546E1,2.536434447E-3,-1.951586106E-3,1.165710157E-3
1.078124146E1,4.079251550E-3,-1.862185425E-3,2.460832009E-3
1.079128746E1,3.283765167E-3,-1.472564996E-3,2.468004823E-6
1.080133346E1,1.601762837E-3,-2.604291774E-3,-3.027208149E-4
1.081138046E1,1.790847396E-3,9.901766898E-4,1.231185161E-4
1.082142646E1,-3.165635280E-4,3.031643573E-3,3.398493864E-4
1.083147246E1,-1.448140480E-3,-8.027757867E-4,-2.015712671E-4
1.084151846E1,-1.572216861E-3,-1.721995301E-3,-1.076577930E-3
1.085156446E1,-5.378448404E-4,2.948390320E-3,-5.127866752E-4
1.086161146E1,-9.851120412E-4,6.606731098E-3,-9.093100671E-4
1.087165746E1,-3.569177352E-3,1.154973987E-3,-3.982065246E-3
1.088170346E1,-2.967934590E-3,3.702159971E-3,-1.856531482E-3
1.089174946E1,-1.823574305E-3,5.564508494E-3,-1.870912500E-3
1.090179546E1,-4.825918004E-4,5.188784096E-3,4.120082594E-4
1.091184246E1,-2.763322555E-3,5.974150263E-3,9.651469300E-4
1.092188846E1,-4.117669072E-3,4.449426197E-3,1.506357687E-3
1.093193446E1,-3.572860733E-4,3.876047675E-3,1.545239822E-3
1.094198046E1,2.196106594E-3,4.504990298E-3,1.854612143E-3
1.095202646E1,2.293578349E-3,9.765000083E-3,1.226106193E-3
1.096207246E1,1.931926236E-4,7.381222211E-3,-5.471415352E-4
1.097211946E1,7.165037096E-4,7.687485777E-3,8.531485219E-4
1.098216546E1,4.835152999E-3,7.951867767E-3,3.287738189E-3
1.099221146E1,3.744588466E-3,9.885855950E-3,-7.986163255E-4
1.100225746E1,-7.711648941E-4,1.037344616E-2,2.985727042E-5
1.101230346E1,9.843907319E-4,1.182610751E-3,1.444528461E-3
1.102235046E1,4.786150530E-3,6.717758719E-3,-2.737070899E-4
1.103239646E1,1.390620368E-3,6.398179568E-3,3.931482788E-4
1.104244246E1,-2.054275945E-3,3.994642757E-3,-1.191734802E-3
1.105248846E1,1.360695343E-3,2.247076249E-3,1.449322212E-3
1.106253446E1,1.533268252E-3,8.694230346E-4,-1.944077667E-3
1.107258146E1,1.890566899E-3,2.520191018E-3,-1.844409388E-3
1.108262746E1,7.210836746E-3,6.374168675E-3,2.138073323E-3
1.109267346E1,5.151148420E-3,2.863323083E-3,1.146036666E-4
1.110271946E1,-9.654047899E-4,2.850075951E-3,-5.021125544E-4
1.111276546E1,2.837056760E-3,2.020111242E-5,4.893823061E-4
1.112281146E1,2.414945746E-3,-6.954741548E-5,7.796667051E-4
1.113285846E1,-1.964818221E-3,4.362683278E-3,-2.989852801E-4
1.114290446E1,-3.153773025E-3,2.007434610E-3,-5.731037818E-4
1.115295046E1,-9.987433441E-4,-1.649618149E-3,1.305223675E-3
1.116299646E1,-1.866183709E-3,-1.349230763E-3,-5.766702816E-5
1.117304246E1,1.671398059E-4,1.540831639E-3,5.636482965E-4
1.118308946E1,2.229151782E-3,-1.743763220E-3,1.875560149E-3
1.119313546E1,2.509555779E-4,3.336216556E-3,2.332824981E-3
1.120318146E1,-2.768269274E-3,7.951208390E-4,8.250863757E-4
1.121322746E1,-1.514719799E-3,-1.950331847E-3,3.972143866E-3
1.122327346E1,1.708286349E-3,3.677743487E-3,1.163436798E-3
1.123331946E1,4.550944548E-3,-1.559096505E-3,3.639377654E-3
1.124336646E1,7.747417316E-3,-6.375910016E-4,4.953009076E-3
1.125341246E1,3.316183574E-3,4.753712565E-3,2.755368827E-3
1.126345846E1,-2.552863210E-3,-2.633524593E-3,1.104548457E-3
1.127350446E1,-1.680677757E-3,-4.977905657E-3,4.718724638E-3
1.128355046E1,1.556513365E-3,3.390425991E-4,3.820206039E-3
1.129359746E1,5.170814693E-4,1.834141207E-3,-2.994379029E-4
1.130364346E1,-3.310293891E-3,-5.227282643E-3,8.390824078E-4
1.131368946E1,-1.876980532E-3,-8.041711524E-3,1.738246065E-4
1.132373546E1,2.933971118E-3,2.982265141E-4,1.530227135E-3
1.133378146E1,-2.684233245E-3,5.200678133E-4,-1.006927341E-4
1.134382746E1,-5.799285602E-3,-8.720990445E-5,-1.543145860E-3
1.135387446E1,-5.763332825E-3,-6.564550102E-3,-4.304768518E-4
1.136392046E1,1.817403361E-3,8.298302069E-3,1.059913891E-3
1.137396646E1,2.726606559E-3,1.355618145E-2,-3.480509389E-3
1.138401246E1,-9.727932513E-3,3.969241399E-3,-4.804329947E-3
1.139405846E1,-1.034552045E-2,-4.968859721E-3,-6.477060728E-3
1.140410546E1,2.487288089E-3,-4.532411695E-3,-8.928447496E-4
1.141415146E1,3.315264825E-3,4.422467202E-3,9.656202979E-3
1.142419746E1,-5.703944713E-3,2.700610086E-2,-8.426379412E-3
1.143424346E1,-1.523433253E-2,-1.926659048E-2,-1.940126717E-2
1.144428946E1,1.549447887E-2,-2.803968079E-2,1.399607491E-2
1.145433546E1,1.164035313E-2,4.128053784E-2,-7.992580533E-3
1.146438246E1,-1.923894882E-2,1.015708782E-2,-9.665261023E-3
1.147442846E1,-2.429149672E-2,-2.674793266E-2,5.537128076E-3
1.148447396E1,1.528660860E-2,4.512980115E-3,2.058151923E-2
1.149451996E1,4.384581372E-2,4.927672446E-2,3.590817098E-3
1.150456596E1,-4.823165480E-3,2.942335093E-3,1.423961110E-2
1.151461296E1,-3.627589718E-2,-6.650432624E-5,1.547451876E-2
1.152465896E1,-8.786092512E-3,1.983889565E-2,2.422509948E-3
1.153470496E1,2.303708345E-2,-1.401707157E-2,-1.780739427E-2
1.154475096E1,-6.600599736E-4,-5.619641393E-2,-2.622158080E-2
1.155479696E1,8.313461207E-3,-2.253405750E-2,-1.508557238E-2
1.156484296E1,6.601437461E-3,1.171769947E-2,-1.750320941E-2
1.157488996E1,-1.158289332E-2,-5.412469432E-2,1.245192252E-4
1.158493596E1,1.754146069E-2,-4.990164656E-3,-3.237246536E-3
1.159498196E1,4.429504648E-2,3.232604638E-2,8.304094896E-3
1.160502796E1,2.176116407E-2,1.768732630E-2,8.818624541E-3
1.161507396E1,-8.248134516E-3,7.570511661E-3,-9.879163466E-3
1.162512096E1,4.200693220E-4,-1.714223996E-2,-1.531031914E-3
1.163516696E1,2.478932589E-2,8.619050495E-3,-2.496427856E-3
1.164521296E1,2.115309052E-2,1.373570319E-2,-1.327314647E-3
1.165525896E1,6.901450455E-3,3.944592550E-3,-4.756134935E-3
1.166530496E1,-8.897717111E-3,-2.212904952E-2,-7.564794272E-3
1.167535096E1,-8.821284398E-3,-1.822219230E-2,-1.475559548E-2
1.168539796E1,-4.452881869E-3,1.065224130E-2,-2.819799120E-3
1.169544396E1,-4.182837438E-3,6.903841626E-3,4.197097383E-3
1.170548996E1,-1.931668818E-2,4.028896336E-3,-1.309786737E-2
1.171553596E1,-2.100353315E-2,7.524028886E-3,-1.389708184E-2
1.172558196E1,8.577282541E-3,-1.396050560E-3,-4.317382351E-3
1.173562896E1,2.038041130E-2,1.630365616E-3,-7.179480977E-3
1.174567496E1,2.311397344E-3,-9.973753477E-4,-1.061495859E-2
1.175572096E1,-4.097499885E-3,-5.748454947E-3,-6.678540260E-3
1.176576696E1,-7.662982680E-4,-5.645975005E-3,-2.993712202E-3
1.177581296E1,8.367812261E-3,-5.179655273E-3,-2.084242646E-3
1.178585896E1,1.162999123E-2,-4.617436323E-3,3.314344678E-3
1.179590596E1,1.123317983E-2,-1.232808642E-2,5.966853350E-3
1.180595196E1,1.332047023E-2,-1.155224629E-2,1.588324085E-5
1.181599796E1,1.255774125E-2,-4.884103546E-4,1.745606423E-3
1.182604396E1,1.467747614E-2,-3.570343601E-3,2.084772568E-3
1.183608996E1,1.198981516E-2,-6.232439540E-3,1.938565169E-3
1.184613696E1,1.326943561E-2,-8.927932009E-3,3.493741388E-3
1.185618296E1,1.672675088E-2,-1.767668314E-2,2.694260562E-3
1.186622896E1,1.123308763E-2,1.282056887E-2,-4.158188589E-3
1.187627496E1,-4.556261003E-3,3.320493549E-2,-1.630806178E-2
1.188632096E1,-1.836601272E-2,-6.083534658E-2,2.634663368E-3
1.189636696E1,-6.541311275E-3,-3.925575316E-2,-2.298842417E-3
1.190641396E1,-1.069727819E-3,-2.546702325E-2,5.631330889E-3
1.191645996E1,1.848346740E-2,-2.413490973E-2,5.816420540E-3
1.192650596E1,1.761147752E-2,2.529263124E-2,-6.756556220E-3
1.193655196E1,-2.439728007E-3,1.213048957E-2,-4.821769893E-3
1.194659796E1,3.793187672E-3,-7.540300023E-3,1.076650922E-3
1.195664396E1,8.439072408E-3,4.022346344E-3,-7.243330125E-3
1.196669096E1,-2.571358345E-3,-1.346827485E-2,-7.985532284E-3
1.197673696E1,-3.690951038E-3,-6.175741553E-3,-5.254460499E-3
1.198678296E1,-8.704909123E-3,3.828946734E-3,-1.091015805E-2
1.199682896E1,-7.520601153E-3,-9.817623533E-3,-5.654409528E-3
1.200687496E1,9.250508621E-3,-7.969709113E-3,-2.489430830E-3
1.201692196E1,1.789752766E-2,-2.041980333E-4,-7.518278435E-3
1.202696796E1,1.870269515E-2,1.319809817E-2,-3.609686391E-3
1.203701396E1,1.690346375E-2,9.451297112E-3,6.473762915E-4
1.204705996E1,4.315206315E-3,1.379693951E-2,-4.971202929E-3
1.205710596E1,5.747187883E-3,-1.223412808E-2,-7.672713138E-3
1.206715196E1,8.443305269E-3,-1.450191066E-2,-1.062139310E-2
1.207719896E1,2.086215653E-2,-4.141149111E-3,-8.864239790E-3
1.208724496E1,2.371923998E-2,-3.017907031E-3,-1.204167213E-2
1.209729096E1,8.991695009E-3,3.549448214E-3,-2.558757365E-2
1.210733696E1,8.550651371E-3,-2.567981929E-2,-1.382380165E-2
1.211738296E1,3.204452619E-2,-2.390429005E-2,-7.763512433E-3
1.212742896E1,4.198237509E-2,2.208005404E-3,-7.614375092E-3
1.213747596E1,3.266666457E-2,2.917039022E-2,-8.569709025E-3
1.214752196E1,-3.344258294E-4,-2.910027653E-2,-1.790765114E-2
1.215756796E1,-5.241299979E-3,-4.040672630E-2,-6.200661417E-3
1.216761396E1,2.687879466E-2,-3.162869066E-2,1.103803795E-2
1.217765996E1,3.423178196E-2,-2.333720587E-2,6.012120284E-3
1.218770696E1,3.065184318E-2,1.299342606E-2,-2.886378439E-3
1.219775296E1,1.921756007E-2,-4.692094401E-3,-5.636829883E-6
1.220779896E1,2.135607414E-2,-4.163022619E-3,-6.990209222E-3
1.221784496E1,2.982759103E-2,4.941259976E-3,1.488229842E-3
1.222789096E1,3.067005053E-2,-1.970482990E-2,1.203375217E-2
1.223793696E1,2.125364542E-2,1.245337259E-2,8.819316514E-3
1.224798396E1,2.414223365E-2,2.412898280E-2,1.389368344E-2
1.225802996E1,1.351915114E-2,-8.046796545E-3,5.113773514E-3
1.226807596E1,1.300123334E-2,-2.113710530E-2,5.497462116E-3
1.227812196E1,3.706955165E-2,-1.156810019E-2,1.743161865E-2
1.228816796E1,4.223858193E-2,1.147546992E-2,1.748172380E-2
1.229821396E1,3.325494006E-2,-2.012642566E-3,2.066420019E-2
1.230826096E1,5.069171637E-2,1.405064669E-2,1.950955391E-2
1.231830696E1,5.093193427E-2,2.421193756E-2,1.705385372E-2
1.232835296E1,5.158416927E-2,2.214924025E-4,2.376326360E-2
1.233839896E1,5.614829436E-2,1.166648231E-3,2.268068865E-2
1.234844496E1,4.101154953E-2,-3.637216287E-4,2.126909420E-2
1.235849196E1,4.370347410E-2,-1.468353905E-2,2.929852530E-2
1.236853796E1,5.200208724E-2,-5.119017325E-3,2.945915982E-2
1.237858396E1,6.084964052E-2,5.399403628E-3,2.523671836E-2
1.238862996E1,6.792433560E-2,-9.633241221E-3,3.083671257E-2
1.239867596E1,6.800689548E-2,3.173101228E-3,2.899087593E-2
1.240872196E1,6.064026803E-2,9.365897626E-3,3.151709959E-2
1.241876896E1,6.505899131E-2,-2.193663083E-2,4.446245730E-2
1.242881496E1,6.288926303E-2,-1.598731428E-2,4.041553289E-2
1.243886096E1,5.385102704E-2,-1.089668088E-2,3.457788378E-2
1.244890696E1,6.204169616E-2,-2.611324005E-2,3.907391429E-2
1.245895296E1,6.374052912E-2,-5.866823718E-3,3.869014978E-2
1.246899896E1,6.025508419E-2,-2.966604894E-3,3.462859988E-2
1.247904633E1,6.504078209E-2,-1.028656960E-2,4.361357167E-2
1.248909233E1,7.990968972E-2,-4.655698314E-3,5.370770022E-2
1.249913833E1,8.882088959E-2,-3.482043277E-3,5.741375685E-2
1.250918433E1,8.063146472E-2,-5.573307164E-3,5.668143928E-2
1.251923033E1,7.497303933E-2,-1.672449522E-2,6.349620223E-2
1.252927633E1,8.458819240E-2,-2.035462297E-2,7.093370706E-2
1.253932333E1,9.157073498E-2,-1.565867104E-2,6.876908988E-2
1.254936933E1,8.837912232E-2,-2.402005717E-2,7.263600826E-2
1.255941533E1,1.027340889E-1,-2.781585976E-2,7.854449749E-2
1.256946133E1,1.122921631E-1,-3.477408318E-3,8.176927269E-2
1.257950733E1,1.097445786E-1,-8.840482682E-3,9.021761268E-2
1.258955433E1,1.073105484E-1,-1.229763497E-3,9.540265799E-2
1.259960033E1,9.828855097E-2,1.416117698E-2,9.415816516E-2
1.260964633E1,9.558556974E-2,-1.571571641E-2,9.656164795E-2
1.261969233E1,1.162607521E-1,7.264433429E-3,1.042475328E-1
1.262973833E1,1.236477345E-1,2.137728781E-2,1.060011908E-1
1.263978433E1,1.171597391E-1,-3.409422934E-2,9.253358096E-2
1.264983133E1,1.194418743E-1,-1.666752389E-3,7.865141332E-2
1.265987733E1,1.236651167E-1,-2.070063166E-2,9.929516912E-2
1.266992333E1,1.548766494E-1,-3.254873306E-2,1.115995497E-1
1.267996933E1,1.443907320E-1,8.536652662E-3,1.215864047E-1
1.269001533E1,1.415220499E-1,-6.277317647E-3,1.186281592E-1
1.270006133E1,1.484625190E-1,-1.242682245E-2,1.287505627E-1
1.271010833E1,1.512582749E-1,1.591292955E-2,1.382296085E-1
1.272015433E1,1.305852234E-1,-2.277987078E-2,1.290917695E-1
1.273020033E1,1.151530221E-1,-4.417126998E-2,1.243122444E-1
1.274024633E1,1.240128279E-1,-1.684857160E-2,1.323416829E-1
1.275029233E1,1.276293248E-1,5.863904022E-3,1.321982890E-1
1.276033833E1,1.385163218E-1,1.003102749E-3,1.423233747E-1
1.277038533E1,1.463546902E-1,-1.572016743E-3,1.556999832E-1
1.278043133E1,1.656477004E-1,1.312410459E-2,1.607573330E-1
1.279047733E1,1.734683067E-1,-1.069062576E-2,1.656804383E-1
1.280052333E1,1.743428856E-1,-9.787281044E-3,1.638495028E-1
1.281056933E1,1.701099724E-1,-1.942003705E-2,1.668096483E-1
1.282061533E1,1.747952700E-1,-2.967214026E-2,1.813686192E-1
1.283066233E1,1.892945468E-1,-1.031523943E-2,1.926107407E-1
1.284070833E1,1.895398200E-1,-1.039833017E-2,1.914458722E-1
1.285075433E1,1.808996946E-1,-2.710850723E-2,1.979857534E-1
1.286080033E1,1.972187608E-1,-1.782526076E-2,2.184449583E-1
1.287084633E1,2.298255265E-1,-3.324348480E-3,2.512716949E-1
1.288089233E1,2.204578519E-1,1.128814928E-2,2.027400881E-1
1.289093933E1,1.990783215E-1,-2.957740612E-2,2.108958066E-1
1.290098533E1,2.106553465E-1,-4.996230826E-2,2.021601051E-1
1.291103133E1,2.091640830E-1,-3.583232686E-2,2.047489583E-1
1.292107733E1,2.087678164E-1,-4.382900149E-2,2.320032120E-1
1.293112333E1,2.246515304E-1,-4.227520898E-2,2.439719588E-1
1.294116933E1,2.269836664E-1,-3.570785373E-2,2.402744144E-1
1.295121633E1,2.264379859E-1,-3.216601908E-2,2.565949857E-1
1.296126233E1,2.411404848E-1,-4.421043023E-2,2.523461580E-1
1.297130833E1,2.425599694E-1,-1.744146086E-2,2.505424619E-1
1.298135433E1,2.101040184E-1,-1.545367762E-2,2.495696247E-1
1.299140033E1,2.071181834E-1,-2.640156820E-2,2.557435930E-1
1.300144633E1,2.239357829E-1,-1.784962602E-2,2.656481564E-1
1.301149333E1,2.293778360E-1,-2.133121341E-2,2.681008875E-1
1.302153933E1,2.354522347E-1,-3.416338935E-2,2.756666839E-1
1.303158533E1,2.412593961E-1,-4.123110697E-2,2.863816023E-1
1.304163133E1,2.385152727E-1,-3.686032817E-2,2.964491546E-1
1.305167733E1,2.407868207E-1,-3.291000426E-2,3.051970303E-1
1.306172333E1,2.453677356E-1,-3.474545479E-2,3.114940822E-1
1.307177033E1,2.514019012E-1,-2.948508225E-2,3.135164380E-1
1.308181633E1,2.481187731E-1,-4.560120031E-2,3.235126138E-1
1.309186233E1,2.465340048E-1,-5.436865985E-2,3.334809542E-1
1.310190833E1,2.510384619E-1,-5.607947707E-2,3.397242129E-1
1.311195433E1,2.554017901E-1,-5.882120132E-2,3.423639238E-1
1.312200033E1,2.756078541E-1,-3.595434874E-2,3.464328647E-1
1.313204733E1,2.785328329E-1,-2.931671962E-2,3.389900923E-1
1.314209333E1,2.655110359E-1,-5.560025573E-2,3.381679952E-1
1.315213933E1,2.806488276E-1,-5.899100751E-2,3.521783948E-1
1.316218533E1,2.978970706E-1,-6.628433615E-2,3.585518599E-1
1.317223133E1,2.836611271E-1,-5.209192634E-2,3.588294685E-1
1.318227733E1,2.595874965E-1,-4.802714288E-2,3.598252237E-1
1.319232433E1,2.647596896E-1,-4.127306864E-2,3.664802909E-1
1.320237033E1,2.703352869E-1,-5.501578003E-2,3.834778965E-1
1.321241633E1,2.771733999E-1,-5.166315660E-2,3.960913420E-1
1.322246233E1,2.694576979E-1,-5.639612675E-2,3.865084946E-1
1.323250833E1,2.708436847E-1,-5.550287291E-2,3.983796239E-1
1.324255433E1,2.596000731E-1,-6.750654429E-2,3.912098706E-1
1.325260133E1,2.547889948E-1,-6.613637507E-2,3.970181346E-1
1.326264733E1,2.692435682E-1,-5.782571062E-2,4.132418334E-1
1.327269333E1,2.766805589E-1,-4.942297190E-2,4.303458333E-1
1.328273933E1,2.657208443E-1,-3.677855060E-2,4.420616329E-1
1.329278533E1,2.527059615E-1,-1.384831369E-1,4.507141113E-1
1.330283133E1,2.945788503E-1,-6.781722605E-2,4.631630480E-1
1.331287733E1,2.885887623E-1,-4.057871923E-2,4.394009709E-1
1.332292433E1,2.715868950E-1,-6.781113893E-2,4.487558603E-1
1.333297033E1,2.685175240E-1,-7.781329006E-2,4.588180184E-1
1.334301633E1,2.792306244E-1,-6.918597966E-2,4.816072285E-1
1.335306233E1,3.032168150E-1,-7.303249836E-2,4.939174950E-1
1.336310833E1,2.932842970E-1,-7.187109441E-2,4.903089106E-1
1.337315433E1,2.908276320E-1,-8.123199642E-2,4.962016046E-1
1.338320133E1,3.122378588E-1,-6.795400381E-2,5.067849755E-1
1.339324733E1,3.155285418E-1,-4.542441666E-2,5.290244818E-1
1.340329333E1,2.769697011E-1,-5.199443549E-2,5.329362154E-1
1.341333933E1,2.505625784E-1,-1.267430782E-1,5.467847586E-1
1.342338533E1,2.715546787E-1,-4.788342491E-2,5.619146824E-1
1.343343133E1,2.653401494E-1,-5.584520102E-2,5.684079528E-1
1.344347833E1,2.475155890E-1,-9.014458954E-2,5.361352563E-1
1.345352433E1,2.640826404E-1,-7.688505948E-2,5.379003882E-1
1.346357033E1,2.733794749E-1,-7.382935286E-2,5.489056110E-1
1.347361633E1,2.651603818E-1,-8.696077764E-2,5.521823764E-1
1.348366288E1,2.677915692E-1,-6.952745467E-2,5.485714078E-1
1.349370888E1,2.772430778E-1,-6.182785332E-2,5.568852425E-1
1.350375588E1,2.718397975E-1,-8.249797672E-2,5.550923944E-1
1.351380188E1,2.611495256E-1,-8.872997016E-2,5.562493205E-1
1.352384788E1,2.692226171E-1,-9.411541373E-2,5.690649748E-1
1.353389388E1,2.790103555E-1,-9.259252250E-2,5.847927928E-1
1.354393988E1,2.628851831E-1,-9.649218619E-2,5.921832919E-1
1.355398587E1,2.576451004E-1,-7.060031593E-2,6.337403655E-1
1.356403187E1,2.286821753E-1,-3.884664550E-2,7.020419240E-1
1.357407888E1,1.689258963E-1,-9.551338851E-2,5.893321633E-1
1.358412488E1,1.755310744E-1,-1.161382347E-1,6.390480399E-1
1.359417088E1,2.279053479E-1,-1.223684326E-1,6.545979381E-1
1.360421688E1,2.293873876E-1,-8.669378608E-2,6.156356335E-1
1.361426288E1,2.138335109E-1,-1.309373975E-1,6.251302361E-1
1.362430888E1,2.422212064E-1,-1.273336112E-1,6.585646272E-1
1.363435588E1,2.502554357E-1,-1.107682064E-1,6.582687497E-1
1.364440188E1,2.468826771E-1,-1.296539754E-1,6.559863687E-1
1.365444787E1,2.459933609E-1,-1.194302291E-1,6.632919312E-1
1.366449387E1,2.479720861E-1,-1.200265139E-1,6.691969633E-1
1.367453988E1,2.402441651E-1,-1.345709860E-1,6.783109903E-1
1.368458588E1,2.400686592E-1,-1.222426742E-1,6.932364106E-1
1.369463288E1,2.191646248E-1,-1.223246306E-1,7.197682261E-1
1.370467888E1,2.032535672E-1,-1.027181745E-1,7.209040523E-1
1.371472488E1,1.911762208E-1,-1.418590844E-1,7.663867474E-1
1.372477088E1,1.611770540E-1,-1.669623107E-1,7.314921618E-1
1.373481688E1,1.903119087E-1,-1.758616418E-1,7.432520390E-1
1.374486288E1,2.142566442E-1,-1.709188074E-1,7.492108941E-1
1.375490887E1,2.158264369E-1,-1.797911823E-1,7.596601248E-1
1.376495587E1,2.056867182E-1,-1.928606480E-1,7.735336423E-1
1.377500188E1,2.260991931E-1,-1.506008655E-1,7.885083556E-1
1.378504788E1,2.326494902E-1,-1.740494519E-1,7.985953093E-1
1.379509388E1,2.184959948E-1,-2.187236696E-1,8.059096932E-1
1.380513988E1,1.958255619E-1,-1.566869318E-1,7.695900202E-1
1.381518588E1,1.850960553E-1,-2.293086499E-1,8.219531178E-1
1.382523288E1,2.022406906E-1,-2.388243824E-1,8.384526968E-1
1.383527888E1,1.581407338E-1,-1.292374879E-1,7.851644754E-1
1.384532488E1,1.367052197E-1,-2.945071161E-1,8.761950731E-1
1.385537087E1,1.813712716E-1,-2.528977096E-1,9.267213345E-1
1.386541687E1,1.601549238E-1,-1.779095083E-1,8.936829567E-1
1.387546288E1,1.535983086E-1,-2.391581833E-1,8.947196007E-1
1.388550888E1,1.618983150E-1,-1.945377141E-1,8.962453008E-1
1.389555588E1,8.269239962E-2,-2.071152031E-1,8.095735312E-1
1.390560188E1,1.229010746E-1,-2.519921064E-1,8.424606323E-1
1.391564788E1,1.657032222E-1,-2.200384140E-1,8.402709961E-1
1.392569388E1,1.123723611E-1,-2.666828930E-1,8.313544989E-1
1.393573988E1,1.200707927E-1,-2.340076417E-1,8.351187110E-1
1.394578588E1,1.680090278E-1,-2.350079268E-1,8.941453099E-1
1.395583287E1,1.133794039E-1,-1.570022702E-1,8.343485594E-1
1.396587887E1,5.732544884E-2,-3.620606065E-1,9.052181840E-1
1.397592488E1,1.531187743E-1,-2.495379746E-1,9.205228686E-1
1.398597088E1,5.331388861E-2,-2.473230213E-1,9.204126000E-1
1.399601688E1,-1.022125222E-2,-3.922260106E-1,9.028752446E-1
1.400606288E1,8.320456743E-2,-2.048337609E-1,8.625464439E-1
1.401610988E1,5.076023191E-2,-1.840148717E-1,8.697596788E-1
1.402615588E1,4.134089872E-2,-4.164089561E-1,8.894881010E-1
1.403620188E1,7.808309048E-2,-1.774652302E-1,8.601910472E-1
1.404624788E1,6.375448406E-2,-3.865795732E-1,9.118409157E-1
1.405629387E1,8.823748678E-2,-3.420793712E-1,8.810657859E-1
1.406633987E1,3.752904385E-2,-2.279400229E-1,8.950529695E-1
1.407638587E1,4.126923531E-2,-3.254284561E-1,8.999764919E-1
1.408643288E1,2.123134397E-2,-3.377895355E-1,9.199590087E-1
1.409647888E1,2.873612382E-2,-3.143101335E-1,9.054023027E-1
1.410652488E1,5.185689032E-2,-2.920495868E-1,9.146767259E-1
1.411657088E1,7.080271840E-3,-3.253225386E-1,9.102714658E-1
1.412661688E1,-1.030385494E-3,-3.130256534E-1,8.864015341E-1
1.413666288E1,3.320712224E-2,-2.946952879E-1,8.918275833E-1
1.414670888E1,4.351168871E-2,-3.016850054E-1,8.979392648E-1
1.415675587E1,1.726772077E-2,-3.108632863E-1,8.753114343E-1
1.416680187E1,-8.081579581E-3,-3.418979049E-1,8.498292565E-1
1.417684788E1,1.363421138E-2,-4.020793736E-1,8.784139156E-1
1.418689388E1,3.982160985E-2,-2.539865971E-1,8.600682020E-1
1.419693988E1,-4.507232830E-2,-2.930280864E-1,8.264974952E-1
1.420698588E1,-6.100202724E-2,-4.210387766E-1,8.412804604E-1
1.421703288E1,1.456252299E-2,-3.170269728E-1,8.496555686E-1
1.422707888E1,2.805199008E-3,-2.908654213E-1,8.286069632E-1
1.423712488E1,-5.622157454E-2,-4.146434367E-1,8.230695724E-1
1.424717088E1,-4.394546896E-2,-3.356093466E-1,8.053488731E-1
1.425721688E1,-2.508015372E-2,-3.313443661E-1,8.097614646E-1
1.426726287E1,-7.149355486E-3,-3.342528045E-1,7.874380350E-1
1.427730887E1,-4.237131029E-2,-3.370110691E-1,7.836471796E-1
1.428735588E1,-1.992352493E-2,-3.692712784E-1,7.631413937E-1
1.429740188E1,1.338846050E-2,-3.434087634E-1,7.527691722E-1
1.430744788E1,-2.337221801E-2,-3.340376318E-1,7.458090186E-1
1.431749388E1,-3.223362565E-2,-3.347834051E-1,7.715209126E-1
1.432753988E1,-4.450147972E-2,-3.173540831E-1,7.721339464E-1
1.433758588E1,-6.443540007E-2,-3.389779925E-1,7.017998099E-1
1.434763188E1,-9.926289320E-2,-9.281856567E-2,5.509924889E-1
1.435767888E1,-2.085657120E-1,-5.991087556E-1,6.678438187E-1
1.436772487E1,-4.213891551E-2,-6.629431248E-1,7.022305727E-1
1.437777087E1,-4.332495853E-3,-2.787676454E-1,7.028194666E-1
1.438781688E1,7.804328110E-3,-3.801669776E-1,7.032010555E-1
1.439786288E1,7.305820286E-2,-1.790885031E-1,7.071893811E-1
1.440790888E1,-7.133305818E-2,6.697586179E-2,5.616210103E-1
1.441795488E1,-1.236926988E-1,-2.786530256E-1,5.036596060E-1
1.442800188E1,4.788331315E-2,-4.038274586E-1,5.093550682E-1
1.443804788E1,6.186731160E-2,-2.888374031E-1,4.729689956E-1
1.444809388E1,-2.933716401E-2,-5.216280222E-1,4.951568544E-1
1.445813988E1,2.115491964E-2,-3.468388617E-1,5.015802979E-1
1.446818587E1,1.603898779E-2,-1.749421805E-1,5.583117604E-1
1.447823158E1,-4.416126758E-2,-8.573918790E-2,5.732671618E-1
1.448827858E1,-3.601213396E-1,-3.032006919E-1,1.425533295E-1
1.449832458E1,-1.803452075E-1,-7.136386633E-1,3.579177260E-1
1.450837058E1,1.847787052E-1,-3.565263748E-1,4.710123241E-1
1.451841658E1,-7.680230308E-3,-3.029489145E-2,3.163593411E-1
1.452846258E1,-5.927738175E-2,-3.323037624E-1,3.664613962E-1
1.453850858E1,2.059880085E-2,-1.736311167E-1,3.990681469E-1
1.454855458E1,-8.963352069E-3,9.104527533E-2,3.131228983E-1
1.455860158E1,-6.276032329E-2,-2.582903802E-1,2.759404778E-1
1.456864758E1,-2.122512832E-2,-1.525309235E-1,2.399792969E-1
1.457869358E1,-6.747628003E-2,-8.206374198E-2,1.889322698E-1
1.458873958E1,-9.717372060E-2,-3.075639606E-1,2.224635929E-1
1.459878558E1,-6.759087741E-2,-1.686730832E-1,2.298634648E-1
1.460883158E1,-2.046304755E-2,7.199518383E-2,1.923072934E-1
1.461887758E1,-2.419021726E-2,-1.185902357E-1,1.702959090E-1
1.462892458E1,-6.712649763E-2,-5.036217719E-2,1.207584515E-1
1.463897058E1,-5.170859769E-2,-4.810954630E-2,1.114827171E-1
1.464901658E1,-1.036941539E-2,-2.857881486E-1,1.786313802E-1
1.465906258E1,-1.365850680E-3,-1.038380787E-1,1.469630599E-1
1.466910858E1,-4.107038677E-2,-3.097185865E-2,1.087003574E-1
1.467915458E1,-4.794099182E-2,-1.194483787E-1,1.242806166E-1
1.468920058E1,-5.050934851E-2,1.704209298E-2,7.181128114E-2
1.469924758E1,-5.051521212E-2,1.289709285E-2,5.587931722E-2
1.470929358E1,-5.820615590E-2,-1.111415029E-1,5.686069280E-2
1.471933958E1,-4.952020198E-2,1.075495854E-1,1.905807294E-2
1.472938558E1,1.116577908E-2,3.825040534E-2,4.224541783E-2
1.473943158E1,-1.084906515E-2,-1.268710941E-1,7.985124737E-2
1.474947758E1,-1.267333049E-2,7.903838903E-2,-1.786000133E-1
1.475952358E1,-1.304031312E-1,5.430673808E-2,-1.449428946E-1
1.476957058E1,-1.576768309E-1,-2.965623438E-1,-1.414477676E-1
1.477961658E1,-5.803903565E-2,4.855197296E-2,2.001774311E-2
1.478966258E1,-4.849559441E-2,3.355917707E-2,1.457024366E-1
1.479970858E1,-2.012998797E-3,-6.181312725E-2,1.457723528E-1
1.480975458E1,9.861721098E-2,9.677704424E-2,1.388862282E-1
1.481980058E1,4.257478565E-2,2.109110728E-2,6.019177288E-2
1.482984658E1,-7.783551514E-2,-1.471431702E-1,-1.220794991E-1
1.483989358E1,-7.886296511E-2,-1.206766814E-1,-1.516805291E-1
1.484993958E1,1.224149251E-3,1.670584381E-1,3.110552952E-2
1.485998558E1,1.621802710E-2,-8.151020110E-2,-6.244675070E-2
1.487003158E1,-4.818040133E-2,1.916414350E-1,-5.984750390E-2
1.488007758E1,-8.332420886E-2,5.619325116E-2,-1.465204209E-1
1.489012358E1,-1.779156923E-1,-1.500765532E-1,-3.045707643E-1
1.490016958E1,-8.414050937E-2,-1.000449955E-1,-1.866177619E-1
1.491021658E1,-5.915526301E-2,-1.288550645E-1,1.473292895E-2
1.492026258E1,-6.256231666E-2,-9.802528471E-2,3.247907385E-2
1.493030858E1,-4.507274833E-3,1.812705398E-1,7.228374481E-2
1.494035458E1,-5.008703470E-2,1.428983659E-1,-7.753774524E-3
1.495040058E1,-1.076949388E-1,-1.319457144E-1,7.902949117E-3
1.496044658E1,-4.748090636E-3,-6.057156995E-2,-7.428319193E-3
1.497049258E1,-4.292237386E-2,-1.345467269E-1,-1.931347512E-2
1.498053958E1,-9.566341341E-2,-1.017782614E-1,-1.588071510E-2
1.499058558E1,-6.104870886E-2,5.523905158E-2,2.218038402E-2
1.500063158E1,-4.781176150E-2,-3.868883848E-2,4.400304705E-2
1.501067758E1,-4.970526695E-2,3.265535925E-3,-8.488390595E-3
1.502072358E1,-4.869418591E-2,-6.579395384E-2,-2.214093460E-3
1.503076958E1,-4.201231524E-2,-1.432029903E-1,6.500302348E-3
1.504081558E1,-4.660793394E-2,-5.228265002E-2,-1.687538996E-2
1.505086258E1,-5.320698395E-2,-6.740700454E-2,2.325312048E-2
1.506090858E1,-6.686441600E-2,-8.059277385E-2,1.040259190E-2
1.507095458E1,-5.663761124E-2,-3.992044553E-2,1.304285042E-2
1.508100058E1,-2.386641502E-2,-7.426901162E-2,2.077115141E-2
1.509104658E1,-6.039300188E-2,-4.301948845E-2,-2.796758199E-3
1.510109258E1,-4.816348851E-2,-6.678409129E-2,2.042910457E-2
1.511113858E1,-4.510271549E-2,-1.264636666E-1,4.268966988E-2
1.512118458E1,-3.128650412E-2,-4.619572684E-2,3.094140068E-2
1.513123158E1,-5.939643830E-2,-7.799892873E-2,1.772839390E-2
1.514127758E1,-4.926727712E-2,-6.954745948E-2,1.742013358E-2
1.515132358E1,-4.364427924E-2,-4.481175169E-2,-3.667574609E-3
1.516136958E1,-6.222151965E-2,-5.074680224E-2,8.722381666E-3
1.517141558E1,-6.399171799E-2,-7.891638577E-2,2.246242762E-2
1.518146158E1,-4.848358780E-2,-6.253138930E-2,3.736764938E-2
1.519150758E1,-5.153024197E-2,-1.016793251E-1,5.278122798E-2
1.520155458E1,-5.324217305E-2,-1.879937761E-2,2.203940600E-2
1.521160058E1,-8.286451548E-2,-3.871370107E-2,3.961786628E-2
1.522164658E1,-8.290187269E-2,-5.115553364E-2,3.142388910E-2
1.523169258E1,-8.460869640E-2,-4.673175886E-2,2.917405032E-2
1.524173858E1,-1.039039195E-1,-4.119652510E-2,8.637884632E-3
1.525178458E1,-9.984765947E-2,-1.004046760E-2,5.846625660E-3
1.526183058E1,-8.999609202E-2,-4.941716790E-2,2.332947962E-2
1.527187758E1,-8.101165295E-2,2.459878335E-3,1.809077524E-2
1.528192358E1,-7.724289596E-2,-4.272653256E-3,2.712428104E-3
1.529196958E1,-7.757126540E-2,-3.636800498E-2,1.447348017E-2
1.530201558E1,-6.519435346E-2,-3.981290758E-2,2.341279760E-2
1.531206158E1,-6.341642886E-2,-4.890520498E-2,3.703113645E-2
1.532210758E1,-6.773007661E-2,-8.698982187E-3,1.260357723E-2
1.533215358E1,-9.127987921E-2,-4.331288487E-2,5.241943151E-2
1.534219958E1,-7.038905472E-2,-3.081603162E-2,4.087772965E-2
1.535224658E1,-6.098116934E-2,-2.472218685E-2,3.735303879E-2
1.536229258E1,-7.631458342E-2,-3.433246911E-2,3.701588139E-2
1.537233858E1,-6.553065032E-2,-2.740722150E-3,3.826596960E-2
1.538238458E1,-7.185187936E-2,-4.798781127E-2,6.051736325E-2
1.539243058E1,-8.306085318E-2,-2.984381048E-3,4.067468643E-2
1.540247658E1,-8.630849421E-2,-1.267255004E-2,3.952286392E-2
1.541252258E1,-7.354369760E-2,-3.531235084E-2,4.571258277E-2
1.542256958E1,-9.531439841E-2,-5.510467570E-3,3.539953008E-2
1.543261558E1,-1.042064279E-1,-3.432240710E-2,2.486406453E-2
1.544266158E1,-9.952016920E-2,-1.955197752E-2,3.373888135E-2
1.545270758E1,-9.614594281E-2,-6.162726134E-2,4.821822047E-2
1.546275358E1,-6.381698698E-2,-1.686540991E-2,3.500895947E-2
1.547279958E1,-6.989564747E-2,6.565880962E-3,3.349947929E-2
1.548284546E1,-8.657168597E-2,-5.497817695E-2,2.993898839E-2
1.549289246E1,-8.890248090E-2,-4.194359854E-2,2.665477805E-2
1.550293846E1,-8.283832669E-2,-5.539888050E-3,3.542711213E-2
1.551298446E1,-8.016584814E-2,4.420866724E-3,2.494091913E-2
1.552303046E1,-8.204031736E-2,-2.295158245E-2,3.068373911E-2
1.553307646E1,-8.475514501E-2,-4.505022615E-2,2.561627515E-2
1.554312246E1,-5.616122484E-2,-6.053365394E-2,1.647351310E-2
1.555316846E1,-7.223793119E-2,-3.126657754E-2,1.558801066E-2
1.556321446E1,-7.015847415E-2,-7.645042986E-2,5.336953327E-2
1.557326146E1,-4.069139808E-2,-6.728116423E-2,3.396414220E-2
1.558330746E1,-2.575962059E-2,-3.694735840E-2,3.392754495E-2
1.559335346E1,-2.469861694E-2,-3.145591915E-2,4.255032912E-2
1.560339946E1,-2.136106975E-2,-4.280308262E-2,3.574498370E-2
1.561344546E1,-1.634447277E-2,-5.029615015E-2,4.323059693E-2
1.562349146E1,-9.115537629E-3,-1.403107028E-2,3.192642704E-2
1.563353746E1,-2.192107961E-2,-5.115021020E-2,3.223881498E-2
1.564358446E1,-3.909102827E-2,-7.349722087E-2,3.023608029E-2
1.565363046E1,-1.447090134E-2,-2.877342515E-2,3.444999829E-2
1.566367646E1,5.114343949E-4,-6.890755892E-2,6.525602192E-2
1.567372246E1,-2.815882862E-2,-4.162054509E-2,1.004443038E-2
1.568376846E1,-4.585402086E-2,-2.576290071E-2,2.263399400E-2
1.569381446E1,3.165701404E-2,-9.032724798E-2,4.700484499E-2
1.570386046E1,9.547222406E-3,-5.607593805E-2,1.684892178E-2
1.571390646E1,-4.744098522E-3,-1.140188649E-1,-1.383921597E-2
1.572395346E1,1.330550015E-2,-9.473596513E-2,2.227576915E-3
1.573399946E1,-2.507810667E-2,-1.958098495E-3,2.254474908E-3
1.574404546E1,-2.067133412E-2,-1.107339375E-2,-1.208320353E-2
1.575409146E1,3.789798357E-3,-4.987165332E-2,-3.207342327E-2
1.576413746E1,6.660660729E-3,-1.159569528E-2,-2.672214620E-2
1.577418346E1,3.051299602E-2,1.209316077E-3,-2.008954249E-2
1.578422946E1,4.076524451E-2,-8.544252254E-3,-1.856179908E-2
1.579427646E1,4.352800548E-2,-1.248255954E-3,5.355740339E-2
1.580432246E1,4.657335579E-2,-1.167509984E-2,-2.294289134E-2
1.581436846E1,1.959546935E-3,9.378786199E-3,-3.353854641E-2
1.582441446E1,3.293975815E-2,7.783834357E-3,9.180076886E-4
1.583446046E1,4.505820572E-2,3.525940329E-2,-5.839271843E-2
1.584450646E1,3.459561244E-2,-3.228426352E-2,4.740672186E-3
1.585455246E1,1.300506294E-3,9.101525880E-3,-3.809840605E-2
1.586459846E1,-1.216504723E-2,2.493641223E-4,-4.950122535E-2
1.587464546E1,-3.349776566E-2,-6.330564618E-2,-4.096993245E-3
1.588469146E1,-2.933153138E-2,3.675448522E-2,4.670893308E-3
1.589473746E1,4.686091095E-3,1.141983271E-2,-3.924192861E-3
1.590478346E1,4.348768666E-2,2.031500265E-2,1.526390202E-2
1.591482946E1,3.537170589E-2,2.294061333E-2,3.510125726E-2
1.592487546E1,5.236527324E-2,-4.723918438E-2,-6.199141499E-4
1.593492146E1,7.887038589E-2,-4.872682691E-2,1.739317551E-2
1.594496746E1,2.229020745E-2,-3.475306183E-2,-2.323224209E-2
1.595501446E1,3.034360707E-2,-8.944160491E-2,-1.439347770E-2
1.596506046E1,3.585077077E-2,-3.899696097E-2,-3.076801822E-2
1.597510646E1,-6.174976472E-3,-2.871848829E-2,2.741736826E-3
1.598515246E1,4.648845177E-3,4.387394525E-3,-2.756455913E-2
1.599519846E1,-5.093264394E-3,1.626322977E-2,-3.624779731E-2
1.600524446E1,-7.405572571E-3,-4.062248394E-2,6.389223970E-3
1.601529046E1,3.132051975E-2,7.364745717E-3,1.645836979E-2
1.602533746E1,2.256791294E-2,-1.695692190E-3,1.196177211E-2
1.603538346E1,1.687567122E-2,-4.389294609E-2,2.049294300E-2
1.604542946E1,5.007740110E-2,-2.840582281E-2,-2.111598291E-2
1.605547546E1,5.391608179E-2,-3.389726207E-2,-5.312251858E-3
1.606552146E1,4.825437814E-2,-7.920671254E-3,-2.195807174E-2
1.607556746E1,3.811758757E-2,-2.396062389E-2,-6.030238234E-3
1.608561346E1,-1.512095332E-4,2.113556722E-3,-3.634910099E-4
1.609565946E1,7.446256466E-3,-4.843110964E-2,-1.715898141E-2
1.610570646E1,1.848874800E-2,-3.840337321E-2,-3.290396929E-2
1.611575246E1,3.561313823E-2,-3.752185265E-3,-1.319364831E-2
1.612579846E1,1.613503508E-2,2.775863279E-3,-8.957929909E-3
1.613584446E1,1.092615724E-2,2.529102564E-2,-1.424856484E-2
1.614589046E1,1.165832300E-2,-1.875747927E-2,8.905414492E-3
1.615593646E1,-2.364818007E-3,-6.065918133E-3,-6.431996822E-3
1.616598246E1,4.815862980E-3,2.548162080E-2,-3.645780683E-2
1.617602846E1,-2.282259986E-3,6.283958908E-3,-7.932378352E-2
1.618607546E1,1.335045882E-2,-1.524946559E-2,-4.489015415E-2
1.619612146E1,2.303557470E-2,3.694689646E-2,-3.384842351E-2
1.620616746E1,9.840678424E-3,1.680700295E-2,3.219850361E-2
1.621621346E1,1.214116812E-2,1.917670667E-2,6.897027604E-3
1.622625946E1,1.226457208E-2,9.551594034E-3,-3.711234545E-3
1.623630546E1,1.136469096E-2,-1.033928990E-2,2.477793209E-2
1.624635146E1,1.528037526E-2,4.530039802E-2,-6.260565948E-3
1.625639746E1,1.414360013E-3,6.505066063E-3,1.757419296E-2
1.626644446E1,-7.853401825E-3,-8.176771924E-3,2.533010021E-2
1.627649046E1,-1.545140147E-2,4.056192469E-3,-1.739601837E-3
1.628653646E1,-8.323995396E-3,-6.103350781E-3,1.029383158E-3
1.629658246E1,-2.111542597E-2,5.625477061E-3,1.236033440E-2
1.630662846E1,-3.447699919E-2,1.396316197E-2,1.310613286E-2
1.631667446E1,5.196378566E-3,4.473625496E-2,1.777518541E-2
1.632672046E1,-3.206286952E-2,-7.519503590E-3,2.056836709E-2
1.633676746E1,-8.102141321E-3,1.711553521E-2,3.509058431E-2
1.634681346E1,4.365275428E-2,5.325402319E-2,3.474530578E-2
1.635685946E1,-2.755830809E-2,3.546703607E-2,9.835943580E-2
1.636690546E1,-3.812542558E-2,5.070124567E-2,4.566730931E-2
1.637695146E1,-6.946630776E-2,2.875493467E-2,4.376581311E-2
1.638699746E1,-8.800911158E-2,5.664637778E-3,4.618312418E-2
1.639704346E1,-7.195690274E-2,4.426608980E-2,-1.555103576E-3
1.640708946E1,-4.152436927E-2,-4.870851990E-4,1.782784052E-2
1.641713646E1,-1.902731694E-2,6.540831178E-2,3.401852772E-2
1.642718246E1,-4.567332193E-2,1.184231639E-1,2.417419106E-3
1.643722846E1,2.524399757E-2,-1.605688035E-2,-9.914082475E-3
1.644727446E1,2.487720177E-2,7.394332439E-2,2.497887937E-3
1.645732046E1,1.741342619E-2,6.441267580E-2,-7.971530780E-3
1.646736646E1,2.240003087E-2,-2.167796530E-2,2.053471655E-2
1.647741246E1,-7.214192301E-2,7.929845154E-2,-3.258815780E-2
1.648745821E1,-5.198281724E-3,1.876454242E-2,6.355457008E-3
1.649750521E1,3.624955937E-2,1.281206012E-1,2.787273377E-2
1.650755121E1,7.360856049E-3,1.289582551E-1,1.485101599E-2
1.651759721E1,4.025009647E-2,5.064825714E-2,-9.146462195E-3
1.652764321E1,5.836341158E-2,4.822071269E-2,5.410243757E-3
1.653768921E1,3.026383929E-3,6.313494593E-2,-1.116740052E-2
1.654773521E1,-2.287328988E-2,2.675328031E-2,2.717709541E-2
1.655778121E1,-3.199621290E-2,-2.548409067E-2,4.327377304E-2
1.656782721E1,-4.106522724E-2,-9.269231930E-3,2.166869119E-2
1.657787421E1,6.142231636E-3,-4.418284632E-3,2.544718422E-2
1.658792021E1,1.705855504E-2,1.176362578E-2,1.122371573E-2
1.659796621E1,-1.867760532E-2,3.223694116E-2,-1.631363668E-2
1.660801221E1,-2.153025568E-2,-4.140286893E-2,7.000454701E-3
1.661805821E1,-2.083863318E-2,-1.245564036E-2,-9.276519530E-3
1.662810421E1,2.153212437E-3,2.166366577E-2,4.265264422E-2
1.663815021E1,-9.356969967E-3,3.710307553E-2,3.237596015E-3
1.664819621E1,-1.707272045E-2,3.150631115E-2,-4.746939987E-3
1.665824321E1,-8.782032877E-3,5.546783656E-2,-2.338933386E-2
1.666828921E1,-2.306067385E-2,1.851723157E-2,-3.270803764E-2
1.667833521E1,5.163241178E-3,-7.707714103E-3,2.663438208E-2
1.668838121E1,-4.292575177E-3,4.565880075E-2,1.159830391E-2
1.669842721E1,-4.536254797E-3,-4.572676029E-3,1.135302708E-2
1.670847321E1,2.879405394E-3,-2.534274757E-2,2.355097234E-2
1.671851921E1,-1.073334180E-2,4.393152194E-4,-8.949181065E-3
1.672856521E1,-1.395126805E-2,-8.340495825E-2,3.014062345E-2
1.673861221E1,-2.021105029E-3,-3.221820295E-2,1.051738765E-2
1.674865821E1,-1.321305335E-2,1.079568453E-2,4.640663788E-2
1.675870421E1,2.094118856E-2,1.636542007E-2,5.922682956E-2
1.676875021E1,9.308471344E-4,3.636299446E-2,5.730183795E-2
1.677879621E1,-4.432770982E-2,1.126776077E-2,1.756108366E-2
1.678884221E1,-3.060236573E-2,5.076778308E-2,-7.036891766E-4
1.679888821E1,-3.077334166E-2,1.926258765E-2,4.428828508E-2
1.680893421E1,-4.023079574E-2,2.339937165E-2,1.485984214E-2
1.681898021E1,-2.384356596E-2,2.888575010E-2,1.734057628E-2
1.682902721E1,-1.601655781E-2,4.778695852E-2,-1.167197898E-2
1.683907321E1,1.002143510E-2,6.719415542E-3,1.628268883E-2
1.684911921E1,-1.468930393E-2,2.021936700E-2,2.323774621E-2
1.685916521E1,-5.480450019E-2,4.286102951E-2,3.947184235E-2
1.686921121E1,-4.151606187E-2,4.433553666E-2,2.429947257E-2
1.687925721E1,-3.551515937E-2,3.280245140E-2,2.195828781E-2
1.688930321E1,-6.666752696E-2,6.723003089E-2,1.108808164E-2
1.689934921E1,-8.593229949E-2,1.198495701E-1,1.595287770E-2
1.690939621E1,-6.980741024E-2,9.652228653E-2,1.214838214E-2
1.691944221E1,-6.405711174E-2,1.046502590E-1,4.829382524E-4
1.692948821E1,-4.674001783E-2,6.201630458E-2,-2.228343859E-2
1.693953421E1,-7.885347307E-2,6.963986903E-2,-5.558067188E-2
1.694958021E1,-3.695517033E-2,4.784381390E-2,-1.124571916E-2
1.695962621E1,-1.744432002E-2,6.493332237E-2,-2.017556503E-2
1.696967221E1,-7.337535173E-2,8.263716102E-2,1.280051377E-2
1.697971821E1,-5.345491320E-2,2.680931427E-2,-1.832464710E-2
1.698976521E1,-3.062424716E-3,2.707241103E-3,-8.778624237E-3
1.699981121E1,-5.742926151E-2,4.487520084E-2,-2.432376146E-2
1.700985721E1,-1.059219465E-1,1.939556375E-2,-3.167644516E-2
1.701990321E1,-8.764573932E-2,5.018463731E-2,-1.621785946E-2
1.702994921E1,-3.250717372E-2,4.293549061E-2,-2.320028655E-2
1.703999521E1,-2.330275439E-2,9.928398579E-2,-1.810459420E-2
1.705004121E1,-3.414501622E-2,3.348739445E-2,-5.892286450E-2
1.706008721E1,-9.373190999E-2,1.039136276E-1,-9.527075291E-2
1.707013321E1,1.547619421E-2,4.348255694E-2,-4.322195053E-2
1.708018021E1,2.369870245E-2,4.296457395E-2,-9.638691321E-3
1.709022621E1,-4.889920726E-2,3.193197846E-1,-4.159717634E-2
1.710027221E1,-1.448077895E-2,5.605537444E-3,-2.595989220E-2
1.711031821E1,3.326863423E-2,-1.246022657E-1,-5.102450028E-2
1.712036421E1,-4.876365140E-2,6.715971231E-2,-8.269800246E-2
1.713041021E1,-8.886846155E-2,-3.607160226E-2,-1.152309179E-1
1.714045621E1,3.102526441E-2,-6.480786949E-2,2.418432757E-2
1.715050221E1,6.543873250E-2,-5.678198766E-3,1.866256818E-2
1.716054921E1,-5.128376652E-3,2.481233142E-2,1.226053340E-3
1.717059521E1,1.142527349E-2,1.153726224E-2,-3.444693238E-2
1.718064121E1,-4.290480912E-2,1.195532084E-1,-8.768165112E-2
1.719068721E1,-1.583967656E-1,2.537775785E-2,-1.566017866E-1
1.720073321E1,-4.474449903E-2,-3.657089081E-3,-9.847590327E-2
1.721077921E1,8.053339273E-2,-9.115219116E-3,9.613152361E-4
1.722082521E1,3.535739332E-2,-2.884711139E-2,4.731286317E-3
1.723087121E1,4.357102141E-2,-9.942285717E-3,1.787079312E-2
1.724091721E1,1.064434648E-1,1.689412259E-2,2.227619290E-2
1.725096421E1,1.820266545E-1,-5.999398977E-2,9.659750015E-2
1.726101021E1,1.676583886E-1,-2.745735273E-2,5.982910469E-2
1.727105621E1,1.277331114E-1,-1.199661475E-2,-5.326800421E-2
1.728110221E1,7.226585597E-2,4.661723971E-3,-1.288607717E-1
1.729114821E1,1.154087782E-1,-1.438489258E-1,-1.582790613E-1
1.730119421E1,2.352013253E-2,-2.061996460E-1,-1.921651214E-1
1.731124021E1,1.597797312E-2,-2.612436712E-1,-2.277759761E-1
1.732128621E1,-1.283038873E-3,-1.962129921E-1,-2.430832982E-1
1.733133321E1,-1.931213215E-2,-1.706149727E-1,-2.176833302E-1
1.734137921E1,-1.959629171E-2,-1.442078650E-1,-1.569422185E-1
1.735142521E1,-8.678903803E-3,-9.177313000E-2,-3.759750724E-2
1.736147121E1,7.672654092E-2,-6.266185641E-2,1.265713945E-2
1.737151721E1,9.235655516E-2,-1.248740219E-2,8.617973328E-2
1.738156321E1,9.130487591E-2,-2.893256606E-4,1.118978783E-1
1.739160921E1,1.631043851E-2,4.423880577E-2,4.755177721E-2
1.740165521E1,-3.687928244E-2,4.274397343E-2,-6.980432663E-4
1.741170121E1,-4.556592926E-2,-4.691238701E-2,9.393092245E-3
1.742174821E1,-2.659410238E-2,-6.070756167E-2,4.794923589E-4
1.743179421E1,-4.064885899E-2,-4.266588949E-3,-3.551822528E-2
1.744184021E1,-5.202961341E-2,4.454728961E-2,-4.288932309E-2
1.745188621E1,-3.499089554E-2,3.153534979E-2,-7.131899707E-3
1.746193221E1,-5.301836506E-2,2.870682627E-3,2.453616355E-3
1.747197821E1,-3.725970536E-2,-4.869100521E-4,-3.085246310E-2
1.748202421E1,5.507996306E-3,4.806810990E-2,-2.797305398E-2
1.749207021E1,1.792453974E-2,7.730874419E-2,-4.697190970E-2
1.750211721E1,-4.321284965E-2,5.473072827E-2,-6.441375613E-2
1.751216321E1,3.418307751E-2,-1.988083683E-2,-2.927406505E-2
1.752220921E1,8.444411308E-2,-2.451580204E-2,-3.338465467E-2
1.753225521E1,5.085612461E-2,-5.526634678E-2,-1.188529655E-2
1.754230121E1,1.674895287E-1,-1.998185925E-2,1.561370585E-2
1.755234721E1,1.384596527E-1,4.743066058E-2,-2.752914466E-2
1.756239321E1,-1.038549282E-2,-2.046066374E-1,-1.073302468E-3
1.757243921E1,4.870044068E-2,-2.342923731E-1,4.525784403E-3
1.758248521E1,4.509505257E-2,-1.191256940E-2,-8.550903946E-2
1.759253221E1,-9.778381884E-2,-2.331421897E-2,-7.302814163E-3
1.760257821E1,1.355735026E-2,-7.005855441E-2,1.051533036E-2
1.761262421E1,-4.206262995E-3,-3.576467186E-2,-1.548605114E-1
1.762267021E1,-1.752856076E-1,1.264866535E-2,-7.182047516E-2
1.763271621E1,-6.660048850E-3,-1.968659163E-1,1.401965916E-1
1.764276221E1,8.662915230E-2,-4.031599313E-2,1.842631251E-1
1.765280821E1,2.782834321E-2,-2.270020097E-1,1.930653006E-1
1.766285421E1,-1.851150841E-1,-3.128753901E-1,1.786024719E-1
1.767290021E1,-2.536876872E-2,-4.075050354E-1,2.011433989E-1
1.768294721E1,-7.160497457E-2,-3.620784283E-1,3.162329793E-1
1.769299321E1,-1.446808130E-1,-1.895303726E-1,4.162275195E-1
1.770303921E1,-8.684733510E-2,-1.984106898E-1,6.610913277E-1
1.771308521E1,-3.207815886E-1,-7.674083859E-2,5.581735969E-1
1.772313121E1,-4.931674600E-1,-1.077325791E-1,3.015008271E-1
1.773317721E1,-6.407132745E-1,3.184629604E-2,1.511864066E-1
1.774322321E1,-8.282921910E-1,-1.288864017E-1,-6.526973099E-2
1.775326921E1,-8.750932217E-1,-5.324456692E-1,-1.548201442E-1
1.776331521E1,-8.345007896E-1,-3.154102862E-1,-2.254514396E-1
1.777336221E1,-8.625929356E-1,-7.971046567E-1,7.751485705E-2
1.778340821E1,-6.958510876E-1,-7.327384353E-1,2.328631580E-1
1.779345421E1,-6.380748749E-1,-5.596203208E-1,2.468928844E-1
1.780350021E1,-6.334534883E-1,-4.164429009E-1,3.739664257E-1
1.781354621E1,-6.447630525E-1,-3.324515522E-1,4.052424133E-1
1.782359221E1,-7.778060436E-1,-2.820890546E-1,2.749398053E-1
1.783363821E1,-8.002640605E-1,-8.567416072E-1,1.066314578E-1
1.784368421E1,-8.330577016E-1,-8.738167286E-1,-1.694989204E-1
1.785373121E1,-7.084990144E-1,-1.124850869E0,-1.716588140E-1
1.786377721E1,-6.142106056E-1,-1.065738440E0,-4.930999503E-2
1.787382321E1,-6.669451594E-1,-1.016452909E0,-1.589121521E-1
1.788386921E1,-4.584952593E-1,-1.171976686E0,-7.179057598E-2
1.789391521E1,-2.331658155E-1,-1.257547975E0,1.413969696E-1
1.790396121E1,-4.060193300E-1,-1.174710989E0,1.673444062E-1
1.791400721E1,-5.148201585E-1,-1.405848384E0,1.667484939E-1
1.792405321E1,-6.480884552E-1,-1.097236991E0,5.639508739E-2
1.793409921E1,-8.366612196E-1,-1.140715122E0,5.937857181E-2
1.794414621E1,-9.016684294E-1,-1.059618115E0,9.213518351E-2
1.795419221E1,-9.678498507E-1,-9.850489497E-1,1.585786939E-1
1.796423821E1,-1.157577157E0,-9.072934389E-1,4.033221304E-2
1.797428421E1,-9.513369203E-1,-9.851621389E-1,1.536339968E-1
1.798433021E1,-1.110480189E0,-9.003311396E-1,-2.353038825E-2
1.799437621E1,-1.160943031E0,-9.510731697E-1,-1.697026342E-1
1.800442221E1,-1.253104687E0,-1.040234685E0,-3.369893432E-1
1.801446821E1,-1.127580643E0,-1.146365047E0,-2.199035436E-1
1.802451421E1,-1.234454870E0,-1.312920928E0,-3.183012009E-1
1.803456121E1,-1.350274444E0,-1.083363533E0,-4.788244367E-1
1.804460721E1,-1.351606011E0,-1.231286526E0,-3.762887418E-1
1.805465321E1,-1.288473248E0,-1.105846882E0,-3.289681971E-1
1.806469921E1,-1.272841811E0,-1.351099014E0,-2.792568207E-1
1.807474521E1,-1.294291258E0,-1.122908711E0,-4.032859206E-1
1.808479121E1,-1.266484380E0,-9.917642474E-1,-3.210706711E-1
1.809483721E1,-1.340446591E0,-9.314331412E-1,-2.878461480E-1
1.810488321E1,-1.247250795E0,-9.940320849E-1,-3.468008041E-1
1.811492921E1,-1.324634552E0,-1.002034903E0,-4.902181625E-1
1.812497621E1,-1.170252204E0,-1.218305111E0,-2.611921728E-1
1.813502221E1,-1.367938161E0,-9.910665154E-1,-3.284516633E-1
1.814506821E1,-1.367963195E0,-1.092706323E0,-3.294844329E-1
1.815511421E1,-1.270063639E0,-1.169169664E0,-3.354695141E-1
1.816516021E1,-1.154010057E0,-1.105663180E0,-3.242115378E-1
1.817520621E1,-1.165169120E0,-1.271816850E0,-2.897510529E-1
1.818525221E1,-1.051491857E0,-9.909675121E-1,-3.533097804E-1
1.819529821E1,-1.228995562E0,-1.028826118E0,-4.803377390E-1
1.820534421E1,-1.269886017E0,-9.866065979E-1,-4.584785104E-1
1.821539121E1,-1.277564049E0,-9.229356647E-1,-4.672093987E-1
1.822543721E1,-1.273862720E0,-1.173393250E0,-2.994912565E-1
1.823548321E1,-1.494072676E0,-1.054738402E0,-2.616480887E-1
1.824552921E1,-1.574052215E0,-9.635161757E-1,-3.707892001E-1
1.825557521E1,-1.622982144E0,-9.281029105E-1,-4.042356908E-1
1.826562121E1,-1.631445646E0,-1.053113580E0,-3.769468069E-1
1.827566721E1,-1.558222413E0,-1.039479733E0,-2.792060077E-1
1.828571321E1,-1.577506900E0,-1.027926683E0,-2.945772409E-1
1.829575921E1,-1.583159566E0,-1.019445062E0,-3.264022171E-1
1.830580621E1,-1.618938804E0,-9.845208526E-1,-4.552720487E-1
1.831585221E1,-1.705752969E0,-9.238462448E-1,-5.066107512E-1
1.832589821E1,-1.646860123E0,-1.035329819E0,-5.223838091E-1
1.833594421E1,-1.559833646E0,-1.136705279E0,-3.773295581E-1
1.834599021E1,-1.626671791E0,-1.057231426E0,-3.895132542E-1
1.835603621E1,-1.671715498E0,-8.745456934E-1,-4.176708758E-1
1.836608221E1,-1.687032342E0,-9.409255385E-1,-3.831858635E-1
1.837612821E1,-1.737061977E0,-7.357454896E-1,-3.985396624E-1
1.838617421E1,-1.808923841E0,-7.301523089E-1,-4.312704504E-1
1.839622121E1,-1.720519185E0,-9.871689677E-1,-3.829186261E-1
1.840626721E1,-1.612506390E0,-8.011109233E-1,-3.224960268E-1
1.841631321E1,-1.678891659E0,-8.325402737E-1,-4.223543406E-1
1.842635921E1,-1.665496945E0,-8.872248530E-1,-4.215745628E-1
1.843640521E1,-1.624770641E0,-8.264538646E-1,-3.302489221E-1
1.844645121E1,-1.654334903E0,-8.787863255E-1,-3.094397783E-1
1.845649721E1,-1.671601176E0,-8.426530957E-1,-3.314486742E-1
1.846654321E1,-1.675832152E0,-7.739413977E-1,-3.273636401E-1
1.847658921E1,-1.718334913E0,-7.610478401E-1,-3.353301883E-1
1.848663488E1,-1.771810174E0,-7.667419314E-1,-4.327448905E-1
1.849668188E1,-1.776606798E0,-7.773860097E-1,-4.302635491E-1
1.850672788E1,-1.792755127E0,-3.894238770E-1,-3.833777905E-1
1.851677387E1,-2.041939497E0,-9.716237187E-1,-4.004097283E-1
1.852681987E1,-1.773393393E0,-9.458605647E-1,-3.260441422E-1
1.853686588E1,-1.747998476E0,-5.591887832E-1,-4.065744877E-1
1.854691188E1,-1.824332118E0,-1.069538593E0,-4.907713830E-1
1.855695788E1,-1.743741155E0,-9.861366749E-1,-4.739136398E-1
1.856700388E1,-1.718990326E0,-9.350205064E-1,-4.099690318E-1
1.857704988E1,-1.768613458E0,-1.025590658E0,-5.228393674E-1
1.858709688E1,-1.631029844E0,-9.281319976E-1,-2.423494011E-1
1.859714288E1,-1.588179231E0,-4.780419469E-1,-1.287070941E-2
1.860718888E1,-1.535028696E0,-6.643329859E-1,2.256635576E-1
1.861723487E1,-1.680077672E0,-4.461584091E-1,4.752115905E-1
1.862728087E1,-1.851012707E0,-4.148332477E-1,-1.172679737E-1
1.863732688E1,-1.651962280E0,-7.951515317E-1,1.462289393E-1
1.864737288E1,-1.784315825E0,-4.430634975E-1,-3.508093357E-1
1.865741888E1,-1.879012227E0,-5.202789903E-1,-4.368136823E-1
1.866746488E1,-1.669653893E0,-5.242939591E-1,-3.073518276E-1
1.867751088E1,-1.612146378E0,-3.250405192E-1,-1.464771926E-1
1.868755788E1,-1.664625049E0,-3.816673160E-1,-1.744094938E-1
1.869760388E1,-1.690154195E0,-3.845399618E-1,-1.674444526E-1
1.870764988E1,-1.700514674E0,-3.125661910E-1,-9.199950099E-2
1.871769588E1,-1.686416864E0,-4.547259808E-1,-1.837461442E-1
1.872774187E1,-1.793186545E0,-3.755536675E-1,-3.493806720E-1
1.873778787E1,-1.791820407E0,-4.222454727E-1,-3.226824701E-1
1.874783388E1,-1.679648399E0,-4.487047791E-1,-2.756928504E-1
1.875787988E1,-1.583524108E0,-3.519157171E-1,-1.402095854E-1
1.876792588E1,-1.671095252E0,-2.916710079E-1,-1.987360120E-1
1.877797288E1,-1.622036815E0,-3.512179852E-1,-1.342973709E-1
1.878801888E1,-1.598451376E0,-3.378491402E-1,-1.663654745E-1
1.879806488E1,-1.550447822E0,-3.865909576E-1,-1.042330191E-1
1.880811088E1,-1.502267003E0,-3.950217366E-1,-1.262874603E-1
1.881815688E1,-1.452675939E0,-3.741476238E-1,-9.719199687E-2
1.882820287E1,-1.457957506E0,-4.017619193E-1,-1.450633854E-1
1.883824887E1,-1.429716825E0,-4.101429880E-1,-1.561192572E-1
1.884829488E1,-1.396111488E0,-4.678651392E-1,-1.509548575E-1
1.885834088E1,-1.364728808E0,-4.882774949E-1,-1.228196993E-1
1.886838688E1,-1.389109731E0,-4.741078913E-1,-9.904805571E-2
1.887843388E1,-1.362612844E0,-4.818895757E-1,-1.255268306E-1
1.888847988E1,-1.283137918E0,-4.649217725E-1,-5.690889060E-2
1.889852588E1,-1.290933967E0,-3.998638093E-1,-9.454143047E-2
1.890857188E1,-1.275502086E0,-3.599472940E-1,-6.563813984E-2
1.891861788E1,-1.341926694E0,-2.839204669E-1,-6.077518314E-2
1.892866388E1,-1.360473275E0,-3.673751652E-1,-6.180822104E-2
1.893870987E1,-1.294175625E0,-4.026401937E-1,-4.965586960E-2
1.894875587E1,-1.301392317E0,-4.306118786E-1,-6.801889837E-2
1.895880188E1,-1.328282237E0,-4.296763241E-1,-1.229713634E-1
1.896884888E1,-1.290159941E0,-4.831118584E-1,-1.058102176E-1
1.897889488E1,-1.240824819E0,-4.875968397E-1,-3.983089700E-2
1.898894088E1,-1.195684195E0,-4.200830460E-1,3.902849555E-2
1.899898688E1,-1.248227119E0,-3.866991401E-1,5.875991657E-2
1.900903288E1,-1.192995548E0,-3.563044965E-1,9.521059692E-2
1.901907888E1,-1.183245063E0,-3.316568732E-1,1.230767742E-1
1.902912488E1,-1.193380594E0,-3.938408792E-1,1.073311046E-1
1.903917087E1,-1.210731745E0,-4.885089397E-1,3.813099116E-2
1.904921687E1,-1.186664462E0,-4.455129802E-1,-7.139230520E-2
1.905926288E1,-1.268848181E0,-4.345739186E-1,6.414491683E-2
1.906930988E1,-1.290228128E0,-2.543972135E-1,2.228322066E-2
1.907935588E1,-1.293043137E0,-3.195024431E-1,-1.893044710E-1
1.908940188E1,-1.197493911E0,-3.729611337E-1,-1.673938334E-1
1.909944788E1,-1.134673357E0,-1.781116128E-1,-1.504960358E-1
1.910949388E1,-1.146075964E0,-4.611313343E-1,-1.758964658E-1
1.911953988E1,-9.940773845E-1,-5.672934651E-1,-1.564159691E-1
1.912958588E1,-9.146374464E-1,-4.492959678E-1,-1.714005172E-1
1.913963188E1,-9.053280950E-1,-4.523758888E-1,-2.053311765E-1
1.914967787E1,-8.448887467E-1,-5.497197509E-1,-2.207753807E-1
1.915972488E1,-7.800420523E-1,-5.435749292E-1,-2.147128433E-1
1.916977088E1,-7.967289090E-1,-6.017239690E-1,-1.908256263E-1
1.917981688E1,-7.576943636E-1,-6.743168831E-1,-2.076398134E-1
1.918986288E1,-7.501091361E-1,-6.658397913E-1,-2.115045935E-1
1.919990888E1,-7.264938951E-1,-6.395930648E-1,-2.177993804E-1
1.920995488E1,-7.332977653E-1,-7.210032344E-1,-2.346510738E-1
1.922000088E1,-7.729167938E-1,-7.679681778E-1,-2.221200615E-1
1.923004688E1,-7.091854811E-1,-7.975252867E-1,-1.839710772E-1
1.924009288E1,-6.606715322E-1,-8.006089926E-1,-2.313283533E-1
1.925013887E1,-7.139531374E-1,-8.132874966E-1,-2.245045453E-1
1.926018487E1,-6.947347522E-1,-8.689703941E-1,-1.810133904E-1
1.927023188E1,-6.311839819E-1,-8.784821630E-1,-1.805939525E-1
1.928027788E1,-5.760568380E-1,-8.849577904E-1,-1.187412217E-1
1.929032388E1,-6.433131099E-1,-8.751029968E-1,-8.793297410E-2
1.930036988E1,-6.425077319E-1,-8.814194202E-1,-7.226994634E-2
1.931041588E1,-8.118104935E-1,-7.594780326E-1,-1.881715059E-1
1.932046188E1,-9.409371614E-1,-7.847186923E-1,-3.784547448E-1
1.933050788E1,-8.658147454E-1,-7.341095805E-1,-3.609125018E-1
1.934055388E1,-8.709805608E-1,-7.315220833E-1,-3.984107077E-1
1.935059988E1,-8.243145347E-1,-7.489977479E-1,-4.335777462E-1
1.936064587E1,-8.271736503E-1,-7.616666555E-1,-4.647983015E-1
1.937069288E1,-8.269427419E-1,-7.912671566E-1,-4.307846725E-1
1.938073888E1,-8.282625675E-1,-7.889862061E-1,-3.987530470E-1
1.939078488E1,-8.323686123E-1,-8.745671511E-1,-3.856931925E-1
1.940083088E1,-7.540254593E-1,-8.935261965E-1,-3.370286524E-1
1.941087688E1,-7.444815040E-1,-7.960593104E-1,-2.884826958E-1
1.942092288E1,-7.553428411E-1,-8.797395229E-1,-2.957574129E-1
1.943096888E1,-7.205103040E-1,-9.013776779E-1,-3.698534667E-1
1.944101488E1,-6.948730946E-1,-9.517516494E-1,-3.546516299E-1
1.945106088E1,-6.759167314E-1,-1.000036597E0,-3.383094072E-1
1.946110787E1,-5.825803876E-1,-1.109653115E0,-3.295424879E-1
1.947115387E1,-5.831795931E-1,-1.072207451E0,-3.319371939E-1
1.948119988E1,-5.254755616E-1,-1.106156111E0,-3.655004799E-1
1.949124625E1,-5.654027462E-1,-1.232479930E0,-3.749999702E-1
1.950129225E1,-5.717641711E-1,-1.177901626E0,-3.390756845E-1
1.951133825E1,-5.527071357E-1,-1.233393312E0,-3.804367185E-1
1.952138425E1,-5.912219286E-1,-1.246238708E0,-3.621319234E-1
1.953143025E1,-6.028804779E-1,-1.250536799E0,-3.652153313E-1
1.954147625E1,-6.244419813E-1,-1.246097803E0,-3.831199110E-1
1.955152225E1,-6.233892441E-1,-1.228724122E0,-3.911307156E-1
1.956156925E1,-6.322910190E-1,-1.208417535E0,-3.988001347E-1
1.957161525E1,-6.583570242E-1,-1.184869647E0,-3.930024505E-1
1.958166125E1,-6.839984059E-1,-1.210186958E0,-5.265438557E-1
1.959170725E1,-6.385225654E-1,-1.229570508E0,-4.714201987E-1
1.960175325E1,-6.183384657E-1,-1.203949809E0,-4.283325672E-1
1.961179925E1,-6.261242628E-1,-1.184192896E0,-3.951461017E-1
1.962184525E1,-6.894389987E-1,-1.165246725E0,-3.740429580E-1
1.963189125E1,-5.042462349E-1,-1.217536330E0,-3.144952059E-1
1.964193725E1,-6.762213707E-1,-1.154118776E0,-3.225358427E-1
1.965198325E1,-6.450685263E-1,-1.095338225E0,-6.855571866E-1
1.966202925E1,-6.905416846E-1,-1.018379688E0,-4.772754014E-1
1.967207625E1,-7.649847269E-1,-1.062999129E0,-4.187886417E-1
1.968212225E1,-8.208952546E-1,-1.032576442E0,-3.649041951E-1
1.969216825E1,-9.435955882E-1,-1.046274662E0,-5.312302709E-1
1.970221425E1,-8.442121148E-1,-1.080855608E0,-3.789710999E-1
1.971226025E1,-8.772733808E-1,-9.990925193E-1,-4.008218050E-1
1.972230625E1,-8.541790843E-1,-1.160297871E0,-4.287297428E-1
1.973235225E1,-8.143826723E-1,-1.221851707E0,-3.748651743E-1
1.974239825E1,-8.412119150E-1,-1.203945279E0,-3.805339932E-1
1.975244425E1,-7.754818797E-1,-1.295605183E0,-3.756303191E-1
1.976249025E1,-8.300275207E-1,-1.245141864E0,-2.798779905E-1
1.977253725E1,-8.628115654E-1,-1.252861023E0,-2.662846744E-1
1.978258325E1,-8.702083826E-1,-1.241088748E0,-2.465277016E-1
1.979262925E1,-8.319795132E-1,-1.222485542E0,-2.616640329E-1
1.980267525E1,-8.681544065E-1,-1.147335291E0,-1.714112461E-1
1.981272125E1,-9.457604885E-1,-1.103534579E0,-1.843249202E-1
1.982276725E1,-9.436211586E-1,-1.029653668E0,-1.476835310E-1
1.983281325E1,-1.062221289E0,-9.853271842E-1,-1.594094187E-1
1.984285925E1,-1.076934457E0,-1.076143146E0,-2.276544273E-1
1.985290525E1,-1.155159473E0,-1.068022847E0,-1.795492172E-1
1.986295125E1,-1.029557824E0,-1.102661490E0,-1.884226948E-1
1.987299825E1,-1.003565431E0,-9.975769520E-1,-1.936331689E-1
1.988304425E1,-9.044896364E-1,-1.161557913E0,-1.818648279E-1
1.989309025E1,-8.654844165E-1,-1.185237885E0,-1.722833067E-1
1.990313625E1,-1.003490448E0,-1.194414496E0,-2.943914235E-1
1.991318225E1,-9.011247158E-1,-1.211661935E0,-1.468309909E-1
1.992322825E1,-8.682680130E-1,-1.183016419E0,-2.005689442E-1
1.993327425E1,-8.951699734E-1,-1.216534734E0,-1.477147788E-1
1.994332025E1,-8.767785430E-1,-1.270889401E0,-1.147050336E-1
1.995336625E1,-9.167389870E-1,-1.127196193E0,-1.282496005E-1
1.996341225E1,-9.979476333E-1,-1.117035151E0,-4.297333770E-3
1.997345925E1,-1.079457521E0,-1.053071380E0,6.262632087E-3
1.998350525E1,-1.096913338E0,-1.036525846E0,5.802615359E-2
1.999355125E1,-1.156184316E0,-9.897093773E-1,6.026453897E-2
2.000359725E1,-1.086738706E0,-9.703698158E-1,6.629271805E-2
2.001364325E1,-1.132006884E0,-9.647274017E-1,1.177729517E-1
2.002368925E1,-1.200225353E0,-9.913117290E-1,6.031053141E-2
2.003373525E1,-1.267228603E0,-9.798356295E-1,6.757403910E-2
2.004378125E1,-1.286412120E0,-9.332373142E-1,8.363404870E-2
2.005382725E1,-1.302542329E0,-9.604933858E-1,1.367736906E-1
2.006387325E1,-1.379673004E0,-9.313300252E-1,-2.364964923E-3
2.007392025E1,-1.291409731E0,-9.944559932E-1,1.361170113E-1
2.008396625E1,-1.368262410E0,-9.674850106E-1,8.785458654E-2
2.009401225E1,-1.308327079E0,-9.921900630E-1,4.927097633E-2
2.010405825E1,-1.352474809E0,-9.896402359E-1,2.202314287E-1
2.011410425E1,-1.476104140E0,-8.905437589E-1,1.318286061E-1
2.012415025E1,-1.483518839E0,-1.015939355E0,2.191267461E-1
2.013419625E1,-1.553639054E0,-9.904443622E-1,1.326271445E-1
2.014424225E1,-1.498063684E0,-9.605755806E-1,1.320697218E-1
2.015428825E1,-1.567535520E0,-1.031030774E0,1.994724572E-1
2.016433425E1,-1.466840625E0,-1.017124534E0,2.608249485E-1
2.017438025E1,-1.559138060E0,-1.027955294E0,1.794491261E-1
2.018442725E1,-1.593396783E0,-1.157191873E0,1.773753017E-1
2.019447325E1,-1.504010201E0,-1.055984378E0,1.841064394E-1
2.020451925E1,-1.480953813E0,-1.023206711E0,6.829769909E-2
2.021456525E1,-1.528071761E0,-1.095950365E0,1.488865465E-1
2.022461125E1,-1.506842852E0,-1.025182247E0,1.082807407E-1
2.023465725E1,-1.580758929E0,-1.048255324E0,2.775047906E-2
2.024470325E1,-1.649033666E0,-1.140518069E0,1.256632656E-1
2.025474925E1,-1.600948691E0,-1.054901719E0,1.935509741E-1
2.026479525E1,-1.552500129E0,-1.078326225E0,1.978884190E-1
2.027484125E1,-1.543753743E0,-1.064592361E0,3.117095232E-1
2.028488825E1,-1.550418496E0,-9.392951727E-1,3.764930069E-1
2.029493425E1,-1.503706098E0,-9.719798565E-1,3.868013024E-1
2.030498025E1,-1.443828344E0,-9.486881495E-1,4.305238426E-1
2.031502625E1,-1.472966790E0,-9.300364256E-1,4.363934398E-1
2.032507225E1,-1.426065683E0,-9.232865572E-1,4.562792480E-1
2.033511825E1,-1.474025726E0,-9.274493456E-1,4.071772397E-1
2.034516425E1,-1.574996352E0,-9.714521170E-1,3.380007744E-1
2.035521025E1,-1.560691237E0,-9.980826974E-1,3.318315446E-1
2.036525625E1,-1.551172018E0,-1.010833740E0,3.690752685E-1
2.037530225E1,-1.630295634E0,-9.345533848E-1,3.571437895E-1
2.038534825E1,-1.649961352E0,-9.465541244E-1,4.121865332E-1
2.039539525E1,-1.613217473E0,-9.405686855E-1,5.010695457E-1
2.040544125E1,-1.603523493E0,-8.948668242E-1,5.078221560E-1
2.041548725E1,-1.688975811E0,-8.541612029E-1,5.097577572E-1
2.042553325E1,-1.653546929E0,-8.676888347E-1,5.651630163E-1
2.043557925E1,-1.762163997E0,-7.739762068E-1,4.908062220E-1
2.044562525E1,-1.826943398E0,-8.960380554E-1,4.921534359E-1
2.045567125E1,-1.795207620E0,-8.967400789E-1,5.684130788E-1
2.046571725E1,-1.826020718E0,-8.002314568E-1,4.899934530E-1
2.047576325E1,-1.893094182E0,-8.539295793E-1,4.965434670E-1
2.048580933E1,-1.831994891E0,-8.412586451E-1,5.948054194E-1
2.049585533E1,-1.863199115E0,-8.056929708E-1,5.161204934E-1
2.050590233E1,-1.844460368E0,-8.720391989E-1,5.617175698E-1
2.051594833E1,-1.813558340E0,-8.737401962E-1,5.614739060E-1
2.052599433E1,-1.847115755E0,-8.696944714E-1,3.817561269E-1
2.053604033E1,-1.872459412E0,-8.410436511E-1,3.449712396E-1
2.054608633E1,-1.830914021E0,-9.668479562E-1,4.918437004E-1
2.055613233E1,-1.796268940E0,-9.281088114E-1,5.303354859E-1
2.056617833E1,-1.786950946E0,-9.583914280E-1,4.958878160E-1
2.057622433E1,-1.808412075E0,-9.605262280E-1,5.655621886E-1
2.058627033E1,-1.829947352E0,-9.256191850E-1,4.954268038E-1
2.059631633E1,-1.825774789E0,-8.881716728E-1,5.139618516E-1
2.060636233E1,-1.842008471E0,-8.570370078E-1,4.611380100E-1
2.061640933E1,-1.887672305E0,-8.472014070E-1,4.239885211E-1
2.062645533E1,-1.782254577E0,-8.976238370E-1,5.040027499E-1
2.063650133E1,-1.706974983E0,-8.313257694E-1,5.309206247E-1
2.064654733E1,-1.726698875E0,-8.048734069E-1,5.746304989E-1
2.065659333E1,-1.636265993E0,-7.532626987E-1,7.619796395E-1
2.066663933E1,-1.684336543E0,-7.061212063E-1,7.427681684E-1
2.067668533E1,-1.737573385E0,-7.084085941E-1,6.534119248E-1
2.068673133E1,-1.705507994E0,-7.506204247E-1,7.051424384E-1
2.069677733E1,-1.799866796E0,-7.380247116E-1,5.482590795E-1
2.070682333E1,-1.792628407E0,-7.031854987E-1,5.732064247E-1
2.071686933E1,-1.748561263E0,-8.335863948E-1,5.863704085E-1
2.072691533E1,-1.877116203E0,-6.336704493E-1,5.674468875E-1
2.073696233E1,-1.922811508E0,-6.646885872E-1,4.404234588E-1
2.074700833E1,-1.907840252E0,-6.958438754E-1,3.759233356E-1
2.075705433E1,-1.847741723E0,-5.925140381E-1,4.579356611E-1
2.076710033E1,-1.824935555E0,-6.069564223E-1,5.344758034E-1
2.077714633E1,-1.897717953E0,-4.867024422E-1,5.389160514E-1
2.078719233E1,-1.958585858E0,-4.931622744E-1,5.044088364E-1
2.079723833E1,-1.965263486E0,-6.477164030E-1,6.740292907E-1
2.080728433E1,-2.033564806E0,-4.638754427E-1,6.236504912E-1
2.081733033E1,-1.906730175E0,-5.518820286E-1,5.704812407E-1
2.082737633E1,-1.926381707E0,-5.752431750E-1,5.179842114E-1
2.083742233E1,-1.908462286E0,-5.352550149E-1,6.231631041E-1
2.084746933E1,-1.976900935E0,-4.690314829E-1,6.162410975E-1
2.085751533E1,-1.804069757E0,-6.725238562E-1,6.677777767E-1
2.086756133E1,-1.910803318E0,-6.097417474E-1,4.396530986E-1
2.087760733E1,-2.049813986E0,-6.131426096E-1,2.768191695E-1
2.088765333E1,-1.982188821E0,-5.979148746E-1,2.205145061E-1
2.089769933E1,-2.064304829E0,-4.361126721E-1,3.153496981E-1
2.090774533E1,-1.924287438E0,-5.416752696E-1,7.005364895E-1
2.091779133E1,-1.950866103E0,-4.039872289E-1,7.067331672E-1
2.092783733E1,-2.009285927E0,-4.112723470E-1,8.304328918E-1
2.093788333E1,-2.020804167E0,-2.958578765E-1,5.500963330E-1
2.094792933E1,-1.936496973E0,-4.355930388E-1,5.721713901E-1
2.095797533E1,-2.175062418E0,-5.501552820E-1,4.347234964E-1
2.096802133E1,-2.058575630E0,-6.407700181E-1,4.726274312E-1
2.097806833E1,-2.056104898E0,-6.248638034E-1,4.901619554E-1
2.098811433E1,-2.088930130E0,-5.970009565E-1,4.671982229E-1
2.099816033E1,-2.054978848E0,-6.478961110E-1,4.229433835E-1
2.100820633E1,-2.166581392E0,-5.783139467E-1,2.697691880E-2
2.101825233E1,-2.030843735E0,-6.931917667E-1,9.394583106E-2
2.102829833E1,-2.215149164E0,-5.672768354E-1,-4.772737250E-2
2.103834433E1,-2.172521353E0,-6.740285754E-1,3.398424387E-1
2.104839033E1,-2.152218103E0,-6.067811847E-1,3.936774433E-1
2.105843633E1,-2.132831335E0,-5.479559898E-1,4.380488992E-1
2.106848233E1,-2.114201784E0,-4.407601357E-1,5.333558917E-1
2.107852833E1,-2.129852533E0,-4.857209325E-1,4.555891454E-1
2.108857433E1,-2.132617950E0,-2.665501535E-1,5.036177635E-1
2.109862033E1,-1.997761965E0,-4.405051768E-1,5.501474738E-1
2.110866733E1,-1.944672704E0,-4.325255156E-1,6.786821485E-1
2.111871333E1,-2.067043781E0,-4.058054984E-1,6.151503325E-1
2.112875933E1,-2.210766077E0,-3.116648793E-1,5.785438418E-1
2.113880533E1,-2.198821306E0,-5.628831983E-1,6.029546261E-1
2.114885133E1,-2.198287725E0,-5.876974463E-1,6.078070998E-1
2.115889733E1,-2.296523809E0,-5.223174095E-1,5.448353291E-1
2.116894333E1,-2.041841745E0,-6.357806325E-1,6.261199713E-1
2.117898933E1,-1.722436905E0,-9.095396996E-1,6.707481742E-1
2.118903533E1,-2.224384069E0,-4.084821343E-1,5.455592275E-1
2.119908133E1,-2.156328917E0,-1.907314509E-1,6.259171963E-1
2.120912733E1,-2.132381201E0,1.114298254E-1,5.790245533E-1
2.121917333E1,-2.014294147E0,5.519851297E-2,6.274994016E-1
2.122921933E1,-1.965730309E0,-1.188915521E-1,6.786463261E-1
2.123926533E1,-2.145817518E0,-2.764739282E-2,7.192502022E-1
2.124931233E1,-2.283369064E0,4.105964676E-2,4.446789622E-1
2.125935833E1,-1.979639173E0,-5.676331744E-2,6.041551232E-1
2.126940433E1,-1.700590849E0,-3.928211331E-1,7.093393803E-1
2.127945033E1,-1.802377105E0,-1.571537405E-1,5.984511971E-1
2.128949633E1,-1.906919122E0,-1.687266827E-1,6.929035187E-1
2.129954233E1,-2.011674404E0,-2.273820192E-1,6.128406525E-1
2.130958833E1,-2.116243839E0,-9.382831305E-2,2.541684508E-1
2.131963433E1,-2.085032225E0,-1.841273159E-1,2.295251638E-1
2.132968033E1,-2.144484282E0,-3.328951821E-2,5.388391018E-1
2.133972633E1,-2.007179976E0,1.333181113E-1,6.524010301E-1
2.134977233E1,-2.093159437E0,1.400923878E-1,5.606562495E-1
2.135981833E1,-2.058820963E0,8.738131076E-2,6.022853851E-1
2.136986533E1,-1.973502874E0,8.841538429E-2,7.118734121E-1
2.137991133E1,-2.017506599E0,-2.267172188E-2,7.565010190E-1
2.138995733E1,-2.000878811E0,-1.180370711E-2,7.817749381E-1
2.140000333E1,-1.922045588E0,-4.123722762E-2,7.876616120E-1
2.141004933E1,-1.978647470E0,-4.119041935E-2,8.230522871E-1
2.142009533E1,-1.946651220E0,-9.611731768E-2,9.190939069E-1
2.143014133E1,-1.862308860E0,-5.841571465E-2,9.388423562E-1
2.144018733E1,-1.808749318E0,-8.349870145E-2,9.173863530E-1
2.145023333E1,-1.908840179E0,1.531532779E-2,7.956362367E-1
2.146027933E1,-1.996211648E0,-7.702445239E-2,8.312277794E-1
2.147032533E1,-2.051663399E0,-7.811183576E-3,6.789080501E-1
2.148037133E1,-2.071768284E0,-7.359498739E-2,6.794883609E-1
2.149041746E1,-2.015406370E0,-8.393932879E-2,7.133913040E-1
2.150046446E1,-1.943170905E0,-2.410395816E-2,7.322768569E-1
2.151051046E1,-2.044866323E0,-7.796473056E-2,7.228140831E-1
2.152055646E1,-2.019621849E0,-1.008794550E-2,7.220702767E-1
2.153060246E1,-2.053683043E0,3.889700770E-2,7.996448278E-1
2.154064846E1,-1.927407980E0,-5.159374326E-2,8.780125976E-1
2.155069446E1,-1.885308027E0,3.438499942E-2,9.105542898E-1
2.156074046E1,-1.943579674E0,3.922396153E-2,9.460675716E-1
2.157078646E1,-2.012768745E0,1.071499214E-1,8.933038712E-1
2.158083246E1,-2.077019215E0,-6.368839741E-2,7.845239043E-1
2.159087846E1,-1.939861655E0,-1.713850796E-1,8.616665602E-1
2.160092446E1,-1.832442760E0,-7.387876511E-2,8.841124773E-1
2.161097046E1,-1.833344579E0,-1.278924793E-1,1.026685715E0
2.162101646E1,-1.906033754E0,-2.855951339E-2,8.895569444E-1
2.163106346E1,-1.797377110E0,4.964837804E-2,1.056345820E0
2.164110946E1,-1.839267015E0,1.274513006E-1,1.085941315E0
2.165115546E1,-1.758689046E0,-5.625355244E-2,1.191534638E0
2.166120146E1,-1.724712253E0,-4.927340522E-2,1.086696863E0
2.167124746E1,-1.835093498E0,6.540060043E-2,1.137914538E0
2.168129346E1,-1.808913350E0,1.892519742E-1,1.179198384E0
2.169133946E1,-1.815720797E0,-1.696327329E-1,1.142460585E0
2.170138546E1,-1.844436646E0,-1.922048926E-1,9.716659784E-1
2.171143146E1,-1.669760466E0,-2.799132168E-1,1.173538566E0
2.172147746E1,-1.739605546E0,-3.704588413E-1,1.207289577E0
2.173152346E1,-1.840526104E0,-4.290803075E-1,1.128787160E0
2.174156946E1,-1.813618064E0,-2.659521103E-1,1.036537766E0
2.175161546E1,-1.713533401E0,-2.995286584E-1,1.026757717E0
2.176166246E1,-1.669104099E0,-3.270654678E-1,9.330450296E-1
2.177170846E1,-1.524088979E0,-2.841901183E-1,1.052313924E0
2.178175446E1,-1.577442169E0,-1.191460267E-1,7.748243213E-1
2.179180046E1,-1.467198968E0,-3.395238817E-1,7.792711258E-1
2.180184646E1,-1.429971695E0,-3.593103588E-1,6.851563454E-1
2.181189246E1,-1.272645950E0,-4.442349672E-1,7.272034287E-1
2.182193846E1,-1.302738905E0,-4.956142604E-1,7.765595317E-1
2.183198446E1,-1.236990213E0,-3.872351646E-1,9.066450000E-1
2.184203046E1,-1.178688288E0,-4.390935600E-1,8.573368192E-1
2.185207646E1,-1.324189544E0,-4.210261703E-1,1.008781552E0
2.186212246E1,-1.349028111E0,-2.862699628E-1,1.023702741E0
2.187216846E1,-1.397097349E0,-2.205638289E-1,1.186519980E0
2.188221446E1,-1.367071629E0,-3.330360353E-1,1.262558341E0
2.189226146E1,-1.192828655E0,-3.700591922E-1,1.435295105E0
2.190230746E1,-1.354198694E0,-2.519858181E-1,1.115547776E0
2.191235346E1,-1.263287544E0,-3.296644390E-1,1.149271131E0
2.192239946E1,-1.347687125E0,-4.035615623E-1,9.013202190E-1
2.193244546E1,-1.267741203E0,-6.766303778E-1,8.555853367E-1
2.194249146E1,-1.131651521E0,-7.518004775E-1,8.589739203E-1
2.195253746E1,-1.088016391E0,-6.277241707E-1,7.966314554E-1
2.196258346E1,-1.044124246E0,-6.694985032E-1,8.074558377E-1
2.197262946E1,-9.685158134E-1,-5.993903875E-1,7.165133357E-1
2.198267546E1,-8.030989170E-1,-5.701379776E-1,6.983639002E-1
2.199272146E1,-7.927909493E-1,-4.851676226E-1,8.166196346E-1
2.200276746E1,-7.753973007E-1,-4.273298979E-1,7.885555029E-1
2.201281346E1,-7.671030760E-1,-4.337893426E-1,8.833717108E-1
2.202286046E1,-8.295318484E-1,-4.577058554E-1,8.656294942E-1
2.203290646E1,-8.131207824E-1,-5.361346602E-1,7.765902281E-1
2.204295246E1,-6.986753941E-1,-7.023785114E-1,6.915038228E-1
2.205299846E1,-5.721949339E-1,-7.517437935E-1,9.072631598E-1
2.206304446E1,-6.024513245E-1,-6.876364350E-1,9.352735281E-1
2.207309046E1,-6.997100115E-1,-6.675384045E-1,8.773010969E-1
2.208313646E1,-6.891574860E-1,-7.260999680E-1,1.032027841E0
2.209318246E1,-5.769827962E-1,-7.279288769E-1,1.017490745E0
2.210322846E1,-5.833448172E-1,-7.486423850E-1,1.020730734E0
2.211327446E1,-6.147726178E-1,-7.485841513E-1,9.925529957E-1
2.212332046E1,-5.939941406E-1,-7.648105621E-1,1.038960218E0
2.213336646E1,-6.392143965E-1,-6.726380587E-1,1.045592189E0
2.214341246E1,-6.762312651E-1,-5.430523753E-1,9.978430867E-1
2.215345946E1,-6.564368010E-1,-6.482545137E-1,9.683306217E-1
2.216350546E1,-6.929319501E-1,-6.431529522E-1,9.286178350E-1
2.217355146E1,-6.340246797E-1,-6.144134998E-1,1.007035136E0
2.218359746E1,-7.180356979E-1,-5.567973256E-1,9.634520411E-1
2.219364346E1,-8.135043979E-1,-5.001549125E-1,9.685835242E-1
2.220368946E1,-7.460603714E-1,-5.939761996E-1,9.597597122E-1
2.221373546E1,-6.942021847E-1,-6.233294010E-1,9.445693493E-1
2.222378146E1,-6.754000187E-1,-6.806563735E-1,8.239985108E-1
2.223382746E1,-6.423302293E-1,-6.569879651E-1,8.151406646E-1
2.224387346E1,-4.463708401E-1,-7.418961525E-1,8.401842117E-1
2.225391946E1,-5.053770542E-1,-7.300261259E-1,9.907168150E-1
2.226396546E1,-5.046873093E-1,-7.405973077E-1,8.645647764E-1
2.227401146E1,-3.900534809E-1,-7.485002875E-1,7.482116222E-1
2.228405746E1,-2.023133934E-1,-9.616873860E-1,6.784397364E-1
2.229410346E1,-8.457394689E-2,-1.030189157E0,7.110437751E-1
2.230415046E1,-4.360333830E-2,-8.946936727E-1,6.563342214E-1
2.231419646E1,-4.388404638E-2,-9.397066832E-1,6.848901510E-1
2.232424246E1,-7.577672601E-2,-7.665471435E-1,6.901208758E-1
2.233428846E1,-6.397449970E-2,-8.312814236E-1,7.804341912E-1
2.234433446E1,-1.252791435E-1,-7.245467305E-1,7.135755420E-1
2.235438046E1,-1.407208294E-2,-8.002296090E-1,6.601579785E-1
2.236442646E1,1.396168172E-1,-9.039722085E-1,7.341040969E-1
2.237447246E1,8.444037288E-2,-8.010042906E-1,6.725560427E-1
2.238451846E1,1.299341023E-1,-1.015112638E0,6.294215918E-1
2.239456446E1,1.965718269E-1,-9.646000266E-1,6.809719205E-1
2.240461046E1,1.222475171E-1,-8.642243743E-1,7.194484472E-1
2.241465646E1,8.439235389E-2,-7.870692611E-1,8.015596867E-1
2.242470246E1,1.329622865E-1,-7.701294422E-1,8.003537655E-1
2.243474846E1,1.748042107E-1,-8.171287775E-1,1.008515239E0
2.244479546E1,1.375913322E-1,-8.442131281E-1,1.000103354E0
2.245484146E1,2.517937720E-1,-8.453732133E-1,9.397572279E-1
2.246488746E1,1.431791335E-1,-8.150666952E-1,8.031436801E-1
2.247493346E1,7.746286690E-2,-7.758184671E-1,9.915457368E-1
2.248497938E1,6.621979177E-2,-6.904503107E-1,7.196550965E-1
2.249502538E1,1.113796830E-1,-9.019754529E-1,6.937944293E-1
2.250507138E1,3.000246882E-1,-8.822017908E-1,7.771407366E-1
2.251511738E1,2.045685351E-1,-8.213710189E-1,6.510775685E-1
2.252516338E1,1.327915490E-1,-9.969476461E-1,6.168681979E-1
2.253520938E1,3.155042231E-1,-9.464620352E-1,7.273433208E-1
2.254525538E1,2.452521622E-1,-8.389214873E-1,7.082857490E-1
2.255530137E1,1.795386970E-1,-8.536471128E-1,7.006717920E-1
2.256534737E1,2.858951986E-1,-8.046225905E-1,6.567155123E-1
2.257539338E1,2.812677026E-1,-8.288179636E-1,6.188237667E-1
2.258543938E1,3.216148615E-1,-8.450341821E-1,6.478114724E-1
2.259548638E1,3.441715240E-1,-7.771559954E-1,6.294592023E-1
2.260553238E1,3.372622132E-1,-8.009263277E-1,6.458494067E-1
2.261557838E1,3.933036029E-1,-7.903293967E-1,6.529323459E-1
2.262562438E1,3.999457955E-1,-7.741940618E-1,6.545688510E-1
2.263567038E1,3.680788577E-1,-8.074206710E-1,6.436306834E-1
2.264571638E1,4.396020472E-1,-8.336080313E-1,6.873214245E-1
2.265576237E1,3.964648247E-1,-7.727359533E-1,6.581346393E-1
2.266580837E1,3.972789645E-1,-7.544227242E-1,7.148218751E-1
2.267585438E1,4.273689091E-1,-7.488524914E-1,6.916142702E-1
2.268590038E1,4.379182160E-1,-7.680770159E-1,7.265831828E-1
2.269594638E1,4.227594733E-1,-7.474588752E-1,7.124958634E-1
2.270599238E1,3.713580668E-1,-7.310575247E-1,6.644990444E-1
2.271603838E1,3.595390618E-1,-7.316765189E-1,7.052145600E-1
2.272608438E1,4.262903929E-1,-6.676024199E-1,7.433422804E-1
2.273613038E1,4.290435314E-1,-6.999092102E-1,7.185682654E-1
2.274617738E1,4.324997663E-1,-6.831608415E-1,7.204660177E-1
2.275622338E1,3.713961542E-1,-6.442521811E-1,6.717876196E-1
2.276626937E1,4.182113111E-1,-6.770796180E-1,6.434279084E-1
2.277631537E1,4.625155032E-1,-6.866095662E-1,6.367945671E-1
2.278636138E1,3.939188719E-1,-6.934048533E-1,6.335574985E-1
2.279640738E1,3.434551954E-1,-7.127122283E-1,6.061018705E-1
2.280645338E1,3.962590396E-1,-7.069909573E-1,6.437932849E-1
2.281649938E1,4.017044604E-1,-6.799994111E-1,6.325382590E-1
2.282654538E1,3.803783953E-1,-6.891058087E-1,5.980892181E-1
2.283659138E1,4.055476189E-1,-6.877998710E-1,6.571675539E-1
2.284663738E1,4.231934547E-1,-6.871985197E-1,6.814779639E-1
2.285668338E1,3.778515458E-1,-6.637896895E-1,6.508537531E-1
2.286672938E1,4.397689998E-1,-6.349143982E-1,7.280015349E-1
2.287677537E1,4.276553392E-1,-5.855908990E-1,7.063435316E-1
2.288682137E1,3.799504042E-1,-6.095390916E-1,7.270250916E-1
2.289686738E1,4.347731471E-1,-6.115584970E-1,7.707233429E-1
2.290691438E1,4.405508637E-1,-5.775595307E-1,7.728949189E-1
2.291696038E1,3.788221180E-1,-6.006831527E-1,8.085396886E-1
2.292700638E1,4.843000770E-1,-6.324815750E-1,8.142529726E-1
2.293705238E1,4.967132807E-1,-5.819398165E-1,7.925050259E-1
2.294709838E1,4.811678827E-1,-6.708100438E-1,8.045800924E-1
2.295714438E1,4.668578207E-1,-6.005043983E-1,8.434586525E-1
2.296719038E1,4.486734867E-1,-5.823829174E-1,8.467948437E-1
2.297723637E1,4.600118995E-1,-5.636941791E-1,7.462048531E-1
2.298728237E1,4.572563171E-1,-5.174209476E-1,7.906780243E-1
2.299732838E1,4.546275139E-1,-4.925066829E-1,8.183327317E-1
2.300737438E1,4.147216380E-1,-4.587473869E-1,7.968754172E-1
2.301742038E1,4.391336143E-1,-5.019513965E-1,7.738348842E-1
2.302746638E1,4.493851960E-1,-5.095896125E-1,7.739983797E-1
2.303751238E1,4.321328700E-1,-4.998639226E-1,8.058586717E-1
2.304755838E1,4.272329211E-1,-4.433639050E-1,7.917960882E-1
2.305760438E1,3.431243300E-1,-4.151643813E-1,7.883319855E-1
2.306765138E1,4.325897694E-1,-4.664653838E-1,8.142842054E-1
2.307769738E1,4.254906774E-1,-3.481477499E-1,8.189192414E-1
2.308774337E1,3.319857419E-1,-3.794529438E-1,7.791391015E-1
2.309778937E1,3.595243394E-1,-3.678121865E-1,8.375690579E-1
2.310783538E1,3.867232203E-1,-3.615012765E-1,8.457833529E-1
2.311788138E1,4.013357460E-1,-3.402803838E-1,8.254546523E-1
2.312792738E1,3.755465150E-1,-3.380965889E-1,8.094013929E-1
2.313797338E1,4.494300485E-1,-3.754607439E-1,8.596376777E-1
2.314801938E1,4.880773127E-1,-3.898836374E-1,8.835533857E-1
2.315806538E1,3.681864142E-1,-4.538758993E-1,8.161399961E-1
2.316811138E1,3.903955817E-1,-4.372857511E-1,7.958413959E-1
2.317815738E1,3.464998901E-1,-4.352503717E-1,7.836602330E-1
2.318820338E1,4.590831399E-1,-4.312263429E-1,9.134557843E-1
2.319824937E1,4.798702896E-1,-3.602086902E-1,8.322012424E-1
2.320829537E1,3.578636944E-1,-4.257155061E-1,8.361730576E-1
2.321834138E1,4.428360462E-1,-3.753447831E-1,8.869290352E-1
2.322838738E1,4.222801626E-1,-2.420210838E-1,8.402936459E-1
2.323843438E1,3.337946534E-1,-3.454315662E-1,9.283920527E-1
2.324848038E1,4.734441340E-1,-3.976103365E-1,9.997767210E-1
2.325852638E1,4.181838036E-1,-2.779458761E-1,9.681742787E-1
2.326857238E1,4.210198224E-1,-3.861956596E-1,9.119325876E-1
2.327861838E1,4.951418042E-1,-4.814050794E-1,8.904452920E-1
2.328866438E1,4.611657262E-1,-3.748498857E-1,9.631112218E-1
2.329871038E1,4.522283971E-1,-3.824681044E-1,9.553159475E-1
2.330875637E1,4.868995547E-1,-4.119908512E-1,9.280430675E-1
2.331880237E1,5.091256499E-1,-4.009726048E-1,9.665818214E-1
2.332884838E1,5.299776793E-1,-4.164850116E-1,9.470672607E-1
2.333889438E1,5.469449162E-1,-3.900647163E-1,9.244373441E-1
2.334894038E1,5.333590508E-1,-3.958357871E-1,9.609338641E-1
2.335898638E1,5.385712385E-1,-4.106787443E-1,9.981424212E-1
2.336903238E1,5.139777064E-1,-3.091915250E-1,9.809647799E-1
2.337907838E1,4.852972031E-1,-3.566892147E-1,9.979599118E-1
2.338912438E1,4.968872964E-1,-3.966542184E-1,1.020385623E0
2.339917038E1,4.801531136E-1,-3.513503373E-1,1.001425624E0
2.340921737E1,4.291519821E-1,-3.746487200E-1,1.054425478E0
2.341926337E1,4.423623979E-1,-3.902924061E-1,1.009085059E0
2.342930938E1,4.246049523E-1,-3.612884283E-1,1.006768942E0
2.343935538E1,4.199687541E-1,-3.959465027E-1,9.881744385E-1
2.344940138E1,4.359181523E-1,-3.757134080E-1,9.921470881E-1
2.345944738E1,4.004352689E-1,-3.602630496E-1,9.848403931E-1
2.346949338E1,4.007633626E-1,-3.937254250E-1,9.944520593E-1
2.347953938E1,3.863599300E-1,-3.600525260E-1,9.770035148E-1
2.348958513E1,3.721535802E-1,-3.469132781E-1,9.493652582E-1
2.349963113E1,4.011035264E-1,-3.878844082E-1,9.581402540E-1
2.350967713E1,3.912924528E-1,-3.924671710E-1,9.591165781E-1
2.351972313E1,3.736743927E-1,-3.942660987E-1,9.617946744E-1
2.352976913E1,3.891433775E-1,-4.042657316E-1,9.578979611E-1
2.353981513E1,4.262168705E-1,-4.322780967E-1,9.565256238E-1
2.354986113E1,4.058066607E-1,-4.179053009E-1,9.577557445E-1
2.355990713E1,4.215095341E-1,-4.379014671E-1,9.691277742E-1
2.356995413E1,3.881590366E-1,-4.206992984E-1,9.835703969E-1
2.358000012E1,4.336500764E-1,-4.823909104E-1,9.870870709E-1
2.359004612E1,4.508554339E-1,-4.866287708E-1,9.886293411E-1
2.360009213E1,4.563992620E-1,-5.163428187E-1,9.915314317E-1
2.361013813E1,4.473112226E-1,-5.117493868E-1,9.784896374E-1
2.362018413E1,4.375149012E-1,-5.263172984E-1,9.427717328E-1
2.363023013E1,4.782141149E-1,-5.437812805E-1,9.632341266E-1
2.364027613E1,4.594418705E-1,-5.114912391E-1,9.349000454E-1
2.365032213E1,4.524140358E-1,-5.313272476E-1,9.214199185E-1
2.366036813E1,4.617364705E-1,-5.210694671E-1,8.980239630E-1
2.367041413E1,4.875409007E-1,-5.123106241E-1,9.101440310E-1
2.368046013E1,4.499990046E-1,-4.564194977E-1,9.006421566E-1
2.369050612E1,4.448633492E-1,-5.047912598E-1,8.571716547E-1
2.370055212E1,4.706910551E-1,-5.336509943E-1,8.793486953E-1
2.371059813E1,4.786621630E-1,-4.723149240E-1,8.745475411E-1
2.372064513E1,4.387671947E-1,-4.782510996E-1,8.795748353E-1
2.373069113E1,5.385518074E-1,-5.374358892E-1,8.838058114E-1
2.374073713E1,4.804712832E-1,-5.321022868E-1,8.643312454E-1
2.375078313E1,5.371257663E-1,-5.588894486E-1,8.676453233E-1
2.376082913E1,5.464789271E-1,-5.770142078E-1,8.589898348E-1
2.377087513E1,5.303431153E-1,-5.895848870E-1,8.537657857E-1
2.378092113E1,5.401009321E-1,-5.878973007E-1,8.233127594E-1
2.379096712E1,5.374084711E-1,-6.340885162E-1,8.335765600E-1
2.380101312E1,5.771362782E-1,-6.385909319E-1,8.131569624E-1
2.381105913E1,5.562211871E-1,-6.132482886E-1,7.971106172E-1
2.382110513E1,5.278564095E-1,-6.180643439E-1,7.873160839E-1
2.383115113E1,5.642298460E-1,-6.355980635E-1,7.706316710E-1
2.384119713E1,5.695092678E-1,-6.434935331E-1,7.552521229E-1
2.385124313E1,5.320777297E-1,-6.581010222E-1,7.414356470E-1
2.386128913E1,5.721635222E-1,-6.535594463E-1,7.465165257E-1
2.387133513E1,5.386551023E-1,-6.476581097E-1,7.077406049E-1
2.388138213E1,5.534745455E-1,-6.765687466E-1,6.925250888E-1
2.389142813E1,6.280763745E-1,-6.532740593E-1,6.821243763E-1
2.390147412E1,5.885409117E-1,-6.612013578E-1,6.320916414E-1
2.391152012E1,6.073795557E-1,-7.008289099E-1,6.166671515E-1
2.392156613E1,5.722061396E-1,-6.763185263E-1,5.114096999E-1
2.393161213E1,5.831466317E-1,-7.213383913E-1,4.853729010E-1
2.394165813E1,5.863264799E-1,-7.305231690E-1,4.505786300E-1
2.395170413E1,5.925942063E-1,-7.224087715E-1,4.038361609E-1
2.396175013E1,6.550025344E-1,-7.773893476E-1,3.614793420E-1
2.397179613E1,7.188611031E-1,-7.801851034E-1,3.988986313E-1
2.398184213E1,6.099141836E-1,-7.039401531E-1,3.887405694E-1
2.399188813E1,5.935751796E-1,-6.901220679E-1,4.579470456E-1
2.400193413E1,5.173171759E-1,-6.336066127E-1,3.939435780E-1
2.401198012E1,5.094872117E-1,-6.614723206E-1,4.774589837E-1
2.402202612E1,4.647225738E-1,-5.644670725E-1,4.078238606E-1
2.403207313E1,4.940349460E-1,-6.217349172E-1,4.669782519E-1
2.404211913E1,4.696818888E-1,-6.782183051E-1,4.166877270E-1
2.405216513E1,4.544406235E-1,-7.308077216E-1,4.718026519E-1
2.406221113E1,4.170453250E-1,-7.321965694E-1,4.427598119E-1
2.407225713E1,4.084984362E-1,-7.313156128E-1,4.087358117E-1
2.408230313E1,4.230923355E-1,-8.183578253E-1,3.121535480E-1
2.409234913E1,4.338997006E-1,-8.454501629E-1,3.355739117E-1
2.410239513E1,3.595752418E-1,-8.672304749E-1,2.378556579E-1
2.411244113E1,4.161572754E-1,-8.943638206E-1,4.064324200E-1
2.412248712E1,3.084925413E-1,-8.382735848E-1,3.454760909E-1
2.413253312E1,1.442234665E-1,-7.492297292E-1,3.459578753E-1
2.414257913E1,1.058593243E-1,-7.925581932E-1,2.778678238E-1
2.415262513E1,9.823176265E-2,-8.231525421E-1,3.369340897E-1
2.416267113E1,3.131767968E-3,-6.718319058E-1,3.260937929E-1
2.417271713E1,-1.899327636E-1,-5.947978497E-1,2.239988595E-1
2.418276313E1,-8.637288958E-2,-7.076777220E-1,2.953059971E-1
2.419281013E1,-9.025710821E-2,-6.011400819E-1,2.725695372E-1
2.420285613E1,-2.393999249E-1,-6.787570715E-1,2.706155479E-1
2.421290213E1,-3.170678318E-1,-7.558561563E-1,3.085549474E-1
2.422294812E1,-2.922340333E-1,-8.098813891E-1,2.829692066E-1
2.423299412E1,-3.841834068E-1,-7.348609567E-1,3.304059505E-1
2.424304013E1,-5.577875972E-1,-6.933645606E-1,2.585051656E-1
2.425308613E1,-4.419321120E-1,-7.911425233E-1,3.984353840E-1
2.426313213E1,-5.255795121E-1,-6.871328354E-1,4.292706847E-1
2.427317813E1,-6.175906062E-1,-7.185240388E-1,4.540055692E-1
2.428322413E1,-6.401772499E-1,-6.518123150E-1,4.602212310E-1
2.429327013E1,-6.431432366E-1,-5.041009188E-1,3.262839615E-1
2.430331613E1,-8.160507083E-1,-6.732617617E-1,1.723764837E-1
2.431336213E1,-8.005513549E-1,-7.366553545E-1,3.265827522E-2
2.432340813E1,-8.214622140E-1,-5.893619061E-1,1.552410573E-1
2.433345412E1,-8.680768609E-1,-6.206079721E-1,1.190375090E-1
2.434350012E1,-8.387649059E-1,-6.230461597E-1,1.535679251E-1
2.435354612E1,-8.448100090E-1,-6.341885924E-1,1.363953352E-1
2.436359213E1,-7.967196107E-1,-7.446193099E-1,-2.399497479E-2
2.437363913E1,-8.107007146E-1,-8.317768574E-1,9.661586583E-2
2.438368513E1,-9.330864549E-1,-7.596759200E-1,4.742713645E-2
2.439373113E1,-9.332925677E-1,-7.403387427E-1,6.488043070E-2
2.440377713E1,-1.036673307E0,-7.078126073E-1,-2.116701799E-3
2.441382313E1,-9.974249601E-1,-7.513079047E-1,7.659915090E-2
2.442386913E1,-1.167161942E0,-6.768723726E-1,6.907908618E-2
2.443391513E1,-1.219656587E0,-6.200114489E-1,2.094199508E-1
2.444396112E1,-1.092728734E0,-6.584987044E-1,2.227506340E-1
2.445400712E1,-1.249000907E0,-5.679408908E-1,2.644011378E-1
2.446405313E1,-1.384380698E0,-5.494875312E-1,2.567809224E-1
2.447409913E1,-1.479433537E0,-5.263923407E-1,2.219038904E-1
2.448414513E1,-1.474729061E0,-5.854861736E-1,2.826338708E-1
2.449419133E1,-1.440152407E0,-6.081291437E-1,1.868293136E-1
2.450423733E1,-1.449243903E0,-6.672452688E-1,2.033492774E-1
2.451428333E1,-1.350672126E0,-6.916534305E-1,2.064316273E-1
2.452432933E1,-1.398303032E0,-5.739881396E-1,1.552111357E-1
2.453437533E1,-1.594485521E0,-6.880095601E-1,1.555317789E-1
2.454442133E1,-1.383653760E0,-5.236328244E-1,3.013671935E-1
2.455446733E1,-1.313011169E0,-5.808460712E-1,6.599018574E-1
2.456451433E1,-1.553844094E0,-4.453348815E-1,8.163488507E-1
2.457456033E1,-1.557228208E0,-4.185780883E-1,9.644988775E-1
2.458460633E1,-1.560783267E0,-3.304948807E-1,9.537328482E-1
2.459465233E1,-1.630086422E0,-2.648295760E-1,9.456784129E-1
2.460469833E1,-1.954583764E0,-2.210882008E-1,4.905804396E-1
2.461474433E1,-2.098177433E0,-3.581906557E-1,3.621907532E-1
2.462479033E1,-2.040712357E0,-3.957330883E-1,1.434782296E-1
2.463483633E1,-1.892171264E0,-4.320186675E-1,2.617001832E-1
2.464488233E1,-1.608966947E0,-7.129533887E-1,6.254854798E-1
2.465492833E1,-1.731300831E0,-5.718505979E-1,4.561244249E-1
2.466497433E1,-1.780719638E0,-5.420646071E-1,4.856944978E-1
2.467502033E1,-1.614992499E0,-5.877884030E-1,6.884891391E-1
2.468506633E1,-1.853976011E0,-5.653851032E-1,6.974253654E-1
2.469511233E1,-1.724388957E0,-4.634702206E-1,7.083488703E-1
2.470515833E1,-1.691434622E0,-3.302912116E-1,6.150349975E-1
2.471520433E1,-1.757843137E0,-5.133949518E-1,5.880486369E-1
2.472525033E1,-1.802129149E0,-3.302455246E-1,5.760603547E-1
2.473529633E1,-1.759097338E0,-4.939982295E-1,5.775006413E-1
2.474534233E1,-1.806152105E0,-4.924955070E-1,4.030198157E-1
2.475538833E1,-1.763097405E0,-3.993882239E-1,5.862551332E-1
2.476543533E1,-1.787886500E0,-4.816686809E-1,5.466114879E-1
2.477548133E1,-1.766870975E0,-5.462915897E-1,6.370775104E-1
2.478552733E1,-1.758943677E0,-4.040177464E-1,6.837431788E-1
2.479557333E1,-1.654003143E0,-4.295380116E-1,8.132771850E-1
2.480561933E1,-1.700070024E0,-4.373311698E-1,8.311805129E-1
2.481566533E1,-1.670691848E0,-4.547618032E-1,9.538819194E-1
2.482571133E1,-1.727033496E0,-3.630286753E-1,9.618412852E-1
2.483575733E1,-1.727423072E0,-3.030934334E-1,1.077717185E0
2.484580333E1,-1.768428802E0,-4.034616053E-1,9.948919415E-1
2.485584933E1,-1.874337912E0,-4.285001159E-1,7.893339992E-1
2.486589533E1,-1.908433318E0,-3.254480064E-1,7.749021649E-1
2.487594133E1,-1.874452472E0,-3.346822560E-1,8.347026110E-1
2.488598733E1,-1.775075436E0,-2.873893678E-1,7.855600119E-1
2.489603333E1,-1.800788760E0,-4.477332234E-1,7.972164154E-1
2.490607933E1,-1.836254478E0,-3.345608413E-1,7.390714288E-1
2.491612533E1,-1.647202492E0,-3.452512920E-1,8.263349533E-1
2.492617133E1,-1.630787253E0,-4.748061895E-1,7.177437544E-1
2.493621733E1,-1.655525088E0,-3.895829022E-1,7.546684742E-1
2.494626333E1,-1.492576838E0,-3.022124767E-1,9.262579083E-1
2.495630933E1,-1.576754808E0,-1.686144918E-1,7.722078562E-1
2.496635633E1,-1.607804537E0,-1.585875005E-1,8.531767726E-1
2.497640233E1,-1.462831855E0,-1.944554895E-1,8.088855147E-1
2.498644833E1,-1.508250237E0,-2.089831680E-1,8.765137196E-1
2.499649433E1,-1.458948135E0,-3.527648151E-1,8.454615474E-1
2.500654033E1,-1.444274187E0,-3.021011651E-1,8.543542624E-1
2.501658633E1,-1.314484477E0,-3.783413470E-1,1.000635624E0
2.502663233E1,-1.271537304E0,-2.761756778E-1,7.480263710E-1
2.503667833E1,-1.239762783E0,-1.413006634E-1,6.511003971E-1
2.504672433E1,-1.280099630E0,-4.282354116E-1,5.714195967E-1
2.505677033E1,-1.110738039E0,-5.664827824E-1,5.903746486E-1
2.506681633E1,-1.080446243E0,-3.330719769E-1,4.670785666E-1
2.507686233E1,-8.235683441E-1,-4.100461304E-1,5.797728300E-1
2.508690833E1,-6.966128349E-1,-3.669821918E-1,4.926239252E-1
2.509695433E1,-6.868286729E-1,-4.130506217E-1,5.511162877E-1
2.510700033E1,-4.590246975E-1,-4.282775819E-1,4.870350957E-1
2.511704633E1,-5.617347956E-1,-2.961376607E-1,6.434624791E-1
2.512709233E1,-4.745676816E-1,-2.383036911E-2,9.711129665E-1
2.513713833E1,-4.229939878E-1,-3.483321890E-2,9.396109581E-1
2.514718433E1,-4.513325393E-1,-1.101773009E-1,9.675263762E-1
2.515723133E1,-3.600295186E-1,-3.063310981E-1,7.791963816E-1
2.516727733E1,-2.200675160E-1,-3.693868518E-1,7.288786769E-1
2.517732333E1,-6.253834069E-2,-3.096092641E-1,6.446183920E-1
2.518736933E1,-2.989552915E-2,-4.431641698E-1,5.078968406E-1
2.519741533E1,1.291584969E-2,-5.414899588E-1,4.995648861E-1
2.520746133E1,-1.383797452E-2,-4.683941603E-1,5.200381279E-1
2.521750733E1,-6.730146706E-2,2.949672518E-3,7.329775691E-1
2.522755333E1,-1.140042245E-1,2.074888498E-1,1.579484820E0
2.523759933E1,-1.455080956E-1,4.184602201E-1,1.148769975E0
2.524764533E1,-5.866973661E-3,2.908841968E-1,9.253711104E-1
2.525769133E1,-2.754830010E-2,-2.225293778E-2,6.563175321E-1
2.526773733E1,-9.361855686E-2,-1.103290841E-1,4.251010120E-1
2.527778333E1,-3.029390983E-2,-2.122053802E-1,2.004426122E-1
2.528782933E1,1.351731569E-1,-2.771852911E-1,3.844407201E-1
2.529787533E1,4.063040018E-1,-2.436416894E-1,5.027654767E-1
2.530792133E1,5.727070570E-1,-1.752546579E-1,5.484318733E-1
2.531796733E1,7.935403585E-1,-3.037076890E-1,4.915334284E-1
2.532801333E1,9.236657023E-1,-2.635747492E-1,3.652373850E-1
2.533806033E1,9.584215879E-1,-3.288003504E-1,2.279690206E-1
2.534810633E1,1.135803342E0,-4.216761887E-1,1.944182813E-1
2.535815233E1,1.299513698E0,-4.309802055E-1,2.417088300E-1
2.536819833E1,1.202748060E0,-3.038667142E-1,2.000829875E-1
2.537824433E1,1.249999762E0,-3.066939414E-1,4.555427134E-1
2.538829033E1,1.486526489E0,-4.619975090E-1,6.487377286E-1
2.539833633E1,1.487234354E0,-3.929063082E-1,6.322615743E-1
2.540838233E1,1.352582932E0,-3.351034522E-1,5.561028123E-1
2.541842833E1,1.343701839E0,-4.870226681E-1,5.624589920E-1
2.542847433E1,1.456946850E0,-4.142734408E-1,5.874004364E-1
2.543852033E1,1.321355224E0,-5.133590698E-1,4.086580873E-1
2.544856633E1,1.181578755E0,-3.137049079E-1,4.115550518E-1
2.545861233E1,1.120158315E0,-4.280330837E-1,3.532075882E-1
2.546865833E1,1.372309327E0,-6.636800766E-1,3.644681275E-1
2.547870433E1,1.037023783E0,-2.502083182E-1,2.770881951E-1
2.548874996E1,8.781448603E-1,-3.791146278E-1,2.836321294E-1
2.549879596E1,1.102983356E0,-4.383534491E-1,3.271732032E-1
2.550884296E1,9.070191979E-1,-1.847645640E-1,2.841329277E-1
2.551888896E1,8.264556527E-1,-1.451865286E-1,2.897167802E-1
2.552893496E1,9.137083888E-1,-1.841342896E-1,2.564337850E-1
2.553898096E1,7.884167433E-1,-3.166784942E-1,3.453817666E-1
2.554902696E1,9.433196783E-1,-2.933026254E-1,1.897536069E-1
2.555907296E1,1.008211732E0,-2.100905478E-1,6.829719990E-2
2.556911896E1,9.308351874E-1,-2.241772860E-1,8.899825811E-2
2.557916496E1,1.023480177E0,-2.705461085E-1,1.338211149E-1
2.558921096E1,1.188190103E0,-3.296652138E-1,1.605045944E-1
2.559925696E1,1.313910961E0,-4.575155675E-1,1.027515531E-1
2.560930296E1,1.371188998E0,-3.684904575E-1,5.748990178E-2
2.561934896E1,1.353548408E0,-3.973948061E-1,7.923247665E-2
2.562939496E1,1.452874899E0,-4.499822259E-1,1.047622710E-1
2.563944096E1,1.584877968E0,-4.311701953E-1,1.968253404E-2
2.564948696E1,1.592422009E0,-4.632195532E-1,8.441658318E-2
2.565953296E1,1.414555311E0,-4.949564338E-1,-4.492250085E-2
2.566957896E1,1.518669367E0,-5.743668675E-1,1.818408817E-2
2.567962496E1,1.528618693E0,-5.634657741E-1,-3.149291873E-2
2.568967196E1,1.453391552E0,-7.077847123E-1,-1.289125085E-1
2.569971796E1,1.393230796E0,-5.838523507E-1,8.049612865E-3
2.570976396E1,1.408955216E0,-5.963932872E-1,9.503791481E-2
2.571980996E1,1.455647349E0,-5.078312159E-1,1.364322156E-1
2.572985596E1,1.366954446E0,-2.263736874E-1,9.527093917E-2
2.573990196E1,1.194183230E0,-3.505283892E-1,-2.621447667E-2
2.574994796E1,1.127350211E0,-4.511624277E-1,5.770864338E-2
2.575999396E1,1.178927898E0,-3.302676976E-1,9.794501215E-2
2.577003996E1,1.073593974E0,-1.795566827E-1,7.476604730E-2
2.578008596E1,1.049901128E0,-2.492926121E-1,2.384081483E-2
2.579013196E1,1.137227535E0,-2.731058300E-1,6.509882957E-2
2.580017796E1,1.096348763E0,-3.092289269E-1,1.097856089E-1
2.581022396E1,1.055937886E0,-2.800729871E-1,7.539431006E-2
2.582026996E1,1.110450387E0,-1.875608712E-1,3.919688985E-2
2.583031596E1,1.050032973E0,-1.793265939E-1,4.018256068E-2
2.584036196E1,1.155388474E0,-1.386412233E-1,2.714266255E-2
2.585040796E1,1.169964910E0,-9.814916551E-2,1.237205416E-1
2.586045396E1,1.281109333E0,-1.981231719E-1,7.183763385E-2
2.587049996E1,1.246282220E0,-2.234882563E-1,6.527329236E-2
2.588054596E1,1.195165038E0,-1.935612559E-1,6.521390378E-2
2.589059196E1,1.335067630E0,-2.880212367E-1,3.001903556E-2
2.590063796E1,1.253863573E0,-3.988582790E-1,4.418758675E-2
2.591068496E1,1.275823593E0,-3.223363161E-1,-2.991419099E-2
2.592073096E1,1.217031360E0,-3.225506842E-1,-1.001734361E-1
2.593077696E1,1.210647106E0,-4.026303589E-1,-4.462738056E-3
2.594082296E1,1.072348714E0,-2.296761572E-1,-6.572556496E-2
2.595086896E1,1.091145992E0,-3.163682222E-1,-2.380612046E-1
2.596091496E1,1.178910017E0,-3.461892307E-1,-1.355817020E-1
2.597096096E1,1.152968764E0,-2.179928422E-1,-1.852486134E-1
2.598100696E1,1.136327147E0,-2.155784220E-1,-1.975998282E-1
2.599105296E1,1.182970643E0,-2.574150562E-1,-2.638802528E-1
2.600109896E1,1.178692222E0,-1.700950563E-1,-1.481291503E-1
2.601114496E1,9.496518373E-1,-1.656651944E-1,-8.074244112E-2
2.602119096E1,7.763293386E-1,-6.363575906E-2,2.002491243E-2
2.603123696E1,7.515774369E-1,-3.183239698E-2,-7.748559117E-3
2.604128296E1,7.567892075E-1,-1.927001029E-1,2.220907658E-1
2.605132896E1,7.388783097E-1,-7.732259482E-2,2.716938555E-1
2.606137496E1,8.360831141E-1,-6.633066386E-2,2.246443331E-1
2.607142096E1,8.646288514E-1,-1.708241254E-1,2.196706831E-1
2.608146696E1,8.504635096E-1,-1.372478995E-2,2.116833329E-1
2.609151296E1,7.841483355E-1,-1.277005374E-1,1.977321357E-1
2.610155896E1,7.604302168E-1,-3.234540522E-1,1.671571732E-1
2.611160496E1,5.805382133E-1,-1.569487005E-1,1.490027085E-2
2.612165196E1,5.833622217E-1,-1.299200207E-1,1.208946109E-1
2.613169796E1,5.573729873E-1,-1.712828726E-1,-4.430155456E-2
2.614174396E1,6.027455330E-1,-2.553396821E-1,-8.205985278E-2
2.615178996E1,4.849472046E-1,-1.631205827E-1,-8.620654792E-2
2.616183596E1,5.170138478E-1,-1.028575003E-1,-7.064329833E-2
2.617188196E1,6.073170304E-1,-1.638954431E-1,-2.039103583E-2
2.618192796E1,5.137692690E-1,-9.379890561E-2,-7.483243942E-2
2.619197396E1,4.733023942E-1,-1.658876836E-1,-1.793580651E-1
2.620201996E1,5.037454963E-1,-2.533656061E-1,-1.375419460E-2
2.621206596E1,4.862598479E-1,-1.825611442E-1,-7.162172347E-2
2.622211196E1,4.662890732E-1,-2.047303617E-1,-1.221101955E-1
2.623215796E1,5.758775473E-1,-2.664249241E-1,-1.220115870E-1
2.624220396E1,6.816500425E-1,-2.594021559E-1,-3.820936009E-2
2.625224996E1,5.134253502E-1,-2.198614031E-1,-1.045047194E-1
2.626229596E1,5.502573848E-1,-2.402867824E-1,-6.002540514E-2
2.627234196E1,4.909164906E-1,-2.864729762E-1,-7.646379620E-2
2.628238796E1,4.321213365E-1,-4.236358702E-1,-1.284468472E-1
2.629243396E1,3.415352106E-1,-3.244341016E-1,-1.102427021E-2
2.630247996E1,2.807344496E-1,-3.275223076E-1,1.110952720E-2
2.631252596E1,2.929965556E-1,-4.529239535E-1,2.539980784E-2
2.632257296E1,2.283115685E-1,-3.220953643E-1,3.557042032E-2
2.633261896E1,1.213909537E-1,-3.155320585E-1,-2.653603628E-2
2.634266496E1,9.979537874E-2,-3.924505413E-1,-2.342413366E-2
2.635271096E1,3.671502694E-2,-3.047263622E-1,-1.000219397E-2
2.636275696E1,-1.043355688E-1,-2.717260718E-1,-1.436862200E-1
2.637280296E1,-2.240341604E-1,-3.846152723E-1,-1.896685958E-1
2.638284896E1,-3.244411945E-1,-3.840128779E-1,-2.446554154E-1
2.639289496E1,-5.239123106E-1,-4.525761306E-1,-5.303316116E-1
2.640294096E1,-5.535370708E-1,-5.107286572E-1,-3.513903618E-1
2.641298696E1,-5.045720935E-1,-3.169434369E-1,-3.737755716E-1
2.642303296E1,-4.023455977E-1,-2.686773539E-1,-2.026901096E-1
2.643307896E1,-4.665883482E-1,-1.270349324E-1,-3.419971466E-2
2.644312496E1,-2.721086144E-1,-8.509759605E-2,8.323583752E-2
2.645317096E1,-2.032360137E-1,-2.027898431E-1,1.804789156E-1
2.646321696E1,-3.615915030E-2,-3.129216731E-1,-4.314645380E-2
2.647326296E1,-6.031487510E-2,-3.405782580E-1,-1.628481895E-1
2.648330896E1,-1.443770230E-1,-4.065660536E-1,1.327677350E-2
2.649335546E1,-2.310714275E-1,-3.118691146E-1,8.274852484E-2
2.650340146E1,-3.329282999E-1,-2.826907039E-1,1.709785759E-1
2.651344746E1,-5.149919391E-1,-2.600749135E-1,2.509797513E-1
2.652349346E1,-5.536096096E-1,-3.601439893E-1,3.136194050E-1
2.653353946E1,-4.997615218E-1,-3.406216502E-1,4.118108153E-1
2.654358546E1,-4.850097299E-1,-2.973367572E-1,3.635037541E-1
2.655363246E1,-6.241136789E-1,-3.171069324E-1,2.203620523E-1
2.656367846E1,-7.469453216E-1,-3.667621017E-1,1.610430777E-1
2.657372446E1,-6.910653114E-1,-4.448581040E-1,1.616095006E-1
2.658377046E1,-6.503620744E-1,-5.431868434E-1,1.581982523E-1
2.659381646E1,-6.479883790E-1,-5.923735499E-1,2.103493363E-1
2.660386246E1,-7.050951123E-1,-5.213960409E-1,2.813806534E-1
2.661390846E1,-7.114973664E-1,-3.756256402E-1,2.937125266E-1
2.662395446E1,-7.059236169E-1,-2.774221301E-1,3.538930416E-1
2.663400046E1,-6.515274048E-1,-3.322575092E-1,4.515857995E-1
2.664404646E1,-6.005814075E-1,-3.353254497E-1,3.980568051E-1
2.665409246E1,-5.942719579E-1,-4.812548757E-1,1.681742966E-1
2.666413846E1,-5.995167494E-1,-6.489477158E-1,-9.273985028E-2
2.667418446E1,-5.885034800E-1,-7.140103579E-1,-2.569635510E-1
2.668423046E1,-5.758617520E-1,-7.467381954E-1,-1.689849794E-1
2.669427646E1,-5.566771030E-1,-6.894913912E-1,-9.633985907E-2
2.670432246E1,-4.259955287E-1,-8.060475588E-1,6.897000223E-2
2.671436846E1,-4.259843230E-1,-8.279371262E-1,1.508467942E-1
2.672441446E1,-4.113419950E-1,-8.399940729E-1,1.169769913E-1
2.673446046E1,-3.183957040E-1,-8.236771226E-1,1.538254917E-1
2.674450646E1,-3.088096380E-1,-8.799233437E-1,2.466544956E-1
2.675455246E1,-3.590878248E-1,-8.215134740E-1,4.274695516E-1
2.676459846E1,-4.062462747E-1,-7.193394303E-1,3.963302672E-1
2.677464446E1,-5.796020627E-1,-7.832614183E-1,4.363391995E-1
2.678469046E1,-6.087780595E-1,-7.714042068E-1,4.185924530E-1
2.679473646E1,-7.070025802E-1,-6.753540039E-1,3.572660685E-1
2.680478346E1,-8.045059443E-1,-6.793646812E-1,2.991186082E-1
2.681482946E1,-7.923831940E-1,-7.665946484E-1,1.691168100E-1
2.682487546E1,-7.871194482E-1,-9.358124137E-1,2.230871841E-2
2.683492146E1,-7.875373960E-1,-9.223378301E-1,-4.495636374E-2
2.684496746E1,-7.252300978E-1,-9.485510588E-1,2.100055106E-2
2.685501346E1,-7.863175273E-1,-7.993913293E-1,-1.738304272E-2
2.686505946E1,-8.899355531E-1,-6.779890060E-1,-4.887476098E-4
2.687510546E1,-9.922826886E-1,-5.023833513E-1,9.261519648E-3
2.688515146E1,-9.870197773E-1,-4.223731756E-1,4.477290809E-2
2.689519746E1,-1.034663677E0,-7.358743548E-1,-4.544355720E-2
2.690524346E1,-1.021417141E0,-7.968804836E-1,-2.457550913E-1
2.691528946E1,-1.124884605E0,-8.958334923E-1,-9.239998460E-2
2.692533546E1,-9.787148833E-1,-9.204586744E-1,-1.540468484E-1
2.693538146E1,-1.056936741E0,-8.744578958E-1,-2.465810329E-1
2.694542746E1,-1.017322183E0,-1.003341079E0,-8.283710480E-2
2.695547346E1,-8.603631258E-1,-8.913921714E-1,-1.122717559E-1
2.696551946E1,-9.498775601E-1,-1.064286590E0,-1.334478855E-1
2.697556546E1,-9.105005264E-1,-9.823957682E-1,-1.913054287E-1
2.698561146E1,-1.034493089E0,-1.039684892E0,-2.725483775E-1
2.699565746E1,-1.148292184E0,-1.055798411E0,-2.492836118E-1
2.700570346E1,-1.148465633E0,-9.291430116E-1,-2.819086611E-1
2.701574946E1,-1.239177823E0,-1.123983264E0,-2.991680205E-1
2.702579546E1,-1.191430092E0,-1.421615243E0,-2.039195448E-1
2.703584146E1,-1.216044426E0,-1.021049023E0,-4.168890119E-1
2.704588746E1,-1.219241619E0,-1.131842136E0,-4.805100560E-1
2.705593346E1,-1.184681058E0,-1.417836905E0,-4.508225322E-1
2.706597946E1,-1.284520864E0,-1.186390162E0,-4.753406644E-1
2.707602546E1,-1.200485945E0,-1.009592175E0,-4.538302422E-1
2.708607146E1,-1.296285987E0,-7.649039030E-1,-3.619234860E-1
2.709611746E1,-1.253711700E0,-1.108942986E0,-3.729545772E-1
2.710616346E1,-1.090683937E0,-7.623839378E-1,-4.402129650E-1
2.711620946E1,-1.212476373E0,-5.842498541E-1,-3.432419598E-1
2.712625546E1,-1.367673516E0,-1.548339725E0,-6.934487224E-1
2.713630246E1,-1.462616205E0,-1.234761119E0,-8.492009044E-1
2.714634846E1,-1.648126960E0,-1.468433380E0,-6.698015928E-1
2.715639446E1,-1.622386098E0,-1.312108517E0,-4.302963018E-1
2.716644046E1,-1.758402228E0,-1.444547296E0,-3.696761131E-1
2.717648646E1,-1.744405389E0,-1.478114963E0,-2.467233837E-1
2.718653246E1,-1.776409149E0,-9.032317400E-1,-1.346796751E-1
2.719657846E1,-1.867161036E0,-8.046332598E-1,-2.592532150E-2
2.720662446E1,-1.969550490E0,-4.811377227E-1,5.867735147E-1
2.721667046E1,-1.992265463E0,-2.621316910E-1,5.979905725E-1
2.722671646E1,-2.014357805E0,-8.807948232E-2,5.416578054E-1
2.723676246E1,-2.226362944E0,-4.024754465E-1,-1.962870955E-1
2.724680846E1,-2.482000828E0,-9.467539191E-1,-1.215008855E0
2.725685446E1,-2.428812027E0,-7.195952535E-1,-1.496026516E0
2.726690046E1,-2.398393393E0,-1.114856005E0,-1.343620420E0
2.727694646E1,-2.510818720E0,-1.795895815E0,-1.526733160E0
2.728699246E1,-2.208518982E0,-2.134390116E0,-1.396065354E0
2.729703846E1,-2.034748316E0,-1.749994993E0,-1.007384539E0
2.730708446E1,-2.131881714E0,-1.167466283E0,-8.260232806E-1
2.731713046E1,-2.218223572E0,-1.386182785E0,-7.334843874E-1
2.732717646E1,-2.309084177E0,-8.680739403E-1,-5.526656508E-1
2.733722246E1,-2.442174196E0,-5.206263065E-1,-3.102112412E-1
2.734726846E1,-2.580173492E0,-6.585564613E-1,-3.967597187E-1
2.735731446E1,-2.582694769E0,-8.164793849E-1,-3.128249347E-1
2.736736046E1,-2.408713102E0,-1.028393269E0,-4.502736032E-1
2.737740646E1,-2.585711479E0,-1.077690482E0,-7.803846598E-1
2.738745246E1,-2.630175829E0,-1.160120130E0,-7.102098465E-1
2.739749846E1,-2.522686720E0,-1.018176675E0,-5.879179835E-1
2.740754446E1,-2.534082413E0,-1.172543049E0,-4.940762222E-1
2.741759046E1,-2.487388611E0,-1.137577415E0,-5.040267110E-1
2.742763646E1,-2.404906034E0,-7.502248883E-1,-3.107475638E-1
2.743768246E1,-2.559735060E0,-8.018878698E-1,-3.022490144E-1
2.744772846E1,-2.732666016E0,-9.746434093E-1,-2.213831991E-1
2.745777446E1,-2.719693661E0,-8.055405617E-1,-2.813250124E-1
2.746782046E1,-2.764644146E0,-7.754971981E-1,-4.394472837E-1
2.747786646E1,-2.709584236E0,-1.127818346E0,-4.674333334E-1
2.748791246E1,-2.570520163E0,-1.056795001E0,-5.032637715E-1
2.749795833E1,-2.512190104E0,-1.120688319E0,-4.335967302E-1
2.750800433E1,-2.414165735E0,-1.368604898E0,-4.082213342E-1
2.751805033E1,-2.413088083E0,-1.066416144E0,-3.081399798E-1
2.752809633E1,-2.428380728E0,-1.072898030E0,-3.263794482E-1
2.753814233E1,-2.393693686E0,-1.315387607E0,-3.539134860E-1
2.754818833E1,-2.323985338E0,-1.262326241E0,-2.583970726E-1
2.755823533E1,-2.289136648E0,-1.138878584E0,-2.958559394E-1
2.756828133E1,-2.365849495E0,-1.162887812E0,-2.751961946E-1
2.757832733E1,-2.283294678E0,-1.320789218E0,-4.634149373E-1
2.758837333E1,-2.290260077E0,-1.173470378E0,-4.458897412E-1
2.759841933E1,-2.284349442E0,-1.239900112E0,-4.491212964E-1
2.760846533E1,-2.238422871E0,-1.333884358E0,-6.667732000E-1
2.761851133E1,-2.103906155E0,-1.442841053E0,-4.574752748E-1
2.762855733E1,-2.024132013E0,-1.319875956E0,-4.070355296E-1
2.763860333E1,-2.113893032E0,-1.227651358E0,-4.296431839E-1
2.764864933E1,-2.018112183E0,-1.211426258E0,-3.473807871E-1
2.765869533E1,-1.975893855E0,-1.188076138E0,-2.812971771E-1
2.766874133E1,-1.989483476E0,-1.209570408E0,-2.524333000E-1
2.767878733E1,-2.035975933E0,-1.167092085E0,-2.910978198E-1
2.768883333E1,-2.055180788E0,-1.171674132E0,-2.260727286E-1
2.769887933E1,-2.047028065E0,-1.241348386E0,-3.019517064E-1
2.770892533E1,-1.965642214E0,-1.222854614E0,-2.208224982E-1
2.771897133E1,-1.946461320E0,-1.190435171E0,-2.914173007E-1
2.772901733E1,-1.887602448E0,-1.158824444E0,-2.181771994E-1
2.773906333E1,-1.881509304E0,-1.236212373E0,-1.905133128E-1
2.774910933E1,-1.828011751E0,-1.332681656E0,-1.478572041E-1
2.775915533E1,-1.777618051E0,-1.331150055E0,-2.036516368E-1
2.776920133E1,-1.769533753E0,-1.398109674E0,-1.529485136E-1
2.777924733E1,-1.731686950E0,-1.497343659E0,-1.488269120E-1
2.778929333E1,-1.785625815E0,-1.469354391E0,-1.821377277E-1
2.779933933E1,-1.725513101E0,-1.536430717E0,-1.420982033E-1
2.780938533E1,-1.695447326E0,-1.507836342E0,-2.353602350E-1
2.781943133E1,-1.646797776E0,-1.556557298E0,-2.826620042E-1
2.782947733E1,-1.569961309E0,-1.606596828E0,-2.080758810E-1
2.783952333E1,-1.607545972E0,-1.525092959E0,-2.725808322E-1
2.784956933E1,-1.593953729E0,-1.419385791E0,-8.266416937E-2
2.785961533E1,-1.511136413E0,-1.375993848E0,8.002775162E-2
2.786966133E1,-1.501813173E0,-1.292613983E0,1.004264951E-1
2.787970733E1,-1.508599758E0,-1.414846659E0,8.059411496E-2
2.788975433E1,-1.433706641E0,-1.505595446E0,2.352336980E-2
2.789980033E1,-1.393042326E0,-1.505186439E0,1.941945590E-2
2.790984633E1,-1.415642738E0,-1.552133083E0,-2.100093849E-2
2.791989233E1,-1.396040559E0,-1.481431365E0,-3.479370847E-2
2.792993833E1,-1.391288161E0,-1.493799090E0,-4.512597248E-2
2.793998433E1,-1.299130082E0,-1.466154695E0,2.411804721E-2
2.795003033E1,-1.428028226E0,-1.360358000E0,-5.785964429E-2
2.796007633E1,-1.403981447E0,-1.454131722E0,-4.966381565E-2
2.797012233E1,-1.262767076E0,-1.346562982E0,-4.423633218E-3
2.798016833E1,-1.308230162E0,-1.296197176E0,-4.959480092E-2
2.799021433E1,-1.236981273E0,-1.384862781E0,-1.262320019E-2
2.800026033E1,-1.148092389E0,-1.362865925E0,-1.821104623E-2
2.801030633E1,-1.141785502E0,-1.414144754E0,-1.770238206E-2
2.802035233E1,-1.223690629E0,-1.347404122E0,-5.005592108E-2
2.803039833E1,-1.143415213E0,-1.409987569E0,1.408364717E-2
2.804044433E1,-1.057792783E0,-1.481279612E0,4.686638713E-2
2.805049033E1,-1.110497832E0,-1.412862778E0,2.910070494E-2
2.806053633E1,-1.132226944E0,-1.446644306E0,-1.238328964E-2
2.807058233E1,-1.045390606E0,-1.503837824E0,2.574518695E-2
2.808062833E1,-1.006700039E0,-1.456944823E0,3.135123104E-2
2.809067433E1,-1.030348420E0,-1.449058175E0,1.797710359E-2
2.810072033E1,-9.818627834E-1,-1.508726001E0,6.030951440E-2
2.811076633E1,-9.721038938E-1,-1.436850429E0,7.160451263E-2
2.812081233E1,-1.023819804E0,-1.394208908E0,9.998263419E-2
2.813085833E1,-1.044556737E0,-1.315613389E0,1.380357444E-1
2.814090433E1,-9.877222776E-1,-1.249433637E0,1.458540857E-1
2.815095033E1,-8.552193046E-1,-1.246446609E0,1.084119007E-1
2.816099633E1,-8.408198953E-1,-1.291052938E0,7.254429162E-2
2.817104233E1,-8.035971522E-1,-1.235529542E0,6.143625081E-2
2.818108833E1,-6.956204176E-1,-1.275957704E0,8.094081283E-2
2.819113533E1,-6.508337259E-1,-1.339217424E0,7.045328617E-2
2.820118133E1,-6.245874166E-1,-1.322706699E0,7.075051777E-3
2.821122733E1,-6.025716066E-1,-1.409961104E0,-7.196623832E-2
2.822127333E1,-5.794581175E-1,-1.460793614E0,-5.301596224E-2
2.823131933E1,-5.644365549E-1,-1.412412047E0,-6.522628665E-2
2.824136533E1,-5.242592692E-1,-1.493484378E0,-1.456184536E-1
2.825141133E1,-4.817906320E-1,-1.486278415E0,-1.102500707E-1
2.826145733E1,-5.032953024E-1,-1.412202716E0,-1.271949857E-1
2.827150333E1,-4.462224543E-1,-1.412269711E0,-1.780139655E-1
2.828154933E1,-4.157994688E-1,-1.415806890E0,-1.753359586E-1
2.829159533E1,-4.434801042E-1,-1.409552455E0,-1.614196151E-1
2.830164133E1,-4.298130274E-1,-1.400127411E0,-1.333807260E-1
2.831168733E1,-4.322096109E-1,-1.448354840E0,-1.512356102E-1
2.832173333E1,-4.114327431E-1,-1.336678147E0,-8.975297213E-2
2.833177933E1,-4.466336071E-1,-1.305310369E0,-1.070941463E-1
2.834182533E1,-3.902188838E-1,-1.415024400E0,-3.035444021E-2
2.835187133E1,-4.278578758E-1,-1.411735177E0,3.258990124E-2
2.836191733E1,-4.437205195E-1,-1.408722043E0,-1.875014231E-2
2.837196333E1,-3.662278652E-1,-1.412354589E0,-1.423847955E-2
2.838200933E1,-3.488545716E-1,-1.383585334E0,-1.303051366E-3
2.839205533E1,-3.498852253E-1,-1.376235247E0,-7.490616292E-2
2.840210133E1,-3.115783632E-1,-1.477882624E0,1.521430723E-2
2.841214733E1,-3.428028524E-1,-1.429433823E0,-3.110924736E-2
2.842219333E1,-3.919833004E-1,-1.378457665E0,-1.728384942E-2
2.843223933E1,-3.627772331E-1,-1.415255070E0,-3.122949228E-2
2.844228533E1,-4.891322255E-1,-1.378753066E0,-6.172982231E-2
2.845233133E1,-4.430137277E-1,-1.309954882E0,-6.660606712E-2
2.846237733E1,-4.206295907E-1,-1.272581816E0,-6.175325066E-2
2.847242333E1,-3.277611732E-1,-1.307277203E0,-6.557568908E-2
2.848246933E1,-2.495936751E-1,-1.251125336E0,-6.466973573E-2
2.849251658E1,-2.537271678E-1,-1.296600342E0,-1.530691087E-1
2.850256258E1,-1.296766847E-1,-1.387510538E0,-6.149875000E-2
2.851260858E1,-1.911536306E-1,-1.355405807E0,-6.430891156E-2
2.852265458E1,-1.461591274E-1,-1.395931363E0,-1.325521767E-1
2.853270058E1,-8.748808503E-2,-1.349482298E0,-8.845449239E-2
2.854274658E1,-3.600641713E-2,-1.273673058E0,-2.069464773E-1
2.855279258E1,-1.083740890E-1,-1.288955927E0,-1.577959806E-1
2.856283858E1,-1.164712682E-1,-1.338263035E0,-1.059173718E-1
2.857288458E1,-7.979395241E-2,-1.330945969E0,-1.292381287E-1
2.858293058E1,-1.138728261E-1,-1.407233477E0,-1.648722440E-1
2.859297658E1,-1.208095625E-1,-1.262022495E0,-6.722957641E-2
2.860302258E1,-1.967111230E-1,-1.212410569E0,-1.888849288E-1
2.861306858E1,-1.701540798E-1,-1.254971623E0,-7.226376981E-2
2.862311458E1,-1.730731875E-1,-1.185804486E0,-5.107502267E-2
2.863316058E1,-1.747816056E-1,-1.214603543E0,-1.497070640E-1
2.864320658E1,-1.451181173E-1,-1.209380865E0,-5.998092517E-2
2.865325258E1,-9.020693600E-2,-1.232677937E0,-9.229119122E-2
2.866329858E1,-1.338023543E-1,-1.231889606E0,-7.274226099E-2
2.867334458E1,-8.947110921E-2,-1.207910299E0,-1.393407285E-1
2.868339058E1,-1.033788826E-2,-1.301633477E0,-1.266838610E-1
2.869343658E1,1.676643267E-2,-1.194750667E0,-1.181976944E-1
2.870348258E1,1.156242043E-1,-1.238284707E0,-1.425067335E-1
2.871352858E1,9.872698039E-2,-1.421485782E0,-1.982485652E-1
2.872357458E1,1.776683778E-1,-1.473641992E0,-1.110695526E-1
2.873362058E1,2.502653301E-1,-1.438716173E0,-5.902979150E-2
2.874366658E1,2.354849130E-1,-1.560810804E0,-1.147494242E-1
2.875371258E1,2.244695425E-1,-1.496423006E0,-3.549402207E-2
2.876375858E1,2.658663988E-1,-1.384400606E0,-8.595865965E-2
2.877380458E1,2.544246614E-1,-1.421889186E0,-1.301796585E-1
2.878385058E1,2.288615704E-1,-1.524254084E0,-7.893538475E-2
2.879389658E1,2.440298647E-1,-1.447072744E0,-4.785203561E-2
2.880394358E1,1.790998727E-1,-1.480289817E0,-7.061859965E-2
2.881398958E1,1.369502842E-1,-1.365727305E0,-7.080315799E-2
2.882403558E1,7.038580626E-2,-1.297766447E0,-9.004649520E-2
2.883408158E1,4.961421341E-2,-1.334077597E0,-1.375327855E-1
2.884412758E1,4.083784670E-2,-1.312530518E0,-3.598151729E-2
2.885417358E1,-8.533313870E-2,-1.328229904E0,-1.603788435E-1
2.886421958E1,-3.463267908E-2,-1.323104262E0,-9.873230755E-2
2.887426558E1,2.168412507E-2,-1.264916301E0,-3.402255476E-2
2.888431158E1,-9.388463199E-2,-1.245908856E0,-2.543717921E-1
2.889435758E1,8.982927352E-2,-1.385115385E0,-6.773772836E-2
2.890440358E1,9.466922283E-2,-1.487748504E0,-9.870899469E-2
2.891444958E1,-1.138317585E-2,-1.340644717E0,-2.272219658E-1
2.892449558E1,6.489969045E-2,-1.303665996E0,-2.284553647E-1
2.893454158E1,1.353203207E-1,-1.306396008E0,-1.850306541E-1
2.894458758E1,3.566750139E-2,-1.296880841E0,-2.659899890E-1
2.895463358E1,1.500255018E-1,-1.429499149E0,-1.467376351E-1
2.896467958E1,1.298315674E-1,-1.502866030E0,-1.292628348E-1
2.897472558E1,8.388992399E-2,-1.374994040E0,-1.262513399E-1
2.898477158E1,6.073397398E-2,-1.135336876E0,-1.497366726E-1
2.899481758E1,6.002663821E-2,-1.247858882E0,-1.605792046E-1
2.900486358E1,7.548295707E-2,-1.237491608E0,-2.052566260E-1
2.901490958E1,1.219998598E-1,-1.263097644E0,-2.227464020E-1
2.902495558E1,1.196414456E-1,-1.349403262E0,-1.528234780E-1
2.903500158E1,7.167817652E-2,-1.348532081E0,-1.515768468E-1
2.904504758E1,6.315398961E-2,-1.382938266E0,-2.676039934E-1
2.905509358E1,1.270168573E-1,-1.525038719E0,-2.892280519E-1
2.906513958E1,2.264481038E-1,-1.565245271E0,-2.164225429E-1
2.907518558E1,3.319770396E-1,-1.598628163E0,-2.824635804E-1
2.908523158E1,4.555778205E-1,-1.738908648E0,-1.901802123E-1
2.909527758E1,4.011441469E-1,-1.661001801E0,-2.200214565E-1
2.910532458E1,3.000679016E-1,-1.563163757E0,-2.465794086E-1
2.911537058E1,2.825496197E-1,-1.580626845E0,-2.340918481E-1
2.912541658E1,2.656630278E-1,-1.585375071E0,-3.157659471E-1
2.913546258E1,3.515365720E-1,-1.606326818E0,-1.844127476E-1
2.914550858E1,4.006457031E-1,-1.625081539E0,-2.497456223E-1
2.915555458E1,4.023613334E-1,-1.593703151E0,-3.294481635E-1
2.916560058E1,3.978619277E-1,-1.663842440E0,-2.749302685E-1
2.917564658E1,4.010654390E-1,-1.632430673E0,-3.302060664E-1
2.918569258E1,3.839743137E-1,-1.626628637E0,-2.696056962E-1
2.919573858E1,4.228401780E-1,-1.579524398E0,-2.075266242E-1
2.920578458E1,3.954089284E-1,-1.533092022E0,-2.486268282E-1
2.921583058E1,4.377491772E-1,-1.525003195E0,-3.100616932E-1
2.922587658E1,5.038713217E-1,-1.649327755E0,-3.575879335E-1
2.923592258E1,4.649279416E-1,-1.628553271E0,-3.079029322E-1
2.924596858E1,4.383660555E-1,-1.549298406E0,-2.003337145E-1
2.925601458E1,4.134537578E-1,-1.558382154E0,-1.432275623E-1
2.926606058E1,2.652482092E-1,-1.468924165E0,-1.546662450E-1
2.927610658E1,2.047587633E-1,-1.496923923E0,-1.901848167E-1
2.928615258E1,2.284534872E-1,-1.489293933E0,-1.815604419E-1
2.929619858E1,2.404022962E-1,-1.594962239E0,-1.941630542E-1
2.930624458E1,5.163224787E-2,-1.497704268E0,-1.928591430E-1
2.931629058E1,-5.992437527E-2,-1.471394658E0,-2.418381274E-1
2.932633658E1,1.204871833E-1,-1.522112608E0,-2.358553261E-1
2.933638258E1,2.055927664E-1,-1.519186497E0,-9.247713536E-2
2.934642858E1,5.989079177E-2,-1.604523897E0,-4.005326927E-1
2.935647458E1,8.093669266E-2,-1.608704567E0,-4.677250385E-1
2.936652058E1,9.075169265E-2,-1.701056361E0,-3.273680210E-1
2.937656658E1,4.611018673E-2,-1.589661598E0,-3.134793639E-1
2.938661258E1,1.796061993E-1,-1.494378448E0,-4.905665517E-1
2.939665858E1,2.939727306E-1,-1.687186241E0,-4.654247165E-1
2.940670458E1,2.260456532E-1,-1.685100436E0,-3.876481950E-1
2.941675058E1,2.965198159E-1,-1.567411304E0,-5.314333439E-1
2.942679758E1,2.279608101E-1,-1.737075686E0,-3.220520318E-1
2.943684358E1,9.682888538E-2,-1.533578277E0,-3.466274142E-1
2.944688958E1,2.034970969E-1,-1.623620749E0,-5.396268964E-1
2.945693558E1,2.920927405E-1,-1.808930755E0,-3.437359333E-1
2.946698158E1,1.169748232E-1,-1.746976852E0,-4.981517792E-1
2.947702758E1,1.471247375E-1,-1.801053882E0,-4.315716922E-1
2.948707358E1,2.551668137E-2,-1.830810905E0,-4.173321128E-1
2.949711888E1,9.639005363E-2,-1.798987746E0,-5.190560818E-1
2.950716488E1,9.491884708E-2,-1.795616031E0,-5.464574099E-1
2.951721088E1,6.784035265E-2,-1.850443006E0,-5.879926085E-1
2.952725688E1,2.922747284E-2,-1.852963924E0,-5.539712906E-1
2.953730288E1,-4.182415083E-3,-1.847432613E0,-4.180555344E-1
2.954734888E1,-1.203681603E-1,-1.788450003E0,-4.402590394E-1
2.955739487E1,2.528250590E-2,-1.836525917E0,-5.554983020E-1
2.956744087E1,1.153633669E-1,-1.847999454E0,-4.872536063E-1
2.957748688E1,1.056561470E-1,-1.822052240E0,-5.708214641E-1
2.958753288E1,9.884891659E-2,-1.908950806E0,-3.466876745E-1
2.959757888E1,7.352785021E-2,-1.782578707E0,-4.970856905E-1
2.960762488E1,1.658625305E-1,-1.849880934E0,-5.151346922E-1
2.961767088E1,9.043540806E-2,-1.862011671E0,-4.136879444E-1
2.962771688E1,5.077003036E-3,-1.796869159E0,-5.570258498E-1
2.963776288E1,-1.061567292E-2,-1.907355189E0,-4.133186936E-1
2.964780888E1,-1.172871590E-1,-1.808108330E0,-3.864807785E-1
2.965785488E1,-1.752109230E-1,-1.771641135E0,-5.004028082E-1
2.966790088E1,-1.976434737E-1,-1.919121861E0,-4.330955744E-1
2.967794687E1,-1.670477390E-1,-1.968167901E0,-4.762872458E-1
2.968799287E1,-1.988445967E-1,-1.794575095E0,-4.733839035E-1
2.969803888E1,-1.685665846E-1,-1.841863751E0,-4.872792363E-1
2.970808488E1,-2.510708570E-2,-1.836902022E0,-5.610612035E-1
2.971813088E1,-6.925857067E-2,-1.863618612E0,-5.308718681E-1
2.972817688E1,-7.459146529E-2,-1.835407734E0,-6.032603383E-1
2.973822288E1,-1.360295266E-1,-1.793497920E0,-6.749805808E-1
2.974826888E1,-1.104207858E-1,-1.888309836E0,-6.042543054E-1
2.975831488E1,-1.102061346E-1,-1.930983067E0,-6.898264885E-1
2.976836088E1,-8.373127133E-2,-1.923787117E0,-6.343064904E-1
2.977840688E1,-8.128329366E-2,-1.951932788E0,-6.431382895E-1
2.978845287E1,-1.701434106E-1,-1.783451796E0,-8.375400305E-1
2.979849988E1,-1.332469136E-1,-1.923993468E0,-6.327386498E-1
2.980854588E1,-2.677049302E-2,-1.839271426E0,-5.506986976E-1
2.981859188E1,-8.800801635E-2,-1.843217731E0,-6.210876703E-1
2.982863788E1,-3.312754259E-2,-1.895650148E0,-4.732239246E-1
2.983868388E1,-1.053111851E-1,-1.761417270E0,-5.213965178E-1
2.984872988E1,-8.525775373E-2,-1.860275388E0,-5.005467534E-1
2.985877588E1,-4.045538977E-2,-1.872879624E0,-4.811957181E-1
2.986882188E1,-2.884198166E-2,-1.847130060E0,-4.607129395E-1
2.987886788E1,-1.572804339E-2,-1.778566122E0,-4.525063932E-1
2.988891387E1,-1.577606499E-1,-1.749870777E0,-4.313530922E-1
2.989895987E1,-1.688071787E-1,-1.782016754E0,-4.428150654E-1
2.990900588E1,-5.990207940E-2,-1.822113633E0,-5.134021640E-1
2.991905188E1,-8.031627536E-2,-1.813623548E0,-4.997414947E-1
2.992909788E1,-1.599205583E-1,-1.768139243E0,-6.160135865E-1
2.993914388E1,-2.543698549E-1,-1.713277102E0,-9.926910996E-1
2.994918988E1,-2.580971718E-1,-1.761373162E0,-7.985879183E-1
2.995923588E1,-2.563631833E-1,-1.697084904E0,-8.084304333E-1
2.996928188E1,-2.486230731E-1,-1.869761586E0,-6.557021141E-1
2.997932788E1,-3.595541418E-1,-1.824379444E0,-9.553932548E-1
2.998937388E1,-2.869528830E-1,-1.862608910E0,-6.716520786E-1
2.999941988E1,-2.406724840E-1,-1.780756593E0,-6.348948479E-1
3.000946587E1,-2.622720003E-1,-1.817533970E0,-6.792630553E-1
3.001951187E1,-1.103684753E-1,-1.773767829E0,-5.605262518E-1
3.002955788E1,-2.166926861E-1,-1.646407962E0,-5.053763986E-1
3.003960388E1,-2.453781217E-1,-1.640566826E0,-5.699170828E-1
3.004964988E1,-1.785113961E-1,-1.623597741E0,-5.980284214E-1
3.005969588E1,-3.323653936E-1,-1.676367283E0,-4.946410656E-1
3.006974188E1,-4.768008590E-1,-1.588571906E0,-3.970902860E-1
3.007978788E1,-1.670773774E-1,-1.677515030E0,-3.199464977E-1
3.008983388E1,-2.458219230E-1,-1.606759191E0,-2.828405499E-1
3.009987988E1,-2.446099073E-1,-1.658614635E0,-1.661299318E-1
3.010992588E1,-9.104191512E-2,-1.578438044E0,-1.606776416E-1
3.011997187E1,-1.318324655E-1,-1.599510312E0,-1.646479368E-1
3.013001787E1,-2.869325578E-1,-1.598226428E0,-8.337572217E-2
3.014006388E1,-3.089337647E-1,-1.541820765E0,-2.301586047E-2
3.015010988E1,-3.793297708E-1,-1.545401454E0,-1.374090463E-1
3.016015588E1,-5.436468124E-1,-1.586260200E0,-4.523763061E-1
3.017020188E1,-4.692592025E-1,-1.653159857E0,-4.319837093E-1
3.018024788E1,-4.605653286E-1,-1.649114609E0,-4.782063365E-1
3.019029388E1,-4.338778257E-1,-1.721007466E0,-4.896607101E-1
3.020033988E1,-3.726940751E-1,-1.672106504E0,-4.642488062E-1
3.021038588E1,-3.213594854E-1,-1.631042242E0,-4.332575798E-1
3.022043188E1,-3.035325408E-1,-1.576659679E0,-5.794443488E-1
3.023047787E1,-3.117434680E-1,-1.606549978E0,-6.901187301E-1
3.024052387E1,-3.098558187E-1,-1.552416682E0,-4.840105772E-1
3.025056988E1,-2.671947181E-1,-1.557346225E0,-4.577090740E-1
3.026061588E1,-2.942726612E-1,-1.592098117E0,-4.590728581E-1
3.027066188E1,-2.738448083E-1,-1.573237538E0,-4.136402309E-1
3.028070788E1,-2.783879042E-1,-1.498425126E0,-3.659765720E-1
3.029075388E1,-1.795854717E-1,-1.531265497E0,-3.842340708E-1
3.030079988E1,-6.007531658E-2,-1.525542855E0,-3.690500557E-1
3.031084588E1,-1.395177394E-1,-1.429744482E0,-3.058728278E-1
3.032089188E1,-1.552026868E-1,-1.403979421E0,-2.938382924E-1
3.033093788E1,-1.692077667E-1,-1.418818951E0,-3.885396719E-1
3.034098387E1,-3.492614329E-1,-1.422568679E0,-3.777746260E-1
3.035102987E1,-3.058187068E-1,-1.429041386E0,-4.213096499E-1
3.036107588E1,-3.180511296E-1,-1.455837250E0,-5.301538706E-1
3.037112188E1,-4.819602072E-1,-1.463173747E0,-5.881510377E-1
3.038116788E1,-3.711002767E-1,-1.483107567E0,-6.290937066E-1
3.039121388E1,-4.443168044E-1,-1.452587724E0,-6.904695034E-1
3.040125988E1,-4.417196810E-1,-1.446885109E0,-6.783183217E-1
3.041130588E1,-3.262045681E-1,-1.410262227E0,-7.572101355E-1
3.042135188E1,-2.542624772E-1,-1.435190678E0,-7.446115017E-1
3.043139788E1,-2.077245712E-1,-1.346739531E0,-7.761188149E-1
3.044144388E1,-2.687082887E-1,-1.326282263E0,-7.813993096E-1
3.045148988E1,-2.034770399E-1,-1.360977173E0,-7.607309222E-1
3.046153687E1,-1.354543120E-1,-1.382731199E0,-8.176703453E-1
3.047158288E1,-2.105159312E-1,-1.401268363E0,-8.302276134E-1
3.048162888E1,-1.097373888E-1,-1.360132575E0,-7.653729916E-1
3.049167488E1,-8.631864190E-2,-1.347925901E0,-7.926248312E-1
3.050172158E1,-8.517960459E-2,-1.400758505E0,-7.827634215E-1
3.051176758E1,-1.690937579E-1,-1.310056448E0,-8.716098070E-1
3.052181358E1,-1.724991500E-1,-1.359983444E0,-8.670843244E-1
3.053185958E1,-2.056647241E-1,-1.377555490E0,-9.570832849E-1
3.054190558E1,-1.730654985E-1,-1.461783886E0,-9.102830291E-1
3.055195158E1,-1.558970213E-1,-1.366019607E0,-9.449984431E-1
3.056199758E1,-1.582800150E-1,-1.364293098E0,-9.464913607E-1
3.057204358E1,-1.961875856E-1,-1.383427978E0,-9.976126552E-1
3.058208958E1,-1.443574131E-1,-1.371251702E0,-1.061002016E0
3.059213558E1,-1.725910306E-1,-1.322712898E0,-1.088915586E0
3.060218158E1,-2.056115717E-1,-1.297278166E0,-1.064590335E0
3.061222758E1,-2.716653347E-1,-1.258769274E0,-1.096277118E0
3.062227358E1,-2.313533276E-1,-1.308561802E0,-1.092431188E0
3.063231958E1,-1.923229396E-1,-1.284953594E0,-1.042457223E0
3.064236558E1,-2.058696449E-1,-1.264992118E0,-1.097958565E0
3.065241158E1,-1.494433731E-1,-1.302391171E0,-1.038631916E0
3.066245758E1,-9.668613970E-2,-1.256206036E0,-1.069338441E0
3.067250358E1,-1.267435402E-1,-1.231953144E0,-1.058715820E0
3.068254958E1,-1.075413525E-1,-1.113333583E0,-1.036644578E0
3.069259558E1,-1.336272955E-1,-1.068877578E0,-1.025967240E0
3.070264158E1,-2.244203240E-1,-1.058783650E0,-1.060850143E0
3.071268758E1,-1.702059805E-1,-1.015477300E0,-1.073962212E0
3.072273358E1,-1.809204072E-1,-1.074164867E0,-1.148215175E0
3.073277958E1,-1.713893265E-1,-1.136701345E0,-1.138962507E0
3.074282558E1,-2.615232170E-1,-1.089263320E0,-1.166584015E0
3.075287158E1,-2.721542418E-1,-1.123278260E0,-1.256783128E0
3.076291758E1,-1.785897017E-1,-1.135407329E0,-1.259744525E0
3.077296358E1,-1.942625493E-1,-1.091871619E0,-1.339444399E0
3.078300958E1,-1.820383817E-1,-1.107380986E0,-1.302265048E0
3.079305558E1,-2.214597315E-1,-9.370853305E-1,-1.406175733E0
3.080310158E1,-3.270039856E-1,-9.581823945E-1,-1.460840106E0
3.081314758E1,-2.459250093E-1,-1.029268026E0,-1.394856215E0
3.082319358E1,-2.013330460E-1,-9.392102957E-1,-1.373135209E0
3.083323958E1,-1.352679729E-1,-9.853538871E-1,-1.309276938E0
3.084328558E1,-2.147825062E-1,-9.386398792E-1,-1.354552269E0
3.085333158E1,-1.346134394E-1,-9.886047840E-1,-1.337257862E0
3.086337758E1,-1.123736426E-1,-9.181069136E-1,-1.283456445E0
3.087342358E1,-7.661048323E-2,-8.848711252E-1,-1.253723264E0
3.088346958E1,-8.864530921E-2,-9.225412607E-1,-1.314891577E0
3.089351558E1,-8.128225058E-2,-9.995470047E-1,-1.289353371E0
3.090356158E1,-1.315819025E-1,-9.842029810E-1,-1.226942182E0
3.091360758E1,-2.446553856E-1,-9.366835356E-1,-1.253339171E0
3.092365358E1,-2.278348655E-1,-1.001630187E0,-1.229577184E0
3.093369958E1,-2.730223835E-1,-9.571663141E-1,-1.267112374E0
3.094374558E1,-2.647452950E-1,-9.398773313E-1,-1.263280630E0
3.095379158E1,-2.326433659E-1,-9.284226298E-1,-1.291123390E0
3.096383758E1,-2.605831027E-1,-8.871021271E-1,-1.257792354E0
3.097388358E1,-4.033554196E-1,-8.210999966E-1,-1.353963971E0
3.098392958E1,-3.619536459E-1,-8.693729639E-1,-1.300725818E0
3.099397558E1,-3.251382113E-1,-7.763798833E-1,-1.211462021E0
3.100402158E1,-4.186300933E-1,-7.166981697E-1,-1.256988764E0
3.101406758E1,-4.319372177E-1,-7.473860979E-1,-1.290715337E0
3.102411358E1,-4.257424474E-1,-6.972768307E-1,-1.230374813E0
3.103415958E1,-4.506255090E-1,-6.974058151E-1,-1.240115047E0
3.104420558E1,-4.686300755E-1,-6.996862888E-1,-1.298419952E0
3.105425158E1,-4.225170314E-1,-7.300085425E-1,-1.251070619E0
3.106429758E1,-4.329872429E-1,-7.228552699E-1,-1.354991198E0
3.107434358E1,-4.680330157E-1,-7.171601057E-1,-1.382695436E0
3.108438958E1,-4.918355346E-1,-6.808750629E-1,-1.352359891E0
3.109443558E1,-5.242825747E-1,-6.983705759E-1,-1.418113351E0
3.110448158E1,-5.347629189E-1,-7.160763144E-1,-1.366769195E0
3.111452758E1,-5.044313669E-1,-6.781970859E-1,-1.406682611E0
3.112457358E1,-4.369964004E-1,-6.740894318E-1,-1.397293568E0
3.113461958E1,-4.816558063E-1,-6.503443718E-1,-1.400005341E0
3.114466558E1,-5.063257217E-1,-6.187358499E-1,-1.447201371E0
3.115471158E1,-4.999164045E-1,-5.980892181E-1,-1.477597833E0
3.116475758E1,-5.682632327E-1,-5.709680915E-1,-1.476298213E0
3.117480358E1,-6.010873914E-1,-5.595551729E-1,-1.478919148E0
3.118485058E1,-5.231531858E-1,-5.575170517E-1,-1.513858676E0
3.119489658E1,-6.668754816E-1,-5.201096535E-1,-1.460253716E0
3.120494258E1,-6.689780354E-1,-5.108256340E-1,-1.455901861E0
3.121498858E1,-6.493367553E-1,-5.013317466E-1,-1.424009085E0
3.122503458E1,-7.000942230E-1,-4.960046411E-1,-1.392897248E0
3.123508058E1,-7.183544040E-1,-4.706712663E-1,-1.403675795E0
3.124512658E1,-7.138118744E-1,-4.968978167E-1,-1.378289461E0
3.125517258E1,-7.989162207E-1,-4.856089056E-1,-1.381949902E0
3.126521858E1,-8.113505244E-1,-4.905413389E-1,-1.341920376E0
3.127526458E1,-8.632436991E-1,-4.382761121E-1,-1.358112097E0
3.128531058E1,-7.641597390E-1,-4.461071193E-1,-1.298672199E0
3.129535658E1,-9.836393595E-1,-4.239093065E-1,-1.388376951E0
3.130540258E1,-9.166797996E-1,-5.259592533E-1,-1.336773753E0
3.131544858E1,-9.637561440E-1,-4.255742431E-1,-1.409450769E0
3.132549458E1,-9.264569879E-1,-3.985958993E-1,-1.320859194E0
3.133554058E1,-9.230052829E-1,-4.084639549E-1,-1.385178447E0
3.134558658E1,-1.009230733E0,-4.467743337E-1,-1.355073810E0
3.135563258E1,-1.078334093E0,-4.569503069E-1,-1.385131717E0
3.136567858E1,-1.015516043E0,-4.083268344E-1,-1.367217779E0
3.137572458E1,-9.872388244E-1,-3.712079227E-1,-1.315858603E0
3.138577058E1,-1.036414623E0,-3.303121626E-1,-1.275302291E0
3.139581658E1,-1.031210780E0,-3.054126203E-1,-1.258346438E0
3.140586258E1,-1.061164856E0,-3.364608288E-1,-1.339913011E0
3.141590858E1,-1.005503654E0,-3.772757053E-1,-1.229734778E0
3.142595458E1,-9.890501499E-1,-2.521337867E-1,-1.159179926E0
3.143600058E1,-9.800454974E-1,-2.526351213E-1,-1.223553061E0
3.144604658E1,-1.044114232E0,-2.637945712E-1,-1.162604451E0
3.145609258E1,-9.330014586E-1,-2.590908706E-1,-1.063603759E0
3.146613858E1,-9.675266743E-1,-2.210084796E-1,-1.126822352E0
3.147618458E1,-9.751818776E-1,-2.846790254E-1,-1.002589941E0
3.148623058E1,-1.129692078E0,-2.001896948E-1,-1.129896998E0
3.149627671E1,-1.094111323E0,-2.765797675E-1,-1.022521019E0
3.150632271E1,-1.217391372E0,-2.115826309E-1,-1.069726348E0
3.151636871E1,-1.266369462E0,-2.873626947E-1,-1.084321022E0
3.152641471E1,-1.214120865E0,-2.907622159E-1,-1.037609458E0
3.153646071E1,-1.201326370E0,-2.492203265E-1,-1.076934934E0
3.154650671E1,-1.232690334E0,-1.880751997E-1,-1.091295242E0
3.155655271E1,-1.242720962E0,-1.599894911E-1,-1.035806179E0
3.156659871E1,-1.277660608E0,-1.521411538E-1,-1.039476991E0
3.157664471E1,-1.255739689E0,-1.209975109E-1,-1.012370229E0
3.158669071E1,-1.277646542E0,-1.046305224E-1,-9.643382430E-1
3.159673671E1,-1.273178220E0,-1.203036010E-1,-9.073091745E-1
3.160678271E1,-1.207007527E0,-8.876910806E-2,-8.561961651E-1
3.161682871E1,-1.274555445E0,-2.476540953E-2,-8.670893908E-1
3.162687471E1,-1.273169875E0,-5.350171402E-2,-8.422074914E-1
3.163692071E1,-1.265476465E0,-1.210687216E-2,-7.788588405E-1
3.164696671E1,-1.355141044E0,-1.363623072E-3,-7.752164006E-1
3.165701271E1,-1.381811619E0,-2.243148163E-2,-8.210284114E-1
3.166705871E1,-1.409013391E0,-5.426717550E-2,-8.024752140E-1
3.167710471E1,-1.415107965E0,-5.651089549E-2,-7.574379444E-1
3.168715071E1,-1.372060418E0,-4.656398669E-2,-7.781863809E-1
3.169719671E1,-1.391011238E0,-6.134825945E-2,-7.751250863E-1
3.170724271E1,-1.384058714E0,5.788699724E-3,-7.405236959E-1
3.171728871E1,-1.358138323E0,2.947247028E-2,-7.482154965E-1
3.172733471E1,-1.401428819E0,6.805182248E-2,-7.147701979E-1
3.173738071E1,-1.409555197E0,1.018024385E-1,-6.707581878E-1
3.174742671E1,-1.319881320E0,8.524503559E-2,-6.480267644E-1
3.175747271E1,-1.400854945E0,1.245076582E-1,-6.370091438E-1
3.176751871E1,-1.333890080E0,1.865382642E-1,-4.817047417E-1
3.177756471E1,-1.298166037E0,2.132619470E-1,-5.740650296E-1
3.178761071E1,-1.378807783E0,2.216290683E-1,-5.000123978E-1
3.179765671E1,-1.368949890E0,2.903906107E-1,-4.888663888E-1
3.180770271E1,-1.406475902E0,2.944018543E-1,-4.986380637E-1
3.181774871E1,-1.443592191E0,2.652435005E-1,-4.857438207E-1
3.182779471E1,-1.418833852E0,2.511500418E-1,-4.550783038E-1
3.183784071E1,-1.392048955E0,2.358108461E-1,-4.711057842E-1
3.184788671E1,-1.410286784E0,2.744067013E-1,-4.374812245E-1
3.185793271E1,-1.427527428E0,3.112279773E-1,-4.741092324E-1
3.186797871E1,-1.445612907E0,3.063130975E-1,-5.681284070E-1
3.187802471E1,-1.452779531E0,3.033573329E-1,-5.106385946E-1
3.188807071E1,-1.433475375E0,3.401936293E-1,-5.991191864E-1
3.189811671E1,-1.449068904E0,3.075847924E-1,-5.911545753E-1
3.190816271E1,-1.408976078E0,3.208561242E-1,-5.406679511E-1
3.191820871E1,-1.396376491E0,3.803462684E-1,-5.423253775E-1
3.192825471E1,-1.570224404E0,4.515112638E-1,-6.583020091E-1
3.193830071E1,-1.341667652E0,4.438658953E-1,-5.694729686E-1
3.194834671E1,-1.265901566E0,5.152862668E-1,-3.906193376E-1
3.195839271E1,-1.392065525E0,4.852925837E-1,-3.917255402E-1
3.196843871E1,-1.432945132E0,3.709369898E-1,-5.372723341E-1
3.197848471E1,-1.328732014E0,3.116081655E-1,-4.156548381E-1
3.198853071E1,-1.293666482E0,3.874802887E-1,-3.425883353E-1
3.199857671E1,-1.339427829E0,3.638627231E-1,-4.356871843E-1
3.200862271E1,-1.335269809E0,3.573385179E-1,-2.604922056E-1
3.201866871E1,-1.356103420E0,4.618750513E-1,-2.589475811E-1
3.202871471E1,-1.280901670E0,3.989618421E-1,-2.010595053E-1
3.203876071E1,-1.218130708E0,3.687793314E-1,-1.437808871E-1
3.204880671E1,-1.300069213E0,4.464277923E-1,-1.003540456E-1
3.205885271E1,-1.312661290E0,2.912618518E-1,-1.937457472E-1
3.206889871E1,-1.154533982E0,4.055990577E-1,5.372476205E-2
3.207894471E1,-1.357595086E0,4.685933888E-1,-1.268925518E-1
3.208899071E1,-1.250705361E0,3.930331171E-1,-2.765037492E-2
3.209903671E1,-1.420825720E0,5.251996517E-1,-1.303943843E-1
3.210908271E1,-1.378072977E0,4.586211741E-1,-3.387716413E-2
3.211912871E1,-1.408678412E0,5.516501069E-1,-7.930128276E-2
3.212917471E1,-1.461723566E0,4.912360311E-1,-1.186711621E-2
3.213922071E1,-1.363729954E0,5.188379288E-1,-7.871472277E-3
3.214926671E1,-1.402118444E0,5.707786679E-1,-1.004075259E-1
3.215931271E1,-1.521567822E0,6.021994948E-1,6.091964990E-2
3.216935871E1,-1.409673810E0,5.909665823E-1,-2.049728995E-3
3.217940571E1,-1.417265058E0,5.327693224E-1,1.108998246E-2
3.218945171E1,-1.441431642E0,5.903558731E-1,1.010901779E-1
3.219949771E1,-1.296768069E0,5.951018929E-1,1.446628720E-1
3.220954371E1,-1.320296526E0,5.454770923E-1,1.796874404E-1
3.221958971E1,-1.291453958E0,5.588294268E-1,1.877777278E-1
3.222963571E1,-1.332506299E0,6.416803598E-1,2.234590352E-1
3.223968171E1,-1.277961969E0,6.498019099E-1,2.246371359E-1
3.224972771E1,-1.384572864E0,7.713256478E-1,2.213294804E-1
3.225977371E1,-1.326884151E0,7.723233700E-1,2.274300307E-1
3.226981971E1,-1.325361371E0,8.275085688E-1,1.811914295E-1
3.227986571E1,-1.435706615E0,9.237157106E-1,1.219587922E-1
3.228991171E1,-1.325515866E0,7.578145862E-1,1.116188020E-1
3.229995771E1,-1.346312404E0,8.292163014E-1,4.362114146E-2
3.231000371E1,-1.369871259E0,7.713700533E-1,1.554294229E-1
3.232004971E1,-1.226327419E0,7.856082320E-1,2.466101497E-1
3.233009571E1,-1.305855036E0,7.754016519E-1,2.304839194E-1
3.234014171E1,-1.277315378E0,6.768307686E-1,3.251295388E-1
3.235018771E1,-1.033491850E0,6.953616142E-1,3.881995976E-1
3.236023371E1,-1.109106660E0,7.727192640E-1,3.974946439E-1
3.237027971E1,-1.215826154E0,7.656022310E-1,4.565092325E-1
3.238032571E1,-8.968546391E-1,7.079330087E-1,6.173087358E-1
3.239037171E1,-1.032073379E0,7.657946944E-1,5.604256988E-1
3.240041771E1,-1.082450509E0,5.871670246E-1,6.206585765E-1
3.241046371E1,-8.108224273E-1,6.045435667E-1,5.871525407E-1
3.242050971E1,-9.232178330E-1,6.617618203E-1,5.973830819E-1
3.243055571E1,-8.881248236E-1,6.649946570E-1,5.819319487E-1
3.244060171E1,-7.930887341E-1,7.984728217E-1,4.730190933E-1
3.245064771E1,-1.029907465E0,8.532609940E-1,5.019354224E-1
3.246069371E1,-9.711061120E-1,9.108228087E-1,5.180037618E-1
3.247073971E1,-1.025634289E0,9.618662596E-1,4.792082310E-1
3.248078571E1,-1.135617137E0,9.526968598E-1,5.351652503E-1
3.249083171E1,-1.138981342E0,9.948967695E-1,4.904816747E-1
3.250087683E1,-1.254096746E0,9.716085196E-1,4.754771292E-1
3.251092283E1,-1.269258976E0,9.962019920E-1,3.856369853E-1
3.252096883E1,-1.136478066E0,8.704869747E-1,4.100343287E-1
3.253101483E1,-1.060107350E0,8.957382441E-1,4.052976370E-1
3.254106083E1,-9.556698799E-1,8.600744009E-1,4.848221540E-1
3.255110683E1,-8.176758289E-1,7.896292806E-1,5.006722212E-1
3.256115283E1,-7.947834134E-1,8.441485167E-1,5.261971951E-1
3.257119883E1,-8.786729574E-1,8.267631531E-1,5.884498954E-1
3.258124483E1,-8.281975985E-1,8.825447559E-1,5.602716804E-1
3.259129083E1,-8.000519872E-1,9.013493061E-1,6.159130931E-1
3.260133683E1,-8.874878287E-1,9.751553535E-1,6.573175788E-1
3.261138283E1,-8.719722629E-1,9.978316426E-1,6.372482181E-1
3.262142883E1,-8.610274792E-1,1.024115086E0,7.941731215E-1
3.263147483E1,-8.387759328E-1,1.066956758E0,7.363290191E-1
3.264152083E1,-9.100872278E-1,1.103279233E0,7.653113604E-1
3.265156683E1,-9.427394867E-1,1.110669494E0,7.437378764E-1
3.266161283E1,-9.450984597E-1,1.102286816E0,6.744825244E-1
3.267165883E1,-1.015869260E0,1.106494904E0,6.344200969E-1
3.268170483E1,-1.039135814E0,1.098547816E0,5.971753001E-1
3.269175083E1,-9.265072346E-1,1.072937608E0,6.511439681E-1
3.270179683E1,-9.192001224E-1,1.057401061E0,6.322379112E-1
3.271184283E1,-8.395585418E-1,1.006876469E0,6.884013414E-1
3.272188883E1,-7.904655337E-1,9.846413136E-1,6.539446712E-1
3.273193483E1,-8.247252703E-1,1.043907642E0,6.635602713E-1
3.274198083E1,-8.464009762E-1,1.079180360E0,7.305680513E-1
3.275202683E1,-8.304142952E-1,1.058651924E0,8.014640808E-1
3.276207283E1,-8.477811217E-1,1.089730024E0,8.260599375E-1
3.277211883E1,-8.114553094E-1,1.074471712E0,8.534896970E-1
3.278216483E1,-7.344312072E-1,1.079043031E0,8.610308170E-1
3.279221083E1,-7.766971588E-1,1.117235661E0,8.492106199E-1
3.280225683E1,-7.466971874E-1,1.120957375E0,8.837696314E-1
3.281230283E1,-7.457011342E-1,1.175514102E0,8.629155159E-1
3.282234883E1,-7.252942920E-1,1.208523035E0,8.648152351E-1
3.283239483E1,-7.357528210E-1,1.228842974E0,8.814408183E-1
3.284244083E1,-7.154083848E-1,1.252125025E0,8.582076430E-1
3.285248683E1,-7.085238695E-1,1.266389251E0,8.706054688E-1
3.286253283E1,-7.117717266E-1,1.291189790E0,8.345814943E-1
3.287257883E1,-6.915708780E-1,1.302918792E0,8.332978487E-1
3.288262483E1,-6.884430051E-1,1.340092540E0,8.150797486E-1
3.289267083E1,-6.244855523E-1,1.380463123E0,8.355711699E-1
3.290271683E1,-6.300356388E-1,1.429612398E0,8.102561235E-1
3.291276283E1,-6.289514303E-1,1.413747311E0,8.697415590E-1
3.292280883E1,-6.234451532E-1,1.500764728E0,8.668459058E-1
3.293285483E1,-7.032111287E-1,1.531277657E0,9.177160263E-1
3.294290083E1,-7.287095189E-1,1.553656936E0,9.185044765E-1
3.295294683E1,-6.324333549E-1,1.562283993E0,9.314693213E-1
3.296299283E1,-6.217249036E-1,1.575439930E0,9.361678362E-1
3.297303883E1,-6.339674592E-1,1.583142877E0,9.381457567E-1
3.298308483E1,-6.182152033E-1,1.558500051E0,9.230310321E-1
3.299313083E1,-5.521043539E-1,1.524164915E0,9.456273913E-1
3.300317683E1,-5.232355595E-1,1.532363534E0,1.007262468E0
3.301322283E1,-5.064467192E-1,1.544081092E0,1.009882450E0
3.302326883E1,-4.804192483E-1,1.529688120E0,1.020004153E0
3.303331483E1,-4.894298017E-1,1.541023850E0,1.021437168E0
3.304336083E1,-5.256817341E-1,1.579257011E0,1.052863240E0
3.305340683E1,-5.559257269E-1,1.606899738E0,1.041789293E0
3.306345283E1,-5.683827400E-1,1.615806103E0,1.041876078E0
3.307349883E1,-5.999776721E-1,1.633362412E0,1.040407062E0
3.308354483E1,-6.354926825E-1,1.630757213E0,1.005479336E0
3.309359083E1,-6.479293704E-1,1.636712551E0,1.080785513E0
3.310363683E1,-6.304828525E-1,1.696753144E0,1.121966600E0
3.311368283E1,-5.664615035E-1,1.709076405E0,1.075226784E0
3.312372883E1,-5.700668097E-1,1.649658561E0,1.146386385E0
3.313377483E1,-5.639580488E-1,1.705388427E0,1.119031429E0
3.314382083E1,-5.845301747E-1,1.693509936E0,1.061746597E0
3.315386683E1,-5.771660209E-1,1.694283009E0,1.090735912E0
3.316391283E1,-5.254921913E-1,1.742890358E0,1.079555273E0
3.317395883E1,-4.950330257E-1,1.713330626E0,1.152473688E0
3.318400483E1,-5.666828752E-1,1.701369286E0,1.194298506E0
3.319405083E1,-5.367090106E-1,1.681804895E0,1.190127373E0
3.320409683E1,-4.927474558E-1,1.571719170E0,1.174556494E0
3.321414283E1,-5.291725993E-1,1.478443265E0,1.072732449E0
3.322418883E1,-4.696955979E-1,1.512020350E0,1.172163844E0
3.323423483E1,-3.870611489E-1,1.457880139E0,1.113817215E0
3.324428083E1,-2.284779102E-1,1.433854103E0,1.224147558E0
3.325432683E1,-2.532799244E-1,1.367654800E0,1.196056604E0
3.326437283E1,-2.178556770E-1,1.396202207E0,1.035105586E0
3.327441883E1,-3.102439344E-1,1.369373798E0,1.045910835E0
3.328446483E1,-3.363662064E-1,1.449142456E0,1.147361875E0
3.329451083E1,-3.688032329E-1,1.580744147E0,1.087311149E0
3.330455683E1,-3.743911684E-1,1.635067940E0,1.206523776E0
3.331460383E1,-3.864901662E-1,1.690382242E0,1.177185893E0
3.332464983E1,-4.691626728E-1,1.731791258E0,1.214579582E0
3.333469583E1,-4.936648309E-1,1.731274843E0,1.199802756E0
3.334474183E1,-6.130778790E-1,1.735617638E0,1.105543017E0
3.335478783E1,-7.129235268E-1,1.726918697E0,1.086874485E0
3.336483383E1,-7.129933834E-1,1.723785758E0,1.100234270E0
3.337487983E1,-7.204558253E-1,1.708231091E0,1.119776726E0
3.338492583E1,-7.455293536E-1,1.592318535E0,1.042368531E0
3.339497183E1,-7.621123195E-1,1.558140874E0,1.130243063E0
3.340501783E1,-7.023216486E-1,1.533705473E0,1.041017413E0
3.341506383E1,-4.712303579E-1,1.529240727E0,8.962365389E-1
3.342510983E1,-2.999856472E-1,1.270530343E0,9.299522042E-1
3.343515583E1,-2.380626202E-1,1.208083391E0,9.329198003E-1
3.344520183E1,3.769078851E-2,1.231687427E0,1.014154196E0
3.345524783E1,-6.767451018E-2,1.240882039E0,1.048496962E0
3.346529383E1,2.222594991E-2,1.333730221E0,1.047492862E0
3.347533983E1,-4.385666549E-2,1.257717371E0,1.041430235E0
3.348538583E1,-2.427888960E-1,1.282443762E0,9.028175473E-1
3.349543183E1,-3.438494503E-1,1.270876050E0,9.648633599E-1
3.350547833E1,-3.552785218E-1,1.366344094E0,9.483422041E-1
3.351552433E1,-4.008412063E-1,1.355019450E0,9.127804637E-1
3.352557033E1,-3.065991402E-1,1.310428381E0,9.301730990E-1
3.353561633E1,-3.137071133E-1,1.454161406E0,8.932396173E-1
3.354566233E1,-4.387955964E-1,1.384477735E0,9.162864089E-1
3.355570833E1,-4.147286117E-1,1.369433284E0,9.375381470E-1
3.356575433E1,-4.348344505E-1,1.318687439E0,9.160642028E-1
3.357580033E1,-4.698622227E-1,1.267182469E0,9.129964709E-1
3.358584633E1,-4.618770778E-1,1.272160769E0,9.190998077E-1
3.359589233E1,-5.355927944E-1,1.217670918E0,8.969904184E-1
3.360593833E1,-4.618895650E-1,1.248945951E0,9.575166702E-1
3.361598433E1,-4.816928506E-1,1.144925475E0,9.733585119E-1
3.362603033E1,-5.263867378E-1,1.115683913E0,1.043411970E0
3.363607633E1,-5.649431348E-1,1.042650104E0,9.657493234E-1
3.364612233E1,-6.309970021E-1,1.026234031E0,1.040147781E0
3.365616833E1,-5.687730908E-1,1.022106647E0,1.006148219E0
3.366621433E1,-5.927820802E-1,9.197379947E-1,1.005026340E0
3.367626033E1,-5.574936271E-1,9.253271222E-1,1.019192815E0
3.368630633E1,-5.822268724E-1,8.257458210E-1,9.051812887E-1
3.369635233E1,-5.809890628E-1,7.843653560E-1,9.101291895E-1
3.370639833E1,-5.979468822E-1,7.978591323E-1,8.841720819E-1
3.371644433E1,-6.293327212E-1,7.796058059E-1,8.729673624E-1
3.372649033E1,-6.134009361E-1,8.156454563E-1,9.167639613E-1
3.373653633E1,-6.710749269E-1,8.039520383E-1,8.504038453E-1
3.374658233E1,-6.503781676E-1,7.257950902E-1,8.349058628E-1
3.375662833E1,-6.735314131E-1,7.372772694E-1,8.873988986E-1
3.376667433E1,-6.795010567E-1,7.279697061E-1,8.427150846E-1
3.377672033E1,-6.546207666E-1,6.858618855E-1,8.952632546E-1
3.378676633E1,-6.797574759E-1,6.439414024E-1,8.528330922E-1
3.379681233E1,-6.508017182E-1,6.337739825E-1,8.327443004E-1
3.380685833E1,-6.421951652E-1,5.935866833E-1,8.025690317E-1
3.381690433E1,-6.148535609E-1,5.816652775E-1,8.146898746E-1
3.382695033E1,-6.524158120E-1,5.175804496E-1,7.918983102E-1
3.383699633E1,-7.422186732E-1,4.930753410E-1,7.969796062E-1
3.384704233E1,-6.671362519E-1,4.833934903E-1,7.340392470E-1
3.385708833E1,-6.626142263E-1,4.204773903E-1,7.259773016E-1
3.386713433E1,-6.262072325E-1,4.084571004E-1,7.275837064E-1
3.387718133E1,-6.094780564E-1,3.201163113E-1,6.255484223E-1
3.388722733E1,-6.603253484E-1,2.738568485E-1,6.597607732E-1
3.389727333E1,-6.508666277E-1,2.758323848E-1,5.627452731E-1
3.390731933E1,-6.331762671E-1,1.733720601E-1,5.750426650E-1
3.391736533E1,-6.270731091E-1,2.254155576E-1,5.738567710E-1
3.392741133E1,-6.745175719E-1,2.363257557E-1,4.699272513E-1
3.393745733E1,-6.950806379E-1,1.356947571E-1,5.484912992E-1
3.394750333E1,-7.054016590E-1,1.808672100E-1,4.734299183E-1
3.395754933E1,-6.580029726E-1,9.491208196E-2,4.323812723E-1
3.396759533E1,-6.048423648E-1,8.904948086E-2,4.574647844E-1
3.397764133E1,-6.886933446E-1,5.456713587E-2,4.173581004E-1
3.398768733E1,-7.395595908E-1,4.463654011E-3,4.675524533E-1
3.399773333E1,-7.153458595E-1,-4.821457434E-3,3.939599991E-1
3.400777933E1,-6.908451319E-1,-5.845937505E-2,3.544844091E-1
3.401782533E1,-6.880857944E-1,-8.704228699E-2,4.554416537E-1
3.402787133E1,-7.201775312E-1,-5.024826899E-2,4.243522882E-1
3.403791733E1,-7.769771814E-1,-1.024472937E-1,4.555935562E-1
3.404796333E1,-8.241582513E-1,-8.888020366E-2,4.571818113E-1
3.405800933E1,-8.489927649E-1,-1.088256836E-1,4.317438006E-1
3.406805533E1,-8.497740030E-1,-1.512545496E-1,4.698855281E-1
3.407810133E1,-8.806645274E-1,-1.557896435E-1,4.315890074E-1
3.408814733E1,-9.199787974E-1,-2.115762979E-1,4.581381977E-1
3.409819333E1,-9.498198032E-1,-2.391946167E-1,4.448508918E-1
3.410823933E1,-9.201037288E-1,-2.744788527E-1,4.258007705E-1
3.411828533E1,-9.141134620E-1,-2.782799900E-1,4.232457280E-1
3.412833133E1,-8.932052851E-1,-3.031174242E-1,3.687860072E-1
3.413837733E1,-8.931267262E-1,-3.549491763E-1,4.014057219E-1
3.414842333E1,-8.764870167E-1,-3.738435209E-1,3.823725879E-1
3.415846933E1,-9.216731191E-1,-4.541471601E-1,3.104278445E-1
3.416851533E1,-8.984715939E-1,-4.853852093E-1,3.859826624E-1
3.417856133E1,-9.493052363E-1,-4.291863739E-1,2.881213427E-1
3.418860733E1,-9.316035509E-1,-4.919437468E-1,3.324523270E-1
3.419865333E1,-9.414391518E-1,-4.600212574E-1,3.001438975E-1
3.420869933E1,-8.854397535E-1,-4.855692089E-1,2.289664149E-1
3.421874533E1,-9.296514392E-1,-5.052282810E-1,3.003208041E-1
3.422879133E1,-9.938556552E-1,-4.703499377E-1,2.422937304E-1
3.423883733E1,-9.589269757E-1,-5.286577344E-1,2.702140510E-1
3.424888333E1,-9.227859378E-1,-5.588017106E-1,2.137926668E-1
3.425892933E1,-9.038162827E-1,-5.363443494E-1,2.040060908E-1
3.426897533E1,-8.989108801E-1,-5.537532568E-1,2.048424631E-1
3.427902133E1,-9.637578130E-1,-5.507375002E-1,1.664817631E-1
3.428906733E1,-9.371603727E-1,-5.946316719E-1,2.122904956E-1
3.429911333E1,-9.617741108E-1,-5.843577385E-1,1.848684549E-1
3.430915933E1,-9.478976727E-1,-6.587295532E-1,2.052676827E-1
3.431920533E1,-9.752107859E-1,-6.398704052E-1,2.783432305E-1
3.432925133E1,-1.028509736E0,-6.706731319E-1,2.415318340E-1
3.433929733E1,-1.010479808E0,-6.815190911E-1,3.518663347E-1
3.434934333E1,-1.031526923E0,-7.024831176E-1,2.662521899E-1
3.435938933E1,-1.046967387E0,-7.702379227E-1,4.017730057E-1
3.436943533E1,-1.155835032E0,-7.392124534E-1,3.219338059E-1
3.437948133E1,-1.128380179E0,-8.679261804E-1,3.472157419E-1
3.438952733E1,-1.187242031E0,-8.117946982E-1,3.123052120E-1
3.439957333E1,-1.205189824E0,-8.644530773E-1,-5.490580946E-2
3.440961933E1,-1.141730785E0,-9.829532504E-1,3.284627199E-1
3.441966533E1,-1.183788538E0,-9.043458104E-1,2.070180625E-1
3.442971133E1,-1.130524158E0,-1.017969489E0,2.317028642E-1
3.443975733E1,-1.037086010E0,-1.087871790E0,1.723183692E-1
3.444980333E1,-1.065176487E0,-1.017101049E0,1.647904217E-1
3.445984933E1,-1.052596569E0,-9.885972142E-1,1.554182172E-1
3.446989533E1,-1.168110728E0,-1.016278148E0,1.456342041E-1
3.447994133E1,-1.141104579E0,-1.049016714E0,1.396543533E-1
3.448998733E1,-1.190484762E0,-1.058377981E0,6.864619255E-2
3.450003363E1,-1.289432645E0,-9.721898437E-1,2.036394328E-1
3.451007963E1,-1.360900044E0,-8.777014613E-1,1.840513200E-1
3.452012563E1,-1.258918047E0,-9.506358504E-1,2.080141753E-1
3.453017163E1,-1.242105842E0,-8.828405738E-1,2.195976526E-1
3.454021763E1,-1.275675297E0,-9.128711820E-1,1.771788299E-1
3.455026362E1,-1.229125857E0,-1.004524708E0,1.797360629E-1
3.456030962E1,-1.265226841E0,-1.039272070E0,1.291959137E-1
3.457035563E1,-1.280491590E0,-1.010079265E0,2.242349535E-1
3.458040163E1,-1.436836481E0,-9.453582764E-1,1.653154492E-1
3.459044763E1,-1.398845553E0,-1.034396291E0,1.627835184E-1
3.460049363E1,-1.444254518E0,-1.008441925E0,1.619307697E-1
3.461053963E1,-1.490133882E0,-1.095648289E0,1.051640511E-1
3.462058563E1,-1.457148790E0,-1.134504080E0,1.123924032E-1
3.463063163E1,-1.401275277E0,-1.140842915E0,-8.534201235E-2
3.464067763E1,-1.379444003E0,-1.153964639E0,2.520280182E-1
3.465072363E1,-1.354219198E0,-1.098235011E0,2.369266599E-1
3.466076962E1,-1.280056357E0,-1.151636243E0,1.761741042E-1
3.467081562E1,-1.303898454E0,-1.198626399E0,2.003093511E-1
3.468086163E1,-1.239839792E0,-1.207173109E0,2.459463477E-1
3.469090763E1,-1.282558560E0,-1.163854480E0,2.130587697E-1
3.470095363E1,-1.257237196E0,-1.222287416E0,2.000827789E-1
3.471099963E1,-1.235639215E0,-1.260880470E0,1.435906142E-1
3.472104563E1,-1.254417658E0,-1.336068153E0,2.077062279E-1
3.473109163E1,-1.440413237E0,-1.304464102E0,1.527396739E-1
3.474113763E1,-1.405314922E0,-1.423237562E0,1.578353643E-1
3.475118363E1,-1.426978827E0,-1.456959724E0,1.097868532E-1
3.476122963E1,-1.316387415E0,-1.478046656E0,2.009487301E-1
3.477127562E1,-1.396951079E0,-1.377439737E0,1.580027938E-1
3.478132162E1,-1.321363926E0,-1.384027362E0,2.513412535E-1
3.479136763E1,-1.408118367E0,-1.327814937E0,2.173684388E-1
3.480141363E1,-1.350344539E0,-1.327905178E0,3.099095523E-1
3.481145963E1,-1.408635378E0,-1.217057586E0,2.732091248E-1
3.482150563E1,-1.521830916E0,-1.254612207E0,3.811060190E-1
3.483155163E1,-1.658062577E0,-1.166544557E0,4.155424535E-1
3.484159763E1,-1.595305443E0,-1.151562691E0,4.829686284E-1
3.485164363E1,-1.618990183E0,-1.122262955E0,5.359432697E-1
3.486168963E1,-1.604718566E0,-1.147201061E0,6.500421762E-1
3.487173563E1,-1.627214074E0,-1.165333629E0,6.000043750E-1
3.488178162E1,-1.707112432E0,-1.335681319E0,4.984124899E-1
3.489182762E1,-1.805183887E0,-1.431077361E0,3.790673614E-1
3.490187363E1,-1.768576622E0,-1.384928584E0,4.468155205E-1
3.491191963E1,-1.743671298E0,-1.348278403E0,4.047309458E-1
3.492196563E1,-1.729940295E0,-1.504984379E0,3.854059875E-1
3.493201163E1,-1.727946758E0,-1.507408738E0,3.965106905E-1
3.494205763E1,-1.688652873E0,-1.491435409E0,3.951242566E-1
3.495210363E1,-1.663580179E0,-1.482341051E0,4.000495374E-1
3.496214963E1,-1.698118210E0,-1.442146420E0,2.689863145E-1
3.497219563E1,-1.618330598E0,-1.449266434E0,3.328503072E-1
3.498224163E1,-1.498777747E0,-1.402382255E0,2.407342494E-1
3.499228763E1,-1.598297834E0,-1.434975147E0,2.724829912E-1
3.500233362E1,-1.492964745E0,-1.395432830E0,4.736733735E-1
3.501237962E1,-1.427870274E0,-1.226698041E0,3.979464471E-1
3.502242563E1,-1.507100105E0,-1.187155128E0,5.152091980E-1
3.503247163E1,-1.523333073E0,-1.204573393E0,4.969448149E-1
3.504251763E1,-1.501391768E0,-1.264518023E0,5.373013616E-1
3.505256363E1,-1.557398915E0,-1.201994658E0,5.351237059E-1
3.506260963E1,-1.607346177E0,-1.220222116E0,5.050092340E-1
3.507265563E1,-1.644714594E0,-1.195222259E0,4.753852189E-1
3.508270163E1,-1.614941001E0,-1.306023598E0,4.472840726E-1
3.509274763E1,-1.546804309E0,-1.283795118E0,4.603214264E-1
3.510279363E1,-1.726560712E0,-1.313195348E0,4.579123259E-1
3.511283962E1,-1.661465287E0,-1.419131160E0,3.720256686E-1
3.512288562E1,-1.709455252E0,-1.398360610E0,3.493765295E-1
3.513293163E1,-1.643593431E0,-1.423777223E0,4.051838815E-1
3.514297763E1,-1.618898153E0,-1.402855754E0,3.356141746E-1
3.515302363E1,-1.578801870E0,-1.434364676E0,3.816472292E-1
3.516306963E1,-1.480142474E0,-1.338076711E0,4.232032001E-1
3.517311563E1,-1.453001857E0,-1.298855782E0,3.872930706E-1
3.518316163E1,-1.446961522E0,-1.292199016E0,4.768900871E-1
3.519320763E1,-1.435063004E0,-1.225347161E0,4.473710060E-1
3.520325363E1,-1.465824962E0,-1.201470852E0,5.416969657E-1
3.521329963E1,-1.450216293E0,-1.144164681E0,6.055692434E-1
3.522334562E1,-1.411198854E0,-1.195173502E0,5.863326788E-1
3.523339162E1,-1.448495030E0,-1.179213524E0,6.489027143E-1
3.524343763E1,-1.505314350E0,-1.128597975E0,5.890718699E-1
3.525348363E1,-1.551212430E0,-1.209981561E0,5.365529060E-1
3.526352963E1,-1.581086397E0,-1.233415008E0,4.660523832E-1
3.527357563E1,-1.649558067E0,-1.206380248E0,4.528969228E-1
3.528362163E1,-1.596264839E0,-1.268879056E0,4.703486264E-1
3.529366763E1,-1.607007384E0,-1.226236105E0,3.535404503E-1
3.530371363E1,-1.618530869E0,-1.311504602E0,3.322061300E-1
3.531375963E1,-1.522714376E0,-1.291886330E0,3.247911334E-1
3.532380563E1,-1.456931949E0,-1.233777761E0,3.071461022E-1
3.533385162E1,-1.385792017E0,-1.277659297E0,3.543502688E-1
3.534389762E1,-1.407029390E0,-1.228536010E0,2.780741453E-1
3.535394362E1,-1.339638472E0,-1.226517677E0,3.230782449E-1
3.536398963E1,-1.274160624E0,-1.168692946E0,3.112247884E-1
3.537403563E1,-1.320495367E0,-1.141527772E0,2.975706756E-1
3.538408163E1,-1.349126220E0,-1.142590046E0,3.558036387E-1
3.539412763E1,-1.337770224E0,-1.117286086E0,3.850717843E-1
3.540417363E1,-1.345932722E0,-1.089797974E0,4.607585371E-1
3.541421963E1,-1.275924325E0,-1.157045722E0,5.007441640E-1
3.542426563E1,-1.305669665E0,-1.158004999E0,4.652711153E-1
3.543431163E1,-1.308309197E0,-1.151831269E0,4.962789714E-1
3.544435763E1,-1.320317745E0,-1.122085094E0,4.942802787E-1
3.545440362E1,-1.356605291E0,-1.172571182E0,4.667835832E-1
3.546444962E1,-1.313929677E0,-1.158132792E0,4.973401725E-1
3.547449563E1,-1.291925192E0,-1.157713413E0,3.739308417E-1
3.548454163E1,-1.333987951E0,-1.182889581E0,3.639269471E-1
3.549458763E1,-1.260178924E0,-1.176280618E0,3.399409354E-1
3.550463338E1,-1.144825697E0,-1.218371987E0,3.881720901E-1
3.551467937E1,-1.113291979E0,-1.106973767E0,3.255339861E-1
3.552472537E1,-1.102882743E0,-1.107462406E0,3.055312634E-1
3.553477138E1,-1.108738542E0,-1.076010346E0,3.308559656E-1
3.554481738E1,-1.031812668E0,-1.068435311E0,3.919209242E-1
3.555486338E1,-1.022414684E0,-1.024512529E0,3.064753413E-1
3.556490938E1,-1.049409628E0,-9.649932384E-1,3.591782451E-1
3.557495538E1,-1.046703815E0,-9.323440790E-1,5.135658979E-1
3.558500138E1,-1.005343556E0,-7.103205919E-1,6.426863670E-1
3.559504738E1,-9.708640575E-1,-8.208008409E-1,5.739604831E-1
3.560509338E1,-1.010642648E0,-9.190968275E-1,6.234068274E-1
3.561513938E1,-1.008040190E0,-9.005203247E-1,5.171263218E-1
3.562518537E1,-9.194653034E-1,-9.720600247E-1,4.624356329E-1
3.563523137E1,-9.856123328E-1,-1.033323646E0,3.867577612E-1
3.564527738E1,-8.624776602E-1,-1.183094740E0,4.470780790E-1
3.565532338E1,-8.055063486E-1,-1.177299857E0,2.718756497E-1
3.566536938E1,-8.332372904E-1,-1.288411498E0,2.091744542E-1
3.567541538E1,-7.435937524E-1,-1.250311971E0,1.861175150E-1
3.568546138E1,-6.948307753E-1,-1.107020617E0,4.862143844E-2
3.569550738E1,-5.953214169E-1,-1.036244750E0,1.517648995E-1
3.570555338E1,-4.199189544E-1,-9.118223786E-1,1.083354056E-1
3.571559938E1,-4.090546072E-1,-9.011117220E-1,8.138272911E-2
3.572564538E1,-4.141447246E-1,-7.877468467E-1,2.646047473E-1
3.573569137E1,-3.781535327E-1,-6.609391570E-1,2.262151986E-1
3.574573737E1,-3.052585423E-1,-6.719380021E-1,2.746860385E-1
3.575578338E1,-3.235583901E-1,-6.699370146E-1,3.378643095E-1
3.576582938E1,-3.230721056E-1,-7.300730348E-1,3.323592842E-1
3.577587538E1,-2.828094065E-1,-6.283530593E-1,4.714913964E-1
3.578592138E1,-2.926154435E-1,-7.013793588E-1,3.369828463E-1
3.579596738E1,-3.216894567E-1,-7.770963907E-1,2.538590729E-1
3.580601338E1,-3.145809472E-1,-7.208293676E-1,2.404553890E-1
3.581605938E1,-3.437917233E-1,-6.621801853E-1,2.311790884E-1
3.582610538E1,-3.057349026E-1,-6.566935778E-1,2.388346195E-1
3.583615138E1,-2.236477882E-1,-6.245055795E-1,3.491454422E-1
3.584619737E1,-2.807558179E-1,-4.978882372E-1,2.885161936E-1
3.585624337E1,-2.857523859E-1,-4.800997376E-1,2.662392259E-1
3.586628938E1,-3.505878448E-1,-5.047401190E-1,1.453090608E-1
3.587633538E1,-3.331640065E-1,-5.253770351E-1,1.601159275E-1
3.588638138E1,-1.695660055E-1,-4.474114180E-1,7.976941764E-2
3.589642738E1,-1.398475617E-1,-4.692294002E-1,5.307980999E-2
3.590647338E1,-1.244627386E-1,-4.201907516E-1,8.250614256E-2
3.591651938E1,-5.635530129E-2,-3.508145809E-1,8.209595829E-2
3.592656538E1,-3.735311329E-2,-3.244293034E-1,8.213750273E-2
3.593661138E1,-3.878930118E-3,-3.473879397E-1,6.517472863E-2
3.594665738E1,5.789522082E-2,-3.282419443E-1,7.755231112E-2
3.595670338E1,2.690936998E-2,-3.162779510E-1,1.139776334E-1
3.596674937E1,4.893957078E-2,-2.509959042E-1,1.658248454E-1
3.597679537E1,1.043734998E-1,-2.740214765E-1,1.031322926E-1
3.598684138E1,9.753503650E-2,-3.316107392E-1,1.359259337E-1
3.599688738E1,6.729162484E-2,-2.899075150E-1,1.621189862E-1
3.600693338E1,1.376693845E-1,-3.187852502E-1,2.013832927E-1
3.601697938E1,2.012811154E-1,-3.024645746E-1,1.755823195E-1
3.602702538E1,2.843592167E-1,-3.470706642E-1,1.907306463E-1
3.603707138E1,3.421622217E-1,-2.972223461E-1,2.634843886E-1
3.604711738E1,3.299425840E-1,-3.180282712E-1,2.223412097E-1
3.605716338E1,2.906363010E-1,-2.825233638E-1,2.730382979E-1
3.606720938E1,2.612406015E-1,-2.132729292E-1,4.322276711E-1
3.607725537E1,2.366907895E-1,-1.257338524E-1,6.621763706E-1
3.608730137E1,2.331091017E-1,-7.147408277E-2,8.479781747E-1
3.609734738E1,2.673328519E-1,-8.020765334E-2,1.075182199E0
3.610739338E1,2.812830210E-1,-8.042150736E-2,1.081084132E0
3.611743938E1,3.263742924E-1,-7.930196822E-2,6.978182197E-1
3.612748538E1,2.566812336E-1,-1.224909797E-1,6.002812982E-1
3.613753138E1,1.165781841E-1,-1.873049885E-2,5.839931369E-1
3.614757738E1,-1.620993018E-2,9.410751984E-3,6.005402803E-1
3.615762338E1,-7.015081495E-2,3.140411153E-2,6.911357641E-1
3.616766938E1,-1.409291178E-1,4.142585397E-2,6.323491931E-1
3.617771538E1,-8.090497553E-2,5.206184089E-2,6.246308684E-1
3.618776137E1,-8.784038574E-2,9.381727129E-2,5.085444450E-1
3.619780737E1,-5.044654012E-2,1.511919196E-3,3.299200535E-1
3.620785338E1,-1.134116575E-1,4.054054618E-2,3.257375658E-1
3.621789938E1,-1.261604726E-1,7.855915278E-2,2.878072858E-1
3.622794538E1,-1.183912382E-1,-4.170227796E-2,3.625414670E-1
3.623799138E1,3.067105450E-2,-7.601305842E-2,4.281026423E-1
3.624803738E1,1.106087640E-1,-7.102442533E-2,4.896685481E-1
3.625808338E1,4.721423984E-2,-8.164928108E-2,5.529593229E-1
3.626812938E1,1.452420056E-1,-3.819687665E-2,5.900366306E-1
3.627817538E1,9.443818033E-2,1.730125397E-2,5.774865150E-1
3.628822138E1,9.822099470E-3,3.171614558E-2,6.123055220E-1
3.629826737E1,-8.856644854E-3,2.627671324E-2,6.014725566E-1
3.630831337E1,3.830793872E-2,-1.747316495E-2,5.532962084E-1
3.631835938E1,-1.001635492E-1,1.439133883E-1,6.346584558E-1
3.632840538E1,-1.226752549E-1,2.631250024E-1,7.246198058E-1
3.633845138E1,1.671016682E-3,1.371816099E-1,9.862728715E-1
3.634849738E1,-8.954970539E-2,-4.937175289E-2,1.334066272E0
3.635854338E1,-2.149668038E-1,-2.715196460E-2,1.582619429E0
3.636858938E1,-2.428716719E-1,-1.038571298E-1,1.480422020E0
3.637863538E1,-2.055968046E-1,-2.000292540E-1,8.514403105E-1
3.638868138E1,-3.708025515E-1,-1.351602376E-1,8.741221428E-1
3.639872738E1,-4.967210293E-1,-2.651126385E-1,8.401105404E-1
3.640877338E1,-4.904162884E-1,-3.817907870E-1,7.853927016E-1
3.641881937E1,-4.476938844E-1,-3.262199163E-1,9.570659995E-1
3.642886537E1,-4.295825362E-1,-2.569732070E-1,1.007839918E0
3.643891138E1,-3.829508424E-1,-2.963757813E-1,9.009844065E-1
3.644895738E1,-3.252505362E-1,-4.096346796E-1,7.152936459E-1
3.645900338E1,-4.151620269E-1,-3.676655293E-1,7.192343473E-1
3.646904938E1,-4.462882578E-1,-3.080123067E-1,7.596853375E-1
3.647909538E1,-2.375563234E-1,-4.382997453E-1,8.503619432E-1
3.648914138E1,-1.113629714E-1,-4.011324048E-1,1.082755446E0
3.649918738E1,-1.212510169E-1,-2.528228164E-1,1.380476356E0
3.650923308E1,-2.584165931E-1,-1.543159634E-1,1.384757638E0
3.651927908E1,-3.624439836E-1,-1.788736284E-1,1.067032933E0
3.652932508E1,-6.113030314E-1,-2.327842712E-1,1.233576417E0
3.653937108E1,-6.403556466E-1,-2.992260754E-1,1.352717996E0
3.654941708E1,-7.127912045E-1,-1.827122569E-1,9.640139341E-1
3.655946308E1,-6.720248461E-1,-4.048795104E-1,9.286612272E-1
3.656950908E1,-6.103678346E-1,-4.422000051E-1,1.044595242E0
3.657955508E1,-5.139321685E-1,-4.641346037E-1,1.041917801E0
3.658960108E1,-5.073978305E-1,-5.622145534E-1,9.982731342E-1
3.659964708E1,-5.164927244E-1,-5.388306379E-1,1.038109779E0
3.660969308E1,-5.306404829E-1,-5.287604332E-1,1.056032658E0
3.661973908E1,-4.451280534E-1,-5.698904395E-1,1.148903608E0
3.662978508E1,-3.613673747E-1,-5.857940912E-1,1.143700361E0
3.663983108E1,-4.086165130E-1,-5.483701825E-1,1.062627554E0
3.664987708E1,-4.727984369E-1,-6.255877614E-1,1.059145212E0
3.665992308E1,-4.561880827E-1,-6.378486156E-1,9.359363914E-1
3.666996908E1,-3.576686978E-1,-6.542840004E-1,9.662261009E-1
3.668001508E1,-5.010001063E-1,-6.775678396E-1,9.917234778E-1
3.669006108E1,-3.391192853E-1,-6.671786308E-1,1.039174080E0
3.670010708E1,-4.425073862E-1,-6.402823925E-1,8.896121979E-1
3.671015308E1,-5.470287204E-1,-4.463185072E-1,1.214641333E0
3.672019908E1,-4.187267125E-1,-6.496499181E-1,9.309692979E-1
3.673024508E1,-4.144555330E-1,-7.991475463E-1,9.636089802E-1
3.674029108E1,-5.207599401E-1,-6.894727349E-1,1.027710795E0
3.675033708E1,-4.344511330E-1,-7.668093443E-1,9.634974599E-1
3.676038308E1,-4.745617807E-1,-8.496426940E-1,8.811684847E-1
3.677042908E1,-4.719239175E-1,-8.007595539E-1,9.350000024E-1
3.678047508E1,-4.096744061E-1,-9.025314450E-1,9.331411719E-1
3.679052108E1,-4.362370372E-1,-7.848272324E-1,9.981970787E-1
3.680056708E1,-3.396788836E-1,-1.004491687E0,8.959206939E-1
3.681061308E1,-3.665805459E-1,-8.913140297E-1,9.429875612E-1
3.682065908E1,-4.047605395E-1,-9.185202718E-1,8.219971061E-1
3.683070508E1,-3.721514642E-1,-9.920597672E-1,7.880365252E-1
3.684075108E1,-2.568756342E-1,-1.037036657E0,6.614046097E-1
3.685079708E1,-2.941106260E-1,-9.938806295E-1,7.401801348E-1
3.686084308E1,-1.784662902E-1,-1.098686814E0,7.279846668E-1
3.687088908E1,-1.433844715E-1,-1.095289469E0,6.537040472E-1
3.688093508E1,-1.710276753E-1,-1.106282234E0,7.041874528E-1
3.689098108E1,-2.859382331E-2,-1.213661194E0,7.161440253E-1
3.690102708E1,1.500542974E-3,-1.167766929E0,6.904290915E-1
3.691107308E1,-1.879860274E-2,-1.161017418E0,7.237369418E-1
3.692111908E1,-1.204897836E-2,-1.083108544E0,8.996416926E-1
3.693116508E1,-9.453932941E-2,-9.934989214E-1,7.747488022E-1
3.694121108E1,-1.735683680E-1,-9.838455319E-1,8.208800554E-1
3.695125708E1,-1.163335741E-1,-1.152023077E0,8.985852599E-1
3.696130308E1,-9.171632677E-2,-9.632893801E-1,7.715246081E-1
3.697134908E1,-1.588547416E-2,-1.215483427E0,6.421943307E-1
3.698139508E1,2.163044363E-2,-1.245964885E0,5.984440446E-1
3.699144108E1,2.879780903E-2,-1.266835570E0,5.754079819E-1
3.700148708E1,4.767908528E-2,-1.297886610E0,5.064854026E-1
3.701153308E1,1.315542907E-1,-1.343561053E0,4.234821200E-1
3.702157908E1,1.957278550E-1,-1.390881538E0,3.930992484E-1
3.703162508E1,2.577318549E-1,-1.385273099E0,3.908257186E-1
3.704167108E1,2.635298967E-1,-1.309624553E0,3.596066833E-1
3.705171708E1,3.353175223E-1,-1.293158293E0,3.455662429E-1
3.706176308E1,3.503920138E-1,-1.237932205E0,3.295658231E-1
3.707180908E1,3.266901374E-1,-1.192545295E0,2.884468734E-1
3.708185508E1,3.621303439E-1,-1.159891725E0,2.748433053E-1
3.709190108E1,3.768168986E-1,-1.101929545E0,2.519401312E-1
3.710194708E1,3.194237947E-1,-1.062852621E0,1.906698048E-1
3.711199308E1,3.315963149E-1,-1.082077980E0,1.038701981E-1
3.712203908E1,3.451922834E-1,-1.055118799E0,9.102950245E-2
3.713208508E1,2.743612528E-1,-9.951712489E-1,6.533558667E-2
3.714213108E1,3.213641644E-1,-1.046060324E0,-7.687814534E-3
3.715217708E1,3.668267429E-1,-1.042420626E0,-2.336397953E-2
3.716222308E1,4.014802277E-1,-1.014449954E0,2.941652574E-2
3.717226908E1,4.509734809E-1,-9.599599242E-1,5.427287519E-2
3.718231508E1,4.922203124E-1,-1.033781171E0,1.309383661E-1
3.719236108E1,6.297632456E-1,-1.028754473E0,1.387435496E-1
3.720240708E1,6.174260974E-1,-1.070683837E0,4.496290907E-2
3.721245308E1,5.654358864E-1,-1.101338625E0,8.871145546E-2
3.722249908E1,6.598640084E-1,-1.067067146E0,5.451732501E-2
3.723254508E1,6.847153306E-1,-1.104357243E0,5.387763306E-2
3.724259108E1,7.150807381E-1,-1.039131641E0,9.689529240E-2
3.725263708E1,6.606787443E-1,-9.626151919E-1,2.186631970E-2
3.726268308E1,5.509381294E-1,-9.970037341E-1,3.050067089E-2
3.727272908E1,6.789948940E-1,-9.292038679E-1,-4.500393942E-2
3.728277508E1,5.993748307E-1,-8.874142170E-1,-1.188512594E-1
3.729282108E1,5.973002315E-1,-9.309553504E-1,-1.316237897E-1
3.730286708E1,6.908247471E-1,-8.938454986E-1,-1.447565556E-1
3.731291308E1,6.069471240E-1,-8.619546890E-1,-2.036811113E-1
3.732295908E1,6.190575361E-1,-8.521844149E-1,-1.538795233E-1
3.733300508E1,6.859937310E-1,-7.721942663E-1,-1.143875122E-1
3.734305108E1,5.679938197E-1,-8.123489022E-1,-3.907485679E-2
3.735309708E1,6.204525232E-1,-7.862818837E-1,-1.216743961E-1
3.736314308E1,6.423661709E-1,-7.629733682E-1,-1.471216679E-1
3.737318908E1,5.958085060E-1,-7.657585144E-1,-1.034807116E-1
3.738323508E1,6.379210353E-1,-7.538654208E-1,-1.154895276E-1
3.739328108E1,6.478269100E-1,-7.427563071E-1,-1.331393570E-1
3.740332708E1,5.848554373E-1,-7.008161545E-1,-9.588206559E-2
3.741337308E1,4.526939094E-1,-6.675969362E-1,5.020669848E-2
3.742341908E1,4.207826555E-1,-5.112678409E-1,-6.183707342E-2
3.743346508E1,4.510790408E-1,-4.744527936E-1,-1.111393720E-1
3.744351108E1,3.952287436E-1,-4.630614519E-1,-9.078172594E-2
3.745355708E1,2.646571696E-1,-3.628480434E-1,-1.916556060E-1
3.746360308E1,2.769316137E-1,-5.034664273E-1,-3.399514854E-1
3.747364908E1,4.013198614E-1,-4.178061187E-1,-2.560760379E-1
3.748369508E1,3.686909676E-1,-5.049235821E-1,-3.622297347E-1
3.749374108E1,3.172674775E-1,-3.614527583E-1,-4.020620883E-1
3.750378771E1,3.267939985E-1,-4.007891715E-1,-3.974100649E-1
3.751383371E1,3.731809258E-1,-4.185162485E-1,-1.622851491E-1
3.752387971E1,3.958127797E-1,-3.220981956E-1,-3.255090117E-1
3.753392571E1,3.457346857E-1,-2.969558537E-1,-2.533578575E-1
3.754397171E1,4.011387527E-1,-1.789168566E-1,-6.188146025E-2
3.755401771E1,3.631924391E-1,-1.740589887E-1,-9.582557529E-2
3.756406371E1,2.313426435E-1,-2.596761100E-2,-2.976475656E-1
3.757410971E1,1.470442712E-1,-9.039758705E-3,-2.498368919E-1
3.758415571E1,2.093948126E-1,1.931902319E-1,-1.948937178E-1
3.759420171E1,1.052132770E-1,1.049327999E-1,-2.292535454E-1
3.760424771E1,6.778982282E-2,1.814146936E-1,-4.022012353E-1
3.761429371E1,1.015411243E-1,-2.208570018E-2,-2.425518930E-1
3.762433971E1,1.501280963E-1,7.001670599E-1,-3.475907147E-1
3.763438471E1,-5.950342491E-2,7.218168676E-2,-7.276819646E-2
3.764443071E1,2.034581751E-1,-5.831253156E-2,1.561434194E-2
3.765447671E1,2.434218377E-1,-1.042330358E-2,-6.132678315E-2
3.766452271E1,9.527409077E-2,2.441745624E-2,-1.306556016E-1
3.767456871E1,2.201987207E-1,-8.494153619E-3,2.402436435E-1
3.768461471E1,3.086749464E-2,1.052989140E-1,1.849183589E-1
3.769466071E1,-5.327401310E-2,-2.342817001E-2,1.128116697E-1
3.770470671E1,-9.917003661E-2,-1.817253679E-1,1.389509346E-2
3.771475271E1,-2.080789357E-1,-1.676764041E-1,-1.025665402E-1
3.772479871E1,-1.609790921E-1,-1.327618361E-1,-3.393654898E-2
3.773484471E1,-8.023258299E-2,2.194513381E-1,2.265934832E-2
3.774489071E1,-2.767142057E-1,2.218372524E-1,-3.504309431E-2
3.775493671E1,-2.875503600E-1,1.442292780E-1,-9.016706795E-2
3.776498271E1,-1.664385647E-1,-4.481904954E-2,-6.071096659E-2
3.777502871E1,-4.140635952E-2,4.070554674E-1,-3.113043867E-2
3.778507471E1,-1.722581685E-1,2.323169112E-1,-1.435988098E-1
3.779512071E1,-2.658882439E-1,3.318411112E-1,-1.902525872E-1
3.780516671E1,-8.189071715E-2,1.837190241E-1,-8.657679707E-2
3.781521271E1,-1.854775697E-1,7.850744128E-1,-5.182530880E-1
3.782525871E1,-2.825684249E-1,-1.747065037E-1,-3.769684434E-1
3.783530471E1,2.330627106E-2,-2.596687973E-1,-3.098772764E-1
3.784535071E1,5.291268602E-2,9.239028692E-1,-7.316365838E-1
3.785539671E1,-2.379084975E-1,5.320458412E-1,-6.958879232E-1
3.786544271E1,-3.322144747E-1,-7.013163567E-1,-5.968984962E-1
3.787548871E1,-8.666063100E-2,-4.471421242E-1,-6.565514207E-1
3.788553471E1,1.658858508E-1,-1.947151870E-1,-3.885557353E-1
3.789558071E1,1.148682013E-1,6.022175308E-3,-1.717360914E-1
3.790562671E1,-1.777115092E-2,3.091614693E-2,-6.622166932E-2
3.791567271E1,-3.433175012E-2,-1.365125328E-1,-6.467516720E-2
3.792571871E1,2.148791775E-2,-1.348424107E-1,1.374888606E-2
3.793576471E1,6.259940565E-2,-2.085131705E-1,4.652325995E-3
3.794581071E1,6.168913469E-2,-4.576633573E-1,-4.901763983E-3
3.795585671E1,1.681820303E-1,-3.554272652E-1,-2.789283358E-2
3.796590271E1,2.533119619E-1,1.214775629E-2,-5.322585627E-2
3.797594871E1,1.885803640E-1,-2.674930915E-2,-1.543503404E-1
3.798599471E1,2.944879793E-2,-1.205828488E-1,-2.018803656E-1
3.799604071E1,-1.122358963E-1,-2.563824952E-1,-1.658744365E-1
3.800608671E1,-1.324476302E-1,-1.533989757E-1,-1.469782889E-1
3.801613271E1,-1.279966980E-1,-9.757804126E-2,-1.410817951E-1
3.802617871E1,-1.331888288E-1,-5.837153643E-2,-1.350318193E-1
3.803622471E1,-2.022278160E-1,3.791958094E-2,-1.660238355E-1
3.804627071E1,-3.277491331E-1,-3.080790397E-3,-2.472795099E-1
3.805631671E1,-2.820612788E-1,-2.967298590E-2,-1.551306695E-1
3.806636271E1,-2.026404440E-1,3.348762402E-3,-1.216372252E-1
3.807640871E1,-1.729856133E-1,1.200487465E-1,-1.983818114E-1
3.808645471E1,-2.397826016E-1,2.279957980E-1,-3.049336374E-1
3.809650071E1,-2.833375335E-1,3.184245229E-1,-3.705635369E-1
3.810654671E1,-3.260105848E-1,2.996945679E-1,-3.946714997E-1
3.811659271E1,-3.063764274E-1,-3.045074409E-3,-2.531487048E-1
3.812663871E1,-1.292242855E-1,1.038198546E-1,-1.287892014E-1
3.813668471E1,7.610098273E-2,1.749828756E-1,-5.635453761E-2
3.814673071E1,1.620878279E-1,2.461797148E-1,-5.245712399E-2
3.815677671E1,6.622814387E-2,1.102951244E-1,1.698720083E-2
3.816682271E1,-2.240228467E-2,-2.194981836E-2,6.691889465E-2
3.817686871E1,1.236235350E-2,-1.159660667E-1,1.368218213E-1
3.818691471E1,3.900781274E-2,-9.221093357E-2,1.456169039E-1
3.819696071E1,1.023023650E-1,3.562639281E-2,1.227936074E-1
3.820700671E1,1.147327498E-1,1.768501401E-1,8.793266118E-2
3.821705271E1,8.500867337E-2,9.570601583E-2,1.078363284E-1
3.822709871E1,7.437901199E-2,9.392332286E-3,1.101102754E-1
3.823714471E1,7.671167701E-2,-1.541089863E-1,1.320794970E-1
3.824719071E1,1.135876402E-1,-2.319711596E-1,1.577513069E-1
3.825723671E1,8.687027544E-2,-1.288487762E-2,5.427630618E-2
3.826728271E1,1.747173630E-2,5.402330309E-2,1.846137829E-2
3.827732871E1,-5.040238798E-2,3.469248116E-2,6.121089682E-3
3.828737471E1,-5.297290161E-2,-7.322242856E-2,7.832909375E-2
3.829742071E1,-9.287903458E-2,-1.927072853E-1,6.195242982E-3
3.830746671E1,-5.798952281E-2,-1.354070008E-1,2.436578274E-2
3.831751271E1,-1.197346952E-3,1.004767790E-2,3.194114566E-2
3.832755871E1,-2.874659747E-2,9.650845826E-2,4.130317364E-3
3.833760471E1,-3.851453960E-2,2.907482162E-2,2.637463808E-2
3.834765071E1,-3.715690970E-2,-5.678883567E-2,-8.655460551E-3
3.835769671E1,3.307691310E-3,-3.358924016E-2,-4.053403065E-2
3.836774271E1,4.224584252E-2,3.181574401E-3,7.616395131E-3
3.837778871E1,5.647005141E-2,3.484975547E-2,4.650546983E-2
3.838783471E1,3.374439478E-2,-2.324009128E-2,3.315575421E-2
3.839788071E1,2.958853357E-2,-1.238344889E-2,2.259232663E-2
3.840792671E1,4.742566869E-2,-1.033410151E-2,3.938657418E-2
3.841797271E1,5.053091422E-2,2.423504367E-3,3.236435354E-2
3.842801871E1,1.684042811E-2,-6.381407380E-2,3.731291741E-2
3.843806471E1,3.818432987E-2,-5.014220253E-2,4.925053567E-2
3.844811071E1,7.495985180E-2,-1.847202703E-2,5.434596166E-2
3.845815671E1,6.445474923E-2,-1.327779703E-2,5.074936524E-2
3.846820271E1,3.536399081E-2,-5.960683897E-2,4.114000127E-2
3.847824871E1,2.937347814E-2,3.612048551E-2,-5.375305191E-3
3.848829471E1,3.101631626E-2,2.898136154E-2,6.976907142E-3
3.849834071E1,1.419808250E-3,3.393710358E-3,-1.123245619E-2
3.850838613E1,-3.697925806E-2,-3.217431530E-2,-3.106829897E-2
3.851843212E1,-4.415940866E-2,-4.352976754E-2,-1.261365786E-2
3.852847812E1,-1.527549885E-2,6.365146022E-3,2.443795092E-4
3.853852413E1,1.675860025E-2,6.551475078E-2,-1.644334523E-3
3.854857013E1,-3.136126325E-2,3.102826513E-2,-2.922423743E-2
3.855861613E1,-4.505576938E-2,-1.755258627E-2,4.499106202E-3
3.856866213E1,2.776235342E-4,8.346122690E-3,1.381244697E-2
3.857870813E1,3.020835854E-2,5.970598385E-2,3.896166570E-3
3.858875413E1,6.993336137E-3,3.780919686E-2,3.545485437E-3
3.859879913E1,1.254416257E-2,5.905163288E-2,-1.964745298E-2
3.860884513E1,2.529873699E-2,4.234544467E-3,2.049766481E-3
3.861889113E1,1.993939094E-2,1.709361747E-2,-1.462188829E-2
3.862893713E1,2.364587784E-2,2.789589949E-2,-7.497547660E-3
3.863898312E1,1.058786642E-2,-1.853311807E-2,8.807389997E-3
3.864902912E1,-4.664304201E-3,-1.154405763E-3,-1.031058561E-2
3.865907513E1,-4.361769650E-3,-7.823400944E-2,3.837599233E-2
3.866912113E1,4.622407258E-2,6.462449674E-4,4.496456683E-2
3.867916713E1,5.774197727E-2,2.618302964E-2,3.346024454E-2
3.868921313E1,1.455586404E-2,1.928143203E-2,3.885586560E-2
3.869925913E1,1.500487328E-2,-2.431424707E-2,5.210961774E-2
3.870930513E1,1.112678275E-2,-2.418122254E-3,5.696423724E-2
3.871935113E1,1.946114562E-2,3.808882460E-2,6.237791106E-2
3.872939713E1,-1.098526269E-2,-4.959234968E-3,6.928825378E-2
3.873944313E1,-1.554059982E-2,-1.298546977E-2,8.101122081E-2
3.874948912E1,-6.937126629E-3,-1.245690510E-2,9.810261428E-2
3.875953512E1,8.498288691E-3,-3.138638660E-2,9.560536593E-2
3.876958113E1,1.982514560E-2,-5.372662563E-3,9.743748605E-2
3.877962713E1,6.863805465E-3,-2.180197090E-2,9.593066573E-2
3.878967313E1,-1.812853850E-3,-5.747905001E-2,7.725195587E-2
3.879971913E1,1.965648495E-2,-7.370676100E-2,7.068380713E-2
3.880976513E1,1.844927482E-2,-7.328837365E-2,3.757752106E-2
3.881981113E1,1.052930020E-2,-2.159162425E-2,1.559738629E-2
3.882985713E1,1.210056432E-2,-1.475848537E-2,1.808344573E-2
3.883990313E1,2.026075684E-2,-1.252835430E-2,1.939212345E-2
3.884994913E1,2.257568017E-2,-4.471846856E-3,3.917382099E-3
3.885999513E1,-6.082062609E-3,-2.395579964E-2,5.685987882E-3
3.887004112E1,-1.189672388E-2,-7.974457741E-2,1.553651784E-2
3.888008712E1,2.625493566E-3,-2.584219165E-2,-2.014327329E-4
3.889013313E1,-1.252108160E-2,-5.865494162E-2,3.034505248E-2
3.890017913E1,1.240850426E-2,-4.058485851E-2,3.252991289E-2
3.891022513E1,2.559048682E-2,-7.586926967E-2,2.885898203E-2
3.892027113E1,5.932901055E-2,-9.602566808E-2,6.869347394E-2
3.893031713E1,7.292900234E-2,-3.705368564E-2,4.650849104E-2
3.894036313E1,5.534122139E-2,-2.825566567E-2,2.850924805E-2
3.895040913E1,4.773275927E-2,-5.216329172E-2,3.399973735E-2
3.896045513E1,2.518217452E-2,-4.004286136E-3,3.560264595E-4
3.897050113E1,2.044608584E-3,-4.004444554E-2,2.725847811E-2
3.898054712E1,-2.784668468E-4,-1.108326018E-1,1.911772788E-2
3.899059312E1,3.404738009E-2,-3.174227849E-2,6.497138739E-2
3.900063913E1,2.624139003E-2,-6.165463477E-2,3.981357068E-2
3.901068513E1,2.971271612E-2,-7.065603137E-2,2.298603207E-2
3.902073113E1,3.383608907E-2,-2.779644914E-2,5.220615305E-3
3.903077713E1,2.903214470E-2,-4.992818832E-2,3.079817630E-2
3.904082313E1,4.545852169E-2,-1.932340860E-2,1.863179170E-2
3.905086913E1,1.618857123E-2,-1.604369655E-2,1.705108769E-2
3.906091513E1,1.277599670E-2,-4.163054749E-2,-3.080812283E-3
3.907096113E1,5.848342553E-3,-1.143241953E-2,-4.144024476E-2
3.908100713E1,-4.598076642E-2,-2.993393317E-2,-3.671659529E-2
3.909105312E1,-2.841847017E-2,-4.601100460E-3,-1.982887089E-2
3.910109912E1,-2.979825437E-2,6.109718815E-4,-3.066766821E-2
3.911114513E1,-4.586787522E-2,8.205036866E-4,-2.104037255E-2
3.912119113E1,-4.575442523E-2,-2.596716769E-2,-2.833024226E-2
3.913123713E1,-4.668946192E-2,-1.768340543E-2,-2.534483932E-2
3.914128313E1,-4.088640958E-2,-2.146229707E-2,-8.971725591E-3
3.915132913E1,-2.514600381E-2,-3.183433414E-2,-6.014995277E-3
3.916137513E1,-1.514849812E-2,2.117269114E-2,-1.750173979E-2
3.917142113E1,-2.768679708E-2,4.619860090E-3,-1.523423847E-2
3.918146713E1,-6.977792364E-3,2.362564905E-3,-1.292900648E-2
3.919151313E1,-5.685491953E-3,1.289783698E-2,-2.520940267E-2
3.920155912E1,-8.842935786E-3,-1.590025611E-2,-1.275832579E-2
3.921160512E1,1.640849374E-2,-8.832685649E-3,-2.317166189E-3
3.922165113E1,3.400017740E-3,2.814637125E-2,-1.855499297E-2
3.923169713E1,-1.656774990E-2,3.873300040E-3,-6.180524826E-3
3.924174313E1,-9.112930857E-4,-1.208810369E-3,-8.028037846E-4
3.925178913E1,-1.057584956E-2,2.524438314E-3,-7.744718343E-3
3.926183513E1,-1.380220987E-3,-1.440793928E-2,1.405804884E-2
3.927188113E1,2.744746022E-2,2.310802415E-2,8.806237020E-3
3.928192713E1,4.164507147E-3,1.366019435E-2,4.997650161E-3
3.929197313E1,-3.266271669E-3,-3.480615467E-2,9.249978699E-3
3.930201913E1,2.456322871E-2,-5.314310081E-3,1.009713020E-2
3.931206513E1,1.528365258E-2,-2.125590108E-2,1.577569917E-2
3.932211112E1,1.995243877E-2,-2.805841342E-2,1.118973549E-2
3.933215712E1,3.707883507E-2,9.917151183E-3,1.096061617E-2
3.934220313E1,2.089480683E-2,2.400207706E-2,3.246502951E-3
3.935224913E1,2.032700926E-3,-3.553916002E-3,-6.078022998E-3
3.936229513E1,9.206801653E-3,-9.266766720E-3,-8.751688525E-3
3.937234113E1,2.185780555E-2,-1.167309564E-2,8.262567222E-3
3.938238713E1,2.933196723E-2,-1.978375204E-2,3.759960411E-3
3.939243313E1,1.964929514E-2,1.311561209E-3,1.047106739E-2
3.940247913E1,2.062880620E-2,8.221132681E-3,1.452519745E-2
3.941252513E1,4.364004824E-3,4.663769505E-4,6.206398830E-3
3.942257113E1,-2.687512897E-3,-1.951185800E-2,1.767583378E-2
3.943261712E1,2.915283479E-2,-9.774230421E-3,2.031405084E-2
3.944266312E1,8.526919410E-3,-5.450148880E-2,-5.691495538E-2
3.945270913E1,1.496764598E-3,-4.939097166E-2,1.893408969E-2
3.946275513E1,5.611073971E-2,-1.037646085E-2,6.837274879E-2
3.947280113E1,5.901920795E-2,-3.344474733E-2,3.092997521E-2
3.948284713E1,4.941478372E-2,-2.374631539E-2,2.208348550E-2
3.949289313E1,4.046509415E-2,-2.140600048E-2,2.699464932E-2
3.950293896E1,4.106830060E-2,-3.833665978E-3,1.635771804E-2
3.951298496E1,1.421078108E-2,5.538781639E-3,9.188984986E-4
3.952303096E1,-9.600008838E-3,-2.035140432E-2,-4.398369230E-3
3.953307696E1,1.654742658E-2,-2.552583441E-2,9.929082356E-3
3.954312296E1,3.816590458E-2,-8.628331707E-4,8.033178747E-3
3.955316896E1,4.542086273E-2,7.876461372E-3,1.467377227E-2
3.956321496E1,6.218066812E-2,9.650392458E-3,2.832992934E-2
3.957326096E1,5.377706885E-2,-1.293200161E-2,2.427547425E-2
3.958330696E1,1.346320100E-2,-6.141739432E-3,1.879735105E-2
3.959335296E1,9.616857860E-4,-1.443633158E-2,3.309497610E-2
3.960339896E1,2.800901607E-2,-1.451516151E-2,4.427439347E-2
3.961344496E1,3.238138929E-2,-3.508529812E-2,5.010198057E-2
3.962349096E1,1.829246804E-2,-7.162919641E-2,6.108885258E-2
3.963353696E1,3.831086308E-2,-4.266095534E-2,5.495145172E-2
3.964358296E1,3.495048732E-2,-1.074669883E-2,4.231395200E-2
3.965362896E1,2.545921877E-2,-8.980238810E-3,6.035160273E-2
3.966367496E1,4.562094808E-2,1.161158830E-2,5.540504679E-2
3.967372096E1,6.094533950E-2,3.441106901E-2,3.882089257E-2
3.968376696E1,3.897665814E-2,2.138581872E-2,3.867574781E-2
3.969381296E1,3.917974979E-2,4.075063625E-4,6.030956283E-3
3.970385896E1,4.213053361E-2,1.545741339E-3,4.641585052E-3
3.971390496E1,5.321598053E-2,-3.276053583E-3,2.193727344E-2
3.972395096E1,5.161595345E-2,3.026849823E-3,1.428627782E-2
3.973399596E1,4.506260157E-3,2.298778854E-2,1.332082320E-2
3.974404196E1,-4.674973711E-2,9.070375934E-3,6.642946508E-3
3.975408796E1,-9.615147859E-2,-7.713577710E-3,-2.336510643E-2
3.976413396E1,-1.305451393E-1,1.392302569E-3,-2.677075751E-2
3.977417996E1,-1.467050612E-1,5.111400411E-2,-3.336456418E-2
3.978422596E1,-1.044585407E-1,9.333202988E-2,-4.969879612E-2
3.979427196E1,-2.099187486E-2,1.118519157E-1,-5.945581943E-2
3.980431796E1,2.597137354E-2,9.978540242E-2,-3.926186636E-2
3.981436396E1,4.626391083E-2,8.396691084E-2,-2.742817253E-2
3.982440996E1,4.544579238E-2,7.082527876E-2,-7.588420529E-3
3.983445596E1,2.969799377E-2,6.668514758E-2,1.530932076E-2
3.984450196E1,3.269964084E-2,7.363414019E-2,3.280921653E-2
3.985454796E1,3.204108775E-2,5.082043633E-2,3.265608475E-2
3.986459396E1,5.469393730E-2,3.226006776E-2,1.720389351E-2
3.987463996E1,1.065000147E-1,5.602687597E-4,2.682179213E-3
3.988468596E1,2.076673806E-1,-3.676659614E-2,-1.047676615E-2
3.989473196E1,2.966289520E-1,-5.053460598E-2,-2.024444193E-2
3.990477796E1,3.492386341E-1,-3.831522539E-2,-1.001364179E-2
3.991482396E1,3.909374177E-1,-1.219381671E-2,6.452978589E-3
3.992486996E1,3.697580993E-1,-3.437288851E-2,1.837967895E-2
3.993491596E1,3.013207912E-1,-4.902997985E-2,1.329271495E-2
3.994496196E1,2.722385526E-1,5.521599948E-2,-2.246554755E-2
3.995500796E1,1.381665319E-1,1.297643036E-1,1.383901760E-2
3.996505396E1,1.195480973E-1,1.699937582E-1,1.669365913E-2
3.997509996E1,1.983226836E-1,1.638377607E-1,-3.347541019E-2
3.998514596E1,1.850377768E-1,1.296142787E-1,-6.159945577E-2
3.999519196E1,1.342472583E-1,9.053624421E-2,-4.759170115E-2
4.000523796E1,1.484336406E-1,5.450394377E-2,-7.110369205E-2
4.001528396E1,1.546776146E-1,4.133057222E-2,-1.158422232E-1
4.002532996E1,1.278696954E-1,5.876389146E-2,-1.733278781E-1
4.003537596E1,6.156902015E-2,-2.627268666E-3,-1.603259146E-1
4.004542196E1,-1.688317768E-2,1.385556813E-2,-1.650221348E-1
4.005546796E1,-5.430218205E-2,3.444914147E-2,-1.352389902E-1
4.006551396E1,-6.578892469E-2,-2.355478937E-3,-7.894243300E-2
4.007555996E1,-5.864566192E-2,-2.513608336E-2,-5.459931120E-2
4.008560596E1,-1.364531461E-3,-5.095196888E-2,-4.010985047E-2
4.009565196E1,-7.848963141E-4,-2.562005445E-2,-7.150537800E-3
4.010569796E1,4.539561458E-3,-6.644499954E-3,1.727091521E-2
4.011574396E1,3.904623911E-2,-1.585820690E-2,4.797731340E-2
4.012578996E1,6.909335405E-2,-3.358767182E-2,5.095952004E-2
4.013583596E1,7.061854750E-2,-4.657750577E-2,4.937893525E-2
4.014588196E1,3.051456064E-2,-1.969302259E-2,4.095295444E-2
4.015592796E1,-3.840205073E-2,2.402990870E-2,2.268944308E-2
4.016597396E1,-9.051238745E-2,5.614044145E-2,5.896348506E-3
4.017601996E1,-1.077259928E-1,6.063600630E-2,-3.904676531E-3
4.018606596E1,-7.586366683E-2,5.323454738E-2,-1.612938568E-2
4.019611196E1,-2.286075242E-2,5.755410716E-2,-4.815967008E-2
4.020615796E1,-5.655675195E-4,2.225577272E-2,-1.206478197E-2
4.021620396E1,9.818529710E-3,9.574298747E-3,-2.849058248E-3
4.022624996E1,6.283182651E-3,-3.805954475E-3,1.813452132E-2
4.023629596E1,-1.086938847E-2,-3.708600707E-4,2.385386452E-2
4.024634196E1,-2.572183684E-2,-3.153330879E-3,3.091390431E-2
4.025638796E1,-2.018544637E-2,-4.833547864E-3,3.558281064E-2
4.026643396E1,4.728158936E-3,-1.158066746E-2,3.540064767E-2
4.027647996E1,1.952682063E-2,6.948037539E-3,3.854093328E-2
4.028652596E1,2.644970827E-2,2.734199166E-2,3.508947790E-2
4.029657196E1,3.481584042E-2,2.953819744E-2,3.702627495E-2
4.030661796E1,1.502509043E-2,2.549898066E-2,4.537208751E-2
4.031666396E1,-1.642397046E-2,2.439412661E-2,4.675870761E-2
4.032670996E1,-3.630952537E-2,2.681760304E-2,4.397011176E-2
4.033675596E1,-3.798763081E-2,2.192830294E-2,4.446146637E-2
4.034680196E1,-4.722081125E-2,2.865385078E-2,3.120424971E-2
4.035684796E1,-4.356269911E-2,2.258820646E-2,2.439173497E-2
4.036689396E1,-2.804259583E-2,1.706907153E-2,1.372923609E-2
4.037693996E1,-1.392491348E-2,1.348126214E-2,1.077499148E-2
4.038698596E1,8.386249654E-3,3.748740070E-3,2.313658781E-2
4.039703196E1,1.228323951E-2,8.253638633E-3,2.729233168E-2
4.040707796E1,-9.142157622E-3,2.305602096E-2,3.375662118E-2
4.041712396E1,-5.251964927E-2,3.319057450E-2,2.797824331E-2
4.042716996E1,-5.914479867E-2,1.923161745E-2,1.866836473E-2
4.043721596E1,-7.725474983E-2,2.836893685E-2,7.820186205E-3
4.044726196E1,-6.602313370E-2,2.840781957E-2,3.874712856E-3
4.045730796E1,-2.846419998E-2,4.163047299E-2,7.399357855E-4
4.046735396E1,1.495890785E-2,3.986852616E-2,9.226897731E-3
4.047739996E1,4.574529082E-2,2.698706836E-2,2.204022370E-2
4.048744596E1,3.848364949E-2,2.581820637E-2,1.673920080E-2
4.049749196E1,1.691737026E-2,4.299598746E-3,3.428455908E-3
4.050753883E1,1.367337350E-2,-1.651566848E-2,-5.061435513E-3
4.051758483E1,6.214770954E-3,-1.812001690E-2,2.908310387E-3
4.052763083E1,1.357335038E-2,-8.850085549E-3,1.007807255E-2
4.053767683E1,2.201217972E-2,1.234402042E-2,-8.566720411E-3
4.054772283E1,3.080220893E-2,4.521914572E-2,-3.151438013E-2
4.055776883E1,-5.527061597E-2,3.968645632E-2,-1.891774312E-2
4.056781483E1,-2.739531174E-2,3.283227608E-2,-2.810671367E-2
4.057786083E1,2.922778204E-2,6.534374785E-3,-2.444519289E-2
4.058790683E1,6.090554968E-2,-8.215011097E-3,-2.538209409E-2
4.059795283E1,4.499067739E-2,-2.447515354E-2,-3.023709171E-3
4.060799883E1,4.882670008E-3,-3.694859892E-2,-3.744360525E-3
4.061804483E1,-2.122598886E-2,-4.446325079E-2,5.205730908E-3
4.062809083E1,-4.284366593E-2,-7.234389894E-3,3.046439961E-3
4.063813683E1,-3.504963964E-2,1.489261817E-2,4.530353472E-3
4.064818283E1,3.483016044E-4,1.870825072E-3,3.795321099E-3
4.065822883E1,2.618775144E-2,-1.131722145E-2,-1.159585640E-2
4.066827483E1,5.114050955E-2,-4.148497805E-2,-1.438738219E-2
4.067832083E1,5.385120586E-2,-5.445716158E-2,-1.312746946E-2
4.068836683E1,3.519762680E-2,-6.060773134E-2,-9.664560668E-3
4.069841283E1,-1.553604193E-2,-5.881191790E-2,-8.104392327E-3
4.070845883E1,-7.601403445E-2,-4.518505558E-2,-1.496256515E-2
4.071850483E1,-1.237245649E-1,-2.594386414E-2,-2.710092813E-2
4.072855083E1,-1.712542623E-1,-1.273458451E-2,-2.703062072E-2
4.073859683E1,-1.704096198E-1,-1.754602976E-2,-3.001265042E-2
4.074864283E1,-1.456427574E-1,-2.855127677E-2,-2.089398727E-2
4.075868883E1,-9.339025617E-2,-4.274302721E-2,-2.861338668E-3
4.076873483E1,-6.044775248E-2,-6.555752456E-2,2.643947955E-3
4.077878083E1,-8.137337863E-2,-6.125897914E-2,-1.849101391E-3
4.078882683E1,-9.523326904E-2,-8.495738357E-2,-1.002713665E-2
4.079887283E1,-6.531978399E-2,-8.079560846E-2,-7.925340906E-3
4.080891883E1,-2.855271474E-2,-6.982604414E-2,-7.838521153E-3
4.081896483E1,2.111387625E-2,-9.711802006E-2,-3.932686523E-4
4.082901083E1,6.142720953E-2,-1.170914620E-1,-1.217517303E-3
4.083905683E1,1.048043221E-1,-1.148265377E-1,6.800609641E-3
4.084910283E1,1.399274319E-1,-1.106624156E-1,1.234477945E-2
4.085914883E1,1.200675368E-1,-9.571977705E-2,-1.583998790E-3
4.086919483E1,5.303443968E-2,-8.164017648E-2,1.096108835E-2
4.087924083E1,4.458540678E-2,-7.773338258E-2,1.464580838E-2
4.088928683E1,3.243446723E-2,-8.466159552E-2,2.291812003E-2
4.089933283E1,-4.450475797E-3,-8.659061790E-2,2.000976913E-2
4.090937883E1,-1.394677535E-2,-9.575055540E-2,8.370691910E-3
4.091942483E1,-4.870507121E-2,-1.112103537E-1,-1.803057967E-3
4.092947083E1,-5.799311399E-2,-1.017880887E-1,-2.368571982E-2
4.093951683E1,-2.541140839E-2,-6.817615777E-2,-1.225507818E-2
4.094956283E1,8.526584134E-3,-5.538392812E-2,-8.594563231E-3
4.095960883E1,6.524655037E-4,-6.268829852E-2,-1.770769246E-2
4.096965483E1,-1.010297611E-2,-6.580632925E-2,-1.670208201E-2
4.097970083E1,1.253167633E-2,-8.483586460E-2,-2.137755789E-2
4.098974683E1,1.783855632E-2,-7.831618190E-2,-5.058505572E-3
4.099979283E1,-1.804817468E-2,-8.416786045E-2,-1.700846478E-2
4.100983883E1,-2.486480027E-2,-7.435358316E-2,-1.982395910E-2
4.101988483E1,-1.851792261E-2,-7.329374552E-2,-2.351095900E-2
4.102993083E1,-3.799841553E-2,-7.670152932E-2,-3.384641930E-2
4.103997683E1,-5.862431601E-2,-4.863315448E-2,-2.994056791E-2
4.105002283E1,-8.116184175E-2,-1.851946115E-2,-4.139349237E-2
4.106006883E1,-7.805640996E-2,-3.269403055E-2,-2.581148408E-2
4.107011483E1,-7.407499105E-2,-2.893125266E-2,-3.701061010E-2
4.108016083E1,-7.201478630E-2,-3.054819070E-2,-2.156294324E-2
4.109020683E1,-4.804074392E-2,-4.551675543E-2,-1.631864719E-2
4.110025283E1,-1.975869574E-2,-4.461137950E-2,9.988946840E-5
4.111029883E1,2.645679517E-3,-3.315366432E-2,-4.219757393E-3
4.112034483E1,-1.290374994E-2,-1.834398694E-2,-1.663271803E-3
4.113039083E1,-1.933049038E-2,-1.602490619E-2,-5.797829013E-3
4.114043683E1,-6.150564179E-2,-9.108542651E-2,-1.395745873E-1
4.115048283E1,-4.730699584E-2,-8.424630389E-3,-4.124962166E-2
4.116052883E1,-5.408538878E-2,-1.730829850E-2,-1.767707057E-2
4.117057483E1,-3.706912696E-2,-2.732710913E-2,6.526002660E-3
4.118062083E1,-6.447367836E-3,-3.410373256E-2,-5.076289643E-3
4.119066683E1,5.383192562E-3,-2.929725870E-2,-1.088064909E-2
4.120071283E1,-1.642894000E-2,-3.193458915E-2,-2.583083883E-2
4.121075883E1,4.074513540E-2,-2.778005600E-2,-8.832946420E-3
4.122080483E1,5.309662968E-2,-1.833901741E-2,-1.904696599E-2
4.123085083E1,3.856296092E-2,-1.897471398E-2,-1.657715067E-2
4.124089683E1,6.114744395E-2,1.983596198E-2,-3.743461147E-2
4.125094283E1,2.038882673E-2,7.178490516E-3,-5.732230097E-2
4.126098883E1,-1.485683210E-2,-7.618328091E-3,-6.280163676E-2
4.127103483E1,2.762375865E-3,-1.745791640E-3,-6.651115417E-2
4.128108083E1,1.486652903E-2,-4.531799350E-3,-2.793257311E-2
4.129112683E1,9.204466641E-2,6.025088951E-4,-3.625103505E-3
4.130117283E1,1.265836060E-1,1.057558879E-2,-4.366558045E-3
4.131121883E1,9.583741426E-2,-1.046712510E-3,-2.055005543E-2
4.132126483E1,9.092245251E-2,1.787235774E-2,-3.020390309E-2
4.133131083E1,9.404980391E-2,7.646351121E-3,-1.185924932E-2
4.134135683E1,1.448222250E-1,1.509867236E-2,-2.147778124E-2
4.135140283E1,1.703632623E-1,2.978254296E-2,-7.844261825E-3
4.136144883E1,1.664693505E-1,3.689525649E-2,4.627825227E-3
4.137149483E1,1.604247689E-1,3.942765668E-2,-1.850279421E-2
4.138154083E1,1.463475674E-1,3.089914657E-2,-2.907687612E-2
4.139158683E1,1.585736126E-1,3.815706074E-2,-9.512309916E-4
4.140163283E1,1.413451582E-1,5.387401581E-2,-2.563039027E-2
4.141167883E1,1.432634443E-1,4.223946109E-2,-1.549759507E-2
4.142172483E1,1.839697510E-1,5.423028767E-2,-3.987566754E-2
4.143177083E1,1.184405386E-1,5.961360410E-2,-4.478120804E-2
4.144181683E1,8.670593798E-2,6.672406197E-2,-2.386510000E-2
4.145186283E1,1.508060992E-1,4.423260316E-2,-1.634220220E-2
4.146190883E1,1.930662096E-1,4.833748564E-2,-1.615690812E-2
4.147195483E1,1.742182076E-1,6.112864614E-2,-4.309569485E-3
4.148200083E1,1.882424504E-1,4.342940822E-2,-1.908425242E-2
4.149204683E1,1.731495112E-1,4.701801762E-2,-2.426569909E-2
4.150209283E1,1.355167478E-1,4.103206098E-2,-1.981966756E-2
4.151213858E1,1.594638973E-1,4.798930511E-2,-1.840606146E-2
4.152218458E1,1.591979563E-1,4.181281105E-2,-1.702751964E-2
4.153223058E1,1.284565479E-1,5.213256180E-2,-2.766365558E-2
4.154227658E1,1.040067002E-1,3.396770731E-2,-3.715395182E-2
4.155232258E1,9.758448601E-2,1.409972645E-2,-2.005284885E-3
4.156236858E1,1.211374402E-1,4.230860248E-2,1.087131072E-2
4.157241458E1,1.293495595E-1,3.642168641E-2,2.181796916E-2
4.158246058E1,1.562003046E-1,3.788452968E-2,3.554188833E-2
4.159250658E1,1.004952192E-1,4.429236427E-2,-1.494046114E-2
4.160255158E1,4.572331905E-2,1.273496822E-2,-4.448397085E-2
4.161259758E1,9.319416434E-2,-1.467136899E-3,-3.806069493E-2
4.162264358E1,6.378046423E-2,3.236639872E-2,2.709341701E-3
4.163268958E1,6.231998652E-2,2.966382541E-2,-2.021594904E-2
4.164273558E1,6.411183625E-2,9.122346528E-3,4.082764313E-2
4.165278158E1,6.544607878E-2,1.118230168E-2,3.059756011E-3
4.166282758E1,3.735711053E-2,-9.428065270E-3,7.745972835E-3
4.167287358E1,5.829061940E-2,3.755631624E-4,3.368356451E-2
4.168291958E1,5.915853754E-2,2.483214438E-2,-6.119126454E-3
4.169296558E1,1.012734417E-2,1.283966284E-2,-1.643647999E-2
4.170301158E1,-1.490471419E-3,-1.236275025E-2,-1.758942008E-2
4.171305758E1,-1.230929699E-2,2.377300843E-4,-1.107479446E-2
4.172310358E1,-1.433867496E-2,-1.450354606E-2,-7.992928848E-3
4.173314958E1,1.249666698E-2,-1.415147632E-2,4.290103447E-3
4.174319558E1,3.050929122E-2,5.017291289E-3,-1.135543175E-2
4.175324158E1,2.267533727E-2,-1.104716212E-2,-2.015478350E-2
4.176328758E1,6.490265951E-4,-3.818722675E-3,-1.864033006E-2
4.177333358E1,1.825891249E-2,-2.230147133E-3,-1.813939027E-2
4.178337958E1,3.926922102E-3,-9.884178871E-4,-3.036634997E-2
4.179342558E1,-1.100409031E-2,6.119026337E-3,-3.591531143E-2
4.180347158E1,1.436585374E-2,-7.329982705E-3,-4.091974348E-2
4.181351758E1,-3.280432150E-2,-2.882770030E-3,-4.888366163E-2
4.182356358E1,-3.238847479E-2,-1.867926493E-2,-4.182148725E-3
4.183360958E1,6.050260272E-3,1.797302254E-2,6.428684108E-3
4.184365558E1,-3.177184612E-2,8.832313120E-3,-2.024950273E-2
4.185370158E1,-1.588449255E-2,1.747640222E-2,-2.243036404E-2
4.186374758E1,-3.599491715E-2,-1.373748761E-3,-3.108871728E-2
4.187379358E1,-2.827601135E-2,1.315246336E-2,-4.200208560E-2
4.188383958E1,-1.935877465E-2,-5.898531526E-3,-3.258884326E-2
4.189388558E1,-1.201617159E-2,8.488531457E-4,-2.470162697E-2
4.190393158E1,-1.398876309E-2,-8.377757855E-3,-1.935284771E-2
4.191397758E1,-2.601186931E-2,-3.303637030E-3,-1.796560735E-2
4.192402358E1,-1.796432957E-2,-4.777430091E-3,-8.266108111E-3
4.193406958E1,-5.888262298E-3,-3.693569219E-3,6.139376666E-3
4.194411558E1,7.586984895E-3,-9.105156176E-3,-1.031798217E-2
4.195416158E1,6.006665062E-3,-1.430098340E-2,-4.410292022E-3
4.196420758E1,1.220006309E-2,1.633092994E-3,-1.095148921E-2
4.197425358E1,-1.141178794E-2,8.688072674E-3,-7.797773927E-3
4.198429958E1,2.969593043E-3,4.734613467E-3,4.601546098E-4
4.199434558E1,1.055028103E-2,7.380074239E-4,6.207788829E-3
4.200439158E1,1.027366705E-2,-2.354650525E-3,-2.682404360E-3
4.201443758E1,-6.444938481E-4,6.045226008E-3,6.299905479E-3
4.202448358E1,-1.512205694E-3,1.297820359E-2,9.971990250E-3
4.203452958E1,-1.517795026E-2,1.521818805E-2,-1.660422795E-2
4.204457558E1,-2.344190143E-2,8.890163153E-3,-2.453556471E-2
4.205462158E1,-3.630177677E-2,5.246276123E-5,-4.302136227E-2
4.206466758E1,-1.227412373E-2,-2.251100726E-2,9.558372200E-3
4.207471358E1,-1.059207320E-2,6.843953393E-3,-3.695879504E-2
4.208475958E1,-3.756227344E-2,-4.924851935E-3,-1.156863384E-2
4.209480558E1,-9.067513049E-3,6.048969459E-3,1.115470310E-3
4.210485158E1,-1.466778107E-3,1.111804601E-2,-1.137641165E-2
4.211489758E1,-1.440547965E-2,4.488857667E-5,-1.471841335E-2
4.212494358E1,-6.631874945E-3,-4.653547890E-3,-6.217515096E-3
4.213498958E1,-2.866165247E-3,-7.922303630E-4,7.967188722E-4
4.214503558E1,-1.078677736E-2,-1.239287667E-3,6.655585952E-3
4.215508158E1,-1.170882024E-4,-6.538711954E-3,3.174833953E-3
4.216512758E1,4.925183021E-4,4.677219316E-3,1.997899450E-2
4.217517358E1,1.157579571E-2,2.306649549E-6,1.736669987E-2
4.218521958E1,1.477408502E-2,-9.437770583E-3,9.957669303E-3
4.219526558E1,2.203359641E-2,-2.560689813E-3,2.329611033E-2
4.220531158E1,2.995395288E-2,-8.053103462E-3,2.536422946E-2
4.221535758E1,3.328903019E-2,-9.118370945E-4,9.076336399E-3
4.222540358E1,2.934973873E-2,-3.524634289E-3,2.174221165E-2
4.223544958E1,2.798300423E-2,1.939106849E-3,6.241815165E-3
4.224549558E1,1.121500880E-2,-5.984996911E-3,5.452990998E-3
4.225554158E1,9.951073676E-3,-8.102476597E-3,5.402390845E-3
4.226558758E1,8.318168111E-4,-1.228768565E-2,5.217266269E-3
4.227563358E1,1.518912381E-3,-7.834347896E-3,3.824432846E-3
4.228567958E1,-1.140776090E-3,-1.549209841E-2,3.712142119E-3
4.229572558E1,1.368454425E-3,-1.207526214E-2,-3.262410639E-3
4.230577158E1,-2.789145801E-3,-8.447458036E-3,7.446248084E-3
4.231581758E1,9.323554114E-4,-1.297589671E-2,2.590772696E-3
4.232586358E1,-2.287281677E-4,-1.700283401E-2,6.707901601E-3
4.233590958E1,-1.615436282E-3,-1.336255856E-2,3.125150921E-3
4.234595558E1,4.853489809E-3,-1.402749214E-2,1.428888552E-2
4.235600158E1,1.303046010E-2,-1.540807448E-2,1.019960269E-2
4.236604758E1,9.486757219E-3,-1.660439558E-2,1.556172874E-2
4.237609358E1,1.351599582E-3,-7.016750518E-3,4.677921534E-3
4.238613958E1,-1.252730098E-2,-1.332968380E-2,8.531426080E-3
4.239618558E1,-5.664335564E-3,-1.487032231E-2,1.835875772E-2
4.240623158E1,2.442859346E-3,-4.427269567E-3,9.245419875E-3
4.241627758E1,-8.681430481E-3,-3.790773917E-3,1.525714411E-3
4.242632358E1,-7.130965590E-3,-9.846162284E-4,9.822221473E-4
4.243636958E1,-6.390873343E-3,3.037822433E-3,-5.423745140E-3
4.244641558E1,-1.984542981E-2,-9.603814688E-4,-2.067629946E-3
4.245646158E1,-1.862090826E-2,-6.335173268E-3,-4.368867725E-3
4.246650758E1,-1.403473690E-2,-4.247166682E-3,-3.673602594E-3
4.247655258E1,-1.422009245E-2,-4.460367491E-4,-5.795609206E-3
4.248659958E1,-1.279293187E-2,-4.212027881E-3,-5.750276148E-3
4.249664458E1,-9.711654857E-3,-6.226191181E-4,-1.025341544E-2
4.250669108E1,-2.158415690E-2,7.649617037E-4,-1.103481650E-2
4.251673708E1,-2.057242207E-2,-3.238834674E-3,8.852259489E-4
4.252678308E1,-9.210077114E-3,-2.248567296E-3,1.724506496E-3
4.253682908E1,-8.911803365E-3,-1.418726286E-3,4.836943001E-3
4.254687508E1,-2.820250113E-3,-3.021505254E-4,3.485476598E-3
4.255692108E1,-9.275414050E-4,4.478756338E-3,3.000248689E-3
4.256696708E1,-3.037880640E-3,2.881230903E-4,9.973453125E-4
4.257701308E1,-3.886363935E-3,2.627976239E-3,1.755014644E-3
4.258705908E1,1.597513212E-3,-3.658608766E-4,4.053233191E-3
4.259710508E1,8.897770196E-3,-1.946446951E-3,4.576544277E-3
4.260715108E1,1.579895429E-2,2.179129981E-3,2.801251365E-3
4.261719708E1,8.123458363E-3,4.823648836E-3,-2.912827302E-3
4.262724308E1,6.935684476E-3,2.028513700E-3,2.625200432E-4
4.263728908E1,8.415869437E-3,6.998624885E-4,-1.053081593E-3
4.264733508E1,-1.662566327E-3,-1.984441187E-3,-1.380503410E-3
4.265738108E1,3.883200465E-3,-2.641975647E-3,3.724509850E-3
4.266742708E1,1.656283066E-2,-2.986292588E-3,5.282873288E-3
4.267747308E1,1.421605330E-2,-5.363164004E-3,-5.704883952E-4
4.268751908E1,1.067361608E-2,5.477519589E-4,7.580453530E-4
4.269756508E1,1.759170927E-2,-2.392111579E-3,1.608392689E-3
4.270761108E1,2.295467257E-2,-6.820334820E-4,-2.773545450E-3
4.271765708E1,1.688026823E-2,-3.126282711E-3,-5.750427023E-3
4.272770308E1,1.377089880E-2,-2.035233425E-3,-2.951264614E-3
4.273774908E1,9.714106098E-3,-1.655200147E-3,-2.071436029E-4
4.274779508E1,5.527061410E-3,-5.022102036E-3,1.720718457E-3
4.275784108E1,1.228453359E-3,-6.912695826E-4,-2.524094190E-3
4.276788708E1,-7.878731936E-3,6.810721243E-4,-6.478414871E-3
4.277793308E1,-1.120821573E-2,-2.275835490E-3,-5.069868639E-3
4.278797908E1,-8.331730962E-3,1.746877388E-4,-6.503243931E-3
4.279802508E1,-6.517585367E-3,-4.333119432E-4,-4.477377050E-3
4.280807108E1,-6.580047775E-3,-5.657786096E-5,-2.283847192E-3
4.281811708E1,-1.162061282E-2,5.431660102E-4,-2.685984364E-3
4.282816308E1,-2.213500254E-2,7.536137942E-3,-3.327275626E-4
4.283820908E1,-1.145299152E-1,7.995254546E-2,4.217797890E-2
4.284825508E1,-2.263291739E-2,6.728550885E-3,-9.465564974E-3
4.285830108E1,2.306519542E-3,-3.788271919E-3,-2.618577564E-3
4.286834708E1,-2.886415459E-4,-1.795356744E-3,2.028342569E-3
4.287839308E1,-2.261511050E-3,-3.535214346E-4,1.179593150E-3
4.288843908E1,-2.122864127E-3,-1.878091833E-3,1.796025317E-3
4.289848508E1,-3.343123943E-3,-1.606981969E-3,1.903350698E-3
4.290853108E1,-5.999717396E-3,7.860609330E-4,-3.404031741E-3
4.291857708E1,-8.426656947E-3,5.168153439E-4,-4.930023104E-3
4.292862308E1,-6.424063351E-3,-2.694868715E-3,-3.525293898E-3
4.293866908E1,-5.185693037E-3,-7.459676708E-4,-5.499761552E-3
4.294871508E1,-6.402896717E-3,3.547640808E-4,-4.772365559E-3
4.295876108E1,-7.291593589E-3,2.384625608E-3,-6.187569350E-3
4.296880708E1,-1.020529121E-2,2.927848836E-3,-6.474421825E-3
4.297885308E1,-8.034016006E-3,6.053059478E-4,-6.918636616E-3
4.298889908E1,-5.423215684E-3,2.041459316E-3,-5.904947408E-3
4.299894508E1,-5.025073420E-3,3.404997755E-3,-5.476178601E-3
4.300899108E1,-9.215930477E-4,3.144439834E-4,-3.007340012E-3
4.301903708E1,5.602085963E-3,3.101829207E-4,-5.683284253E-3
4.302908308E1,1.287293155E-2,2.746089129E-3,-7.297602948E-3
4.303912908E1,2.211543173E-2,-3.444695147E-3,-1.371875219E-2
4.304917508E1,4.103663564E-2,-2.812329214E-3,-1.495818421E-2
4.305922108E1,4.872091860E-2,-4.669084679E-3,-1.862722263E-2
4.306926708E1,3.369190544E-2,-7.433712482E-3,-1.757021248E-2
4.307931308E1,5.378507078E-3,-3.675726010E-3,-1.851776615E-2
4.308935908E1,-8.202205412E-3,-1.092562103E-3,-2.028515935E-2
4.309940508E1,-3.482449427E-2,1.937848865E-3,-1.522142440E-2
4.310945108E1,-1.726872474E-1,-1.119347289E-2,-3.443690762E-2
4.311949708E1,-1.115069762E-1,2.223106287E-2,-1.985221868E-3
4.312954308E1,-5.200450867E-2,-1.198203489E-2,-1.432790793E-2
4.313958908E1,-5.060355738E-2,1.932757790E-3,-2.244007029E-2
4.314963508E1,-8.157461137E-2,9.869851172E-3,-3.803130984E-2
4.315968108E1,-8.083877712E-2,7.360088639E-3,-5.920290947E-2
4.316972708E1,-6.283881515E-2,1.084387302E-2,-2.449727431E-2
4.317977308E1,-4.083817825E-2,1.220528036E-2,3.712526523E-3
4.318981908E1,-9.795783088E-3,8.300316520E-3,1.418049540E-2
4.319986508E1,1.026687399E-2,9.588221088E-3,1.776537672E-2
4.320991108E1,2.683661133E-2,4.490443040E-3,2.074714005E-2
4.321995708E1,2.936421707E-2,5.713632796E-3,3.014916368E-2
4.323000308E1,2.192510106E-2,5.568963941E-3,4.204840213E-2
4.324004908E1,2.360528894E-2,5.542171857E-5,4.896516725E-2
4.325009508E1,-4.984775931E-2,1.583324559E-2,5.592856556E-2
4.326014108E1,4.565319791E-2,8.159468998E-4,6.152093783E-2
4.327018708E1,7.045117021E-2,-1.190026291E-2,6.108157337E-2
4.328023308E1,6.880853325E-2,-1.097055338E-2,4.450872168E-2
4.329027908E1,4.296101630E-2,-6.562311202E-3,3.241432831E-2
4.330032508E1,2.167515690E-3,-5.802777596E-3,6.518549286E-3
4.331037108E1,-2.275384963E-2,-1.571591711E-3,-6.623438094E-3
4.332041708E1,-2.978779189E-2,1.606358448E-3,-1.143150963E-2
4.333046308E1,-3.027760237E-2,8.927226299E-4,-1.911694929E-2
4.334050808E1,-2.358028665E-2,8.334659971E-3,-1.891428232E-2
4.335055408E1,-2.520730719E-2,4.313135520E-3,-2.142292075E-2
4.336060008E1,-2.133773454E-2,-1.566058607E-3,-2.123676613E-2
4.337064608E1,-7.741100620E-3,-9.323004633E-4,-9.936144575E-3
4.338069208E1,-2.345535904E-3,5.295086303E-4,-5.831947085E-3
4.339073808E1,9.494340979E-3,-7.340421434E-4,-9.761461988E-4
4.340078408E1,1.330585685E-2,2.137910575E-3,-5.307245068E-3
4.341083008E1,6.655917503E-3,1.024162164E-3,-5.593741778E-3
4.342087608E1,2.091501467E-2,-3.325312631E-3,-3.832060844E-3
4.343092208E1,3.488790244E-2,-1.007398497E-2,-6.353186443E-3
4.344096808E1,3.814255074E-2,-8.351185359E-3,-3.256196855E-3
4.345101408E1,3.180748224E-2,-1.417614054E-2,-1.205412671E-2
4.346106008E1,1.539122500E-2,-9.364075027E-3,-5.855087657E-3
4.347110608E1,-3.408886027E-3,-2.855220577E-3,-4.250088707E-3
4.348115208E1,-4.715343937E-2,5.511993170E-2,1.467167120E-2
4.349119808E1,-4.373582453E-2,8.478260599E-3,-9.988667443E-3
4.350124408E1,1.340282708E-2,-7.842656225E-3,-1.368281897E-3
4.351128921E1,1.690664515E-2,-1.351910760E-3,6.566517055E-3
4.352133521E1,7.991180755E-3,3.471859964E-4,7.867204957E-3
4.353138121E1,4.277903587E-3,2.372889780E-3,1.113981660E-2
4.354142721E1,1.332980348E-3,2.213099971E-3,1.482350100E-2
4.355147321E1,6.966387853E-3,2.343995497E-3,1.640941389E-2
4.356151921E1,8.150429465E-3,2.736811759E-3,1.863741316E-2
4.357156521E1,1.559602283E-2,-4.901564680E-4,1.844199747E-2
4.358161121E1,9.324011393E-3,1.064064330E-3,2.040847577E-2
4.359165721E1,5.528948735E-3,2.809855621E-3,1.298935246E-2
4.360170321E1,-1.403884962E-4,-2.158804098E-3,2.091225609E-2
4.361174921E1,4.828035831E-3,-1.704572700E-3,1.087867841E-2
4.362179521E1,1.555125415E-2,-4.197291564E-3,3.894005669E-3
4.363184121E1,2.027300745E-2,-3.623808967E-3,-1.075067790E-3
4.364188721E1,1.547425799E-2,-6.025447510E-3,-1.293598767E-2
4.365193321E1,5.200770218E-3,-2.969899680E-3,-1.463922672E-2
4.366197921E1,-6.995175499E-3,2.127656946E-3,-1.700411551E-2
4.367202521E1,-1.898379251E-2,1.293895184E-3,-2.104096487E-2
4.368207121E1,-2.207891829E-2,2.383926883E-3,-2.212007716E-2
4.369211721E1,-2.233909070E-2,2.892843680E-3,-1.832101867E-2
4.370216321E1,-1.458130125E-2,1.530104317E-3,-1.419844572E-2
4.371220921E1,-1.266371459E-2,1.446153969E-3,-4.834533669E-3
4.372225521E1,-4.486478399E-3,3.413164755E-3,-9.910599329E-4
4.373230121E1,-1.863747835E-3,2.306503477E-3,5.133009981E-4
4.374234721E1,6.766417064E-4,8.079427644E-4,3.327995772E-3
4.375239321E1,1.480280189E-3,1.568629872E-3,1.909241197E-3
4.376243921E1,-1.515509561E-3,2.927093592E-4,2.740680007E-3
4.377248521E1,-2.478829585E-3,-1.310010441E-3,4.252142273E-3
4.378253121E1,-3.512136638E-3,9.137290763E-4,3.514101263E-4
4.379257721E1,2.215146087E-3,4.469384439E-4,-1.620099647E-3
4.380262321E1,1.017346978E-2,-2.446319675E-3,-2.256687731E-4
4.381266921E1,1.737045497E-2,-2.063714433E-3,-1.742248423E-3
4.382271521E1,1.525883377E-2,-4.087450448E-3,-3.820579499E-3
4.383276121E1,9.925972670E-3,-1.767214388E-3,-5.142399110E-3
4.384280721E1,6.255070679E-3,-3.095332766E-3,-7.243366912E-3
4.385285321E1,1.216071658E-3,-2.218518173E-3,-8.514372632E-3
4.386289921E1,-7.280358113E-4,-3.778598038E-3,-7.764958777E-3
4.387294521E1,-2.518722322E-3,-3.081249539E-3,-6.064795889E-3
4.388299121E1,-4.272680264E-3,-4.332669079E-3,-4.238399677E-3
4.389303721E1,-2.956446260E-3,-2.410633489E-3,-5.025217310E-3
4.390308321E1,-2.954049502E-3,-2.319020685E-3,-5.574894138E-3
4.391312921E1,-4.681954626E-3,1.806197834E-4,-2.540753456E-3
4.392317521E1,-4.575428087E-3,4.402779741E-4,-3.535444150E-3
4.393322121E1,-7.479709107E-3,7.032208960E-4,-2.777065383E-3
4.394326721E1,-5.368355196E-3,1.188981463E-3,5.630713422E-4
4.395331321E1,-5.584020633E-3,1.307107508E-3,-3.797458485E-4
4.396335921E1,-6.012789439E-3,1.749724848E-3,-2.246089047E-3
4.397340521E1,-6.914726458E-3,1.156003331E-3,-3.897182178E-4
4.398345121E1,-8.626073599E-3,8.697134326E-4,-3.735713894E-3
4.399349721E1,-1.018345729E-2,8.517659153E-4,-2.141131554E-3
4.400354321E1,-2.672811504E-3,2.484550001E-3,-3.011452500E-3
4.401358921E1,-7.462576032E-4,1.853248221E-3,-5.528138950E-3
4.402363521E1,6.870915182E-3,6.668099086E-4,-1.711563440E-3
4.403368121E1,1.208339445E-2,-2.099472913E-4,-2.225110307E-3
4.404372721E1,2.001029253E-2,5.556861404E-3,5.793933757E-3
4.405377321E1,1.550506335E-3,-3.653340507E-3,9.042162448E-3
4.406381921E1,6.633415818E-3,2.697499702E-3,8.346545510E-3
4.407386521E1,4.763538018E-3,-1.345459605E-3,3.025245387E-4
4.408391121E1,-6.596442312E-3,-1.011499204E-3,-8.204145357E-3
4.409395721E1,5.632017273E-3,-2.495280001E-3,-6.592131220E-3
4.410400321E1,-3.375059459E-3,1.009694487E-2,-3.702601651E-3
4.411404821E1,-3.640071023E-3,5.989269819E-3,-2.114766277E-3
4.412409421E1,-1.020556316E-2,5.672353785E-3,3.582001664E-3
4.413414021E1,-1.660876721E-2,1.130630146E-3,-6.528807804E-3
4.414418621E1,-3.860481083E-3,-3.419114277E-3,-5.993778817E-3
4.415423221E1,-5.904901773E-4,3.115305444E-3,1.979104709E-3
4.416427821E1,-3.608650528E-3,3.399731126E-3,5.772167351E-4
4.417432421E1,-3.106554039E-3,2.074616728E-3,1.550036715E-3
4.418437021E1,-4.999263212E-3,3.180361120E-3,-7.408144884E-4
4.419441621E1,2.638172591E-3,1.698177890E-3,-3.808507463E-3
4.420446221E1,9.370643646E-3,1.105890842E-3,-7.634491194E-4
4.421450821E1,1.937978202E-3,-2.434136113E-4,-1.711210702E-3
4.422455421E1,1.506013330E-3,1.420529443E-3,-1.232907176E-3
4.423460021E1,1.238659024E-3,6.711308961E-4,-1.837770455E-3
4.424464621E1,-4.461837001E-3,7.717983681E-4,-2.693444025E-3
4.425469221E1,-2.935457509E-3,2.167723374E-3,-3.688250203E-3
4.426473821E1,-6.067068782E-3,-3.849163768E-4,-1.522567589E-3
4.427478421E1,-6.190151908E-3,3.985862713E-3,-1.362512819E-3
4.428483021E1,-1.769570634E-3,1.574370544E-3,-2.929516602E-3
4.429487621E1,-5.579227116E-3,-1.249793451E-3,-8.181021549E-4
4.430492221E1,-3.484917339E-3,4.771879874E-3,-1.297204522E-3
4.431496821E1,-5.682526156E-3,1.879051095E-3,-3.200952196E-3
4.432501421E1,-3.105118871E-3,1.765334164E-3,-4.165815189E-3
4.433506021E1,1.573784044E-3,1.392076956E-3,-4.469620995E-3
4.434510621E1,4.251326434E-3,-1.921960618E-3,-4.176673479E-3
4.435515221E1,1.212689839E-2,-1.161610940E-3,-2.243546071E-3
4.436519821E1,1.188881230E-2,5.120028618E-6,-4.554636776E-3
4.437524421E1,1.030075550E-2,-9.449350764E-4,-4.702295177E-3
4.438529021E1,7.653839886E-3,2.771506319E-3,-5.014950410E-3
4.439533621E1,5.779501982E-3,8.437616634E-4,-5.369888153E-3
4.440538221E1,6.756882183E-3,1.673868974E-3,-4.811689723E-3
4.441542821E1,6.841829047E-3,1.149732154E-3,-4.844595678E-3
4.442547421E1,1.584749203E-3,5.241555627E-4,-4.105835222E-3
4.443552021E1,5.177096464E-4,3.146108706E-3,-1.561479876E-3
4.444556621E1,3.304895945E-4,3.715758910E-3,1.817805227E-3
4.445561221E1,1.372029306E-3,2.710815985E-3,-4.765097983E-4
4.446565821E1,4.322811961E-3,3.132128157E-3,1.295823837E-3
4.447570421E1,1.464034896E-3,2.870382974E-3,5.369142164E-4
4.448575021E1,-1.376492903E-3,4.588920623E-3,-1.906612888E-4
4.449579621E1,1.192902215E-3,3.027376486E-3,1.327872043E-3
4.450584221E1,-3.976293374E-3,1.888076193E-3,-5.725596566E-4
4.451588863E1,-4.865094088E-4,2.437085204E-4,3.334295005E-3
4.452593463E1,4.999868572E-3,3.193423036E-4,5.944459233E-3
4.453598063E1,6.111382041E-3,-1.528699999E-3,7.467287593E-3
4.454602663E1,2.657528501E-3,-1.825642539E-3,6.689910777E-3
4.455607262E1,4.056567326E-3,-8.245161735E-4,7.775770500E-3
4.456611862E1,3.180653788E-3,-1.280995639E-4,6.861241534E-3
4.457616463E1,-1.382857095E-3,-1.014089095E-3,5.265297368E-3
4.458621063E1,-4.950960632E-3,-1.715832041E-3,3.054074943E-3
4.459625663E1,-7.371882442E-3,-4.666020686E-4,2.189849736E-3
4.460630263E1,-1.040735282E-2,-1.408828422E-3,-1.073931344E-4
4.461634863E1,-1.230655238E-2,-2.735910704E-3,-2.019177191E-5
4.462639463E1,-1.390524767E-2,-5.433160346E-3,-8.007641882E-4
4.463644063E1,-1.107828505E-2,-5.922397599E-3,-4.696717951E-4
4.464648663E1,-3.264304250E-3,-5.320789758E-3,1.684559160E-3
4.465653263E1,2.496948699E-3,-6.464573089E-3,2.539951820E-4
4.466657862E1,3.364872653E-3,-7.227568887E-3,7.330977824E-4
4.467662462E1,4.470685963E-3,-6.701726466E-3,2.942108549E-4
4.468667063E1,4.729811568E-3,-7.617854048E-3,8.055376820E-4
4.469671663E1,5.495293532E-3,-6.657711696E-3,1.163169974E-3
4.470676263E1,4.613786936E-3,-7.749607787E-3,1.493668300E-3
4.471680863E1,2.280460671E-3,-8.290687576E-3,2.331631258E-4
4.472685463E1,5.540436134E-3,-7.527957670E-3,2.424145816E-3
4.473690063E1,5.873304326E-3,-7.791892625E-3,6.593117490E-3
4.474694663E1,1.120415330E-2,-7.821719162E-3,9.208342060E-3
4.475699263E1,1.513756625E-2,-6.523057353E-3,9.723512456E-3
4.476703863E1,1.586167887E-2,-3.620744450E-3,5.456063431E-3
4.477708463E1,1.145822462E-2,-1.853159396E-3,3.627891187E-3
4.478713062E1,8.096516132E-3,-4.469448701E-3,-2.329333685E-3
4.479717662E1,9.791830555E-3,-5.145655479E-3,6.846848410E-4
4.480722263E1,-7.724045776E-3,-4.454032518E-3,5.715928972E-3
4.481726863E1,-5.061292555E-3,-5.521932035E-4,-1.599767711E-4
4.482731363E1,-3.046202473E-4,-6.217158807E-5,-1.537363743E-3
4.483735963E1,-6.957841106E-4,-1.068550511E-3,2.219971735E-3
4.484740563E1,5.992478691E-3,-2.062974731E-3,5.181140266E-3
4.485745163E1,7.517643273E-3,-3.583002544E-4,4.518072587E-3
4.486749763E1,9.114474989E-3,1.141445391E-4,7.322913967E-3
4.487754363E1,6.952575408E-3,1.945896423E-3,3.964016214E-3
4.488758963E1,5.585041828E-3,2.388102148E-4,2.808470977E-3
4.489763563E1,3.601036500E-3,-3.661124210E-4,2.743431833E-3
4.490768162E1,-1.363095827E-3,-3.374989683E-5,3.997780848E-3
4.491772762E1,-2.336214762E-3,9.055470000E-4,3.040108131E-3
4.492777363E1,-2.904533409E-3,-1.148016541E-3,2.301274799E-5
4.493781963E1,-4.337074701E-3,-1.136846025E-3,4.523734096E-4
4.494786563E1,-1.670451835E-3,-3.195218742E-4,-1.449736301E-4
4.495791163E1,2.720094519E-3,-1.136667794E-3,3.395425156E-4
4.496795763E1,5.192040466E-3,-1.592334593E-3,2.138241427E-3
4.497800363E1,6.281491369E-5,8.887987351E-4,8.212114684E-3
4.498804963E1,-3.035506699E-3,4.898571642E-4,4.547338933E-3
4.499809563E1,-5.022013094E-3,9.151343838E-4,5.117373541E-3
4.500814163E1,-3.670990933E-3,-1.940721850E-4,4.653983749E-3
4.501818762E1,-1.680226997E-4,-2.131313551E-3,6.319225766E-3
4.502823362E1,2.452527871E-3,-2.324126428E-3,5.245172419E-3
4.503827963E1,1.700360794E-3,-1.230706926E-3,4.985813517E-3
4.504832563E1,2.508097561E-3,1.024191501E-3,2.252344973E-3
4.505837163E1,-1.712524798E-3,1.853233320E-3,-1.182335662E-3
4.506841763E1,-2.550621517E-3,-6.530787505E-5,-2.336017089E-3
4.507846363E1,-4.491131753E-3,-3.342124110E-4,-1.975455787E-3
4.508850963E1,-4.185400903E-3,-3.259566147E-4,1.152959419E-3
4.509855563E1,-3.526941407E-3,-1.560037781E-4,-1.028957777E-4
4.510860163E1,-3.576209303E-3,-2.391098678E-5,-1.865109662E-3
4.511864763E1,-1.104796305E-3,1.618726761E-3,-1.244326821E-3
4.512869362E1,-7.492024451E-5,4.492297594E-4,-2.280682558E-3
4.513873962E1,1.974914921E-3,1.720356522E-3,-2.269231016E-3
4.514878563E1,4.384118598E-3,1.778206904E-3,-2.900371794E-3
4.515883163E1,6.536797155E-3,-8.093214128E-4,-2.204484539E-3
4.516887763E1,7.316570729E-3,-1.377640059E-3,-5.210127681E-3
4.517892363E1,6.419062614E-3,1.054491848E-3,-4.659120925E-3
4.518896963E1,2.870666562E-3,1.171670971E-3,-4.605324939E-3
4.519901563E1,2.187674399E-3,2.574417507E-3,-4.583192058E-3
4.520906163E1,-3.410289995E-3,2.750718733E-3,-6.397071294E-3
4.521910763E1,-3.241631202E-3,1.999219414E-3,-2.666161163E-3
4.522915363E1,2.103333361E-3,-4.740582954E-4,-3.733822377E-3
4.523919962E1,3.895369824E-3,8.951902855E-4,-1.731596189E-3
4.524924562E1,8.080527186E-3,7.292753435E-4,-5.925621372E-4
4.525929162E1,1.184152067E-2,2.220808528E-3,-5.084101111E-3
4.526933763E1,1.300691906E-2,2.018661035E-4,-9.680185467E-3
4.527938363E1,1.778087579E-2,-1.176068210E-3,-1.188575570E-2
4.528942963E1,1.619363204E-2,-5.318495096E-4,-1.340988278E-2
4.529947563E1,8.140056394E-3,1.445356756E-3,-7.754427381E-3
4.530952163E1,4.241987597E-3,-8.811807493E-4,-3.466738621E-3
4.531956763E1,6.962451153E-3,-5.391778424E-3,-3.260339377E-3
4.532961363E1,8.882856928E-3,-5.267142318E-3,-1.057372661E-3
4.533965963E1,1.055402681E-2,-4.523541313E-3,-2.916441765E-3
4.534970563E1,5.956612062E-3,-5.529949442E-3,-2.814442385E-3
4.535975162E1,-5.653612316E-4,-1.781756408E-3,-1.864464954E-3
4.536979762E1,-5.339875817E-3,-3.813215764E-3,-3.235460259E-3
4.537984363E1,-8.834376931E-3,-3.799873404E-3,-1.699461835E-3
4.538988963E1,-5.295569077E-3,-3.711989149E-3,-7.215491496E-4
4.539993563E1,3.258856013E-4,-3.016608069E-3,1.850945293E-3
4.540998163E1,8.686380461E-4,-1.720447559E-3,3.297041636E-3
4.542002763E1,-1.503254753E-3,-5.037992261E-3,-1.593408640E-3
4.543007363E1,-7.236774080E-3,-4.932531156E-3,-3.169999924E-3
4.544011963E1,-4.461304285E-3,-2.364606597E-3,-2.972277347E-3
4.545016563E1,-6.901100278E-6,-5.428839475E-3,-7.113674656E-6
4.546021063E1,-4.835618194E-3,-2.129406203E-3,-1.991343452E-3
4.547025663E1,-4.608717281E-3,-2.725954168E-3,-4.085919820E-3
4.548030262E1,-7.403216790E-3,-6.515896879E-3,-4.341586493E-3
4.549034862E1,-1.330371574E-2,-4.266324919E-3,-2.733303932E-3
4.550039463E1,-1.166151278E-2,-1.711792895E-3,-1.516620163E-3
4.551044008E1,-1.407806575E-2,-3.035916481E-3,1.854060683E-4
4.552048608E1,-1.657909900E-2,2.008200157E-3,1.989076845E-3
4.553053208E1,-1.453299075E-2,-1.044315053E-3,2.138746437E-3
4.554057808E1,-8.253654465E-3,1.919976930E-4,3.458845895E-3
4.555062408E1,-2.178717870E-3,3.472479526E-3,4.314253107E-3
4.556067008E1,-3.825960215E-3,-3.871365625E-4,4.408114124E-3
4.557071608E1,-8.799713105E-4,1.451509772E-3,3.223540261E-3
4.558076208E1,-3.773125820E-3,3.294315247E-4,1.893913141E-3
4.559080808E1,-4.311084747E-3,8.064036374E-4,1.306419843E-3
4.560085408E1,-2.203377429E-3,5.272835493E-3,3.822130617E-3
4.561090008E1,7.077241316E-4,1.825905871E-3,3.273253096E-3
4.562094608E1,-2.261921763E-4,-7.442812785E-4,5.524304695E-3
4.563099208E1,-5.479021929E-4,-3.765371162E-3,6.892104167E-3
4.564103808E1,6.753082387E-3,8.465715684E-3,9.532949887E-3
4.565108408E1,5.574899726E-3,2.480607294E-2,8.130528964E-3
4.566113008E1,-2.830362320E-2,1.952693425E-2,1.468719449E-3
4.567117608E1,-4.029823467E-2,-8.470471948E-4,-1.107716560E-2
4.568122208E1,-1.490934100E-2,-9.648988955E-3,-1.033789851E-2
4.569126808E1,1.013715565E-2,-5.753849633E-3,1.121186838E-2
4.570131408E1,3.500998765E-2,5.010099616E-3,1.591480523E-2
4.571136008E1,3.412555158E-2,-1.108151767E-2,1.564902067E-2
4.572140608E1,-1.432480477E-2,-9.946757555E-2,-5.810562894E-2
4.573145208E1,-6.112681236E-3,-1.649039797E-2,4.076822102E-2
4.574149808E1,8.751350455E-3,-2.048416529E-3,3.052120656E-2
4.575154408E1,2.391325869E-2,-9.765458293E-3,2.129788138E-2
4.576159008E1,1.789105311E-2,-1.143526006E-2,7.164219860E-3
4.577163608E1,9.302359074E-3,-1.069436874E-2,6.916812155E-3
4.578168208E1,7.198727690E-3,-7.010684349E-3,1.130064204E-2
4.579172808E1,-4.107456189E-3,-5.410923623E-3,8.083809167E-3
4.580177408E1,-2.249224111E-2,-3.899269039E-3,3.412894439E-4
4.581182008E1,-3.096162714E-2,-1.376255229E-2,8.451147005E-3
4.582186608E1,-1.816478372E-2,-2.063091658E-2,1.842764206E-2
4.583191208E1,-6.681500468E-3,-1.369657833E-2,1.943804510E-2
4.584195808E1,-1.209566183E-2,-1.252345741E-2,2.336780913E-2
4.585200408E1,-8.195461705E-3,-1.633071341E-2,2.960360050E-2
4.586205008E1,-2.285745926E-3,-2.440825664E-2,4.322797805E-2
4.587209608E1,-7.722713053E-4,-1.830615662E-2,5.577679351E-2
4.588214208E1,2.735564485E-4,-1.645724103E-2,5.221235380E-2
4.589218808E1,-1.406570245E-2,-1.826605946E-2,4.677258059E-2
4.590223408E1,-2.880337462E-2,-2.374646254E-2,3.037316538E-2
4.591228008E1,-2.647070959E-2,-2.567751892E-2,1.454200409E-2
4.592232608E1,-1.863175444E-2,2.547016134E-3,3.264155611E-2
4.593237208E1,-4.047100618E-2,1.602554135E-2,2.976454608E-2
4.594241808E1,-6.889287382E-2,-6.669814698E-3,-3.229316790E-4
4.595246408E1,-7.007132471E-2,-3.540691733E-2,1.570610143E-2
4.596251008E1,-3.379742056E-2,-3.018697537E-2,3.831335157E-2
4.597255608E1,-2.224009857E-2,-2.731848508E-2,4.675903544E-2
4.598260208E1,-1.119136065E-2,-3.861716762E-2,4.079763591E-2
4.599264808E1,-1.831957884E-2,-4.875475541E-2,4.470342770E-2
4.600269408E1,-4.300875962E-2,-3.422033414E-2,5.052154884E-2
4.601274008E1,-6.145568192E-2,-2.923223190E-2,5.972409993E-2
4.602278608E1,-5.749576166E-2,-3.388551623E-2,5.426997319E-2
4.603283108E1,-7.158733904E-2,-3.507142141E-2,4.274753854E-2
4.604287808E1,-9.119079262E-2,-3.308811784E-2,5.376352742E-2
4.605292308E1,-7.226290554E-2,-3.532410786E-2,7.283894718E-2
4.606296908E1,-5.966001004E-2,-3.092337027E-2,6.910467148E-2
4.607301508E1,-8.249581605E-2,-3.677966446E-2,6.776962429E-2
4.608306108E1,-8.344968408E-2,-4.682985693E-2,7.866550237E-2
4.609310708E1,-8.140809834E-2,-4.461623728E-2,8.471301198E-2
4.610315308E1,-7.687220722E-2,-4.084747657E-2,9.582218528E-2
4.611319908E1,-6.588959694E-2,-3.955877200E-2,9.090013057E-2
4.612324508E1,-8.755334467E-2,-5.016481131E-2,9.455771744E-2
4.613329108E1,-7.112164050E-2,-2.013261244E-2,1.174193546E-1
4.614333708E1,-1.099181771E-1,-2.464209497E-2,1.344764531E-1
4.615338308E1,-1.251312196E-1,-8.693876117E-2,1.220813096E-1
4.616342908E1,-6.933286041E-2,-4.594973847E-2,1.018602774E-1
4.617347508E1,-1.396988928E-1,-5.582899973E-2,1.340278089E-1
4.618352108E1,-1.146243811E-1,-5.642016605E-2,1.457113773E-1
4.619356708E1,-1.004228070E-1,-6.019306555E-2,1.380694360E-1
4.620361308E1,-1.080806404E-1,-7.797136903E-2,1.411996037E-1
4.621365908E1,-8.854316175E-2,-5.817023292E-2,1.399039775E-1
4.622370508E1,-1.163663715E-1,-7.302910089E-2,1.473305821E-1
4.623375108E1,-9.875861555E-2,-8.110966533E-2,1.512872428E-1
4.624379708E1,-1.015995368E-1,-7.308015972E-2,1.496312618E-1
4.625384308E1,-1.134535372E-1,-8.213197440E-2,1.532542259E-1
4.626388908E1,-1.119462773E-1,-7.274308056E-2,1.545994282E-1
4.627393508E1,-1.170105413E-1,-8.774546534E-2,1.541112661E-1
4.628398108E1,-1.127971038E-1,-7.893703133E-2,1.544070244E-1
4.629402708E1,-1.256804019E-1,-7.842276990E-2,1.524293572E-1
4.630407308E1,-1.226170287E-1,-1.091914847E-1,1.606316864E-1
4.631411908E1,-1.151207611E-1,-1.104519591E-1,1.688286215E-1
4.632416508E1,-1.200427860E-1,-1.188717932E-1,1.813688576E-1
4.633421108E1,-1.014059857E-1,-1.350696683E-1,1.966306418E-1
4.634425708E1,-9.346908331E-2,-1.430038512E-1,1.923736781E-1
4.635430308E1,-1.239524260E-1,-1.367076039E-1,1.901770979E-1
4.636434908E1,-1.434354037E-1,-1.070008725E-1,2.239732593E-1
4.637439508E1,-1.277981251E-1,-1.140771583E-1,2.616351247E-1
4.638444108E1,-6.787042320E-2,-1.178837791E-1,2.471750975E-1
4.639448708E1,-9.993195534E-2,-9.483145177E-2,2.170478255E-1
4.640453308E1,-1.352369487E-1,-1.259861737E-1,1.716779470E-1
4.641457908E1,-1.262381375E-1,-1.070926487E-1,9.763541073E-2
4.642462508E1,-1.905868351E-1,-1.419691592E-1,2.245369554E-1
4.643467108E1,-1.811672300E-1,-1.362042129E-1,2.251721174E-1
4.644471708E1,-1.644564867E-1,-1.151011139E-1,2.461665869E-1
4.645476308E1,-2.015394121E-1,-1.028969139E-1,2.416725010E-1
4.646480908E1,-2.139278203E-1,-1.172190830E-1,2.650666237E-1
4.647485508E1,-1.857619584E-1,-1.056702808E-1,2.722978890E-1
4.648490108E1,-1.712372452E-1,-9.020140022E-2,2.864753008E-1
4.649494708E1,-1.726271510E-1,-1.346743256E-1,2.837303877E-1
4.650499308E1,-1.731609106E-1,-1.529697776E-1,2.842435539E-1
4.651503971E1,-1.680231392E-1,-1.403591782E-1,2.997442186E-1
4.652508571E1,-1.734984219E-1,-1.667539030E-1,2.910932600E-1
4.653513171E1,-1.395867914E-1,-1.927285194E-1,3.042714000E-1
4.654517771E1,-1.060277149E-1,-1.820216328E-1,2.929714322E-1
4.655522371E1,-9.765366465E-2,-1.871516854E-1,3.596665561E-1
4.656526971E1,-2.495438792E-2,-2.014667094E-1,3.881399930E-1
4.657531571E1,-4.327406641E-3,-1.910625249E-1,3.967409432E-1
4.658536171E1,6.156533957E-3,-2.097611576E-1,3.990857899E-1
4.659540771E1,1.074223034E-2,-1.888356358E-1,3.593104184E-1
4.660545271E1,-4.050990939E-2,-1.928288639E-1,3.431956470E-1
4.661549871E1,-5.439802259E-2,-2.497003973E-1,3.817566335E-1
4.662554471E1,-8.282201365E-3,-2.614280283E-1,4.034028351E-1
4.663559071E1,9.403263684E-4,-2.484717667E-1,3.897605240E-1
4.664563671E1,4.204427823E-3,-2.409689128E-1,4.232548773E-1
4.665568271E1,3.107332624E-2,-2.243111134E-1,4.280823767E-1
4.666572871E1,2.745105699E-2,-2.091091573E-1,4.273541868E-1
4.667577471E1,1.568041742E-2,-2.148706466E-1,4.431986511E-1
4.668582071E1,5.068653449E-2,-2.234572172E-1,4.346787632E-1
4.669586671E1,2.704671770E-2,-2.223312408E-1,4.118637145E-1
4.670591271E1,-2.595101018E-3,-2.429998070E-1,4.132873416E-1
4.671595871E1,2.234247141E-2,-2.420850098E-1,4.150189161E-1
4.672600471E1,3.762329742E-2,-2.287905514E-1,4.197512865E-1
4.673605071E1,5.599964410E-2,-2.354111820E-1,4.386413693E-1
4.674609671E1,9.258680791E-2,-2.330118865E-1,4.514909089E-1
4.675614271E1,1.164990664E-1,-2.252290696E-1,4.595171511E-1
4.676618871E1,1.188552976E-1,-2.295887023E-1,4.631304443E-1
4.677623471E1,1.066127568E-1,-2.429931909E-1,4.702680111E-1
4.678628071E1,9.893827140E-2,-2.475534678E-1,4.691042602E-1
4.679632671E1,9.171365201E-2,-2.493348569E-1,4.682672322E-1
4.680637271E1,8.869545162E-2,-2.446899414E-1,4.761569500E-1
4.681641871E1,1.001305357E-1,-2.476899922E-1,4.791988134E-1
4.682646471E1,1.028942987E-1,-2.438587099E-1,4.872868657E-1
4.683651071E1,1.125453264E-1,-2.498694658E-1,5.059822798E-1
4.684655671E1,1.445120871E-1,-2.530908883E-1,5.147256851E-1
4.685660271E1,1.685846746E-1,-2.658279836E-1,5.141730905E-1
4.686664871E1,1.738857329E-1,-2.564477623E-1,5.150414705E-1
4.687669471E1,1.645127386E-1,-2.549811602E-1,5.174705386E-1
4.688674071E1,1.600459069E-1,-2.385783345E-1,5.280322433E-1
4.689678671E1,1.385251731E-1,-2.441470176E-1,5.269568563E-1
4.690683271E1,1.519545913E-1,-2.395792156E-1,5.506269932E-1
4.691687871E1,1.691452861E-1,-2.433883399E-1,5.517471433E-1
4.692692471E1,1.638543904E-1,-2.445400059E-1,5.413961411E-1
4.693697071E1,1.566002071E-1,-2.589794099E-1,5.397569537E-1
4.694701671E1,1.700560153E-1,-2.493487746E-1,5.418836474E-1
4.695706271E1,1.803925484E-1,-2.403315753E-1,5.497093201E-1
4.696710871E1,1.876640469E-1,-2.458589822E-1,5.498510599E-1
4.697715471E1,2.081799805E-1,-2.446427196E-1,5.586546659E-1
4.698720071E1,2.020457238E-1,-2.364272177E-1,5.461807847E-1
4.699724671E1,1.911792308E-1,-2.424856424E-1,5.401538014E-1
4.700729271E1,1.857600212E-1,-2.430893630E-1,5.383851528E-1
4.701733871E1,1.820142865E-1,-2.471536100E-1,5.485306978E-1
4.702738471E1,1.878803819E-1,-2.513467371E-1,5.496768951E-1
4.703743071E1,1.922117472E-1,-2.539198995E-1,5.516915917E-1
4.704747671E1,2.109840512E-1,-2.513387799E-1,5.537905693E-1
4.705752271E1,2.238282114E-1,-2.480926812E-1,5.547756553E-1
4.706756871E1,2.215370983E-1,-2.475331426E-1,5.602117181E-1
4.707761471E1,2.187440097E-1,-2.437549084E-1,5.652290583E-1
4.708766071E1,2.081467360E-1,-2.437989712E-1,5.684200525E-1
4.709770671E1,1.985838562E-1,-2.428037524E-1,5.570656657E-1
4.710775271E1,2.038188428E-1,-2.421466559E-1,5.574703217E-1
4.711779871E1,1.922013313E-1,-2.391261011E-1,5.511080027E-1
4.712784471E1,1.719882041E-1,-2.482290417E-1,5.501455665E-1
4.713789071E1,1.837790161E-1,-2.444475144E-1,5.549148321E-1
4.714793671E1,1.959915757E-1,-2.379425466E-1,5.507672429E-1
4.715798271E1,1.890321970E-1,-2.524434328E-1,5.460100174E-1
4.716802871E1,2.043965608E-1,-2.564236820E-1,5.489938855E-1
4.717807371E1,2.055068314E-1,-2.312096804E-1,5.434848666E-1
4.718811971E1,1.923177391E-1,-2.300735563E-1,5.417748094E-1
4.719816571E1,1.763893664E-1,-2.331710905E-1,5.331141949E-1
4.720821171E1,1.711875051E-1,-2.375830859E-1,5.477474928E-1
4.721825771E1,2.107676715E-1,-2.390179932E-1,5.505728126E-1
4.722830371E1,2.294960171E-1,-2.551409900E-1,5.403532386E-1
4.723834971E1,2.192724198E-1,-2.619871795E-1,5.439501405E-1
4.724839571E1,2.209918648E-1,-2.572498918E-1,5.506304502E-1
4.725844171E1,2.107855678E-1,-2.493703812E-1,5.519268513E-1
4.726848771E1,1.962835193E-1,-2.404870391E-1,5.582011342E-1
4.727853371E1,1.926083565E-1,-2.489412427E-1,5.727576613E-1
4.728857971E1,2.078683823E-1,-2.395924330E-1,5.777325034E-1
4.729862571E1,2.040089220E-1,-2.418481261E-1,5.742485523E-1
4.730867171E1,1.900823116E-1,-2.423541993E-1,5.545997620E-1
4.731871771E1,1.792432517E-1,-2.503937483E-1,5.454531312E-1
4.732876371E1,1.703329980E-1,-2.483358383E-1,5.349495411E-1
4.733880971E1,1.799731106E-1,-2.395279706E-1,5.350975990E-1
4.734885571E1,1.912896633E-1,-2.452884018E-1,5.384388566E-1
4.735890171E1,2.086244524E-1,-2.496940643E-1,5.372852087E-1
4.736894771E1,2.049656361E-1,-2.551764846E-1,5.379248857E-1
4.737899371E1,2.068040073E-1,-2.547261417E-1,5.434133410E-1
4.738903971E1,2.162173837E-1,-2.532700300E-1,5.429236889E-1
4.739908571E1,2.166320384E-1,-2.571963370E-1,5.448273420E-1
4.740913171E1,2.363463342E-1,-2.521483004E-1,5.595702529E-1
4.741917771E1,2.360658944E-1,-2.501565218E-1,5.625194311E-1
4.742922371E1,2.237049639E-1,-2.507327497E-1,5.749167204E-1
4.743926971E1,1.931515783E-1,-3.697523475E-1,5.558348894E-1
4.744931571E1,1.998187155E-1,-2.551280856E-1,5.842526555E-1
4.745936171E1,2.132399827E-1,-2.546710670E-1,6.019887924E-1
4.746940771E1,2.233832031E-1,-2.513661087E-1,5.569760203E-1
4.747945371E1,1.985705197E-1,-2.537176609E-1,5.459742546E-1
4.748949971E1,1.937701851E-1,-2.606878281E-1,5.334972739E-1
4.749954571E1,2.001974583E-1,-2.555737495E-1,5.324922204E-1
4.750959171E1,1.961767226E-1,-2.477702498E-1,5.308573842E-1
4.751963696E1,1.995035410E-1,-2.543210983E-1,5.248548985E-1
4.752968296E1,2.003242970E-1,-2.525932491E-1,5.173506737E-1
4.753972896E1,1.977626085E-1,-2.508816421E-1,5.172838569E-1
4.754977496E1,1.984530836E-1,-2.481616586E-1,5.151100159E-1
4.755982096E1,1.964562535E-1,-2.558978498E-1,5.196307302E-1
4.756986696E1,2.011576593E-1,-2.622574270E-1,5.125253797E-1
4.757991296E1,2.169547230E-1,-2.539896369E-1,5.282531977E-1
4.758995896E1,2.380304486E-1,-2.494896948E-1,5.396360755E-1
4.760000496E1,2.286129743E-1,-2.578203380E-1,5.285909176E-1
4.761005096E1,2.247505188E-1,-2.529562116E-1,5.394508243E-1
4.762009696E1,2.290251702E-1,-2.336187512E-1,5.653407574E-1
4.763014296E1,2.096255571E-1,-2.574527562E-1,5.953505039E-1
4.764018896E1,1.871809661E-1,-3.229619861E-1,5.680453777E-1
4.765023496E1,1.597810984E-1,-3.115416467E-1,5.302352905E-1
4.766028096E1,1.310786158E-1,-2.740046680E-1,5.279862881E-1
4.767032696E1,1.492373943E-1,-2.566438019E-1,5.304261446E-1
4.768037296E1,1.719749272E-1,-2.553891838E-1,4.923133254E-1
4.769041896E1,1.843297631E-1,-2.649897635E-1,4.921789169E-1
4.770046496E1,1.967379600E-1,-2.721491456E-1,4.944343567E-1
4.771051096E1,2.134206146E-1,-2.710761428E-1,4.900949001E-1
4.772055696E1,2.317503542E-1,-2.581568956E-1,5.055655241E-1
4.773060296E1,2.357837856E-1,-2.524571419E-1,5.138903856E-1
4.774064796E1,2.382480055E-1,-2.496637702E-1,5.137092471E-1
4.775069396E1,2.471791804E-1,-2.344692498E-1,5.218679309E-1
4.776073996E1,2.406911850E-1,-2.579883933E-1,5.157903433E-1
4.777078596E1,2.282314897E-1,-2.559520304E-1,5.035339594E-1
4.778083196E1,2.062114179E-1,-2.410444766E-1,5.148143172E-1
4.779087796E1,2.253354043E-1,-2.805737257E-1,5.321673751E-1
4.780092396E1,2.542168498E-1,-2.706460059E-1,5.200111270E-1
4.781096996E1,2.225466669E-1,-2.276430726E-1,5.164933205E-1
4.782101596E1,2.345846891E-1,-2.372261882E-1,5.563715100E-1
4.783106196E1,2.291902602E-1,-2.177004069E-1,5.416086912E-1
4.784110796E1,1.521719098E-1,-3.027457893E-1,5.069465637E-1
4.785115396E1,2.290810794E-1,-2.741876245E-1,5.773538351E-1
4.786119996E1,2.776339948E-1,-2.650529742E-1,5.298811197E-1
4.787124596E1,1.929132193E-1,-2.848666310E-1,4.919345379E-1
4.788129196E1,2.087547779E-1,-2.503624558E-1,4.754482210E-1
4.789133796E1,1.831195652E-1,-2.194556147E-1,4.692867696E-1
4.790138396E1,1.618899107E-1,-2.463125288E-1,4.949902594E-1
4.791142996E1,2.419719845E-1,-2.345734537E-1,5.196916461E-1
4.792147596E1,2.762908041E-1,-2.625829875E-1,5.554802418E-1
4.793152196E1,2.941985130E-1,-2.700394988E-1,5.412753224E-1
4.794156796E1,2.379435003E-1,-2.666706145E-1,5.070371628E-1
4.795161396E1,1.767404377E-1,-2.826596200E-1,4.900222719E-1
4.796165996E1,1.208284348E-1,-2.520242333E-1,4.617296457E-1
4.797170596E1,1.067163497E-1,-2.630840540E-1,4.933088720E-1
4.798175196E1,2.269026786E-1,-2.373568863E-1,5.458567739E-1
4.799179796E1,2.395821512E-1,-2.461934239E-1,4.957993627E-1
4.800184396E1,2.098535448E-1,-2.717850506E-1,4.936182201E-1
4.801188996E1,2.399062961E-1,-2.074719816E-1,4.752628803E-1
4.802193596E1,1.242103353E-1,-1.994742453E-1,4.782125950E-1
4.803198196E1,1.279205233E-1,-2.407545000E-1,5.004709959E-1
4.804202796E1,1.944052726E-1,-2.127415091E-1,5.097742081E-1
4.805207396E1,1.857990474E-1,-2.652431726E-1,5.229533315E-1
4.806211996E1,2.674520910E-1,-2.496258765E-1,4.973177612E-1
4.807216596E1,2.352905720E-1,-2.124495506E-1,4.604068696E-1
4.808221196E1,1.342608929E-1,-2.036054581E-1,4.725865722E-1
4.809225796E1,1.218321845E-1,-2.044659257E-1,4.880406260E-1
4.810230396E1,1.603566706E-1,-2.223474532E-1,5.310275555E-1
4.811234996E1,2.288397104E-1,-2.354361713E-1,5.426117778E-1
4.812239596E1,2.343809605E-1,-2.556048036E-1,5.070666075E-1
4.813244196E1,2.339974642E-1,-2.345176488E-1,5.006217360E-1
4.814248796E1,2.250889689E-1,-1.826907843E-1,4.901149571E-1
4.815253396E1,9.778338671E-2,-1.828633845E-1,4.637167752E-1
4.816257996E1,8.340258151E-2,-2.432702631E-1,4.678739607E-1
4.817262596E1,1.643425375E-1,-2.165460736E-1,4.955538511E-1
4.818267196E1,1.802812964E-1,-2.277001888E-1,5.126849413E-1
4.819271796E1,2.549306452E-1,-2.213732302E-1,4.895246625E-1
4.820276396E1,1.833654046E-1,-2.193425596E-1,4.484935999E-1
4.821280996E1,9.042125940E-2,-2.034363449E-1,4.713322222E-1
4.822285596E1,1.256663352E-1,-1.803653836E-1,4.994304478E-1
4.823290196E1,1.516145468E-1,-2.225231230E-1,5.069540143E-1
4.824294796E1,1.872564256E-1,-2.461003512E-1,5.111847520E-1
4.825299396E1,2.032143921E-1,-2.289206684E-1,4.938417971E-1
4.826303996E1,1.730239987E-1,-2.177468389E-1,4.762803912E-1
4.827308596E1,1.342321336E-1,-2.028511018E-1,4.645882845E-1
4.828313196E1,9.876787663E-2,-1.966254264E-1,4.766161740E-1
4.829317796E1,1.242462248E-1,-2.195783556E-1,5.004025102E-1
4.830322396E1,1.884039044E-1,-2.311745584E-1,5.051948428E-1
4.831326896E1,1.955680549E-1,-2.260558307E-1,4.970921874E-1
4.832331496E1,1.726917624E-1,-1.969541460E-1,4.846661389E-1
4.833336096E1,1.162583679E-1,-1.989085972E-1,4.535152912E-1
4.834340696E1,5.411297828E-2,-1.759548187E-1,4.401710033E-1
4.835345296E1,5.090634525E-2,-1.839487851E-1,4.659398198E-1
4.836349896E1,1.319913566E-1,-2.366647273E-1,4.919328094E-1
4.837354496E1,1.937103868E-1,-2.287306488E-1,4.691140950E-1
4.838359096E1,1.560895145E-1,-2.083164603E-1,4.766572118E-1
4.839363696E1,1.470888257E-1,-2.186651975E-1,4.879153669E-1
4.840368296E1,1.351325661E-1,-2.098647952E-1,4.521600306E-1
4.841372896E1,9.109343588E-2,-2.095867991E-1,4.614610076E-1
4.842377496E1,1.519959420E-1,-2.190860361E-1,4.969228804E-1
4.843382096E1,1.873337179E-1,-2.088706344E-1,4.896613359E-1
4.844386696E1,1.339141726E-1,-2.160411924E-1,4.658303261E-1
4.845391296E1,1.314150393E-1,-2.176720053E-1,4.575386643E-1
4.846395896E1,1.226314008E-1,-2.156317681E-1,4.498527646E-1
4.847400496E1,1.145739555E-1,-2.206908464E-1,4.441089630E-1
4.848405096E1,1.303992420E-1,-2.291133553E-1,4.473300576E-1
4.849409696E1,1.386990696E-1,-2.134271562E-1,4.385491014E-1
4.850414296E1,1.481109560E-1,-2.148567289E-1,4.655101299E-1
4.851418946E1,1.698489040E-1,-2.020958811E-1,4.720396996E-1
4.852423546E1,1.306892484E-1,-2.032634020E-1,4.418621063E-1
4.853428146E1,6.179342791E-2,-2.131280750E-1,4.161788225E-1
4.854432746E1,4.787122086E-2,-2.134412676E-1,4.148477614E-1
4.855437346E1,7.194358110E-2,-2.005122751E-1,4.176799655E-1
4.856441946E1,7.580676675E-2,-1.905501783E-1,4.233010709E-1
4.857446546E1,7.563318312E-2,-2.249226272E-1,4.477450252E-1
4.858451146E1,1.029063463E-1,-2.269687355E-1,4.391281009E-1
4.859455746E1,1.188751385E-1,-1.922074705E-1,4.666475058E-1
4.860460346E1,1.350051016E-1,-1.925001442E-1,4.628948271E-1
4.861464946E1,1.253649443E-1,-2.349147201E-1,4.213538170E-1
4.862469546E1,9.622464329E-2,-2.242322415E-1,4.135270417E-1
4.863474146E1,1.033678502E-1,-1.844907999E-1,4.280169308E-1
4.864478746E1,1.169891208E-1,-1.924786866E-1,4.395156503E-1
4.865483346E1,9.755755216E-2,-2.050502896E-1,4.285315573E-1
4.866487946E1,7.088253647E-2,-2.024422586E-1,4.096838236E-1
4.867492546E1,8.283758909E-2,-2.102194428E-1,4.240202308E-1
4.868497146E1,1.291155964E-1,-2.147966176E-1,4.233049154E-1
4.869501746E1,1.234520301E-1,-2.197908759E-1,3.800063133E-1
4.870506346E1,1.135498658E-1,-2.432400137E-1,3.790228069E-1
4.871510946E1,1.345858276E-1,-2.290918976E-1,4.049829841E-1
4.872515546E1,1.292158216E-1,-1.927291006E-1,4.132443666E-1
4.873520146E1,1.461285949E-1,-2.378191352E-1,4.220493138E-1
4.874524746E1,1.239625812E-1,-1.800370514E-1,3.566980064E-1
4.875529346E1,7.824635506E-2,-1.754570305E-1,2.755360603E-1
4.876533946E1,9.473611414E-2,-2.900277972E-1,3.623282015E-1
4.877538546E1,1.545270681E-1,-4.008663893E-1,3.690102398E-1
4.878543146E1,2.118071318E-1,-3.803896308E-1,3.827862442E-1
4.879547746E1,2.556660473E-1,-2.052059025E-1,3.378314972E-1
4.880552346E1,1.230693907E-1,-4.003850743E-2,4.384944737E-1
4.881556946E1,5.105430260E-2,-2.861336768E-1,4.573535323E-1
4.882561546E1,1.694658995E-1,-2.014049441E-1,2.850755155E-1
4.883566146E1,1.706825495E-1,-3.522855937E-1,4.009674788E-1
4.884570746E1,3.125536442E-1,-2.267559022E-1,5.206432939E-1
4.885575346E1,1.992316395E-1,-1.295485348E-1,4.813758135E-1
4.886579946E1,9.024735540E-2,-1.930726618E-1,4.785848260E-1
4.887584546E1,8.671204001E-2,-1.107415482E-1,4.187943935E-1
4.888589146E1,1.142846793E-2,-2.076542526E-1,3.554241955E-1
4.889593646E1,7.197160274E-2,-2.448590547E-1,3.009715676E-1
4.890598246E1,7.771657407E-2,-1.799322516E-1,3.068220019E-1
4.891602846E1,9.089339525E-2,-1.686974168E-1,3.764534593E-1
4.892607446E1,1.189242303E-1,-1.542015672E-1,3.481030464E-1
4.893612046E1,3.266030923E-2,-1.896483153E-1,3.022202849E-1
4.894616646E1,4.280482233E-2,-1.695347875E-1,3.079676628E-1
4.895621246E1,7.030309737E-2,-1.679322124E-1,3.104104400E-1
4.896625846E1,9.555226564E-2,-1.891421527E-1,2.749741375E-1
4.897630446E1,1.080264598E-1,-1.772907078E-1,2.598104477E-1
4.898635046E1,1.005616188E-1,-1.621785909E-1,2.620288730E-1
4.899639646E1,8.416656405E-2,-1.523241252E-1,2.911533117E-1
4.900644246E1,7.641463727E-2,-1.741367429E-1,2.846344113E-1
4.901648846E1,1.170750558E-1,-2.239711434E-1,3.023286760E-1
4.902653446E1,1.482950300E-1,-2.211159617E-1,2.797677219E-1
4.903658046E1,1.281269938E-1,-1.954443753E-1,1.491149664E-1
4.904662646E1,1.563857943E-1,-2.102299780E-1,3.227615952E-1
4.905667246E1,1.528671831E-1,-1.160607710E-1,2.503831089E-1
4.906671846E1,4.367013276E-2,-2.097944468E-1,2.454133928E-1
4.907676446E1,6.963957101E-2,-2.478536367E-1,2.410735190E-1
4.908681046E1,1.857390106E-1,-1.513161659E-1,3.686008453E-1
4.909685646E1,1.975335926E-1,-1.247251183E-1,3.965020776E-1
4.910690246E1,1.463492364E-1,-1.655173004E-1,2.424600571E-1
4.911694846E1,6.515201926E-2,-1.041943580E-1,2.113783360E-1
4.912699446E1,8.067505062E-2,-9.424692392E-2,2.539385855E-1
4.913704046E1,5.829411373E-2,-1.620225012E-1,1.992875934E-1
4.914708646E1,1.814940758E-2,-1.517747790E-1,1.636925191E-1
4.915713246E1,8.034987748E-2,-1.103807688E-1,2.449624538E-1
4.916717846E1,1.162058786E-1,-1.106129959E-1,2.082220167E-1
4.917722446E1,6.130793318E-2,-1.384319961E-1,1.811497808E-1
4.918727046E1,4.949228466E-2,-1.082445383E-1,2.173892707E-1
4.919731646E1,8.292874694E-2,-6.452851743E-2,2.136047781E-1
4.920736246E1,3.515110910E-2,-7.940120250E-2,1.717417389E-1
4.921740846E1,-1.854559407E-2,-8.219002187E-2,1.681140810E-1
4.922745446E1,2.241488919E-2,-6.995466352E-2,1.780745685E-1
4.923750046E1,1.494701486E-2,-8.941935003E-2,1.453173310E-1
4.924754646E1,2.699409053E-2,-9.894201159E-2,1.458731294E-1
4.925759246E1,8.515735716E-2,-8.768214285E-2,1.734029055E-1
4.926763846E1,8.287423104E-2,-9.954093397E-2,1.691583693E-1
4.927768446E1,8.525075763E-2,-9.072457999E-2,1.678485274E-1
4.928773046E1,8.672348410E-2,-7.141745836E-2,1.599450707E-1
4.929777646E1,5.133607984E-2,-7.735833526E-2,1.538225710E-1
4.930782246E1,4.957706109E-2,-8.807303011E-2,1.471582800E-1
4.931786846E1,5.682596192E-2,-6.981094182E-2,1.364358664E-1
4.932791446E1,4.672645777E-2,-6.273172051E-2,1.348044127E-1
4.933796046E1,4.883563146E-2,-8.520735055E-2,1.327517033E-1
4.934800646E1,8.612520993E-2,-7.385402918E-2,1.340617090E-1
4.935805246E1,8.093982190E-2,-4.230714217E-2,1.219533309E-1
4.936809846E1,4.222118855E-2,-5.001060292E-2,9.888929129E-2
4.937814446E1,4.458001256E-2,-5.525536835E-2,9.625864029E-2
4.938819046E1,4.936091974E-2,-3.338681906E-2,9.253527224E-2
4.939823646E1,3.254507110E-2,-3.592277318E-2,8.867432177E-2
4.940828246E1,3.854996338E-2,-4.936347902E-2,9.346827865E-2
4.941832846E1,5.178236961E-2,-2.714073285E-2,8.742502332E-2
4.942837446E1,1.882708259E-2,-2.229431272E-2,6.227359921E-2
4.943842046E1,1.526180003E-2,-3.735668212E-2,6.821561605E-2
4.944846646E1,4.800616577E-2,-3.231638297E-2,7.176028192E-2
4.945851246E1,3.869923204E-2,-3.653191403E-2,5.896811932E-2
4.946855846E1,4.163962603E-2,-3.954714164E-2,6.758584082E-2
4.947860346E1,5.124704167E-2,-2.990046516E-2,6.249662861E-2
4.948864946E1,2.692199498E-2,-3.628566116E-2,5.473777279E-2
4.949869546E1,1.673375070E-2,-3.606411442E-2,5.128803477E-2
4.950874146E1,1.924697682E-2,-3.645133972E-2,4.669141769E-2
4.951878775E1,1.474266499E-2,-4.293727688E-3,3.982229903E-2
4.952883375E1,2.283680998E-2,-4.942604899E-2,5.849451944E-2
4.953887975E1,1.134240255E-1,5.906890612E-3,7.425013185E-2
4.954892575E1,4.382177815E-2,-4.021639936E-3,-6.356829312E-3
4.955897175E1,-6.287659705E-2,-4.776240140E-2,2.060386119E-3
4.956901775E1,-3.087631799E-2,-1.822421886E-2,6.471912377E-3
4.957906375E1,7.585292682E-3,8.050633967E-2,7.749075443E-2
4.958910975E1,6.042256951E-3,-6.493954360E-2,1.159726307E-1
4.959915575E1,1.186474413E-1,-2.334814146E-2,5.582641438E-2
4.960920175E1,5.485407636E-2,1.512999297E-3,-2.881656401E-2
4.961924775E1,-1.184782572E-2,-5.755875632E-2,-2.463202924E-2
4.962929375E1,4.109421745E-2,3.215168789E-2,2.196849510E-2
4.963933975E1,1.493505202E-2,2.385834046E-2,2.029230073E-2
4.964938575E1,3.101047873E-2,-3.898876905E-2,6.776107475E-3
4.965943175E1,3.723404557E-2,-4.719410092E-2,1.410992164E-2
4.966947775E1,5.024708342E-3,-4.143740982E-2,2.489812113E-2
4.967952375E1,1.615533978E-2,-1.986196078E-2,2.370987646E-2
4.968956975E1,2.255305275E-2,-1.988406479E-2,3.891173378E-2
4.969961575E1,3.505350649E-2,6.561184302E-3,4.839011934E-3
4.970966175E1,-7.427108474E-3,-5.044072866E-3,1.155417319E-2
4.971970775E1,-2.490064595E-3,-2.437047102E-2,1.575838774E-2
4.972975375E1,2.292554639E-2,-8.829860017E-3,4.927578382E-3
4.973979975E1,7.488881238E-3,5.084934644E-3,2.291670069E-3
4.974984575E1,1.945046894E-2,-1.052999432E-4,5.495985504E-3
4.975989175E1,1.734177396E-2,-1.038578246E-2,-9.445431642E-4
4.976993775E1,-4.209590610E-3,-1.089684293E-2,-1.079211384E-2
4.977998375E1,-1.147341542E-2,-2.918308135E-3,7.993410341E-3
4.979002975E1,1.723306254E-2,-1.064094249E-2,2.169404179E-2
4.980007575E1,3.212975338E-2,-1.079417765E-2,2.134070033E-3
4.981012175E1,1.597448438E-2,-7.280935999E-3,-1.382518932E-2
4.982016775E1,4.199507646E-3,-1.470599044E-2,-8.307801560E-3
4.983021375E1,-1.747835800E-2,2.885799855E-2,-2.408782952E-2
4.984025975E1,-5.464336276E-2,1.374917384E-2,-4.697192460E-2
4.985030575E1,-1.101385802E-2,-1.033991668E-2,7.557635754E-2
4.986035175E1,4.814858362E-2,1.178778522E-2,-5.196369253E-3
4.987039775E1,6.009653211E-3,-9.943342768E-3,1.812333427E-2
4.988044375E1,4.327047616E-2,-3.792090574E-3,7.477287203E-3
4.989048975E1,4.709850252E-2,1.923732832E-2,-3.087463044E-2
4.990053575E1,-2.496672049E-2,2.164942585E-2,-1.720571518E-2
4.991058175E1,-1.819643192E-2,-8.399552666E-3,1.573252678E-2
4.992062775E1,1.136881299E-2,-2.743280865E-2,-2.157605253E-2
4.993067375E1,-1.510141045E-2,-2.045133337E-2,-1.148214005E-2
4.994071975E1,-7.881791331E-3,-2.306121401E-3,1.620023511E-2
4.995076575E1,2.003612556E-2,-1.058349200E-2,1.026191935E-2
4.996081175E1,1.421810314E-2,1.398012973E-2,1.100023976E-3
4.997085775E1,-1.299008168E-2,5.985437892E-4,-2.309887204E-3
4.998090375E1,1.197592355E-3,-2.258601785E-2,-9.990220424E-4
4.999094975E1,1.616375893E-2,-1.397548616E-2,1.032969798E-3
5.000099575E1,1.191010932E-3,1.471010270E-3,3.865657374E-3
5.001104175E1,4.158837721E-3,5.692652892E-3,6.686744280E-3
5.002108775E1,-5.550063681E-3,4.674123973E-2,-3.309644386E-2
5.003113375E1,-1.308446750E-3,-1.087651402E-2,2.444772981E-3
5.004117975E1,2.017931826E-2,-1.561226603E-2,-1.249428745E-2
5.005122575E1,3.698972240E-2,6.317761540E-2,-7.822349668E-2
5.006127175E1,-2.772512380E-3,9.076990932E-2,-1.317943484E-1
5.007131675E1,-8.417788893E-2,-3.766981885E-2,-2.053082436E-1
5.008136275E1,-6.293319166E-2,-1.018807217E-1,-1.702292711E-1
5.009140875E1,4.107623827E-3,3.521067090E-3,-1.681823581E-1
5.010145475E1,-2.173321322E-2,-5.875637755E-2,3.872581758E-3
5.011150075E1,5.116549507E-2,-1.117626056E-1,7.233925909E-2
5.012154675E1,1.154102311E-1,-3.072756715E-2,7.275588810E-2
5.013159275E1,7.562420517E-2,-6.260308903E-3,1.400358677E-1
5.014163875E1,6.891767681E-2,-6.003639661E-3,6.784366071E-2
5.015168475E1,6.498418748E-2,-9.444975294E-3,-2.312166430E-2
5.016173075E1,4.163766280E-2,-1.053617708E-2,-2.007406019E-2
5.017177675E1,1.078169495E-1,4.105617851E-2,1.071581058E-2
5.018182275E1,8.551429957E-2,5.331376195E-2,2.406949364E-2
5.019186875E1,3.325687954E-3,-1.110783871E-2,-2.648635954E-2
5.020191475E1,-2.500120550E-2,-9.304420091E-3,-3.795390204E-2
5.021196075E1,-6.202217657E-3,2.399468049E-2,9.988058358E-3
5.022200675E1,-4.443037324E-3,-1.342876814E-2,1.468977891E-2
5.023205275E1,1.074443758E-2,-3.234227374E-2,-3.521040455E-2
5.024209875E1,6.631677970E-4,1.629348285E-2,-2.489375882E-2
5.025214475E1,-3.116533719E-2,3.263410926E-2,-2.761292504E-3
5.026219075E1,-3.684062883E-2,-1.465993281E-2,-3.714871034E-2
5.027223675E1,-5.193569139E-2,-1.988346456E-3,-4.859311506E-2
5.028228275E1,-2.959259972E-2,1.993557997E-2,2.097554039E-3
5.029232875E1,-1.233984157E-2,5.549183115E-3,1.116322074E-2
5.030237475E1,-1.997598633E-2,-8.100640960E-3,-1.172481198E-2
5.031242075E1,-2.980225347E-2,8.065812290E-3,-7.994603366E-4
5.032246675E1,-1.073278673E-2,7.299323566E-3,3.047859995E-3
5.033251275E1,1.849849941E-3,8.273773827E-3,1.461148611E-3
5.034255875E1,-7.638437673E-3,1.297092438E-2,2.921893261E-3
5.035260475E1,-3.568328917E-3,-3.544682404E-4,1.046556327E-2
5.036265075E1,-5.115832202E-3,-4.216406960E-3,6.197402719E-3
5.037269675E1,-1.456649043E-3,-7.857226883E-4,4.453564994E-3
5.038274275E1,-4.987734370E-3,-1.014140714E-2,1.138923503E-2
5.039278875E1,-2.785566729E-3,-6.747475360E-3,7.296223193E-3
5.040283475E1,3.511684947E-3,1.828233153E-2,8.740900084E-3
5.041288075E1,-5.225613713E-3,1.189740468E-2,-1.561272191E-3
5.042292675E1,-2.003432810E-2,-1.628159173E-2,-1.184471510E-2
5.043297275E1,-1.151061524E-2,-9.433005936E-3,-8.398052305E-3
5.044301875E1,8.623943664E-3,2.953739837E-3,7.474981248E-3
5.045306475E1,1.089061843E-3,-5.438679829E-3,2.010175027E-3
5.046311075E1,-4.018695559E-3,-1.379572321E-2,-3.237406258E-3
5.047315675E1,-9.760344401E-4,-6.293332204E-3,3.143793903E-3
5.048320275E1,7.968940772E-3,-8.142246865E-3,1.551157236E-2
5.049324875E1,1.069069095E-2,-1.695810817E-2,8.161514997E-3
5.050329475E1,1.859074272E-2,-2.867175266E-3,1.142143086E-2
5.051334071E1,8.530652151E-3,-8.969688788E-4,1.486543100E-2
5.052338671E1,-3.783132881E-3,-1.157256030E-2,4.916835576E-3
5.053343271E1,-8.994938806E-3,-1.440856047E-2,-7.993730251E-4
5.054347871E1,-5.103468895E-3,-1.756491984E-4,-5.169932265E-4
5.055352471E1,-2.838183660E-3,3.397514112E-3,6.976875477E-3
5.056357071E1,-1.021288335E-2,-5.728564691E-3,-7.354299538E-3
5.057361671E1,-8.029092103E-3,-5.330954678E-3,-4.079409875E-3
5.058366271E1,2.609275281E-3,-2.154425019E-3,4.802588373E-3
5.059370871E1,5.679367110E-3,5.292838439E-3,3.322403179E-3
5.060375471E1,-1.691896096E-2,-3.154084843E-4,-8.198846132E-3
5.061380071E1,-2.624961361E-2,-2.655794378E-3,-7.108815480E-3
5.062384671E1,-2.213551290E-2,1.441122033E-2,-4.075614270E-4
5.063389271E1,-1.414629631E-2,8.216974325E-3,4.290521145E-3
5.064393771E1,-6.957278121E-3,-1.287270221E-3,-1.047430094E-3
5.065398371E1,-8.686734363E-3,2.264321549E-3,-4.577184096E-3
5.066402971E1,2.851758152E-3,5.974681582E-3,4.800693132E-3
5.067407571E1,1.434090175E-2,-2.473131288E-3,1.925544580E-3
5.068412171E1,7.772982121E-3,-2.919373335E-3,-5.900567397E-3
5.069416771E1,-9.576980025E-3,1.227715611E-2,-5.695504136E-3
5.070421371E1,-1.585081965E-2,1.109502465E-2,-1.434094738E-3
5.071425971E1,-1.251414325E-2,-6.521788891E-4,-6.315403152E-3
5.072430571E1,-4.433210008E-3,1.432986581E-3,-2.635449637E-4
5.073435171E1,8.068999276E-3,2.478543669E-3,1.026579458E-2
5.074439771E1,1.836616173E-2,6.192719447E-4,7.809769828E-3
5.075444371E1,1.063047722E-2,-7.219209801E-3,6.257679313E-3
5.076448971E1,2.121357014E-3,-2.708643675E-3,-2.069906564E-3
5.077453571E1,7.845289074E-3,1.502346597E-3,-5.729435943E-4
5.078458171E1,7.265839726E-3,-4.793869331E-3,-1.190640964E-2
5.079462771E1,1.644042879E-2,1.260390127E-5,-3.331183270E-2
5.080467371E1,-9.834665805E-3,4.867011309E-2,-4.141246155E-2
5.081471971E1,-6.167735532E-2,6.354865432E-2,-1.040936783E-1
5.082476571E1,-1.031515747E-1,-4.231170169E-4,-1.405939758E-1
5.083481171E1,-7.961136848E-2,4.581149295E-2,-1.867942214E-1
5.084485771E1,-8.396748453E-2,-4.547038581E-3,-1.743156463E-1
5.085490371E1,-3.675948828E-2,-9.313283116E-2,-3.853198513E-2
5.086494971E1,4.245346785E-2,-8.238289505E-2,3.797947988E-2
5.087499571E1,1.128496081E-1,-3.068853915E-2,1.216946170E-1
5.088504171E1,1.105541438E-1,3.107396886E-2,1.486542970E-1
5.089508771E1,4.514264315E-2,-7.805518806E-3,5.514991656E-2
5.090513371E1,6.398539059E-3,-1.137537649E-3,-4.699013382E-2
5.091517971E1,2.637464553E-2,3.202254698E-2,-1.818644628E-2
5.092522571E1,2.715959772E-2,6.126634404E-2,1.759993471E-2
5.093527171E1,2.187428810E-2,4.050620645E-2,-1.645390503E-2
5.094531771E1,-2.710944042E-2,1.600157283E-2,-4.435149580E-2
5.095536371E1,-6.054569408E-2,-2.388752066E-2,-1.378612965E-2
5.096540971E1,9.009139612E-3,7.772109006E-3,1.191216335E-2
5.097545571E1,4.335939139E-2,3.519681096E-2,2.270515449E-2
5.098550171E1,4.360705148E-3,2.472706512E-2,6.117626093E-3
5.099554771E1,-3.753827512E-2,-7.265490014E-3,-1.173061226E-2
5.100559371E1,-2.737980708E-2,5.911624525E-3,-1.244138181E-2
5.101563971E1,2.619639272E-3,4.706145450E-2,-7.666160818E-4
5.102568571E1,-8.003474213E-4,1.419805083E-2,-1.003042050E-2
5.103573171E1,-2.408942394E-2,1.661114022E-2,-4.118886963E-2
5.104577771E1,-4.756617174E-2,2.527125180E-2,-3.857062757E-2
5.105582371E1,-2.664517984E-2,8.935954422E-3,-1.089399401E-2
5.106586971E1,-3.339030780E-3,2.525474178E-3,-5.330444314E-3
5.107591571E1,-7.069054060E-3,-1.462634839E-2,-5.948564038E-3
5.108596171E1,-6.692148745E-4,2.525593853E-3,2.770950552E-3
5.109600771E1,6.156999618E-3,3.442520276E-3,9.239768609E-3
5.110605371E1,1.519492734E-2,5.877595861E-3,3.757590428E-3
5.111609971E1,6.838727277E-3,7.054713089E-3,-1.279246062E-3
5.112614571E1,-6.708376110E-3,2.895313315E-3,-4.867824726E-3
5.113619171E1,-1.550959051E-2,1.156363636E-2,-1.552988077E-3
5.114623771E1,-4.940835759E-3,-8.365742397E-4,4.832207225E-3
5.115628371E1,3.992819227E-3,-8.032922633E-3,1.533970237E-3
5.116632971E1,-5.014050286E-3,-1.399245765E-2,1.431732252E-2
5.117637571E1,1.305922680E-2,-1.971931942E-2,3.124464117E-2
5.118642171E1,3.717588633E-2,-7.155633066E-3,4.808344692E-2
5.119646771E1,5.662362278E-2,-2.054307796E-2,6.302112341E-2
5.120651371E1,5.540470779E-2,-1.686180755E-2,6.612403691E-2
5.121655971E1,5.855389684E-2,-7.329553366E-3,9.173379093E-2
5.122660571E1,5.005541444E-2,5.044810008E-3,9.016577154E-2
5.123665171E1,4.472430050E-2,2.200021641E-3,8.407112956E-2
5.124669771E1,3.381279111E-2,-4.638443701E-3,6.361086667E-2
5.125674371E1,4.820008762E-4,2.020032704E-2,1.185099594E-2
5.126678971E1,-3.365371749E-2,2.559873275E-2,-7.364418358E-3
5.127683471E1,-5.962406471E-2,1.114256214E-2,-2.945134416E-2
5.128688071E1,-6.793026626E-2,1.723639108E-2,-4.451492429E-2
5.129692671E1,-7.347790152E-2,1.427867101E-3,-4.397616535E-2
5.130697271E1,-5.733575672E-2,-2.538393438E-2,-3.756662086E-2
5.131701871E1,-3.972267359E-2,-1.465059724E-2,-4.785920680E-2
5.132706471E1,-4.106922448E-2,1.806257851E-2,-4.698077589E-2
5.133711071E1,-5.104675889E-2,1.854674146E-2,-3.360158950E-2
5.134715671E1,-5.311235413E-2,1.982797636E-3,-4.023493454E-2
5.135720271E1,-4.445415363E-2,-7.079140283E-3,-3.307502717E-2
5.136724871E1,-1.755526848E-2,-4.375430581E-4,-4.864452872E-3
5.137729471E1,5.579345394E-3,-5.578775425E-3,1.550446823E-2
5.138734071E1,2.206015959E-2,-1.940717921E-2,1.735752262E-2
5.139738671E1,3.765589744E-2,-2.050866373E-2,2.261007577E-2
5.140743271E1,3.694280982E-2,-1.232790388E-2,2.705358900E-2
5.141747871E1,3.363729641E-2,-8.812265471E-3,2.906560712E-2
5.142752471E1,2.981006168E-2,-1.252246462E-2,2.481126972E-2
5.143757071E1,3.211715817E-2,-6.729557645E-3,2.093850076E-2
5.144761671E1,2.773154527E-2,-2.715063281E-3,1.994576305E-2
5.145766271E1,2.451764420E-2,-7.553228177E-3,1.699817553E-2
5.146770871E1,2.427065559E-2,-9.818359831E-5,1.003377512E-2
5.147775471E1,1.112475991E-2,2.429688815E-3,4.851263948E-3
5.148780071E1,-1.044153236E-3,-5.979847629E-4,-2.899363404E-3
5.149784671E1,-8.237883449E-3,1.138662687E-3,-7.827010937E-3
5.150789271E1,-7.512617856E-3,5.492592696E-3,-8.826203644E-3
5.151793858E1,-2.227042336E-3,2.699203091E-3,-6.317238789E-3
5.152798458E1,2.495160792E-3,-5.169848446E-3,-1.998356776E-3
5.153803058E1,5.983369425E-3,-7.611967158E-3,2.818414941E-4
5.154807658E1,1.100425422E-2,-2.898955951E-3,4.343103152E-3
5.155812258E1,1.029825024E-2,-6.696623750E-3,5.138589069E-3
5.156816858E1,9.068140760E-3,-7.298881188E-3,5.294588394E-3
5.157821458E1,9.197037667E-3,-3.480440937E-3,3.077507019E-3
5.158826058E1,6.243163254E-3,8.202080498E-4,2.493299777E-3
5.159830658E1,1.067945734E-2,-4.027154646E-4,4.776693881E-3
5.160835258E1,1.290775556E-2,-3.129627556E-3,4.158185795E-3
5.161839858E1,1.232718676E-2,-3.643085016E-3,4.461786244E-3
5.162844458E1,6.232456304E-3,-5.858763587E-3,1.292599598E-3
5.163849058E1,2.573006786E-3,-7.570911112E-5,1.909920364E-3
5.164853658E1,5.271213129E-3,1.446494251E-3,1.786320703E-3
5.165858258E1,2.802196424E-3,2.137170377E-4,-9.426204488E-4
5.166862858E1,2.341284649E-3,-3.402544651E-3,-4.229938146E-3
5.167867458E1,7.009273395E-3,-1.557773096E-3,4.416913725E-5
5.168872058E1,1.382009126E-2,2.748802217E-5,4.118747078E-3
5.169876658E1,1.496125571E-2,-4.617597442E-3,1.019094023E-3
5.170881258E1,8.463892154E-3,-5.602049641E-3,-2.079169266E-3
5.171885858E1,2.778842114E-3,-2.400929807E-3,1.888408093E-3
5.172890458E1,7.975766435E-3,-6.444107275E-4,1.183081185E-3
5.173895058E1,5.105144810E-3,9.878407000E-4,-1.314164838E-3
5.174899658E1,1.496746438E-3,-1.078018337E-3,-1.593884546E-3
5.175904258E1,3.845654428E-3,7.047016989E-4,6.546224467E-4
5.176908858E1,7.893067785E-3,-2.121623838E-3,2.047286835E-4
5.177913458E1,-1.329192426E-3,-3.700612113E-3,5.010669120E-3
5.178918058E1,-7.613285445E-3,-8.838410489E-3,3.544712672E-3
5.179922658E1,-3.792392090E-5,-7.971551269E-3,4.948997404E-3
5.180927258E1,3.339019604E-4,-5.183607340E-3,2.452665940E-4
5.181931858E1,4.219454248E-3,-2.680235775E-3,4.349996801E-3
5.182936458E1,9.226387367E-3,6.647992413E-4,1.480461750E-2
5.183941058E1,7.237537764E-3,2.615966951E-4,1.013023686E-2
5.184945658E1,5.025001708E-3,-4.377912730E-3,5.307582207E-3
5.185950258E1,8.832257241E-3,1.309267478E-3,7.492173463E-3
5.186954758E1,8.222767152E-3,1.875248388E-3,5.635979585E-3
5.187959358E1,5.206204951E-3,-8.294579457E-4,1.720067346E-3
5.188963958E1,5.176003091E-3,-1.706762472E-3,1.362109091E-3
5.189968558E1,1.672348240E-3,1.229638932E-3,1.313639572E-3
5.190973158E1,3.244764172E-3,8.306243108E-4,-1.545236213E-3
5.191977758E1,-3.731385805E-3,-1.488988986E-3,-1.515409211E-3
5.192982358E1,-3.222826403E-3,-3.224345273E-4,-6.339936517E-4
5.193986958E1,2.794973552E-4,1.142570400E-3,-4.592901096E-4
5.194991558E1,3.046097700E-3,-2.168477513E-3,-1.860084943E-3
5.195996158E1,1.390942838E-3,-3.185804933E-3,-4.304600414E-3
5.197000758E1,-3.295638599E-3,-1.998155611E-3,-4.773639143E-3
5.198005358E1,-4.194456153E-3,-5.126441829E-4,-3.488131333E-3
5.199009958E1,-4.925976973E-3,-8.026622527E-5,-4.886347800E-3
5.200014558E1,-5.828255322E-3,1.940393558E-4,-1.618649112E-3
5.201019158E1,-5.684553180E-3,4.404970445E-3,-5.960243288E-4
5.202023758E1,-3.993445542E-3,3.094961401E-3,1.918266062E-3
5.203028358E1,-4.201787524E-4,-1.596818212E-3,4.618722014E-4
5.204032958E1,6.749131717E-4,1.658363617E-3,2.083394211E-4
5.205037558E1,-3.267142922E-3,5.137380795E-4,-6.372174248E-4
5.206042158E1,-3.606163897E-3,5.235917633E-4,-1.067318022E-3
5.207046758E1,-5.422945134E-3,8.011081372E-4,5.834060721E-5
5.208051358E1,-2.362173982E-3,4.171072040E-3,-1.720917411E-3
5.209055958E1,1.287760679E-3,3.800107399E-3,-1.520969206E-3
5.210060558E1,1.867530867E-3,-1.182933454E-3,-2.650227398E-4
5.211065158E1,5.494115409E-3,-1.552639180E-3,2.043908462E-3
5.212069758E1,5.816890392E-3,-1.425606315E-3,-1.848910470E-4
5.213074358E1,6.370828021E-3,-3.577174153E-3,-8.882319089E-4
5.214078958E1,2.974737901E-3,-4.041910172E-3,-1.326528843E-3
5.215083558E1,-6.555658765E-4,-4.007464740E-4,-1.058175461E-3
5.216088158E1,8.878763765E-5,9.428182384E-4,3.240050282E-4
5.217092758E1,2.097871853E-3,6.915327394E-4,9.343749844E-5
5.218097358E1,6.856407970E-3,-4.150360357E-3,1.306507387E-3
5.219101958E1,7.870269008E-3,-3.118799999E-3,1.147310832E-3
5.220106558E1,4.068872891E-3,-6.123112049E-3,2.685286338E-3
5.221111158E1,-1.636949833E-3,-8.607057389E-4,6.421091966E-4
5.222115758E1,8.958124090E-4,2.555557330E-5,1.226040651E-3
5.223120358E1,-2.420844510E-3,-3.326444712E-4,-8.283134084E-4
5.224124958E1,-1.963047311E-3,4.175288137E-3,1.462804037E-3
5.225129558E1,-1.279043965E-3,4.737658426E-3,3.527643159E-3
5.226134158E1,1.730594318E-3,2.500603208E-3,1.728145173E-3
5.227138758E1,1.518205274E-3,-7.607780863E-4,1.858936506E-3
5.228143358E1,-2.725040540E-4,-9.985984070E-4,1.806123182E-4
5.229147958E1,-1.243781298E-3,1.778536389E-4,1.421643770E-3
5.230152558E1,-2.076019533E-3,2.424762817E-3,-2.037269762E-3
5.231157158E1,-2.810496837E-3,7.596205687E-4,-1.926747151E-3
5.232161758E1,-7.334142458E-3,2.299460350E-3,6.850149948E-4
5.233166358E1,-3.535138443E-3,9.371358319E-4,2.279655309E-3
5.234170958E1,-1.373450272E-3,8.665620117E-4,9.403516306E-4
5.235175558E1,-4.453793168E-3,-7.946429541E-4,2.060179366E-3
5.236180158E1,-6.621873006E-3,-2.967516193E-3,4.385385197E-3
5.237184758E1,-4.869489931E-3,-4.003620241E-3,4.802173004E-3
5.238189358E1,-3.844971769E-3,-8.768027765E-4,3.654350294E-3
5.239193958E1,-4.501319025E-3,3.072829917E-3,3.860094352E-3
5.240198558E1,-1.736425329E-3,3.025159240E-3,6.156005431E-3
5.241203158E1,2.451007022E-3,4.728871863E-4,7.295157760E-3
5.242207758E1,2.904010704E-3,5.618368159E-4,5.658378825E-3
5.243212358E1,-1.040081494E-3,4.296269268E-3,6.725182757E-3
5.244216958E1,-9.340876713E-4,3.931948915E-3,4.856975749E-3
5.245221558E1,-1.378650311E-3,-1.627059246E-4,5.147908814E-5
5.246226158E1,-2.559229732E-3,-1.672718208E-3,-1.342152944E-3
5.247230758E1,1.006264472E-3,2.770114806E-4,9.613629663E-4
5.248235358E1,5.699287169E-3,2.129506320E-3,5.001034588E-4
5.249239858E1,1.305233454E-3,8.994810050E-4,-2.837544307E-4
5.250244458E1,-2.255412750E-3,-8.265136275E-4,8.241204778E-4
5.251249058E1,-2.872282639E-4,-1.442709705E-3,1.982358284E-3
5.252253675E1,-4.142611288E-4,-3.832896706E-3,-6.352625787E-4
5.253258275E1,-2.128717955E-3,-1.317079994E-3,-4.488164559E-4
5.254262875E1,-7.322148420E-3,-1.200167229E-3,-1.195300603E-3
5.255267475E1,-8.536450565E-3,-1.539160730E-3,-1.771455398E-3
5.256272075E1,-5.470087286E-3,2.402850427E-3,2.983531449E-4
5.257276675E1,-5.096919369E-3,5.281906575E-3,4.142862745E-4
5.258281275E1,-6.864726078E-3,4.441945348E-3,-3.126054071E-5
5.259285875E1,-7.155764382E-3,3.428078489E-3,-4.475088790E-4
5.260290475E1,-3.908572253E-3,3.316491842E-3,6.891284138E-4
5.261295075E1,-2.833345905E-3,5.540823564E-3,5.985260941E-5
5.262299675E1,-2.267157659E-3,3.054496134E-3,-2.528473502E-3
5.263304275E1,-8.230932057E-3,3.861227073E-3,-3.831262700E-3
5.264308875E1,-8.511895314E-3,2.919799648E-3,-2.853882965E-3
5.265313475E1,-4.680857062E-3,5.576613825E-3,-8.036936633E-4
5.266318075E1,-1.802512910E-3,3.533969400E-3,-1.915829955E-3
5.267322675E1,-4.921819083E-3,2.960886806E-3,-1.338308910E-3
5.268327275E1,-2.730570268E-3,-1.547452848E-4,-1.318969298E-4
5.269331875E1,3.302342724E-3,-3.310028696E-3,2.179234289E-4
5.270336475E1,2.718045143E-3,-1.103066956E-3,9.941286407E-5
5.271341075E1,5.223727785E-4,1.626317156E-3,1.112836297E-3
5.272345675E1,-2.890201751E-3,2.330989577E-3,9.032455273E-4
5.273350275E1,-2.901120577E-3,-6.821108982E-4,-6.712153554E-4
5.274354875E1,-1.115737483E-3,8.534677909E-4,1.745869638E-3
5.275359475E1,8.912971243E-4,3.032095963E-3,2.399291843E-3
5.276364075E1,-1.679984853E-3,3.870287765E-5,2.178249415E-3
5.277368675E1,-1.974868588E-3,-6.417475524E-4,-2.759182826E-5
5.278373275E1,-1.567405183E-3,-2.007150324E-3,-1.673158957E-3
5.279377875E1,-1.541517675E-3,2.506405115E-3,-1.027195016E-3
5.280382475E1,-3.884833306E-3,3.537581069E-3,-4.029376432E-3
5.281387075E1,-6.412607152E-3,5.246026441E-3,-5.944836419E-3
5.282391675E1,-5.809667986E-3,4.089415539E-3,-5.670263898E-3
5.283396275E1,-3.874244634E-3,3.241376020E-3,-4.231801257E-3
5.284400875E1,4.725670442E-4,2.735375427E-3,-4.156966694E-3
5.285405475E1,-3.796264064E-3,3.434573766E-3,-5.546545610E-3
5.286410075E1,-4.165111575E-3,1.291794470E-3,-4.642669111E-3
5.287414675E1,-3.486451693E-3,-3.948574886E-4,-5.782209802E-3
5.288419275E1,-2.668860834E-3,3.629445331E-3,-2.156316303E-3
5.289423875E1,-1.874395646E-3,7.612733170E-3,-4.955826327E-3
5.290428475E1,-4.924513865E-3,3.127969801E-3,-5.051700398E-3
5.291433075E1,-4.810259677E-3,-1.668234705E-3,-4.391563125E-3
5.292437675E1,-3.452580422E-3,8.066408918E-4,-1.839988399E-3
5.293442275E1,5.821897648E-4,6.671361625E-4,2.695887815E-4
5.294446875E1,2.809865400E-4,2.750526881E-3,-4.209687468E-4
5.295451475E1,1.063630683E-3,-7.445179508E-4,-1.521206228E-3
5.296456075E1,-2.162256278E-3,6.595005398E-4,-2.462900011E-3
5.297460675E1,3.234454431E-3,5.306228064E-3,-3.708992153E-4
5.298465275E1,2.252014354E-3,3.959201276E-3,-1.257199096E-3
5.299469875E1,-7.857987657E-4,1.933897380E-3,-2.634704579E-3
5.300474475E1,-2.222574316E-3,-1.505587861E-4,3.650800791E-4
5.301479075E1,-5.112714134E-4,8.414723561E-4,1.667625387E-3
5.302483675E1,5.480574444E-3,3.253517789E-4,6.114155985E-4
5.303488275E1,1.212735660E-4,-1.190256909E-3,-2.506340388E-3
5.304492875E1,-3.405816853E-3,1.589005260E-4,-3.395569976E-3
5.305497475E1,-1.581073273E-3,2.634278964E-3,-2.583954483E-6
5.306502075E1,4.184278660E-4,1.528800814E-3,-2.180783311E-3
5.307506575E1,-3.318004310E-3,3.486508736E-3,-4.388342611E-3
5.308511175E1,-5.004583858E-3,-8.887984441E-4,-1.714262646E-3
5.309515775E1,-2.960911486E-3,-2.147989115E-3,-1.278918469E-3
5.310520375E1,6.929459050E-4,6.858806591E-4,1.473192242E-3
5.311524975E1,7.877540775E-4,1.295211958E-3,3.174419515E-3
5.312529575E1,1.869530184E-3,1.483231084E-3,2.500906121E-3
5.313534175E1,7.768352516E-4,2.802812378E-4,8.199188160E-4
5.314538775E1,6.809616461E-4,1.457931125E-3,3.278282937E-3
5.315543375E1,2.443468431E-3,4.488090985E-3,3.130684374E-3
5.316547975E1,-6.637452170E-4,-6.232252344E-4,2.797166351E-3
5.317552575E1,-3.951131366E-4,-1.861107186E-3,2.804535441E-3
5.318557175E1,-5.216132849E-4,2.750143176E-4,2.981902100E-3
5.319561775E1,2.127378248E-3,1.186570444E-4,9.457676206E-4
5.320566375E1,3.070403822E-3,3.308857791E-3,-1.207664376E-3
5.321570975E1,-3.475993406E-3,-5.122903385E-4,-2.117488300E-3
5.322575575E1,-1.323094126E-3,-1.676890766E-3,-2.625885652E-3
5.323580175E1,4.784044344E-3,-2.091943519E-3,2.746241167E-3
5.324584775E1,6.717232987E-3,1.286001061E-4,2.621871419E-3
5.325589375E1,4.415006842E-3,-4.283030052E-3,7.189256139E-4
5.326593975E1,2.492470667E-3,-6.214887369E-3,2.486465732E-3
5.327598575E1,3.679103917E-3,-4.399955273E-3,5.566732027E-3
5.328603175E1,5.532664247E-3,-9.338511736E-4,2.892385470E-3
5.329607775E1,1.139269210E-3,-6.413048250E-4,1.929922495E-3
5.330612375E1,-2.444013953E-3,-7.137428038E-4,-3.345634323E-4
5.331616975E1,-2.116851509E-3,-1.816780539E-3,3.454140853E-3
5.332621575E1,4.671279807E-3,-6.463212776E-4,4.730061628E-3
5.333626175E1,3.222818021E-3,1.469456940E-3,1.400990295E-3
5.334630775E1,-7.021487691E-4,1.129637589E-3,-1.172155840E-3
5.335635375E1,-6.489171647E-4,-7.248845068E-4,-4.535152111E-4
5.336639975E1,-5.982583389E-5,-6.465875776E-4,-8.015905041E-4
5.337644575E1,-1.900670119E-3,2.164782025E-3,-5.153077655E-4
5.338649175E1,-2.404540312E-3,2.094740747E-3,-2.039967570E-3
5.339653775E1,-1.476117875E-3,4.289301578E-4,-5.017195363E-4
5.340658375E1,3.564031795E-4,-2.218784532E-3,-2.729541156E-4
5.341662975E1,2.746026032E-3,-2.379535930E-3,8.286486845E-4
5.342667575E1,3.330856096E-3,-1.169395633E-3,-8.046680596E-4
5.343672175E1,-1.196200028E-4,-1.583174686E-3,-2.717647003E-3
5.344676775E1,-3.422205802E-3,-2.405825071E-3,-3.008996835E-3
5.345681375E1,-5.990080535E-4,7.252502837E-5,-4.641388077E-4
5.346685975E1,2.216752386E-3,1.768958638E-3,-1.228466164E-3
5.347690575E1,9.861327708E-4,3.037022252E-4,-3.518124577E-4
5.348695175E1,-5.649495870E-5,-1.146122697E-3,1.323315897E-3
5.349699775E1,1.293651294E-3,-2.278927248E-3,2.214526292E-3
5.350704375E1,1.763699111E-3,-2.273334656E-3,-1.575511415E-4
5.351708946E1,1.055537723E-3,1.382330316E-3,-3.119548783E-4
5.352713546E1,-1.138640568E-3,2.059838502E-3,-2.488556551E-3
5.353718146E1,-2.556475345E-3,3.351931693E-3,-4.531589802E-3
5.354722746E1,-4.498452879E-3,4.608677700E-3,-5.913237575E-3
5.355727346E1,-2.166968770E-3,7.892170921E-3,-7.394986227E-3
5.356731946E1,-2.344069071E-3,8.626405150E-3,-1.179133262E-2
5.357736546E1,-3.384191543E-3,2.689478919E-3,-1.545607951E-2
5.358741146E1,6.963042542E-4,-1.757733640E-3,-1.741563529E-2
5.359745746E1,6.381327286E-3,2.243384719E-3,-1.709919050E-2
5.360750346E1,7.473489270E-3,2.928349655E-3,-2.198049985E-2
5.361754946E1,8.228437044E-3,1.518827048E-3,-3.037167341E-2
5.362759546E1,6.864099763E-3,8.711462724E-4,-3.863679618E-2
5.363764146E1,6.416241638E-3,8.393810131E-4,-4.489013553E-2
5.364768746E1,6.648791023E-4,4.235710483E-3,-4.911923409E-2
5.365773346E1,-1.009519491E-2,1.451465068E-3,-1.485962234E-2
5.366777946E1,-3.436378017E-2,-3.862606594E-3,-1.573287323E-2
5.367782546E1,-4.120377451E-2,8.122696541E-3,-3.949844837E-2
5.368787146E1,-3.836244717E-2,1.063565537E-2,-2.918535285E-2
5.369791646E1,-3.148773313E-2,1.217204798E-2,-5.004648864E-2
5.370796246E1,-1.345121115E-2,-8.752941154E-3,2.740729228E-2
5.371800846E1,-3.804552928E-2,1.299841236E-2,-1.563891955E-2
5.372805446E1,-2.821793407E-2,4.871244077E-3,-7.374596782E-3
5.373810046E1,-1.699813455E-2,1.097251754E-2,2.972431015E-3
5.374814646E1,-1.072585862E-2,1.031524967E-2,1.355450228E-2
5.375819246E1,-1.563498378E-2,1.173873991E-2,1.661622152E-2
5.376823846E1,-2.459279262E-2,1.434917003E-2,1.729799062E-2
5.377828446E1,-3.256577998E-2,2.628615126E-2,1.276011206E-2
5.378833046E1,-3.893978894E-2,3.517658263E-2,7.393309847E-3
5.379837646E1,-4.274345189E-2,4.308716208E-2,-3.036663868E-3
5.380842246E1,-4.585189372E-2,4.918766394E-2,-1.103626750E-2
5.381846846E1,-5.386716127E-2,6.257978082E-2,-3.488599882E-2
5.382851446E1,-6.589399278E-2,5.498258397E-2,-5.166844279E-2
5.383856046E1,-7.169473171E-2,4.697614536E-2,-5.477750301E-2
5.384860646E1,-9.056854993E-2,5.707964674E-2,-8.274468780E-2
5.385865246E1,-9.033741057E-2,2.808742598E-2,-4.394063354E-2
5.386869846E1,-1.534873396E-1,1.023853570E-1,-1.633083075E-1
5.387874446E1,-2.079266757E-1,1.519231498E-1,-2.689548135E-1
5.388879046E1,-2.015508115E-1,1.031816974E-1,-2.527851760E-1
5.389883646E1,-1.724273562E-1,7.933455706E-2,-2.410084009E-1
5.390888246E1,-1.236520857E-1,5.759917200E-2,-1.991200745E-1
5.391892846E1,-5.661655590E-2,3.202681988E-2,-1.089123487E-1
5.392897446E1,-8.706288412E-3,1.285338961E-2,-3.207109869E-2
5.393902046E1,2.721241117E-2,-3.021318093E-2,1.773744263E-2
5.394906646E1,1.447983645E-2,-1.267466694E-2,3.113900311E-2
5.395911246E1,-9.222296067E-4,-3.012274159E-3,3.022083081E-2
5.396915846E1,-1.848870702E-2,1.004227530E-2,1.565919816E-2
5.397920446E1,-3.491349146E-2,1.942417584E-2,-1.847828738E-3
5.398925046E1,-4.869322106E-2,2.402718365E-2,-1.372020133E-2
5.399929646E1,-5.634046346E-2,2.212608606E-2,-2.779527381E-2
