<?xml version="1.0" encoding="UTF-8"?>
<kml xmlns="http://www.opengis.net/kml/2.2">
  <Document>
    <name>Motion Data Path (Corrected)</name>
    <Style id="yellowLine">
      <LineStyle>
        <color>7f00ffff</color> <width>4</width>
      </LineStyle>
      <PolyStyle>
        <color>7f00ff00</color>
      </PolyStyle>
    </Style>
    <Placemark>
      <name>Trajectory</name>
      <styleUrl>#yellowLine</styleUrl>
      <LineString>
        <extrude>1</extrude>
        <tessellate>1</tessellate>
        <altitudeMode>relativeToGround</altitudeMode>
        <coordinates>
          4.349282474099012,52.05452205850145,0.0 4.34928257745696,52.05452202080956,0.0006414320781246 4.34928268088742,52.05452198301346,0.0012835444052778 4.349282784435466,52.0545219451554,0.0019284540268621 4.349282888099176,52.054521907300156,0.0025814985296498 4.349282991830054,52.054521869488035,0.0032473494710521 4.349283095589558,52.05452183170215,0.0039245922129982 4.349283199325321,52.05452179392177,0.0046089791641639 4.349283303012806,52.054521756120145,0.0052986289207804 4.349283406616068,52.05452171826111,0.005993115698478 4.349283510099103,52.05452168031032,0.0066910227835108 4.349283613468136,52.054521642246584,0.0073894254938386 4.349283716734746,52.05452160405803,0.0080859878845406 4.349283819917168,52.05452156574222,0.0087804609891545 4.349283922999398,52.05452152732752,0.0094726935655248 4.349284025975022,52.05452148883306,0.0101626908850112 4.349284128848044,52.05452145026385,0.0108509989706201 4.349284231590907,52.05452141162578,0.0115372930330968 4.349284334213617,52.05452137290552,0.0122206065680738 4.349284436718217,52.05452133410235,0.0128999688561997 4.3492845390980985,52.05452129522866,0.0135759624288927 4.349284641350559,52.05452125630345,0.0142498534811465 4.349284743443695,52.05452121736627,0.0149214998029681 4.349284845379304,52.05452117843429,0.0155905962101152 4.349284947156136,52.054521139507074,0.0162575134575851 4.3492850487823045,52.054521100581674,0.0169232008910745 4.349285150276371,52.0545210616578,0.017588586042143 4.349285251620107,52.05452102274533,0.0182539430864516 4.349285352820312,52.05452098383511,0.0189194716395226 4.349285453871745,52.05452094492041,0.0195847368926951 4.349285554781241,52.05452090600688,0.0202491492385653 4.349285655564169,52.054520867106554,0.0209130551169299 4.349285756194079,52.054520828226416,0.0215773201218014 4.349285856690135,52.05452078934035,0.0222424262477121 4.3492859570672815,52.05452075042654,0.0229077926280159 4.34928605733428,52.05452071147217,0.0235730167264304 4.349286157512424,52.054520672467675,0.0242384184609809 4.349286257584007,52.054520633408266,0.0249041602123563 4.3492863575652905,52.054520594271246,0.025569682799411 4.349286457469826,52.05452055506029,0.0262343338791251 4.349286557294244,52.054520515798046,0.0268990797733135 4.349286657039394,52.05452047649082,0.027564811980952 4.34928675668082,52.05452043713381,0.028231009127149 4.349286856232103,52.05452039769525,0.0288967371211754 4.349286955706532,52.05452035815727,0.029560837213339 4.349287055104543,52.05452031852871,0.0302236911246855 4.3492871544189695,52.054520278831795,0.03088750124331 4.349287253604655,52.054520239114424,0.0315552802432292 4.349287352631581,52.05452019942128,0.03222833557671 4.34928745150773,52.05452015976282,0.0329054333851222 4.349287550262674,52.05452012010705,0.0335858627912123 4.34928764891653,52.05452008041171,0.0342708169881706 4.349287747476451,52.05452004066691,0.0349592611384534 4.349287846000242,52.05452000087004,0.0356474422383486 4.349287944469289,52.05451996104559,0.0363354684522768 4.3492880428484915,52.054519921221,0.0370261418949822 4.349288141149226,52.054519881414606,0.0377204109560214 4.349288239353188,52.054519841652606,0.0384179209488434 4.349288337467263,52.054519801931974,0.0391181132788539 4.34928843549088,52.05451976223345,0.0398197879847128 4.349288533424359,52.054519722529776,0.0405210773575943 4.349288631271216,52.05451968280119,0.0412207676441154 4.349288729007129,52.05451964304787,0.0419182221154 4.349288826650113,52.054519603254974,0.0426129277320393 4.349288924202446,52.05451956342478,0.0433047183271134 4.349289021629059,52.05451952357953,0.0439944716874022 4.349289118888296,52.054519483745345,0.0446830523508621 4.34928921594007,52.054519443953716,0.0453705865283065 4.349289312789456,52.05451940420594,0.0460573057372509 4.3492894094253245,52.05451936449874,0.0467427123314139 4.349289505842444,52.054519324824305,0.047426199020276 4.349289602063445,52.05451928515893,0.0481075702509288 4.349289698100749,52.05451924548878,0.0487864472851119 4.349289793990286,52.05451920581275,0.0494633606828564 4.349289889746731,52.05451916614809,0.0501392308663341 4.3492899853904206,52.054519126488216,0.0508149049999818 4.349290080947522,52.054519086814764,0.0514914021107677 4.349290176406422,52.05451904713401,0.0521689137037122 4.349290271786527,52.05451900743549,0.0528474171651599 4.349290367087414,52.054518967705455,0.053527284122837 4.3492904622994315,52.054518927932996,0.0542091238538723 4.349290557434722,52.054518888102,0.0548940511349648 4.349290652480284,52.05451884820978,0.0555835016049749 4.3492907474429465,52.054518808254876,0.0562785020815427 4.349290842324643,52.05451876823702,0.0569784362489323 4.349290937125974,52.05451872815213,0.0576814258525642 4.349291031851771,52.05451868800464,0.0583861548501005 4.3492911264934015,52.0545186478073,0.0590929181229543 4.349291221069379,52.05451860755903,0.059802256495734 4.349291315578905,52.05451856727138,0.060513197454541 4.349291410031443,52.054518526948534,0.0612251967384957 4.349291504441268,52.05451848658616,0.0619387820220588 4.34929159877709,52.05451844619732,0.0626541892081275 4.349291693036888,52.05451840578568,0.0633717551161862 4.349291787209471,52.05451836535786,0.0640914405926256 4.349291881271708,52.05451832491796,0.0648129280978712 4.349291975208025,52.0545182844666,0.0655360255544502 4.349292068985664,52.05451824400923,0.0662600488221597 4.349292162601864,52.05451820354145,0.0669848508643132 4.349292256042293,52.054518163077354,0.0677112116426302 4.349292349305919,52.05451812262769,0.0684387675477255 4.349292442404878,52.054518082192196,0.069166082366537 4.349292535316104,52.05451804178054,0.0698922500449226 4.3492926280651245,52.054518001377126,0.0706171383855853 4.349292720675788,52.05451796096993,0.0713412363077486 4.3492928131461,52.054517920559164,0.0720644749767643 4.349292905484704,52.05451788013512,0.0727849599431677 4.349292997734955,52.05451783968565,0.0735013752287082 4.349293089890147,52.05451779922716,0.0742144588298591 4.349293181937057,52.054517758764305,0.0749257358325121 4.349293273858697,52.05451771829984,0.0756370118642262 4.349293365652886,52.05451767782715,0.0763503407330642 4.349293457319721,52.05451763733892,0.0770655547611207 4.349293548834418,52.0545175968518,0.077781312235073 4.349293640211707,52.05451755635768,0.0784989164249083 4.349293731454513,52.054517515839194,0.0792201645875266 4.349293822574596,52.05451747529988,0.0799440896164814 4.349293913609925,52.05451743473348,0.080669271346514 4.34929400455689,52.05451739412829,0.0813960988505017 4.349294095419905,52.05451735349012,0.0821244562035835 4.349294186193418,52.05451731280984,0.082854264291305 4.349294276894189,52.054517272060956,0.0835861989666254 4.3492943675539335,52.054517231250166,0.0843193728436526 4.349294458132265,52.05451719039558,0.0850544291290255 4.349294548616156,52.05451714950684,0.0857917756385232 4.34929463900805,52.054517108603235,0.0865295846435745 4.349294729292824,52.05451706769186,0.0872680829773794 4.34929481946618,52.05451702677818,0.0880075620610087 4.349294909501522,52.05451698587143,0.0887477925863944 4.349294999390235,52.05451694496296,0.089489610421125 4.349295089130419,52.05451690404901,0.0902326785503847 4.349295178737016,52.05451686311608,0.0909769510599338 4.349295268230342,52.0545168221443,0.0917235469147618 4.349295357588061,52.05451678113435,0.0924725578865806 4.349295446819823,52.054516740087166,0.0932239965877405 4.349295535949109,52.05451669901094,0.0939780994910398 4.349295624996699,52.05451665790748,0.0947352124070175 4.349295713977332,52.05451661677724,0.0954953545451319 4.349295802865352,52.05451657563704,0.0962575772158889 4.349295891650104,52.0545165344905,0.0970206396087114 4.349295980306735,52.05451649334998,0.0977826594044074 4.3492960688124045,52.05451645223061,0.0985419037792344 4.3492961571641695,52.05451641113743,0.0992976346257453 4.349296245341084,52.054516370074346,0.1000507647721541 4.349296333343248,52.054516329022924,0.100803315248858 4.349296421148152,52.05451628797071,0.101555190004723 4.349296508743836,52.05451624690891,0.1023047516709996 4.349296596152912,52.0545162058354,0.1030513666259357 4.349296683396506,52.05451616475412,0.1037960980997929 4.349296770465515,52.05451612366324,0.1045398283660419 4.349296857369195,52.05451608254372,0.1052824561277804 4.3492969441199625,52.05451604138868,0.1060244952357858 4.349297030765321,52.054516000184954,0.1067675694139001 4.349297117356304,52.05451595892788,0.107512421083249 4.349297203877,52.054515917652594,0.1082588253921193 4.349297290334853,52.054515876358856,0.1090088610735749 4.349297376739556,52.05451583502097,0.1097631087409974 4.349297463084926,52.0545157936402,0.1105176887906485 4.349297549380266,52.05451575223799,0.1112720696180125 4.349297635612615,52.05451571082204,0.1120301876821717 4.349297721777543,52.0545156693653,0.1127936818161487 4.349297807860499,52.054515627861925,0.1135599359851547 4.34929789385759,52.05451558631289,0.1143264805367322 4.349297979776516,52.054515544715116,0.1150936926228001 4.349298065588461,52.054515503092794,0.1158620077651653 4.349298151293704,52.054515461449476,0.1166320166095181 4.34929823688749,52.05451541978836,0.1174039336895246 4.3492983223556365,52.05451537812352,0.1181761002497872 4.349298407700668,52.05451533645334,0.1189481744644966 4.349298492905576,52.0545152947796,0.119720529612781 4.34929857796359,52.054515253102196,0.1204916485677232 4.349298662856351,52.05451521142982,0.1212605893950548 4.3492987475900335,52.05451516975705,0.1220282358718748 4.349298832230001,52.05451512804785,0.1227978039876892 4.349298916759799,52.05451508630833,0.123569132321166 4.349299001158494,52.05451504455733,0.1243360146235132 4.349299085497181,52.054515002780974,0.125100607657579 4.349299169748798,52.05451496099905,0.12586882354288 4.349299253830277,52.05451491924077,0.1266364562034285 4.3492993377750775,52.05451487747406,0.1274024482095824 4.349299421542436,52.05451483568898,0.1281721004447395 4.349299505107737,52.054514793880344,0.128944648810953 4.349299588525439,52.05451475204651,0.1297171678341585 4.349299671804639,52.05451471020009,0.1304909565316673 4.349299754925393,52.05451466834705,0.1312643011930642 4.349299837892177,52.054514626498076,0.1320348468420717 4.349299920743617,52.05451458465346,0.1328061876192525 4.349300003493436,52.05451454281746,0.1335795051035506 4.349300086140244,52.05451450097772,0.1343532144718356 4.349300168690591,52.05451445910609,0.1351291917062425 4.349300251116539,52.0545144172096,0.1359074752155283 4.349300333372699,52.054514375271516,0.1366857759638828 4.349300415466851,52.054514333248584,0.1374677806643117 4.349300497427785,52.054514291129564,0.1382562513313792 4.349300579255839,52.05451424892622,0.1390428888065362 4.349300661008058,52.05451420667252,0.1398207040781304 4.349300742738978,52.05451416440011,0.1405945760608496 4.349300824385737,52.05451412211772,0.1413755390479224 4.34930090586958,52.05451407983783,0.1421635759314822 4.349300987195979,52.0545140375779,0.1429461016952168 4.349301068368889,52.054513995303886,0.143725436473377 4.349301149407947,52.054513952992714,0.144512332834435 4.349301230351605,52.054513910706326,0.1453016656060544 4.3493013112164896,52.054513868416194,0.14609010182978 4.349301391942618,52.05451382608552,0.146876749575763 4.349301472475093,52.05451378375123,0.1476577165811037 4.349301552850457,52.054513741403504,0.1484414952824214 4.349301633099627,52.05451369903756,0.149227008563395 4.349301713193535,52.05451365667514,0.1500033149503721 4.349301793145474,52.054513614303566,0.1507763618140927 4.349301872963726,52.05451357192291,0.1515532732371284 4.349301952632737,52.054513529545325,0.1523322541948034 4.349302032208233,52.054513487173786,0.153109518510797 4.349302111722771,52.05451344482151,0.1538843211981549 4.349302191140541,52.05451340248496,0.1546600527001786 4.349302270438957,52.05451336014485,0.1554363388263515 4.349302349618725,52.054513317799476,0.1562129143641853 4.349302428695533,52.05451327544819,0.1569933343923726 4.349302507634654,52.05451323307216,0.157776495905159 4.349302586453089,52.054513190633735,0.1585588989995709 4.349302665208162,52.054513148137296,0.1593434063005089 4.349302743867301,52.054513105639266,0.160132866587438 4.3493028224829136,52.054513063180906,0.16092174030174 4.349302901131346,52.0545130207872,0.1617023636552992 4.349302979787689,52.05451297845241,0.1624779459522492 4.349303058410623,52.05451293617438,0.1632594901384672 4.349303137013041,52.0545128939592,0.1640483200299094 4.349303215633624,52.05451285180673,0.1648394086243345 4.349303294339367,52.05451280972531,0.1656317986478729 4.349303373153101,52.054512767762056,0.1664244292256256 4.349303452107005,52.054512725945784,0.1672174936669788 4.349303531299365,52.0545126843043,0.1680103804516269 4.349303610812169,52.0545126429038,0.1687998574611012 4.349303690707885,52.054512601794826,0.1695864914059396 4.349303771037376,52.054512561037626,0.1703717576584001 4.349303851850801,52.05451252068202,0.1711578825943291 4.349303933190224,52.05451248075481,0.1719494588647035 4.349304015090684,52.054512441305754,0.1727452678629165 4.349304097641246,52.05451240236342,0.1735406771890203 4.349304180935557,52.054512363953386,0.1743356775244717 4.349304265056344,52.05451232611761,0.1751335386629652 4.349304350028203,52.054512288900796,0.1759341750993053 4.349304435846279,52.05451225232095,0.1767346960101975 4.349304522488852,52.05451221637468,0.1775374227174734 4.349304609949469,52.05451218104378,0.1783466574114628 4.3493046982074555,52.05451214631724,0.1791593996149278 4.349304787252132,52.05451211217153,0.1799722315359666 4.349304877062199,52.05451207858137,0.1807869223896562 4.349304967580549,52.05451204552907,0.1816030882141337 4.34930505878289,52.05451201297235,0.1824167808426213 4.349305150663897,52.05451198088474,0.1832269757663808 4.349305243239746,52.05451194928606,0.1840369935017554 4.349305336535982,52.054511918207744,0.1848493220535462 4.3493054305762735,52.054511887682764,0.1856641980792036 4.349305525477569,52.054511857747435,0.1864799171709611 4.349305621345111,52.0545118284571,0.187294528534553 4.349305718216118,52.054511799863334,0.1881096207975706 4.34930581615865,52.05451177201364,0.1889259103248966 4.349305915245552,52.054511744980054,0.1897423161207814 4.349306015539402,52.0545117188229,0.1905601153214511 4.349306117081462,52.05451169358519,0.191380204612106 4.349306219919715,52.054511669287116,0.1922016906016985 4.349306324098483,52.05451164593681,0.1930254102229046 4.349306429655339,52.05451162354828,0.1938535222747929 4.3493065365637245,52.0545116021346,0.1946852558464193 4.349306644826584,52.05451158167873,0.1955183993041768 4.349306754441242,52.0545115621656,0.1963517296371894 4.3493068653895595,52.05451154359863,0.1971842130168049 4.349306977647469,52.05451152596552,0.198014280443287 4.3493070911569,52.05451150923706,0.1988425047655445 4.349307205923297,52.05451149341062,0.1996707234714467 4.349307321946061,52.054511478500416,0.200496655387063 4.349307439200618,52.05451146449048,0.2013177260129245 4.349307557662592,52.05451145136928,0.202136572531266 4.349307677272397,52.054511439141315,0.202955933873253 4.349307798033699,52.05451142778948,0.2037751481961829 4.3493079199553595,52.05451141729708,0.2045925305408341 4.349308043041103,52.054511407671576,0.2054075132162457 4.3493081672891085,52.05451139892956,0.2062204968858713 4.349308292704683,52.0545113910653,0.2070327891910482 4.349308419266998,52.05451138406013,0.2078455836341292 4.349308546983585,52.05451137788819,0.2086601867593405 4.349308675819882,52.05451137252126,0.2094780115474697 4.349308805746055,52.05451136794672,0.2102974369886437 4.349308936782301,52.05451136415865,0.2111143928202525 4.34930906891673,52.054511361144385,0.2119303765755487 4.3493092021533934,52.05451135888809,0.2127518210663439 4.349309336474433,52.05451135736758,0.2135783535180456 4.3493094718553955,52.05451135654787,0.2144061752877961 4.349309608295344,52.05451135641054,0.2152380732591937 4.3493097457546,52.05451135696183,0.2160779383134811 4.34930988421884,52.05451135819143,0.2169250049258453 4.3493100236701245,52.05451136009561,0.2177747653913629 4.34931016412249,52.054511362702286,0.2186236025094924 4.349310305602248,52.05451136602293,0.2194731245370273 4.349310448101467,52.054511370033275,0.220325401206599 4.349310591547488,52.054511374709826,0.2211759061665898 4.349310735942499,52.054511380065534,0.2220210373070038 4.349310881283467,52.05451138611178,0.2228663090784871 4.349311027561624,52.05451139282003,0.2237188541578186 4.349311174783114,52.05451140017627,0.2245776718801026 4.349311322917427,52.054511408198216,0.2254361283443275 4.349311471944785,52.0545114168835,0.2262919454853691 4.349311621800928,52.05451142621755,0.2271477952791803 4.349311772489156,52.054511436215584,0.2280039553121773 4.349311924036923,52.05451144691309,0.228856185988545 4.349312076375729,52.05451145833,0.2296986741129257 4.3493122295575155,52.0545114704631,0.2305317997097389 4.349312383648345,52.05451148331941,0.2313646766751295 4.349312538636917,52.054511496929415,0.2322060787531789 4.349312694531841,52.0545115112964,0.2330568177411066 4.349312851398883,52.05451152638596,0.2339122334325576 4.349313009210154,52.05451154215633,0.2347657322437231 4.3493131679388775,52.05451155859001,0.2356148209886188 4.349313327564689,52.05451157567797,0.2364648476422904 4.349313488093948,52.054511593406076,0.2373198214619532 4.349313649538959,52.05451161175092,0.2381774859508401 4.349313811871166,52.05451163070196,0.2390344651029285 4.349313975127923,52.054511650293435,0.239889686190602 4.349314139303753,52.05451167054165,0.2407432856102278 4.349314304392006,52.05451169143665,0.2415930516529179 4.34931447039486,52.0545117129872,0.242438583293548 4.349314637317092,52.05451173521678,0.2432858986821702 4.349314805165249,52.05451175815696,0.2441401217539137 4.349314973962819,52.0545117818186,0.2450008455181699 4.349315143612757,52.0545118061308,0.2458642290613044 4.349315314058907,52.0545118310663,0.2467275032157721 4.349315485351192,52.05451185669607,0.2475909342591724 4.349315657491754,52.05451188302674,0.2484570512485713 4.349315830494587,52.05451190999375,0.2493231180343824 4.34931600435098,52.05451193758519,0.250176560839154 4.349316179090395,52.05451196584378,0.2510141649973298 4.349316354771955,52.0545119947801,0.2518493748526482 4.349316531427748,52.05451202439553,0.2526910546997262 4.349316708981953,52.05451205472707,0.2535322705974712 4.349316887477521,52.054512085834645,0.2543652890920782 4.3493170669531915,52.05451211768725,0.2551968383985772 4.3493172473006965,52.054512150177,0.2560383736872673 4.3493174283914815,52.054512183255234,0.2568867884621927 4.3493176102684235,52.05451221700607,0.2577361980847421 4.349317793249702,52.05451225158654,0.2585944121138212 4.349317977318278,52.05451228693599,0.2594554815201831 4.3493181620502135,52.05451232280063,0.2602884322116636 4.349318347529389,52.05451235933775,0.2610914342061534 4.349318534198889,52.054512396894026,0.2619078317920057 4.34931872194419,52.05451243513992,0.2627722313903096 4.349318910514196,52.05451247377733,0.2636613614918666 4.349319099947572,52.05451251324023,0.2645148757311249 4.349319290689669,52.05451255377114,0.2653502387679191 4.349319483169591,52.05451259510959,0.2662434956855704 4.349319676961607,52.05451263723189,0.2671857936569788 4.349319871244016,52.054512680090575,0.2681004569984073 4.3493200655019795,52.05451272313366,0.2689550681969829 4.349320259425301,52.05451276603594,0.2697599532250602 4.349320452919821,52.05451280887926,0.2705142276662219 4.349320646247029,52.054512851623784,0.271255143538654 4.349320839429012,52.0545128943685,0.2720454758438183 4.3493210326505,52.054512937680386,0.2728760399483796 4.349321226503454,52.05451298181993,0.2737129130720865 4.349321421319148,52.05451302651646,0.2745659074020755 4.349321616685202,52.05451307166853,0.2754304097448432 4.349321812159253,52.054513117297496,0.2762705262473618 4.349322008172395,52.05451316329334,0.2770705421528935 4.349322205195868,52.05451320957447,0.2778460948785233 4.349322403114108,52.05451325616858,0.2786371029173443 4.349322601605528,52.05451330320048,0.2794689824095128 4.349322800596114,52.054513350793854,0.2803138580994582 4.349323000234104,52.054513398887266,0.2811372632393257 4.349323200802797,52.05451344746556,0.2819510308007635 4.34932340227974,52.054513496726564,0.2827785086151645 4.349323604389966,52.05451354673572,0.2836128201371518 4.349323807124058,52.054513597313246,0.2844385119924716 4.349324010629482,52.054513648376094,0.2852540511768283 4.349324214965576,52.05451369992603,0.2860641344346056 4.349324420012855,52.05451375189296,0.286872484447728 4.349324625648749,52.05451380432643,0.287684203086187 4.3493248319345374,52.05451385733015,0.2885084415694039 4.349325039123773,52.05451391093832,0.2893482008965423 4.349325247301962,52.05451396519321,0.2901903533595532 4.349325456417135,52.05451402014907,0.2910136110028293 4.349325666326662,52.05451407574777,0.291807010268599 4.349325876957698,52.054514131936756,0.2925887934690441 4.349326088359033,52.054514188763875,0.2933859356370866 4.349326300588281,52.0545142462117,0.2942002025329193 4.349326513715402,52.054514304264515,0.2950150582711208 4.349326727564441,52.054514362986374,0.2958241706344529 4.3493269417560105,52.054514422278615,0.2966625359760838 4.349327156147635,52.054514481927555,0.2975651569569998 4.349327371133757,52.05451454200787,0.2984841407740874 4.349327587067853,52.05451460270815,0.2993425136657675 4.349327804122986,52.05451466417654,0.3001317025393783 4.349328022332654,52.05451472656085,0.3008913009477857 4.3493282415964085,52.054514789776746,0.301671176036303 4.349328461786209,52.054514853615615,0.3024948331004176 4.349328682819909,52.054514918023386,0.3033365334613129 4.349328904544795,52.05451498291518,0.3041660403150222 4.349329127023673,52.054515048286845,0.3049703113091303 4.349329350401519,52.05451511422789,0.3057553485128404 4.3493295747855365,52.054515180768796,0.3065457702741304 4.349329800275431,52.05451524804742,0.3073451557034133 4.34933002675655,52.0545153161885,0.3081332046231831 4.349330254171698,52.0545153850229,0.30890288676933 4.349330482535844,52.05451545437967,0.3096682502636735 4.349330711713396,52.05451552436651,0.3104549348961547 4.349330941562592,52.05451559497831,0.3112740649127626 4.349331172075816,52.05451566599708,0.3120910892323568 4.349331403086493,52.05451573726767,0.3128602337792215 4.349331634413565,52.05451580878859,0.3135842850729482 4.3493318657531335,52.05451588043479,0.3142929120836708 4.349332096837596,52.05451595196683,0.3149946756047171 4.349332327697096,52.05451602338208,0.31567459405035 4.349332558518291,52.054516094849255,0.3163247779424175 4.349332789238087,52.05451616630459,0.3169903504971265 4.349333019518111,52.05451623759491,0.3177284704207871 4.349333249232796,52.05451630868228,0.3185132178441772 4.349333479008774,52.05451637967097,0.3192730072045913 4.349333709431915,52.054516450828075,0.3199746055497861 4.349333940458682,52.054516522300176,0.3206293956367965 4.349334171870002,52.05451659399533,0.321270180422313 4.349334403325463,52.05451666578336,0.321913159032729 4.349334634682008,52.05451673747873,0.3225584964466825 4.349334866061615,52.05451680892429,0.3232072472407998 4.349335097602003,52.0545168802407,0.3238518389830717 4.349335329379305,52.05451695154553,0.3245142148641775 4.3493355614143105,52.054517022887254,0.3252344549322938 4.3493357935739425,52.054517094289864,0.3259845123029542 4.349336025963737,52.054517165657494,0.3266945957005694 4.3493362587310695,52.05451723690871,0.3273409870506485 4.349336491856856,52.05451730811796,0.3279482343050539 4.349336725269714,52.054517379447866,0.3285450449179911 4.349336958920782,52.05451745096792,0.329149469635591 4.349337192670753,52.05451752248752,0.3297716482915246 4.34933742642907,52.054517593898744,0.3304056485398152 4.349337660169134,52.05451766527315,0.3310383988033163 4.3493378940178475,52.05451773667493,0.3316589228041854 4.349338128296184,52.05451780829206,0.3322472036599322 4.349338363067206,52.054517880231785,0.3327943438237641 4.349338598276643,52.05451795236168,0.3333117764571522 4.34933883380781,52.054518024561055,0.3338033444675641 4.349339069493989,52.05451809673959,0.3342800240911827 4.349339305393744,52.054518168782124,0.3347666407010842 4.3493395418083685,52.05451824083948,0.3352607396489186 4.349339778764867,52.05451831309689,0.3357428289079412 4.349340016238936,52.05451838552013,0.3362035269860988 4.349340254292073,52.0545184580884,0.3366306420373712 4.349340492862432,52.05451853081581,0.337024340298642 4.349340731766909,52.05451860359925,0.3374029776749029 4.34934097114696,52.054518676434604,0.3377785883000445 4.349341211168229,52.05451874940544,0.3381599688240701 4.349341451840622,52.054518822529936,0.338550247659472 4.349341693089656,52.054518895694585,0.338936412553546 4.349341934966088,52.05451896882265,0.3393051333223171 4.349342177537903,52.0545190419603,0.3396532537744585 4.349342420909274,52.05451911516836,0.3399799041688498 4.349342665137962,52.05451918842223,0.3402736933128173 4.349342910250395,52.054519261678436,0.3405268807832138 4.349343156222327,52.054519334887964,0.3407648449211725 4.349343402941861,52.05451940804808,0.3410241294188701 4.3493436502934495,52.05451948123341,0.3413196307117716 4.349343898090412,52.05451955443825,0.3416442762220311 4.349344146389548,52.054519627684826,0.3419751902037504 4.349344395369044,52.05451970111514,0.3423151293736353 4.349344645017667,52.05451977491159,0.3426753048950411 4.349344894994348,52.05451984901024,0.3430005034852998 4.349345145076911,52.054519922984895,0.343234037763372 4.34934539555984,52.05451999659969,0.3433805329184618 4.349345646927406,52.05452007012188,0.3434671601130451 4.349345899232173,52.054520143802,0.3435365590710139 4.34934615255604,52.05452021769984,0.3436134725521249 4.349346407029196,52.054520291736196,0.3436863476734287 4.349346662605744,52.0545203657716,0.3437564936033124 4.349346919268563,52.05452043975039,0.3438269312269689 4.349347177175954,52.054520513755485,0.3438769564966558 4.349347436430308,52.0545205878593,0.3439024147356552 4.34934769707642,52.05452066204114,0.3439235330073564 4.349347958992585,52.05452073624057,0.3439430643403438 4.349348222085847,52.054520810451464,0.3439507761815427 4.349348486221765,52.05452088469292,0.3439495738825532 4.34934875131498,52.054520959006574,0.3439362995436186 4.349349017348912,52.054521033310834,0.3438890581157015 4.349349284369093,52.054521107490956,0.3437885340558086 4.349349552492147,52.05452118159692,0.3436371738159827 4.349349821850821,52.05452125576368,0.3434609708284071 4.349350092327577,52.05452132997094,0.3432738998240575 4.34935036407279,52.05452140416,0.3430623899972921 4.349350637723061,52.054521478607384,0.34283928921681 4.3493509134236925,52.054521553828984,0.3426381375839561 4.349351190477719,52.054521629778456,0.3424477974141999 4.349351468546597,52.054521705882394,0.3422116747941595 4.349351747353189,52.05452178169687,0.3418808551943124 4.349352026780151,52.05452185700341,0.3414729587714804 4.349352307298416,52.05452193190756,0.3410381106781723 4.34935258922406,52.054522006842575,0.3405920061290652 4.349352872472886,52.05452208192413,0.3401300439837426 4.349353157313621,52.05452215698149,0.3396337011374771 4.349353443935414,52.054522232013696,0.3390876290836154 4.349353732158638,52.054522307098104,0.3385135302029968 4.349354021926129,52.05452238219455,0.3379381646670473 4.349354313410276,52.054522457323124,0.3373605330905015 4.349354606574374,52.05452253248934,0.3367674402846375 4.349354901337695,52.05452260755955,0.3361396745185419 4.349355197616537,52.054522682418224,0.3354556655591323 4.349355495471852,52.054522757087774,0.334715286632009 4.349355795106227,52.0545228316106,0.3339406821182379 4.349356096715316,52.054522906075924,0.3331579914661687 4.349356400225823,52.05452298055002,0.3323859124471233 4.349356705560137,52.05452305496451,0.3316178017943779 4.349357012612497,52.05452312918299,0.3308166179194514 4.349357321283466,52.05452320317704,0.3299393749702777 4.349357631484693,52.05452327699256,0.3289682481103386 4.349357943237639,52.05452335073208,0.3279229431555198 4.349358256447202,52.054523424473906,0.3268505648298247 4.349358570874404,52.054523498169566,0.3257771615325088 4.349358886422029,52.05452357165268,0.3246751632271386 4.3493592034741555,52.05452364488131,0.3235072460096601 4.349359522431365,52.05452371797153,0.322268098845123 4.349359843434048,52.05452379097638,0.3209753822716533 4.349360166363118,52.05452386376883,0.3196560010153145 4.3493604913123125,52.0545239361988,0.3183283703037103 4.349360818462705,52.05452400824605,0.3169871972242487 4.349361147863098,52.05452408001922,0.3156197740037856 4.349361479545994,52.05452415150236,0.314225114739102 4.349361813534505,52.054524222616884,0.3127942590397903 4.349362149516522,52.05452429331497,0.3113071183792794 4.34936248748163,52.054524363467856,0.3097643338076311 4.349362827698997,52.05452443293182,0.308187981640148 4.34936317024003,52.0545245017476,0.3065965951284115 4.349363515005549,52.05452457017136,0.3049963624563909 4.349363862235481,52.05452463832312,0.3033618608567972 4.3493642121097,52.054524705992485,0.3016600859768079 4.349364564067389,52.05452477301107,0.2999079078829321 4.349364917775934,52.05452483936212,0.2981253138298858 4.349365273355419,52.05452490506265,0.2962967168390089 4.349365631121078,52.054524970184374,0.294413813307349 4.349365991203148,52.05452503482604,0.2924724331572005 4.349366353491052,52.05452509900246,0.2904511554228122 4.349366718041383,52.05452516257282,0.2883404895911616 4.349367085263302,52.054525225404376,0.2861709860245786 4.349367455143262,52.05452528741791,0.2839919331012285 4.349367827341144,52.05452534869787,0.2818159985610303 4.349368201855562,52.054525409168114,0.2796180794690793 4.349368578941346,52.05452546854269,0.2773816493188651 4.349368958438566,52.054525526873746,0.2750948130845512 4.3493693402436655,52.054525584344574,0.2727347980985065 4.349369724432673,52.054525640920104,0.2703116147888421 4.34937011110046,52.05452569671103,0.2678534753344866 4.349370500134857,52.05452575193018,0.2653524053559987 4.349370891490404,52.054525806581886,0.2627942296554982 4.349371284999238,52.05452586053913,0.2601816726075067 4.349371680573684,52.05452591377604,0.2575030371606466 4.349372078260964,52.05452596619088,0.2547445691907459 4.349372478418474,52.054526017567916,0.2519148622552807 4.349372881312404,52.05452606773527,0.2490368327144504 4.349373287046433,52.05452611653327,0.2461367261365004 4.349373695689029,52.054526164065585,0.2432383483337477 4.349374106905329,52.05452621086974,0.2403497282343719 4.3493745207189916,52.05452625671486,0.2374561903295778 4.349374937509868,52.054526300656676,0.2345243993509933 4.349375357172759,52.05452634271568,0.2315349017370327 4.349375779220901,52.05452638328028,0.2285133454104059 4.3493762036684025,52.05452642234177,0.2254649860633616 4.349376630537429,52.054526460054575,0.2223545737445521 4.349377059605935,52.05452649667267,0.219168010473977 4.349377490692378,52.05452653214655,0.2159089386748548 4.349377923936062,52.054526566296204,0.2125905598407223 4.349378359603745,52.05452659906741,0.2092427347697271 4.349378798067376,52.054526630374575,0.2058847729629454 4.34937923933236,52.054526660009614,0.202520040431882 4.349379683222864,52.05452668781711,0.1991542381046974 4.349380129675711,52.05452671382218,0.1958082110489955 4.349380578869624,52.054526738232894,0.1924833350293855 4.349381030816606,52.0545267610217,0.1891304153673913 4.349381485178425,52.05452678196807,0.1856971407128364 4.34938194169358,52.05452680109476,0.1821889557274647 4.349382400283774,52.05452681851568,0.1786375061618914 4.349382861231704,52.05452683430882,0.1750575263271712 4.349383324724375,52.054526848476556,0.1714797148655836 4.34938379067567,52.05452686096166,0.167911456844133 4.349384258617452,52.05452687168165,0.1643134718662328 4.349384728359746,52.05452688030134,0.160690846104103 4.349385200329057,52.05452688655514,0.1570498866461505 4.349385674487372,52.05452689067604,0.1533752318431529 4.349386150431643,52.05452689267319,0.1497205663276043 4.349386628668354,52.054526892226,0.1460883663107467 4.349387109159703,52.05452688945482,0.1424241321519396 4.3493875915744,52.05452688453265,0.1387550938109541 4.349388076405353,52.054526877467964,0.1351021460260172 4.349388563193839,52.05452686861859,0.1314489521288067 4.349389051237137,52.05452685813165,0.1277754728460728 4.349389540835357,52.0545268457426,0.1240445650132555 4.3493900320020975,52.05452683151652,0.1202375712188408 4.349390524300819,52.0545268156191,0.11635783605646 4.349391018195207,52.0545267976533,0.1124574301341232 4.349391513815569,52.054526777227025,0.1086489916032193 4.349392010846435,52.05452675437448,0.1049631479398383 4.349392509680558,52.05452672894528,0.1012845074863465 4.3493930105136664,52.05452670103858,0.0975905186447479 4.349393513101903,52.054526670859765,0.0939547568898711 4.349394017758864,52.05452663812032,0.0902943024392776 4.349394524002351,52.05452660277691,0.0865993484116771 4.349395031410788,52.05452656493503,0.0829752753772741 4.349395539996361,52.0545265247158,0.0793588557874924 4.349396049277808,52.05452648215554,0.0757135379230686 4.349396559409061,52.05452643720562,0.0720668060597503 4.349397070710478,52.05452638991625,0.0683953646572403 4.3493975826673275,52.05452634002661,0.0647977582804327 4.3493980952232185,52.05452628744035,0.0613376026324252 4.349398608869853,52.054526232304234,0.0579099058672726 4.3493991235651075,52.05452617449007,0.0544814153975326 4.349399639258327,52.05452611389247,0.0510946653590142 4.349400155925875,52.054526050822496,0.0477283705578551 4.349400673340647,52.054525985599916,0.0443578771269904 4.3494011913094655,52.05452591804174,0.0410426750542616 4.349401709722172,52.05452584795234,0.0378505262146465 4.349402228522743,52.054525775622686,0.0347485253238767 4.349402747874375,52.054525701264275,0.0316347139188172 4.349403268386083,52.054525624569884,0.0284637145868516 4.349403789672507,52.05452554537484,0.0253367692402186 4.3494043111241405,52.05452546388801,0.0223153128471678 4.349404833074928,52.05452538025303,0.0192844509157675 4.349405355785996,52.054525294327156,0.0162387997866383 4.349405878967405,52.054525206071986,0.0132935775539683 4.349406402732763,52.05452511584524,0.0103892588698683 4.34940692711078,52.05452502393452,0.007439178764506 4.349407451875733,52.054524930165364,0.0045151348814095 4.3494079768353,52.05452483431262,0.0016824686497876 4.349408501524869,52.054524736391116,-0.0010936731570329 4.349409025804035,52.05452463633679,-0.0038463135797252 4.349409549601952,52.05452453389514,-0.0065350804064012 4.349410073078879,52.05452442875105,-0.0091138669486762 4.34941059680751,52.05452432085611,-0.011596206160815 4.349411120882955,52.05452421085124,-0.0140416004684141 4.349411644132154,52.05452409995728,-0.0163807703787748 4.349412165366086,52.054523987942225,-0.0184115630071213 4.349412685901703,52.0545238734696,-0.020350471723958 4.349413207431383,52.05452375716965,-0.0226705705547133 4.349413730187298,52.054523639704726,-0.0253248409518891 4.349414254763981,52.05452352043543,-0.0280357815642062 4.349414780608916,52.054523400222536,-0.0306758468862752 4.349415304962418,52.054523280642734,-0.0330929532650903 4.349415826801154,52.05452316113172,-0.0352731904544722 4.349416346857229,52.05452304038667,-0.0373782848861579 4.349416865157581,52.054522918144166,-0.0394835082443219 4.3494173825574265,52.054522794097615,-0.0416292693662795 4.349417900127492,52.05452266754298,-0.0438106578097839 4.349418418018541,52.05452253902228,-0.0457950580253272 4.349418934869211,52.05452241112884,-0.0473611474222689 4.349419448890871,52.054522283826316,-0.0487105132269499 4.349419961414982,52.05452215412238,-0.0502964431333226 4.349420474675562,52.05452202187635,-0.0522153738230731 4.349420987560028,52.054521888481204,-0.0541790052063187 4.349421499983334,52.054521753640145,-0.0560519308973511 4.349422012669048,52.05452161736335,-0.0578410791586431 4.3494225242418745,52.05452148067515,-0.0594196082243394 4.349423034962196,52.054521343796914,-0.0608096338310348 4.349423545356892,52.054521206105996,-0.0621762484840835 4.349424054720765,52.05452106714345,-0.0635086773530262 4.349424564004201,52.054520926655805,-0.0648604901029152 4.3494250739212434,52.054520784729895,-0.0663071083913411 4.3494255831574575,52.054520641928924,-0.067651001265136 4.3494260906988575,52.05452049876143,-0.0687752903324042 4.349426595938684,52.05452035511755,-0.0697574675340676 4.349427098577742,52.05452021042779,-0.0706433881031001 4.349427600061904,52.054520064293165,-0.0715646994772121 4.349428101163685,52.054519916977405,-0.072590740365968 4.349428601490123,52.05451976887818,-0.073588253668517 4.34942910137538,52.05451962011634,-0.0745097329100447 4.349429600456883,52.05451947088754,-0.0753553501239266 4.349430098279986,52.054519321206534,-0.076107406354629 4.349430595241869,52.054519170858,-0.0768298139562844 4.349431091720515,52.05451901959664,-0.0774612990878257 4.349431589091659,52.05451886724728,-0.0778990857040972 4.349432089029089,52.05451871497478,-0.0782820380977833 4.349432589946556,52.05451856451561,-0.0787173830148157 4.349433089403029,52.054518415379825,-0.0791657886379412 4.349433587504509,52.05451826571777,-0.0796724967679457 4.349434084288529,52.05451811419636,-0.0801915130188263 4.349434580653517,52.05451796048553,-0.0806406055342308 4.349435078499703,52.05451780561615,-0.081122596148665 4.3494355780904455,52.05451765126404,-0.0816202899929167 4.349436078891467,52.05451749857222,-0.0820328570089008 4.349436579618248,52.05451734751065,-0.0824442326519833 4.349437079559585,52.05451719572605,-0.0828270326749204 4.3494375803716,52.054517041258535,-0.0830514398068917 4.349438082826486,52.05451688601599,-0.0831967373861589 4.349438585349441,52.05451673238356,-0.083307731857853 4.3494390869528825,52.05451658105417,-0.0833695365792747 4.349439587293923,52.05451643135537,-0.0834944899347925 4.349440086118972,52.05451628089705,-0.0836840759208183 4.3494405847057,52.0545161280414,-0.0838831314000148 4.349441084347775,52.054515973493814,-0.0841378338023544 4.349441584233977,52.0545158187325,-0.0843701302582971 4.349442083348403,52.054515664910426,-0.0844912203494689 4.349442582315886,52.05451551202722,-0.0845838751047949 4.349443081615645,52.05451535944091,-0.0846932380426112 4.349443580945576,52.05451520687348,-0.0848073645012751 4.349444080393635,52.05451505391554,-0.0849118416827996 4.349444580066683,52.05451490049757,-0.0849477654699972 4.349445080104054,52.05451474736985,-0.0849128236732911 4.3494455801363445,52.05451459508,-0.0848321153582523 4.349446079799009,52.054514443271316,-0.0847099918202119 4.349446579377537,52.05451429147285,-0.084615120506688 4.349447078608951,52.054514139506466,-0.0845694312689503 4.349447577646651,52.05451398738647,-0.0845287427971481 4.349448076982281,52.05451383537361,-0.0844962513832487 4.349448576616559,52.05451368349979,-0.0844494876748829 4.3494490764021245,52.05451353178169,-0.0843569777588935 4.349449576107006,52.054513380217124,-0.0842304833715448 4.349450076138207,52.05451322852583,-0.0840835318055642 4.349450577559675,52.05451307656684,-0.0839382770133406 4.349451080535374,52.05451292447592,-0.0837853277644679 4.349451585157033,52.054512772270606,-0.0835977661737732 4.349452091501135,52.05451261988432,-0.0833802553509148 4.349452598973773,52.05451246719999,-0.0831162706413732 4.3494531072511515,52.054512314020926,-0.0827903739393445 4.349453616803062,52.05451216015049,-0.0824086065792829 4.349454128291468,52.05451200541568,-0.0819625101182628 4.3494546419348,52.05451184981332,-0.0814543356823091 4.349455157520389,52.05451169336736,-0.0808873463736618 4.349455674841965,52.05451153604722,-0.0802695900136842 4.349456194222618,52.054511377914174,-0.0796257067824976 4.349456715852594,52.054511219105734,-0.0789584683515787 4.349457239738728,52.054511059647595,-0.0782565685439206 4.349457766113622,52.05451089949577,-0.0775228179369588 4.349458295126592,52.054510738725234,-0.0767627648585935 4.349458826937315,52.054510577481516,-0.0759598664247874 4.349459361535748,52.05451041587815,-0.0751123270037112 4.349459898998817,52.05451025373915,-0.0742603354243533 4.349460439545422,52.05451009080797,-0.0734236220107544 4.349460983376891,52.05450992710901,-0.0725724418986673 4.349461530648422,52.05450976275469,-0.0716541904812859 4.349462081630758,52.0545095976527,-0.070663751601803 4.349462636271647,52.054509431819746,-0.0696546969636548 4.349463194573775,52.054509265249514,-0.0686306944720364 4.349463756671834,52.05450909773483,-0.0675533140961597 4.349464322845537,52.054508929016635,-0.0664045916580045 4.349464893282505,52.05450875909185,-0.0651987503524064 4.349465467873967,52.05450858814278,-0.0639588263409143 4.349466046553699,52.05450841619419,-0.0626740921390517 4.349466629329393,52.0545082432114,-0.061341189598102 4.34946721617664,52.0545080692084,-0.059974273360411 4.349467807020086,52.054507894284164,-0.058569824907605 4.349468402401177,52.05450771833517,-0.057132644213982 4.349469003025635,52.05450754116812,-0.0556911532330143 4.349469609048093,52.05450736277628,-0.0542427836276317 4.3494702204387075,52.05450718320953,-0.0527500227708149 4.349470837387528,52.05450700252239,-0.0512225603722328 4.34947146035662,52.05450682053907,-0.0496810759269945 4.349472089533681,52.054506637058076,-0.0480896420938497 4.349472725282795,52.054506452117494,-0.0464254026127844 4.349473368058539,52.05450626579976,-0.0447142575976744 4.34947401818381,52.054506078028936,-0.0429900396179472 4.349474675681135,52.05450588867573,-0.0412587302072824 4.349475340781582,52.054505697508056,-0.0395013261931049 4.349476014151108,52.05450550441989,-0.0377377531603143 4.349476696347688,52.054505309477484,-0.0359951825508061 4.349477387403316,52.054505112604566,-0.0342297831108617 4.349478087579473,52.054504913602045,-0.032397949449683 4.349478797236488,52.05450471245606,-0.030512897425544 4.349479516649357,52.05450450908852,-0.0285792790483959 4.349480246001338,52.0545043034036,-0.0265750868758055 4.349480985405413,52.05450409548034,-0.0245109880277208 4.349481735401169,52.05450388510017,-0.0224136137937699 4.3494824964119765,52.05450367197242,-0.0202664577877773 4.349483269129352,52.0545034561462,-0.0180531938180372 4.349484054287329,52.05450323760269,-0.0157789861258819 4.349484852394453,52.054503016051164,-0.0134286287167926 4.349485663825735,52.05450279158952,-0.0109819846797971 4.349486488639084,52.05450256450642,-0.0084385432917042 4.349487326406318,52.05450233474197,-0.0058317654400089 4.349488177081564,52.054502102011625,-0.0031951192212084 4.349489040916102,52.05450186634046,-0.0005361809318267 4.3494899180373725,52.054501627905566,0.0021093949324014 4.349490807736124,52.05450138664551,0.0047066405123803 4.34949170962096,52.054501142265906,0.007277219111832 4.34949262397056,52.05450089479839,0.0098297564170086 4.349493550770763,52.05450064430817,0.012375879812417 4.349494490905341,52.054500390626245,0.0149334940970646 4.349495444402,52.054500134245885,0.0174933493118815 4.349496410595914,52.05449987527746,0.0201101268594983 4.34949738973361,52.05449961340575,0.0228138937977196 4.349498381725258,52.05449934865072,0.0255823463250973 4.3494993865007,52.054499080964106,0.028404923842428 4.349500404301953,52.05449881038838,0.0312465787591436 4.349501434288349,52.05449853698751,0.0341136565779523 4.349502476752412,52.05449826062186,0.0370206088986607 4.349503532727255,52.05449798145895,0.0399588731903519 4.349504602354559,52.054497699653325,0.0429549822547457 4.349505685289597,52.05449741487987,0.0460159161514006 4.349506781525371,52.05449712692515,0.0490968344767835 4.349507891283412,52.054496836042965,0.0521669186022373 4.349509014562357,52.054496542233665,0.0552531650352601 4.349510150855795,52.05449624534612,0.0583680414597318 4.349511300409041,52.054495945352215,0.0614811489448348 4.349512463343106,52.054495642366106,0.0645977906315289 4.3495136395946705,52.05449533640626,0.0677406674147751 4.349514828293422,52.05449502771682,0.0708967136062152 4.3495160281905605,52.05449471652582,0.0740471355688078 4.349517240048413,52.05449440256614,0.0771662832551897 4.3495184649526015,52.054494085709145,0.0802768911846607 4.349519703305233,52.05449376598427,0.0834561607953481 4.349520955286872,52.05449344335032,0.0867176737374551 4.349522220748508,52.05449311772837,0.0900461321879926 4.349523499223644,52.05449278916212,0.0934397777313408 4.349524790700594,52.05449245768535,0.096860464682998 4.34952609490036,52.05449212335865,0.100274631075009 4.349527411545954,52.054491786347945,0.1036786884988372 4.349528740722315,52.05449144671325,0.1070700080592103 4.349530082458152,52.054491104088655,0.1104776949110121 4.34953143617514,52.05449075845687,0.1139369803647677 4.349532801766483,52.05449041023025,0.1174418656569138 4.349534178819701,52.05449005955003,0.1209736101676516 4.349535567118604,52.054489706192136,0.1245210370751335 4.3495369666884836,52.05448935019231,0.1280751312249273 4.349538376853968,52.0544889918709,0.1316385681037472 4.349539797039782,52.05448863120978,0.1352060013549749 4.349541228200039,52.05448826773018,0.1387448831377744 4.34954267071988,52.054487901339385,0.1422623123596518 4.34954412479353,52.054487532208285,0.1458164413814137 4.34954559066444,52.05448716054533,0.1494363568293821 4.349547067947926,52.05448678630865,0.1531189514906462 4.349548556089157,52.054486409277196,0.1568662666451228 4.349550054929521,52.054486029474624,0.16069621989499 4.3495515644554645,52.054485647181885,0.1646101291132614 4.349553085249884,52.054485262385676,0.168581658883755 4.349554617100926,52.05448487507441,0.1725775487270997 4.349556159783754,52.05448448535021,0.1765648134945319 4.349557713339317,52.054484093195036,0.1805335790683581 4.349559277576816,52.05448369826489,0.1845250359100428 4.349560852123902,52.054483300318125,0.1886049936368873 4.349562436747179,52.05448289963841,0.1927803935306508 4.349564032365002,52.054482496327005,0.1970148139031182 4.349565638846615,52.05448209022419,0.2013316089911118 4.349567256076125,52.0544816811813,0.2057455393173729 4.349568884892886,52.05448126949458,0.2101884261814006 4.349570525537352,52.05448085538657,0.214629496118793 4.349572177791649,52.05448043886947,0.2190767033417484 4.349573841556049,52.05448001997804,0.2235109502754231 4.349575516165054,52.054479598463345,0.2279617046667917 4.3495772016674445,52.05447917386248,0.2325272333800205 4.349578898478384,52.05447874667484,0.2371973902370584 4.349580607253272,52.05447831754272,0.241871619133271 4.349582326874019,52.05447788610825,0.2465639565250899 4.349584056235119,52.05447745224878,0.2512605949384692 4.3495857959237085,52.05447701659836,0.2558235788402217 4.349587546456149,52.054476578723474,0.2602533264686481 4.349589307852542,52.05447613761503,0.2646828806099217 4.349591080797808,52.05447569352315,0.2691617104975107 4.349592865091927,52.05447524735551,0.2736953308643183 4.349594660932135,52.05447479916026,0.2783106637685408 4.349596467762243,52.05447434880914,0.2830133751850746 4.349598284336081,52.05447389643083,0.287774645868128 4.349600111117661,52.054473442111615,0.2925316251520382 4.349601949490756,52.05447298568003,0.2972772904315385 4.349603799254209,52.05447252699604,0.3020915480520491 4.349605660234219,52.0544720660304,0.3069811097793326 4.349607531537826,52.05447160300041,0.3118542488162186 4.3496094121508495,52.054471137908465,0.3166334249174197 4.349611302351229,52.054470670392675,0.3212957669453038 4.349613202870521,52.05447019993539,0.3258979122168102 4.349615113975817,52.054469726622095,0.3305158140817221 4.349617036051149,52.05446925107485,0.3351775626194826 4.349618968577649,52.0544687737842,0.3398759888190336 4.349620910763232,52.05446829478026,0.3445808075181846 4.3496228617007535,52.054467813689946,0.3492743256533312 4.349624821659531,52.05446733004341,0.3539977210606903 4.349626790925162,52.05446684410091,0.3588281448525113 4.34962876951484,52.054466356184,0.3637946208886953 4.349630757619875,52.05446586632504,0.368814672575634 4.3496327553175655,52.054465374411286,0.3737836378053645 4.3496347622059295,52.05446488024983,0.3786715314718028 4.349636778449445,52.05446438347644,0.3835331683453754 4.349638804126221,52.05446388397301,0.388462542219616 4.349640839701406,52.054463382030455,0.3935148783061275 4.34964288511864,52.05446287803301,0.3987034472077612 4.349644940203321,52.05446237206726,0.4039873247563239 4.34964700515229,52.05446186388655,0.4092522193656291 4.349649080186478,52.05446135321206,0.41441691185294 4.349651165750981,52.05446084008241,0.4195163279317838 4.349653261051359,52.05446032488427,0.4246305186422284 4.349655365591559,52.05445980763066,0.4297867582208081 4.34965747956401,52.054459288059476,0.4349614712626786 4.34965960324335,52.05445876600167,0.4401643449670247 4.34966173669292,52.054458241503994,0.445427614930669 4.349663880471872,52.054457714646325,0.4507325396406471 4.349666034768123,52.05445718542688,0.4560391114795568 4.349668199258841,52.05445665363812,0.4613626100021145 4.349670373304899,52.05445611939061,0.4667435280898604 4.349672557445874,52.05445558289788,0.4721674536800342 4.349674751360875,52.05445504438042,0.4775769544646215 4.349676953824095,52.05445450392574,0.4829390828150124 4.349679164371901,52.05445396129598,0.4882573583120522 4.349681383699346,52.05445341621975,0.4935572907895628 4.349683611996527,52.05445286889918,0.4989166034393886 4.349685849488203,52.054452319596635,0.5043848628396065 4.349688096561979,52.054451768425395,0.5098662116511057 4.349690353545626,52.05445121523675,0.5152806986244003 4.349692619446626,52.0544506601708,0.5206690887958553 4.3496948942157445,52.054450103166666,0.5260847427527198 4.349697178857868,52.054449544148895,0.5315605562882768 4.3496994738085215,52.05444898328296,0.5371027131195488 4.34970177828554,52.05444842086246,0.5426808128359242 4.349704091016067,52.05444785745712,0.5482258078169249 4.349706411546349,52.054447292742694,0.5536648394611756 4.349708739046316,52.0544467259272,0.5590301036521697 4.349711072903899,52.054446157034775,0.5644495523859536 4.3497134128434665,52.05444558665701,0.5699916012334183 4.349715760067689,52.054445015334885,0.5755238600759703 4.349718114878577,52.054444443464156,0.5808975777752012 4.349720475893605,52.05444387094862,0.5861852709751163 4.349722842965982,52.054443297113636,0.5914287441660265 4.349725217770386,52.0544427210646,0.5965751673334073 4.349727600727971,52.05444214340881,0.6016858988821834 4.349729992321342,52.054441565403316,0.6068264643036936 4.349732392199745,52.05444098768859,0.611993527066796 4.349734798475233,52.05444041044143,0.6172000851122595 4.349737209548472,52.05443983330535,0.6224021875726823 4.349739625483373,52.054439255311415,0.6275052144052169 4.349742046429297,52.054438676101604,0.6325164441171681 4.34974447234519,52.05443809618885,0.637476749784935 4.349746903854375,52.05443751535341,0.6423961627443158 4.349749341044172,52.05443693289171,0.6473487895291338 4.349751784494079,52.05443634883533,0.6523851799518879 4.349754233497835,52.054435764207106,0.6574594547197585 4.349756686122304,52.05443517983657,0.6625628431834238 4.349759140091063,52.05443459613591,0.6677598686595646 4.3497615940071706,52.05443401328531,0.6730718274225415 4.34976404793026,52.05443343101256,0.6784407615614507 4.349766502245516,52.05443284875631,0.6838077485253964 4.34976895540824,52.054432266471515,0.6891409026523466 4.349771406122478,52.054431684065115,0.6944320757622748 4.3497738538530575,52.05443110100845,0.6996899469891625 4.349776299736426,52.05443051657623,0.7048944546427225 4.349778745074831,52.05442993062674,0.7099953624758523 4.34978118979983,52.0544293436014,0.7150155237449034 4.349783633343701,52.05442875625702,0.7200642052612664 4.349786075297359,52.05442816932328,0.7252181366527738 4.349788515874103,52.05442758281613,0.7304694064270814 4.34979095567911,52.054426996479116,0.7357383931230675 4.349793395911945,52.054426410217886,0.7409571501876853 4.3497958356464625,52.05442582443471,0.7461744203559803 4.349798273357081,52.0544252394503,0.7514842465045242 4.349800708946781,52.054424655002556,0.7569032147635739 4.349803143625687,52.05442407068877,0.7623525552018844 4.3498055787687955,52.054423486542994,0.7677232317021753 4.349808014883983,52.05442290275432,0.7729916467138912 4.349810450286757,52.05442231967986,0.7782451636264687 4.349812884850244,52.05442173702807,0.7835320578611105 4.349815320037165,52.05442115428926,0.7887603288141666 4.349817756758724,52.054420571524915,0.7938212178107716 4.349820195365553,52.05441998893659,0.7986574262469986 4.349822635236693,52.05441940706392,0.8033583404895199 4.349825073405322,52.05441882691506,0.808129541514267 4.349827509473093,52.05441824799526,0.8129696579045611 4.349829946168244,52.05441766961575,0.8176887818722579 4.349832381655426,52.05441709273349,0.822291019159941 4.349834814591382,52.05441651708226,0.8269068733716904 4.349837247002259,52.05441594218798,0.8314588117625431 4.3498396766840255,52.054415368384134,0.8360907507605913 4.349842099656224,52.054414794912475,0.8411517231057186 4.349844518958079,52.05441422029174,0.846526553114956 4.349846937167316,52.05441364468695,0.8520803699186648 4.349849351219882,52.05441306954236,0.858003743024562 4.3498517610811795,52.05441249426829,0.8643314903132611 4.349854169115475,52.05441191697959,0.8709690374481638 4.349856574840853,52.054411336013054,0.8780654342477976 4.349858976527437,52.054410750149955,0.8858808926581656 4.349861374949473,52.0544101601839,0.8945003879086231 4.349863770222246,52.0544095687857,0.9039194479346352 4.349866159267726,52.05440897800684,0.9142432099434306 4.349868538518179,52.05440838961207,0.92561910949615 4.349870907497028,52.05440780541471,0.9379718228159976 4.3498732667781885,52.054407226175016,0.9511172512859266 4.34987561416881,52.054406651142955,0.9650962139073374 4.34987795087137,52.054406077880635,0.9799848730101808 4.349880281666514,52.05440550491448,0.9956719211127104 4.349882608042983,52.05440493203813,1.0123031071287467 4.349884929681651,52.054404359032894,1.03031542417461 4.349887248125116,52.05440378697943,1.050075451917143 4.349889565282855,52.054403218388266,1.0717684154792897 4.349891883875632,52.054402655131504,1.0951138071739572 4.349894203876628,52.054402097363116,1.1194699959211234 4.349896521904752,52.05440154286502,1.1445132461946852 4.349898832285849,52.054400990856564,1.1704371155419009 4.349901131102037,52.05440044294571,1.1974701553196014 4.349903418906265,52.054399898541895,1.22574409288351 4.349905696925497,52.05439935657189,1.2555505660435822 4.349907966360677,52.05439881803769,1.2870555792778275 4.349910229530492,52.0543982837352,1.3201416236055927 4.3499124846122905,52.05439775378653,1.3548076835516891 4.349914728345737,52.05439722724337,1.3911476617711502 4.349916963163646,52.054396702383585,1.4290701562459072 4.349919189103442,52.054396179428046,1.4684857502763244 4.349921403672269,52.05439565926563,1.509462257659845 4.349923606848143,52.05439514270346,1.552057331765775 4.349925797258086,52.05439463220794,1.596307524025148 4.349927971645874,52.05439413016873,1.6422255322343091 4.349930128802452,52.05439363698288,1.6897933374227994 4.349932269266948,52.05439315307224,1.7389723892254432 4.349934391393809,52.05439268078485,1.7897482195599823 4.349936493422092,52.05439222172785,1.842143058004121 4.349938576252834,52.054391775187874,1.896048034225943 4.349940643351288,52.05439133998387,1.951268433048671 4.349942697466161,52.054390915525445,2.007723031040757 4.349944739061579,52.054390501987555,2.065653114346948 4.349946768432013,52.05439009988827,2.1254338920670697 4.349948788311136,52.05438970950001,2.1871688105175022 4.3499508004038745,52.05438933131366,2.2507462743079536 4.349952803849422,52.05438896487507,2.3159789583291954 4.3499547981760145,52.054388608875044,2.3827641585085 4.349956778809792,52.05438826481348,2.451133337218793 4.34995874404963,52.05438793427027,2.5209299259726423 4.349960696951372,52.05438761645917,2.5918660639139683 4.349962636718493,52.05438731094499,2.663857027785961 4.349964562529215,52.05438701722969,2.736944338965311 4.349966472583761,52.05438673635868,2.81120744466127 4.349968360886277,52.05438647108922,2.8867494791581905 4.3499702247240615,52.05438622167309,2.963605721303427 4.34997206633218,52.05438598718166,3.041755308246204 4.3499738873099005,52.05438576771115,3.121164372869809 4.349975688553712,52.0543855634738,3.2017569611669794 4.349977469408999,52.05438537552326,3.2833233673192783 4.349979228123644,52.054385204044216,3.365673492891677 4.349980964798219,52.054385047592014,3.4488077244296846 4.3499826804691555,52.054384906208625,3.5328022569918667 4.349984376220201,52.054384781449706,3.617642099873427 4.349986052645472,52.05438467491528,3.70324441875291 4.349987707093824,52.054384588051846,3.789571187801602 4.349989335870262,52.05438452076211,3.876574030696794 4.349990939620814,52.054384471155664,3.9641834853597016 4.349992520551967,52.05438443791587,4.052324678204684 4.349994079691528,52.05438442161065,4.1410065329531776 4.349995616997283,52.054384423774096,4.230338569576657 4.349997132368561,52.05438444538042,4.320393119783374 4.34999862533848,52.054384486493184,4.411153200300767 4.350000095187663,52.05438454645905,4.5025035705091785 4.350001543535842,52.05438462377264,4.5943699640037865 4.350002970472015,52.054384717410805,4.686662041904274 4.350004374303667,52.05438482748737,4.7791599144626655 4.350005753687543,52.05438495376046,4.871723544875239 4.350007107267406,52.05438509620882,4.964400630748999 4.350008435356503,52.05438525569747,5.057213241513515 4.3500097389440615,52.05438543299773,5.150117481303992 4.350011017733503,52.05438562834321,5.243098497070547 4.35001227310104,52.054385841345294,5.33614141131152 4.350013506100859,52.05438607096577,5.42911489459715 4.350014714190859,52.05438631705858,5.521895753969436 4.350015893624197,52.054386580582545,5.614328745936141 4.350017046505201,52.05438686101061,5.7063078628077655 4.3500181769755715,52.05438715712321,5.797799687603468 4.350019285024748,52.05438746959874,5.8886205631423145 4.350020371582676,52.05438779844008,5.978654691877517 4.350021437477413,52.05438814192416,6.068104301321444 4.350022480849414,52.05438849917869,6.157001361056525 4.350023499811692,52.05438886942867,6.245277450939645 4.350024489479296,52.054389252482714,6.33332544756618 4.350025444257669,52.054389650063726,6.42143127083489 4.350026366395678,52.05439006327852,6.509450984488835 4.350027261184327,52.05439049178973,6.5971756527466425 4.350028131060588,52.054390934919056,6.68453046211807 4.3500289790022,52.05439139117488,6.771491713035491 4.350029806821439,52.0543918590111,6.857859552001559 4.350030610948537,52.05439233769426,6.94348775257135 4.350031386845929,52.054392826914274,7.028553964688931 4.3500321334209815,52.05439332631845,7.113159951473898 4.350032853590982,52.05439383577908,7.197164947195192 4.350033550438844,52.05439435496483,7.2804671034237245 4.3500342255466995,52.05439488387891,7.3630557504656124 4.350034880671385,52.05439542289386,7.44473951297939 4.3500355148246195,52.054395971768066,7.525337034515009 4.350036125099711,52.05439652964826,7.604919537034432 4.350036711346689,52.054397095736334,7.683628287451799 4.350037274365956,52.054397669530275,7.761431593977884 4.350037814693067,52.05439825049399,7.838170138342439 4.350038334147574,52.05439883845555,7.913855917913621 4.350038834694349,52.054399433443436,7.988563798640651 4.350039317578591,52.054400035691266,8.062335722046836 4.350039782766011,52.0544006454649,8.135193405137832 4.350040229779199,52.05440126271839,8.207082276741644 4.350040658969299,52.054401886837155,8.277910513129168 4.350041071028424,52.054402516906755,8.34765110109684 4.350041466547821,52.054403152356635,8.416337735178695 4.35004184585174,52.05440379320738,8.484024776858854 4.350042209207334,52.05440443938418,8.550748306012398 4.350042557185861,52.05440509095258,8.616615231503422 4.350042889211808,52.05440574820187,8.681741093775793 4.350043203620364,52.05440641112996,8.746131006798914 4.350043498185783,52.054407078965696,8.80969955016235 4.350043772100142,52.054407751284224,8.87238167853314 4.350044027244153,52.054408428274606,8.934234227454978 4.350044265513486,52.05440910974396,8.995307051183394 4.35004448742162,52.05440979502527,9.055517135585792 4.350044692931517,52.05441048305246,9.114783160717572 4.350044882384026,52.054411172906676,9.1731668870769 4.3500450561532125,52.05441186335899,9.230740607052535 4.3500452142325,52.05441255314819,9.287477947075756 4.350045357282089,52.054413241803076,9.343362831817409 4.350045486634854,52.05441392959326,9.39846671456218 4.35004560308809,52.05441461713843,9.452781580414149 4.3500457085441155,52.05441530540527,9.506248290535584 4.350045805436933,52.05441599504197,9.558892479526715 4.350045892064576,52.0544166859088,9.610782346780288 4.350045965384748,52.05441737754032,9.661928777776785 4.350046027664757,52.054418069990454,9.71227123501497 4.3500460831152346,52.054418763225584,9.761792010426287 4.3500461316140075,52.05441945739574,9.810553380494644 4.350046171603885,52.05442015265827,9.858483172033235 4.35004620492167,52.05442084889944,9.905529982521475 4.350046232853616,52.054421545924676,9.95178201656291 4.350046253516838,52.0544222433629,9.997199669817338 4.350046266623059,52.054422941064146,10.041719302416212 4.350046273295139,52.05442363860364,10.08539965769463 4.350046271797277,52.05442433557211,10.128292491301044 4.350046260785813,52.054425032143435,10.170390134047526 4.350046242372728,52.05442572829035,10.211680093978162 4.350046217208392,52.05442642316172,10.252138588599127 4.350046184210077,52.05442711664155,10.291751529588026 4.3500461444349074,52.054427809211326,10.330519727450827 4.3500460997709,52.05442850081195,10.36848626354153 4.350046051316529,52.054429191434586,10.40572257097847 4.3500459994280565,52.05442988107892,10.442196805090203 4.350045943194646,52.05443056943951,10.47785902447121 4.350045881584251,52.05443125632696,10.512752259773269 4.350045814357828,52.05443194185276,10.546906577423137 4.3500457416016864,52.05443262599235,10.580307559364732 4.3500456641083725,52.054433309383676,10.612996428066207 4.350045583169438,52.05443399249872,10.644951981151664 4.350045499575875,52.05443467498366,10.676056458341437 4.350045413034719,52.0544353568581,10.70633280593304 4.35004532237967,52.05443603834167,10.735873090909438 4.350045227228628,52.05443671910678,10.764663449763432 4.350045128620551,52.054437399112295,10.792748938695723 4.350045026931024,52.05443807828457,10.820235967063295 4.350044921233561,52.054438756184176,10.8471697327816 4.3500448111339685,52.05443943183154,10.873558018959686 4.350044696881361,52.05444010496846,10.899471621483352 4.350044578144795,52.054440776266055,10.92500409597048 4.350044454497976,52.05444144575367,10.950120916479008 4.350044327009706,52.05444211307235,10.97472274001402 4.350044196620526,52.05444277870912,10.998812190294654 4.350044062351612,52.05444344367584,11.022431412638744 4.350043923038555,52.05444410842181,11.045539333453952 4.350043778903986,52.05444477328831,11.068068186900769 4.350043631816695,52.05444543842719,11.08998403018194 4.350043483219809,52.05444610318941,11.111271766640249 4.35004333288376,52.054446767172905,11.131953932165368 4.350043181343292,52.054447430773884,11.152076156421996 4.3500430296231904,52.05444809358063,11.171600431066077 4.350042877189257,52.0544487550734,11.190455485758838 4.350042724180765,52.05444941550953,11.208625669603368 4.350042571476449,52.054450074447736,11.226117816591508 4.350042418489494,52.05445073102243,11.24295418908532 4.350042264216865,52.05445138552852,11.259119228174418 4.350042109400412,52.054452037984916,11.274548934429864 4.350041954817071,52.054452687747485,11.289331154490466 4.350041799001603,52.054453334746704,11.30365163410389 4.350041640659389,52.05445397923922,11.317529463192354 4.350041478032596,52.05445462100655,11.33086831035149 4.35004131049445,52.05445526007105,11.343667440916503 4.350041138943616,52.054455896759805,11.356003626243533 4.350040961909319,52.05445653162945,11.367888222314066 4.350040778737563,52.05445716556961,11.379310922734422 4.350040590350468,52.054457798344394,11.390217885932769 4.35004039742881,52.05445843018906,11.400512895157076 4.350040201415648,52.054459062173144,11.410168182973942 4.350040003258089,52.05445969451851,11.4192238060975 4.350039802642933,52.05446032765327,11.427760877711194 4.350039600038422,52.054460962071666,11.435749303916218 4.350039395763507,52.05446159734005,11.443122522026991 4.350039188747537,52.05446223302723,11.44988361282728 4.350038978944544,52.05446286843487,11.45597574650303 4.350038766042466,52.05446350286607,11.46137859767205 4.350038549104949,52.05446413600283,11.466138477646506 4.35003832812692,52.05446476839358,11.470262241321494 4.350038102507916,52.05446540067201,11.473705310055257 4.350037870795341,52.054466032637514,11.476433498469271 4.350037631376925,52.05446666367435,11.478414138796532 4.350037383861487,52.05446729332861,11.479549342600825 4.350037130159077,52.054467921539334,11.479774478479728 4.350036874069197,52.054468548291375,11.479233005807112 4.350036616856373,52.05446917328365,11.478141311188637 4.350036356286167,52.054469796664,11.476522582305671 4.350036092346658,52.05447041871611,11.474259634622006 4.350035825890075,52.054471039779116,11.471247514907128 4.350035556226982,52.054471660739864,11.467481704123443 4.350035283984751,52.054472282005506,11.46301913415185 4.35003501000041,52.05447290271716,11.457901953139922 4.350034732133972,52.05447352315356,11.452149954570327 4.350034449356006,52.054474143641905,11.445684905939894 4.35003416262788,52.0544747634659,11.438398230105454 4.3500338720305205,52.05447538243676,11.43023336102477 4.350033576662074,52.05447599989671,11.421088189896548 4.350033274919944,52.05447661506193,11.41086705401629 4.3500329660403025,52.05447722890475,11.399549186962457 4.350032651024395,52.05447784183665,11.387116532241071 4.350032331156838,52.054478453198605,11.373553033285605 4.350032007221918,52.05447906320818,11.358885688799694 4.350031680728388,52.054479672308155,11.343160937270438 4.35003135136125,52.05448027959055,11.326344316886956 4.350031016549866,52.054480883740645,11.30832175585696 4.350030677081827,52.05448148479786,11.28916300960813 4.35003033534647,52.05448208368591,11.269108272151426 4.35002999033607,52.0544826801809,11.248220708014587 4.350029640790619,52.05448327368353,11.226353304239224 4.350029289119398,52.05448386406968,11.203408212388794 4.350028935554559,52.05448445167103,11.179330583095638 4.350028579009001,52.05448503647055,11.154106723853737 4.3500282219793425,52.05448561827036,11.127867922765097 4.350027865745655,52.05448619767916,11.100673868647686 4.350027510314507,52.05448677500231,11.072388844074936 4.3500271566422315,52.054487349842596,11.042905586749448 4.35002680395986,52.054487923149736,11.012210847757467 4.350026451384518,52.05448849631106,10.980271712592014 4.35002610050772,52.054489068640116,10.947066337504696 4.35002575011825,52.05448964059763,10.912530095742316 4.3500253981388,52.05449021355316,10.8765536776346 4.350025047030944,52.05449078587494,10.839085877657764 4.35002469828485,52.054491356254374,10.80012176807765 4.350024351247596,52.054491925264955,10.75968803574401 4.350024006252252,52.05449249125275,10.717794339365373 4.350023662030894,52.05449305306877,10.674444378121292 4.350023316524986,52.05449361189977,10.629675229510598 4.3500229697691015,52.05449416702241,10.583408586896304 4.3500226218769,52.05449471692301,10.535507802344442 4.3500222718781965,52.05449526245716,10.485920130225692 4.350021919702486,52.0544958039355,10.434632970549192 4.35002156674873,52.0544963404071,10.38163701582889 4.350021214440122,52.054496871908,10.32696986291254 4.350020863519461,52.054497398841164,10.27069738574006 4.3500205154038,52.05449792098482,10.212915731425976 4.350020170718453,52.054498438550944,10.153684959831534 4.350019827686053,52.05449895128008,10.09293225810731 4.350019485444677,52.05449945747984,10.030534367316868 4.3500191447848495,52.054499955836086,9.966468848745526 4.350018804781969,52.05450044605675,9.900738509492298 4.350018463880064,52.05450092831005,9.833262658959644 4.35001812347159,52.05450140209544,9.764040443123587 4.350017785450919,52.054501867182516,9.693102879306792 4.350017450632427,52.05450232395542,9.62048619947542 4.350017121002173,52.054502771886405,9.546326772045363 4.350016796698265,52.05450321068843,9.47067321211923 4.3500164761443605,52.05450364074213,9.39342688017419 4.3500161608602275,52.054504061098214,9.314565255117234 4.350015852286499,52.054504470477404,9.234035113654006 4.350015549940231,52.054504869629184,9.151730793176917 4.350015254797514,52.05450525940284,9.067706745833544 4.350014968174167,52.05450563975433,8.982027186344823 4.350014690944554,52.05450601154254,8.894764786485212 4.350014424352649,52.054506374914865,8.80602262776273 4.350014168551091,52.05450672822138,8.715840491165439 4.350013922861828,52.05450707027902,8.624184216210974 4.350013687822783,52.054507400859066,8.531056823332182 4.35001346392156,52.05450772013645,8.43646001396315 4.350013250658805,52.05450802835692,8.340357205026653 4.350013048010039,52.054508325058265,8.242736916789589 4.350012856953594,52.05450860910734,8.143593992485785 4.350012678741638,52.05450887933421,8.042978000929137 4.350012512621897,52.05450913385886,7.940819583302675 4.3500123565232505,52.05450937126082,7.836976438316602 4.350012209057919,52.054509591870584,7.731412252478812 4.3500120694017,52.05450979447862,7.6240971654833265 4.350011938091536,52.05450997695157,7.514978728804967 4.350011817309492,52.05451013935674,7.404182232303051 4.350011708599454,52.05451028190938,7.291865335669079 4.350011612662493,52.05451040496691,7.178154271345832 4.350011530401814,52.05451050909799,7.063274715813323 4.350011461643897,52.054510593551946,6.947345090963676 4.350011405675675,52.05451065791901,6.830410676160015 4.350011362758962,52.0545107015957,6.712697648134984 4.350011333447687,52.05451072445933,6.594343095865348 4.350011316582532,52.05451072775699,6.475332247406342 4.350011311028105,52.05451071118753,6.355635524720672 4.3500113184948415,52.05451067347555,6.235279317107451 4.350011341549208,52.054510615311194,6.114314989837397 4.350011380772574,52.05451053729517,5.992803857807393 4.35001143592581,52.05451043840248,5.870811689244816 4.350011508859364,52.054510319744125,5.74835911214689 4.350011601765748,52.05451018337601,5.625460994326918 4.350011715054904,52.0545100279759,5.50216111144362 4.350011849316226,52.05450985147186,5.378530839906224 4.3500120069254775,52.05450965484147,5.254462870584745 4.35001219119174,52.054509439331184,5.129842226067431 4.350012404434613,52.05450920257018,5.004888943815122 4.350012644652064,52.054508943272694,4.879873599516371 4.35001290669146,52.05450866296157,4.754922661938208 4.350013186735058,52.05450835977012,4.630227820272026 4.350013484335262,52.05450803111181,4.505810195705776 4.350013802074808,52.05450767835837,4.381537932654701 4.350014143149929,52.05450730307136,4.257437577664569 4.350014509120052,52.05450690517371,4.133670504577816 4.35001489895274,52.05450648518738,4.010471998124423 4.350015310150964,52.05450604428355,3.888025437108369 4.350015740984059,52.054505582397965,3.766388950322374 4.350016192918128,52.05450509840171,3.645567699747485 4.350016669029135,52.05450459165083,3.5255440832310567 4.350017172340372,52.054504062064574,3.406318082011249 4.350017704409648,52.054503510070106,3.288143864560159 4.3500182634829265,52.05450293615882,3.1712636253777866 4.350018846287302,52.05450234044348,3.055697184304624 4.350019451562588,52.054501722763646,2.941395774845539 4.350020081558178,52.054501083052905,2.828345517811297 4.350020738422226,52.0545004207697,2.7166452177664606 4.350021421967488,52.05449973565477,2.606434806633649 4.350022130696884,52.05449902861712,2.4978524332271688 4.350022862576742,52.05449829998255,2.391019961923971 4.350023615796214,52.05449754899061,2.286016737416281 4.350024389475009,52.05449677472508,2.182930365385418 4.350025182994676,52.05449597713801,2.0819836610168294 4.350025995804572,52.05449515699356,1.9832980966672824 4.350026827236714,52.054494316226446,1.8867383290064803 4.350027677100119,52.054493456496225,1.7922540612988886 4.35002854598745,52.05449257729112,1.6999783417420575 4.350029434312961,52.05449167712542,1.6100558157777476 4.350030342211423,52.05449075623678,1.522795188397558 4.350031268024466,52.05448981521045,1.4384782393230344 4.350032208610513,52.05448885333669,1.3571205567970823 4.350033162915119,52.05448787167684,1.2786530458761178 4.35003413046535,52.05448687228728,1.2029386835430609 4.350035109124807,52.0544858546859,1.1298997036118317 4.350036097510781,52.0544848202339,1.0597202089060282 4.350037096014092,52.05448377238467,0.9924385667147672 4.350038103946781,52.05448271189783,0.9279314497558352 4.350039122049557,52.05448163893084,0.8661499958141232 4.350040153498689,52.054480554964336,0.8071883138428736 4.3500412002360775,52.05447946177614,0.7512751300639091 4.350042263230334,52.05447836219929,0.6984222851141001 4.350043342317689,52.05447725823507,0.6485046413310744 4.350044434584158,52.05447614860132,0.6014885029974867 4.350045537018913,52.05447502972173,0.5573127021563655 4.350046648203757,52.054473900656554,0.5161396871978199 4.3500477668830415,52.05447276303261,0.4782712870552473 4.350048890538851,52.054471616825516,0.4437094416462176 4.350050018303056,52.054470460780735,0.4122579922043671 4.350051150924611,52.0544692939357,0.3838391301412281 4.350052287519926,52.0544681150796,0.3585356849450588 4.350053424509332,52.05446692537244,0.336455062250479 4.35005455761583,52.05446572678981,0.3175942596589971 4.350055684411382,52.05446451950433,0.3018958942246347 4.350056805188285,52.05446330380095,0.2893145405703176 4.350057920579051,52.054462081476274,0.2798684167472476 4.350059028663422,52.05446085503565,0.2736249030983908 4.350060127250968,52.054459626316934,0.2705420202204996 4.3500612155671075,52.05445839698897,0.2705517105207171 4.35006229353549,52.05445716790941,0.2736351127183966 4.350063361930528,52.054455937966,0.2797454164752965 4.350064421101523,52.05445470639618,0.2888703996941624 4.350065468600835,52.0544534742854,0.3010543301272506 4.3500664999509,52.05445224197772,0.3163964395423949 4.350067513604285,52.054451009181115,0.3348649197535726 4.35006851135798,52.0544497752595,0.3562808986184816 4.350069492688308,52.05444854005961,0.3806492045063085 4.350070455608291,52.05444730466746,0.4080873031189794 4.350071399438301,52.05444607140038,0.438537852386362 4.350072324379627,52.05444484219287,0.4717607976845318 4.350073229554719,52.054443616508294,0.5076203313642849 4.350074112543885,52.05444239310037,0.546187959017998 4.3500749727283345,52.05444117101213,0.5874749292635839 4.350075808957268,52.054439950221386,0.6314282784498378 4.350076617054634,52.05443873132142,0.6781307401794852 4.350077395965868,52.054437513653916,0.7275785675698094 4.350078148703952,52.05443629541395,0.7795711632147091 4.350078873117809,52.05443507753427,0.8340635087626666 4.350079562106259,52.0544338631927,0.8912305531548805 4.350080215361858,52.05443265492588,0.950958437409534 4.350080838578089,52.054431454477566,1.0128048938900545 4.35008143239719,52.054430262846026,1.0765130443792543 4.350081997034104,52.05442907898175,1.1419687062861483 4.350082538264004,52.05442790220713,1.2089634328902057 4.350083057518639,52.05442673452821,1.2774899523909693 4.350083550092888,52.05442557726678,1.3477815343588158 4.350084016180431,52.0544244301989,1.4198296547873843 4.350084459855666,52.054423291201275,1.4934564995459292 4.350084882706189,52.05442215840343,1.5686657734293148 4.350085286409894,52.054421032678576,1.645532990873742 4.350085671611061,52.054419915293934,1.7239547611604 4.350086035037354,52.05441880673069,1.8037828800549385 4.3500863737504805,52.05441770754194,1.884907832069344 4.350086686940876,52.05441661605528,1.9672761975639783 4.350086973286634,52.05441553024915,2.0509766755112766 4.350087229584273,52.05441445125942,2.1360806152741505 4.350087450381458,52.054413380189594,2.2225035096542207 4.350087632259201,52.054412317276125,2.310005909164836 4.350087776058754,52.05441126337247,2.3982707790452893 4.35008788291363,52.05441021858393,2.487127737552594 4.35008795356571,52.05440918175289,2.5766918319589385 4.350087990576082,52.054408153311854,2.667021773594575 4.350087998268804,52.05440713535711,2.757963780107098 4.350087982003239,52.054406128691284,2.849250266140936 4.350087946383228,52.054405130904485,2.940652452732972 4.350087892000643,52.05440413962139,3.032215584352125 4.35008781721198,52.05440315542198,3.124187821466597 4.350087721670659,52.05440217892475,3.2167390966449 4.35008760265223,52.05440120995731,3.309922314576468 4.3500874551396596,52.05440024919322,3.4036762644090137 4.350087279172887,52.05439929663169,3.497843345194426 4.350087078575945,52.05439835157662,3.592344028501298 4.35008685571732,52.05439741460903,3.6871626419276833 4.350086612516439,52.05439648625623,3.782209947968035 4.350086350821554,52.054395566880494,3.877226378261359 4.350086069051851,52.054394656926384,3.9719827089122255 4.350085763339016,52.054393755950315,4.066448818282263 4.35008543281324,52.054392863321446,4.160701843475625 4.350085079203745,52.05439197871097,4.254735758234705 4.350084702635135,52.05439110107958,4.348447320366665 4.350084301951621,52.054390229707586,4.441759887780643 4.350083877851745,52.054389364914876,4.534595790396159 4.350083432243999,52.05438850733634,4.626852335612492 4.350082964884201,52.05438765653066,4.718588617167941 4.350082473881096,52.05438681197312,4.809943570407898 4.350081959938704,52.05438597406467,4.900903256798342 4.350081425926166,52.05438514223246,4.991410857159776 4.350080871297909,52.05438431683674,5.081409556449484 4.3500802935445835,52.05438349967029,5.17091717411593 4.35007969395699,52.054382691729344,5.259972723757247 4.350079075184046,52.05438189196594,5.348589905777901 4.350078437962095,52.05438109944487,5.436794239296627 4.350077783091315,52.054380314676855,5.524548237073871 4.350077112058531,52.05437953770611,5.6117366937611095 4.350076424641187,52.05437876764647,5.698254543838323 4.350075719403457,52.05437800406924,5.784056108557796 4.350074996961396,52.05437724721613,5.869142346161494 4.3500742597887045,52.05437649666173,5.953510449318298 4.350073509664153,52.05437575117541,6.03714315885667 4.3500727476757035,52.05437500928558,6.120031957442127 4.350071973963765,52.0543742705926,6.202151609984238 4.3500711877476625,52.05437353572785,6.283520472919448 4.350070388987342,52.054372806065686,6.3641323658331705 4.350069576384922,52.054372083208946,6.443956542949082 4.350068749209534,52.05437136755926,6.523006715284666 4.350067910298507,52.05437065785002,6.601334530399561 4.350067062271137,52.05436995273,6.678960804475462 4.350066205217272,52.05436925241481,6.755840103302137 4.350065338940549,52.054368557336666,6.8319220372642455 4.350064463020457,52.05436786619482,6.907155521282743 4.350063575125299,52.05436717836942,6.981409968429079 4.350062673091537,52.054366495129656,7.05455677253198 4.350061758281911,52.054365816769106,7.126558943077988 4.350060830977077,52.05436514244744,7.19746460993867 4.35005988767329,52.05436447235037,7.267392224611401 4.350058927323493,52.0543638066734,7.336501415487111 4.350057952857724,52.0543631460232,7.404826746752091 4.350056964956666,52.054362491061376,7.472287276789881 4.350055964038821,52.054361840763484,7.538773249166967 4.350054954094804,52.0543611940591,7.6041683818316255 4.350053937529122,52.05436055046126,7.668392298146397 4.350052914255834,52.054359909473526,7.731506773887186 4.350051885907464,52.05435927182176,7.79362713500147 4.350050852119523,52.054358637726786,7.854809739622493 4.350049809858212,52.05435800704253,7.915094339012202 4.350048759382214,52.05435738055207,7.974507743385837 4.35004770319641,52.054356757138535,8.033037520598905 4.350046641807399,52.05435613524239,8.090640356069255 4.3500455736869466,52.0543555159567,8.147256131460297 4.350044497886389,52.054354900658474,8.202830255903713 4.350043414466302,52.05435428959074,8.257366093640805 4.350042323345695,52.05435368339878,8.310870762722939 4.350041224199183,52.054353082064054,8.363370286434938 4.350040117878797,52.054352485200845,8.414878630041084 4.350039004807199,52.054351893032404,8.465355770321999 4.350037884358899,52.05435130538179,8.514771742381521 4.350036755936258,52.054350722162305,8.563141152041723 4.350035618874873,52.054350144063385,8.610502603994844 4.350034473348946,52.05434957077268,8.656898707710619 4.350033320063162,52.05434900086547,8.702295892707355 4.350032159566667,52.054348434179516,8.746620556249463 4.3500309925644265,52.05434787167069,8.789842410095408 4.350029819158023,52.054347313432004,8.831960778094881 4.3500286392124465,52.05434675901054,8.87301084183133 4.350027453279949,52.05434620849615,8.91303556368767 4.350026261668209,52.05434566168347,8.952087539830158 4.350025064888027,52.05434511856383,8.990209851023309 4.350023862970611,52.0543445795623,9.027442183610203 4.350022656346522,52.05434404472943,9.063787812271393 4.3500214458272515,52.05434351391901,9.099204625917306 4.350020230906208,52.0543429871849,9.133654593111771 4.350019010755392,52.05434246439727,9.167148403632469 4.350017786224164,52.0543419452134,9.199725279915368 4.350016558220594,52.05434142930811,9.231375600259316 4.350015325894525,52.05434091665802,9.262072798148964 4.3500140885622685,52.05434040783127,9.291839670446915 4.350012845782575,52.05433990343099,9.320687263897344 4.350011596711854,52.05433940334606,9.348606163042554 4.350010341884608,52.054338907708946,9.375613711241876 4.3500090815767205,52.054338417073076,9.401703259617362 4.350007815469366,52.05433793137087,9.4268429697312 4.350006543777658,52.05433745060372,9.451055260933948 4.350005266708495,52.05433697487378,9.474353988637947 4.3500039839227975,52.05433650333406,9.496711000804588 4.350002695963658,52.054336036041,9.518122974528804 4.3500014032560115,52.05433557385172,9.538591717387616 4.35000010535268,52.05433511700305,9.558097493452305 4.349998802829904,52.05433466539282,9.57665913193958 4.3499974967064645,52.05433421907438,9.594275962646249 4.34999618632072,52.05433377823596,9.610900395395308 4.349994870890578,52.054333342664044,9.626531418840278 4.3499935512608126,52.05433291129666,9.641196689253531 4.349992228162587,52.054332483323144,9.65488752201535 4.3499909005090664,52.05433205964534,9.667596391039464 4.349989567333805,52.0543316410298,9.679349553534587 4.34998822926243,52.05433122700229,9.69018897757848 4.349986886715552,52.05433081772424,9.700115818782535 4.349985538324307,52.05433041367073,9.709112577869874 4.349984184833926,52.054330014987606,9.717217223364294 4.34998282823042,52.05432962191125,9.72447467409688 4.3499814680629365,52.05432923496411,9.73087809224202 4.34998010354243,52.054328854139925,9.736418055023158 4.349978735892624,52.05432847857075,9.741100024241096 4.3499773658353345,52.054328107245716,9.744886769904408 4.34997599222944,52.054327740200804,9.747791489374023 4.349974615881371,52.054327377502474,9.749916688870044 4.349973239321826,52.0543270184011,9.751267054867816 4.349971862429697,52.054326663608954,9.75177606874917 4.34997048299467,52.054326314369426,9.751412443713503 4.349969099878838,52.05432596913344,9.750160784378837 4.3499677138969775,52.054325627062546,9.748070514850738 4.349966324171465,52.05432529040266,9.745158968774785 4.349964928858631,52.054324958992495,9.74133878841906 4.349963529750908,52.05432463189805,9.736585627814616 4.3499621271745434,52.05432431043146,9.730909297545884 4.349960718737739,52.05432399414761,9.72430731286676 4.349959305020256,52.05432368127077,9.716848417832065 4.349957888528167,52.05432337177184,9.708602230166685 4.349956468414344,52.05432306693432,9.699521503044418 4.34995504278157,52.0543227675982,9.689528498141833 4.349953612497712,52.05432247294549,9.678634551160156 4.349952179282695,52.054322182712966,9.666860483676365 4.349950743365019,52.05432189796504,9.654182350465444 4.349949304952878,52.05432161816252,9.640539602545989 4.349947864979263,52.054321342681625,9.625853592741596 4.349946423241789,52.05432107291473,9.610108935049707 4.349944978417102,52.054320809429385,9.593365625148872 4.349943530218036,52.054320551643194,9.575705325271072 4.349942078671746,52.05432029935812,9.557165158354987 4.349940622871391,52.0543200520375,9.537718702484002 4.349939163486793,52.05431980945733,9.517378777184604 4.349937701628993,52.05431957158425,9.496162749790113 4.34993623747219,52.05431933781202,9.474000720690498 4.3499347709855485,52.05431910812198,9.450823998436109 4.349933302717479,52.054318882975906,9.426622994672003 4.349931833039484,52.0543186626539,9.401399790162328 4.34993036217377,52.05431844787388,9.375193688799037 4.349928890153068,52.05431823921064,9.348054462671756 4.349927416734795,52.05431803621169,9.319985091053365 4.349925941975384,52.054317838318184,9.290970675074796 4.349924465614257,52.05431764585335,9.261003015369084 4.349922987165807,52.05431745899009,9.230082272071906 4.349921506329154,52.05431727726718,9.198196451764757 4.349920023069817,52.054317100716794,9.165331348941294 4.349918537815333,52.05431692959454,9.131481633457533 4.349917050985368,52.05431676368067,9.09661714603792 4.349915563032088,52.054316603110045,9.060715700688643 4.349914073762853,52.0543164483161,9.023782130189192 4.349912583294136,52.05431629908926,8.985823528764818 4.349911091586364,52.054316155098384,8.94681115901312 4.349909598429769,52.05431601639703,8.90673128169694 4.349908104065074,52.05431588293838,8.865617244103971 4.349906608795152,52.05431575491552,8.823489184280279 4.349905112428785,52.0543156324616,8.780329560157046 4.349903615046632,52.05431551516569,8.73611848286839 4.349902116974057,52.054315403357826,8.690844027502735 4.349900618161649,52.05431529807196,8.644505838565419 4.349899118677988,52.054315199169714,8.597087988885482 4.34989761928656,52.05431510566861,8.548576195563145 4.34989612049719,52.05431501771089,8.498962516824655 4.349894621626683,52.05431493631466,8.448211507394033 4.3498931227628574,52.054314861724244,8.396335181912699 4.34989162419902,52.054314793728956,8.343365369246243 4.3498901261348815,52.054314732092884,8.289320760332231 4.349888628510474,52.05431467619469,8.234183472426547 4.349887131316343,52.05431462611551,8.17794327385792 4.349885634789798,52.05431458252117,8.120632650986861 4.349884139239483,52.05431454479331,8.062258276267118 4.349882645133307,52.05431451194093,8.002784261601253 4.349881152505776,52.05431448449647,7.942179040340093 4.349879660818133,52.0543144630398,7.880440797109529 4.349878170332494,52.05431444709903,7.817598516305322 4.349876681205315,52.05431443625763,7.753631579914737 4.34987519294039,52.05431443096966,7.688521118273161 4.349873706030104,52.05431443186834,7.622353382696077 4.349872221003349,52.05431443864074,7.555156180697505 4.349870737672132,52.05431445061283,7.486881449114587 4.349869256813022,52.05431446755168,7.417572006484605 4.349867778170345,52.05431448932711,7.34720861181431 4.349866301463747,52.05431451561028,7.275802867425254 4.349864827358302,52.05431454581909,7.203434598377652 4.349863355754355,52.05431457907954,7.130018839995963 4.349861886297383,52.05431461548611,7.05547797404553 4.349860419708807,52.0543146559805,6.97993624527112 4.34985895666724,52.05431470009709,6.903481333338258 4.349857497352482,52.05431474693775,6.826029897838522 4.349856041268894,52.0543147975636,6.747439514242668 4.34985458778769,52.05431485396858,6.667724770188852 4.349853136897863,52.054314917052345,6.587006682330564 4.3498516881363924,52.0543149871047,6.50533347554839 4.349850240798826,52.05431506510736,6.422738998786839 4.3498487950061815,52.054315151221964,6.339234432941949 4.349847352064738,52.05431524356463,6.254823454734035 4.349845912441666,52.05431534080676,6.1694895575726125 4.349844475639474,52.054315443536254,6.083278148993299 4.349843040769786,52.05431555214765,5.996249681857282 4.349841607653823,52.054315664957684,5.9083118961423775 4.349840177245696,52.05431578053167,5.819355761221171 4.349838750750301,52.054315899889964,5.72951753227642 4.349837329333128,52.05431602399033,5.6390071385215546 4.349835913211471,52.05431615398784,5.547916541445146 4.349834499586463,52.05431629267983,5.45635346779153 4.349833085602671,52.05431644035963,5.364467268917261 4.349831672075864,52.054316594086806,5.272331839864575 4.349830260158148,52.05431675433409,5.1800176995049485 4.349828848368953,52.05431692447552,5.087568772218337 4.34982743596775,52.05431710396691,4.994992267023055 4.349826023603628,52.05431729091345,4.902329426692617 4.3498246111706225,52.05431748610763,4.809544576954012 4.349823197874959,52.05431769039084,4.716578118376043 4.349821783929897,52.054317902798,4.623515411923298 4.349820368528436,52.05431812218552,4.530385693222815 4.349818949730816,52.054318348117405,4.437205228047335 4.349817526743241,52.054318580593765,4.344136477119687 4.349816099156344,52.054318820681836,4.251284669977374 4.3498146661828825,52.05431906876156,4.158570278466397 4.349813228166043,52.05431932447501,4.066045099161896 4.349811783992973,52.054319590094664,3.973987155816121 4.3498103291963295,52.05431986688359,3.882599740603572 4.349808859800122,52.054320152376356,3.791945798092816 4.349807375887146,52.05432044535207,3.702010873649993 4.349805880315637,52.05432074779753,3.612702244071593 4.3498043756324885,52.05432106031538,3.523919777395617 4.349802862513578,52.05432138056245,3.435598903582407 4.3498013388052446,52.05432170796783,3.347854504234365 4.349799801490647,52.054322042889346,3.260931702074052 4.349798250801306,52.05432238420537,3.1748961438931924 4.349796688317996,52.05432273199545,3.089652139765048 4.349795114550568,52.054323087418965,3.005313257535424 4.349793529285469,52.05432345111044,2.922127551611945 4.349791932841192,52.054323822916615,2.840227386203729 4.349790324918491,52.05432420340725,2.7597339926405 4.3497887041222,52.05432459454555,2.6808207205745327 4.349787069081751,52.05432499758234,2.603366185374006 4.349785419488581,52.05432541202158,2.5271726562940326 4.349783756547539,52.054325836802136,2.4523644162934577 4.349782081545829,52.05432627114861,2.379104249359666 4.349780393798873,52.05432671483134,2.30741219775257 4.349778691987812,52.05432716717131,2.237246354196227 4.349776975726258,52.054327627256775,2.168609891583227 4.349775244681587,52.05432809541378,2.101572664037037 4.349773498772458,52.05432857189826,2.036279425784158 4.349771740360414,52.0543290566962,1.9730096800889996 4.349769972757223,52.05432955143672,1.9119197753262664 4.3497681968400395,52.05433005936934,1.853091495248604 4.349766412849342,52.05433058247902,1.7967830404546172 4.349764621384296,52.05433112129591,1.742974333378689 4.349762822114909,52.0543316758638,1.6913693858968817 4.349761012704568,52.054332245083074,1.6419090610141112 4.349759192032578,52.054332827019635,1.5947385261331148 4.3497573611163824,52.05433341958264,1.5499373937331875 4.349755520804077,52.05433402079157,1.5075273389527235 4.349753672797111,52.05433463045229,1.4676332211003398 4.349751820006611,52.0543352504957,1.4303748882273934 4.349749963192636,52.05433588027314,1.3957418182588426 4.349748103148542,52.054336517095685,1.3637661550801774 4.349746242549493,52.054337160972246,1.3344336938117898 4.3497443831558815,52.05433781233321,1.3076853695652455 4.34974252491508,52.05433847044685,1.2835596615854128 4.349740666854985,52.05433913518902,1.2620435233441298 4.349738808498753,52.054339806348025,1.2431594617551065 4.349736950560172,52.054340483488765,1.22703064177731 4.349735093944861,52.05434116692973,1.2136867406462366 4.349733238236585,52.054341856097025,1.203002160317714 4.349731383846399,52.054342550583954,1.194935738763153 4.349729533587967,52.054343251617254,1.189604835127821 4.349727688073919,52.05434395979243,1.186956696321399 4.3497258476224605,52.0543446746754,1.186903337943425 4.349724014018517,52.05434539683591,1.1895880159224574 4.349722188862023,52.054346126790726,1.1951186786538313 4.349720373992788,52.05434686414936,1.2034014558446495 4.349718572115873,52.05434760875488,1.21437018727109 4.349716785190637,52.0543483606914,1.2281649235547722 4.3497150134260645,52.05434911930845,1.2449026620134316 4.349713256381192,52.05434988300616,1.2644103153080604 4.349711515691278,52.05435065054988,1.2864915823208534 4.349709793939692,52.05435142233313,1.3111453909855793 4.349708090423692,52.05435219839392,1.338341612648 4.349706402968431,52.054352977499214,1.3679787862684285 4.349704732384539,52.05435375928274,1.4000041555492295 4.349703080367044,52.054354544198105,1.4343445778801804 4.349701445702591,52.05435533182052,1.4709085937041892 4.349699827923532,52.05435612172815,1.5097309620481556 4.349698229063257,52.0543569157644,1.5508735822617956 4.349696649628349,52.05435771487149,1.594332969097299 4.349695091056123,52.05435851691826,1.640083418747915 4.349693554785515,52.05435932162073,1.6880366796461974 4.3496920414288285,52.054360129637416,1.738107737681794 4.349690551768664,52.05436094019921,1.790172674862276 4.349689085289585,52.05436175283506,1.843978816503953 4.349687640297625,52.054362568205896,1.8993345956117165 4.34968621361107,52.05436338577154,1.956041546332242 4.349684804085003,52.0543642024302,2.013964658115532 4.349683414139099,52.054365015555845,2.0731330254100166 4.349682040730319,52.0543658263086,2.1334186607563552 4.3496806783318895,52.05436663765689,2.19467155230917 4.349679327291923,52.05436745028396,2.257052487858191 4.349677987313976,52.054368263272636,2.3206586081663634 4.349676655855481,52.05436907760845,2.385325097402685 4.349675332887358,52.054369895163305,2.4509164440164266 4.349674022564675,52.05437071628062,2.5174176167539644 4.349672732096088,52.054371542150385,2.5849639425813877 4.349671461991897,52.05437237460782,2.653614161241664 4.3496702063243236,52.05437321297585,2.7231047066874856 4.3496689640193615,52.05437405515585,2.7931223074183533 4.349667734487896,52.054374900597054,2.8635117242345025 4.349666515265501,52.054375749113625,2.9340521803690995 4.349665309655893,52.054376600227684,3.004642599680952 4.349664122880644,52.0543774541634,3.075319556642095 4.349662954905321,52.05437831385122,3.1458369267819704 4.34966180836025,52.054379184436,3.2158243221666365 4.349660690824927,52.05438006833048,3.2852205783424884 4.349659597737701,52.05438096383335,3.3541733569796306 4.3496585133852985,52.054381867266464,3.4227888807001223 4.349657431731805,52.05438277360821,3.491186686367122 4.349656351718689,52.05438367967818,3.5593564132945774 4.349655268748198,52.05438458611279,3.626960713052352 4.3496541847651065,52.05438549448894,3.69363401381314 4.349653104959032,52.054386405978164,3.759188802480595 4.349652027842235,52.054387321411774,3.8235988305297735 4.349650949713366,52.054388241345336,3.88700272178578 4.349649867979455,52.05438916672543,3.949575940753574 4.349648780535904,52.05439009753222,4.011301386788493 4.349647687627212,52.054391033162744,4.07195681345661 4.349646593066862,52.05439197400875,4.13125135598475 4.349645499249822,52.05439292052028,4.188908082988149 4.349644405501134,52.05439387237108,4.244699042441249 4.34964331293275,52.05439483041277,4.29870726670128 4.349642224402966,52.05439579630906,4.351314695414362 4.349641140791491,52.054396770193286,4.402744277445491 4.349640060173465,52.05439774955074,4.452837251869715 4.349638983463143,52.05439873224962,4.501394860155026 4.349637915733313,52.05439971875219,4.548468180536087 4.34963685493674,52.054400709286575,4.593920941427129 4.349635796537526,52.0544017024322,4.63739085684314 4.349634745172822,52.05440269790474,4.6788926812785805 4.349633704855554,52.054403696910676,4.718570350291919 4.349632674042966,52.05440469891741,4.756328406863116 4.3496316514196804,52.054405704353876,4.792095337443603 4.349630636348983,52.05440671648497,4.826049460038849 4.349629627574089,52.05440773535575,4.858473806877931 4.349628623146575,52.05440875717634,4.889370213266134 4.349627622763665,52.05440978000293,4.918684304905144 4.349626625438486,52.054410804005094,4.946487456767838 4.349625626863686,52.05441182965917,4.972624596437969 4.349624626784455,52.05441285628863,4.996857311046743 4.349623627777333,52.05441388285767,5.019130285507417 4.349622628101682,52.05441490990058,5.03947955021294 4.349621626184381,52.05441593872538,5.058021001839925 4.349620624558699,52.054416969833255,5.07480060740681 4.349619624263449,52.05441800223039,5.089670118521848 4.349618624080608,52.05441903567539,5.102594224421821 4.349617626194349,52.05442007214628,5.113790265790506 4.349616634034217,52.05442111273027,5.123457460869973 4.349615646434632,52.05442215530753,5.1315753206448855 4.349614660546759,52.05442319696185,5.137891997163811 4.349613676878952,52.054424237275825,5.142199537465336 4.3496126991534245,52.05442527642703,5.144710402218442 4.3496117306406195,52.054426314730364,5.145732663168531 4.349610769836596,52.05442735266439,5.145207573604461 4.349609814358048,52.05442839063632,5.143123451246305 4.349608868563113,52.05442942991352,5.139721001156684 4.3496079344132,52.054430470591164,5.135086211607344 4.349607009197823,52.054431510881635,5.129118826605331 4.34960609417917,52.05443255127488,5.121777178638579 4.349605190819791,52.05443359348803,5.113185366640444 4.3496042974949924,52.05443463667483,5.103386958678725 4.349603412676804,52.05443567920529,5.092176187838639 4.349602537001776,52.05443672161494,5.079602846087017 4.349601669730575,52.054437765306936,5.0658416808283615 4.349600807714669,52.05443880990019,5.050673801541962 4.34959995110706,52.054439854367516,5.033950551316231 4.3495991004924255,52.054440899200635,5.015661519736678 4.349598253365656,52.05444194546267,4.995750932362802 4.349597409492387,52.05444299317739,4.974363486782903 4.349596570494458,52.05444404153838,4.95162094162708 4.349595735978198,52.05444508970542,4.927507358622129 4.349594904357399,52.054446137568334,4.902104284453087 4.349594074730827,52.05444718565771,4.875560460580676 4.349593246767752,52.054448233244266,4.847885526076212 4.349592419524607,52.054449278981394,4.818997389081609 4.349591594061466,52.05445032266832,4.7889829772967545 4.349590770848211,52.054451365420995,4.757875910786379 4.34958994783051,52.054452406068556,4.725512128243593 4.349589125708677,52.05445344225474,4.69176870305177 4.349588307637008,52.054454474411884,4.656557360096217 4.349587493946407,52.05445550398716,4.619861051535201 4.349586683169468,52.054456530769905,4.581779882307551 4.34958587842778,52.05445755510508,4.5425911622087 4.349585085348028,52.05445857948759,4.502840907532362 4.34958430405468,52.054459606429326,4.462815472401318 4.349583531900335,52.054460636590946,4.422314116470277 4.349582768409056,52.05446166918918,4.381106210910627 4.349582012547364,52.054462704698324,4.338861648964879 4.349581261752161,52.054463743493265,4.295197495666857 4.349580515650726,52.05446478382864,4.250182863199624 4.349579775488639,52.05446582482474,4.204013097964705 4.349579041869545,52.05446686701764,4.156797383280332 4.3495783160020745,52.05446791026231,4.108903819470728 4.3495775989280405,52.05446895413443,4.060635165133675 4.349576889198867,52.05446999820361,4.011887943624501 4.349576183539231,52.05447104193733,3.962351160469484 4.349575481334808,52.05447208496309,3.911974033013231 4.3495747836985394,52.05447312710735,3.860936069709795 4.349574089343772,52.0544741668136,3.809146719164385 4.349573397197775,52.05447520359539,3.75643380606376 4.3495727083959626,52.054476239195836,3.702955848601434 4.349572022027884,52.05447727378955,3.6488749138667447 4.349571335948873,52.054478306272074,3.594211210670856 4.349570650085743,52.05447933828998,3.5390362182532265 4.349569963590887,52.05448037208791,3.483385487312673 4.349569274422148,52.05448140702376,3.4271054761925 4.349568583273118,52.054482442586824,3.3700892713094106 4.349567891761037,52.05448347989172,3.3125490897650183 4.349567198933128,52.05448451893063,3.2546442620655043 4.349566504501717,52.05448555877554,3.1963094587515237 4.34956580995021,52.05448659913943,3.1375855222574804 4.349565116461611,52.054487640222895,3.078579925617805 4.349564425651005,52.05448868240814,3.01935318591197 4.349563737548965,52.05448972583949,2.959896479633388 4.349563050926551,52.054490770499854,2.9001532985316736 4.349562365612942,52.054491816122656,2.840221823251298 4.349561681459051,52.054492861280025,2.780300513214621 4.349560998945826,52.054493906041294,2.7204474354501302 4.34956031852562,52.05449495073183,2.6607096551847027 4.349559637467997,52.05449599373436,2.601152850907954 4.349558953780172,52.05449703505716,2.541737074325619 4.349558266946931,52.054498075799216,2.4823902431110776 4.349557576553147,52.0544991153924,2.423135081258049 4.349556884689251,52.05450015485615,2.364037846918105 4.349556192741325,52.05450119706245,2.305155886484646 4.3495555006989015,52.05450224406988,2.246606125230354 4.349554807851463,52.05450329745328,2.1885391295531287 4.349554109154685,52.05450435954218,2.131036765458672 4.349553397721044,52.05450543284087,2.0739846293412083 4.349552672919322,52.054506517356614,2.0171766594207865 4.349551942459077,52.054507610874225,1.9606242536869531 4.3495512147084465,52.05450871164709,1.9044933211214476 4.349550492426366,52.05450981886587,1.848942144143865 4.349549775559165,52.054510931893134,1.794177105363311 4.349549064802893,52.05451205087129,1.7403553304598092 4.349548360577718,52.054513176771735,1.6873575831045646 4.349547662329599,52.05451431053116,1.6349067585076458 4.349546969830644,52.0545154501201,1.5830698773533565 4.349546282169823,52.05451659178603,1.5321144424145612 4.349545598491562,52.0545177335719,1.4819324471368691 4.349544918590295,52.05451887616555,1.432195280943607 4.349544242584867,52.0545200210635,1.3828891608909462 4.349543570936156,52.05452117015207,1.3342444328459515 4.349542903358473,52.05452232485753,1.286477487187335 4.349542238087871,52.05452348453344,1.2396079604357717 4.349541573068518,52.05452464750094,1.193507472148452 4.349540905199135,52.05452581386729,1.1482343423587675 4.349540227587157,52.05452698530887,1.1040353535477687 4.349539533274309,52.05452816247266,1.060946870025486 4.349538823016606,52.05452934460553,1.018706995367999 4.34953810398855,52.05453053064477,0.9771705495039014 4.349537381767864,52.054531719686295,0.9363459891130222 4.349536656798628,52.05453291135491,0.8960241795432615 4.3495359278727985,52.05453410701458,0.8560966039777536 4.349535195148562,52.054535309121164,0.8168707849206576 4.34953445918995,52.05453651856972,0.7785038504685422 4.3495337217935655,52.054537734414474,0.7409593940961486 4.349532987756542,52.05453895638351,0.7045476720120095 4.349532261115729,52.054540185076306,0.6696124603690801 4.34953154101432,52.05454141893612,0.636017627936175 4.3495308253699445,52.05454265580611,0.6034836523379694 4.349530114234306,52.054543896143784,0.5720281295173844 4.349529407850909,52.05454514030347,0.5417225681625005 4.349528704297171,52.05454638686871,0.5123845201324738 4.349528001555979,52.05454763327915,0.483915674734346 4.349527300027177,52.05454887818624,0.4565668103085738 4.349526601474743,52.054550122737915,0.4305899516951326 4.349525906371569,52.05455136894401,0.4059972171557784 4.3495252137805345,52.05455261698548,0.3828470680493687 4.349524522420465,52.05455386576764,0.3613178150146353 4.349523830378147,52.05455511429311,0.3415521891424458 4.34952313395451,52.05455636199558,0.3234413389801462 4.349522428353187,52.05455760835341,0.3065611574118531 4.349521713120311,52.054558853162604,0.290769474917584 4.349520991044656,52.05456009723335,0.2762699716441484 4.349520261994089,52.054561340042824,0.2631068493741709 4.349519525978115,52.054562579614405,0.251259652710238 4.349518784228364,52.05456381625743,0.2407109782875053 4.34951803582363,52.05456505116373,0.2314586935631688 4.349517279272238,52.05456628363561,0.2235927821564473 4.349516514658403,52.05456751232467,0.2171640062306619 4.349515743026311,52.0545687357699,0.2122055842925547 4.349514964593459,52.054569952630516,0.2088413285234331 4.349514177968874,52.054571162216725,0.2071569716074 4.349513381262498,52.0545723654766,0.2069658760961243 4.349512572285612,52.0545735640512,0.2079727572062182 4.3495117493306745,52.05457475729034,0.2101537577269732 4.3495109115638995,52.05457594418904,0.2135290610670921 4.349510060388722,52.05457712596687,0.218048362488471 4.349509198961967,52.05457830399952,0.2240249336397006 4.349508327001995,52.054579477421264,0.2318612363085936 4.349507443127545,52.05458064497901,0.2415127932297185 4.349506548259014,52.054581807303116,0.2528100344183559 4.349505642725071,52.05458296280385,0.2658925497652536 4.349504724264459,52.05458410696997,0.2808316615411921 4.349503792119009,52.05458523732977,0.297400986755902 4.349502848398295,52.05458635301121,0.3155499347411138 4.3495018955299605,52.054587453066894,0.3354093274474069 4.349500935168773,52.05458853878203,0.3569663188293585 4.349499966630187,52.05458961161496,0.3801531345701154 4.349498990094196,52.05459067214859,0.4051173388142072 4.34949800852118,52.05459172015231,0.4321287010015867 4.349497022888532,52.05459275452245,0.461318723674187 4.349496030821746,52.05459377481472,0.4926972230296972 4.349495028228689,52.05459478076529,0.5263111652549092 4.349494009375226,52.054595770276705,0.562205430765505 4.349492968690752,52.05459673991475,0.6001084885602079 4.349491906786277,52.0545976865222,0.6396515950947478 4.349490829007447,52.05459860750439,0.680805253633568 4.349489738244701,52.054599501521125,0.7233575773409991 4.349488635242838,52.05460037034094,0.7666255301347236 4.349487522421512,52.05460121704468,0.8102949051154358 4.3494864011259695,52.054602041150964,0.8546371207986321 4.349485270040264,52.05460284008418,0.8999579990191088 4.349484129307991,52.05460361286389,0.9465819650089676 4.349482979083871,52.054604359556215,0.9948230486151716 4.349481816022775,52.054605080678364,1.0446231959623296 4.349480636866532,52.05460577700282,1.095738313488334 4.349479440799351,52.054606448683515,1.1480530028061513 4.349478228351446,52.05460709491108,1.2013947465547086 4.3494770034575305,52.05460771488601,1.2556189225938743 4.349475771403863,52.05460830835543,1.3108699349609363 4.3494745336217076,52.05460887541475,1.367286885705308 4.349473288501508,52.05460941736952,1.424678627586923 4.349472036321633,52.054609934689346,1.482952427386775 4.349470778673271,52.05461042465171,1.5422591313876215 4.3494695149450004,52.05461088533396,1.6025273821762107 4.34946824426912,52.05461131791287,1.6635475626839904 4.349466967854683,52.05461172284597,1.7252164533581045 4.349465687463554,52.054612099706134,1.7874597327857762 4.349464403439489,52.05461244989915,1.85015365161296 4.349463116427453,52.054612774260775,1.9131944790008668 4.349461827486546,52.0546130726733,1.976505093975128 4.3494605371578405,52.05461334600066,2.0400140868788275 4.349459246821342,52.0546135939221,2.10365872951071 4.349457957058349,52.05461381617788,2.1672979249572384 4.3494566669336026,52.05461401449843,2.230820046137396 4.349455375876933,52.05461418954227,2.294236694803096 4.349454082665443,52.05461434057902,2.3575243521000617 4.349452785271992,52.05461446874579,2.4204242137157186 4.349451483944159,52.05461457610192,2.482690521497794 4.349450181334035,52.05461466255657,2.544281217593898 4.349448876976681,52.05461472881372,2.605060224506752 4.349447570564155,52.05461477650289,2.664922551776703 4.349446265031209,52.054614804423586,2.724124835263829 4.3494449628792236,52.05461481084122,2.782852847025429 4.349443665892184,52.054614796048774,2.841004683174428 4.349442375549896,52.054614761042565,2.8985390831909448 4.349441092270701,52.05461470675914,2.9555415764389554 4.349439815229926,52.05461463436743,3.0120330924555665 4.349438544043152,52.05461454437104,3.067984145035682 4.349437278643846,52.0546144367897,3.123440877317337 4.3494360181041785,52.05461431224091,3.178574515570462 4.349434762775284,52.05461417116205,3.233566350184612 4.349433515328671,52.05461401293312,3.2884015752117386 4.349432277824952,52.054613836864874,3.3429908600875224 4.34943104942734,52.05461364375276,3.397290901996973 4.34942982926591,52.054613434728005,3.4511994448833674 4.3494286180871775,52.054613210064616,3.504564166407244 4.349427415674429,52.05461297068021,3.557251672532988 4.349426221475424,52.054612717945524,3.609138024805091 4.349425036712903,52.05461245168341,3.6601812780147416 4.349423862050122,52.05461217180138,3.710390737725745 4.349422697035927,52.054611880305856,3.7596668696682047 4.349421542842345,52.05461157862556,3.807994359135641 4.349420401891792,52.05461126652705,3.8555236649605606 4.349419276387679,52.05461094434674,3.90238274594052 4.349418166758055,52.054610612472864,3.948669808585649 4.349417070018992,52.05461027030225,3.994384579488884 4.349415983302235,52.05460991661861,4.03940248067297 4.349414906254855,52.054609550826825,4.083657334306145 4.349413838393602,52.054609173619674,4.127221654045101 4.349412780666653,52.0546087860584,4.170093798192342 4.349411733853046,52.05460838900389,4.212235552092078 4.349410697515206,52.05460798326042,4.253704258266595 4.3494096731888785,52.05460756827173,4.29456543447698 4.349408661725231,52.05460714329187,4.33479453858625 4.3494076606528385,52.054606709935676,4.374349615595672 4.349406669661358,52.05460626891628,4.413337506414047 4.3494056906142085,52.05460581925466,4.451822468530669 4.34940472141211,52.05460536211761,4.489782399130879 4.349403760048905,52.05460489864542,4.527280255932021 4.349402810504272,52.05460442760034,4.564218173643902 4.349401875473722,52.05460394856473,4.600426482438252 4.349400952686722,52.05460346329475,4.635972368567045 4.349400041385684,52.054602972756335,4.670949265368932 4.3493991421873615,52.054602476018395,4.70529300988748 4.349398253260336,52.05460197343566,4.738905065992832 4.349397373142348,52.05460146644946,4.771817891173016 4.349396503141085,52.05460095451978,4.804138020124618 4.3493956441990305,52.05460043680748,4.835844412606607 4.349394796152425,52.05459991327093,4.866871409905061 4.349393959158158,52.05459938340705,4.897271625297448 4.349393133764991,52.054598847114335,4.927149239125287 4.349392320448497,52.054598304961345,4.956569305135671 4.349391517928755,52.054597756982375,4.985616810038887 4.349390724544936,52.05459720305991,5.014343292211549 4.3493899410838806,52.05459664411752,5.042665101291702 4.349389168580102,52.0545960811725,5.070540436370942 4.349388406555539,52.05459551470771,5.098000576227354 4.349387654643114,52.054594945539144,5.124984703987344 4.349386910837412,52.05459437379656,5.151436869902841 4.349386172551057,52.05459379978029,5.177323983118669 4.349385439557861,52.05459322440231,5.202612682952872 4.349384712031205,52.05459264759863,5.227350586148813 4.349383989194661,52.054592069116104,5.251538541688287 4.349383271265294,52.05459148929319,5.275140243133948 4.34938255853256,52.05459090792608,5.298280322180204 4.349381850658707,52.054590324987174,5.3210579239696125 4.349381148443781,52.05458974104145,5.343408597181078 4.34938045267431,52.05458915594779,5.365357224544679 4.349379763247004,52.05458856888906,5.387043351439475 4.349379080754988,52.05458797968505,5.408491482981563 4.349378406331677,52.05458738808177,5.429671057201274 4.349377739776609,52.0545867941803,5.450593448636179 4.349377081257474,52.05458619908615,5.471187278526006 4.34937643197882,52.05458560167401,5.491366147502587 4.349375789710648,52.054585000380186,5.511182372966887 4.3493751526670925,52.054584396146005,5.5306972597178685 4.349374522346298,52.054583789833764,5.549915280045159 4.349373899052836,52.05458318194357,5.568849127862372 4.34937328326622,52.054582572849576,5.587465806261033 4.349372675961083,52.054581961935206,5.60573753958846 4.349372077079453,52.05458134879076,5.623698588652861 4.349371486875756,52.05458073370575,5.641327532822119 4.349370905797288,52.05458011711731,5.658568895835632 4.349370333070031,52.05457949894103,5.675499187133979 4.349369767134654,52.054578879497235,5.692216743363939 4.349369208019646,52.05457825950672,5.70868303442419 4.349368656174451,52.05457763781279,5.7248562350954 4.3493681101456945,52.05457701438444,5.740754704800539 4.349367569181614,52.05457639072558,5.756376663379163 4.349367034578225,52.054575766804724,5.77167273429849 4.349366505560076,52.05457514250753,5.786623672373833 4.349365981655648,52.05457451762253,5.801227912372477 4.349365464438452,52.05457389143651,5.815465051162924 4.349364954074334,52.05457326537542,5.8293483194222615 4.349364449662299,52.05457264053201,5.842953073973481 4.349363950379508,52.0545720159896,5.856305117907048 4.349363456648824,52.05457139146794,5.869366753128386 4.349362969587507,52.05457076660822,5.882163968940325 4.349362487931755,52.054570140742136,5.894756910841508 4.349362010661133,52.05456951415818,5.907164418268725 4.349361538939619,52.05456888690134,5.919337107868828 4.3493610712696995,52.05456825937744,5.931295563249407 4.349360606257467,52.05456763123868,5.943100198298538 4.349360145168334,52.05456700130773,5.954700609107072 4.349359688796605,52.054566369995456,5.966066963088691 4.349359237964014,52.05456573814635,5.977195557630369 4.349358791105179,52.054565106341116,5.9881262497232335 4.349358346110432,52.05456447343639,5.9990003912658425 4.349357905160065,52.05456383724223,6.00982243390881 4.349357469448155,52.0545631989739,6.020463892217016 4.349357036856263,52.05456256108883,6.030950482088127 4.349356608021732,52.054561922383265,6.041255018987743 4.349356183806398,52.05456128154176,6.051270657163652 4.349355763788071,52.054560639365384,6.061111609283397 4.349355349934132,52.05455999491282,6.070852238023871 4.349354942810943,52.05455934745449,6.080423809013533 4.3493545430560685,52.05455869853796,6.089748208931998 4.34935415244612,52.05455804903917,6.098631765758698 4.349353768761268,52.054557399151726,6.107009627857117 4.349353389764713,52.054556748575045,6.115098744005165 4.34935301681526,52.054556096655396,6.122989386388672 4.349352649293717,52.05455544344084,6.130628421549479 4.349352284574609,52.054554789619075,6.138044366773808 4.349351922290567,52.05455413603,6.145329364114765 4.349351565622185,52.05455348290396,6.152512942814175 4.349351217425741,52.05455282883466,6.159502009128409 4.349350874511342,52.05455217346132,6.166395277597158 4.349350536039573,52.05455151764605,6.173166632782044 4.349350205948719,52.05455086096752,6.179411249923217 4.34934988162821,52.054550203181584,6.185232119894904 4.349349561200332,52.05454954478013,6.190946433764791 4.349349248134105,52.05454888604683,6.196453949627033 4.349348942339848,52.05454822706614,6.201725107905784 4.349348642186449,52.05454756823341,6.20675086520941 4.34934834710296,52.05454690990424,6.2114094006789005 4.349348056223689,52.05454625106755,6.215732407976256 4.349347769661729,52.054545590465196,6.219855497109826 4.349347487278036,52.05454492810691,6.223828561777214 4.34934720822195,52.054544264363074,6.227583377863718 4.349346932545753,52.05454360008703,6.231081490054835 4.349346659528945,52.05454293660168,6.234435743001152 4.349346387997159,52.05454227317707,6.237803621552843 4.349346118448599,52.05454160802143,6.241260388036917 4.3493458515138945,52.05454094140485,6.24480148676374 4.349345588143285,52.054540274053,6.248306408755508 4.349345329965457,52.05453960619779,6.25148800024297 4.349345077137691,52.05453893864488,6.254080851274295 4.349344828614681,52.05453827123851,6.25612987127921 4.34934458328371,52.05453760355007,6.257966344028901 4.34934434085847,52.05453693550611,6.259875228533572 4.3493441021791455,52.05453626691091,6.261841916153549 4.349343867963259,52.05453559789239,6.263540114765527 4.349343637833068,52.054534928238645,6.264825236992489 4.349343410296072,52.054534257004505,6.26599345668113 4.349343184570143,52.05453358405319,6.267219858575082 4.349342962182034,52.05453290981728,6.268364816507487 4.349342744425326,52.05453223429359,6.269293164053775 4.349342530208241,52.054531557258,6.269977504700879 4.349342319181127,52.05453087766024,6.270403970970404 4.349342112017035,52.054530194495314,6.270579442220351 4.349341908477787,52.054529509307486,6.270524114690068 4.349341708816303,52.05452882454603,6.270216468726975 4.349341513502272,52.05452814091574,6.269519257942367 4.349341321296136,52.054527457967275,6.268250013479159 4.3493411308882886,52.0545267743785,6.266464249996571 4.34934094199756,52.054526088979415,6.264447419742835 4.349340754373842,52.05452540315069,6.262365814049616 4.349340567412251,52.054524719559254,6.260112072037007 4.349340380755626,52.05452403838957,6.257539447841277 4.349340196295156,52.054523356714704,6.254783093785233 4.3493400161404905,52.05452267247112,6.252129264041562 4.34933983953193,52.05452198659854,6.249543582180804 4.349339664327262,52.054521299522776,6.246876377605812 4.349339489623389,52.054520611706046,6.244219695713755 4.349339317208923,52.05451992515951,6.24160172154728 4.349339150487986,52.0545192378314,6.238890538835301 4.349338990471534,52.054518546993215,6.236106247079643 4.349338834240546,52.05451785494829,6.233269409104583 4.349338678997185,52.054517162498676,6.23023544722319 4.34933852427767,52.05451646888773,6.226932663376248 4.349338370903864,52.054515775114425,6.22337021605383 4.3493382208246265,52.05451507911816,6.219660685459468 4.349338074681308,52.05451437955814,6.215944845374143 4.349337929848651,52.05451367829757,6.212096319785331 4.349337784327285,52.054512975530415,6.208059050910324 4.349337638021215,52.05451227141411,6.203925885671161 4.349337492334196,52.05451156638483,6.199634119924388 4.349337350018123,52.05451085953033,6.195313478633032 4.349337211847004,52.05451015159395,6.191028334882934 4.349337076356822,52.0545094445054,6.186588736012246 4.3493369423155395,52.05450873927342,6.181914551292431 4.349336810027117,52.05450803467002,6.176876086113923 4.349336681980516,52.05450732810193,6.171536471079291 4.349336560052726,52.05450661844829,6.1661034994255655 4.349336442051745,52.05450590649127,6.160413386592368 4.349336324821354,52.054505193773664,6.154238545478502 4.349336208067302,52.05450448050852,6.147521420812956 4.349336094005949,52.054503764872464,6.1402791820878 4.349335984287152,52.05450304686799,6.132629372151699 4.349335877489154,52.054502328217716,6.124547197998719 4.349335771145835,52.05450160992808,6.115930433766325 4.349335663258032,52.05450089259759,6.106792266802195 4.349335553130334,52.05450017462601,6.097112129346995 4.349335442879046,52.054499454358755,6.087051026214741 4.349335334417853,52.05449873266348,6.076879618862892 4.349335227349676,52.05449801011287,6.066649689162135 4.34933512055162,52.05449728610947,6.056233981183253 4.349335013315869,52.05449655981182,6.045432493613317 4.349334906143293,52.05449583128874,6.03423153805898 4.349334799148783,52.054495101217604,6.02271815070924 4.3493346923502445,52.05449437025437,6.010915478500715 4.349334585690585,52.05449363940481,5.998783878044732 4.349334477718997,52.05449290835342,5.986187203589954 4.349334369267506,52.05449217614129,5.97316884276468 4.349334261747854,52.05449144310494,5.959814235707139 4.349334154084344,52.05449070950404,5.946049671059659 4.3493340454837774,52.05448997583376,5.931863140245249 4.349333935109689,52.054489242722845,5.917244544259958 4.349333823332277,52.05448850836897,5.902178260065606 4.34933371037887,52.05448777221234,5.886703007357812 4.349333593531576,52.05448703538382,5.870815232898665 4.34933347195873,52.0544862972678,5.854460866455026 4.349333347348569,52.05448555755572,5.837626464275209 4.349333221075203,52.05448481686511,5.820360095239711 4.349333093412955,52.054484074688496,5.802605248666135 4.349332961937848,52.054483330831474,5.784292318568741 4.349332823897089,52.05448258618333,5.7655223150871695 4.349332679574255,52.05448184066594,5.746378217468406 4.349332530691449,52.054481093263384,5.726854441522156 4.349332376424455,52.054480343475085,5.706989068337507 4.349332214947287,52.054479591372925,5.68690428902574 4.349332047583841,52.05447883782033,5.666742812078575 4.349331875207999,52.054478084018676,5.6464905317063785 4.349331698069583,52.05447733021618,5.626035842268902 4.3493315184441,52.05447657638964,5.605397731790465 4.349331337421465,52.05447582316607,5.584691642351485 4.349331153397961,52.054475070755814,5.563915754241336 4.349330963990385,52.05447431882842,5.542951292517149 4.349330769217915,52.054473567063106,5.521761486632182 4.34933056922694,52.05447281505398,5.500340489966202 4.349330359116562,52.054472063054874,5.478666053393614 4.349330135995034,52.05447131112416,5.45678725133467 4.349329903828178,52.05447055842267,5.434703001241898 4.349329662846149,52.05446980578481,5.412459475258305 4.349329408142132,52.05446905489184,5.390157915032031 4.34932913954149,52.054468304625615,5.367641518536829 4.349328860152868,52.0544675532079,5.344814306706719 4.349328568574951,52.05446680065762,5.32185519877829 4.349328261603912,52.054466046120176,5.298808632124768 4.349327941314652,52.054465288868414,5.275695131877706 4.349327611449298,52.05446453033713,5.252667563255107 4.3493272712111,52.05446377140717,5.2297678833477885 4.34932691883798,52.05446301158898,5.207045097440759 4.349326555987296,52.05446225060536,5.184677313951606 4.34932618563768,52.054461488790956,5.162681928220611 4.349325809186719,52.05446072640472,5.140945338416516 4.349325427261891,52.05445996331062,5.119470898942318 4.349325040398449,52.05445919934405,5.098237339712215 4.349324648223867,52.05445843445034,5.077150039136672 4.349324251103768,52.054457668395514,5.056187415396291 4.349323850739499,52.05445690118244,5.035395774020914 4.349323446318328,52.054456133746356,5.014809327354115 4.349323035632669,52.054455366762284,4.994435880618842 4.349322619959723,52.054454599816026,4.9743051533809926 4.349322199709161,52.05445383270409,4.954489073313289 4.349321771289867,52.05445306580305,4.935043357192158 4.349321333023686,52.05445229858865,4.9159178467916895 4.34932088591766,52.05445152969789,4.897043757577445 4.349320429066914,52.05445075913373,4.878506727461838 4.349319961596817,52.05444998784994,4.86040020514884 4.349319486670608,52.054449216209015,4.842658431582752 4.349319006826949,52.0544484449063,4.8252396834894045 4.349318521326248,52.054447673952716,4.808122066229831 4.349318032066433,52.05444690208328,4.791220411927228 4.3493175428182305,52.05444612928174,4.774561234252477 4.349317054210023,52.0544453558116,4.758217487725978 4.349316565620667,52.05444458097547,4.742235712896483 4.349316076754555,52.05444380480289,4.726688620735615 4.349315587059772,52.05444302751429,4.711558556130658 4.3493150969028544,52.054442248580706,4.696719451984748 4.349314606782019,52.05444146797262,4.682069492757446 4.349314117160597,52.05444068659192,4.6676170618731945 4.349313629319997,52.0544399041873,4.653375500712562 4.349313144176978,52.054439119626245,4.639318309582935 4.349312661966211,52.05443833312497,4.625392942960394 4.349312182334342,52.05443754568777,4.611440940606453 4.349311704154987,52.0544367570488,4.597412979232792 4.34931122802126,52.05443596685396,4.583509396960851 4.3493107556948045,52.054435175347216,4.569851601575128 4.349310288279338,52.05443438342925,4.55637377850721 4.349309827186503,52.05443359161882,4.542979127695985 4.349309373289397,52.054432800146756,4.529674873432455 4.349308925194115,52.05443200912423,4.51655858003456 4.349308482342972,52.05443121820281,4.50366804165265 4.349308046062416,52.054430427070514,4.490972072196286 4.349307615690538,52.05442963602859,4.478465429297565 4.349307189399699,52.05442884606845,4.466149101206799 4.349306767921264,52.054428057824445,4.453938117166571 4.3493063526101405,52.054427270941794,4.4416919928433884 4.349305942788786,52.054426484639265,4.42939401873682 4.34930553667488,52.054425697720134,4.417136705880817 4.349305133679038,52.054424909037046,4.404927831337551 4.349304734297114,52.054424117911665,4.392685343933279 4.349304337831379,52.05442332387619,4.38042226400953 4.34930394370637,52.05442252758695,4.368323454608262 4.349303552504287,52.05442173027914,4.356522603838501 4.349303165004845,52.054420932307295,4.3449751426480585 4.349302782122904,52.054420134154554,4.333626995710496 4.3493024039065284,52.05441933674916,4.3225001251363455 4.3493020311624795,52.054418539939086,4.3115445395835525 4.349301667349293,52.05441774266779,4.300573526654832 4.349301314541005,52.05441694462199,4.289552870928466 4.349300972203611,52.05441614665965,4.278604400149584 4.349300640085902,52.05441534945671,4.267538997842208 4.349300318227868,52.0544145533307,4.256067942113152 4.349300005620096,52.054413758740935,4.244271392451546 4.349299701800827,52.05441296582028,4.232313182055074 4.349299409054058,52.05441217531354,4.220158696403488 4.3492991288575755,52.05441138770406,4.207653064818753 4.349298859147829,52.05441060152692,4.194780809818944 4.349298597556663,52.0544098150358,4.1817259028838265 4.349298344513418,52.05440902746336,4.168455268268694 4.349298101128401,52.05440823855539,4.154802160383603 4.3492978668147755,52.054407448021095,4.140931375939654 4.349297641701666,52.05440665551079,4.12707647144828 4.349297427489173,52.05440586129262,4.113064654164578 4.349297224763176,52.054405066712505,4.09860698558345 4.349297032565007,52.05440427330486,4.083737088714472 4.34929685083924,52.054403481511805,4.068563904429971 4.349296680765183,52.05440269070888,4.053147082238914 4.349296522822974,52.05440190024916,4.037646380276365 4.349296375879891,52.05440111031067,4.022124690050861 4.349296238258867,52.05440032144689,4.0065117647937445 4.3492961092886,52.05439953391486,3.99082165539663 4.349295989883411,52.05439874827324,3.975115252692028 4.349295880917012,52.05439796491537,3.959351454919028 4.349295781103208,52.05439718272804,3.943470422762284 4.349295689429759,52.054396400620895,3.927465894054304 4.349295607302309,52.05439561909018,3.911230271639787 4.349295535909193,52.05439483874926,3.894629209322775 4.3492954755263815,52.054394059334925,3.877757357116407 4.349295427422456,52.054393280847776,3.860732944198171 4.3492953924186875,52.05439250346367,3.8434573131331673 4.349295370380077,52.05439172703548,3.825839657210596 4.349295362022626,52.05439095245949,3.80791016446198 4.349295367628983,52.05439018114693,3.789665414692125 4.349295387188867,52.05438941342606,3.7710480677829534 4.349295421527398,52.054388648920266,3.7520734413802153 4.349295470605772,52.05438788721815,3.732764169329458 4.349295533184744,52.05438712801869,3.713021920645643 4.349295608523383,52.054386371261415,3.69275986731492 4.349295696623151,52.054385617075674,3.671966666455224 4.3492957975757855,52.05438486570438,3.6506723591860064 4.349295911885613,52.05438411779286,3.6289312522154376 4.349296039664735,52.05438337335643,3.6067459741878354 4.349296180964019,52.05438263197446,3.584123253980798 4.349296336775001,52.054381893843356,3.561169637978214 4.349296507624429,52.05438115930901,3.538021107678663 4.349296693475075,52.05438042788531,3.514628225308386 4.349296894243947,52.05437969902368,3.490857303146634 4.3492971104473535,52.054378972562816,3.4666902014989693 4.34929734316735,52.05437824875466,3.4421551345472645 4.349297593065578,52.054377528340815,3.417288546359515 4.349297859958512,52.0543768116944,3.392063716296766 4.349298142884066,52.05437609838507,3.36638955050344 4.349298441209174,52.054375388290815,3.340285860079158 4.349298756097971,52.054374682836794,3.313870759816112 4.349299088946937,52.05437398357401,3.287163917961048 4.34929943870168,52.05437328990942,3.260076137587066 4.349299804312252,52.0543726008125,3.232679946289727 4.349300186361891,52.054371916650034,3.2049539527145825 4.349300584743205,52.05437123826256,3.1766488590480986 4.3493009994542255,52.05437056582036,3.147845092983874 4.3493014312022,52.05436989847176,3.11872601217738 4.349301880516702,52.05436923506941,3.0892345083570483 4.349302348214508,52.054368575244446,3.0593391511966286 4.349302834333501,52.054367919068206,3.029034578815376 4.349303337671726,52.05436726683445,2.998202496387706 4.349303857647486,52.054366618859056,2.966829564786604 4.349304395631028,52.054365974514916,2.9350930510303206 4.349304952747768,52.054365333602675,2.9030016162766783 4.349305528485219,52.05436469735246,2.8706082869756773 4.349306123632844,52.054364065517824,2.838166992418826 4.349306739594232,52.05436343710681,2.805648604289738 4.349307375645436,52.05436281314032,2.772866669882061 4.349308030581622,52.054362195191544,2.739772480993946 4.3493087038140334,52.054361584441814,2.7063821402042008 4.3493093949190165,52.05436098141535,2.6727396801357326 4.3493101030833525,52.05436038663603,2.638753679551128 4.3493108274404175,52.05435980025118,2.6042784098559286 4.34931156884358,52.0543592213634,2.569423040866257 4.349312328003265,52.05435865004876,2.534365765076056 4.349313103487067,52.05435808702806,2.4991048901683417 4.3493138943191925,52.054357532106245,2.4635918671064294 4.34931470125263,52.05435698492668,2.4278751666472265 4.349315525024791,52.05435644531946,2.392043263659412 4.349316366285689,52.054355912801725,2.356108933876683 4.349317226815884,52.05435538653414,2.3200666175562845 4.349318108020113,52.05435486646018,2.283991469416491 4.349319009283545,52.05435435362187,2.247912374651191 4.349319929922209,52.05435384851395,2.211795010352502 4.349320870418607,52.0543533515656,2.175712120117602 4.349321830390934,52.05435286401464,2.139684918159636 4.349322808465254,52.05435238653842,2.1035785232531885 4.349323804263435,52.05435191888507,2.0673308947929057 4.349324817955248,52.05435146073407,2.030929202867253 4.3493258490586,52.05435101230663,1.994355372231153 4.3493268969753025,52.05435057401488,1.957690788057138 4.349327960957131,52.05435014585501,1.920989367612234 4.349329040286357,52.05434972782916,1.884295477686187 4.349330135391372,52.05434931993234,1.8477460489458628 4.34933124720037,52.05434892177378,1.8113651954086036 4.349332376048118,52.05434853299255,1.7751392144938976 4.349333522734459,52.054348153108734,1.7391968339955872 4.349334688403822,52.05434778191093,1.7035348527446286 4.349335872489379,52.05434741997316,1.6680437839919944 4.349337073860405,52.05434706773881,1.6327933840703972 4.349338292254403,52.05434672574841,1.5978894485780084 4.349339527239982,52.05434639444601,1.5633161152115982 4.349340778125968,52.054346073349464,1.528911313970837 4.349342044539833,52.05434576223886,1.4945484579716162 4.34934332622298,52.05434546179143,1.4603125503217038 4.349344622454491,52.054345172802655,1.4262300166218682 4.349345931424047,52.054344896280746,1.3921937040070975 4.349347251200474,52.05434463308163,1.3582553842592082 4.349348580924244,52.05434438364598,1.3245251283732316 4.349349919875073,52.0543441482849,1.2909561743102642 4.349351268127838,52.05434392627982,1.2575485947478415 4.349352627568695,52.05434371643734,1.224429614202959 4.34935399890319,52.05434351860896,1.1916776414368315 4.349355380666646,52.054343332592936,1.1591995578442418 4.349356773201343,52.054343157193415,1.126909114154107 4.349358178799796,52.05434299256674,1.0948875609015234 4.349359597472877,52.054342840488296,1.0630511856738345 4.349361028154751,52.05434270106191,1.0312686809695442 4.349362472382503,52.0543425730991,0.9996670007385812 4.349363930807835,52.05434245730938,0.9682626915864658 4.349365402182969,52.05434235431982,0.9370035166907555 4.349366886491971,52.054342263190456,0.9061189350890796 4.349368383479417,52.05434218454755,0.8758660439927795 4.349369892570775,52.05434211894739,0.8462376620025174 4.349371412846232,52.0543420648606,0.8172310380119684 4.349372941241974,52.05434202171341,0.7889492377205273 4.3493744765996025,52.054341989495946,0.7613489328401336 4.349376020344892,52.05434196750628,0.7344053310565493 4.349377571658226,52.054341955722734,0.7081507048567135 4.349379129426168,52.05434195411629,0.6825855492354381 4.349380693821908,52.05434196241559,0.6578238439755356 4.349382265349806,52.054341980608704,0.6339095021505065 4.349383844934409,52.05434200878778,0.6108137499870783 4.349385433649902,52.05434204686651,0.5886090862738298 4.349387031361171,52.05434209477342,0.5673510706190867 4.34938863631447,52.054342152286665,0.5471167696692202 4.349390248559627,52.054342218982335,0.5279056320585174 4.349391868956046,52.05434229505845,0.5096131992156268 4.349393497177688,52.05434238048715,0.4922409424750618 4.349395131974014,52.05434247470013,0.4757584457984263 4.349396772839215,52.05434257766782,0.4600758367359754 4.3493984190885095,52.054342689409424,0.4451959987901495 4.349400069530827,52.05434280915711,0.4312288060009082 4.349401722991238,52.054342936541545,0.418352147630634 4.349403378334067,52.05434307196386,0.4066500801091535 4.349405035576828,52.0543432151835,0.3961089169846183 4.349406694961742,52.054343365783936,0.386715042525491 4.349408354755378,52.05434352370301,0.3785015116653012 4.349410014109202,52.05434368840878,0.3714053687724525 4.349411673677064,52.054343859316745,0.3652169327102021 4.349413332844949,52.05434403594262,0.3599423376712678 4.349414992653602,52.05434421772954,0.3557170612418845 4.34941665534591,52.05434440514513,0.3524836834802671 4.349418321248243,52.054344598759634,0.3501691002531362 4.349419991665876,52.05434479793232,0.3487532073201214 4.349421667805886,52.054345002314435,0.348276703329021 4.3494233480010465,52.054345212383936,0.3489301232852468 4.349425032038216,52.054345428300216,0.3507734700173923 4.349426719899162,52.054345649982274,0.3536718289661282 4.349428408194398,52.054345877259486,0.3575092653336291 4.349430095418175,52.054346109453704,0.3621008593197783 4.349431782026017,52.05434634554387,0.3674351110605678 4.349433467746988,52.05434658466626,0.3738002640719857 4.349435152190283,52.054346826276486,0.3812854323413628 4.349436832908705,52.05434706919756,0.3898967094329537 4.349438507593502,52.054347311956896,0.3997438001970161 4.349440177024966,52.05434755418045,0.4107726020937297 4.349441842447756,52.054347796274385,0.4229503436662907 4.349443504217985,52.05434803914482,0.4362986515591176 4.349445163347976,52.054348284268585,0.4506786244992589 4.349446819963674,52.054348532292614,0.4659788595863581 4.3494484736856,52.05434878282805,0.4821921837070555 4.34945012475445,52.05434903567545,0.4992449608284184 4.3494517738629925,52.05434929086794,0.5171009289183117 4.34945342120126,52.05434954851039,0.5358542207629515 4.3494550666974074,52.05434980874064,0.5555567440463787 4.349456710757091,52.05435007091623,0.5761868398564571 4.349458354008841,52.0543503339649,0.5977082634227633 4.3494599952541515,52.05435059664889,0.6201281523508086 4.349461632285461,52.054350857715036,0.6434984449519915 4.349463264640424,52.05435111640657,0.6678021553005924 4.3494648930523265,52.05435137161788,0.6930869660813099 4.349466518635472,52.05435162307973,0.7193657438944764 4.349468141795482,52.054351871754776,0.7464754798034707 4.349469762087186,52.05435211732901,0.7743909673280115 4.349471379527074,52.0543523596143,0.803106013953611 4.349472994050749,52.05435259950729,0.832443360053958 4.34947460507628,52.05435283663049,0.8623517557591668 4.349476212723162,52.05435306968086,0.8929553506868517 4.349477817640265,52.05435329881885,0.9242775246771018 4.349479420205859,52.05435352505775,0.95622419728602 4.3494810211182235,52.05435374824791,0.9887561890352856 4.349482620184992,52.05435396786627,1.0218522407142303 4.3494842160110085,52.05435418328748,1.0555198407567783 4.349485807727732,52.05435439361381,1.089817813742008 4.349487395475344,52.054354598679716,1.1247295235285115 4.349488980080778,52.05435479893664,1.160161878441199 4.349490562147999,52.05435499464215,1.1959840254371557 4.349492141353016,52.05435518537565,1.2321153316513622 4.349493717664307,52.05435537072754,1.2685503204083433 4.349495291315393,52.05435555066832,1.305236986802063 4.349496860752767,52.054355724322264,1.342178371457835 4.349498424626166,52.05435589099295,1.3794263879991977 4.349499983785321,52.05435605151592,1.4168988749754337 4.3495015390369876,52.05435620598303,1.4545311118089508 4.349503090837564,52.05435635395857,1.492333548783567 4.349504639851646,52.054356496453615,1.5302188671749417 4.349506185777902,52.054356633746806,1.5681246426384543 4.349507728352469,52.05435676460406,1.6061000779200667 4.34950926766362,52.054356888645124,1.6441475955766125 4.349510803112649,52.054357006251244,1.6822159666867085 4.349512334644075,52.05435711738673,1.7202686825747069 4.349513862298477,52.05435722163228,1.7583052117439186 4.349515386104522,52.0543573190298,1.7963420915888793 4.349516907223236,52.054357410790296,1.8343412860641848 4.349518425802782,52.05435749802032,1.8722375635095572 4.349519940588588,52.054357581105876,1.909959678458034 4.349521451575788,52.054357660515095,1.947393121379516 4.349522959486498,52.05435773672755,1.984456211956422 4.349524465160841,52.05435780995624,2.0211534077055555 4.349525969634811,52.054357880283575,2.057524067320238 4.349527472863524,52.0543579476008,2.0935963452095168 4.3495289743151595,52.05435801118623,2.1293623664991594 4.3495304739259675,52.05435807027671,2.164805641045469 4.349531971736426,52.05435812486654,2.1999266992729782 4.349533466991153,52.05435817463643,2.2347163499627443 4.349534958863249,52.05435821893787,2.26915596195293 4.349536446762998,52.05435825829698,2.3032202102558856 4.349537930345117,52.05435829297806,2.3368728451490437 4.3495394113735495,52.054358322514304,2.3700913344435017 4.349540891014322,52.05435834761823,2.402872864044366 4.349542367656675,52.05435836905278,2.435218381762561 4.3495438413148255,52.054358386921706,2.4670783909325698 4.349545313390261,52.05435840178886,2.498335189258284 4.349546783963619,52.054358413893766,2.528873077460208 4.349548253596001,52.05435842300163,2.5586392906722057 4.349549722603685,52.0543584296821,2.5876834361750354 4.349551190490338,52.054358434663634,2.6161268217024363 4.349552657448485,52.054358437870306,2.6440545998598406 4.349554123234928,52.05435843941738,2.6715171607032544 4.349555586790938,52.05435844182864,2.698577549472091 4.34955704918681,52.05435844731708,2.725211935280388 4.349558512162617,52.05435845417323,2.751372873040416 4.349559973922447,52.05435846032389,2.777105932959212 4.349561431707316,52.05435846563478,2.8024500758888164 4.349562886196779,52.05435847080351,2.827361246406072 4.349564339001056,52.05435847646939,2.8517350082025152 4.349565789425546,52.05435848233832,2.875406651849705 4.349567237530984,52.05435848652751,2.898162211607195 4.349568684759052,52.05435848710269,2.9199118474880863 4.349570130840028,52.05435848406349,2.9407247732833075 4.349571573782584,52.05435847801636,2.960685776915393 4.349573011355152,52.05435846845591,2.97978895475305 4.349574442778387,52.05435845512737,2.998063595919664 4.349575868284623,52.05435843944171,3.0156370060245323 4.34957728946466,52.05435842263411,3.0325531245792954 4.34957870777602,52.05435840515295,3.048794396940571 4.349580122735387,52.05435838863749,3.0645212617122004 4.349581534718317,52.05435837492092,3.079931559347397 4.349582946290925,52.0543583645606,3.0950822705986063 4.349584357651681,52.05435835829018,3.110010476849743 4.349585766369805,52.05435835621279,3.1247663284142324 4.349587171715352,52.0543583572448,3.1394074779507184 4.349588575029853,52.05435836056908,3.153815737641506 4.349589975973002,52.05435836600177,3.167810287094204 4.349591373098721,52.054358373309995,3.1813725856547226 4.3495927653373965,52.05435838155254,3.194552374632861 4.349594151220292,52.05435839027378,3.2074943418922923 4.34959553137399,52.054358399212965,3.220301429296417 4.349596908509208,52.0543584074566,3.232830591085261 4.3495982831507245,52.054358414632006,3.244929949071692 4.349599652762758,52.05435842156163,3.2566630345558627 4.349601017724062,52.054358428774904,3.267945516473904 4.34960238046327,52.054358436077244,3.278594299512087 4.34960374106955,52.05435844405717,3.2887006303531896 4.349605098910602,52.05435845280217,3.2983053722095903 4.3496064540153725,52.05435846170427,3.3073282829193547 4.349607806205942,52.054358471008946,3.315799818863112 4.349609154805886,52.05435848138916,3.3238276763276917 4.349610500375003,52.05435849284347,3.33144065957774 4.349611843098687,52.054358504652605,3.338657143782513 4.349613181995418,52.054358516578496,3.345596453061288 4.349614516591752,52.054358528677156,3.3523442489264004 4.349615846485517,52.054358541022644,3.358959848810138 4.349617172401624,52.05435855353674,3.365418617960799 4.349618494256004,52.05435856592699,3.371740268951505 4.34961981116789,52.054358578007665,3.377954500118535 4.349621122758198,52.05435858936823,3.3839866679720547 4.349622428263563,52.05435859997019,3.389839101386487 4.349623727852833,52.0543586099126,3.395423016395586 4.34962502237464,52.054358618902526,3.4006233792506366 4.349626313114824,52.0543586266273,3.405400174976501 4.3496276005359045,52.05435863275572,3.409722831981002 4.349628883894455,52.05435863729109,3.413642770533481 4.349630163554654,52.054358640290374,3.417175919532498 4.349631440415125,52.0543586414241,3.4202919870641715 4.349632714617036,52.05435864036665,3.4229892447007844 4.34963398606641,52.05435863725725,3.425358013821789 4.3496352550715,52.05435863265045,3.427500425088996 4.349636521377853,52.054358626556436,3.429394141651762 4.349637783933768,52.054358618288404,3.4309562124401967 4.349639041788178,52.054358607397226,3.4321445298138715 4.349640294481777,52.05435859432306,3.433104438478817 4.3496415431842514,52.054358579838684,3.4339487063938225 4.349642788361177,52.054358563727085,3.434681863137527 4.349644029587135,52.05435854504264,3.43533152915482 4.34964526641469,52.05435852297539,3.435871159809545 4.349646498350327,52.05435849744236,3.4363407893417808 4.34964772607884,52.05435846920976,3.436773937793654 4.34964894967868,52.054358438417374,3.43717401114981 4.349650168751126,52.054358404278034,3.437479054080171 4.349651383656777,52.05435836602973,3.437519289321651 4.349652594239656,52.054358323769385,3.4373325757849207 4.349653801339172,52.05435827837234,3.437068526136684 4.34965500543046,52.05435822996195,3.4367266769246263 4.349656206654573,52.05435817773715,3.4361296093568443 4.349657404939834,52.05435812101491,3.4351401474553924 4.349658599567715,52.054358059974774,3.433869434349077 4.3496597914470625,52.05435799539499,3.4323583996241007 4.349660981001267,52.05435792747017,3.4304846985025383 4.349662167847366,52.05435785581897,3.428165846717472 4.349663351657286,52.05435778018294,3.425366428243003 4.3496645316526035,52.05435770055106,3.422055311208684 4.349665708357912,52.05435761694134,3.418207595156687 4.349666882416371,52.0543575292123,3.4138856489220832 4.349668053829158,52.05435743717282,3.4091306727652686 4.349669222546637,52.05435734055969,3.403854410708493 4.349670387884337,52.054357239176326,3.398039130846925 4.349671549612692,52.054357133271296,3.391802687660566 4.349672708416588,52.054357023238126,3.3852095563699214 4.349673865115094,52.05435690897803,3.3782217273420825 4.349675019286857,52.05435679010465,3.3708324458873715 4.349676169872677,52.05435666661757,3.363131934496155 4.349677316922571,52.05435653860616,3.355223405914796 4.349678459880599,52.054356405653365,3.3471773808364613 4.349679598171438,52.054356267199694,3.338986972000792 4.34968073209187,52.05435612297791,3.330510728163661 4.349681862051168,52.05435597313377,3.321677452178905 4.349682988782607,52.05435581805168,3.312581472709652 4.349684111994757,52.05435565774823,3.303199984328902 4.349685231186172,52.05435549162155,3.2933448510883245 4.349686346219168,52.0543553193139,3.282932584262527 4.349687457487601,52.0543551412669,3.2720445831515645 4.349688566027726,52.054354958080914,3.2608034214308974 4.349689671894467,52.054354769927926,3.249146394607622 4.349690774805082,52.05435457626918,3.2368386231243558 4.349691874014968,52.054354376663035,3.223807159087826 4.349692969088145,52.0543541714472,3.21012049302243 4.349694060944635,52.05435396095159,3.1958490840268947 4.34969514972112,52.05435374502802,3.180985146590573 4.349696235065458,52.054353523316934,3.165426306036707 4.349697317192341,52.05435329561277,3.149144502436456 4.349698396571154,52.05435306208784,3.132171804137182 4.349699473020317,52.0543528227319,3.114588305088197 4.349700545052769,52.054352577067036,3.096460182869092 4.349701611282457,52.054352324728335,3.0777665174955966 4.349702671340364,52.05435206549872,3.058606034342871 4.349703725859888,52.054351799367055,3.0391389341414428 4.349704774928661,52.05435152634578,3.0194269180001143 4.349705818126615,52.054351245891446,2.999500206659649 4.3497068554842935,52.05435095773552,2.979340236278261 4.349707887377028,52.05435066230618,2.958901241993802 4.349708914954788,52.05435036011808,2.938283716002036 4.349709938156602,52.054350051914994,2.9174200728063084 4.349710955604589,52.05434973773452,2.895907403255074 4.349711967158206,52.05434941685813,2.873621567138857 4.349712973285769,52.054349089334785,2.8507047022675778 4.349713972834043,52.05434875546565,2.827158910513392 4.349714964231758,52.05434841505622,2.802808164486056 4.3497159477389244,52.05434806740351,2.777465688001588 4.349716924201468,52.05434771183536,2.7511792456894675 4.349717893445951,52.05434734829215,2.724018267018255 4.349718853574004,52.05434697662271,2.6959765665839845 4.349719803442508,52.05434659636292,2.667211673916404 4.349720743462438,52.05434620773191,2.6378453917494 4.349721672457882,52.054345811026685,2.6076664450495497 4.349722588113639,52.054345405607044,2.576493963496998 4.349723490006897,52.054344991286136,2.544546269761852 4.349724378869771,52.054344569010134,2.512026876625007 4.349725254212151,52.054344139425574,2.478906362494508 4.349726116273619,52.054343702522296,2.445246028913852 4.349726966814894,52.05434325813054,2.411147031947781 4.349727806207809,52.05434280588158,2.376556829632337 4.349728633871481,52.05434234528772,2.341402447812931 4.349729450051401,52.05434187628597,2.305741634321945 4.349730255557986,52.054341399262114,2.2696869295453665 4.349731050559412,52.054340913898024,2.233217067513983 4.349731833619818,52.054340419226186,2.1962374758470906 4.349732603810276,52.05433991489502,2.158749630896558 4.349733361489703,52.05433940099001,2.120825878777801 4.349734105391111,52.05433887733995,2.0825170105734445 4.349734832990738,52.05433834357614,2.0438767608679123 4.3497355443277845,52.054337799572565,2.0050506682047486 4.349736241211091,52.05433724577153,1.966143773890612 4.34973692333615,52.0543366829093,1.9270230678356943 4.349737589008395,52.05433611168796,1.887515236979308 4.349738236648835,52.05433553266497,1.8475510712972687 4.349738864350428,52.05433494600382,1.8070207232807765 4.349739470991314,52.05433435162554,1.7657910080192838 4.34974005530933,52.05433374936011,1.723760009048516 4.349740612027228,52.054333138926296,1.680916692405137 4.349741135937651,52.05433252044846,1.6372891136798131 4.349741630247889,52.05433189421825,1.592839677368946 4.34974210029184,52.05433125990027,1.547541057673682 4.349742544107038,52.05433061681068,1.5014236185895724 4.349742959849958,52.05432996443229,1.4546409634386208 4.349743350905883,52.05432930274983,1.4074916543528333 4.349743718375205,52.054328632668586,1.3601618265672972 4.349744059319763,52.05432795485479,1.312548365413248 4.349744371798,52.05432726859635,1.2645781776022615 4.349744656430086,52.054326573539754,1.216497252952048 4.34974491419611,52.05432587049642,1.168490167364913 4.349745145305787,52.05432516002635,1.1204683996150924 4.349745351608144,52.054324441833025,1.0724456353233434 4.349745535045836,52.05432371610024,1.0245795243476987 4.349745692841436,52.05432298397078,0.97684577328961 4.349745822686001,52.05432224564857,0.9291429361884948 4.349745925572671,52.05432150159895,0.8815931046238734 4.349745999027983,52.05432075269904,0.8341844615096017 4.349746038990912,52.0543199984033,0.7866956271906076 4.349746044685124,52.05431923860949,0.7391020998231285 4.349746017408708,52.05431847340512,0.6914544375139371 4.349745957778767,52.054317702661464,0.6437542659602469 4.349745864247499,52.05431692712661,0.5960429693834781 4.349745737976184,52.0543161469604,0.5484299476768497 4.349745581692495,52.05431536260622,0.5010382860388969 4.3497453937589095,52.05431457500979,0.4538686397158105 4.349745173945352,52.05431378343826,0.4069057606896247 4.349744924524601,52.0543129874799,0.3603421148363552 4.349744645985221,52.05431218759142,0.3144258832639237 4.349744338990425,52.05431138409866,0.2692487890960002 4.349744003546512,52.054310577679075,0.2247880367269787 4.349743640009396,52.05430976811506,0.1809905588189193 4.34974324898671,52.054308955837726,0.1378162527128252 4.349742827904404,52.05430814235285,0.0951508725310485 4.349742375461868,52.054307328015874,0.0529268295472953 4.349741892605726,52.05430651301157,0.0112210886484278 4.349741378274302,52.054305698128644,-0.0299412569984938 4.34974083071189,52.05430488451954,-0.0705285740535788 4.349740249751459,52.054304072276445,-0.1104878878073214 4.349739635786091,52.05430326081635,-0.1497294950126451 4.349738987899665,52.05430245123202,-0.1881076699702419 4.349738306350444,52.05430164431766,-0.2256165542898871 4.349737593939299,52.05430083965154,-0.2622481942537611 4.349736852614623,52.05430003771445,-0.2978787916348229 4.349736083342408,52.05429923989934,-0.3324793184947059 4.349735288350597,52.05429844635172,-0.3661685270236057 4.349734471015976,52.05429765587475,-0.3989393788807203 4.349733633310786,52.05429686861802,-0.4305492574457332 4.349732774765351,52.05429608475258,-0.4609359438732292 4.349731894465823,52.05429530361413,-0.4902226508113578 4.349730992104102,52.05429452533843,-0.5183662896454029 4.3497300677903254,52.054293749795654,-0.545292606648587 4.349729119989345,52.05429297704543,-0.571033426978264 4.349728146015389,52.05429220756766,-0.5956174924104871 4.349727146380396,52.05429144183473,-0.6189886360086381 4.349726122445242,52.054290681104604,-0.6411291028782145 4.349725073940822,52.054289926407996,-0.6620969941192869 4.349724000665604,52.05428917818296,-0.6818610082759653 4.349722902396838,52.05428843673191,-0.7003675082598155 4.34972178037938,52.0542877018912,-0.7176629046667284 4.349720636038623,52.05428697367881,-0.7338204715508039 4.349719469257107,52.05428625270778,-0.7488398744326377 4.349718281158023,52.05428553911609,-0.7627125212022572 4.349717073589695,52.05428483163092,-0.7755498963667098 4.349715848027746,52.054284129542154,-0.7873586585640362 4.34971460641319,52.05428343452018,-0.7979344197325984 4.349713350195575,52.05428274744083,-0.8072180238830546 4.349712079303431,52.05428206685257,-0.8152886020481109 4.349710792508678,52.05428139262917,-0.8220830285115819 4.349709489562727,52.05428072600355,-0.8275171199703182 4.349708172154738,52.05428006720291,-0.8316554547344868 4.34970684007931,52.05427941663994,-0.8345658569811729 4.3497054920051506,52.05427877518386,-0.836284701598188 4.349704128769233,52.05427814361554,-0.8368901377366318 4.349702749384995,52.054277523673214,-0.8364308487938379 4.349701350342232,52.05427691628386,-0.8349451479610293 4.349699931909053,52.054276319446025,-0.8325225820557525 4.349698498552609,52.05427573085387,-0.8292182430383044 4.349697052662707,52.05427515017618,-0.8250125806782704 4.349695594429904,52.054274576569895,-0.8198881247957874 4.349694127035834,52.05427400889083,-0.8137852507592618 4.349692654551698,52.054273446849756,-0.806707613632591 4.3496911785722965,52.0542728888513,-0.7988179305201737 4.349689701070754,52.05427233418617,-0.7901452459223257 4.349688223098178,52.0542717837612,-0.7805735150261437 4.349686743230717,52.0542712375158,-0.7701138259749016 4.349685259004419,52.05427069671502,-0.7588670528958426 4.349683767518364,52.05427016296065,-0.7468808017826776 4.349682268843937,52.05426963544444,-0.7341892226597571 4.349680762580404,52.05426911367513,-0.7208294042303929 4.349679245118648,52.05426859825181,-0.7067172562197839 4.3496777157927635,52.054268089723955,-0.6917490575344505 4.3496761769676615,52.054267588607715,-0.67600823050709 4.349674630209504,52.054267095164725,-0.6596479671958215 4.349673074836531,52.054266609560756,-0.6427625511983608 4.34967151001777,52.05426613147667,-0.6254405933906397 4.34966993792055,52.054265660190694,-0.6078011929314215 4.349668360769902,52.05426519616716,-0.589916217608436 4.349666779335816,52.054264740540134,-0.5717801415821981 4.349665194857859,52.054264293461024,-0.5533903426673099 4.3496636075579795,52.054263854981336,-0.5347089345746845 4.349662017397957,52.05426342497247,-0.5156732588494677 4.349660425679839,52.054263002061816,-0.4963160512677422 4.349658833706269,52.05426258488902,-0.47670434115141 4.349657241555404,52.054262172270924,-0.4569024790937588 4.349655646949725,52.05426176246738,-0.4370541393943492 4.349654048032162,52.054261354592725,-0.4172355566433194 4.34965244557307,52.05426094910823,-0.3973749743290662 4.349650840014573,52.054260546778586,-0.3773959575776244 4.349649230806208,52.054260148809085,-0.3571903706192436 4.349647618080944,52.054259755460635,-0.3367142757640391 4.349646002058175,52.054259365280444,-0.3161504397613528 4.349644382716791,52.05425897774107,-0.2956796329151261 4.3496427600207355,52.0542585935749,-0.2753496852078727 4.349641134472543,52.05425821260567,-0.2552240716480949 4.349639507960383,52.05425783407326,-0.2353623144911529 4.3496378817722245,52.0542574582732,-0.2157308566453974 4.349636255484163,52.05425708579989,-0.1962864431237532 4.349634628248036,52.0542567162547,-0.1770694182036851 4.349632999814192,52.05425634909673,-0.1581543574297941 4.349631369808599,52.054255984764985,-0.1395478932278131 4.349629737789235,52.05425562377251,-0.1211938853292617 4.349628104390313,52.0542552666456,-0.103033228767227 4.349626469982143,52.054254915111265,-0.0849895102777889 4.349624834074907,52.05425457072102,-0.0670238555760449 4.349623196089676,52.0542542337038,-0.0491979765713757 4.34962155575387,52.05425390410002,-0.0315942079291484 4.3496199128066415,52.054253581332965,-0.0142667792441859 4.3496182664935485,52.05425326332389,0.0027427634582439 4.349616616601611,52.0542529490332,0.0194194023910743 4.349614964071262,52.05425263984141,0.0358225336609041 4.349613309687218,52.05425233702481,0.0520555833279408 4.3496116535436,52.05425204109271,0.0681768834153593 4.349609995865191,52.05425175230336,0.0841947626080548 4.349608336184128,52.054251470183566,0.1000575773716059 4.34960667386056,52.05425119387098,0.115693719355659 4.349605009859028,52.05425092216151,0.1310438580405462 4.349603345803311,52.05425065404999,0.1460318783799838 4.349601683280635,52.054250389842274,0.1606702165502187 4.3496000232503915,52.05425013015683,0.1750383976889411 4.3495983651456305,52.05424987453218,0.1891354147220434 4.349596707759065,52.0542496225229,0.2029455866000187 4.349595050563333,52.05424937459078,0.2165367029543534 4.349593393222111,52.05424913073878,0.229927410785609 4.3495917355093745,52.054248890575096,0.2430764994678385 4.349590078334752,52.0542486546525,0.2560758160183314 4.3495884223793,52.0542484233233,0.2690730486786552 4.3495867668621555,52.054248196371454,0.2821657221957219 4.34958511120188,52.05424797536576,0.2954997169021149 4.349583455332081,52.054247763042085,0.3091465025313697 4.349581798328637,52.054247560960334,0.322946184165408 4.3495801400881895,52.05424736958965,0.3367530462588033 4.349578481072133,52.05424718944135,0.3505787102868678 4.349576820231647,52.05424702068193,0.3644125071653099 4.349575157387268,52.054246861423984,0.3781615464890209 4.349573494111897,52.054246710749766,0.3918071018368896 4.349571831814246,52.054246569842164,0.4054684993399349 4.34957017110569,52.05424643719576,0.4191448747212156 4.349568511524227,52.054246311201666,0.432722771699767 4.349566852103028,52.054246193569696,0.4462892856336458 4.3495651926537375,52.05424608444924,0.4600378110686602 4.349563533763546,52.0542459811379,0.4740776038614334 4.349561876262164,52.05424588329665,0.4885151983833136 4.349560220892726,52.05424579382969,0.5034233906281025 4.3495585673168895,52.054245714556686,0.5186536260173109 4.349556913773535,52.054245646273955,0.5339868674254271 4.349555259127872,52.05424559144904,0.5494428102403006 4.349553603807676,52.054245551522214,0.5651807767042774 4.349551948636626,52.054245524716485,0.5812007579354244 4.349550294217052,52.05424551017179,0.5973665226538849 4.3495486408515465,52.05424550951207,0.6136468805430657 4.349546988507136,52.054245522970355,0.6301280591840519 4.3495453380756315,52.054245549014816,0.6468274909121654 4.349543690199298,52.05424558720877,0.6636702093531448 4.349542044509953,52.05424563760711,0.6806261731663605 4.349540401500347,52.05424569892471,0.6976942187412143 4.3495387622544515,52.05424576998638,0.7148523431590408 4.3495371273790076,52.054245851362154,0.7321373256902359 4.349535496911405,52.05424594390012,0.7496007955293813 4.34953387025206,52.054246046944606,0.7671920263464147 4.349532247776952,52.05424615903272,0.7848757505373911 4.349530630535462,52.05424627965908,0.8027818205722961 4.3495290177327695,52.05424640901358,0.8210393782842114 4.3495274084825155,52.054246547660895,0.8395868664812876 4.3495258041063165,52.05424669722839,0.8583209404075571 4.349524205475533,52.054246858837956,0.8771903089583991 4.349522612038272,52.05424703187689,0.8961525077617741 4.349521024540791,52.05424721717364,0.9152927172761044 4.349519443448937,52.05424741609161,0.9347095848821751 4.349517867635951,52.054247626612984,0.9542960601925436 4.349516297086833,52.05424784787198,0.9739798491894288 4.349514732582455,52.054248081026834,0.993888214079668 4.3495131740664865,52.0542483246368,1.014026963450144 4.349511621565919,52.05424857731656,1.0342358295045826 4.349510075804797,52.05424883982158,1.0544845716724645 4.349508537339753,52.05424911230415,1.0748335588163402 4.349507004987554,52.054249393515384,1.095226325372681 4.3495054770429205,52.05424968262607,1.1156266488118436 4.349503954747205,52.05424997989348,1.1361767257957192 4.349502439086785,52.05425028484005,1.1569530388514495 4.349500927818494,52.05425059620811,1.1778301857697235 4.349499420489278,52.05425091421768,1.1987386039150194 4.3494979181759925,52.0542512398786,1.219718867113337 4.34949641986274,52.054251572326365,1.24070192796294 4.349494925478739,52.054251910928556,1.2615819750171435 4.349493435377408,52.05425225679369,1.282317530295402 4.34949194851325,52.05425261026909,1.3028649740214628 4.349490465146845,52.05425297181505,1.3232293022848505 4.349488986576198,52.05425334318629,1.3434896733827562 4.349487514373178,52.05425372543425,1.3637553285014226 4.3494860499230645,52.05425411880655,1.3840866307077746 4.349484592736803,52.05425452351989,1.4044150166723564 4.34948314170391,52.05425493911939,1.4246303606815247 4.349481696007913,52.054255364525,1.4446529685543257 4.349480254486762,52.054255798006466,1.4643712235779276 4.349478817168356,52.05425623833077,1.483712919101148 4.349477385187279,52.05425668523264,1.5026966487924265 4.349475958722993,52.05425713782213,1.5212987225994352 4.349474537192769,52.05425759523472,1.5394418893986006 4.349473120332586,52.05425805770466,1.5571065519343636 4.349471708382357,52.054258525701194,1.5743333851498649 4.3494703015013325,52.054258999502046,1.5911447918181525 4.349468899575432,52.05425947923145,1.6075075621297712 4.349467503083327,52.05425996475047,1.623386523021331 4.349466112567503,52.0542604561323,1.6387802301229093 4.3494647281066445,52.054260953665,1.6537224268097734 4.3494633500646165,52.05426145701785,1.6682634530069511 4.34946197832684,52.0542619654923,1.6823774194293522 4.349460612446337,52.05426247901892,1.696004190745865 4.34945925314988,52.05426299793588,1.7091721347323892 4.349457900888852,52.05426352218742,1.7218872302486865 4.349456554874938,52.0542640514565,1.7340400354444303 4.349455215115957,52.05426458598787,1.7455448252444363 4.3494538825781,52.054265126234256,1.7564180088806278 4.3494525571818015,52.05426567188617,1.7666827666114544 4.34945123704818,52.054266222284795,1.7763072048513655 4.349449920633266,52.05426677651503,1.7853036052904592 4.3494486085132085,52.05426733360879,1.7937569924908885 4.349447301191186,52.054267893556904,1.8016851091133417 4.349445998011649,52.05426845688062,1.8090323291181136 4.349444699146463,52.054269023953154,1.815797439038067 4.349443405594327,52.05426959463805,1.822044123890043 4.349442118055819,52.054270168309884,1.8278500073934985 4.349440835815365,52.05427074474889,1.8332033858003045 4.349439557453883,52.054271323770195,1.8380281894075683 4.349438283138776,52.054271905056304,1.8423146346459047 4.349437013157741,52.05427248892849,1.8460171834814176 4.34943574773755,52.05427307540918,1.84908096602592 4.349434488216104,52.05427366453249,1.8515635889110271 4.349433234755977,52.054274257461316,1.8535407410694655 4.349431986708009,52.054274854412355,1.8550596107415092 4.3494307437659225,52.05427545429987,1.8560717877967048 4.349429505127099,52.05427605681382,1.856450314025409 4.349428270822723,52.05427666235796,1.856219020613725 4.349427041297976,52.0542772711914,1.855477866226104 4.349425815924879,52.054277883164744,1.854209754376264 4.349424595052817,52.05427849813116,1.852463891157028 4.34942338031211,52.05427911612968,1.850450005328009 4.349422172343548,52.054279736705226,1.8482662187414265 4.349420970700482,52.0542803592768,1.8458368835336392 4.349419774853823,52.05428098354815,1.843137959439268 4.349418584631473,52.05428160846061,1.84018843233832 4.3494174001059696,52.054282232745095,1.8368680281601533 4.349416221362036,52.05428285674336,1.833048198578981 4.349415047874469,52.054283480832744,1.8287262965490207 4.349413878591417,52.05428410407816,1.823908777963792 4.3494127139342185,52.05428472625091,1.8186740719909 4.3494115545202785,52.05428534913089,1.8131854351971428 4.349410399265555,52.05428597386631,1.8074869520883088 4.349409246744891,52.05428659984619,1.8015280965942029 4.349408097307746,52.05428722791901,1.7953773365927923 4.349406950597104,52.05428785947528,1.7891307710949511 4.349405804675026,52.05428849311355,1.7827429315881196 4.349404659402821,52.05428912740666,1.7761184400188792 4.349403516050018,52.05428976304402,1.7692356971504275 4.349402374854661,52.05429040020893,1.7621573138204245 4.349401235533048,52.054291037495375,1.7549408666067952 4.349400098381304,52.05429167437933,1.7475996626441626 4.349398964357208,52.05429231178863,1.7402444008772102 4.34939783424493,52.05429295062996,1.7331053731766533 4.349396707766186,52.05429359175642,1.7262051475359554 4.34939558307231,52.05429423554418,1.7193349053071227 4.349394459400508,52.054294881110444,1.7123985243963744 4.349393337858472,52.05429552886574,1.7053807097427731 4.349392219341243,52.0542961796736,1.6983194620930362 4.349391102666223,52.05429683274021,1.691323727473886 4.349389986233844,52.05429748746196,1.6844166017672633 4.349388869831817,52.05429814420568,1.677567730682279 4.349387754341909,52.054298804078485,1.6706814048338594 4.349386640537625,52.05429946781803,1.6636464073261628 4.349385528318391,52.054300134056305,1.6565265435838468 4.349384417848674,52.054300801274145,1.6493726589675406 4.349383309362385,52.05430146958331,1.6420206724760158 4.349382203131555,52.05430213953561,1.6343916750228018 4.349381099801842,52.054302810207034,1.6266687469829784 4.349379999175725,52.05430348017192,1.6190395129983903 4.349378900663355,52.05430414952639,1.6115243712991687 4.3493778039362425,52.054304817620775,1.6041130890244717 4.349376708647466,52.054305482714355,1.596822074526695 4.349375613412709,52.05430614453215,1.5894650238044368 4.349374516541128,52.05430680351173,1.5819056481154852 4.349373419487846,52.054307459706955,1.5744546675301418 4.349372325118379,52.05430811281924,1.5673026180228398 4.349371233739496,52.05430876270344,1.5600899741080496 4.349370145250414,52.05430941024361,1.5525259586610036 4.349369060710828,52.05431005597703,1.5447376808385638 4.349367980453315,52.05431069893711,1.5369297735049114 4.349366904519529,52.05431133809688,1.5292114279978244 4.349365833808846,52.054311973531966,1.5216431338663383 4.349364768963059,52.05431260546838,1.5142624177601671 4.3493637096641065,52.054313233544605,1.5070363795640789 4.349362655787945,52.05431385767336,1.4998054098839977 4.349361607938476,52.05431447812959,1.4924798862879003 4.349360567346605,52.054315094877445,1.4852415672541923 4.34935953591855,52.054315707501154,1.4782900057808808 4.34935851534272,52.0543163155931,1.4715775590684157 4.34935750608442,52.054316918951685,1.4649492250497933 4.349356508236,52.05431751779621,1.4583230087053416 4.34935552193108,52.05431811232025,1.451695242700232 4.349354546318382,52.05431870181846,1.4451059292358472 4.349353580376699,52.05431928550904,1.438606088750073 4.349352624366595,52.05431986384411,1.432199756989999 4.349351678697971,52.05432043774692,1.425833431075069 4.349350742247078,52.05432100691453,1.4194602353899777 4.349349813590565,52.054321570175134,1.4131055849394265 4.349348893176075,52.05432212715608,1.406854893573236 4.3493479827440575,52.05432267842624,1.400772714153883 4.3493470839826225,52.05432322463996,1.394821792363056 4.349346197983373,52.0543237663449,1.3888708441817164 4.3493453245737825,52.05432430380991,1.3828327524512698 4.349344462983408,52.05432483650805,1.376765999765989 4.349343612912061,52.05432536361138,1.3708208985824593 4.349342774262387,52.05432588538664,1.365113942390145 4.349341945903217,52.054326402789506,1.359618127335414 4.349341125873428,52.05432691575125,1.3541796573387943 4.349340313619735,52.054327423646214,1.3486682631841431 4.349339510332733,52.05432792653198,1.3430980752007375 4.349338716907679,52.05432842448076,1.3375762269224043 4.349337933094045,52.05432891750586,1.3321755719470827 4.34933715816569,52.05432940610281,1.326882887931325 4.349336391300034,52.05432989064332,1.3215972891559895 4.3493356319870395,52.05433037095207,1.316236357111071 4.34933488063385,52.054330846597544,1.3108604587040142 4.349334138237775,52.054331317345174,1.3056106138264616 4.34933340528943,52.05433178339109,1.3005778972664228 4.3493326810336495,52.05433224498969,1.2957130672181734 4.349331964109315,52.054332702205386,1.2908460584878512 4.34933125396656,52.0543331553157,1.2858834795196836 4.349330551083235,52.05433360436841,1.2809186032820974 4.349329856234708,52.0543340490066,1.276101464431095 4.349329169686623,52.054334489028165,1.271454580630975 4.349328491225666,52.05433492444749,1.2668462737418995 4.349327820876215,52.05433535557894,1.2621615691244343 4.349327158618074,52.05433578277755,1.25742472169834 4.349326504104474,52.054336206020096,1.252720141930018 4.349325857212197,52.05433662510024,1.2480838006413773 4.349325218100473,52.054337040005365,1.243516349492816 4.349324587038658,52.054337450707166,1.2390291742172428 4.349323964398034,52.05433785703486,1.2346326535156782 4.349323350152301,52.054338259162996,1.230300796701683 4.349322743766378,52.05433865733796,1.225993621027901 4.349322145046472,52.05433905146928,1.2217198702065732 4.3493215540743915,52.05433944152935,1.2174942041992098 4.349320970715766,52.0543398274289,1.213287934495877 4.349320395239594,52.05434020897064,1.209122669872794 4.349319828183571,52.0543405861673,1.205087736171366 4.349319269564208,52.0543409591345,1.201202194862634 4.349318719311488,52.054341328022765,1.1973902690182143 4.349318176933613,52.05434169318847,1.1935775459751636 4.349317641552516,52.05434205476584,1.1897674042101063 4.3493171130301675,52.054342412559045,1.18603331227497 4.349316591865553,52.054342766522325,1.1824064110678192 4.349316077792802,52.054343116980505,1.1788362290539445 4.3493155700620445,52.05434346405312,1.1752866282756078 4.349315068799429,52.054343807528625,1.171774994584567 4.349314574367497,52.054344147405025,1.168317094572818 4.349314086752505,52.05434448365628,1.1649070488588813 4.349313605718063,52.05434481628314,1.161525495259994 4.349313131340493,52.05434514529916,1.158154979413058 4.349312663805753,52.054345470807306,1.154799729638906 4.349312202993236,52.054345792822964,1.1514626175838214 4.349311748669929,52.05434611147979,1.1481339244432949 4.349311300643796,52.05434642735999,1.1448158969044602 4.349310858678813,52.05434674054319,1.1415217717754451 4.349310422916304,52.054347050516064,1.1382893309335045 4.3493099936384185,52.05434735722498,1.1351490985094013 4.349309570727365,52.054347660838225,1.1320691684062016 4.349309154091744,52.05434796129328,1.1290179030035734 4.34930874379181,52.054348258517685,1.1260074442282288 4.3493083396983065,52.054348552590405,1.1230488648748274 4.349307941580668,52.054348843691315,1.1201365470428448 4.349307549183006,52.054349131885616,1.1172629352688774 4.349307162309443,52.054349417114544,1.1144310761735463 4.349306780995425,52.054349699305156,1.1116606140117749 4.349306405083849,52.05434997831326,1.108961059159896 4.349306034001829,52.054350254019305,1.10631696994204 4.349305667433046,52.054350526481855,1.1037018044335147 4.3493053057334015,52.054350795904384,1.1010926983420577 4.349304949368282,52.054351062444674,1.098496121122353 4.349304598285206,52.0543513261442,1.0959443144831558 4.349304252332078,52.054351587000546,1.0934661929873308 4.349303911745922,52.054351844962774,1.091078043744201 4.349303576606494,52.05435210006946,1.0887640443685274 4.349303246571052,52.054352352452604,1.0864770798207148 4.3493029214335746,52.054352602292795,1.0841955959049197 4.3493026009232185,52.054352849815594,1.0819239780085428 4.349302284473532,52.05435309513133,1.0796592249587629 4.349301971856277,52.054353338372465,1.0773929203757344 4.349301663067613,52.054353579501566,1.075115602972572 4.349301358047444,52.05435381828061,1.0728470393201226 4.349301056848282,52.05435405471348,1.0706181410903004 4.3493007595104975,52.05435428879138,1.0684312305047403 4.349300466145794,52.05435452059377,1.0662963854621124 4.349300176803338,52.05435475038077,1.0642070920228015 4.349299890976714,52.054354978340164,1.0621337059136595 4.3492996080030295,52.05435520470602,1.060079817837241 4.349299327653662,52.05435542951643,1.0580320052736858 4.349299049947049,52.0543556526817,1.055953834663367 4.349298774971395,52.05435587435876,1.0538493595423857 4.349298502650937,52.05435609471045,1.0517440751911051 4.349298232802984,52.054356313701405,1.0496686740836516 4.349297965285574,52.05435653136474,1.0476358086098765 4.349297700066116,52.05435674759647,1.0456169996297948 4.349297437425192,52.05435696240823,1.0436164064627174 4.349297177275329,52.054357176297145,1.0416668037714514 4.349296919219016,52.05435738933974,1.0397655186739447 4.349296663358458,52.05435760131759,1.0379180289453918 4.3492964097856674,52.05435781228391,1.0361312740530648 4.349296158269692,52.0543580222541,1.0343728323598234 4.349295908640941,52.05435823133067,1.0326123253839503 4.349295660636718,52.05435843967657,1.030821834322238 4.349295414061862,52.05435864723972,1.0289813876744398 4.349295169042594,52.054358853923894,1.0271207243050078 4.349294925538276,52.054359059769936,1.0252747416932615 4.349294683461464,52.054359264833806,1.023457886352365 4.349294442922266,52.05435946921379,1.0216739953163247 4.34929420368209,52.05435967311369,1.0198851649903926 4.3492939654673775,52.05435987652149,1.0180644288972096 4.3492937284908875,52.054360079324915,1.0162473851138074 4.349293492756535,52.054360281606975,1.0144555215021285 4.349293257904241,52.054360483438685,1.012672513713916 4.349293023791744,52.054360684916325,1.0108891707546348 4.349292790454088,52.054360886138554,1.0091056174316522 4.349292557994943,52.054361086998505,1.0073475119211737 4.3492923263686425,52.05436128746117,1.0056367110952438 4.349292095267843,52.05436148768768,1.0039420469287412 4.349291864534545,52.05436168778995,1.0022353360397438 4.34929163404511,52.05436188778296,1.0005021900092372 4.349291403645606,52.05436208769113,0.998723580508359 4.349291173521893,52.05436228748223,0.9969369922203284 4.349290943855759,52.054362487038674,0.9952063046392988 4.349290714482535,52.05436268637624,0.9935336719521488 4.349290485198241,52.05436288568298,0.9918815897231352 4.3492902559384,52.05436308504345,0.990212401956898 4.349290026777008,52.0543632844164,0.988498334362696 4.3492897977668585,52.05436348381425,0.9867501743668444 4.349289568849702,52.05436368319143,0.985010337691066 4.3492893399569095,52.05436388260828,0.9833038452981842 4.3492891108318155,52.05436408229217,0.9816119342113844 4.349288881556399,52.05436428184827,0.9798932965263968 4.349288652452035,52.05436448105253,0.978149607257788 4.349288422789249,52.054364680843456,0.9764329483500463 4.349288191702726,52.054364881622355,0.974753147529578 4.349287959314438,52.05436508290227,0.973066791760404 4.349287725895743,52.054365284494764,0.9713466942026064 4.349287491528651,52.05436548638937,0.9695945184211264 4.349287256421192,52.05436568843558,0.9678323322685364 4.349287020782566,52.054365890507114,0.9660802112376808 4.349286784576226,52.05436609275071,0.9643161036336882 4.3492865476664475,52.05436629539147,0.9625041029026518 4.349286310098895,52.05436649840905,0.960647564864374 4.349286071994567,52.05436670178982,0.9587728163661564 4.349285833331683,52.05436690556647,0.9569002528565204 4.349285594034527,52.05436710969152,0.9550452416173394 4.349285354126881,52.05436731421484,0.9532105124384648 4.34928511354576,52.05436751924251,0.9513818268275234 4.349284872141825,52.05436772479457,0.949561063611279 4.3492846298015815,52.054367930863954,0.947767996387967 4.349284386401893,52.05436813745249,0.9459940992583572 4.349284141995899,52.05436834446508,0.9442084276571888 4.349283896829341,52.054368551816346,0.942389750079131 4.3492836509877275,52.05436875953973,0.9405177198827884 4.3492834044817945,52.054368967585454,0.9385906080762334 4.349283157369804,52.054369175927604,0.9366511129681688 4.349282909458079,52.054369384581435,0.9347251786756404 4.349282660710819,52.054369593493995,0.9327891830653066 4.349282411377802,52.05436980280802,0.9308205268036852 4.349282161392073,52.054370012620154,0.9288195240516666 4.3492819106411496,52.05437022285996,0.9268184767142504 4.349281659247173,52.05437043349218,0.9248542623821204 4.349281406983822,52.05437064453862,0.9229163317269422 4.349281153842984,52.05437085594505,0.9209795064035468 4.349280900065616,52.05437106774102,0.9190363978386098 4.349280645425835,52.05437127998335,0.9170875805087736 4.349280389685437,52.05437149266886,0.9151345459897012 4.349280133143849,52.05437170578407,0.9131711317650724 4.3492798761598745,52.054371919291235,0.9111818884306536 4.349279618869702,52.054372133135274,0.909160651623635 4.349279361356283,52.0543723473798,0.9071307433525356 4.349279103488316,52.05437256222662,0.9051243738620582 4.349278844830796,52.05437277777321,0.9031474646383943 4.3492785850361075,52.05437299391929,0.9011729763765683 4.349278324166353,52.054373210588494,0.8991707273278844 4.349278062460138,52.05437342776011,0.8971364759976159 4.3492778000982915,52.05437364533648,0.8950899854861849 4.349277537286085,52.05437386326526,0.8930556979781024 4.349277274213235,52.054374081663724,0.8910256304779762 4.349277010984083,52.05437430060266,0.8889823051780743 4.349276747100375,52.05437452003158,0.8869440852875492 4.349276481250353,52.054374740107946,0.8848994967651174 4.349276213982141,52.05437496065265,0.8828577886647915 4.349275946775808,52.05437518100368,0.8808884716434882 4.349275678103104,52.05437540124389,0.8789582730640952 4.349275406909272,52.05437562170587,0.8770337249605102 4.349275134650117,52.05437584232642,0.8751737160704987 4.349274861721668,52.05437606324845,0.8733506069526897 4.349274587210325,52.05437628449136,0.8714926816745283 4.349274310672374,52.05437650587033,0.8696039010527354 4.349274032318054,52.054376727316146,0.8677106658236124 4.349273752680397,52.054376948901556,0.865825428348092 4.349273472540933,52.054377170939084,0.8639430373325652 4.349273192612599,52.054377393603524,0.8620412626157588 4.349272913182817,52.05437761687568,0.8600965643655882 4.349272634065578,52.05437784093601,0.8580746779923418 4.349272355109942,52.05437806591299,0.8559561542087626 4.349272076427179,52.05437829170387,0.8537587461843561 4.349271797986782,52.05437851816869,0.8515132607898721 4.3492715194672025,52.054378745140994,0.8492536297590254 4.349271240445499,52.05437897250302,0.8470138268265079 4.349270960518084,52.054379200319616,0.8448110297304061 4.349270679432083,52.05437942858777,0.842637319138237 4.349270397231754,52.05437965713463,0.840481358741322 4.349270114123571,52.05437988590254,0.8383365133829352 4.349269830257805,52.05438011496883,0.8361897917751069 4.349269545666175,52.05438034445769,0.8340268567233184 4.349269260237235,52.05438057452389,0.8318266255271327 4.349268973940568,52.05438080525363,0.8295799687544161 4.349268687012323,52.054381036661056,0.8273185358708499 4.349268399687504,52.05438126864112,0.8250795760642282 4.349268111993331,52.054381500986366,0.8228690425492708 4.349267823832713,52.0543817336431,0.8206703257795116 4.349267535088987,52.05438196671137,0.8184592321040571 4.349267245619077,52.0543822002977,0.8162192860901301 4.34926695537278,52.054382434458226,0.8139552432884276 4.349266664568763,52.054382669158635,0.8116854945737657 4.349266373473425,52.054382904335405,0.8094310122383863 4.349266082051816,52.05438313989152,0.8071966463202636 4.349265789994878,52.054383375778166,0.8049695205742371 4.34926549693883,52.05438361210833,0.8027447407360935 4.349265202640844,52.054383848891305,0.8005210577667785 4.34926490699908,52.054384086008476,0.7982911190914819 4.349264610068473,52.054384323401464,0.7960516218321112 4.349264312218224,52.05438456101767,0.7938072686416151 4.34926401387838,52.05438479895176,0.7915661709243818 4.349263715075691,52.05438503740923,0.7893292379036327 4.349263415526152,52.05438527639609,0.7870960543561307 4.349263114958224,52.054385515768594,0.7848746407105531 4.349262813234348,52.05438575537359,0.7826633766282372 4.349262510351003,52.054385995106855,0.7804465149194617 4.3492622063497794,52.05438623503996,0.7782036018302245 4.349261901332301,52.054386475364105,0.7759176698956101 4.349261595567255,52.054386716187004,0.7735951563965258 4.349261289293719,52.05438695744627,0.7712579254455707 4.349260982393893,52.05438719896631,0.7689132542757235 4.349260674498297,52.05438744060504,0.7665557199102089 4.349260365566727,52.05438768229753,0.7641836796210533 4.349260055828023,52.05438792425978,0.7618050665954224 4.349259745403749,52.05438816671795,0.7594337690749569 4.349259434046163,52.05438840966863,0.7570673121734783 4.349259121510169,52.054388652929894,0.7546937840373753 4.349258807730363,52.05438889629306,0.7523134156955493 4.34925849276651,52.054389139777996,0.7499203171728197 4.349258176750297,52.05438938368922,0.7474888552073646 4.34925785986322,52.05438962820301,0.7450108064357892 4.349257542427654,52.05438987325416,0.7425147925637416 4.34925722462764,52.05439011867595,0.7400223661613237 4.349256906365156,52.05439036431445,0.7375339040615516 4.3492565874697995,52.05439061022583,0.7350585544900838 4.349256267788151,52.054390856577946,0.7326016745992676 4.349255947183639,52.0543911034973,0.7301355981055657 4.349255625603547,52.05439135095786,0.7276239538400548 4.349255303220847,52.05439159883494,0.7250586461375417 4.349254980205312,52.054391847171374,0.7224585316383731 4.3492546565733585,52.054392096031286,0.719851247511881 4.349254332271092,52.05439234539094,0.7172543566485108 4.349254007132343,52.054392595227164,0.7146587096072095 4.349253681049892,52.05439284543107,0.7120506191185014 4.349253354160454,52.05439309590805,0.7094442971312951 4.349253026688435,52.05439334668251,0.7068489392809882 4.349252698751559,52.0543935978669,0.7042484770951283 4.349252370338691,52.054393849703466,0.7016354194453116 4.349252041224305,52.054394102286764,0.6990118012653177 4.349251711076163,52.05439435536351,0.6963823980040642 4.349251379795146,52.054394608676894,0.6937741678835452 4.349251047439347,52.05439486215843,0.6912057878898297 4.349250714075893,52.054395115871614,0.6886453011375908 4.34925037987869,52.05439536998071,0.6860427814369978 4.349250045058188,52.05439562459073,0.6833856073659519 4.349249709698877,52.05439587969723,0.6807055797752752 4.349249373585237,52.054396135300266,0.6780338798178929 4.3492490364994545,52.05439639126619,0.6753812417428551 4.3492486986093315,52.05439664745339,0.6727480151617513 4.349248360041271,52.054396903979956,0.6701144023803303 4.349248020726322,52.054397160943324,0.6674715864530463 4.349247680662406,52.05439741831334,0.6648474028572304 4.349247339794028,52.054397676084875,0.6622625243149614 4.349246997983602,52.0543979342525,0.659702611645447 4.3492466552072,52.05439819274274,0.657124791171213 4.349246311655105,52.05439845149757,0.6544859607957589 4.349245967510626,52.05439871060537,0.6517922249672827 4.349245622710951,52.0543989700938,0.6490996924058672 4.349245277156434,52.054399229913436,0.6464508535503297 4.349244930852157,52.05439949010677,0.6438291910595053 4.349244583797849,52.05439975071528,0.6411991037626994 4.349244236009781,52.05440001171444,0.6385594229852658 4.3492438875390045,52.05440027306988,0.6359158217832017 4.34924353832797,52.05440053479528,0.6332644133237062 4.349243188257597,52.054400796797374,0.6306149051038339 4.349242837437963,52.054401058941096,0.627973483238526 4.349242486046903,52.05440132133931,0.6253385148719768 4.349242133971114,52.05440158418153,0.6227164966540395 4.349241781128652,52.05440184740636,0.6201113872795345 4.349241427692173,52.05440211089619,0.6175239374708823 4.349241073652741,52.05440237471491,0.6149378196036761 4.3492407186841175,52.05440263901948,0.6123120647267892 4.349240362566211,52.054402903879584,0.6096332854465949 4.349240005437123,52.05440316914384,0.6069407266691627 4.349239647537693,52.05440343465482,0.604279834112508 4.349239288919586,52.05440370007327,0.6016373257231695 4.349238929668056,52.054403965407836,0.5989885991307997 4.349238570056665,52.05440423130629,0.5963469066518705 4.349238209994375,52.05440449788009,0.593695280539992 4.349237848762978,52.05440476503886,0.5909887721723837 4.349237485861443,52.05440503289198,0.5882159521225803 4.349237121458074,52.054405301383376,0.585396091431662 4.349236755577839,52.05440557059831,0.5824978341204123 4.349236388104952,52.05440584070154,0.5794677884747259 4.349236019237142,52.05440611166031,0.5763270212603437 4.349235649002972,52.05440638338587,0.5731355623651544 4.349235277453376,52.05440665570361,0.5699566878259612 4.349234904921384,52.054406928457965,0.5668089875562439 4.349234531584141,52.05440720172205,0.5636285978161131 4.3492341574800335,52.054407475658934,0.5603510316631817 4.349233782321438,52.0544077505197,0.5569411677560052 4.349233405587805,52.054408026425776,0.5534023872498524 4.349233027120249,52.05440830314935,0.5497940821095184 4.349232647196386,52.05440858040018,0.5461488650590078 4.349232266351823,52.054408858175066,0.542456195069176 4.349231884703377,52.054409136602914,0.538688856988538 4.349231501989984,52.05440941572623,0.5348294029596774 4.34923111815396,52.05440969558784,0.5309137899054437 4.3492307331075715,52.05440997619151,0.5269764936108898 4.349230346891632,52.05441025748889,0.5230164079889952 4.349229959629216,52.05441053952817,0.51900939042246 4.349229571311924,52.05441082229358,0.5149488004465625 4.349229181866111,52.05441110571402,0.510877305748414 4.349228790928267,52.05441138985628,0.5067942617382417 4.349228398754126,52.054411674443315,0.5026853766463748 4.349228006259133,52.054411959235345,0.498594026003246 4.349227613293807,52.054412244651424,0.4945129755116684 4.34922721910031,52.054412530903406,0.4904086436426693 4.349226823565959,52.0544128178394,0.4863112838366046 4.349226426714507,52.05441310548158,0.4822285706619194 4.349226028599454,52.054413393728865,0.4781250654353186 4.3492256296520315,52.05441368239492,0.4739773587550622 4.349225230070567,52.054413971558716,0.4697463622264197 4.349224829805132,52.054414261231166,0.4654112541151562 4.34922442904531,52.054414551231716,0.4610110932810154 4.349224028129681,52.054414841371994,0.4565763218768208 4.349223627276886,52.054415131667184,0.4520886551341936 4.349223226482039,52.05441542239489,0.4475239641249384 4.349222825314076,52.054415713853636,0.4428904186902633 4.349222422921551,52.05441600612312,0.4382103523491354 4.349222018800915,52.05441629880694,0.4335094871858276 4.349221613176196,52.054416591500285,0.4287943774096947 4.349221206751985,52.05441688418081,0.4239972372503275 4.349220800282713,52.054417177076395,0.4190651611923168 4.349220394217885,52.05441747022687,0.4140469113275671 4.349219988126388,52.05441776367202,0.4089961628647629 4.349219581298818,52.054418057510546,0.4039121799436931 4.349219173402068,52.05441835166248,0.3987537192055701 4.349218764510482,52.054418646196154,0.3934817263510326 4.3492183549286345,52.05441894108039,0.3881161281307186 4.349217945036786,52.05441923600489,0.3827309430359058 4.3492175350716,52.05441953083137,0.3773587546604791 4.349217125128897,52.05441982555973,0.3719718111515486 4.349216715298387,52.054420120285386,0.3665625600057622 4.349216305356075,52.054420415064115,0.3611311165714648 4.349215895038836,52.0544207099132,0.3556718361519406 4.34921548445054,52.05442100480348,0.3501967632359486 4.349215073924233,52.05442129952138,0.3447183602554977 4.349214663855746,52.05442159393853,0.3392406829033028 4.3492142544706835,52.0544218878767,0.333778630891252 4.349213845993561,52.05442218113464,0.328367320778949 4.3492134386617085,52.05442247369651,0.3230096669936566 4.349213032712733,52.05442276533002,0.3176810766899856 4.349212628478697,52.054423056013476,0.312357902899143 4.349212225852653,52.05442334614137,0.3070089640042892 4.34921182441566,52.05442363566224,0.301671215660606 4.349211424277365,52.05442392417399,0.2964119653033839 4.349211026019376,52.05442421145931,0.2912183681218792 4.349210630059646,52.05442449742285,0.2860516509669843 4.3492102366345975,52.054424782037415,0.2809042184610542 4.34920984593252,52.05442506523775,0.2757709400073014 4.349209458085227,52.05442534688226,0.2706419010698262 4.349209073236637,52.05442562690627,0.2655210482573618 4.349208691510565,52.054425905337844,0.2604153685987547 4.349208312913956,52.0544261822603,0.2553317461145701 4.349207937325657,52.05442645763813,0.2502808530145131 4.349207564751258,52.05442673128426,0.2452564646246946 4.349207195556772,52.05442700302055,0.240252691403721 4.34920683027769,52.05442727269164,0.2352936231130642 4.349206469156464,52.05442754030224,0.2304082972525793 4.349206112013711,52.05442780597416,0.2256013748611676 4.349205758638677,52.05442806968251,0.2208599342303652 4.349205409140971,52.054428331352526,0.2161658384020315 4.349205063733554,52.05442859098144,0.2115167908120232 4.349204722418598,52.0544288484134,0.2069369276216364 4.34920438532651,52.054429103391584,0.2024464438275779 4.349204052912922,52.05442935585649,0.1980345415498581 4.349203725416397,52.05442960593399,0.1936575210357949 4.349203402652486,52.05442985353999,0.1892816505042023 4.34920308456577,52.05443009852516,0.1849256135955019 4.3492027712667465,52.054430341126285,0.1806121358002017 4.349202462637364,52.054430581420476,0.1763569800927529 4.34920215858681,52.05443081922012,0.1721927174228241 4.349201859159098,52.05443105452475,0.1681142618783417 4.34920156434122,52.05443128734427,0.1640870982695568 4.349201274173221,52.05443151761603,0.1600988693046439 4.349200988676093,52.05443174534542,0.1561395137934926 4.34920070773152,52.05443197063416,0.1522124686146972 4.349200431137867,52.05443219363755,0.1483560479552754 4.3492001586086975,52.0544324144199,0.1445813379711693 4.349199890019795,52.054432633016695,0.140860311765731 4.349199625404053,52.054432849510775,0.1371700783356138 4.349199364696173,52.054433063857765,0.1334947150506886 4.349199107906962,52.05443327601483,0.1298356821583439 4.349198855051948,52.05443348603074,0.1262192177822854 4.349198606046317,52.05443369389675,0.1226736364912648 4.349198360838809,52.054433899638596,0.119208090202834 4.349198119295596,52.0544341033121,0.1158036038940313 4.349197881337372,52.054434304915986,0.1124352658234006 4.349197647025615,52.054434504446206,0.1090879919584395 4.34919741634781,52.05443470189097,0.1057474888918443 4.349197189271294,52.05443489730622,0.1024292521130352 4.3491969657621485,52.05443509080512,0.099170179017388 4.349196745729755,52.054435282432465,0.0959755096113186 4.349196529126535,52.05443547221346,0.0928361664318773 4.349196315989805,52.054435660185064,0.0897459612069671 4.349196106335073,52.05443584639159,0.0866905035257836 4.349195900023093,52.05443603086874,0.0836615969184033 4.34919569691484,52.05443621360332,0.0806683913259167 4.34919549705782,52.054436394585075,0.0777262699869192 4.349195300419856,52.05443657391634,0.0748314387746464 4.349195106780748,52.054436751683404,0.0719654685558701 4.349194916055947,52.054436927815715,0.0691247033499 4.349194728329403,52.0544371022558,0.0663149811757346 4.349194543710653,52.05443727499478,0.0635448076491118 4.34919436232774,52.054437446022256,0.0608313018321333 4.349194184167028,52.0544376153761,0.0581752766886292 4.349194009066335,52.05443778311259,0.0555548797087608 4.349193836863843,52.05443794935591,0.0529581263688561 4.34919366756986,52.05443811407098,0.0503881270342359 4.349193501050877,52.0544382772904,0.0478430541724428 4.34919333746335,52.05443843893157,0.0453302993947994 4.34919317700575,52.05443859899503,0.0428591817276773 4.349193019582743,52.05443875754991,0.0404278695774196 4.349192864914905,52.05443891468993,0.0380353102145218 4.3491927128017815,52.05443907049298,0.0356782358480041 4.349192563103828,52.054439224993054,0.0333481372349937 4.349192415777872,52.05443937816048,0.0310416789153764 4.349192270931325,52.054439529946805,0.0287555730685711 4.349192128614488,52.054439680366436,0.0264861446550677 4.349191988639587,52.05443982949351,0.0242278248518497 4.3491918508103815,52.054439977396015,0.0219756403990598 4.349191715168162,52.05444012405127,0.0197434404952243 4.349191581869166,52.054440269395094,0.017552765874496 4.349191450947266,52.05444041343586,0.0154092735414317 4.349191322340103,52.05444055619817,0.0133070895030469 4.349191196010192,52.054440697731714,0.0112342698849827 4.3491910718513935,52.05444083812785,0.0091736961040869 4.349190949732651,52.054440977406614,0.0071172377070585 4.349190829649274,52.05444111555761,0.0050760725181291 4.349190711597319,52.0544412526263,0.0030648733404583 4.349190595500852,52.054441388615224,0.00108494622684 4.349190481375291,52.05444152344694,-0.0008679036097727 4.3491903693546545,52.05444165707893,-0.0027968330328929 4.349190259499319,52.05444178954297,-0.004705004851059 4.349190151641727,52.054441920918585,-0.0065948591243754 4.349190045541606,52.0544420512847,-0.0084670839698639 4.349189941143204,52.05444218065513,-0.0103148783404978 4.349189838497501,52.054442309014355,-0.012135295941817 4.349189737619725,52.05444243635759,-0.0139408543507504 4.349189638578416,52.054442562671596,-0.0157385413436776 4.349189541445091,52.05444268796376,-0.0175200035274021 4.349189446116831,52.05444281227263,-0.0192761259746467 4.349189352438453,52.05444293565061,-0.0210007996868233 4.349189260365616,52.054443058130786,-0.0226840843673321 4.349189169880812,52.054443179724665,-0.0243314468139228 4.349189081030097,52.054443300454366,-0.0259688945291567 4.3491889939252495,52.05444342030995,-0.0276036718695138 4.349188908545432,52.05444353926869,-0.0292271979129403 4.349188824782448,52.05444365737035,-0.0308362149345358 4.349188742538001,52.05444377467715,-0.0324283479574543 4.34918866175033,52.05444389118345,-0.0340034982748393 4.349188582470933,52.054444006843774,-0.0355616809488772 4.349188504769258,52.05444412165047,-0.0371040491649599 4.349188428615256,52.054444235621744,-0.0386351034166776 4.349188353935223,52.05444434878235,-0.0401539695206314 4.3491882806597575,52.05444446116639,-0.0416551304808483 4.349188208723103,52.05444457279745,-0.043136057116409 4.349188138089863,52.05444468367991,-0.0445976666569389 4.349188068784021,52.054444793799135,-0.0460409442626077 4.349188000890913,52.05444490313884,-0.0474634782527729 4.34918793446032,52.05444501171374,-0.0488638439860871 4.349187869420545,52.05444511956794,-0.0502459183016568 4.349187805687532,52.05444522674169,-0.0516130002319186 4.349187743213342,52.05444533321259,-0.0529689373021518 4.349187681983034,52.05444543897856,-0.0543151545877966 4.349187622041521,52.054445544098286,-0.0556437990752498 4.349187563362477,52.05444564852177,-0.0569537666526227 4.349187505903717,52.05444575217748,-0.058250639037749 4.349187449700555,52.05444585512579,-0.0595284783002107 4.349187394790258,52.05444595745721,-0.0607836110751445 4.349187341040156,52.05444605911449,-0.0620087676139999 4.349187288311384,52.054446160016006,-0.0632035268373103 4.349187236603801,52.05444626028988,-0.0644004970312579 4.349187185805148,52.05444636003087,-0.0656077490211286 4.349187135984375,52.05444645918839,-0.0667972099778113 4.349187087228968,52.0544465576977,-0.0679627393918389 4.349187039479013,52.05444665556921,-0.0691171928980671 4.34918699287604,52.054446752947754,-0.0702647169130599 4.349186947376726,52.05444684988716,-0.0714158324648357 4.3491869027998264,52.05444694632613,-0.0725806942628328 4.349186859201684,52.05444704224429,-0.0737483865516082 4.349186816655307,52.054447137581874,-0.0749079894845707 4.3491867752265945,52.05444723229391,-0.0760501461482388 4.349186734931307,52.05444732644071,-0.0771737752689576 4.349186695577076,52.054447420066126,-0.0782903973474282 4.349186657082168,52.05444751323639,-0.0794067827744688 4.349186619496592,52.054447606024816,-0.0805315598969635 4.349186582762586,52.05444769835766,-0.0816623680349515 4.3491865468508895,52.05444779014353,-0.0827774966635859 4.349186511700447,52.05444788133027,-0.0838634677365113 4.349186477216616,52.05444797192314,-0.084924731575914 4.3491864434050385,52.05444806205389,-0.0859700637525766 4.349186410211969,52.05444815178151,-0.0870105674216361 4.349186377609408,52.05444824110212,-0.0880470124356374 4.349186345731237,52.0544483299943,-0.0890619060161044 4.3491863146457215,52.05444841841932,-0.0900550348122215 4.349186284388308,52.054448506376374,-0.0910409795818281 4.349186254994912,52.05444859390386,-0.0920243484511922 4.3491862263759336,52.054448681028866,-0.0930100336016148 4.349186198421396,52.054448767762686,-0.0939974496762179 4.349186171115317,52.05444885409415,-0.0949733198054989 4.349186144485822,52.054448940037034,-0.0959300088989638 4.349186118538346,52.05444902560412,-0.0968724899438586 4.349186093259039,52.05444911078128,-0.0978111236956262 4.349186068664516,52.054449195544514,-0.0987499070789681 4.349186044781402,52.054449279874845,-0.0996837028613928 4.349186021571885,52.05444936379954,-0.1006075118516203 4.349185998983144,52.054449447356184,-0.1015173959865758 4.349185976984727,52.05444953056506,-0.1024135365839935 4.349185955568992,52.05444961345303,-0.1033091665007983 4.349185934806219,52.05444969603587,-0.1042143322589854 4.349185914766476,52.05444977825347,-0.1051206906353958 4.349185895458306,52.05444986007592,-0.1060200348582127 4.349185876850062,52.054449941532305,-0.1069107652056273 4.349185858844877,52.054450022679994,-0.1077922446663279 4.349185841337787,52.05445010356101,-0.10866619504118 4.349185824287667,52.05445018417304,-0.1095362340819905 4.349185807743191,52.05445026447811,-0.1104039994824197 4.349185791787491,52.05445034443011,-0.1112662210905526 4.3491857764973725,52.0544504239949,-0.112118128930958 4.349185761864657,52.05445050317395,-0.1129580592893715 4.349185747735756,52.05445058200745,-0.1137904371405533 4.349185733988669,52.05445066053949,-0.1146207429473671 4.349185720610597,52.05445073877764,-0.1154482639969596 4.3491857076189,52.054450816701326,-0.1162696252858954 4.349185695028928,52.05445089430592,-0.1170820500647051 4.349185682848196,52.05445097159571,-0.1178817610370637 4.349185671113732,52.05445104857069,-0.1186664752662678 4.349185659889188,52.05445112524298,-0.1194380081169299 4.349185649197166,52.05445120163266,-0.1202016018063822 4.349185639021045,52.05445127776718,-0.1209627936134229 4.349185629339134,52.05445135367499,-0.1217250068710709 4.34918562011476,52.05445142936405,-0.1224893836174976 4.349185611310464,52.05445150482172,-0.1232542119888102 4.349185602914558,52.05445158002179,-0.1240163977949331 4.349185594944134,52.05445165493153,-0.1247746427160514 4.349185587408112,52.054451729523976,-0.1255319642643351 4.349185580272431,52.05445180378913,-0.1262929826430814 4.349185573505253,52.05445187773041,-0.1270588543719157 4.349185567104173,52.05445195136116,-0.1278286961445411 4.349185561039985,52.054452024700815,-0.128601194124867 4.349185555268217,52.05445209775863,-0.12937294454556 4.349185549799498,52.05445217053706,-0.1301394835145077 4.349185544690169,52.05445224303265,-0.1308971518138513 4.349185539979281,52.05445231524761,-0.1316447687023756 4.349185535674014,52.0544523872071,-0.1323846692618264 4.3491855317812265,52.05445245893254,-0.1331194859977889 4.349185528308323,52.0544525304379,-0.1338503808968369 4.349185525247128,52.05445260174013,-0.1345788795322753 4.349185522603215,52.05445267284459,-0.1353035738756327 4.349185520407173,52.054452743752286,-0.136018849254512 4.3491855186636705,52.05445281446656,-0.1367206343374571 4.349185517341739,52.054452884984975,-0.1374091224617291 4.349185516405544,52.054452955306175,-0.1380894041696851 4.349185515835651,52.05445302542298,-0.138768052344941 4.34918551564356,52.054453095322636,-0.1394470335893274 4.349185515842119,52.05445316500157,-0.1401253693598434 4.349185516425728,52.05445323444729,-0.1408002073098639 4.349185517387673,52.05445330365192,-0.1414667791314729 4.34918551869723,52.05445337263646,-0.1421250045154041 4.349185520315531,52.05445344141453,-0.1427792048239324 4.349185522252689,52.05445350998165,-0.1434321178462774 4.3491855245413875,52.05445357834021,-0.1440837118418008 4.349185527243985,52.05445364647994,-0.1447310998819655 4.349185530386333,52.054453714333484,-0.1453787642836288 4.349185533898043,52.05445378194315,-0.1460278053947448 4.3491855377007,52.05445384946957,-0.146666179478935 4.349185541736167,52.05445391691052,-0.1472926695624759 4.349185545974445,52.05445398417362,-0.147912282295596 4.349185550422007,52.05445405119782,-0.1485298599702682 4.349185555151156,52.05445411799854,-0.149148241384371 4.349185560185208,52.0544541846269,-0.1497651165198013 4.349185565465341,52.05445425107647,-0.1503853829672108 4.349185570955626,52.05445431731369,-0.1510138408047976 4.349185576609897,52.05445438336227,-0.1516520898758799 4.34918558242271,52.05445444925262,-0.152297259712979 4.349185588407534,52.054454514994504,-0.1529432890707092 4.349185594534334,52.05445458059426,-0.1535896626136113 4.349185600814996,52.054454646066375,-0.1542342761265196 4.349185607251812,52.05445471142729,-0.1548756252968575 4.349185613786103,52.05445477666284,-0.1555173937755958 4.349185620409015,52.05445484178006,-0.1561585431173417 4.349185627147288,52.05445490680407,-0.1567958630787975 4.349185634007669,52.05445497172801,-0.1574289549728651 4.349185641010413,52.05445503656672,-0.1580560419375074 4.349185648144988,52.05445510132546,-0.1586785491514715 4.349185655386255,52.05445516601331,-0.1593001609331259 4.349185662735568,52.054455230676105,-0.159921348988751 4.349185670143485,52.05445529530813,-0.1605451225959173 4.349185677578189,52.054455359894,-0.1611719680543757 4.349185685072925,52.05445542443444,-0.1617968918019747 4.349185692630257,52.05445548891175,-0.1624189959757709 4.349185700257856,52.054455553327415,-0.1630396522678139 4.349185707965461,52.05445561767386,-0.1636622566641823 4.349185715716506,52.054455681948085,-0.1642917378079111 4.349185723470682,52.05445574617736,-0.1649267917903261 4.349185731179798,52.054455810372815,-0.1655636591790905 4.349185738800408,52.05445587454181,-0.1662006758947587 4.3491857463271195,52.054455938686374,-0.1668366584083371 4.349185753781276,52.05445600278444,-0.1674716651864822 4.349185761211947,52.05445606682094,-0.1681057975629665 4.3491857686605035,52.05445613079,-0.1687393779059403 4.349185776145391,52.0544561946889,-0.1693731251408254 4.34918578367313,52.054456258541094,-0.1700069839370468 4.349185791197059,52.05445632238251,-0.1706427964995951 4.349185798649199,52.05445638624342,-0.1712827311471016 4.349185805998677,52.05445645014855,-0.1719276096483324 4.349185813248684,52.054456514094824,-0.1725771474596946 4.349185820429123,52.05445657806254,-0.1732280211999266 4.3491858275614925,52.05445664203665,-0.1738773216187517 4.349185834653118,52.054456705993225,-0.1745253763412995 4.349185841717409,52.0544567699385,-0.175173285449524 4.349185848738018,52.054456833885844,-0.1758217475324084 4.349185855670238,52.05445689783701,-0.1764719425865948 4.349185862487884,52.05445696180318,-0.1771246437184395 4.3491858691723415,52.05445702580685,-0.1777795622510214 4.349185875679288,52.05445708986781,-0.1784349823804021 4.3491858819661084,52.05445715399441,-0.1790898896441954 4.349185888046421,52.054457218178236,-0.1797455184702059 4.349185893991979,52.05445728239424,-0.1804012629767433 4.349185899877799,52.0544573466073,-0.1810548960393725 4.349185905737562,52.05445741079502,-0.1817077306582177 4.349185911550076,52.054457474961836,-0.1823664701316589 4.3491859172407,52.05445753913919,-0.183038172680904 4.34918592270682,52.054457603360134,-0.1837237964852471 4.349185927879887,52.0544576676416,-0.1844201149352513 4.349185932744702,52.05445773199708,-0.1851252277525832 4.34918593731111,52.054457796417616,-0.1858393876298167 4.349185941622411,52.05445786087545,-0.1865625328873834 4.349185945747994,52.054457925351635,-0.1872932628611847 4.349185949722695,52.05445798984009,-0.1880291093570965 4.349185953540208,52.054458054361696,-0.1887682204641088 4.349185957181147,52.05445811895605,-0.1895103033626526 4.349185960598206,52.054458183663684,-0.1902557712899848 4.349185963723505,52.054458248520355,-0.191006225177579 4.349185966523649,52.05445831352838,-0.1917601346532378 4.34918596905726,52.05445837865237,-0.1925109877052149 4.349185971419084,52.05445844385561,-0.1932555245502243 4.349185973676182,52.054458509120565,-0.1939973506949455 4.349185975866873,52.054458574448155,-0.1947393548520164 4.34918597792924,52.05445863985255,-0.1954815086190593 4.349185979772419,52.05445870537571,-0.1962245642914375 4.349185981399236,52.054458771026205,-0.1969668974877394 4.349185982799409,52.05445883681441,-0.1977091943270852 4.34918598390784,52.05445890274675,-0.1984556447035554 4.349185984710537,52.05445896881714,-0.1992072872342967 4.349185985210543,52.05445903501315,-0.1999623392518708 4.349185985384983,52.05445910131265,-0.2007174512708434 4.349185985245284,52.05445916770182,-0.2014716817612329 4.349185984805037,52.05445923418551,-0.2022293721791221 4.34918598406806,52.05445930076187,-0.2029939343286 4.349185983054742,52.05445936742326,-0.203763773631556 4.349185981748976,52.05445943418201,-0.2045367569865797 4.349185980105965,52.05445950107028,-0.2053132805056048 4.349185978080844,52.05445956812178,-0.2060959323451583 4.349185975646911,52.05445963534459,-0.2068890729093553 4.349185972849594,52.05445970271571,-0.2076919192326967 4.349185969733749,52.05445977021167,-0.208497669516146 4.3491859662846934,52.05445983782704,-0.2093025430061317 4.349185962491228,52.05445990557713,-0.2101057738970571 4.349185958321995,52.054459973497266,-0.2109093612072037 4.349185953728393,52.054460041615144,-0.211719120590506 4.349185948701788,52.05446010993276,-0.2125381725344808 4.349185943262783,52.054460178438006,-0.2133648504136838 4.349185937451674,52.054460247105915,-0.2141950288564182 4.349185931308499,52.05446031591654,-0.2150256659414871 4.349185924838318,52.054460384870474,-0.2158579013081913 4.349185918021485,52.05446045398329,-0.2166943534867642 4.349185910816878,52.05446052327529,-0.2175375369268484 4.349185903170109,52.05446059275947,-0.2183885447614746 4.3491858950414315,52.05446066244889,-0.2192461646207824 4.349185886416787,52.05446073234955,-0.2201091483670092 4.349185877325093,52.05446080245127,-0.2209762362922291 4.349185867810987,52.05446087273885,-0.221846340752752 4.3491858578952645,52.054460943207864,-0.2227202868881739 4.349185847567898,52.054461013886176,-0.2236015518708471 4.34918583678367,52.05446108479837,-0.2244931545597484 4.349185825489457,52.05446115594429,-0.2253941995314186 4.349185813662574,52.054461227327565,-0.2263019859629418 4.3491858013241025,52.05446129892928,-0.2272135114928479 4.3491857885218845,52.05446137072203,-0.2281262806362152 4.349185775284728,52.054461442711336,-0.2290418544557733 4.349185761585486,52.05446151492414,-0.2299643229789936 4.34918574732771,52.05446158740564,-0.2308980575062684 4.349185732402866,52.05446166018571,-0.2318457206626232 4.349185716786263,52.05446173325236,-0.2328043391756664 4.349185700522206,52.05446180657154,-0.2337703275476825 4.349185683691119,52.05446188009514,-0.2347433093159865 4.349185666364682,52.054461953802914,-0.2357228905975303 4.349185648485227,52.05446202773594,-0.2367095305655508 4.349185629905044,52.054462101954975,-0.237705421027941 4.349185610526344,52.05446217650158,-0.2387140057978065 4.34918559033382,52.05446225137427,-0.2397394880105317 4.349185569384851,52.05446232652752,-0.2407827502864021 4.349185547761646,52.05446240191836,-0.2418386581567913 4.349185525497374,52.05446247752974,-0.2429003706089485 4.349185502563374,52.05446255338342,-0.243966296071223 4.349185478898059,52.054462629536495,-0.2450421943782639 4.34918545445157,52.05446270604146,-0.2461340432604459 4.3491854292099585,52.054462782935396,-0.2472393665413856 4.349185403154001,52.05446286020684,-0.2483530027353913 4.349185376326343,52.05446293780151,-0.2494721694110793 4.349185348867066,52.05446301571568,-0.2505943003999222 4.3491853207893465,52.05446309395562,-0.2517199532238554 4.349185291964601,52.05446317253262,-0.2528486515470325 4.349185262354815,52.054463251484016,-0.2539798651977127 4.3491852319854605,52.054463330838495,-0.2551227044396129 4.34918520086045,52.054463410576375,-0.2562860022531064 4.349185168972201,52.05446349070672,-0.2574685579032638 4.349185136311108,52.05446357125341,-0.2586622789162849 4.34918510284821,52.05446365221588,-0.2598584857038108 4.349185068539889,52.054463733622676,-0.2610573051677227 4.349185033352462,52.05446381550118,-0.2622675791920557 4.349184997272039,52.05446389786034,-0.2634954184161087 4.349184960307161,52.05446398070042,-0.2647369873607554 4.349184922433401,52.054464064034775,-0.26598524045475 4.349184883628664,52.054464147886065,-0.2672375001922682 4.349184843897059,52.054464232278484,-0.2684959036061887 4.349184803195427,52.054464317247174,-0.2697639794889315 4.349184761465304,52.054464402819924,-0.2710436327162666 4.3491847186504025,52.054464489026095,-0.2723430388533709 4.34918467461613,52.054464575926524,-0.2736846456644772 4.349184629184142,52.05446466354737,-0.2750917918777364 4.349184582422632,52.0544647517519,-0.2765403715434598 4.349184534671823,52.0544648402835,-0.2779515065893441 4.349184486087238,52.05446492903361,-0.2792870822660442 4.349184436627845,52.05446501811576,-0.2805947722028912 4.349184386220881,52.05446510768591,-0.2819328179650968 4.349184334663967,52.0544651978798,-0.2833114479854699 4.349184281817227,52.054465288785686,-0.2847138023791027 4.349184227863241,52.05446538010487,-0.2861561687244198 4.349184172866435,52.054465471825246,-0.2876521900574955 4.349184116472344,52.05446556453765,-0.289160723048925 4.349184058585062,52.05446565817886,-0.2906576509423986 4.349183999391451,52.05446575240412,-0.2921526085000159 4.349183938940913,52.05446584726814,-0.2936546589659929 4.349183877213765,52.05446594285548,-0.2951688030788117 4.3491838141652535,52.05446603916629,-0.296686708309692 4.349183749900224,52.054466136130635,-0.298198044805154 4.349183684695256,52.05446623371609,-0.2997070380746498 4.349183618595024,52.05446633195271,-0.301232589610402 4.34918355139564,52.05446643087279,-0.3027833637462769 4.349183483042247,52.054466530460445,-0.3043408730788526 4.349183413546748,52.05446663073107,-0.305891822165099 4.349183342849279,52.0544667317422,-0.3074460530478173 4.349183270960108,52.05446683351258,-0.3090136707443913 4.349183197917757,52.05446693603201,-0.3105954385572103 4.349183123736778,52.05446703923376,-0.3121840176697632 4.349183048422969,52.05446714304695,-0.3137779060381893 4.3491829719306585,52.05446724747663,-0.3154046129907462 4.349182894146837,52.05446735261478,-0.317075497273954 4.349182815073829,52.054467458457076,-0.3187293382290712 4.349182734950037,52.05446756472903,-0.3203001216430028 4.349182654027837,52.05446767136046,-0.3218073363332148 4.34918257239888,52.054467778617415,-0.3233139646954512 4.349182490034647,52.05446788666863,-0.3248304382159421 4.34918240680523,52.054467995607965,-0.3263336301866237 4.3491823224455235,52.054468105502735,-0.3278477693824317 4.3491822368138715,52.0544682163363,-0.3294073915867566 4.349182150097233,52.05446832803973,-0.330982314111667 4.349182062471073,52.05446844049598,-0.3325234431013486 4.349181973974474,52.05446855362022,-0.3340183394135323 4.349181884834262,52.05446866729338,-0.3354664442238144 4.349181795039594,52.05446878162321,-0.3368713843643323 4.349181704411811,52.05446889668925,-0.3382376033776464 4.349181613049108,52.05446901244773,-0.3395656612903353 4.349181521127689,52.05446912890117,-0.3408779862064772 4.349181428591594,52.0544692460933,-0.3421986307754938 4.349181335401284,52.05446936401926,-0.3435134972331339 4.349181241597788,52.05446948269163,-0.34480005797682 4.349181147275173,52.05446960207364,-0.3460520648700393 4.349181052657306,52.05446972225917,-0.3472872164172047 4.349180957969846,52.054469843281666,-0.3484953543929512 4.349180862664372,52.05446996484841,-0.3496257805095593 4.349180765945587,52.054470086947,-0.350712427419368 4.349180668487643,52.05447020973219,-0.3518091792129039 4.349180571074045,52.054470333165455,-0.3529016280429964 4.349180473262164,52.054470457169124,-0.3539770739096362 4.349180374695144,52.05447058160256,-0.3550227100569523 4.349180275471708,52.054470706460066,-0.3560452648803691 4.349180175821325,52.05447083172726,-0.3570501465417832 4.349180075759345,52.054470957351434,-0.3580209578602704 4.349179975048807,52.05447108342956,-0.3589650674969982 4.349179873677855,52.054471209975965,-0.3598881310688289 4.349179771767585,52.05447133700259,-0.3607870358317671 4.349179669356776,52.054471464578995,-0.3616652382123511 4.349179566425487,52.054471592686404,-0.3625276276550444 4.349179463049693,52.054471721272506,-0.3633712733631893 4.349179359341613,52.05447185034656,-0.3641925817513813 4.349179255248989,52.05447197996802,-0.3650072208055084 4.349179150724463,52.0544721102243,-0.3658306095868844 4.349179045712529,52.05447224127601,-0.3666697688128062 4.349178940111497,52.05447237318736,-0.3675432591560237 4.349178834116153,52.05447250581298,-0.3684678347819017 4.349178728169263,52.05447263905721,-0.3694176154267086 4.349178622212517,52.05447277319783,-0.3703272896589884 4.349178515327727,52.05447290854068,-0.3711596555328773 4.349178407119737,52.05447304482552,-0.3719078835572782 4.349178298408708,52.05447318144466,-0.3725880774384271 4.349178190039818,52.05447331839486,-0.3732467067159466 4.349178082647188,52.05447345642826,-0.3738844030644879 4.349177976302281,52.05447359586787,-0.3745010071235208 4.349177870373111,52.05447373660222,-0.3751191070678006 4.349177764691029,52.05447387863331,-0.3756943048245995 4.349177659485361,52.054474021961624,-0.3761887012085965 4.349177554832777,52.054474166593444,-0.3766179840938677 4.349177450884806,52.05447431239627,-0.3769824889933426 4.349177347713307,52.05447445910381,-0.3772872210820632 4.349177245000915,52.05447460650143,-0.3775821348411807 4.349177142524842,52.05447475451876,-0.3779067976369421 4.3491770402246335,52.05447490315687,-0.3782571942071908 4.349176937895247,52.054475052378876,-0.3786400074118465 4.349176835553134,52.05447520214096,-0.3790853318649141 4.349176733597454,52.054475352605216,-0.3795823225647878 4.349176631844259,52.05447550428623,-0.380098644148418 4.34917652935511,52.05447565741144,-0.3806256133242507 4.349176425610324,52.05447581186092,-0.3811347855221991 4.349176320829603,52.05447596742808,-0.3816161613108129 4.34917621591371,52.05447612369426,-0.3820952879739847 4.349176112001819,52.054476280416296,-0.3825760371558888 4.349176009197752,52.054476437985535,-0.3830667508896299 4.3491759069626825,52.054476596739896,-0.3835599601598516 4.349175805193312,52.05447675679313,-0.3840041928079243 4.349175703972946,52.054476918328156,-0.3843697623984798 4.349175603358843,52.054477081241046,-0.3846546535600539 4.349175503768182,52.054477245295914,-0.384861485512372 4.349175405426043,52.054477410489305,-0.3850262285351276 4.349175308055475,52.05447757668401,-0.3851842165119166 4.3491752115303495,52.05447774362207,-0.3853308904419461 4.349175115695109,52.05447791132477,-0.3854673335863401 4.349175020356859,52.0544780798981,-0.3855908854947079 4.349174925757026,52.05447824935618,-0.3856731366688088 4.3491748320397,52.054478419785966,-0.3857150567538077 4.34917473904588,52.05447859129163,-0.385734339751159 4.349174646822548,52.054478763913345,-0.3857251999814384 4.349174555518315,52.05447893768189,-0.3856885487113608 4.349174465037702,52.05447911263088,-0.3856388813613423 4.34917437519584,52.0544792887061,-0.3855821465265823 4.349174286095169,52.054479465759776,-0.3855045297863451 4.349174197994959,52.054479643645365,-0.3853779226662626 4.349174111001584,52.05447982221266,-0.3851859076982813 4.349174025202708,52.05448000137435,-0.384928309019493 4.349173940651073,52.05448018122072,-0.3846189924630985 4.349173857267932,52.05448036192765,-0.3842888607255479 4.349173775080674,52.05448054359196,-0.3839606147304057 4.349173694355559,52.05448072622603,-0.3836289324431123 4.349173615481523,52.0544809097872,-0.3832729680490527 4.349173538701866,52.05448109414554,-0.3828793960981782 4.349173463987011,52.05448127925286,-0.3824535192654781 4.349173391210567,52.05448146514802,-0.3820078045672539 4.3491733203667025,52.05448165169008,-0.381546618576301 4.349173251531131,52.054481838698216,-0.3810696156343351 4.3491731846844415,52.054482026172,-0.3805769985889071 4.349173119887176,52.054482214195126,-0.3800540850440845 4.349173057221906,52.05448240287189,-0.3794867053734121 4.3491729964684245,52.054482592324256,-0.3788882388882593 4.3491729373982535,52.054482782558125,-0.3782734906358844 4.34917288008576,52.054482973443484,-0.3776504261509603 4.349172824681899,52.054483164844456,-0.377032063808481 4.3491727712404264,52.05448335666224,-0.376421041217343 4.349172719752021,52.054483548830085,-0.3758142723793551 4.349172670229763,52.05448374128768,-0.3752118044438584 4.349172622787994,52.054483934053295,-0.3746068995879459 4.349172577551189,52.05448412718951,-0.3739893941156373 4.349172534634274,52.05448432070201,-0.373349177847508 4.349172494144688,52.05448451461042,-0.372681343194436 4.3491724561036555,52.05448470892153,-0.3719911702357756 4.349172420518016,52.05448490362217,-0.3712829963242638 4.3491723874223895,52.05448509874278,-0.3705608080592433 4.349172356845784,52.054485294205634,-0.3698304732581521 4.349172328789101,52.054485489794914,-0.3690968833373804 4.349172303229207,52.05448568546649,-0.3683715200874404 4.349172280101761,52.05448588131918,-0.3676621048006381 4.349172259222571,52.054486077390386,-0.3669741524041212 4.349172240331926,52.054486273762095,-0.3663318960099424 4.349172223363741,52.054486470494716,-0.3657300012030529 4.349172208529913,52.05448666736494,-0.3651081387139769 4.349172195859053,52.05448686415434,-0.3644357137873619 4.349172185204697,52.05448706077927,-0.3637361380207702 4.349172176635025,52.05448725736669,-0.3630450844129922 4.349172170217478,52.054487454012666,-0.3624050637773397 4.349172165912458,52.05448765068029,-0.3618339310862519 4.349172163794548,52.05448784744992,-0.3612939689819896 4.349172164053151,52.05448804441844,-0.3607315774533277 4.349172166906118,52.05448824155254,-0.3601250690812323 4.349172172443533,52.05448843883499,-0.3594918942334923 4.349172180607341,52.05448863636135,-0.3588667151909277 4.3491721913519585,52.05448883417385,-0.3582664795261396 4.349172204584885,52.05448903217269,-0.3576836166071064 4.349172220162333,52.0544892302701,-0.3571035559092212 4.3491722380027396,52.05448942840791,-0.3565226903745317 4.349172258110256,52.05448962650589,-0.3559452059412846 4.349172280478752,52.05448982454285,-0.355369601944886 4.349172304910349,52.054490022566966,-0.3548027274832988 4.349172331193471,52.05449022056664,-0.3542526325922042 4.349172359355922,52.054490418494545,-0.3537177923128207 4.349172389502881,52.05449061635329,-0.3532056812924211 4.349172421712553,52.054490814133345,-0.3527212732057712 4.349172456198734,52.05449101188595,-0.3522583252440707 4.349172493198499,52.05449120967412,-0.3518040188038887 4.349172532742474,52.054491407459125,-0.3513363932147064 4.349172574252927,52.054491604909714,-0.3508636166912424 4.349172617601189,52.05449180190593,-0.3503996932885589 4.349172663831047,52.05449199908869,-0.3499176190631288 4.349172713038146,52.05449219667181,-0.3494156514329405 4.349172764554118,52.05449239423935,-0.3489112879218154 4.349172818271746,52.054492591672215,-0.348399411562946 4.3491728741936795,52.05449278904569,-0.3478922323320144 4.349172932332463,52.05449298633718,-0.3474041643543963 4.349172992519754,52.05449318353844,-0.3469292663646599 4.349173054418693,52.054493380641496,-0.3464723396901301 4.349173118002297,52.054493577608056,-0.3460386513707743 4.349173183377045,52.054493774333444,-0.345614280660341 4.349173250474832,52.05449397077417,-0.3451941260350741 4.349173319089923,52.05449416698532,-0.3447950408585574 4.349173389210716,52.054494363034145,-0.3444249586988852 4.349173461203162,52.05449455894989,-0.3440712437152649 4.3491735353072345,52.05449475470347,-0.3437300965284584 4.349173611636449,52.05449495026826,-0.3434084218083724 4.349173690684628,52.054495145639095,-0.343095203994713 4.34917377283412,52.05449534075306,-0.3427725893657229 4.3491738574187915,52.05449553552628,-0.3424515612361123 4.349173943318022,52.05449572982934,-0.3421364402448166 4.34917403078385,52.05449592374741,-0.3417871670627073 4.349174120981849,52.054496117716596,-0.3413826529260975 4.349174214010448,52.05449631187285,-0.3409459055179313 4.349174309170022,52.054496505931176,-0.3405179590420726 4.349174406032622,52.05449669970988,-0.340152722311215 4.349174504498242,52.054496893212814,-0.3398699452192284 4.34917460473823,52.054497086486286,-0.339631214319779 4.349174706962872,52.054497279559186,-0.3393906636495019 4.349174811138172,52.0544974725092,-0.3391354594965783 4.349174917234994,52.05449766531465,-0.3388717001126551 4.349175025214187,52.05449785788968,-0.3386115842050299 4.349175134714941,52.05449805010213,-0.3383661575130054 4.349175245878847,52.05449824178076,-0.3380971824049568 4.349175359408594,52.05449843301093,-0.3377869259789876 4.34917547538687,52.054498624183694,-0.3375243133667132 4.349175593632976,52.05449881515855,-0.3373286083160098 4.349175714498298,52.054499005510095,-0.337093461520022 4.349175837939624,52.05449919522397,-0.3367669323205167 4.349175963157941,52.05449938431465,-0.3363708427347798 4.349176090081773,52.05449957327258,-0.3359826571641604 4.349176219095452,52.054499762745806,-0.3357030844927684 4.349176349633689,52.05449995237436,-0.3355392061283737 4.349176481269106,52.054500141664306,-0.3354274614267178 4.349176614378392,52.05450033027854,-0.335282618099963 4.34917674944359,52.05450051777507,-0.3350319835605631 4.349176886922723,52.05450070452214,-0.3347078760970334 4.3491770271383565,52.05450089126582,-0.3344042047758182 4.349177169937165,52.0545010782177,-0.3341913816269808 4.349177314791912,52.05450126507003,-0.3340643600708688 4.349177461389949,52.054501451239936,-0.3339225634645926 4.349177609711384,52.054501636387215,-0.3336814272301387 4.349177760246896,52.054501820689836,-0.3333346853710739 4.349177913779325,52.054502004738026,-0.3329483711888268 4.3491780699894855,52.05450218883594,-0.3326200470555824 4.34917822781186,52.05450237287027,-0.3323959070011475 4.349178386923012,52.054502556671736,-0.3322191158677015 4.349178547719971,52.054502739505374,-0.3319270100662543 4.349178710698453,52.05450292106724,-0.3314626100318292 4.349178875952148,52.05450310211239,-0.3309528606369265 4.349179043112091,52.05450328311851,-0.3305046182785425 4.349179211787385,52.054503464465455,-0.3302130980779831 4.349179381748843,52.05450364602204,-0.3300777186947159 4.349179553006635,52.05450382659373,-0.3298885639083786 4.349179726014025,52.054504005666246,-0.3295200403931058 4.349179901452,52.05450418369202,-0.3290383526959637 4.349180079442882,52.05450436121245,-0.3285452467294352 4.349180259271673,52.054504538781146,-0.328158666053068 4.3491804403877845,52.05450471669488,-0.3279402175903603 4.349180622969283,52.05450489461985,-0.3277725708956223 4.349180807188492,52.05450507156486,-0.32744968648693 4.349180993041238,52.05450524709342,-0.326949774968011 4.349181180617688,52.05450542182778,-0.3264488521448285 4.349181369916632,52.05450559621245,-0.3260463827379762 4.34918156085425,52.05450577049764,-0.3257528545265433 4.3491817530414805,52.054505944633625,-0.3255477359113081 4.349181946151723,52.05450611787808,-0.3253022298374461 4.349182140790066,52.05450628990258,-0.3249046258953139 4.349182337611239,52.054506461017645,-0.3243884062392994 4.349182536374195,52.05450663176803,-0.3238777350746558 4.349182736479103,52.05450680270354,-0.3234876573956877 4.349182937551074,52.0545069735825,-0.3232166005143457 4.349183139678764,52.0545071436038,-0.322952188889793 4.349183343338899,52.0545073122999,-0.3225860768670108 4.34918354912029,52.05450747973493,-0.3221065749090348 4.3491837573702306,52.054507646336226,-0.3216080871491362 4.349183967912673,52.05450781261814,-0.321188183769479 4.349184180275507,52.05450797876325,-0.3208453717170383 4.3491843941479384,52.05450814453745,-0.3204971761052069 4.3491846092296065,52.05450830943311,-0.3200582290643545 4.349184825607534,52.05450847315821,-0.3194865487425056 4.349185043799416,52.054508636044574,-0.3188455764568427 4.349185263787454,52.0545087986622,-0.3182941976265843 4.349185485006299,52.05450896093823,-0.3178995230248702 4.34918570731876,52.05450912248796,-0.3175732209104493 4.349185930717064,52.054509283235376,-0.3172151335083368 4.349186155125001,52.05450944301614,-0.3167753074320556 4.349186381091428,52.05450960180695,-0.3162641570573177 4.3491866089722055,52.05450975998198,-0.3157431598519982 4.349186838181314,52.054509917682225,-0.3152510100653569 4.3491870681765885,52.054510074891674,-0.3148095198033749 4.3491872988556395,52.054510231653765,-0.3144209439700502 4.349187530238432,52.05451038784364,-0.3140317508289412 4.349187762507208,52.054510543349224,-0.3136051807640259 4.349187995861732,52.05451069803839,-0.3131535093041453 4.349188230561633,52.05451085170552,-0.3126842857755814 4.3491884668134055,52.0545110044867,-0.3121895214222219 4.349188704331962,52.05451115668686,-0.3116615703026175 4.3491889426367525,52.05451130821674,-0.3111182091002473 4.349189181664032,52.05451145895525,-0.3105997185107334 4.3491894215878855,52.05451160893889,-0.3101125814836609 4.34918966278761,52.05451175800665,-0.3096115897941769 4.349189905658377,52.05451190605871,-0.3090786315265723 4.349190149981376,52.0545120534176,-0.3085673444271322 4.349190395502213,52.05451220031847,-0.3080935428687748 4.349190642492548,52.05451234661546,-0.307596194580229 4.349190890766372,52.05451249226395,-0.3070678800930442 4.3491911398246845,52.05451263722094,-0.3065680298891888 4.349191390064117,52.05451278108893,-0.3061027637299665 4.34919164223199,52.054512923620905,-0.3056192583740111 4.349191896228678,52.054513065204816,-0.3050955509791073 4.3491921513302225,52.05451320632867,-0.3045510731791694 4.349192407271675,52.054513347008736,-0.3040146072126681 4.349192664210002,52.05451348718811,-0.3035210572156357 4.349192921752302,52.054513626953494,-0.3030807217541471 4.3491931795377585,52.05451376624991,-0.3026765943182061 4.3491934379948,52.0545139049813,-0.3023040752879127 4.349193697509246,52.05451404310151,-0.3019357003177467 4.34919395798722,52.0545141806658,-0.3015276943946743 4.349194218659828,52.05451431777675,-0.3010751342974891 4.3491944784305065,52.054514454135514,-0.3005518692852118 4.349194737383825,52.054514589298414,-0.2999673180338726 4.349194996190415,52.054514723660276,-0.2995211758592035 4.349195254989215,52.054514858417015,-0.2994569229785542 4.349195513573862,52.0545149940779,-0.299719462038968 4.349195771865222,52.05451512947295,-0.2998960449352559 4.349196030422768,52.0545152635844,-0.2996482764586377 4.349196289139455,52.05451539690072,-0.2990909423124313 4.349196548116071,52.054515529315815,-0.2985335091175027 4.3491968091926925,52.05451566022875,-0.2981610159732981 4.349197073000759,52.05451578980225,-0.2979710155827217 4.349197338252403,52.05451591837242,-0.2977721450600916 4.349197604403071,52.05451604654641,-0.2974057671677861 4.349197871463397,52.05451617462762,-0.2968617879660837 4.349198139317388,52.05451630256673,-0.2962974623086833 4.349198408081517,52.05451643000896,-0.2959059992614339 4.3491986780675544,52.054516556206,-0.2956205013477939 4.349198949327891,52.05451668126246,-0.2952655861932678 4.349199221082915,52.05451680591486,-0.2947910152201065 4.349199492691706,52.05451693042637,-0.2942393620699715 4.349199764508906,52.05451705473639,-0.2936972887448337 4.349200036517826,52.05451717872513,-0.2932422521592426 4.349200308332259,52.05451730223968,-0.292899818510985 4.34920057997382,52.05451742506605,-0.2926193245333723 4.349200851604515,52.0545175470758,-0.2922915702938531 4.349201123418338,52.05451766829722,-0.2918353606228381 4.3492013956497235,52.05451778907048,-0.2913016537676052 4.349201668259199,52.054517910048006,-0.2908617082434248 4.349201940187809,52.054518031388646,-0.2906345369333101 4.349202211053471,52.054518152493316,-0.2905619827150154 4.349202481642825,52.05451827281991,-0.2904664149759584 4.349202751521422,52.05451839212519,-0.2902113961854691 4.349203020569633,52.054518510258426,-0.2898429251280365 4.349203290530608,52.05451862706443,-0.2894752799571636 4.349203562640352,52.05451874255673,-0.2890834465406295 4.3492038354550235,52.05451885769775,-0.2886455822467546 4.349204107502954,52.05451897305272,-0.2882108370750353 4.349204380039708,52.05451908760067,-0.2877543588575952 4.349204653761059,52.054519201044045,-0.2872965923590214 4.349204927337729,52.05451931418612,-0.2869110253794185 4.349205200950989,52.054519426981564,-0.2865355860300824 4.349205475934592,52.054519538964875,-0.286091739972151 4.3492057517411675,52.05451965030215,-0.2856215711570198 4.349206027628495,52.054519761226445,-0.2851593460019215 4.349206304141629,52.05451987159562,-0.2846773283159196 4.349206581019858,52.05451998124785,-0.2841556107632241 4.34920685731967,52.05452009020499,-0.2835889381072149 4.349207133238894,52.05452019855865,-0.2829809308991073 4.34920740909771,52.05452030636312,-0.2823527094721312 4.349207684587383,52.05452041363011,-0.2817348607796601 4.349207959965177,52.05452052033296,-0.2811546936736775 4.349208235620668,52.05452062644232,-0.2806112577867234 4.349208511342666,52.05452073202541,-0.2800814729602274 4.349208786964842,52.0545208371345,-0.2795353410276142 4.3492090624824336,52.05452094166734,-0.2789406800641663 4.349209337843852,52.0545210456562,-0.2783029065586815 4.3492096130515145,52.05452114926676,-0.2776579918038728 4.349209888116268,52.05452125232896,-0.2770247002465047 4.349210163109904,52.054521354627504,-0.2764243736477749 4.349210438309141,52.054521456432475,-0.2758831839663194 4.349210713921979,52.05452155796537,-0.2753750256928304 4.349210989719185,52.05452165894297,-0.2748440373229925 4.349211265415736,52.05452175908729,-0.2742761283179646 4.3492115410259595,52.05452185834759,-0.2736842270229598 4.349211816496366,52.054521956636684,-0.2730725958678448 4.349212091766246,52.054522054014456,-0.2724541172135666 4.349212366971315,52.05452215084312,-0.2718470076863286 4.349212641976755,52.054522247340195,-0.2712384408599471 4.349212916573713,52.054522343410014,-0.2706032575076427 4.349213190986519,52.05452243901298,-0.2699474059514473 4.34921346528757,52.05452253421161,-0.2692942153988507 4.3492137392762595,52.054522628973636,-0.2686636040374779 4.349214013053528,52.05452272329106,-0.2680630944514908 4.349214286560489,52.054522817160844,-0.2674799486969008 4.349214559722739,52.05452291057473,-0.2669033108079395 4.34921483260836,52.05452300354843,-0.2663382402969323 4.349215105165619,52.0545230959986,-0.2657735475358649 4.349215377766918,52.054523187896,-0.2651717556715107 4.349215651260358,52.05452327969387,-0.264509208540256 4.349215925379796,52.054523371801245,-0.2637952832903463 4.349216198837652,52.054523463738214,-0.263086640704314 4.349216471417118,52.05452355477721,-0.2624845212838997 4.349216743784411,52.05452364462526,-0.261971754212198 4.349217016616266,52.05452373358942,-0.2613835697365418 4.349217290463241,52.0545238229309,-0.2606877830020582 4.34921756457207,52.0545239133383,-0.2599832610929371 4.349217837796429,52.05452400389561,-0.2593483872225168 4.3492181103395815,52.054524093562534,-0.2588411749073627 4.349218382482611,52.054524181846894,-0.2583922965488785 4.349218654054391,52.05452426909751,-0.2578739885475678 4.349218925300316,52.054524356191244,-0.2572811913260358 4.3492191966325295,52.05452444331572,-0.2566824148166704 4.349219468128396,52.054524530222864,-0.256132754093016 4.349219739572914,52.05452461691559,-0.2556326867270218 4.349220010691698,52.054524703468026,-0.2551297812878084 4.349220281291131,52.054524789689175,-0.254579867066151 4.34922055147908,52.054524875480574,-0.2539858406608575 4.349220821545484,52.054524961190445,-0.2533893743447577 4.349221091601794,52.05452504699959,-0.25281052330907 4.349221361652776,52.054525132735755,-0.2522316906475685 4.349221631641157,52.0545252183101,-0.2516438255092983 4.349221901345487,52.05452530366674,-0.251056077409161 4.34922217076512,52.054525388637856,-0.2504783625656457 4.349222440291815,52.054525473284095,-0.2499037101299386 4.349222710215806,52.05452555807282,-0.2493275476364989 4.3492229805461875,52.05452564325231,-0.2487703287771232 4.349223251086459,52.05452572859076,-0.2482606547678054 4.349223521300643,52.054525813675035,-0.2477955907981623 4.349223790583498,52.054525898100934,-0.2473181600092595 4.3492240595093365,52.05452598190223,-0.2467777486615228 4.349224329116702,52.054526065676434,-0.2461942357112265 4.349224599258404,52.0545261498545,-0.2455904369522947 4.349224869730351,52.05452623440556,-0.2449789354608387 4.3492251404012965,52.054526319123035,-0.2444118344932953 4.349225410481264,52.0545264033119,-0.243877178658507 4.34922567970119,52.05452648649933,-0.2433077255759821 4.34922594847018,52.05452656932652,-0.2426973779104835 4.349226216985946,52.05452665226669,-0.2420845131273461 4.349226485595987,52.05452673496689,-0.241523694393845 4.349226754488518,52.054526817385494,-0.2410475957434465 4.349227023166245,52.054526899784726,-0.2406028566058906 4.349227291371653,52.05452698193578,-0.2401066018335069 4.349227559339699,52.05452706371047,-0.2395590214169276 4.349227827279149,52.0545271454516,-0.2390136931213549 4.349228095223503,52.05452722731899,-0.238495543047239 4.349228363057588,52.05452730925453,-0.2379898672583853 4.3492286303530205,52.05452739107821,-0.2374409108147999 4.349228896801798,52.05452747248804,-0.2368173176936645 4.349229162491069,52.05452755339387,-0.2361900057578276 4.349229426803876,52.05452763345932,-0.2356070681746098 4.349229688200094,52.054527711673586,-0.2349767813578762 4.349229945304918,52.05452778728205,-0.2342334448629461 4.349230197830456,52.05452786035553,-0.2334971876616403 4.349230446721698,52.054527930946264,-0.2328769566308897 4.349230693178552,52.05452799858893,-0.2323038047894958 4.349230938627516,52.05452806404585,-0.231787661417651 4.349231184057122,52.05452812925908,-0.2314241457702244 4.349231429709734,52.05452819464894,-0.2310713942572899 4.349231675652218,52.054528259870004,-0.2305605226148723 4.34923192106311,52.05452832529159,-0.2299872606255681 4.349232165056752,52.05452839074741,-0.2294831319481689 4.349232408239533,52.05452845550284,-0.2290520597273504 4.3492326510789745,52.05452851920884,-0.2286261560501672 4.349232892472508,52.054528582138666,-0.228144370263708 4.349233131859776,52.054528644624206,-0.2276346273054206 4.349233370307173,52.05452870633282,-0.2271219388597503 4.349233608500428,52.05452876713805,-0.2265786162239549 4.349233846101291,52.05452882773243,-0.226038650054817 4.349234082947031,52.05452888826464,-0.2255248399387484 4.349234319239198,52.054528947978085,-0.2249666116625759 4.349234554706551,52.05452900664011,-0.2243581399939667 4.349234788822318,52.05452906461823,-0.2237778156736896 4.349235022014066,52.05452912183206,-0.2232341341330581 4.349235255068247,52.054529178219255,-0.2226844006332524 4.349235487826723,52.05452923434965,-0.2221161735406949 4.349235720074462,52.05452929060657,-0.2215348173233762 4.349235952080257,52.05452934673756,-0.2209549636702874 4.349236183617755,52.05452940237775,-0.22039370310836 4.349236414128054,52.054529457299004,-0.2198502422970096 4.349236643451058,52.05452951136308,-0.2193164660091655 4.349236871669651,52.054529564612245,-0.2187754142611049 4.349237098966322,52.0545296172253,-0.2182092682814209 4.349237325706142,52.05452966939615,-0.2176449841724625 4.34923755206071,52.05452972135957,-0.217130193963897 4.349237777896128,52.054529773183766,-0.2166495080356725 4.349238002988004,52.05452982458194,-0.2161364781153412 4.349238227011247,52.05452987532067,-0.2155844205947077 4.34923844985812,52.0545299254032,-0.2150486696613409 4.34923867176243,52.0545299747695,-0.2145381178209371 4.349238892811765,52.054530023395294,-0.2140181825883096 4.349239112880603,52.05453007147533,-0.2134835265772721 4.349239332104045,52.054530119121914,-0.2129488807646811 4.349239550807129,52.054530166230755,-0.2124210439784444 4.349239768960488,52.05453021283022,-0.2119102468805178 4.349239986347232,52.05453025900701,-0.211419151218386 4.349240202969827,52.05453030457459,-0.210922835831596 4.349240418765846,52.054530349411145,-0.2104012655659448 4.349240633586474,52.05453039368483,-0.2098684206694905 4.349240847537706,52.054530437436114,-0.2093395437116205 4.349241060803467,52.05453048050012,-0.2088028749931436 4.349241273336379,52.05453052287111,-0.2082552708406022 4.349241485137339,52.0545305646788,-0.2077230847276627 4.349241696470617,52.0545306059623,-0.2072134797761706 4.349241907437612,52.054530646706326,-0.2066979115326552 4.349242117800153,52.05453068691139,-0.2061588111770622 4.34924232728601,52.054530726620165,-0.2056062492070487 4.349242535880062,52.05453076582851,-0.205042183092893 4.349242743755784,52.05453080442315,-0.2044535346501792 4.349242951024021,52.05453084244015,-0.2038568873698012 4.349243157608737,52.05453088002346,-0.2032839117773006 4.349243363619693,52.0545309171282,-0.202729710307834 4.349243569228193,52.05453095368159,-0.2021807947560607 4.349243774365698,52.054530989828024,-0.2016460522521046 4.349243978807368,52.0545310256139,-0.2011177754875741 4.349244182373849,52.05453106083757,-0.200561940840124 4.349244384953097,52.05453109538182,-0.1999746788678567 4.349244586569979,52.05453112925282,-0.1993903950799689 4.349244787417495,52.05453116244295,-0.1988291359563172 4.349244987605129,52.05453119501887,-0.1982828586000331 4.349245187091864,52.05453122710986,-0.1977417595682538 4.3492453858852835,52.05453125879568,-0.197208188189935 4.349245584007296,52.05453129007766,-0.1966836532647367 4.349245781400097,52.05453132090109,-0.1961679581141791 4.349245977688743,52.05453135112787,-0.1956713550131574 4.349246172069866,52.05453138031815,-0.1951734753807543 4.349246363443451,52.05453140775525,-0.1946138116502553 4.349246550602735,52.054531432875756,-0.1939865020907034 4.34924673278925,52.0545314552489,-0.1933370302636774 4.349246910111063,52.054531474173935,-0.1926528379346375 4.349247083692428,52.05453148922722,-0.1919435179643907 4.349247255179435,52.054531501237655,-0.1913329740531466 4.349247426014364,52.05453151176941,-0.1908606523847265 4.349247596809181,52.05453152182398,-0.1903658250219222 4.349247766619513,52.054531531733545,-0.1897291322097523 4.349247934021001,52.05453154151725,-0.1890681376316387 4.349248098790695,52.05453155041607,-0.1885353512346173 4.34924826138411,52.05453155724125,-0.1880716921913365 4.349248421679731,52.05453156159485,-0.1875409817828943 4.349248579053815,52.05453156366606,-0.1869266611388877 4.349248733508804,52.05453156363603,-0.1863012395413052 4.349248886030292,52.05453156192052,-0.1857295413957125 4.3492490373696135,52.05453155884637,-0.1851868726620456 4.349249187212493,52.05453155435271,-0.1845944627417628 4.349249334890551,52.05453154858726,-0.1839455155940923 4.3492494803912205,52.05453154185607,-0.1832934825681271 4.349249624288367,52.054531533981844,-0.1826563389933917 4.349249766669268,52.054531524603,-0.1820204253414679 4.3492499068001065,52.05453151378958,-0.1813944680760921 4.349250044222555,52.054531501619195,-0.1807821336761645 4.349250179313991,52.05453148781422,-0.180160031492008 4.349250312459296,52.05453147225883,-0.1795255284728609 4.349250443587402,52.0545314551728,-0.1788987127306023 4.349250572603297,52.054531436756704,-0.1782969093022761 4.349250699566797,52.05453141699715,-0.1777162530598075 4.349250824523794,52.054531395829805,-0.1771318643187065 4.349250947472439,52.05453137327936,-0.1765322851834461 4.349251068318191,52.05453134932929,-0.1759281448058702 4.3492511868983605,52.05453132387087,-0.1753303867266296 4.349251303215091,52.05453129683049,-0.1747314230846015 4.34925141749714,52.05453126830693,-0.1741233295940394 4.349251530092398,52.05453123849904,-0.1735199110270673 4.349251641482113,52.054531207672454,-0.1729410965515656 4.3492517522448155,52.05453117624184,-0.1723842216521247 4.349251862889388,52.054531144655186,-0.171828607764283 4.3492519738097695,52.05453111325883,-0.1712780683077728 4.349252085334317,52.054531082205244,-0.1707445434968408 4.349252197671874,52.05453105156786,-0.1702145580024736 4.34925231090548,52.054531021539766,-0.1696761695418156 4.349252424982264,52.054530992322206,-0.1691325399418506 4.349252539743243,52.05453096394355,-0.1685834563650821 4.3492526550690025,52.05453093624034,-0.168016409932957 4.349252770844154,52.05453090903796,-0.1674209509731592 4.34925288686808,52.05453088219201,-0.1667962356816952 4.349253003088179,52.05453085539737,-0.1661424461361451 4.3492531195515545,52.05453082844009,-0.1654755756580361 4.349253236206388,52.05453080140861,-0.1648302542527582 4.349253352890381,52.05453077431412,-0.16421088209789 4.349253469463478,52.054530746949524,-0.1635775878030778 4.349253585760579,52.05453071923706,-0.1629061050174107 4.34925370166469,52.05453069123276,-0.1622185401331703 4.349253817283626,52.05453066290219,-0.1615445552433705 4.349253932738111,52.05453063422157,-0.1608861163744643 4.349254048013395,52.05453060529757,-0.160239994817668 4.349254163109217,52.05453057625952,-0.1596221839199785 4.349254278056143,52.05453054716977,-0.1590337515597393 4.349254392845776,52.054530518076845,-0.1584478559112088 4.349254507482083,52.05453048907106,-0.1578523531894675 4.349254622053193,52.05453046021863,-0.1572602739332125 4.349254736659366,52.054530431482846,-0.1566813745088127 4.349254851322407,52.05453040280313,-0.1561143372551918 4.349254966033474,52.054530374187856,-0.1555533900297652 4.34925508080632,52.054530345619725,-0.1549859485960181 4.349255195625646,52.05453031704673,-0.154403275706406 4.349255310421103,52.05453028848953,-0.1538061068127207 4.349255425156759,52.0545302599603,-0.1531903168178119 4.349255539910074,52.05453023137227,-0.1525548646781938 4.349255654749514,52.054530202662676,-0.1519154640555085 4.34925576965052,52.054530173881425,-0.1512892900954034 4.349255884607597,52.05453014506987,-0.1506765301357013 4.349255999635939,52.054530116187344,-0.150065616461446 4.349256114685261,52.05453008721872,-0.1494512957967315 4.349256229675005,52.05453005821335,-0.1488356517320448 4.349256344535626,52.05453002918147,-0.1482176407534665 4.349256459233688,52.054530000066904,-0.1475965919219888 4.349256573809323,52.05452997083942,-0.1469764657033199 4.349256688333244,52.05452994152816,-0.1463598204537306 4.349256802797074,52.05452991217498,-0.1457483026362886 4.3492569171458895,52.054529882792394,-0.1451431914890699 4.349257031382199,52.05452985337348,-0.1445373191366941 4.349257145510032,52.054529823933315,-0.1439216696735461 4.349257259478683,52.05452979447997,-0.1433026716303627 4.349257373296711,52.054529764978916,-0.1426929279330013 4.349257487081684,52.05452973542052,-0.1420904973179468 4.349257600909384,52.05452970585881,-0.1414880452076827 4.349257714767224,52.054529676339236,-0.1408877036645699 4.349257828658132,52.0545296468642,-0.1402919079532805 4.349257942604501,52.05452961743488,-0.1396949140928232 4.349258056579518,52.054529588043756,-0.1390906120858375 4.349258170531618,52.05452955864676,-0.1384793948804512 4.34925828447667,52.05452952920158,-0.1378641645358356 4.349258398422248,52.05452949970382,-0.1372477824966314 4.349258512265745,52.05452947013951,-0.1366343580740845 4.349258625958422,52.0545294404632,-0.1360233024478478 4.349258739601167,52.0545294106787,-0.1354121529615475 4.349258853230192,52.05452938083638,-0.1348064536721276 4.349258966744936,52.054529350933116,-0.1342094040964081 4.349259080109923,52.05452932092572,-0.133613855580164 4.349259193384857,52.05452929079451,-0.1330128715613985 4.349259306606021,52.054529260572195,-0.1324071925306147 4.349259419782388,52.05452923032598,-0.1318005601770582 4.349259532962823,52.054529200043355,-0.1311890922487126 4.349259646136187,52.05452916970624,-0.1305711726180125 4.349259759297776,52.054529139386794,-0.1299569270522593 4.349259872488313,52.05452910912894,-0.1293473807065552 4.349259985741275,52.05452907889972,-0.1287341823842989 4.3492600990043595,52.05452904869623,-0.1281181788127403 4.349260212233803,52.054529018551534,-0.1275034712451721 4.349260325446901,52.05452898845784,-0.1268912482990791 4.3492604386544045,52.05452895834529,-0.1262815456101162 4.349260551858296,52.05452892816351,-0.1256755642674325 4.349260665039325,52.054528897909115,-0.1250736205946019 4.349260778169047,52.054528867566894,-0.1244685185575398 4.349260891240069,52.05452883711351,-0.1238538695497633 4.349261004231007,52.05452880656345,-0.1232325910411504 4.349261117104405,52.05452877594226,-0.1226065330442383 4.349261229844967,52.05452874522484,-0.1219745621661525 4.349261342485204,52.054528714402196,-0.1213439594169072 4.349261455093477,52.05452868354165,-0.1207220305997749 4.349261567696186,52.054528652684056,-0.1201043777777743 4.349261680268573,52.05452862180338,-0.1194866775736511 4.349261792794001,52.05452859090934,-0.1188705722911001 4.349261905275292,52.05452856006806,-0.1182534640121892 4.349262017731234,52.05452852929726,-0.1176302590977758 4.349262130173307,52.05452849854727,-0.1170045493101392 4.3492622426125775,52.054528467803316,-0.1163864110202137 4.349262355070382,52.05452843708817,-0.1157785718215103 4.349262467542794,52.05452840637688,-0.1151733629479028 4.349262579995138,52.054528375626234,-0.1145638672759039 4.34926269237946,52.054528344829485,-0.1139488114040951 4.349262804635478,52.05452831397813,-0.1133289086704127 4.349262916725777,52.054528283030834,-0.1127044051109682 4.349263028699342,52.054528251961585,-0.1120768927098092 4.349263140643054,52.054528220797785,-0.1114529709700118 4.349263252570471,52.05452818956533,-0.1108391918619644 4.34926336444924,52.05452815824992,-0.1102314567622055 4.349263476304469,52.05452812683964,-0.1096164823278207 4.349263588163426,52.054528095361924,-0.1089883031702863 4.34926369999865,52.05452806384118,-0.108355506606721 4.349263811803482,52.054528032266944,-0.1077247511785812 4.3492639236137665,52.05452800065241,-0.1070920909467116 4.349264035475187,52.05452796904516,-0.1064571935028437 4.349264147407524,52.05452793747327,-0.1058281909488219 4.349264259394838,52.054527905935736,-0.1052076992860646 4.349264371385364,52.05452787441255,-0.1045874108129769 4.349264483310073,52.054527842879644,-0.1039603266665545 4.349264595143657,52.054527811323545,-0.1033272786577699 4.349264706910246,52.05452777973354,-0.102691625898263 4.349264818621183,52.05452774809564,-0.1020584645284472 4.349264930251372,52.05452771638596,-0.1014312386433884 4.349265041796518,52.05452768458526,-0.1008064585796697 4.349265153286251,52.05452765270325,-0.100182158546731 4.3492652647084356,52.054527620758506,-0.0995627099643838 4.349265376002393,52.05452758874137,-0.0989466083613854 4.349265487149301,52.05452755663426,-0.0983243610507966 4.349265598194906,52.054527524471474,-0.0976956173189522 4.34926570919772,52.054527492317035,-0.0970716468903027 4.34926582019403,52.05452746018917,-0.0964577248795128 4.349265931179336,52.05452742806184,-0.0958469302239688 4.349266042124818,52.05452739593105,-0.0952337959020854 4.349266153041785,52.05452736382677,-0.0946219931850094 4.349266263977245,52.05452733175825,-0.0940144085251635 4.34926637489971,52.054527299698,-0.0934066407776619 4.349266485755632,52.05452726760338,-0.0927935283803389 4.349266596531409,52.054527235470715,-0.0921763693720092 4.349266707278804,52.05452720330788,-0.0915592902904474 4.349266817991407,52.05452717109778,-0.0909438981240327 4.349266928641411,52.05452713879787,-0.090328397725472 4.349267039219848,52.05452710638892,-0.0897085447458905 4.349267149740444,52.0545270738946,-0.0890845628064753 4.349267260234613,52.05452704133279,-0.0884627647480278 4.349267370700211,52.054527008681255,-0.0878417988270867 4.349267481098358,52.05452697592545,-0.0872130392120515 4.349267591436813,52.054526943093066,-0.086577498342748 4.3492677017852195,52.05452691022434,-0.0859445659125275 4.349267812186363,52.054526877341,-0.0853174772091684 4.349267922607961,52.054526844447274,-0.0846921002382901 4.349268033000197,52.05452681155233,-0.0840647243266006 4.349268143358491,52.05452677867686,-0.0834347833398809 4.349268253704168,52.05452674583435,-0.0828041271696107 4.349268364019554,52.05452671301529,-0.0821746957874745 4.349268474255707,52.05452668019011,-0.081546345880358 4.349268584408013,52.0545266473383,-0.0809193664276368 4.349268694520753,52.054526614467406,-0.080298671357236 4.349268804610925,52.05452658157544,-0.0796880003419668 4.34926891463334,52.054526548622434,-0.0790807387028103 4.3492690245318695,52.05452651557794,-0.0784665197874034 4.349269134289484,52.05452648245452,-0.07784421241311 4.349269243931986,52.05452644925987,-0.077220579168336 4.349269353497308,52.05452641597959,-0.0765990810391907 4.349269462990708,52.054526382621184,-0.0759786003837299 4.3492695724120995,52.05452634921945,-0.0753597712125482 4.349269681797456,52.05452631580444,-0.0747447686075828 4.349269791182519,52.05452628238404,-0.074132200098699 4.349269900545379,52.05452624896054,-0.0735164870907452 4.349270009828404,52.054526215543895,-0.0728938147723732 4.349270119030326,52.05452618214066,-0.0722660779946626 4.349270228209625,52.05452614875277,-0.0716394246534175 4.349270337415892,52.05452611538114,-0.0710196604761921 4.349270446640364,52.05452608201473,-0.0704066622872119 4.349270555839709,52.054526048628176,-0.0697958593025043 4.349270664994455,52.05452601520277,-0.0691849500774108 4.3492707741036885,52.05452598172302,-0.0685732253160327 4.349270883155314,52.054525948157405,-0.0679577359024303 4.349270992114206,52.05452591448519,-0.0673365503523206 4.349271100951235,52.0545258807331,-0.0667154311850737 4.349271209686893,52.054525846949495,-0.0661022202131254 4.349271318370217,52.05452581313921,-0.065494257653035 4.349271427031752,52.05452577924923,-0.0648835014999442 4.349271535667286,52.054525745249904,-0.0642679268398023 4.349271644250506,52.0545257111936,-0.0636501776899982 4.349271752799184,52.0545256771177,-0.06303114825756 4.349271861347731,52.05452564299098,-0.0624090682004947 4.349271969875249,52.0545256088143,-0.0617848321468397 4.349272078363977,52.05452557463512,-0.0611639597543924 4.349272186858133,52.05452554046992,-0.0605503427312736 4.349272295399268,52.05452550629976,-0.0599408166992687 4.349272403952839,52.05452547211121,-0.0593304345343748 4.3492725124523,52.0545254379097,-0.0587187418865386 4.349272620868721,52.05452540369769,-0.0581063798996512 4.349272729198135,52.0545253694656,-0.0574927714519093 4.349272837438671,52.0545253351836,-0.0568766033922067 4.3492729455370895,52.054525300823805,-0.0562584235279453 4.349273053507603,52.05452526638023,-0.0556436522329426 4.3492731614059945,52.05452523186599,-0.0550354043121377 4.3492732692580365,52.05452519725886,-0.0544289426617368 4.349273377056819,52.05452516252944,-0.0538186224990622 4.3492734848025,52.0545251276957,-0.0532021807990896 4.349273592515931,52.054525092804795,-0.0525811570724799 4.349273700227497,52.05452505788853,-0.0519581126713042 4.349273807945524,52.0545250229533,-0.0513330207369948 4.349273915680872,52.05452498801306,-0.0507090737064506 4.349274023458747,52.05452495309913,-0.0500917067663362 4.349274131287727,52.05452491822062,-0.0494795150936506 4.349274239139438,52.05452488335726,-0.0488662992939183 4.3492743469416775,52.05452484848306,-0.0482474321924839 4.349274454640537,52.05452481358612,-0.0476245077588326 4.349274562253597,52.05452477866736,-0.047004025463484 4.349274669811118,52.05452474370928,-0.0463877437874091 4.349274777288679,52.054524708684745,-0.0457723898564523 4.34927488465499,52.05452467359149,-0.0451588144263075 4.349274991930415,52.05452463843753,-0.0445506117870415 4.349275099137979,52.05452460321723,-0.0439455556290711 4.3492752062429725,52.05452456792154,-0.0433367076067487 4.349275313203759,52.05452453255943,-0.0427207507637623 4.349275420052913,52.05452449715629,-0.0421011079080528 4.349275526868998,52.05452446172738,-0.0414839898768786 4.349275633675665,52.05452442627527,-0.0408714006468917 4.349275740445288,52.05452439080845,-0.0402597202075409 4.349275847183969,52.05452435534024,-0.0396466616612727 4.34927595392589,52.05452431987942,-0.0390342978836706 4.3492760606758,52.05452428442489,-0.038422892113509 4.349276167397908,52.054524248961755,-0.0378067331809912 4.349276274059541,52.054524213471204,-0.0371824647420289 4.3492763806722925,52.05452417795013,-0.0365569590719361 4.3492764872790755,52.05452414240502,-0.0359391032417213 4.349276593887923,52.0545241068212,-0.0353280857676314 4.3492767004442765,52.05452407116936,-0.0347161704127745 4.349276806903639,52.05452403543882,-0.0340996786734253 4.349276913284083,52.05452399963918,-0.0334809180823283 4.349277019604466,52.05452396377831,-0.0328616635359497 4.349277125831915,52.05452392784726,-0.0322400046202857 4.349277231945394,52.05452389184252,-0.0316151112324987 4.3492773379832235,52.05452385578781,-0.0309913020793612 4.349277443987741,52.0545238197088,-0.0303740329478645 4.349277549966301,52.05452378360892,-0.029762209842425 4.34927765589542,52.05452374748996,-0.0291482468922215 4.34927776176507,52.054523711364816,-0.0285285965300365 4.349277867584434,52.054523675253385,-0.0279082759027868 4.349277973369449,52.05452363916469,-0.0272913827738134 4.349278079114179,52.05452360308596,-0.0266744451932483 4.349278184794352,52.054523566994,-0.0260539897090628 4.349278290408878,52.054523530882996,-0.0254342402718705 4.34927839599166,52.05452349475424,-0.0248201083579635 4.349278501542728,52.05452345859537,-0.0242080149094623 4.349278607015802,52.05452342239872,-0.02359124617004 4.349278712385427,52.0545233861727,-0.0229678062512972 4.3492788176779476,52.05452334993041,-0.0223396753507878 4.349278922941718,52.05452331359256,-0.0217099304220611 4.349279028173847,52.05452327709404,-0.0210797778234703 4.3492791333215655,52.05452324055104,-0.020446269049545 4.34927923838621,52.05452320404926,-0.0198082699175667 4.34927934341296,52.0545231675785,-0.01917279872263 4.349279448442353,52.054523131110194,-0.0185432398570504 4.3492795534747515,52.05452309455762,-0.0179141373165045 4.349279658488777,52.054523057884865,-0.0172804846070913 4.349279763436582,52.054523021179804,-0.0166441683798304 4.3492798683468825,52.054522984452866,-0.0160121939102064 4.349279973250686,52.0545229476672,-0.0153863162536231 4.3492800781265535,52.054522910831295,-0.0147638306745765 4.349280182956716,52.05452287395799,-0.0141432028774759 4.349280287739697,52.05452283706053,-0.0135223284598282 4.349280392458968,52.05452280014142,-0.0128996238925473 4.3492804970801915,52.05452276320367,-0.0122755235250804 4.3492806015885,52.05452272627156,-0.0116510073989775 4.349280705997357,52.05452268938519,-0.0110267090357032 4.349280810311368,52.054522652551896,-0.0104027152332522 4.349280914531118,52.054522615726064,-0.0097783002015763 4.349281018663182,52.054522578876394,-0.0091503586036281 4.3492811227321,52.054522541995105,-0.0085129010546709 4.349281226739282,52.054522505255726,-0.007863273357429 4.34928133062092,52.05452246889791,-0.0072026622181557 4.349281434418896,52.05452243271047,-0.0065285314492933 4.349281538336801,52.054522396295134,-0.0058413941384838 4.349281642560551,52.05452235950633,-0.0051541620121495 4.349281747110933,52.054522322290666,-0.0044819401276057 4.3492818516850145,52.05452228473378,-0.0038304677931164 4.349281955880061,52.054522247067325,-0.0031931873961039 4.349282059749651,52.054522209369274,-0.002558926766877 4.349282163530991,52.05452217161892,-0.0019217368461812 4.349282267204735,52.05452213386266,-0.0012813562065407 4.349282370719821,52.05452209615323,-0.0006406194718149 4.349282474099012,52.05452205850145,0.0
        </coordinates>
      </LineString>
    </Placemark>
  </Document>
</kml>
