Time,Accel_x_earth,Accel_y_earth,Accel_z_earth
8.004723083,0.042233636526355284,-0.09479963057910215,9.829384270425669
8.014770083,0.11546198683989435,-0.10034724743771646,9.833484653073938
8.024816083,0.10444664174120782,-0.023167670613038555,9.84559796104857
8.034862083,0.14763695142186473,0.03088999492911573,9.898649316834994
8.044908083,0.06705711851939644,0.13144577090176876,9.991986006811029
8.054954083,0.05345239708244022,0.05408747014499588,9.937416224064116
8.065001083,0.02865815194497913,0.05031848357971128,9.894461446566895
8.075047083,0.005815819885662922,0.010604866701188119,9.871932850315414
8.085093083,-0.018299481500997167,-0.007675461714335611,9.882722099791014
8.095139083,-0.044739449100051364,-0.09093415985157915,9.866796436404952
8.105185083,-0.06542800985729619,-0.05763721206393264,9.831707739132716
8.115232083,-0.008624879658480284,-0.11779915223157683,9.799139807292349
8.125278083,-0.014293365878851832,-0.11653157928996985,9.812290577361912
8.135324083,-0.03822143047500989,-0.0530224475041978,9.805931638521784
8.145370083,-0.02811411289140987,-0.0560911289281269,9.799504335338126
8.155416083,-0.04180138602100266,-0.029104507966751392,9.818926808368017
8.165463083,-0.041435060569196144,-0.040946714224950324,9.805438384868589
8.175509083,-0.04768831899456575,-0.052125847080328,9.805550520099645
8.185555083,-0.03619416586057196,-0.059794554164791215,9.777789246605654
8.195601083,-0.0473838195862668,-0.036496693586740826,9.794725659210787
8.205647083,-0.054432094380339635,-0.02070746449903956,9.811702462802026
8.215694083,-0.06406680725576192,0.02528670754114336,9.808342640048776
8.225740083,-0.06908561342252127,0.05782582448323433,9.797765937460722
8.235786083,-0.07216360982410121,0.039664923355157304,9.807521290934178
8.245832083,-0.06438581410050788,0.04142835896167447,9.813281984313067
8.255878083,-0.05484101834666975,0.04314398812796178,9.829632108612461
8.265925083,-0.058746318386590925,0.053692737654538664,9.825308681185566
8.275971083,-0.05512106579395933,0.040311202542199075,9.833722004271252
8.286017083,-0.06744231649660459,0.033226536943662115,9.826505437922362
8.296063083,-0.06064515212477113,0.03111380459953569,9.815291813365635
8.306109083,-0.043373159755083754,0.06727543770918328,9.821566820190235
8.316156083,-0.07021255078133833,0.06729187815255304,9.83134268820126
8.326202083,-0.05114048232566559,0.02775093593820573,9.845061451346156
8.336248083,-0.03768505094231692,0.008658204744448136,9.824332300433065
8.346294083,-0.043119421632242014,-0.009838691934148405,9.829049466245264
8.356340083,-0.021937740646956732,-0.010366493489751598,9.824389951708929
8.366387083,-0.028137063415392783,-0.015818771387181317,9.839045945445479
8.376433083,-0.03085383276108015,-0.059755143255457825,9.826079255404784
8.386479083,-0.0021666000041446767,-0.04952935702202625,9.812569529824932
8.396525083,-0.020057795267799484,-0.009748891356034435,9.82670036612995
8.406571083,-0.022108260010911686,0.00034113811746360677,9.850248123996272
8.416618083,-0.024729062206767148,-0.01452605097661915,9.82172808735838
8.426664083,-0.029917830424993977,-0.05056921028035811,9.839808466269764
8.436710083,-0.007026070739240774,-0.08653295731205865,9.792520816822762
8.446756083,-0.011561888298773429,-0.05741188410103897,9.823089244634804
8.456802083,-0.024202750305074804,-0.04063436865084143,9.824369370313404
8.466849083,-0.040628104038154214,0.012121087771472316,9.875908237717674
8.476895583,-0.07739688768571197,0.07504874948521975,9.894870689839003
8.486941583,-0.06892400181452221,0.09356326839391979,9.857247338623495
8.496987583,-0.04084560251574115,0.048466022396568,9.86331666100185
8.507033583,-0.02524648785333646,-0.021018082288489285,9.860626086090493
8.517080583,-0.05656427759609273,-0.005950247373052597,9.904516632418085
8.527126583,0.06315553049593133,-0.045143641563557824,9.783814988590315
8.537172583,-0.014796479283224355,0.024173624406910735,9.829887973115818
8.547218583,-0.02910898271859282,0.032687827170439374,9.862730693199245
8.557264583,-0.01776274571744206,0.0674281632951513,9.862032751773022
8.567311583,-0.02181200784588743,0.08784200252398826,9.865428962540957
8.577357583,-0.021628658496390167,0.09290701942555168,9.850754309621886
8.587403583,-0.02582631813689735,0.06644201376898624,9.851836034667071
8.597449583,-0.019156851508786547,0.029375159232893848,9.816787341312514
8.607495583,-0.027437588104775833,0.00971190944455679,9.811777253221868
8.617542583,-0.03440887878685869,0.01635555836184762,9.805983198767406
8.627588583,-0.025329944813086112,-0.011399866383304796,9.802865382250049
8.637634583,-0.014077613563308805,-0.010540739387515301,9.791796951648267
8.647680583,-0.03948186591736881,0.025512513100184302,9.810465682643366
8.657726583,-0.09506419476318269,0.050720671097429525,9.818987312198827
8.667773583,-0.09775357400873697,0.096954892633777,9.814826713953568
8.677819583,-0.09302093329893732,0.0832297127482138,9.82506136563137
8.687865583,-0.11231607224475934,0.08770770738717229,9.815210125986251
8.697911583,-0.10865513661693822,0.07799404644794077,9.804953980265674
8.707957583,-0.11087409526030013,0.05845675721913769,9.811247840841622
8.718004583,-0.07465942554283583,0.0201346127765253,9.79848229869247
8.728050583,-0.05920184381912061,0.020346144228480443,9.808084309972475
8.738096583,-0.05486206059904815,0.0709008104161979,9.81998174590894
8.748142583,-0.039178716138968527,0.045587360800221736,9.823065357161568
8.758188583,-0.019720271772988587,0.01667719564818282,9.838577657670355
8.768235583,-0.02911290232782512,0.03618121455066982,9.842186930666244
8.778281583,-0.009692607940389985,0.0189381115670074,9.832383736594936
8.788327583,-0.012295553694876164,0.0051892778150066125,9.844818291408243
8.798373583,-0.027667560383602914,-0.01076134951138379,9.844481663769741
8.808419583,-0.020498232432128737,-0.013254876808800057,9.856868773055538
8.818466583,-0.012205347201886435,-0.045832465633409675,9.8739054279995
8.828512583,-0.019856060715229513,-0.025114250161399055,9.889749826010796
8.838558583,-0.020014064427128705,-0.02290567111473009,9.879027246060133
8.848604583,-0.0068065996205228475,-0.049196654101360496,9.860200627292143
8.858650583,-0.031431537189307183,-0.016798616038172672,9.834132719111382
8.868697583,-0.007853023256651007,-0.018209914368926557,9.850151557050156
8.878743583,-0.00264358753097038,-0.02670482377428597,9.86142946046356
8.888789583,-0.012004955895975257,0.004543153964235416,9.84151284065457
8.898835583,-0.00065607213747254,0.0014347628508692535,9.831523051675545
8.908881583,0.011679646485073442,-0.005046807731725893,9.849847728711914
8.918928583,-0.01109627089128943,0.00957211557004455,9.841283784744919
8.928974583,-0.011782733078340492,0.009070004418023794,9.855066955902647
8.939020583,-0.018621600209948116,0.02927180904525495,9.846602680906523
8.949066583,-0.034620280139867496,0.018610331304217458,9.848196225079853
8.959112583,-0.05853242363253097,0.037826421730447354,9.840887881937453
8.969159583,-0.06231755543936402,0.030588024802890204,9.843442772397434
8.979205583,-0.0689693022715388,0.014277329742372903,9.82423087416344
8.989251583,-0.08476338664093593,0.052572587015640215,9.851422293000088
8.999297583,-0.08539837300232214,0.05442109582750905,9.847164764811982
9.009343583,-0.07114552596756525,0.05991688846768001,9.814076917564464
9.019390583,-0.09119765143378497,0.06358127244875203,9.824719062575134
9.029436583,-0.07765436024377817,0.057983614906356416,9.806349980292595
9.039482583,-0.04058452338375051,0.014417097355957186,9.824335495076227
9.049528583,-0.06357440369605157,0.054120433066949886,9.826111628334413
9.059574583,-0.060067488423318015,0.019177248475357355,9.801845618549667
9.069620583,-0.020648584595988034,0.0065790518986884325,9.773515902618156
9.079667583,-0.010265436855174913,0.030850117541342568,9.799465265124626
9.089713583,-0.03882462690906131,0.03177014341124657,9.810798784267897
9.099759583,-0.05288575491786642,0.04397977879269289,9.819793954866313
9.109805583,-0.04228872341154112,0.030785338461245856,9.862035282854128
9.119851583,-0.05534542265389295,0.015749478605505716,9.849959160639148
9.129898583,-0.06429584443858596,0.0445374898840737,9.822401181651728
9.139944583,-0.0510716219339717,0.03995561452638241,9.842058005111495
9.149990583,-0.05338229701032573,0.0022622358872241956,9.879136972134361
9.160036583,-0.054046157637076445,0.005616391655340061,9.856555635846167
9.170082583,-0.018504168052844546,0.052214198138031,9.826308538022953
9.180129583,-0.010484942225635408,-0.05411916765832737,9.850233696831495
9.190175583,-0.0226921226385891,0.024724811942378362,9.853772750403353
9.200221583,-0.018917455600825094,0.016759804399605567,9.81531610211159
9.210267583,-0.02932245999147124,-0.08643743826097997,9.885554681401098
9.220313583,0.033186883880831006,0.011026564418341166,9.810321281254705
9.230360583,-0.01985885858585057,-0.03315674819204118,9.85248542452907
9.240406583,-0.03688227900387991,0.0016929518439276969,9.874668338719978
9.250452583,-0.009625809256081438,0.03676133066620493,9.801410299971538
9.260498583,-0.04048306366769503,0.016765112986404474,9.853302311861633
9.270544583,-0.04705300533946603,0.053059016549339436,9.831766752693634
9.280591583,-0.03905153023524023,0.0425119324757506,9.831578306853432
9.290637583,-0.07194350886460477,0.03213724250137217,9.850236600421225
9.300683583,-0.06189657383594007,0.04325133014996165,9.843321201727013
9.310729583,-0.05425384561441263,0.014785010844096197,9.825136283835723
9.320775583,-0.03905186902624366,0.0010493268165179008,9.866601729291547
9.330822583,-0.04612469843226659,-0.012670200431400738,9.843254808185398
9.340868583,-0.05944982355004359,-0.004486742570123781,9.858011041873144
9.350914583,-0.023729602674048635,0.014962046479614886,9.849405463762777
9.360960583,-0.018136125035651738,0.004049688169960898,9.861232873021695
9.371006583,-0.008668388627539719,0.014365058056619995,9.85988966862467
9.381053583,-0.017229423052625654,0.024814165322400255,9.848506139920557
9.391099583,-0.031121117211078558,0.03153602825415206,9.841012932066393
9.401145583,-0.047725632857730654,0.04183254196280606,9.815210439623005
9.411191583,-0.06805099155697805,0.06891905051626353,9.799703807689703
9.421237583,-0.07276077851450495,0.07125809235753422,9.787839920299154
9.431284583,-0.07484236720929416,0.07978100984474658,9.79484581950719
9.441330583,-0.07507421237424622,0.04152590526649134,9.834840002290028
9.451376583,-0.09614031347887658,0.046251607200684955,9.824959702782126
9.461422583,-0.11484897770425073,0.02007727187335816,9.800919178088071
9.47146825,-0.08093716795760694,0.022906676871705958,9.794966992612931
9.48151425,-0.08446876444521181,0.046051523160653966,9.803828999034511
9.49156125,-0.06964364625053905,0.02636249739668946,9.832248699804047
9.50160725,-0.07334798701983748,-0.0015308304662103114,9.807391579837885
9.51165325,-0.07923010721135337,0.007925865053072948,9.82173135889286
9.52169925,-0.03007321723101362,-0.01342250662041702,9.83827515158654
9.53174525,0.006369735310681023,-0.03827714142299799,9.855203308252719
9.54179225,-0.0005886672406849655,0.030320655598989693,9.831287324004144
9.55183825,-0.019522516922459668,0.03681676677588952,9.85915599279448
9.56188425,0.022116150021769625,-0.02775318024298688,9.906788872796538
9.57193025,-0.015935605051152813,-0.018477812720580775,9.80666677886096
9.58197625,0.0017577401882609668,0.03308802109287889,9.805511840344758
9.59202325,0.006362909227673758,0.03351710119314999,9.883894651657704
9.60206925,-0.009093364308676145,-0.02131171264884508,9.890255579286565
9.61211525,-0.01812055773329472,-0.013252373917297562,9.86113261599597
9.62216125,-0.024080447803892204,-0.0003341019024726863,9.809332322084737
9.63220725,-0.013701855167892865,-0.029904458968082,9.844172374296605
9.64225425,-0.030795875107494607,0.02097110101723897,9.8382116134354
9.65230025,-0.03875969657001032,0.019036814830762236,9.838607949582357
9.66234625,-0.028200725053611653,0.005908359756620038,9.864162018530878
9.67239225,-0.05425103495102451,0.0482330685820285,9.821160484178073
9.68243825,-0.051188214094577245,0.038818284416760954,9.815865503780802
9.69248525,-0.047441391950389857,0.026498363301178336,9.852861887511754
9.70253125,-0.05805424414811784,0.0317485086186368,9.805050369480545
9.71257725,-0.08200563963298257,0.05147714564840534,9.800501898728518
9.72262325,-0.07329645968865534,0.045118051111070964,9.820077242173312
9.73266925,-0.050016981126922364,0.014140681164412885,9.820503110420404
9.74271625,0.04920347697429151,-0.058209154454782926,9.924495528690333
9.75276225,-0.17144385765709574,0.10781538621615368,9.715758722182564
9.76280825,0.09097158943828719,-0.05043446596858636,9.780231160239648
9.77285425,-0.020330972121065813,0.03879298818313512,9.94550535890194
9.78290025,-0.13355768410421287,0.10586759938462274,9.784808564696684
9.79294625,-0.02117539360112918,0.011432174581817419,9.774222135971735
9.80299325,-0.06458029343062674,0.01002671554091568,9.91115639539438
9.81303925,-0.15541538978546166,0.026711818456567542,9.864015835047894
9.82308525,-0.019804707422059333,-0.009722950127588306,9.788059169093318
9.83313125,-0.05244222886934793,0.03913847961095046,9.87116329016241
9.84317725,-0.09809915312099568,0.03354828712134021,9.832397646413545
9.85322425,-0.05068158298146626,0.04057791042628975,9.755858706930372
9.86327025,-0.04281859377066098,0.04242266691252976,9.860465418691627
9.87331625,-0.023643610275846223,0.051426968124022754,9.867185441669623
9.88336225,-0.032618522842551775,0.05036256531881005,9.795970002642214
9.89340825,-0.03761975960782895,-0.011056055474203179,9.868867147758053
9.90345525,-0.023149083701683178,0.007080916868717792,9.865573008445816
9.91350125,-0.07830169434275276,0.026450750493137356,9.806908777455696
9.92354725,-0.1279138993855403,-0.0859116966894064,9.833753158460532
9.93359325,0.047567689884090034,-0.07138318257324036,9.984849741508462
9.94363925,-0.17567287571271403,-0.037637363033495574,9.765283326143932
9.95368625,0.07416499595314587,-0.04923122718136782,9.721300049446178
9.96373225,-0.0033143516528104607,0.05303288215907815,9.758033300245096
9.97377825,0.027657090012387257,0.018228682099051298,9.918803433176382
9.98382425,-0.12735990166200706,0.02409103278766899,9.997868873166949
9.99387025,-0.06196188532649826,0.10219098716929408,9.678289798102774
10.00391725,-0.04483492367344426,0.03580150315617115,9.736518417704696
10.01396325,-0.08983748482502348,-0.0969126329386884,10.03777165899362
10.02400925,0.014338220101725372,0.15171267315975612,9.800098460532242
10.03405525,-0.04469039084467495,0.06044624574313727,9.771057851666354
10.04410125,0.014303154734201518,-0.13149316433211916,9.934712046920248
10.05414725,-0.2073945948949994,0.1812501249772583,9.601093050544911
10.06419425,0.006353721204303883,-0.07074315216499835,9.947338746748368
10.07424025,-0.05681702883700183,0.03995161800273047,9.93122172242191
10.08428625,-0.08211443527382589,0.06809084391827176,9.571427506470334
10.09433225,-0.04720946369810915,-0.002967216625273699,9.87347286572686
10.10437825,-0.05566153025401867,0.05505218008618778,9.864897569817671
10.11442525,-0.0727252569107007,0.02903342672310115,9.859290810665726
10.12447125,-0.029237554652655758,0.03943808424211981,9.814064370085624
10.13451725,0.030467451553332553,0.07634891995133375,9.757002633272373
10.14456325,-0.04410746241146506,0.0505054016519913,9.886825344379071
10.15460925,-0.05181080319716051,0.04958814606256699,9.818620264409153
10.16465625,-0.0445068007577012,0.010874517722825527,9.807317485826088
10.17470225,-0.006670696592827149,0.04443420358640675,9.893741312097724
10.18474825,-0.0685082132982559,0.03178269458816713,9.87003489361167
10.19479425,-0.07689003060060104,-0.05958125118872738,9.78730679659123
10.20484025,0.04783681911531602,-0.030239599093835078,9.837752421692404
10.21488725,-0.05897230197337937,0.04033095456710538,9.929942135931949
10.22493325,-0.015914001102850194,0.08152097535781616,9.814216723034969
10.23497925,0.1256839539313427,0.1293041503986824,9.730836350838725
10.24502525,0.006565471848580677,0.10269704760465709,9.709571916319494
10.25507125,0.03562071051442199,0.08286084826877019,9.962680398331806
10.26511725,-0.015471650352447908,0.13967975065031002,9.913824388153746
10.27516425,0.07141100770693377,0.09117477913580938,9.80777837012939
10.28521025,0.09613814171647038,0.09370373915568557,9.875707304699107
10.29525625,0.12032919749322388,0.19253895336117838,9.804849003078832
10.30530225,0.10916367171637291,0.20016585709981669,9.836589400395306
10.31534825,0.19460517891164578,0.21324515719387552,9.851628632843202
10.32539525,0.28012164149314284,0.32039490409817645,9.762448782525638
10.33544125,0.2888478610086487,0.348497564048177,9.803921510662594
10.34548725,0.3340166384188833,0.42643683171680813,9.829485142969125
10.35553325,0.3729486960331551,0.5083144154941744,9.79536082695502
10.36557925,0.385997902830856,0.48639383240603123,9.926287172962766
10.37562625,0.4130452175331324,0.5840958253956009,9.87744894981139
10.38567225,0.4849061169042772,0.5950735419737857,9.802145553973157
10.39571825,0.5338723322498741,0.6190457026727837,9.81487958810302
10.40576425,0.6181508091393705,0.6729981124597413,9.864345579651928
10.41581025,0.6250711772336474,0.726283144561494,9.882276278157919
10.42585625,0.5936771350413255,0.7629461215593731,9.793559931894336
10.43590325,0.6130944233940655,0.7317496999406851,9.83533025900558
10.44594925,0.593068308333175,0.7103492668148018,9.938826404184473
10.45599525,0.5731340195947516,0.7202433241669866,9.857418345902857
10.46604125,0.5769443256901307,0.6732498887480044,9.79781583105458
10.47608746,0.5552061032580425,0.6566771882796789,9.86229285534528
10.48613446,0.5228348619050801,0.6336015021679926,9.861189597805039
10.49618046,0.4978567504128798,0.5919556420756203,9.789455361981762
10.50622646,0.4901270993804829,0.5266593282085306,9.774336192657614
10.51627246,0.5161168796285392,0.5820637407890167,9.83570285126202
10.52631846,0.5157560828614263,0.6240521700106694,9.8596957871148
10.53636546,0.5344994016868576,0.6368723477734872,9.845744679538855
10.54641146,0.6119706330801844,0.6874182209265879,9.865442892324948
10.55645746,0.730484022452421,0.7475182391477224,9.769244518685417
10.56650346,0.7015037925703135,0.8209183384733398,9.864624251611462
10.57654946,0.7419363378590347,0.8415748915215491,9.833027657321685
10.58659646,0.8480968319649086,0.9485441768276685,9.826013424349442
10.59664246,0.8458745014905285,1.007264169448485,9.835234112452477
10.60668846,0.8876338765923116,1.0614912056563897,9.871205745279095
10.61673446,0.9182864070816936,1.0839937123302403,9.82558148237042
10.62678046,0.945402548059686,1.0739161287865957,9.845449246685915
10.63682646,0.9807629434696111,1.1074270128444768,9.884509408969345
10.64687346,0.956179192911023,1.121909948610291,9.868807800136837
10.65691946,0.9549320112054598,1.097455476207788,9.83712982458716
10.66696546,0.9616846811245267,1.066730177516584,9.825273175533763
10.67701146,0.9421714724109281,1.0861631131280751,9.832190995624156
10.68705746,0.925225504763601,1.0930909050100897,9.789236698257167
10.69710446,0.8828558314630501,1.013135604471773,9.802772765957958
10.70715046,0.8876132728476709,1.0216526253629796,9.847908606305802
10.71719646,0.9051013736908966,1.0810006847054119,9.813647879407734
10.72724246,0.863743704250596,1.0164788682591728,9.746620250607148
10.73728846,0.8622972441545779,1.0157122514492822,9.812897174852552
10.74733546,0.808273151371049,1.0364666977679489,9.848663609494828
10.75738146,0.8200773040343169,1.004028673762617,9.825870601954545
10.76742746,0.828617293629785,0.9786845091571484,9.806228615833948
10.77747346,0.8237673034286171,0.9881151370939951,9.801523039393459
10.78751946,0.8350368604662329,1.0275424696864244,9.808076017533235
10.79756546,0.8124096979270977,1.0124404171397803,9.815555742863948
10.80761246,0.8267631494894653,0.98114204367843,9.842666436272696
10.81765846,0.8319129086537461,0.9696806621527099,9.834678063604011
10.82770446,0.7939814116219773,0.9133997030365629,9.872124150860142
10.83775046,0.77092338695262,0.9129411717034752,9.8612231695399
10.84779646,0.7740356595131512,0.9143834850864256,9.781331090677018
10.85784346,0.8101247223612735,0.8873740300812365,9.787479193448554
10.86788946,0.7733463249936825,0.8807799557897645,9.92087472055331
10.87793546,0.7865750260053366,0.8529041467991385,9.899665475636901
10.88798146,0.7484396047890206,0.8173803248789637,9.793913694922665
10.89802746,0.7451452841830049,0.7619507885441242,9.876069100853186
10.90807446,0.7503367957054042,0.8269441826118205,9.924670725277107
10.91812046,0.7092895467100805,0.7798347517178291,9.906088822780298
10.92816646,0.7106284078551327,0.7637432636258499,9.861042413094623
10.93821246,0.7003270399739125,0.8266413370165933,9.791056397269694
10.94825846,0.7576729650312602,0.8400558619027021,9.832708817964528
10.95830446,0.7246697321298775,0.8009302592583263,9.883132484412176
10.96835146,0.6731930800241798,0.7568544592309787,9.819298843090587
10.97839746,0.6889898951487887,0.7839326636297899,9.723866980446177
10.98844346,0.6764546911732544,0.8293953581147991,9.832438876109892
10.99848946,0.6775009093351066,0.7615812143738855,9.92928957232698
11.00853546,0.664161131196389,0.7259465994619906,9.909716531184882
11.01858246,0.6665769751867743,0.7996881475896118,9.808956865252151
11.02862846,0.6718210113906264,0.7726008777906989,9.773893650749129
11.03867446,0.5656311794895986,0.7393911447708671,9.851107975498518
11.04872046,0.5984255141346565,0.7686440690696801,9.837645034767196
11.05876646,0.6479792827604828,0.8105157304314204,9.798358596883586
11.06881346,0.549522585852555,0.8492151038515349,9.719011900476078
11.07885946,0.5928930071847488,0.8272791486118477,9.69331245073963
11.08890546,0.7047112469136235,0.8137422752333343,9.835744336682552
11.09895146,0.6169372675159971,0.8937189107692304,9.937804947423501
11.10899746,0.6500041024893259,0.8818129888918665,9.93899500787132
11.11904346,0.695010264941183,0.840106143862329,9.866729472375157
11.12909046,0.7078599045794792,0.7769130332563343,9.821987650798116
11.13913646,0.646209030052453,0.7739328085665216,9.729152353647777
11.14918246,0.6417905419705181,0.7594575749875634,9.857377225290735
11.15922846,0.657025025186299,0.7514774681151564,9.905727222938355
11.16927446,0.6482332416575811,0.7195879163220137,9.839707356183542
11.17932146,0.6402453319269052,0.6798709515677099,9.830577108097586
11.18936746,0.6747322906012126,0.7608444949198349,9.787817900916671
11.19941346,0.671609891989585,0.781684620459555,9.836567503863382
11.20945946,0.6285164419770259,0.7309905882116454,9.787233510213264
11.21950546,0.6997769001992242,0.7676531690541504,9.749491866184016
11.22955146,0.606259161669525,0.7836088928512787,9.858414708103194
11.23959846,0.6898025459860551,0.8088070992221594,9.91348308141125
11.24964446,0.7241399316464138,0.9012847723240576,9.904193389360334
11.25969046,0.5906991717189106,0.7293157870459733,9.848242450976496
11.26973646,0.5599489404600217,0.6680353091381839,9.817201237257354
11.27978246,0.6025396628747136,0.842319788741572,9.825479966353784
11.28982946,0.6371804656263886,0.8566693798391839,9.847109720372014
11.29987546,0.623629781391059,0.7055404727621879,9.902621773240044
11.30992146,0.6079173606678931,0.6974344292064777,9.658117397410683
11.31996746,0.6292595918433117,0.812224989047977,9.593258415588359
11.33001346,0.6822180785958588,0.7792791241094336,9.840069016840589
11.34005946,0.715364854859967,0.7770203015691296,9.944166956889458
11.35010646,0.6353378311257554,0.8074509060305167,9.837159766072466
11.36015246,0.6519433877153759,0.938083648951705,9.67889345962085
11.37019846,0.7677134783446092,0.897943745157857,9.792613605162167
11.38024446,0.624672000304847,0.7107921191356197,9.990109218688223
11.39029046,0.5012436829444709,0.6492039265632974,9.935418064984562
11.40033746,0.49337877235947375,0.7302422151420248,9.720833348098703
11.41038346,0.8466641274290388,1.029870595055975,9.978152929020782
11.42042946,0.9623854447480329,1.028048528275268,9.984279712812967
11.43047546,0.3314289826432149,0.4644754725926286,9.478919623523874
11.44052146,0.32745932815134693,0.4737161411265906,9.255869627882694
11.45056746,1.1939229384544996,1.7126989534515,10.134799239127767
11.46061446,0.6164996615000659,0.7384012937870846,10.314620665128594
11.47066046,0.6949857749691537,0.027026437201035723,10.454098451336526
11.48070596,0.40948159389375943,1.1010996116972218,9.071572142891727
11.49075196,0.9559808541747681,1.5621233249851345,9.301839453854207
11.50079796,1.382150600523692,0.6443832320505468,10.917795144423334
11.51084496,1.095277893911286,0.8514254585270189,10.465931332737863
11.52089096,0.19178251522289502,1.2867568958013846,9.409873318487078
11.53093696,0.00459225270669233,-0.018284516477642145,8.931497092528318
11.54098296,-0.11431539815393997,-0.27901041901991136,9.659454875947196
11.55102896,-0.5308852509950927,0.11268208373598028,9.09118053123638
11.56107496,0.16570221166846671,-0.04887604838474929,9.464718013778276
11.57112196,-0.15366997216166964,-0.3119447184370826,10.75940401510045
11.58116796,-0.04717600102428172,0.8500589333285863,10.290397508857279
11.59121396,0.5081718388545009,1.2718191139542352,9.566829634045854
11.60125996,0.8970094214760017,0.4156543841583527,10.138458651536908
11.61130596,0.46274323192605205,0.5119276908060939,10.107669855142131
11.62135296,-0.22914243444302898,0.7080513778024308,9.41137997328822
11.63139896,0.4942600163353775,0.3534291782864899,9.418933534432858
11.64144496,0.8561762113507235,0.3614130068036452,9.473845355119972
11.65149096,0.6874411426901982,0.34003723494459687,9.976249730897552
11.66153696,0.34945874829701834,0.49702595328974997,10.498679619840209
11.67158296,0.32168069763051876,0.7550869914269804,9.958772075943799
11.68162996,0.4606117721108238,0.6066857208378971,9.408030647397604
11.69167596,0.7201756580682376,0.4161459228313072,9.690013832432008
11.70172196,0.7770506934453616,0.8579673350486565,10.142421316451
11.71176796,0.34282594417072615,1.0377074403798978,9.881003340430592
11.72181396,0.40839572125915025,0.5251615123985566,9.67888320762033
11.73186096,0.6310994509757183,0.554947216912205,9.728821778534881
11.74190696,0.6296863181561994,0.6859890919099244,9.77681943664251
11.75195296,0.5161509190217575,0.3797331665792203,9.813756756321254
11.76199896,0.4204673875175829,0.5520400592984211,9.839431183890952
11.77204496,0.3928291415864009,0.7321601011405835,9.953355196223082
11.78209096,0.7100418934792954,0.6572757122999008,10.06253696718962
11.79213796,0.7350747950139703,0.7540891621454439,9.845854708694615
11.80218396,0.711672514349978,0.868993554472451,9.656352550827496
11.81222996,0.5366376257977377,0.7582789795769922,9.405013468324224
11.82227596,0.5231479349352908,0.6083120232758794,9.662658400687516
11.83232196,0.527527578077552,0.7871011046968862,10.121732973267731
11.84236896,0.6074407894927459,0.7655276651595032,10.01188930205716
11.85241496,0.7137130977937693,0.6028784603339218,9.848776446404115
11.86246096,0.5540813495136954,0.855584671927153,9.626356751517097
11.87250696,0.28969622605968914,0.7954536559684492,9.98333458263477
11.88255296,-0.051196891136343785,0.22772447062759762,10.878862404895612
11.89259896,0.5084306114312016,0.4804844423172195,10.118142726200713
11.90264596,0.7420411663605028,0.8456692767948393,8.842289772087279
11.91269196,0.7902946800622987,0.747400192272413,9.111147599497382
11.92273796,0.8717739500489414,1.206094669904686,9.505799883583355
11.93278396,0.7514409976589627,1.0392225111356181,10.016909098026876
11.94282996,0.6381067623371507,0.5420331553015053,10.576498938597503
11.95287596,0.6377255215011399,0.7829722428001966,9.877831234430536
11.96292296,0.46916572103134196,0.5312753631507532,9.692124680922117
11.97296896,0.5117275455603609,0.4758164724268938,9.57042503471633
11.98301496,0.7059680311599232,0.7919221280279515,9.479274433348063
11.99306096,0.6682540352652242,0.6101281026303541,10.021164436474837
12.00310696,0.8402880592455287,0.7920835247494512,10.00427152834072
12.01315396,0.7434036692100511,1.1884502780960244,9.634871874288192
12.02319996,0.5758591683197162,0.8232273468934195,9.592283232949137
12.03324596,0.7919186690288839,0.38171827248925905,9.76506379462421
12.04329196,0.5679555646399349,0.8756395395537567,10.018881930034429
12.05333796,0.4319522064254478,0.8045907056277486,10.354685960001206
12.06338396,0.5433189671654647,0.4301966070498539,9.87016395613682
12.07343096,0.37359388077524847,0.2569160188815266,9.13083042413978
12.08347696,0.27424704373130715,0.35580792504797887,9.286231979411566
12.09352296,0.08927596780791149,0.29352315951390806,9.821916465693217
12.10356896,-0.2659134963341416,-0.23245407921803343,9.771061438226159
12.11361496,-0.09659215345514699,-0.17471719841589536,9.676389973060244
12.12366096,0.0017360356228965854,0.2242273376984502,9.322799915654961
12.13370796,0.07984480376459258,0.08157790341611228,9.80944302775565
12.14375396,-0.22122172425094927,-0.2506518093963661,10.98331387936614
12.15379996,-0.6775472269491681,-0.15072555841501717,10.411770088247279
12.16384596,0.1954966836308802,-0.1857115410445339,9.35366514750418
12.17389196,0.6058206054843847,0.24434651558003742,9.204159137375376
12.18393896,0.43930293039837587,0.5663955994070171,9.241456628446173
12.19398496,0.36833916360474006,0.2014496607200993,9.773053296551247
12.20403096,0.02030440225324475,0.17242672743818824,9.969803783787652
12.21407696,-0.13621556294353224,0.02109715796697361,9.686750800435641
12.22412296,0.13673987236089566,-0.4658221567570389,10.062645129628294
12.23416896,0.07827839126763059,-0.03403939118806256,9.635707096909517
12.24421596,0.2333339650905438,0.0903736421044675,9.811037092535182
12.25426196,0.31329193168007874,-0.008843580921226392,10.762108759857234
12.26430796,-0.007783949280037114,0.24769054570581003,10.270625339634895
12.27435396,0.19337028772805095,-0.06026587987143076,9.190895605229104
12.28439996,0.39846036583730365,-0.12390877568500355,9.075694526796031
12.29444596,0.18696336571803882,-0.047937591192658356,9.445771832179629
12.30449296,0.29009605773479713,0.16097556107610278,9.791410856423198
12.31453896,0.22757307594134976,0.4472233364760488,9.872652850165464
12.32458496,0.05400604338155745,-0.0588620045810504,10.077525314620631
12.33463096,0.08572082509339174,-0.17388023086865778,9.98842587006093
12.34467696,-0.0498315619885225,0.08604671276602917,9.72662658743194
12.35472396,0.05428419375050327,-0.03436307351679912,9.81875375341335
12.36476996,0.45213638773570447,0.2923929290636651,9.466251446932944
12.37481596,0.36000271002890316,0.5573693792589162,9.283262112270043
12.38486196,0.31751622939005614,0.1737670716862154,9.64909305870418
12.39490796,0.3473787602680086,0.09176716815718604,9.55356840997108
12.40495396,0.013570488276279484,0.1068543108558223,9.531098568157354
12.41500096,0.13535955671749317,-0.2714353909873649,10.104722366584094
12.42504696,0.5117630125355065,0.02524356871277411,9.967647367117637
12.43509296,0.3909563203142646,0.4439765318307075,9.569002258973649
12.44513896,0.3294283034228466,0.12709153910312976,9.730810278456111
12.45518496,0.5073558899606921,0.1910845561751921,9.434008378366153
12.46523096,0.37987408025068525,0.28826407291132083,9.382586148846235
12.47527833,0.20079493695839043,0.04834331013348948,9.786759950277336
12.48532433,0.36617487831425893,0.06355703600328692,9.761617478844432
12.49537033,0.5100836122862457,0.21126377820606485,9.882501712557639
12.50541633,0.5062884291133878,0.2692553710555975,10.014526749747048
12.51546233,0.3968473797667467,0.08578995657784037,9.75358558075679
12.52550833,0.41744640255883997,-0.10603980418022337,9.627708443171239
12.53555533,0.5579876716859465,0.09038442608146692,9.61065541900562
12.54560133,0.5713894085404988,0.15726613574856582,9.648453606378746
12.55564733,0.6214394648776987,0.06340488927859361,9.553942314724495
12.56569333,0.664649836837498,0.07565295218958701,9.253682214479136
12.57573933,0.5998799153292881,-0.046845868388132,9.64192572183512
12.58578633,0.5538952371967343,-0.06239412166707783,10.170602965173071
12.59583233,0.5399022823451333,0.14342376509196078,10.175274300192223
12.60587833,0.2340654200689598,0.04438570326039123,10.226744322387711
12.61592433,0.3532648838811958,0.011478684985015235,9.83881468861296
12.62597033,0.5747998143366834,0.27444969909954287,9.656534640673593
12.63601633,0.49595811878112767,0.4078882776391499,10.518285523966519
12.64606333,0.3341466318563645,0.6502997719342707,9.419963991931033
12.65610933,-0.05390232581763956,-0.1852242998212549,8.569345732372511
12.66615533,0.21389595095689012,-0.6693008404748761,9.120733647656975
12.67620133,0.8652960710940691,0.0936856298252379,9.051893247863793
12.68624733,0.6085515121909731,0.23098289486882023,9.71510221567638
12.69629333,0.613245756917883,0.2987340500358814,10.14752982766062
12.70634033,1.0142405556614373,0.25727980081508617,9.599820647074656
12.71638633,0.697570519621252,-0.01211629531179161,9.80552521675203
12.72643233,0.7371535857869408,-0.07965804175413065,9.993419176897818
12.73647833,0.9281993661781267,0.07927571457730313,9.531658032754173
12.74652433,0.9360073228512102,0.19476359806099577,9.446691289650142
12.75657033,1.0071328477386512,0.12437647952202138,9.913717287089236
12.76661733,0.9080456385706398,0.025784477812481145,9.8662264345061
12.77666333,0.845662005937318,0.09181468618708195,9.603463738369399
12.78670933,0.7471270033455926,-0.0011853242897234492,9.770846620701949
12.79675533,0.6418359384442205,0.2029797349369181,9.813995779076166
12.80680133,0.7193664699321323,0.07140936777119848,9.43515272719328
12.81684733,0.6246166245636493,-0.22963165479114916,9.28188983227068
12.82689433,0.7878778732946009,-0.034798534194403874,9.202209562023322
12.83694033,1.0167244899434402,0.16225914142756867,9.611003841948627
12.84698633,0.6839423192758513,0.13613556304962648,9.903612738790233
12.85703233,0.8017736227897733,-0.09821681992640564,9.463482471450222
12.86707833,1.3068707583913115,0.13759700277509118,9.513261691239489
12.87712433,1.9059735071796942,1.1203983385806437,10.363052675653794
12.88717133,0.5221983209336336,1.1618656408129833,9.943766193582958
12.89721733,0.9486459163763716,-0.042263414391908824,9.489524300959712
12.90726333,0.4868234190884168,-0.23820791132607788,8.575080052505779
12.91730933,0.23213785687021757,-0.6007978673552377,8.919506361661725
12.92735533,0.8849697083339567,-0.6437071008586999,9.8434645152235
12.93740133,1.1116544147534606,0.27049162367016366,9.637808444782584
12.94744833,0.7866720916773723,0.3635425925041995,9.749021449993561
12.95749433,1.1337776838972295,-0.1606122544383563,9.546367815309548
12.96754033,1.4176750590063083,0.008609354100405286,9.10804067206454
12.97758633,1.0159415593182621,0.18998944917507954,9.579017842290314
12.98763233,1.0481766990421921,-0.0006369777862277149,9.935554173146468
12.99767833,1.2303491814372953,0.02200212718282146,9.812130990202235
13.00772533,1.2225211645274432,0.22298790028240642,9.665127386810562
13.01777133,1.113844995187945,-0.11129423447953309,9.555015345551757
13.02781733,1.041532930607065,-0.2663835820106266,9.163056117044649
13.03786333,1.067747083283645,-0.13165641602070716,9.202160700686708
13.04790933,1.2529889595989907,-0.14708846060890401,9.510886118942068
13.05795533,1.4059292207142915,-0.0639376092864478,9.732012695318456
13.06800233,1.3639051714539365,0.1461716172886921,10.020136807007406
13.07804833,1.2590510133484532,0.0006035639318060418,9.957663977755267
13.08809433,1.2190401356786273,-0.25272440599158325,9.534280005260136
13.09814033,1.116988455831497,-0.202389372010374,8.975395062388566
13.10818633,1.091321137797681,-0.1750558858462768,8.812825147501673
13.11823233,1.0050066651911003,-0.07762020295773729,8.990371014429533
13.12827933,1.1771306553191407,0.12026798911222208,9.583111236856688
13.13832533,0.8295551456706618,0.03719529383431277,10.078810955050782
13.14837133,0.6202494814311589,-0.24069307137047288,9.531103050573064
13.15841733,1.1226781000963935,-0.33598440308891525,9.038093878488539
13.16846333,1.3691550182108239,-0.05254722100175213,9.092504966742316
13.17850933,1.460567427977893,-0.011953401651835541,9.266191621651682
13.18855633,1.3252006371707175,-0.17462941876729157,9.569555565556161
13.19860233,1.3548004064035637,-0.38625705883809625,9.845297721649757
13.20864833,1.5988669093894292,-0.4945088137060392,9.72534622034008
13.21869433,1.5723932137048227,-0.15569767155624223,9.479724997202796
13.22874033,1.513681678268333,-0.24574704393889674,9.587252408756916
13.23878633,1.7457596367315877,-0.4748368280515856,9.578743004254024
13.24883333,1.3125288385847824,-0.3045103865287457,9.138831630163146
13.25887933,1.2805287556318483,-0.5645598630033405,9.219675402450868
13.26892533,1.659608348190904,-0.8142517303684426,9.528858108902812
13.27897133,1.6637128854205245,-0.6888697583451985,9.7046331661041
13.28901733,1.4701638363676452,-0.510272773971727,9.778456944584303
13.29906333,1.5840634848254809,0.13737995511994278,9.700300054700989
13.30910933,2.2007582506854537,-0.8069236739044443,8.775170782971976
13.31915633,1.2466573595406771,-0.5238991684761849,9.402334957936569
13.32920233,1.2055984038530845,-0.8290801845213467,9.728346228996191
13.33924833,1.245275015566724,-0.6055754818118833,9.247910988566094
13.34929433,1.5327781363772197,-0.6723152903882439,9.264987722984147
13.35934033,1.7733368206714484,-0.4459062387375244,9.382160146467495
13.36938633,1.358057117948326,-0.39632007457769836,8.965459521331574
13.37943333,1.5499435669195143,-0.6846456397344833,8.84083648078233
13.38947933,1.9306521955098626,-0.7224470898116259,9.114683700843653
13.39952533,1.98987405395729,-0.9725359990860933,9.910250976529568
13.40957133,1.453963447345058,-0.7840690410744166,9.998790598407215
13.41961733,1.5438094404729468,-0.5382772400634872,9.528223917175936
13.42966333,1.896261478350354,-1.554313708475422,9.385874788989565
13.43971033,1.690708195653404,-1.055475596360442,9.495019209490899
13.44975633,1.5191149755699411,-0.7549215188721718,8.92998077597945
13.45980233,1.6854251454773115,-1.0724475100347564,9.05707472717753
13.46984833,1.730663317993308,-0.8927382094075181,9.764683808643401
13.47989488,1.6736598633422208,-0.4595887314224267,9.3459115088807
13.48994088,1.5529626106257957,-0.5396537722282218,9.149118961775633
13.49998787,1.565860347858021,-0.8307244403239907,9.415051420969146
13.51003388,1.413518621382545,-0.6816363048430085,9.168080740935427
13.52007988,1.3652408730458867,-0.8263205171008596,8.942159684664118
13.53012588,1.741193428534716,-1.1351789602861524,9.09593632155451
13.54017188,2.0072022811662817,-1.324601424970951,9.354905661674806
13.55021788,1.8214102735103612,-1.3952648040047535,9.591469366295241
13.56026388,2.208278524443356,-1.7689501335417603,9.899603214010458
13.57031088,1.6953593189657281,-0.5141623703961251,10.001713293672694
13.58035688,1.6465260924637521,-0.23673935540994312,9.784714344398292
13.59040287,2.212452650558787,-3.085874798261712,9.546289118871774
13.60044887,2.1577550885249743,-1.8316762457582119,8.919139352306118
13.61049487,1.4169214986971594,-1.4002932698771902,9.64071762774328
13.62054088,1.631538115931685,-1.8037609910910557,9.841373427091433
13.63058788,1.868728178271547,-1.4830586927669092,8.938664718326045
13.64063388,1.467973444878264,-1.0055799302611839,9.122379325569296
13.65067988,1.3155891543446925,-1.1781199529889637,9.110830386405905
13.66072588,1.528583703592076,-1.528970996341907,9.094579366878751
13.67077188,1.6329184527241023,-1.4488808186181252,9.661865253805662
13.68081788,1.9349756043080575,-1.4975462932087071,9.72706301177456
13.69086487,2.118039337378151,-1.8711402905399313,9.807830850465216
13.70091087,1.6989487638953211,-1.9662254845960072,9.688278866120951
13.71095688,1.7589969719681602,-2.1021783630070594,10.08580369080375
13.72100288,1.888986594382022,-1.624157384075616,10.236224770073585
13.73104888,2.0526474239900128,-1.5263279268552887,9.592518470159987
13.74109488,1.6279005370439588,-2.3216382449074207,8.779702340032902
13.75114088,1.3960927832474892,-1.8017182010433717,8.975705451012564
13.76118788,1.451444686799836,-1.9539729791265767,9.626256356870353
13.77123388,1.6066720799903893,-1.6499241636164497,9.355736730318576
13.78127988,1.8848314128132093,-1.7705525144124394,9.843947012908016
13.79132588,1.6806483112032642,-1.8227363606636444,10.354772139780344
13.80137187,1.5784698637022052,-1.8502713465053968,9.137474274742468
13.81141787,0.7144182133347505,-2.1069967803285072,9.504666625419496
13.82146488,1.9021756548179392,-3.048140678460933,10.20345580223114
13.83151088,1.804065356438365,-2.0733049208967893,8.659795878382015
13.84155688,0.581540846658339,-2.0581928065455894,10.453913948291822
13.85160288,2.0312132488193044,-3.022885961182673,10.537102572002372
13.86164888,1.7285063454303018,-2.523045026258227,8.674750707922886
13.87169488,0.7816885571956589,-2.027121146439195,10.156198512874926
13.88174088,2.079226800044598,-2.755454523089058,10.134901253417167
13.89178788,1.6369676593964142,-1.7537800942393764,9.538609799910086
13.90183387,0.24256952606636606,-1.4562789207965425,10.076028617289413
13.91187987,1.4339161810156615,-2.4011031541845687,8.817935919790502
13.92192588,1.259830793950201,-1.9761500841595316,9.32455547478652
13.93197188,0.4561825866667862,-1.5941525707426956,8.829637052166152
13.94201788,1.0519011057470302,-2.0520701751436525,9.445561406661762
13.95206488,1.7884638101951333,-3.261535593041324,10.78775417944485
13.96211088,0.33989174715409753,-2.130473044227496,11.921030251114983
13.97215688,1.5114880790305456,-3.024821744069391,9.541634962107677
13.98220288,1.6824330808918833,-3.0307402435113318,8.593656077371763
13.99224888,0.6999615859976029,-1.6870019870039044,11.975187290308943
14.00229487,1.8337269304177115,-3.4626093075030098,9.07609059775398
14.01234188,1.2588099086708098,-2.5126224855301413,8.221375269981793
14.02238788,0.2432842277355961,-2.857410855740201,12.411897607887484
14.03243388,1.5681613096175273,-2.6384190494899182,9.076624379619005
14.04247988,-0.033008471972551995,-2.197228537602825,9.050654724787202
14.05252588,0.5387751776005597,-3.138373763447985,10.989157278699514
14.06257188,1.413992950814741,-1.9117935644904496,8.227448004662762
14.07261788,-0.03907224821150591,-3.2023234066404993,10.889056354410457
14.08266488,0.45706188220973676,-2.975997775221172,12.247161655992745
14.09271088,1.0413673535727122,-2.607155650536682,9.362336320152977
14.10275687,0.5738051720105216,-2.902521768995297,9.626982628469507
14.11280287,0.8075676024359861,-3.2457386753625657,10.664835348486134
14.12284888,0.670167988532539,-2.728907766171635,10.010301848461987
14.13289488,0.6498606559035767,-2.0474628720589467,9.437620372673917
14.14294088,0.21034248165282296,-2.5160272598794697,10.260507177078038
14.15298788,0.44565385298019233,-3.0375363351349773,11.558135305028555
14.16303388,0.3954261605729594,-2.44835960489826,10.799545529357772
14.17307988,-0.031232889940064377,-1.7923885523518877,9.728205112171986
14.18312588,1.3150650597103941,-2.7602700694981634,8.588400597164394
14.19317188,0.7014203575981339,-2.8360532530785227,10.140837907835856
14.20321787,-0.4616815409881797,-2.4435093789036695,12.188322066204217
14.21326487,0.680909867892723,-2.1942413935479466,8.987876956610547
14.22331088,0.746446841670005,-2.523171646045179,8.763651241598188
14.23335688,0.04326004798004608,-2.709863195585643,12.21100053101979
14.24340288,0.5960621376914778,-2.1765333918061627,10.10725963430152
14.25344888,0.5018752666439391,-1.478268959298451,8.508133325782143
14.26349488,0.21533453431876307,-2.1391466044355685,10.375202037393358
14.27354088,0.27020513645347766,-2.285387481526582,11.085856327847482
14.28358788,-0.21652627225453097,-2.282897251610384,10.398248127412476
14.29363388,-0.27493503668401936,-2.16044592816077,9.659069964695936
14.30367987,-0.19265870499475637,-2.64925865708628,10.527430497027723
14.31372587,-0.4938376201760529,-2.9160428320754965,11.130238184879968
14.32377188,0.46103108456367436,-3.2840301674229218,10.883669177041659
14.33381788,0.409051883575789,-2.495746696860611,10.237423826378574
14.34386388,-0.1852383946627732,-0.8760540276975962,9.418237324914159
14.35391088,-2.2682895301095467,0.5314083071162894,14.457523171666658
14.36395688,-0.4511710738546028,-5.0241204741929195,13.191915649827271
14.37400288,1.429039771023864,-1.168617162251591,2.1128810580350064
14.38404888,0.44300975869552794,-0.5433644059048282,6.786494083486016
14.39409488,1.1647504388236756,-2.7270007616283016,10.381860360284179
14.40414088,2.3202911693077795,-1.8060948036972784,9.516148669506691
14.41418687,-2.210108531737572,2.3330135033468253,12.707309529189516
14.42423388,-1.9374326817976766,0.14430222864394954,13.227670333160903
14.43427988,-0.4412940687920257,-2.2138190457208298,9.52774590674115
14.44432588,-1.8634524526307639,-1.003701787278783,10.007545724835758
14.45437188,-0.4421835247617091,-2.2280791604636274,9.764513163582285
14.46441788,0.45767630129661485,-2.3421570252147808,8.169193447093223
14.47446358,0.18357278275033215,-4.01275787221791,11.794915725855173
14.48451058,0.017216527064791317,1.9239167812071027,15.370642085346818
14.49455658,-2.747788401039645,3.0339024243849835,13.347234846131562
14.50460258,-2.0439077527777805,-5.226994785148881,5.837085039064962
14.51464858,2.9256585255387138,-3.017507913652374,4.914950036588154
14.52469458,-1.656359576648316,0.20367391281986952,10.44714790130944
14.53474058,-0.4803797498162185,-2.302275769315385,11.731523923912311
14.54478658,1.518947442006494,-1.8209857236889675,8.997341619559975
14.55483358,-1.831023949456649,-0.17271329027506185,12.913565418253867
14.56487958,-0.5847552103408382,0.4492315226624819,12.828497039753989
14.57492558,0.8406207905076234,-1.406574334794918,8.213145777989427
14.58497158,-1.8269471922585747,-1.0641199701161461,10.98555386130524
14.59501758,0.16957568680093885,-1.91812280601943,10.48314422983422
14.60506358,1.4225397615337778,-1.6708675614043043,6.592347249496864
14.61510958,-1.1426727113861268,-0.9283274876801064,11.887049365252683
14.62515658,-0.9686332972633451,-0.11286760337469046,13.02226599690302
14.63520258,-1.2274690049295809,-0.36806497877664235,10.078946936907077
14.64524858,-2.66773254708253,-1.0952482345541377,11.764836696371473
14.65529458,-0.3401004274097003,-1.8983621307469973,9.51892591865982
14.66534058,0.36762042752322716,-1.325294107173446,7.107074222629065
14.67538658,-1.2795794552491584,-0.5046952645442496,11.428481663780898
14.68543258,0.24096808978162182,-0.9644331407134132,10.479100201418929
14.69547958,-0.38129300978914693,-0.26688937123256745,9.942911114044716
14.70552558,-1.3710190285194648,-0.4696242816439423,11.950581982522339
14.71557158,-0.1377956991032621,-0.6314679112965701,9.17663038712377
14.72561758,-0.5369436498400324,-1.0549824572568387,10.183726993858949
14.73566358,0.05361130590816803,-1.1284529133265324,13.372044882700674
14.74570958,3.0040864408833685,-1.330848984667645,10.061792097361682
14.75575558,1.0536494085258263,4.286880560353994,7.990159677593045
14.76580258,-2.434649008181361,0.980818664095374,11.195560530561355
14.77584858,0.14029462734505432,-0.31858222390593555,8.411854293924867
14.78589458,-1.369129988524143,-2.5079950349699285,8.982399249580956
14.79594058,-0.8233944026175327,-2.711429743402518,12.447981157703545
14.80598658,2.03204595428646,-1.5714878763761282,8.205492846547566
14.81603258,0.9308365110856516,0.9003632106717836,9.14959312256437
14.82607858,0.9923197108844733,2.2106472438370393,12.185391333264212
14.83612558,0.38568107706346944,2.2279084562872336,9.167504614829408
14.84617158,-1.6770213555287752,0.6165030800356671,8.837482964189752
14.85621758,0.9903892117342322,-6.493391201382332,13.60257101067187
14.86626358,2.2114082915239996,0.6906362130690133,9.547662267329551
14.87630958,-0.8030398107974783,1.8502247365022686,9.750034356973792
14.88635558,-0.2676818575531375,2.870493313232062,11.624316808882778
14.89640158,-1.0033056894130152,2.7276422997702836,8.26340480852661
14.90644858,-1.1325728832217612,-0.9083135097707051,8.659233035391251
14.91649458,-0.5562054856728362,-4.1703465581611265,11.16868523122142
14.92654058,1.7513865702294749,-1.1706570040844984,7.940538110073411
14.93658658,0.06961226225284474,-0.7956778176786911,10.057159713173041
14.94663258,-1.075306572889933,1.976612090628799,12.145651936959162
14.95667858,0.14010977242943326,1.1440912247893125,9.371608174261683
14.96672458,0.5493988309371709,0.03520511489366759,9.550613166990917
14.97677158,-0.3192943081995968,0.32001408365634465,10.177829335078
14.98681758,0.4588345157638107,-0.5013579979010174,9.216950127150362
14.99686358,-0.12491184690157399,-0.8826584152351367,11.08317537378241
15.00690958,0.5543679629003299,0.3946202407896136,10.646240718045895
15.01695558,0.15757862381961962,1.5316165026506952,9.745527315501558
15.02700158,-0.7303330163404559,0.39652587571301323,10.989099266724384
15.03704758,0.45324654504661877,-0.0440960122777001,9.230207248827286
15.04709458,-0.38635097568835847,-0.03900116996486628,8.782607086439468
15.05714058,-0.33440411246965135,-0.5277476987020343,10.568268736711142
15.06718658,0.682577743090788,0.5743326017156021,9.195112923623105
15.07723258,-0.0694770966279514,0.009418260610367183,10.029079389745458
15.08727858,0.4195995449383901,0.1778697423319928,10.62486434993244
15.09732458,-0.20629670587469826,0.47950375556445946,9.846781520879258
15.10737058,-0.0729315520602882,-0.30184919888810874,10.34099140389521
15.11741658,1.390453996960692,-0.27734118861811957,9.594506662508426
15.12746358,1.08121939929272,-0.10014507857191587,9.71466644045216
15.13750958,0.9519496512768917,-0.01353646397096948,10.594194604740874
15.14755558,1.633422907036125,-0.21989577077958938,9.78124849238891
15.15760158,0.6072491594858795,-0.18751198247006357,10.34279242248667
15.16764758,0.3668276062581537,-0.562473202130574,10.687597486059753
15.17769358,0.9953696731889784,-0.7127568362042198,10.048325399438955
15.18773958,1.2532743819620062,-0.9048143876552529,10.742619095397378
15.19778658,1.7664453418430592,-1.0655097036051264,10.326649679040745
15.20783258,1.3510542784274728,-0.7020086376895435,10.378592129908291
15.21787858,0.9538586438445257,-1.094925969756685,10.559725987269744
15.22792458,1.604019912920545,-0.807476031538254,9.826544255007109
15.23797058,1.5774499811255922,-0.7191285017720646,10.135172058797306
15.24801658,1.496572176624931,-0.5765784003468216,10.141244304614357
15.25806258,1.7034473886890529,-0.8366125535105472,10.268586949891807
15.26810958,1.8591441200893044,-0.5827181165982646,9.893488581541344
15.27815558,2.0302615471152388,-0.6403218103048736,10.302226501338152
15.28820158,1.8237427589191344,-0.06676977527738097,10.512674131624257
15.29824758,2.0384200349194086,-0.6553248075176326,9.75420996360357
15.30829358,2.024282901870665,-0.828179428748914,9.467825573708659
15.31833958,2.4317699505982024,-1.0259222782654496,10.017056525431457
15.32838558,2.177144519385508,-0.3499107546588473,10.383902539279692
15.33843158,2.699971269221057,-1.0081318425516093,11.185938095860772
15.34847858,2.494182707647626,-0.7023146061257411,9.413796295250167
15.35852458,2.538740345615055,-0.7270087914999235,10.040569776605569
15.36857058,2.514430909280778,-0.9390282742888111,10.409975663937328
15.37861658,2.883909908037898,-1.4043348731343595,10.567546374580534
15.38866258,2.928146736785144,-1.4046602786131324,10.595000705716703
15.39870858,2.9792095960431704,-0.9523295947002793,9.818791779793576
15.40875458,2.537746358448064,-1.0523549114747186,10.430728009278155
15.41880158,3.0331369049371486,-1.1195461768617412,10.403057835297352
15.42884758,2.8172104972117866,-1.189235798794564,9.989696903645386
15.43889358,2.531735959161867,-0.845597873146683,10.27812548708994
15.44893958,3.114170057926342,-1.0265798893981828,10.254084051789112
15.45898558,3.7037471617969597,-1.464948560822874,9.82349364378702
15.46903158,3.8568121308251406,-1.2600805992897885,9.582225306176431
15.47907746,3.4003617665558523,-1.2705966530791588,10.597839182320591
15.48912446,3.87413849574059,-1.1364655218186823,10.287292297912531
15.49917046,4.24839328081489,-1.3206961140639615,9.521182243183567
15.50921646,4.115330406892872,-1.7834710696657363,10.538560816012216
15.51926246,4.516440904398729,-1.5625649842851679,10.693876783869705
15.52930846,4.835052638350607,-1.373649477899944,10.271763254921737
15.53935446,5.030012248144349,-1.6086319339978732,9.934135667288494
15.54940046,5.1975151676560705,-1.6626716940525177,9.690566596214824
15.55944646,4.728665515367599,-1.8900217133430484,10.2782570874815
15.56949346,5.94510595094415,-2.320896885522203,10.092622929470368
15.57953946,6.1470491398275495,-1.86746714731325,9.100325292831839
15.58958546,5.861989150787133,-1.9676719378791225,10.186765900739273
15.59963146,6.316964602174164,-2.5571407729666484,10.743413186561034
15.60967746,6.4014889829645485,-2.156479482848748,10.27195690269142
15.61972346,6.755050996978008,-2.429458177335223,10.134417936452817
15.62976946,6.709481069405816,-2.628690585960085,10.696571954049027
15.63981646,6.74596527832687,-2.2892051669722586,10.573990329789495
15.64986246,7.418990332928579,-2.6008816483554735,9.85002606282439
15.65990846,7.304765642905062,-3.191563092850419,10.357272074343674
15.66995446,8.008811165384985,-2.9809624859963226,10.720967072627166
15.68000046,8.591065240531526,-2.594789706642941,10.133411896851278
15.69004646,8.713977745462083,-3.6608138519005533,10.740145004595256
15.70009246,9.265608486062346,-3.197588603190272,10.716916315223001
15.71013846,9.056855920616284,-2.626106395475393,10.954757461738154
15.72018546,8.85533316243787,-2.8584434054680017,10.512332221075617
15.73023146,8.75091575418384,-3.4289522564988593,9.853202518226198
15.74027746,8.81586065236137,-3.21181011347543,10.277541706399395
15.75032346,9.47212474036638,-2.965020619935956,9.787710128619473
15.76036946,8.440403661634386,-2.8943478655448094,8.92988513927994
15.77041546,7.923347289868126,-3.5535454704164264,9.749432255108095
15.78046146,8.92730702470125,-3.6047346790828065,9.826777737943129
15.79050846,7.943934532181453,-2.594193045658029,9.184409298473037
15.80055446,9.362111364348262,-4.493796130474555,10.872785608020973
15.81060046,9.661612746702572,-2.342683269588059,8.837915867111942
15.82064646,7.719597961649882,-2.5689863060379374,10.85266131722113
15.83069246,9.500428673945185,-3.780557967119948,11.025311507297648
15.84073846,8.549615199173509,-2.521771448205163,9.85695919260279
15.85078446,8.426700843807268,-3.739822356176848,11.13701308452137
15.86083046,9.43299707468308,-2.7754147888828236,9.326693295760867
15.87087746,7.923366885626313,-3.179301518579241,10.266980572298063
15.88092346,8.205241221426904,-3.291444952699946,10.470646938669224
15.89096946,9.671628643505793,-3.161036146366595,9.684592901068692
15.90101546,9.259865920251434,-2.570669086857238,10.71366277524911
15.91106146,9.00139386945356,-3.199928553750317,10.493192023450323
15.92110746,8.994837521238084,-3.9662049539754545,10.181714989006739
15.93115346,9.247437943295484,-2.746090709140512,9.247911772418583
15.94119946,9.34981420501276,-3.3002635511810325,10.205513571694263
15.95124646,8.583662260849719,-3.2807788776216342,10.281849205289284
15.96129246,9.246325399177598,-3.690419562590564,9.690076788045914
15.97133846,9.051153443801645,-2.886353554392309,9.580346608781465
15.98138446,9.10713912586585,-3.5811131208975353,10.601766850742726
15.99143046,9.01855639254105,-2.9142445306654516,9.568395705718036
16.00147646,6.7785363821252185,-2.4760163182819643,10.095865418769636
16.01152246,7.959100954643388,-3.013245616664065,9.329420284646204
16.02156946,9.577239463586782,-3.416976913831624,9.306010280956192
16.03161546,8.76023764933353,-2.915694098899341,11.044956788617979
16.04166146,9.541523780191595,-3.247370018842003,10.637909633896912
16.05170746,9.285836933631316,-3.2670683383117183,10.251359672712594
16.06175346,8.611651406944475,-3.2441792580612483,10.825184821748277
16.07179946,8.950084156492442,-3.0775513604755065,9.994390519224286
16.08184546,8.915691469022141,-3.284554765199385,9.57026793830878
16.09189146,7.889115667662544,-2.7698945337023466,9.919094787776377
16.10193846,8.867978724388294,-2.71157575897146,9.489934708814864
16.11198446,8.878346154451878,-3.3741031362544316,9.922090414397251
16.12203046,7.602763381542938,-3.5743076643989578,10.627054722182283
16.13207646,8.574536482874441,-2.587661415724101,10.181346613641523
16.14212246,7.616828691230519,-2.5414628618062816,10.130040386184984
16.15216846,7.441389824774449,-2.9973002125077786,9.935585409777204
16.16221446,8.16345295689164,-3.1204522767356475,9.93281357942976
16.17226046,6.963371229890166,-2.260608429469411,9.775500864481533
16.18230746,6.427044107795161,-2.2860245158957393,10.184852050912907
16.19235346,7.900611980513616,-3.4896004153295155,9.339676979580842
16.20239946,7.69889593196316,-3.0125667458073635,9.31663059694589
16.21244546,7.673666420656914,-3.1721315290658376,10.489260251397337
16.22249146,8.45277682448985,-2.5760386920796554,10.471888448732571
16.23253746,7.580284497639288,-2.6889760899256165,10.486836980308288
16.24258346,7.502492140136715,-3.2438734428349325,10.351158816019701
16.25262946,7.025287999907365,-2.996535501996924,10.688471770248533
16.26267646,7.221011239564455,-2.6644712549895897,10.844384025530584
16.27272246,8.079482134410782,-2.6700010271829275,10.27769748156586
16.28276846,7.344910316622806,-2.883451650955379,10.196444614422226
16.29281446,7.3808178278295085,-2.5021569998422444,9.607373634254758
16.30286046,7.43357894078981,-2.600701195671861,9.559417800762457
16.31290646,7.40324809080145,-2.8645117500337243,9.853044496132597
16.32295246,6.8935006151302956,-3.7561218179726774,10.946311260588724
16.33299946,6.506619976799675,-2.599832205340664,11.05815505424563
16.34304546,8.007273091189704,-3.1187668167680633,10.048505241603095
16.35309146,7.460540150005574,-2.616281919280577,10.496543484915504
16.36313746,6.698600358315328,-3.8070207308281807,11.535750864229561
16.37318346,8.454789910031911,-2.5839310574446035,9.594324150881699
16.38322946,7.981560167982651,-2.532355906197902,9.735739876376618
16.39327546,7.824190991629351,-2.8767106085747525,10.17464353403292
16.40332146,8.021058906659404,-2.185741530300593,9.470681905354265
16.41336846,7.063353931195623,-2.8854936311371353,9.665337294059665
16.42341446,7.874918109639409,-3.643157770590158,11.182913683224948
16.43346046,6.8940641024790015,-3.28710063340815,11.830321380710917
16.44350646,9.170556514960813,-1.038111531324101,8.615790661988733
16.45355246,7.3765617615008034,-3.058313563049125,10.411951088032499
16.46359846,5.654628585768494,-2.845778511178048,10.59048922011561
16.47364446,7.893195154842353,-1.7918722992683975,7.88999987231224
16.48369021,6.848752039208258,-1.362635940758051,7.649036827174262
16.49373721,7.390951831157357,-4.899106095369401,10.821670585846778
16.50378321,8.468035631247623,-3.1399795192738473,10.030006660352493
16.51382921,7.158594636523997,-1.826520327507789,10.383797288981308
16.52387521,8.157729622944824,-2.2078099379540204,10.68645376919293
16.53392121,8.004011713202505,-2.5462604119955574,10.794393134188335
16.54396721,5.803342683364445,-2.0539644377889084,10.500426140324597
16.55401321,6.977481984855354,-2.132339744813889,9.838183682394362
16.56405921,8.088759256051365,-2.087210350415661,8.965579393319107
16.57410621,7.948291305605194,-2.6546784332145865,11.075933234035622
16.58415221,7.565053548318418,-2.583616138357807,10.93232224135366
16.59419821,7.505633087854493,-2.0872989985731767,9.356525148551095
16.60424421,5.585063674736347,-2.192308415740985,9.016182408994641
16.61429021,6.734106291220864,-2.4679951247736054,8.199394290314256
16.62433621,7.11065353109716,-3.4083248550445413,9.26682662028422
16.63438221,7.193262244621323,-3.535918731148494,10.193543160425078
16.64442821,7.376129341148676,-1.9631820771813524,10.283052593350062
16.65447521,7.449188793407602,-2.027287787583084,10.272174434855454
16.66452121,6.750544747988855,-1.7251195556534644,9.95706134895771
16.67456721,5.408248857975675,-1.9240713385015424,9.379527003775488
16.68461321,6.330360787708654,-3.474371962151776,10.148452631004915
16.69465921,6.559098529026344,-2.247895257321444,10.82019964775149
16.70470521,5.954356644994922,-2.002217662073553,11.765627575263212
16.71475121,6.981749246225412,-2.3013461248679365,10.353371566998462
16.72479721,6.050732130606543,-1.8059982426267933,8.963535150690294
16.73484421,6.554398709994353,-2.7784655587539477,8.987798773334436
16.74489021,6.466384592919982,-2.6121324468918603,9.179866800195715
16.75493621,6.046775420729322,-3.363722466094171,10.924252606365734
16.76498221,7.18592808857315,-2.5480437653550116,10.968812206003916
16.77502821,6.589196758882242,-2.144216472387607,11.32413215949904
16.78507421,6.490602354302652,-2.07227839165556,11.094906676243804
16.79512021,6.810818597463562,-2.2379434754535152,9.576027774610923
16.80516621,6.803017133576107,-3.0668549426995075,8.31311847788999
16.81521221,7.097802879195823,-2.4734951897907544,9.138732348648675
16.82525921,7.159008648581525,-2.435133785190576,10.114601286021152
16.83530521,5.7128147072854665,-1.8498820446349942,10.550267874604502
16.84535121,6.636415306355178,-2.77635268549149,9.763910285679453
16.85539721,6.757475757218249,-2.665173255924853,9.966558932493427
16.86544321,6.336859034610208,-2.7069044120343686,10.731566753608654
16.87548921,7.228880379902906,-2.5283278791586503,10.276544991235205
16.88553521,7.382460273787051,-2.4913575350213524,9.678769754955493
16.89558121,6.693109289373673,-2.7517321786454563,9.743659129102117
16.90562821,6.4565806255757145,-2.949503321314311,10.796164806641254
16.91567421,7.05398385635096,-2.2728651481305593,10.273181609991365
16.92572021,6.976420143886415,-2.2532388464035003,9.674514307765474
16.93576621,5.663547443673137,-1.9963749942551088,9.118529934988178
16.94581221,5.0411842916831775,-2.143596383441047,9.523302415199119
16.95585821,6.340927433984015,-3.1554718282338894,9.409238738027188
16.96590421,6.249515667400523,-2.1818725374226657,10.243663725681154
16.97595021,5.648336092663211,-2.2254536092628356,11.769399118077956
16.98599721,6.946443269930056,-1.7126465914225828,9.826286204120247
16.99604321,7.211400379031084,-2.6772935495193786,8.430660255898735
17.00608921,5.669685481827233,-1.6761457114237208,9.974816631653018
17.01613521,5.795404092984971,-2.0956521267952217,9.897832628862005
17.02618121,6.95211025404765,-2.5264096792386694,10.622565719630126
17.03622721,7.239285436160956,-1.5782671724671313,10.553892639807229
17.04627321,6.6898265124715355,-2.3136994088496374,10.211594387678417
17.05631921,5.379518791600449,-0.495614116470186,9.759958176323911
17.06636521,5.096271954188773,-0.8826689847041327,8.268859300004197
17.07641221,5.114385718100219,-3.1088538754287462,8.793778974092582
17.08645821,4.362637574592734,-2.2596989619709222,10.554020004803036
17.09650421,3.5618265308007,-1.377745246405224,11.558220022053568
17.10655021,5.167398121819802,-1.3806777109086894,10.501197523732499
17.11659621,6.0199691320593605,0.13013550714338304,6.363823208230146
17.12664221,3.5286261493198916,-1.1424923486842926,9.799913814536545
17.13668821,3.907878641873432,-0.5324997551780616,9.939269564009086
17.14673421,5.24246692072482,-3.4564224241969987,7.881368521329076
17.15678121,6.095119863419339,-1.9120950784989807,9.743822384940037
17.16682721,5.480397428552691,0.09656146757389435,10.549331220964344
17.17687321,6.526359008845558,0.3337497465688743,9.652426969151387
17.18691921,4.09754378892184,0.6763904577611105,10.508484814007536
17.19696521,2.787127599581733,0.5340622739958767,10.208440567767099
17.20701121,3.497701672660251,-1.0968114313271065,8.21049951896612
17.21705721,3.5603655817370283,-1.967787422733345,8.756205530773125
17.22710321,3.129685321191245,-0.17453442206038988,9.951214726281279
17.23714921,3.817004253453342,-0.6269876474810716,8.635475239307377
17.24719621,3.9067916731094114,-2.2295072699907106,10.4501823825959
17.25724221,4.589991236918728,-2.186365369235511,11.11249805068479
17.26728821,4.0501789150403775,-0.27603977126420726,9.9572138699118
17.27733421,2.530482526757612,0.37303542536639683,9.787062643987383
17.28738021,0.8649963780865368,0.8245032864964705,10.93502876807717
17.29742621,-0.46037612150889856,1.0911704047663315,11.366598670924382
17.30747221,0.06588425418111292,0.9012920425893639,10.19956043247484
17.31751821,0.5005257091021378,-0.1866037264138122,9.804932812249442
17.32756521,-0.512739842291888,-0.041921992669188154,9.40473121496235
17.33761121,-1.7861834911364805,0.046385155009203136,9.378333576742968
17.34765721,-2.404774397363761,-0.4297150031217689,9.487164476268534
17.35770321,-1.3461024566419997,-1.8983978109683515,9.639893657209411
17.36774921,0.23838242003122084,-1.6849199075746584,8.43046885626825
17.37779521,-0.4561990909484321,-1.268533153234278,8.705499550055894
17.38784121,-0.8372090874002015,-0.36713072916051515,10.270640894192402
17.39788721,-0.9208624823113173,0.7527556826496936,11.196065539621598
17.40793321,-1.482415391401697,0.831063770550139,10.821217158561286
17.41798021,-0.35582137180611434,-0.11765863876137521,10.311058322212537
17.42802621,0.9125111038878039,0.05489717332389404,8.591897273777292
17.43807221,-0.15550747549504346,0.4998644991965592,9.826780074019286
17.44811821,-1.8004814898351678,1.2122017552599937,11.008070610239013
17.45816421,-1.581489563419081,0.7575825651606733,11.137951359214572
17.46821021,-0.637714715233454,-0.20194439347463208,10.35428269806458
17.47825621,0.538863281090714,0.39493536935750995,8.6697305633207
17.48830221,0.9723667590533602,0.3110044505433381,8.500908917941482
17.49834921,-0.3512137328831175,0.9724556588713678,9.567201321187447
17.50839521,-1.3919949586710458,0.7964163908668429,11.107611350302179
17.51844121,1.011150299379961,-0.5428264108552214,8.852930700661297
17.52848721,1.2140817147424168,0.06288970703670661,8.175481863576337
17.53853321,0.8772012193660259,0.46200786787874604,7.474461909325763
17.54857921,2.299323521879441,-0.05267261453123899,7.282947778652332
17.55862521,-1.8927402090389231,2.9584920206298477,11.909782063944023
17.56867121,-2.9798623067173695,1.8989145925265614,10.995731689936727
17.57871721,2.305713731109636,-1.1759891537332723,8.142642705921755
17.58876421,-0.43465352697212767,3.248300360676272,7.217777403515059
17.59881021,-3.902893407979271,1.1887872237061154,12.120559194999748
17.60885621,1.4718225800025253,-0.036792491415034025,8.393264965877211
17.61890221,-0.31234757993661727,2.3821087375710803,7.872098213612172
17.62894821,-8.098354051932057,0.2413275458157835,18.34578502963855
17.63899421,-1.5413486816789845,-1.2415680493346777,11.753324556121395
17.64904021,1.3762067565732807,-2.670351358023685,9.899625349062562
17.65908621,-4.022412379892185,2.398122578294144,14.853941555426116
17.66913221,-4.45565161451333,0.0621398205399803,14.352140022934732
17.67917921,1.065171973050942,-2.6831535778440676,11.75581237661569
17.68922521,-1.8273638901542875,-3.6793296236496658,13.751785218460155
17.69927121,-3.521675238897971,-6.02752400392881,18.239365564555126
17.70931721,-1.933748689124978,-5.7121122872928884,17.581608575374446
17.71936321,-1.3147266054116438,-0.4932851873400534,17.777494950631525
17.72940921,-3.8279262348864216,0.5375733940098315,17.866231041661568
17.73945521,-7.771387530153356,2.3083055215595105,21.659935617505244
17.74950121,-7.050697678363011,5.522261746094504,19.827328619284998
17.75954721,-5.8415950288109695,5.324182648425872,16.713416021975632
17.76959421,-8.059123981298491,6.113899563353053,17.42388818603055
17.77964021,-9.508303815181073,0.9146030183680108,20.8384132325446
17.78968621,-1.76850954407495,0.02279634975346663,16.267132575489086
17.79973221,-2.828805596515484,0.5040852966020734,17.583549818138263
17.80977821,-4.408981014943676,-0.47709054063033146,25.29868477092739
17.81982421,-1.0541356484531474,0.03903245714084683,25.872011655399955
17.82987021,-1.9985111696937903,4.755955540297657,31.539433432468435
17.83991621,1.715899491025774,5.882663182320701,26.972572521853564
17.84996321,1.986545662969931,7.418261176754162,19.22634637512869
17.86000921,-1.089704276151371,3.4049884238487826,14.039108319904987
17.87005521,-5.0066641685644235,0.3582302291496549,19.239253806735917
17.88010121,-9.490736203405323,7.020667008371472,21.69776208505656
17.89014721,-7.2350385230979075,3.8370634210553978,20.639124214058224
17.90019321,-5.762184079344805,0.9362052543943002,25.51884268170035
17.91023921,-7.634780553324993,5.186335355267211,28.376969313168207
17.92028521,-2.104219432873588,4.0078551700123235,24.36050600272965
17.93033121,-5.002041173947307,5.626260124181854,24.877893511653912
17.94037821,-10.289317112610055,4.338467517369292,27.679304365844768
17.95042421,-4.444491701906281,0.6460913147920451,25.554391218560344
17.96047021,-4.856999596728966,1.9542024041290802,23.246651707452692
17.97051621,-9.775277124882527,4.00486261498682,26.443055574212615
17.98056221,-6.289455630146177,2.517179561315605,25.045754914786386
17.99060821,-8.402459584116926,7.003038600591341,26.929016199289247
18.00065421,-11.387228179843724,10.40092957206174,26.00849285102273
18.01070021,-12.138979015567177,9.66284502079777,26.469549372852807
18.02074621,-10.930933142135205,9.49279500574068,25.75378636547653
18.03079321,-11.708334810337355,12.642637339268342,24.99922805940374
18.04083921,-14.670035439326446,16.44769025072349,27.038686122444716
18.05088521,-13.327020589479195,12.993368577826617,24.40447547114262
18.06093121,-10.606794848090061,12.949458895350649,23.31841495779199
18.07097721,-7.988858216804057,11.280740410996053,20.40730334406161
18.08102321,-8.487587711941863,12.057146958891074,24.096335060183055
18.09106921,-8.848870659057141,12.94506102065541,29.19264466937322
18.10111521,-6.828657726820647,12.678548151202248,30.182227699322137
18.11116121,-3.0912206722514703,13.525555961392051,27.206797510077408
18.12120821,-8.502933208718938,14.427280845530467,27.490749174254482
18.13125421,-2.665681760607578,9.440901192052257,22.975349459764328
18.14130021,-10.752885167731211,12.904426822032365,27.40425085180145
18.15134621,-12.824832516642715,17.581515588005253,24.308843947155232
18.16139221,-5.208967562601189,11.734374587817388,19.86523893625191
18.17143821,-10.078097623567803,15.282670774975754,20.438627934680028
18.18148421,-10.116718928044113,12.11307238608484,20.377489019449506
18.19153021,-7.3998612350792214,12.706587042705461,21.572057839614285
18.20157621,-17.677844399940756,19.301571189861416,22.392911413744915
18.21162321,-16.612254031413187,17.796202606652834,23.343710962237157
18.22166921,-14.805323729904122,15.089891048812873,22.61553185200051
18.23171521,-13.93427038830008,18.03079827673963,21.998790844573875
18.24176121,-13.14441045619364,15.279860360133906,22.618144928069437
18.25180721,-13.162969724084672,18.777248091965163,18.98577686640083
18.26185321,-15.691715523606955,19.182195083219828,17.319568671001438
18.27189921,-15.369240837679838,15.689786196372532,16.749892194350863
18.28194521,-13.212588023817348,15.89569130605913,19.570773889114474
18.29199121,-15.036478781443062,19.16149936432336,17.51864183188684
18.30203821,-11.060401210029234,19.338593681815276,17.87162295367756
18.31208421,-14.660973015418858,22.668553978636382,16.60406519759733
18.32213021,-19.089107628422568,22.27215307565594,16.945944521545314
18.33217621,-16.656959230340334,19.305808522965624,15.612371122472686
18.34222221,-15.34042447081061,17.294192423268306,15.184542186546185
18.35226821,-14.419330960929628,18.47463501288425,14.406194551749
18.36231421,-14.789568066861108,20.63108180304587,16.744406204957464
18.37236021,-15.084712071447486,21.906341547017703,17.187102442469136
18.38240621,-14.397317448478715,21.497653978359725,16.830331119139224
18.39245321,-17.143637201692442,21.297928299659095,16.06869492680071
18.40249921,-13.483791645053369,19.259597500937318,14.097312495148474
18.41254521,-14.069053174029818,16.88030481843023,15.501477715554797
18.42259121,-16.316919990687094,19.162968116839934,11.083991214631482
18.43263721,-15.827794689758875,17.47914374700109,9.799573563925476
18.44268321,-18.202499397015902,17.496983279369726,11.23560334809061
18.45272921,-17.621748440405586,19.051312038996926,11.538433365168707
18.46277521,-15.558693974065713,19.7413913543714,10.371454879117579
18.47282121,-17.581727984289937,20.210024042842267,10.662790138598949
18.48286688,-16.290492068127296,19.643053147413934,10.779523857437788
18.49291388,-13.680147431564647,18.439755675627314,9.055873312758473
18.50295988,-16.53893681353377,17.046719887416796,8.036355338905379
18.51300588,-20.670528053691,20.301931321246844,6.549319406097795
18.52305188,-19.71392476664716,19.414924619646413,4.389907373483515
18.53309788,-11.786392407599328,15.608345672107404,5.9942030867388265
18.54314388,-17.361434466274318,18.72761866545368,3.6205575732012636
18.55318988,-14.16752907340513,19.288863213615887,-0.5156120075254169
18.56323587,-12.454407119612604,15.061267638636641,5.544329619041724
18.57328187,-16.83386589248711,15.349942765437069,5.568702832470762
18.58332888,-15.111487000077018,14.991512164611871,0.37786139962912463
18.59337488,-18.72714258589362,12.317200194764991,8.731766412432721
18.60342088,-26.759100108599853,17.02444700864345,12.430698646384432
18.61346688,-22.25782589940222,17.885875229901963,8.011228176234821
18.62351288,-17.127139240660256,16.339156909110713,7.446391892174744
18.63355888,-17.535034264961613,17.08269432164148,4.7144647486745646
18.64360488,-15.238316469789607,14.149552661754727,7.77795826524186
18.65365088,-11.345104850968891,12.691174619647265,3.443577302995717
18.66369687,-16.509248836171786,11.72160129635854,1.131139994348784
18.67374287,-19.76359182949444,11.878936517885395,4.287965118844931
18.68378988,-20.606679876233233,10.948473413915409,6.993153495675423
18.69383588,-18.207296471764508,11.52987160737465,3.1371526105045713
18.70388188,-14.4639183816717,10.519508202933569,2.2250071781642498
18.71392788,-15.98596123150123,10.496816888257285,3.8685849488509048
18.72397388,-12.392858874475838,11.566825333456736,1.070686604520348
18.73401988,-13.290639844641403,11.093106400074381,-2.56216498848743
18.74406588,-17.76943205934521,9.90456351752386,0.31346002376919535
18.75411188,-15.800060308802756,8.990653495680823,1.0179101315923167
18.76415788,-15.666890425288926,8.485712363568224,2.332431762373184
18.77420487,-15.878468700493874,7.943432730835941,-2.5590493631950904
18.78425088,-13.835896383613983,7.664076054011474,0.19959819205035476
18.79429688,-12.923643994360441,7.763715649497491,-0.25046825103980236
18.80434288,-11.461420282609195,7.966934034482865,0.8552438408848576
18.81438888,-11.919833398908178,8.491588545558987,0.7562183993462397
18.82443488,-12.558257062578614,8.412059979596282,0.7093003660951267
18.83448088,-12.118237839679315,7.84375201338255,-1.2607405374489642
18.84452688,-11.407177613937623,6.348253478533388,-0.9131304639099416
18.85457288,-11.3915843210938,5.873023967950492,-0.7089651656963216
18.86461888,-10.529750586538496,5.801622368829032,-0.1294390273811972
18.87466587,-11.488526033556651,6.230701580547986,0.3994959273127273
18.88471187,-9.505208899528059,5.671065847879163,0.7208074344070867
18.89475788,-11.067715788100447,6.370154729347225,3.5176881858117306
18.90480388,-11.48553431282248,6.8137323692822696,2.1872029344299118
18.91484988,-13.605066598674666,5.215376301806954,2.2513684321936487
18.92489588,-14.986730140952123,4.566125182373599,0.06792540406006993
18.93494188,-12.295805633315371,5.588506060033498,1.7926051724250105
18.94498788,-11.19353404723293,5.027151623680967,2.77933836752162
18.95503388,-10.94595695404015,4.276413756131518,1.0571418818873064
18.96508088,-11.208003018645874,3.094731804128033,-0.011094893949793867
18.97512687,-10.911588419997294,2.110022762889735,1.101864500469122
18.98517287,-10.380881165698542,0.9008525463387073,2.1479780248137312
18.99521888,-10.723724753472862,-1.1182678126175603,1.8081668575123542
19.00526488,-10.585647603773094,-1.4294449298531018,0.4009147450266129
19.01531088,-8.72829446563191,-0.8699011206403503,2.9158050375498235
19.02535688,-8.964922247759372,-0.48829231267701784,2.1252934732666526
19.03540288,-8.185923980286967,0.9230941072294795,0.8737597257146377
19.04544888,-4.3462116614230295,1.9837840973224354,1.8233991189388572
19.05549488,-6.201069354604421,1.3108877580432594,2.1916692498556043
19.06554188,-10.970256258973523,0.6759274076161758,3.0052784295226087
19.07558788,-7.784138680164533,1.1719748357824882,1.8506326194704517
19.08563387,-3.260822039945576,0.7525660920168817,0.742768981252908
19.09567987,-4.070262991254411,0.9409425428972327,3.4073188735369535
19.10572588,-7.306105242038839,1.6455444034155122,1.6544754020018397
19.11577188,-4.24944914830453,0.7482663875263335,-0.3610898669852263
19.12581788,-2.1437259098183463,1.3334283342980797,3.38363141120132
19.13586388,-5.922157449178243,0.20182297577455877,1.405701574838392
19.14590988,-5.579384935261772,0.24271059942162065,0.047140807774323196
19.15595688,-3.271249993649486,0.32439752330746796,2.045978568202674
19.16600288,-5.176840571562114,-1.1412470852883403,2.086379924347096
19.17604888,-8.387538005417976,-0.40365575094569256,1.8806756573106849
19.18609487,-3.706006953479941,0.3569898839382737,1.9493633518709004
19.19614087,-4.128405352700045,-2.028344056130278,1.5192577445197513
19.20618688,-6.200595593205031,-1.7735188744215113,1.3682705668831907
19.21623288,-4.57144093293774,-0.4035909279123832,1.5451589995654487
19.22627888,-2.889481042910995,-1.2769346308939589,1.372880428809006
19.23632488,-2.7602691896485743,-1.1608996524694264,3.248058084055176
19.24637088,-1.7204449856817678,-0.5586238372188769,2.5011989679942754
19.25641688,-2.962745177062182,-1.8806164362029298,0.8575911587878378
19.26646388,-3.973231926238896,-1.4884527296416508,2.773172988386051
19.27650988,-3.540316785001235,-1.181906277398901,2.5724851109156073
19.28655588,-4.029710164611097,-1.997809230556158,2.107668039433651
19.29660187,-3.249885187464352,-0.7779655262897605,2.6678402343150194
19.30664787,-2.1695256338237825,0.4069191167383087,3.6435102637004975
19.31669388,-1.6060014454860865,-1.1001992696234244,0.291739430244319
19.32673988,-1.6678468141136853,-0.826027010041778,1.354759955530784
19.33678588,-2.9022849653175147,0.21629791525851552,3.488678920707841
19.34683188,-3.5357989819037487,-1.1735260241002834,1.806851484364914
19.35687788,-2.070986555307091,-0.8815073360491391,2.4871138869160054
19.36692488,-1.5213578160847405,-0.5557804464495152,4.4846654478940104
19.37697088,-3.119708831528428,-1.2268263092811418,4.248373631150529
19.38701688,-2.959968564106436,-2.4481207297867695,4.402746155872069
19.39706287,-2.7508708542998597,-3.653450125876174,4.639803278226441
19.40710887,-2.652350363530862,-1.1666808717933554,6.8151955244315685
19.41715488,-3.9563208345124234,-1.9737449894707788,5.935437470915949
19.42720088,-2.6040947565272674,-2.711133499964912,4.153156727497643
19.43724688,-1.1045546423895607,-2.0158894312385853,4.6590497740188574
19.44729288,-2.9041300460621,-0.5202089834477255,5.53353428211357
19.45733988,-3.423214683489326,-0.03438130467173209,4.856828425810287
19.46738588,-3.817089239035975,0.06474830388562106,3.894174834635788
19.47743188,-1.8706229329894128,0.5942455192674486,3.7162230188951244
19.48747825,-0.28478680415433927,-0.0019924314686428574,3.657935248046341
19.49752425,-1.5170448233531122,-1.9863721728999397,3.418095280842827
19.50757025,-1.246583834850165,0.6964880191348474,4.816819137218302
19.51761625,0.8955433042535847,-0.9366783313859612,4.067721419056633
19.52766225,-0.8788800085407086,-2.1697343907575823,2.660750385153806
19.53770825,-0.9214694310445729,-0.36363101450853175,3.399024238780718
19.54775425,1.3159863774182992,-1.607403365608248,2.7091317208902317
19.55780125,-0.6911020433071181,-3.1617975411091024,3.553833140119509
19.56784725,-0.5889085466201904,-2.049609498248108,3.574690873171694
19.57789325,-1.4662039947902454,-1.7081769064901573,2.0012658230147538
19.58793925,2.198872572405957,-3.4199323913740005,2.5906713060143076
19.59798525,-2.1461206136030615,-3.1797409858788006,6.467045080050698
19.60803125,-1.0964781799079582,-2.2551388139216524,5.486836289372741
19.61807725,-2.3631286211715175,-3.2121980905842804,4.327500071561375
19.62812325,-5.648556676263953,-3.1866148376449,3.8083319668555817
19.63816925,0.48848308019026176,-2.1820885044263845,5.976886305120944
19.64821525,-6.062050881512209,-2.7736454873539973,5.201741868741393
19.65826125,-3.08829852635418,-0.13907376471764496,5.033565320730598
19.66830825,-4.209403156484286,-1.169805187834807,5.692401245791078
19.67835425,-2.5381112649100688,-2.2269342604678593,2.4990439676622174
19.68840025,-2.8638842451271778,1.677522432733812,4.3674669818562295
19.69844625,0.03145606816178392,-0.35538443911566503,2.7234292336477437
19.70849225,-2.8639023350908293,0.7849117861760252,5.730710502302629
19.71853825,-0.8182549740555914,2.425979431775105,4.575068105870474
19.72858425,-0.743826022953886,0.1843158534679363,2.6863142844655776
19.73863025,-2.0730068603986807,1.1132202762151395,4.981283983311427
19.74867625,-2.393795995453234,-0.4053814458119772,2.4022038040942055
19.75872225,-0.5477536683625078,-1.3781906139314035,3.012971851136487
19.76876925,-4.70766279097695,-1.2670937344430486,3.5449191613950632
19.77881525,-0.8892498148544935,-1.3623648648454034,3.7484108310977855
19.78886125,-4.32295986989106,0.8580247040738822,3.0585530791227904
19.79890725,-2.903042480382089,-0.691665548862255,2.467923679363187
19.80895325,-6.25012763490906,-0.6977422145205123,2.98411903501474
19.81899925,-5.350040186329242,-1.8526112008222047,1.2475863372994718
19.82904525,-4.8644283168872615,-1.5394869775625308,0.3246948304758623
19.83909125,-1.553675053875211,-1.2797996508870002,1.345375690179276
19.84913725,1.6474338877899561,-2.1791460022169526,5.912849433123713
19.85918325,-4.634819314967155,-1.9685591834555625,4.333601141092638
19.86923025,-1.2625990513184346,-1.1115077973301157,3.8511843233420198
19.87927625,-1.8978581752282015,-1.2371054938899717,1.7379414875102965
19.88932225,-1.6176483362264389,-0.6206715765321826,2.2923165230309945
19.89936825,-3.4132847080015174,2.1848892476162534,3.1176993855917288
19.90941425,1.5998671017194026,-2.246247640814619,3.1690266082460274
19.91946025,-4.359901482256258,0.020937077178333683,3.9115110550363914
19.92950625,-3.259402554822322,1.147568290974997,3.1597201969851527
19.93955225,-2.2935303544760277,-1.9292871324267913,0.8201094639650217
19.94959825,-2.7175305410320267,-0.06256981648398591,1.947718432470649
19.95964425,-2.615850818134417,-1.552042896786777,-0.20985691442837068
19.96969125,-4.761476318466772,-3.612669085616596,-1.0311918473455135
19.97973725,-5.079346452423152,-0.917892682735015,-1.0946461423540261
19.98978325,-4.291267994704903,-0.2284480497912869,-0.935473116755482
19.99982925,-2.8331219169725355,-2.486695841862482,-1.906025411618003
20.00987525,-3.052270818701159,-1.5673094548715074,-0.7604882146359914
20.01992125,-1.9443077882882678,-0.18788895071897846,-1.0109295539126426
20.02996725,0.15222777185608602,-1.9125457305044458,0.18498324581872147
20.04001325,-6.003406548830696,-3.848726042826656,-3.322278474795317
20.05005925,-2.7629409068104467,-4.052382016461982,-2.024848990510652
20.06010525,-0.9514606297774217,-1.5349947844873155,1.6522769146928453
20.07015225,-1.2400011147776375,-2.5531540081027546,2.601218224361426
20.08019825,-5.3929625505955,-3.4961251241526603,-0.6285226480689681
20.09024425,-0.12491012732555618,-3.499507606234089,-0.8671898584748791
20.10029025,0.028443228913101096,-3.097452044652078,-1.0382907448280803
20.11033625,-4.9164772225672735,-2.4348073039232054,-2.6313503244974257
20.12038225,1.8706541733635362,-4.237212713380347,0.1831737667066638
20.13042825,0.014754841225797672,-2.168177644316687,1.3507265567392897
20.14047425,0.4123195834615565,-1.818203314465957,-1.4331652439323526
20.15052025,1.4909089664980855,-3.2398844848928117,-2.412029994180045
20.16056625,1.5307402773499275,-2.499039906476638,-1.9216987629999376
20.17061225,-1.7137552023728382,1.6311736024095227,-2.4486108610867947
20.18065925,2.435263528753719,-1.5007497774139011,-3.0611665720666745
20.19070525,1.5091617431120108,-1.8923783716942768,-2.426903725238455
20.20075125,-3.9784666351368294,3.803840266335356,-5.520832312481562
20.21079725,2.287052819482141,-1.1543826505639543,-4.299674703648317
20.22084325,1.9220152499638998,-4.133612974178357,-5.677567880496349
20.23088925,0.42946230208499137,1.0094193251624852,-4.338247532820694
20.24093525,2.0082004658938937,-3.767141229099697,-4.581274471565347
20.25098125,1.2469107809617803,-6.654328985122924,-5.051722629340547
20.26102725,-2.249186680584413,-1.1728747181649666,-3.721184154864141
20.27107325,-0.08060831393767413,-4.012449896010423,-4.44226394040482
20.28112025,-0.7341423825587402,-7.248939976472528,-7.248650942207598
20.29116625,-1.4745589702793265,-4.1272932899472075,-6.695808534405738
20.30121225,-1.8788092371164762,-3.6040456456847654,-6.906256804343277
20.31125825,-0.5211713342335869,-6.401574227688754,-7.537597308135174
20.32130425,0.963255109944919,-5.525471237965866,-6.433365808717706
20.33135025,0.4979523428659985,-4.321047924723602,-6.520355149106269
20.34139625,1.9593840201714565,-5.828097303809209,-4.839725733769386
20.35144225,3.3463508783461267,-4.996899074314778,-4.303250132725413
20.36148825,0.807496405492989,-4.2170126313588225,-4.676386756445585
20.37153425,-0.3238481960056047,-7.752724836454177,-7.352491716725019
20.38158025,2.139262150292469,-8.928114671029544,-6.512454411805892
20.39162725,0.5808437897445535,-9.0568500233456,-6.14982199058786
20.40167325,-1.4579018368836607,-8.47488190941049,-8.109331679887527
20.41171925,0.04883979130092503,-8.988532095293408,-7.501562390751822
20.42176525,2.8519012377405812,-10.751628610606485,-6.791440112312229
20.43181125,0.8785536608920782,-7.728437236680859,-7.59009714783272
20.44185725,4.231629747073435,-10.31678425513367,-5.266868631807784
20.45190325,4.88710246289113,-10.491745784754194,-3.7097714168330995
20.46194925,0.5977669733129233,-8.819964541570336,-7.220357924572254
20.47199525,4.244277816957709,-10.30915289906914,-5.665812630860693
20.48204133,5.3705314882753825,-13.205495788105399,-6.131788577788583
20.49208733,3.366392438050969,-11.538402922706197,-8.91364279863181
20.50213433,5.0258713829450725,-8.857607973289879,-6.71900959247547
20.51218033,6.195943319405268,-11.788654733105409,-6.817603336015907
20.52222633,5.848678086940561,-8.978941567059588,-5.948758661764735
20.53227233,7.745320580319105,-7.8778257933210165,-4.707543097204689
20.54231833,7.674265966990825,-12.239530621061688,-3.9732324288604812
20.55236433,6.333846550987846,-11.896790217031008,-5.106368814200193
20.56241033,7.246157287889717,-13.440350897376979,-4.928341160251248
20.57245633,8.221359787080537,-11.705181549769618,-4.031546664149638
20.58250233,6.681541889015326,-12.860058159522069,-5.935727783311331
20.59254833,7.4311990222599285,-11.201224512436344,-4.474112881549049
20.60259433,7.405295460074356,-15.403384940554545,-5.94815531991989
20.61264133,9.411627817635196,-13.779256672947591,-4.271987317266247
20.62268733,8.718880207309489,-17.737684148833033,-4.967864636296616
20.63273333,6.110341206410884,-19.867463636647095,-7.6131455950826705
20.64277933,6.401117698539484,-17.916675003881487,-7.26675020234924
20.65282533,4.662992376041846,-18.230357309481196,-6.753527993032761
20.66287133,5.612369933273418,-24.89036104194944,-9.309866808357443
20.67291733,6.908487576276718,-20.669181266584683,-6.789183705084588
20.68296333,9.286918220894428,-22.154627218612163,-4.308407194370601
20.69300933,7.422581532809472,-22.455187433463415,-5.541876537323394
20.70305533,10.674856220823813,-18.791682230386026,-0.5525516135260516
20.71310133,8.485091441437136,-23.309141284475245,-0.35315232229419885
20.72314733,9.141569130302715,-21.249728524640652,-1.047680535163218
20.73319433,8.09720237021058,-22.682972390639492,2.3997205220003672
20.74324033,10.209546054366655,-24.481926170290745,4.241261907513147
20.75328633,8.54888170981866,-20.024813217237735,3.0037082373962054
20.76333233,6.612585263179313,-21.637722193812195,3.0517951937901784
20.77337833,9.065463106503353,-24.19774590677847,3.0208635320690664
20.78342433,10.736502670706084,-23.092012421625835,4.080567200747374
20.79347033,11.90448947808005,-19.69841727434638,4.027929567210733
20.80351633,9.474757137435574,-24.940953781817377,5.503687896777319
20.81356233,12.51747265277088,-22.37195578237591,5.2115012405588566
20.82360833,13.88211625820134,-17.365476980464855,5.137697068691985
20.83365433,14.058512470119343,-20.876625368627067,6.166770769250452
20.84370133,13.419945760582117,-24.62184109452781,6.4045672639415265
20.85374733,16.180922406853213,-22.898356598235125,6.756056364533432
20.86379333,17.715230508448766,-18.223184592858445,2.0478372614146236
20.87383933,20.863332606159638,-23.797556639337188,6.55571141603029
20.88388533,19.32600431105558,-27.784281055455722,10.969262169811012
20.89393133,13.820945781333938,-19.909337507150994,8.358425054085515
20.90397733,12.389058467612847,-24.953638737996062,14.179077874365987
20.91402333,10.400172682362388,-30.975915480705808,12.746119153577437
20.92406933,14.595477587274518,-25.299149930902566,10.628511999524934
20.93411533,15.200841407976979,-24.578143194679622,11.070651729208112
20.94416133,18.466341798796382,-24.80719971415344,13.356139118129468
20.95420733,15.560774698224693,-25.410175612888093,14.738999997426603
20.96425333,15.305362094250372,-21.672157360264936,19.013189060216778
20.97430033,11.833465146259178,-23.179824513173195,16.831510997399636
20.98434633,14.559361025479403,-24.573187361071046,18.25850343302483
20.99439233,16.448738581523916,-25.070593701374513,18.275441537004333
21.00443833,18.289324198663667,-25.523564002537977,16.116919958732524
21.01448433,20.921107413877863,-24.476533833473866,20.416281394670936
21.02453033,18.043364380662126,-24.232900620054238,24.049926437702666
21.03457633,16.408285899601122,-23.599129305974863,22.08253856641764
21.04462233,13.676634256282323,-24.61278808789567,23.169219205579424
21.05466833,17.356071381611144,-23.927107437604153,21.03040899074042
21.06471433,18.831563103447905,-24.577875517414068,23.67125372798948
21.07476033,18.029184713153683,-26.35134553727705,24.444446322440935
21.08480633,17.65044729123651,-23.297559675371037,25.803351503497336
21.09485233,15.14864883224346,-23.621070021080712,27.78781100381217
21.10489933,14.812930388488327,-24.265607812828883,27.707900445437172
21.11494533,13.468513155960352,-26.648109136844905,28.18516190408476
21.12499133,13.91013695466697,-24.965850321336085,31.207771156032074
21.13503733,12.693418543851948,-26.15943867323786,33.51646494664409
21.14508333,13.191313322859264,-22.082966170961324,30.690967118553637
21.15512933,11.599970686213052,-20.506161760646865,28.66900055114593
21.16517533,13.766613585894897,-20.41414827978442,33.54494435393737
21.17522133,12.632595552821218,-24.43293975162237,31.088325258243668
21.18526733,13.857878848615417,-23.04250520812495,36.858572838611465
21.19531333,12.90697184369276,-20.75599772215254,40.010072085321866
21.20535933,9.084263122976777,-24.1373127549117,39.105031065211456
21.21540533,9.157340796251487,-22.792601674546948,38.381446443070885
21.22545133,9.973136714309383,-17.417980367801867,37.99511152734716
21.23549733,6.985366736862155,-20.438984574629547,34.06052396201714
21.24554433,6.08340595899012,-21.447669341813157,39.51657315988641
21.25559033,7.6522759522633415,-11.297271889955658,39.25962546506625
21.26563633,6.213835266005,-14.91006422478425,36.13164058061375
21.27568233,5.655378782978815,-14.483272027502641,37.75653995269935
21.28572833,10.220313655465697,-11.029443807194735,35.6980954703187
21.29577433,10.266270140510969,-11.831104638657134,41.920048600368844
21.30582033,10.87788919378125,-5.83770802931442,40.600041686680164
21.31586633,12.236582066478315,-4.523215282687113,37.48740038684371
21.32591233,8.463268965250663,-4.315766321743966,40.07291825392039
21.33595833,6.745415205168393,-11.7021037909334,36.67901010997617
21.34600433,5.785922595915805,-12.915947686472492,38.45694569030935
21.35605033,5.57512219081698,-7.248162628821805,44.73354724387106
21.36609733,3.2466294723784177,-9.690965904700244,42.507914478171166
21.37614333,1.8873542584718896,-11.579806293907833,40.46069120670004
21.38618933,4.27791183097914,-10.3966369270811,39.162226292615
21.39623533,2.888016450194983,-15.121058711118346,40.72247304789078
21.40628133,0.8800314093241276,-12.197576172836866,42.183351768117916
21.41632733,-3.4259151390765306,-8.202120612125238,41.9583187451773
21.42637333,-4.409740664707406,-10.399959967886586,40.82850743598758
21.43641933,-4.7235269174128325,-9.238146585827659,41.03881734440056
21.44646533,-2.3191099598886407,-8.106711371737893,39.947595651850406
21.45651133,-5.098128406434477,-3.604595687055064,42.64179291104994
21.46655733,-7.154254867326635,-2.686456185767912,41.0152078861712
21.47660333,-6.20572425183343,-0.9160176895642029,39.910347023305725
21.48664946,-8.186158971151102,2.058199335564167,41.04842524189855
21.49669646,-5.594256459227333,-1.477248471869763,39.11139532948925
21.50674246,-6.152821443402383,-3.2973267085118914,40.01718728468921
21.51678846,-6.97239344207041,1.0536509494479864,39.65207519008239
21.52683446,-11.41524968742211,-1.0391096341116157,41.23103870064961
21.53688046,-13.857811354873663,0.31342821257883574,42.37122762964534
21.54692646,-8.728089040233305,-1.5873078252377089,37.25118395753838
21.55697246,-11.669647461159336,-1.9448647728121493,39.26157020721379
21.56701846,-12.337022358814867,-0.005210626865968836,40.552211492748484
21.57706446,-13.451475540640686,1.2646480924830659,40.61623982073537
21.58711046,-12.399057930867276,7.009511454714627,36.924816240232005
21.59715646,-12.843333741391524,2.7851707999794235,34.72918438920984
21.60720246,-15.38803277519419,3.1212634406587583,37.42920017824677
21.61724846,-16.41910459559727,1.1747230639745303,37.05889054804319
21.62729546,-13.720334483878053,1.0459112029145494,35.37720037916277
21.63734146,-20.74442181923267,2.0788996137516,37.337448127718325
21.64738746,-20.960127577799454,3.296180159979064,38.22013012143408
21.65743346,-16.365718062409083,-3.0759161860767668,34.34601247488272
21.66747946,-17.16446126870439,0.4875081465817935,33.260983124267845
21.67752546,-25.99736519078268,3.8481618070600634,37.52087855120537
21.68757146,-26.79864752246939,7.584208829149531,37.020135006024844
21.69761746,-17.19729491776879,7.943442013299498,29.248980156029308
21.70766346,-20.1520255016118,11.182509029659089,27.762966270177582
21.71770946,-22.10149122151124,8.74959285449353,28.32490310081446
21.72775546,-14.664684877561914,5.745809519082143,24.161470714151402
21.73780146,-11.920505501797189,11.19664671941626,23.664712170447004
21.74784746,-20.96127014470137,12.149590782565184,28.533447295950932
21.75789446,-18.518214467660076,11.13065055443877,28.257273406906933
21.76794046,-13.572070847474386,10.21115401051024,24.157629238189237
21.77798646,-14.99032831867407,4.211346296529919,25.31191547159013
21.78803246,-12.792734448763408,8.877820145507988,27.249824955484453
21.79807846,-11.217456491070829,9.397285467998248,25.212698465724657
21.80812446,-14.817646038300902,9.28303443731592,23.251200064710016
21.81817046,-18.070546974845062,11.115101863744128,23.33731911430109
21.82821646,-15.936282911859259,10.005568664887248,20.7859852114834
21.83826246,-19.148298126892954,3.013700096027577,23.685271992382916
21.84830846,-18.444927235774784,9.18772852588677,23.953573859814618
21.85835446,-25.330851200953038,8.842993812347487,23.345581359321912
21.86840046,-27.054818433532144,8.227310030204965,20.94386193691404
21.87844646,-25.99683856345691,10.846614964105026,16.864826923787067
21.88849346,-24.140303081052558,10.449921310360425,14.509731081672612
21.89853946,-25.758423969069757,8.16298657082908,17.242352709804916
21.90858546,-22.409783019183624,8.49095438667558,18.345018517455262
21.91863146,-20.54059370992409,12.030218105579513,15.734060887742894
21.92867746,-15.896235907917788,13.872731383210864,13.758220044863746
21.93872346,-12.513931443001647,10.189724241445388,9.715241239051316
21.94876946,-11.432463407759881,5.080559840934859,10.70949445309884
21.95881546,-15.371921359030274,8.501694647872156,14.557209809724926
21.96886146,-13.033383675039328,9.327589086768697,15.703247843254337
21.97890746,-14.711287385734297,6.98345417575372,16.29865283626515
21.98895346,-21.085576709185766,10.08530283495894,16.05865698349428
21.99899946,-20.270548686872786,9.19747929267473,13.517180721939782
22.00904546,-15.417958742448311,7.867847347926829,12.593690581107865
22.01909246,-15.50612665315159,8.757023356240763,13.456642328480008
22.02913846,-13.864901352135822,10.041775367830196,12.778654413429694
22.03918446,-11.800609693020853,9.32629903198235,9.362632134634657
22.04923046,-12.556012174170503,11.070933518617661,6.584796250371324
22.05927646,-17.398335605222652,10.258524160931799,6.471310376873574
22.06932246,-17.453194868073165,8.18161595334997,8.282261217686331
22.07936846,-14.860992438884107,10.364512032938979,7.831137792191918
22.08941446,-15.29907714641866,6.624843268171998,6.683585955015482
22.09946046,-16.67704909692348,7.335834924499888,5.337857912995523
22.10950646,-16.618734484368154,6.478159239884014,6.13919306644843
22.11955246,-13.462213012673372,8.8938621771397,2.8038341534292233
22.12959846,-14.65573830503811,7.7213468206786855,4.603044509990885
22.13964446,-16.087690321480412,5.703554621709097,6.682134880631777
22.14969146,-17.02543669300601,8.965984591771837,5.871699825345252
22.15973746,-12.073120135493115,5.486184513219076,5.581806781387503
22.16978346,-13.126612688185476,7.028176050936118,4.358932632004886
22.17982946,-17.45210620430329,9.013456521881768,4.842736819370657
22.18987546,-14.555612385935703,11.410869634637793,5.8042679454809765
22.19992146,-12.521105843528842,9.026240347468061,4.9436868863101155
22.20996746,-12.29997103652775,6.774358226136167,6.246326882981534
22.22001346,-12.779010780327567,9.536487361776047,5.513066068033084
22.23005946,-9.871146948038529,8.51752043407193,4.191158814917599
22.24010546,-11.174007046615923,7.988388190394304,3.002125017838154
22.25015146,-12.079957881607072,6.155750666833834,2.537878019096861
22.26019746,-12.860656248438517,8.458739407474239,2.84495040641513
22.27024346,-8.721927817885813,6.751826261514344,2.733032093234276
22.28028946,-9.507414042194108,5.985748365626101,2.538529100488697
22.29033546,-7.249282393269544,3.7950970956990067,2.3553943543426223
22.30038246,-7.821094609057563,2.7749257751255474,2.2530952723523625
22.31042846,-8.966192044005851,4.5910159707181695,2.2946253063665334
22.32047446,-8.017943438933175,5.091152842533341,2.7129260945092613
22.33052046,-8.87800454758099,8.338628569737647,1.5898366957502155
22.34056646,-11.627348837205083,8.415358656818642,2.1991205031674275
22.35061246,-7.251480352963377,6.786507732543624,2.6470719369436457
22.36065846,-5.556063693752113,4.379009019424134,3.1889116881711614
22.37070446,-6.216489370613135,4.861168309397693,2.4823201990067565
22.38075046,-6.3472940526874,7.25562932752008,1.5529001420746245
22.39079646,-5.957997974869265,3.8915526638271998,2.1211633430684276
22.40084246,-7.746657420322189,2.4861725108858486,-0.11067577996590647
22.41088846,-10.884637440246394,5.9261859839973,-1.3910114514189085
22.42093446,-8.68979970133032,6.051370147264597,-1.6957453317500435
22.43098046,-6.244313735378402,3.6562261895131005,-1.2720432805461694
22.44102746,-12.316431170111533,4.908984593648479,-0.1847239012659337
22.45107346,-12.62432280152623,5.025817910644763,2.471137102594648
22.46111946,-8.528587607849936,4.698860914738833,2.117072763476536
22.47116546,-8.46283101531432,7.912638188007585,1.539275498073618
22.48121146,-10.843353244585833,4.731178237457379,-0.15914804717197478
22.49125737,-5.037121453038334,3.334681405873518,-0.5112218861071152
22.50130338,-3.3909438070913516,4.6405557870878,-2.7672073543119082
22.51134938,-5.9956269870337,1.2453712645466204,-1.0599022769822652
22.52139538,-2.6628816342585515,4.542346478596493,0.22732362665668193
22.53144138,-2.294574088577096,4.546140905399513,0.5164557441874065
22.54148738,-7.352812755252466,2.215886937662704,0.8846933731788158
22.55153338,-5.8354818050482296,6.228132803800154,1.4346083319929348
22.56157938,-3.1100839221445873,3.9888582042884457,1.0291508963414664
22.57162538,-3.2823504692725525,-0.472523093585994,0.7974086846819288
22.58167138,-4.288790806760972,3.8086405062957525,-0.050402290570670034
22.59171837,-5.963250028426812,4.798868212037309,-0.7248972955900519
22.60176437,-4.7527548656097895,4.074178088549884,-0.24955739735151208
22.61181038,-5.047475123696431,5.87842116103335,-0.6176577075877562
22.62185638,-5.894112028133316,5.836301035329923,-0.0703732052003397
22.63190238,-4.7859894127334535,4.037144197945806,0.23240656751442199
22.64194838,-3.843996579562942,5.975763637317666,-0.36693088178484956
22.65199438,-5.68940280859806,4.882749053186793,-1.0573369943321638
22.66204038,-4.6375644425671485,4.349409820373747,-0.26483170592421296
22.67208638,-6.517264057592079,6.126600381987173,-0.5805413696819868
22.68213238,-5.6122540147382844,6.147410284220275,0.7884512594386102
22.69217838,-5.069961394816484,2.9505234845085977,0.05498170314539191
22.70222437,-5.150833841662192,3.0349283437587755,-1.1758514881129907
22.71227037,-4.035291613930374,5.352249160628135,-0.901507036715493
22.72231638,-4.272847611383417,4.850548681588277,-1.419694390123144
22.73236238,-4.643980552916441,3.9420311232844214,-0.6810525669297955
22.74240938,-3.707837661198746,4.507587482020456,-0.40734455984867773
22.75245538,-4.347960078249373,4.194455358430613,0.3332689065218756
22.76250138,-2.851325874994809,3.593475718189691,0.4989541417873453
22.77254738,-3.8186382618265067,5.070195123579765,1.1344557876770809
22.78259338,-3.295984462801104,4.593259961040839,1.2707165660269193
22.79263938,-2.205845576893518,4.293432538643678,0.4924837686439909
22.80268538,-2.707162083383246,4.724874769039796,0.24363560607864246
22.81273137,-4.172365941305593,4.397270568862862,0.013546716501977802
22.82277737,-2.9804765173791568,4.052703681793673,1.1435385911657119
22.83282338,-1.5946589129930182,3.5573524621965147,0.668317274504658
22.84286938,-3.10116578383872,3.453339722198012,0.10998700178603886
22.85291538,-3.7771801964150558,4.05580106104671,0.6476146629384522
22.86296138,-2.773523486672027,5.461647598380828,1.0342324042357545
22.87300738,-5.301952569384576,4.7085156062949425,0.16120170552092142
22.88305338,-3.5374559678548594,4.318662896307985,1.1474681798768998
22.89309938,-3.087885534214326,6.435943366343935,0.735361716567166
22.90314638,-4.661932497507517,5.2473453571755355,0.20872475008366623
22.91319237,-3.512481924068737,4.7759971235490575,0.6190188326591721
22.92323837,-3.307335098722064,7.134397986847742,1.1068806373244313
22.93328438,-4.30570838663082,3.3395496749455456,0.27012518667171437
22.94333038,-3.4409449797647755,4.829674338020104,0.34182005044204594
22.95337638,-2.695219747051535,5.895343852926141,0.9025466137128239
22.96342238,-3.8985665692556815,6.055653877252341,-0.21895892197042116
22.97346838,-3.450813884270817,5.71420463614783,0.6811014510621269
22.98351438,-1.5796029310090034,5.78606744505219,0.7487732769146326
22.99356038,-3.0057783327996614,6.2191127359528195,-0.31319393250217625
23.00360638,-3.819702773029062,6.111732629182516,-0.1431453379781972
23.01365238,-2.8875301129520756,4.951365282400261,0.5386404460650421
23.02369838,-1.6460396262844288,2.6939254000306123,0.10116346682196503
23.03374437,-3.0810942438012856,4.790585145954811,-0.04935849446993563
23.04379037,-4.393959196110608,6.837479238653342,0.389789271995898
23.05383638,-2.9551503936647117,4.029091622632709,0.7028221031069587
23.06388338,-2.4678720105685428,5.6837885940617365,1.2609214235086101
23.07392938,-4.459165687805563,5.53328384571419,-0.03746898450435343
23.08397538,-4.316867609044012,6.458398166378696,1.2631152928849698
23.09402138,-0.5883201586201223,5.402151468728188,1.4652015028403544
23.10406738,-2.799575796440903,7.63253955395084,1.540781281681961
23.11411338,-3.3287946916975617,6.533041520391055,0.9165215527359903
23.12415938,-2.199816381182009,6.474058978667162,1.7159939705357132
23.13420537,-0.6122340117326887,3.8604166391270867,0.9579525511691771
23.14425137,-2.9506695286508116,4.689944702515378,0.1986005578092248
23.15429738,-2.9572699517295704,5.8032193687218445,2.998520484940005
23.16434338,1.5748345512100232,3.0371249598676022,2.2210470355898373
23.17438938,-0.6131738207913113,4.1502531949064645,1.1616892416274482
23.18443538,-1.0978252301036007,7.8327054925049575,1.4214445295789728
23.19448138,-3.937202803942132,4.840638939310326,0.7212543072593579
23.20452738,-0.8609959836454427,0.3076099865789595,1.2516908317490532
23.21457338,-1.9635009437894337,8.666471301846567,2.8499088893935074
23.22461938,-5.215734010382034,6.390919743027635,-0.18995296399677242
23.23466638,-2.233192783192721,2.016303583596771,0.8461321659375429
23.24471237,-0.8404359000928228,8.627642277634667,0.8185368943028851
23.25475837,-5.339775434057473,5.7181352554290035,0.2400341702159457
23.26480438,-4.2228776966084,2.9617754995894527,1.326262019257498
23.27485038,-0.3920206437891906,3.5466232105765494,2.4564259798145276
23.28489638,-2.3677453357098206,5.006180522082679,1.8693780390211103
23.29494238,-4.54544796811818,7.16531986729066,0.04070450632863055
23.30498838,-3.361564463550593,5.093412501109341,1.2039780889283838
23.31503438,-1.197057711827938,3.4691481422204022,1.155389575526281
23.32508038,-2.0437204265438766,7.62816921807568,0.9145463060930922
23.33512638,-1.8949688747964435,5.630703304066632,0.4957637697760281
23.34517238,-0.7809704198271097,3.087623469760636,-0.8256579275245444
23.35521837,-0.6303578259924524,7.417916094315115,-0.8817760492273469
23.36526437,-2.5868857174242583,7.446076529536432,-0.05677617521454651
23.37531038,-2.414744130352235,5.5634671318344635,0.7273636729381584
23.38535638,-1.58939715041286,6.728641200965484,1.5694066253686145
23.39540238,-3.334668831335332,5.408310004051623,0.5731725404400793
23.40544938,-2.736039957406479,4.623616921442849,0.7549166423765826
23.41549538,-1.1570022290438706,6.30784632641242,1.7423292634999035
23.42554138,-1.5068987560583242,3.686369470296858,0.3489960250956685
23.43558738,-1.9135268379567567,4.5703535955073376,-0.6221878702581188
23.44563338,-0.8340382332765032,5.34158273219385,-0.009039731885656323
23.45567937,-1.1024870002205185,4.9515202391136155,-0.6451570159945804
23.46572537,-0.6292413910957614,6.198222950198474,0.09830911820273483
23.47577138,-0.7044257290396423,7.262381216882911,0.8054031606641143
23.48581713,-1.0458689125296372,6.39884542518457,0.5911509975609471
23.49586313,-0.7431971003735677,5.112238633468898,0.48519616644648067
23.50590913,-0.9533331743009186,6.059985190710454,0.2945340235544551
23.51595512,-1.5466831398437,6.876373606366815,0.45563400035762136
23.52600112,-1.4593487889561634,5.060411541175515,0.3328077234261945
23.53604713,-1.8569513779948528,5.840927657221892,-0.05787934266239872
23.54609313,-1.250623694730698,6.236179316448942,0.28077660599041454
23.55613913,-0.9017552490802231,5.793784874980911,-0.21586724493002732
23.56618613,-0.6655866065436752,5.385474070763774,-0.617007174806156
23.57623213,-1.0630371560078546,7.093889073421609,-0.4724893819934991
23.58627813,-0.6256139930216508,6.071554589557937,-0.03334234397858426
23.59632413,-0.7870077505471664,5.48323402695872,-0.774977973228153
23.60637013,-1.0090148446143508,6.221155582296118,-0.8698470098315935
23.61641613,-0.9727105590017822,5.569976605457054,-0.48302142760471867
23.62646212,-0.1742600029136469,5.927213017152456,0.15825834312021164
23.63650812,-0.9776829826082601,6.717002544441663,-0.7097207645048539
23.64655413,-0.6880640870582947,5.367665070312663,-0.310192690313026
23.65660013,-0.2531313950157359,5.462309716485919,-1.0329610105147826
23.66664613,-0.5258423898981605,8.079149900600687,-0.4579084408513754
23.67669213,-0.5494141319767208,7.312653369817778,-0.8993351210750093
23.68673813,-0.04349321694445383,5.618289972539025,-1.2228001652519973
23.69678413,1.0396066395637567,5.438749051052907,-0.7005393261506854
23.70683013,-0.2493321863873061,8.119764407222009,-1.7363643816360272
23.71687713,-0.2032955601548989,7.4634384547287995,-1.3893557469276367
23.72692312,0.4182817173028002,7.101275536282831,-0.9738384305362418
23.73696912,0.3376383287385695,7.590306038107399,-0.688325940526574
23.74701513,0.41916862715628017,5.933442765026502,-0.9339331891788363
23.75706113,0.16596113791356468,6.016203497892622,-1.4412696713362916
23.76710713,0.5692493322218631,7.865806614332991,-0.5844058348502184
23.77715313,0.6597052513232436,7.021509690562273,-0.5032155996471542
23.78719913,0.9128749343052368,4.132239926026727,-1.2580003793778338
23.79724513,1.5855360097811213,6.382758169968197,-1.252028705720612
23.80729113,0.0806619228058885,7.120100482276524,-1.7603163776766628
23.81733713,0.9560801275330383,5.9533336494456846,-0.8216641957684766
23.82738313,1.421243693767297,5.467507412421,-1.041898165416588
23.83742912,0.03595502355582228,5.768130239001441,-2.3598141697917523
23.84747512,1.0031789714605217,7.6562088098998204,-0.24659097448002737
23.85752112,1.7858646402589171,6.373112530701691,0.2609077087926678
23.86756713,0.692181734645505,5.6705755791923576,-1.7625030886459736
23.87761413,1.9791057867045714,5.378511929813598,0.13801308013784527
23.88766013,1.8087138957495983,5.648037724381949,-0.4785615773260925
23.89770613,0.5697280742941513,4.822466823847036,-1.6413166024588772
23.90775213,2.4574798946072742,4.753204005661081,1.7606205938699264
23.91779813,1.7253416232216998,3.1490422037375123,-0.7166705304218586
23.92784413,1.0314939717886409,2.570438122685465,-2.5315599278868777
23.93789013,2.189490412542483,5.748700007641359,0.4991482301005986
23.94793612,2.5206400967179103,4.125776522056072,1.1740043408353376
23.95798212,2.549374185455524,2.138686302333514,0.2746864499388844
23.96802813,2.648532556518866,3.7731311852650147,-1.9045768448956162
23.97807413,1.0689075512220318,7.173472636751124,-2.297772129740658
23.98812013,2.4270199730928925,7.535624176022592,1.2490903282367483
23.99816613,1.2605551598741513,7.380321019233706,-0.6550018789716339
24.00821213,0.9791780873295517,8.607433186278469,1.5176902484076331
24.01825813,0.7971840765730631,10.639911417563024,0.41798499585670496
24.02830513,2.1610023915513503,6.0215491090078945,1.2190646348448781
24.03835113,2.3785286000030035,4.989587585016501,0.2034994582431721
24.04839713,2.237818455564515,5.773777473589256,1.1069437592689102
24.05844312,0.9481078336252045,7.83171645311289,2.1119087108166914
24.06848912,1.2658052547421075,4.671476376373134,1.601357479858472
24.07853513,1.435062415887166,1.5072380115508204,-2.0390825788977693
24.08858113,3.359657994309549,4.66694477479225,1.4240329632047153
24.09862713,2.6140276392964887,6.013235737977887,3.5421006155443973
24.10867313,5.342718660812592,4.386663926525491,4.163294158144601
24.11871913,1.2204983232555755,11.38978954798239,4.44768922034311
24.12876513,-0.8572127595354715,11.35225593269111,7.527403757731738
24.13881113,-0.3264956745849505,5.718368418395855,7.0030495015279595
24.14885713,2.902999847467879,4.050273230441962,7.900838281605819
24.15890313,-0.9609865929856285,15.105979991907907,9.424596861800694
24.16894912,-0.483183679539873,9.550089088907875,7.216562405086977
24.17899512,0.4237344643834659,7.2036114622761875,10.401893533387709
24.18904213,0.27442916468936074,9.008639177348561,8.23956283363068
24.19908813,-1.3917639929183387,11.407338123694643,7.226556715349534
24.20913413,0.32163865687157556,8.435991449013779,9.421804344551099
24.21918013,-0.8603834559014245,7.721929662944801,9.427556381087044
24.22922613,-2.3991818098654027,7.075806513052977,8.379544829268442
24.23927213,-3.402213969245923,7.158387469190151,11.114502053212393
24.24931813,-2.010965304503475,7.639870022215787,13.131652528870498
24.25936413,-4.901058935238412,11.303106239749305,10.533116954672153
24.26941012,-2.6518262072812773,5.172560633748586,10.557320678149226
24.27945612,-3.3213783696464665,12.189040113975091,15.16769712959471
24.28950213,-7.250674676406539,14.312892575386984,16.942039774815626
24.29954813,-10.850449560608949,8.623789726395344,16.833102620860874
24.30959413,-10.504763122875326,6.9993326754002725,17.775056635508115
24.31964013,-7.371735347189825,10.550634494874123,15.427183232825936
24.32968613,-6.228946790869325,13.838448449271423,15.505936015196681
24.33973213,-4.737706894815141,6.37040396608771,13.727621231797238
24.34977813,-7.0292882577336195,7.680399381513804,14.646295245577775
24.35982413,-9.780353533841922,10.0095664256751,19.14053959759555
24.36987113,-9.75438835318357,5.471387760884282,19.289733176328575
24.37991712,-7.261596461709594,7.565493522919971,16.409797105737898
24.38996312,-7.562871388759483,8.117892952149552,18.579411282563804
24.40000913,-8.069766240017177,10.034211554059977,21.621223112772523
24.41005513,-7.342591237543388,8.451854700468617,23.19284873270435
24.42010113,-7.421715311548905,9.022540453727132,22.257325920528277
24.43014713,-8.802516656496376,11.977295071951081,27.361691939069505
24.44019313,-9.74693749567286,14.159030353544646,24.95911361597565
24.45023913,-10.195712847819557,12.359522833307215,19.848882176259817
24.46028513,-9.190885919743648,11.588228474430176,24.634959481249147
24.47033113,-7.482959034233161,10.248480965111378,25.098932191805332
24.48037713,-8.411381842719901,10.278185556045418,25.836775272090982
24.49042333,-10.028239734194528,10.505832492577618,24.74743436122986
24.50046933,-9.626539055037224,7.102856268388003,24.414161660109535
24.51051533,-9.770581791849601,9.619958041319954,26.352988045756078
24.52056133,-10.786623481496777,9.427226217574319,25.577242889769067
24.53060733,-8.831181806244992,8.424815286223463,30.927171639218372
24.54065333,-5.31903917017063,10.560511811095035,32.0810380589213
24.55069933,-5.313785760212237,14.479420907641465,30.62016983340672
24.56074633,-5.9759803894223875,18.61668226212043,35.856911649591964
24.57079233,-4.9635347712734905,15.627238255418664,36.613809298670496
24.58083833,-4.222238850843871,19.58817757945595,29.304240426280874
24.59088433,-7.612565052118999,14.848910951830801,31.435132205026488
24.60093033,-7.912544492731781,15.514907993085583,32.139050884402764
24.61097633,-6.962761787188847,10.388775883681989,34.35396261408462
24.62102233,-5.801975346896124,10.75002167228701,32.37562317400139
24.63106833,-6.772405466535797,6.415441130325863,34.97647411180203
24.64111433,-1.3762189367070974,13.86678667339555,36.701850903521965
24.65116033,-3.3001395763122656,11.81803246960714,35.40036681665388
24.66120633,-2.786406688737962,5.60228633783167,35.86092076590397
24.67125233,0.2624630112079229,8.21859355994178,37.515304546435694
24.68129833,0.9088372544478545,9.241156773799448,33.18297939754298
24.69134433,1.3432435494775519,6.4786177713904545,37.85223719386485
24.70139033,-0.31471770979680597,7.752645152700045,34.3711532933993
24.71143633,-0.07056934119331625,7.419434962338509,36.14697036846012
24.72148233,-0.19460384230078515,5.877784127731221,36.96847092339514
24.73152833,1.7458615685413639,7.374564781444467,38.431237225846175
24.74157433,0.445949006976537,7.327905195876338,35.86044716012313
24.75162033,-0.023954296725926215,3.392360552199784,34.56124232888218
24.76166733,3.831355020239869,9.209464821243014,38.125547202399694
24.77171333,3.2227398088933166,7.53328369866247,36.88397347811262
24.78175933,2.747885255936615,7.392245804566632,33.74907253496959
24.79180533,5.169507742309919,7.43521408244485,37.77322833881935
24.80185133,5.643709400154068,10.004163327222491,38.537698172000276
24.81189733,6.614379923003024,7.103293116484686,37.26308593682912
24.82194333,9.190332832989949,8.61318896722756,35.327336223965325
24.83198933,10.406709234582705,7.801918745089192,37.85121892478486
24.84203533,10.713843821809176,8.28564198517018,40.290042919705066
24.85208133,9.450180844042523,5.259519295512252,37.52564519383959
24.86212733,10.4740165418612,3.7693418844271633,33.7553824077755
24.87217333,14.126541878426474,4.328332856009884,36.280004396765975
24.88221933,12.806460621460928,6.436821064674795,34.95853237000615
24.89226533,9.887527532513563,1.8285732311873386,33.88271957435523
24.90231133,11.145010579228678,3.4962304033786227,33.33445720837921
24.91235733,13.748250880242168,3.1532351860106225,33.415824006288325
24.92240333,11.882984285530688,4.172891482268651,30.90238025642323
24.93244933,9.718385948296122,0.6023178986975755,32.222944974670575
24.94249533,14.644097967662127,4.862705846621141,33.472916763567994
24.95254133,12.473956693637197,8.045775202825995,32.10575971179929
24.96258833,13.686815972519824,1.224511578120087,33.27597085092234
24.97263433,16.477735821913917,2.982971078924211,31.626834337380572
24.98268033,14.016039158401819,4.684330063305639,30.09019557045125
24.99272633,17.809722939630383,2.428670284794107,31.443115844332517
25.00277233,14.807285592655878,1.845165105699222,25.362483453866524
25.01281833,15.620066012173453,3.1895461374595557,26.15618721712373
25.02286433,12.40113878961179,4.000381493673028,23.05674547189508
25.03291033,9.394067343536179,-1.3489774868351185,20.59582562811882
25.04295633,15.520922425146686,-5.146534423564775,23.26602821516401
25.05300233,12.838977282157108,-3.7883285516695477,21.539687490319185
25.06304833,3.8201061380197796,2.4113741725476765,17.249444362151404
25.07309433,9.545387506690506,1.7507741598484312,21.61062329922842
25.08314033,8.05814836838355,-0.11319989660827764,23.551256018515726
25.09318633,4.503074782358026,0.22865650433336387,19.158939514592767
25.10323233,6.202355269186345,5.757188805725722,19.470542842415497
25.11327833,6.2799777780329284,2.617304791288794,17.868716918782575
25.12332433,15.698342099293184,4.883750764062957,20.165008859959894
25.13337033,16.341422119290772,8.741027477782792,22.537870747058697
25.14341633,7.021368388403947,6.8572595335127255,17.82397676928298
25.15346333,9.273504176948821,3.410980137230774,14.15722719292979
25.16350933,10.497312761808567,3.664305977614395,14.336521682464857
25.17355533,4.539947136979796,3.806810189558309,11.21894335148892
25.18360133,8.544772840531195,2.4484802932342435,8.524423523054649
25.19364733,15.455618494202893,2.914195127545927,13.02493679477989
25.20369333,11.795478267410996,4.330141948690925,8.16804186103373
25.21373933,12.111498069896113,13.961967323439012,3.626292290464999
25.22378533,22.275793577731616,15.982011031959892,2.8865370137776987
25.23383133,22.19471806826531,12.95525659899307,6.483573149719887
25.24387733,-0.18340119546530834,9.48239622991552,5.881756122135062
25.25392333,2.0230513407257518,3.2265441349027038,7.69843707345698
25.26396933,3.6125410725019207,-2.944700778595407,9.40467883613241
25.27401533,-4.6447335449458995,1.621390633254667,3.7648735014368375
25.28406133,-2.1936012268907112,1.4683404959026962,-0.032401944513790006
25.29410733,6.437677952333007,4.1657947444077195,-1.287310977806283
25.30415333,0.8036668886567363,4.092863069358596,-2.4122097294343825
25.31419933,-0.5958982471852801,5.20913127520303,0.05214902192515873
25.32424533,-2.2046924519749536,5.500662612560871,1.7426195562282687
25.33429233,-4.32963287153928,7.570123715821313,2.606449727281075
25.34433833,-4.765037767999729,3.8648894122778756,-0.9957654593192524
25.35438433,-0.8145044276785162,6.140469009111417,-3.7121663184667653
25.36443033,2.0659929662104277,7.023003890354735,-6.205436164671739
25.37447633,-1.1478700577170817,4.967927286694298,-9.478539148465028
25.38452233,0.5681642784734282,6.756160007738295,-9.473833298418537
25.39456833,3.366738633020819,8.992142343891079,-2.9191940829566634
25.40461433,3.8082466096408782,10.072423026054166,-0.8951824027099324
25.41466033,2.513347925201046,6.264145666924613,-2.661372900179611
25.42470633,-0.5605929023588863,1.705313525013976,-7.445417231337767
25.43475233,9.362594420198628,5.225530247423763,-3.9888378219713405
25.44479833,6.352886376209279,4.7834434571110656,-4.093490807196327
25.45484433,-3.1051350255723866,3.15400172229341,-12.741823642619753
25.46489033,6.514503939492105,0.587178383708537,-9.6995374518989
25.47493633,9.314064241675291,6.09585329776365,-6.550989637375137
25.48498196,4.879128515579881,3.1310475463380403,-10.1289703292071
25.49502796,6.971777725772761,0.8774669444705437,-10.020794495599654
25.50507496,3.8233369415931904,9.961352026233767,-9.57150100584296
25.51512096,5.747844336004388,9.335222655437578,-3.228519866216352
25.52516696,1.914762061300288,1.2619704066628281,-5.290932289007351
25.53521296,2.370259115907504,1.3132524766893432,-7.436347132133022
25.54525896,4.470894961924821,0.7077454784089717,-3.238204439587652
25.55530496,-2.8633039001374074,2.6155959614910187,-6.6601619254448705
25.56535096,-1.9815941845558942,1.5070789590092966,-10.160611006104507
25.57539696,2.897877439668648,-1.1686715824923524,-9.187135861213145
25.58544296,-0.7525061183291749,0.7213332949412912,-9.826024187909752
25.59548896,-3.0536399297653305,1.9743513883902557,-8.093675215012606
25.60553496,0.9310578311238916,3.3494168606459738,-6.325975256661771
25.61558096,2.1356751633430773,1.5576287089955503,-9.771843263864362
25.62562696,-1.4399076845094652,-0.618745129373505,-10.523561606423927
25.63567296,1.2020872049248337,4.460747472260204,-6.973782195910613
25.64571896,5.419444677579184,5.205364073944695,-4.70742818915193
25.65576496,3.647252892175195,3.433546396708964,-4.893995473256123
25.66581096,-0.18799409642976989,-3.1203556077608225,-7.599287276267989
25.67585696,1.5256682900372862,-1.10730648944602,-11.984009989566651
25.68590396,3.5778982918044013,-0.877783629530039,-8.764360246188721
25.69594996,7.327074567161398,-1.6527087178469444,-2.3641738676076978
25.70599596,6.915483440061335,0.5998898611915975,-6.194934292406947
25.71604196,-0.09077757257496685,-1.0188671406131953,-7.26199773742481
25.72608796,7.867316275557081,1.762700707496593,-1.7601320232244337
25.73613396,10.781224906133277,3.4100542225725694,-2.1565694939233073
25.74617996,2.3167091273762956,-2.246295620879098,-3.457456070887191
25.75622596,8.978152148256653,-0.46809983302067476,-4.432843976703484
25.76627196,7.544160731944087,3.7935333516149248,-2.832653582991092
25.77631796,7.718667485103862,1.0682476011568347,-0.13904434776489347
25.78636396,4.395774506032848,-1.4765694313778257,-5.399653595404424
25.79640996,6.721595399558873,-0.8532839364183299,-5.727517999126744
25.80645596,7.119842748589328,2.807682841573395,2.162300946362053
25.81650196,1.9916731689372977,1.0533484531472184,-6.363442393400115
25.82654796,3.3076532291448553,-0.7802956522738838,-5.877396193195151
25.83659396,6.21896489980161,0.1092210677946958,-4.215691141747474
25.84663996,0.6666146285771872,2.333396716898761,-8.437759264521445
25.85668596,2.063527142114918,1.6860932362129084,-3.865921455712643
25.86673196,4.186205793442199,0.8614208631956901,-3.052508955254132
25.87677796,2.944068087594282,-0.3998813826772997,-4.425326452774737
25.88682396,2.2376131616323196,-0.7598452125929269,-3.1248098252135867
25.89686996,0.5892051757580158,0.7354320170015788,-1.1209615613325852
25.90691696,2.371123981206592,-0.014618246374708255,-0.4270540182135794
25.91696296,-0.889644471950352,-2.306847057761316,-3.646103428628002
25.92700896,1.5143431869888215,-3.373921787426094,-1.0529815319041178
25.93705496,2.843169328110703,0.16663048669746783,0.42516206822810765
25.94710096,-0.943658837225255,-0.9237632038531426,-3.791731776672879
25.95714696,-0.2723303562425914,-7.449433827116426,-3.3385794453496356
25.96719296,4.0718273312269835,-3.703810014294447,-4.900128164943511
25.97723896,3.26993921441209,-2.761785253475166,-5.728925183410963
25.98728496,1.4273142421452227,-2.0064960457867906,-3.1854655153057934
25.99733096,1.9333119924118454,-5.38849211724802,-3.47597626056054
26.00737696,11.232959135134553,2.142170709006834,5.552627225466212
26.01742296,7.39313288114658,1.4705908129666838,9.427026741389202
26.02746896,6.110830361414983,6.365842325132869,3.9991334927014295
26.03751496,5.332728063539861,0.16174684409426468,3.0242724986699927
26.04756096,6.879998689949669,4.218868157517002,1.2610239583558007
26.05760696,1.7596847604490777,4.4013320714820034,-7.32124207466047
26.06765296,3.499232889625033,1.6333401453856589,-3.5709064678184643
26.07769896,4.129239876707487,-0.7138673150276807,0.2499168107865841
26.08774496,4.508995218322998,2.8671640454350107,-3.3996037695091488
26.09779096,4.757198136244269,0.4175821222675432,4.406042929162252
26.10783696,7.160107462214723,1.0957973618940071,7.033751140682291
26.11788396,5.124995694609089,-0.1417263553439577,6.163439349429329
26.12792996,2.4749798997786825,0.6730752161809341,0.7942760740666628
26.13797596,1.118867240593057,-2.5268850139443635,0.266569185111881
26.14802196,4.81442269531905,1.4146500266309245,4.67839987961786
26.15806796,1.7988802294511197,-4.033991209589031,3.4971774574085197
26.16811396,0.6436598156295038,-3.9458203201727873,-2.141169796279334
26.17815996,3.0592763492813546,-0.8197370297943958,3.492660597446196
26.18820596,2.4636932371342413,0.5307000305252506,4.146140164591787
26.19825196,-1.2308503479814563,-4.525825393152842,3.62880253088687
26.20829796,0.9352366926680626,-0.6362092687311165,4.810964837240284
26.21834396,0.09904637536850533,3.9058791041721315,5.797023469742477
26.22838996,-2.694257047663385,0.8357258032277045,4.051778914465008
26.23843596,-1.8119305937559,-0.3991033095337376,0.4706589573836943
26.24848196,1.0984739619097175,2.887432444124854,5.1406744750028395
26.25852796,-1.2170213438987991,2.466947008684598,7.792887143425107
26.26857396,-2.0813601955295127,-0.013058164924512372,4.133435015642993
26.27861996,1.1823416543180651,1.2729324461661102,6.210824595460933
26.28866596,-0.456177025380475,-0.08540023361822462,7.334267999399571
26.29871196,2.7667081023097913,2.2302946961944823,7.26963414355193
26.30875796,2.341260653841257,0.6436018450137861,8.674024073696321
26.31880496,0.23777486920086408,1.6795732783326527,5.8152283503906705
26.32885096,1.1643992244481305,2.035433999511538,7.419649413581173
26.33889696,1.1372552175711477,-1.3464897884231226,11.194983192442423
26.34894296,-0.13956815099029984,-1.2383759348615055,9.905739253477938
26.35898896,3.746061970930028,2.233254962916939,11.010352371142297
26.36903496,-1.5211175890237405,-3.382647481614462,11.955777923879598
26.37908096,-2.280200055028826,-2.7579307259192087,11.56344935580539
26.38912696,-0.9013666550673368,1.6449465164218484,9.8193493228461
26.39917296,-4.2977539863275345,-2.9366507582781,10.84292927374591
26.40921896,-0.010075534835515614,-0.6829398166381648,11.440524071227246
26.41926496,0.4823953737693525,3.889058150156071,11.847864805977027
26.42931096,-1.02971679846718,5.162836580548566,12.708485528239937
26.43935696,1.4736364714586,7.125904693897649,15.214180842801344
26.44940296,-3.9486228711377156,8.874372266394289,15.30979695808035
26.45944896,-9.292956887445825,13.692438605083899,15.857589558202744
26.46949496,-11.8682001049628,13.357021451130558,10.132055816516933
26.47954096,-3.085909735410977,9.24185228660725,12.868170196217832
26.48958746,2.9397901377653692,7.793022056834378,13.68443848705515
26.49963346,4.612002366225564,7.57986412214534,15.668405671492543
26.50967946,2.82561400641277,5.644839726598864,17.269547228909143
26.51972546,4.580572472637242,6.91565788485216,20.26317334309038
26.52977146,4.74545805391263,6.937347510310749,18.902381049260306
26.53981746,3.80066429019053,9.909089357179134,13.904464421384132
26.54986446,4.209987361658775,7.576992082836847,14.484218206406378
26.55991046,3.3407491051613363,1.3110838686468487,20.565132465836747
26.56995646,2.3875773577790667,-0.8776533298423526,18.63367825252298
26.58000246,2.841946451791343,1.1309910484875194,12.13488407899861
26.59004846,2.328670308979041,2.3373401558830214,14.03960294512657
26.60009446,3.223283399022196,4.518702798049531,16.18267897302378
26.61014046,3.197720526466879,7.272265897215011,19.12145678065305
26.62018646,1.5791439214921825,5.876612270583757,19.677354734983837
26.63023246,0.056185900116491036,3.062278386529994,16.405065163086448
26.64027846,-0.8568882518698466,2.6792193216211886,17.30544864807807
26.65032446,-5.9217027783713085,6.732952989929251,21.088457995247932
26.66037046,-13.578857622151848,6.404858282176105,22.40316191425199
26.67041646,-12.077861089912622,5.861909462468148,17.43202683740752
26.68046246,-5.371597338170242,3.9529618680059992,15.679453047810076
26.69050846,-0.8203539839475141,3.625078598086428,18.40159271953782
26.70055446,-1.4964797266862764,2.200860144069091,15.045063643525387
26.71060046,-3.490654500854314,3.7217926624514965,10.747029795468562
26.72064646,-2.103666695506338,8.122091260039673,18.39861421656425
26.73069246,-2.4542958326916113,8.63597666309898,19.5819872054237
26.74073846,-1.6097795871449738,7.1570903201807745,15.791354076936098
26.75078446,1.926081894477014,5.428090172347509,20.746292056315777
26.76083046,7.024700303150488,9.165255375200818,26.923906281431304
26.77087646,4.243761223867339,6.064869007608563,23.23914393785895
26.78092246,2.3824703498089383,1.6599759904977949,19.0355578896289
26.79096846,3.236414887518971,4.053998961346176,20.04875611584719
26.80101546,3.721439401176065,5.143814324653167,23.045108744340265
26.81106146,2.174023943048436,3.2228050254353393,18.62523956073971
26.82110746,-0.2395137054698988,-0.8182423197035212,17.36380241223954
26.83115346,0.6624551419393788,-2.111709064755431,20.41004840169902
26.84119946,2.3568490063934004,-1.4336566763986027,25.518473653450407
26.85124546,2.8518533728618913,3.5685201769107096,22.244261657660008
26.86129146,1.4504212335601274,1.7536782092475043,24.16456192972002
26.87133746,1.2158379099062313,1.1795769487856222,25.915261495856587
26.88138346,-0.3894574403113099,-0.6872292965454717,27.560819330990114
26.89142946,-2.134920454556265,-0.7800257266979898,28.176082900774958
26.90147546,-7.074454988635937,-1.226249822633502,20.985722443888374
26.91152146,-8.46269313954796,-2.5425463891185727,17.941896245782736
26.92156746,-1.978045260757767,-0.36381239752672295,25.585087887616076
26.93161346,-5.993027238592504,0.16973517693585405,21.415296411265068
26.94165946,-4.806195760519003,-5.382942853398953,23.863604323418084
26.95170546,-3.139084973679217,-3.532101307975781,22.32604004181199
26.96175146,-4.3186715713868,-0.31632501022020837,22.263086616189913
26.97179746,-6.125882276151783,-3.3402120966484676,23.842035430843705
26.98184346,-5.378859674900773,-3.586525928212112,24.31354911681296
26.99188946,-4.8372151845363645,-6.019294864117034,23.803507096319738
27.00193546,-3.834601605313653,-7.353539559373242,25.668677144649866
27.01198146,-5.791391117066866,-8.167956527444277,27.355615904739746
27.02202746,-6.6542039609574575,-8.248335417076568,25.514542437402007
27.03207346,-8.099607795276034,-3.090083680378621,20.11246424002779
27.04211946,-10.284082458727378,-6.085811065183123,21.05422235212168
27.05216546,-9.102370757826764,-8.121235337057376,23.627215141695313
27.06221146,-11.54342217128486,-5.488730171273899,18.339431241394756
27.07225746,-4.035446502166084,-3.3374419009584684,24.34820191699673
27.08230346,-8.045727023731333,-4.202869489685882,30.034817051558147
27.09234946,-8.29724435935977,-8.442980590995349,28.604197380213236
27.10239546,-7.531354422275849,-4.626044593819525,24.015986357046533
27.11244146,-6.314540215510215,-5.238654635669979,27.90220249388821
27.12248746,-8.622359834327018,-14.844393606825605,30.250560078594745
27.13253446,-11.108447965651031,-15.423741242477334,24.432032936361434
27.14258046,-6.381429250867036,-14.55988212057142,24.86601458079626
27.15262646,-7.379961615096237,-20.0611351378806,27.75599452051518
27.16267246,-3.523603310152051,-14.102607123266319,26.72711869911794
27.17271846,-5.7483256196921895,-14.847901650365255,25.385743510267282
27.18276446,-7.0124390419237805,-12.88146528246134,26.411166940392874
27.19281046,-1.7711666507288035,-13.497207562372008,31.550329855535633
27.20285646,-2.9579365343910773,-15.249708991250262,30.938763860317433
27.21290246,-3.1739632392408827,-15.998374967217538,32.234773552435286
27.22294846,-7.9972850547023215,-14.708873878847687,30.643380483096255
27.23299446,-9.236765403357557,-17.703163910873847,34.39163937475421
27.24304046,-17.49146615908559,-22.258330364466282,30.265328560029705
27.25308646,-14.855901475931748,-25.30574950177017,24.00768938831748
27.26313246,-10.214629115323667,-28.58571592249599,26.034303795617568
27.27317846,-7.629745769290595,-30.426302744965106,27.069625088929975
27.28322446,-9.598887563200565,-29.3782245408097,14.574334281148047
27.29327046,-6.224813000674205,-21.830787250154852,11.457784800360841
27.30331646,-4.439182204179018,-24.380881350380335,17.73273376708935
27.31336246,-7.734800588405546,-28.951921867595342,19.056928904851507
27.32340846,-6.499421354604668,-28.623624401800235,22.254692425859563
27.33345446,-5.2849765653517276,-29.03494801268038,27.393409801689714
27.34350046,-8.529487910804416,-28.248949373511405,26.364634945061248
27.35354646,-12.330397485539379,-27.127547279232267,20.982529582934625
27.36359246,-10.3236442608044,-26.748109951109644,23.100983087022144
27.37363846,-12.74951659110505,-27.94925153354075,19.67242133337356
27.38368446,-8.466037020493358,-29.497416689306657,17.57344789709485
27.39373046,-3.93204951533787,-28.727387393480495,19.467926882008715
27.40377646,-2.9416393453379146,-29.835063500484093,23.501327588170533
27.41382246,-5.573357627950197,-27.968700464853555,19.053290667253265
27.42386846,-5.667134893378575,-24.833592468760454,16.33993398260512
27.43391446,-2.0926317075483922,-30.89824730413325,22.5392473064949
27.44396046,-4.830895708700398,-33.91595831033822,18.83269791396117
27.45400646,-4.58768087623492,-30.298943979574148,17.218266287237693
27.46405246,-4.689963002644627,-29.323075573470057,15.845606257753701
27.47409846,-1.4483975608397754,-32.87328233651511,16.114300129613078
27.48414446,-3.049222267037678,-28.633177288790808,14.003878617238923
27.49419033,-2.201658447286861,-27.341479586637963,13.08353269533797
27.50423633,-0.45598497961330703,-30.517518405929213,12.859012720887693
27.51428233,-1.9665139647603247,-25.955795105031264,11.203804812781597
27.52432833,0.7768259553630343,-28.09137356712424,11.908452862023447
27.53437433,0.5446933226678281,-29.797172738019096,9.66816229136604
27.54442033,-0.1572930339597258,-25.396046451785917,7.851786416784729
27.55446733,-0.7101103760308832,-24.939618582342725,9.0502275758908
27.56451333,-1.1461491410175746,-27.174110357404498,9.430729309071987
27.57455933,-2.6907471996338006,-26.47610252659454,6.288262802326089
27.58460533,-4.665239948955243,-20.620604722495987,1.935108418293601
27.59465133,1.5000350424997129,-23.94358042683002,4.043376377780592
27.60469733,-1.6607698974816811,-23.553947118208576,2.5130518965724638
27.61474333,-2.7658395085562018,-17.904191116270233,-1.9279338943510236
27.62478933,1.7696430989541856,-22.403723997679393,4.3231153057039355
27.63483533,1.7658721031842082,-24.351160732860695,6.433642778176093
27.64488133,4.024294118807202,-23.60987854676399,3.324525645418317
27.65492733,4.351259110257351,-21.852361033944984,3.393320408718141
27.66497333,5.453690409864531,-21.712846423922834,4.729506961164393
27.67501933,4.056845056285814,-19.61723182392367,5.378254697019789
27.68506533,3.5107203667037585,-18.790530912589436,3.5741049092462003
27.69511133,4.956876932735059,-20.317647340932044,5.3649850529856975
27.70515733,2.4301758539225653,-18.00302936871542,5.416235852032461
27.71520333,3.5201782715720533,-18.38066150835609,10.30932576571472
27.72524933,4.819519698338361,-18.01026662545419,7.657253384948127
27.73529533,8.378758308842622,-21.108950275873372,7.481481533051595
27.74534133,5.55148508630521,-18.322966005376944,6.944523247521849
27.75538733,5.376549568769253,-17.286698009357153,6.47792522208313
27.76543333,6.193546535329905,-17.154084351181925,3.895209454792773
27.77547933,6.759817463755287,-17.246631694674186,3.4900156382515157
27.78552533,4.222323944437203,-13.145583751103102,1.5961099706193937
27.79557133,7.2327892725885015,-15.207307717906072,0.8768734675887279
27.80561733,7.066703571490208,-15.966475107852858,2.5467737693557275
27.81566333,6.187852340720978,-12.794490071967747,0.295031257436711
27.82570933,6.88764525466013,-9.526774845117407,-0.8163774011391419
27.83575533,9.546666442225611,-12.930535009292624,3.051191330040047
27.84580133,10.100965970749849,-10.420695684340865,2.3908266927882726
27.85584733,12.311305537676423,-10.552278941680502,4.915573231755927
27.86589333,8.497643317768318,-11.086091354295077,4.418813045825955
27.87593933,5.819088428435252,-12.548135456236574,2.876750519317855
27.88598633,7.500282973333713,-14.2985620315103,1.3439918198960679
27.89603233,5.272030378918425,-12.272044413964407,3.6838281556626846
27.90607833,7.031031858010389,-11.365438839801419,3.231830321675801
27.91612433,8.313731714929842,-10.522810825651382,1.7309217555610434
27.92617033,6.102894000390923,-9.316429402283712,3.670117039978899
27.93621633,8.054714271803638,-9.023231725696169,3.565378597937582
27.94626233,10.528454746537813,-13.270244200119475,4.432425452514696
27.95630833,5.9384180191464,-8.360689838427856,1.8303542751782442
27.96635433,5.939652120392248,-6.807913445440813,4.504583382415253
27.97640033,9.685245227687593,-11.67664696675338,5.992784880059651
27.98644633,7.248375581673583,-7.811517309813325,2.8889677602908392
27.99649233,2.6810719341568494,-5.52498493584424,6.732365970356461
28.00653833,8.809745518704238,-8.932145803399965,4.644685810621703
28.01658433,11.916759057893172,-9.865457711958499,1.0978037561096805
28.02663033,6.887111645437952,-6.43426305763797,3.554465191868908
28.03667633,7.679326259263714,-4.615053542981471,4.850919472143738
28.04672233,9.06917633339238,-7.42283842665755,3.504535351881348
28.05676833,7.17053682775723,-7.734553102293055,2.357781094757057
28.06681433,4.6092458869282265,-2.738235631359122,2.0922411530652694
28.07686033,7.663281176386214,-6.059872857442534,5.056512372676515
28.08690633,7.664327366599731,-6.795516676248886,3.61596183299665
28.09695233,7.16519797853423,-5.704912017965323,2.6988717613932796
28.10699833,7.718123643762834,-7.334250624885327,3.371250589967967
28.11704433,7.53705212808083,-7.385679284012132,5.028885197880407
28.12709033,8.83508125579871,-6.101475376941928,5.1703753696218175
28.13713633,7.71035094066081,-6.109804487109823,5.808134701077319
28.14718233,5.18929432167227,-7.226113489643146,7.7595336503295185
28.15722833,6.850230184726559,-5.503580041484003,5.261675430509382
28.16727433,8.184153479330345,-3.7575409469767487,4.990550665781687
28.17732033,6.6620493792035465,-4.483684579516957,6.373899320471591
28.18736733,7.279728147414689,-2.3976012295772287,5.010541822606998
28.19741333,6.159026796564625,-2.740845186056374,4.160115976613141
28.20745933,2.5491191843936423,-3.319909869965508,4.897632342489972
28.21750533,3.869963343200261,-0.4934840398900209,2.9614851721798687
28.22755133,4.224520480466659,-1.5434609836631978,4.774028407487242
28.23759733,2.6649557933833994,-2.5523216581528057,4.972356050897728
28.24764333,3.323037892636373,-0.6015366178375584,2.7968065178332164
28.25768933,4.155350271280776,-2.000877734603069,5.510589588226059
28.26773533,2.6179467536203007,-2.052272255167523,7.198290828888886
28.27778133,3.944109949021698,-0.6718101403090577,5.038675780709683
28.28782733,4.9997450757860005,-0.8887259275232753,5.115707222059477
28.29787333,3.69620048559231,-2.457903354105767,8.107474542580741
28.30791933,4.96742825839922,-2.7079450536847207,7.5777230964710425
28.31796533,5.337689506398235,-1.4337491242654425,6.6167072730236045
28.32801133,6.400947398451043,-4.852758028580658,7.857181254332865
28.33805733,3.360309193229469,1.1570226753683575,6.788073494025328
28.34810333,8.833277373031228,-2.565850981861997,4.856751867108852
28.35814933,4.195978084832142,-6.094933275442349,6.364105074322966
28.36819533,1.9475129863715595,-2.213028762273344,7.354295556091733
28.37824133,6.236604067991595,-2.2945260732053896,6.296347893452962
28.38828733,3.9714242931153327,-2.20890766493159,7.599309806725932
28.39833333,5.039010264203589,-0.09210808292843349,6.554450862767792
28.40837933,6.4699634869887115,-2.760555632827113,6.033390085860987
28.41842533,5.184693937680223,-2.2608413042213433,7.019495818514245
28.42847133,6.166995612072908,-2.3994342162711413,6.926255946110515
28.43851733,6.17794008242665,-1.3446410652764476,5.277633406273453
28.44856333,6.38727933495543,-1.386938443940968,6.469343191855625
28.45860933,3.8577065232422187,-2.729585580660325,8.76696139743071
28.46865533,4.476980143331165,1.4113387535694455,6.877541360007071
28.47870133,5.84529596204689,-2.3476688449916114,6.831641014472815
28.48874858,3.8938147798621636,-3.731977778507945,7.076104047863899
28.49879458,2.1128531795773697,1.9762995427255143,7.520245947610561
28.50884058,5.774162911383321,-1.0800352287136776,6.236477714845037
28.51888658,3.7486538637326587,-0.8145759302526043,6.402856921558591
28.52893258,2.0345302354370682,1.2064045224888011,6.591093011737041
28.53897858,6.209026757663997,-4.034142871532907,5.9862043715615085
28.54902458,3.8431693460093297,1.279330467579911,6.199077162315075
28.55907058,4.850335827564407,2.184268638864053,6.9026118060423105
28.56911658,2.757421380532219,-0.11772086078312444,8.269401515794723
28.57916258,3.703680164910732,-0.4631917711824115,5.854980653406879
28.58920858,5.051323385899809,1.293285157300671,7.822886644818637
28.59925458,4.4409608401773975,-3.4572999773878026,7.331569164064126
28.60930058,0.8852799255285766,1.338728627833307,8.730136326338958
28.61934658,5.838523656054152,-2.2298673296124916,7.17101158680525
28.62939258,2.645643876492916,0.30981599294312556,6.933408221857835
28.63943858,0.015330475429410191,0.5895089711667135,9.783561174824854
28.64948458,4.687103338496633,-4.043988560483651,6.715334313370982
28.65953058,1.4069926036861091,-0.2512681890345732,8.00390015083174
28.66957658,5.4504305309362655,-1.3903934104248739,7.312594987242463
28.67962258,2.8730627747688593,0.8211388200979332,7.259888173506472
28.68966858,-0.2625881850393835,0.09927312807197279,9.63631982448432
28.69971458,2.86244557441257,-5.713102771248632,10.538578511840683
28.70976058,5.663267382668359,-3.0288059774835836,6.53406853787282
28.71980658,0.17618141074436824,2.7769495357907275,8.548370773362596
28.72985258,2.602099824600869,-0.6765289286912747,9.543513632154873
28.73989858,4.966493694990583,-4.886367759360053,4.461479605741369
28.74994458,0.14998831660756812,1.1828991195225982,9.395624299653656
28.75999058,6.273188035370638,-3.2114051716189023,9.136133618919397
28.77003658,4.180887070103205,-4.645191330583319,7.668299567104701
28.78008258,3.7788565597835833,-0.602364320063491,8.139204272600383
28.79012858,8.404966468331732,-0.42617072004274525,5.569244664018057
28.80017558,4.479005824152239,-0.6713379307869707,2.528266619371978
28.81022158,1.4713631454283287,-0.07340073725707032,8.67990827886499
28.82026758,5.450813733296116,-2.065267375315812,7.980069064800922
28.83031358,4.1860640028806735,-1.5637181663025672,6.806000923474074
28.84035958,1.0562093950669513,-0.36295355479818614,7.74805711267202
28.85040558,1.4576304472367008,-0.23178925405988196,8.168281932840245
28.86045158,2.7879554480731006,2.0107408543380867,10.03778249227161
28.87049758,8.354987836073883,-1.5890859748608017,7.048933988534056
28.88054358,3.6398153892356753,-2.8367247066405064,7.467404246966393
28.89058958,-1.1512035302429817,1.6666040711458352,13.53181599840105
28.90063558,10.868632127012356,-2.2887023902451245,-0.05055072471631183
28.91068158,2.3047378364441937,-0.7403999601099116,5.004734425330047
28.92072758,0.33008785445417377,-0.9588158271295267,12.558525095192492
28.93077358,7.748952280572682,0.09989257704915634,4.967375500140972
28.94081958,4.297498097454965,-0.5474698104097971,8.622843825770456
28.95086558,3.5382226973787843,0.06113329244442212,7.731477059687193
28.96091158,4.082949677427321,1.2356378480260162,5.5003117460254165
28.97095758,2.2037599689059575,-0.15306605054907332,6.025697414019419
28.98100358,3.0687504159768695,-3.011108670477903,8.462254589894323
28.99104958,3.524783987999989,-1.4573633934608485,8.438592662021751
29.00109558,1.3704948034001465,-1.6638981500653316,8.026872282752578
29.01114158,2.9151550874417924,-1.170407743808508,6.169944677256343
29.02118758,2.121971724473197,1.8141717760347373,8.771362192693664
29.03123358,0.20892623232653315,1.188285662904795,9.89799874729765
29.04127958,1.6420828044096525,-3.7651044374686706,11.28514515149631
29.05132558,2.0404749696136553,-1.1379526168023082,10.367202273354875
29.06137158,1.521454684334281,-0.2471827660301589,10.635379036529354
29.07141758,4.739147914089768,-1.4541632661899595,6.240652449625117
29.08146358,3.2414913127471965,1.0922890784626564,3.380725982967295
29.09150958,3.4458184164849213,0.760933491946813,2.9759084730717817
29.10155658,1.7654519857852806,-1.5167896401153624,8.41817304669211
29.11160258,1.7687842976344146,0.8926826116523513,11.084902299035102
29.12164858,2.733340467049188,-1.6795307780089925,11.594488234838446
29.13169458,3.080360908810393,0.19191339324761278,7.329580635224768
29.14174058,3.368428837380272,-0.41445969404636995,2.4173769994277228
29.15178658,1.420446153661108,-2.008031471042192,10.776040047351382
29.16183258,0.9791139248688085,-2.3847282604357196,10.709626937934884
29.17187858,1.6878137776939894,-0.6412060528985625,9.423190532511185
29.18192458,4.853893361689716,-1.8430362055594385,6.528459831209448
29.19197058,1.3225917139814034,-1.1969223451826763,8.247100779119567
29.20201658,2.2570618151685857,-2.276115431744892,6.618701837634366
29.21206258,2.9708021460191505,-5.397783232317787,7.6072278714204025
29.22210858,2.434872145443411,-2.509414911817364,7.531234823233095
29.23215458,2.1468051616043105,1.6490337844207534,7.495163213212606
29.24220058,3.945049282816771,1.2501573451375874,6.79037830081523
29.25224658,1.9109172889096124,0.9990289825718582,2.7963244876905406
29.26229258,0.8179609586163444,-0.08228506728880028,4.257150783019827
29.27233858,1.484974993562307,-3.5019747862376303,7.529849082730617
29.28238458,0.4810818873212997,-0.7433943859894997,10.837390090199124
29.29243058,1.1432985608844182,3.2507425493892286,7.540487504074776
29.30247658,-0.8183263586142402,4.270682140196012,6.571554327988729
29.31252258,1.4737177370880394,-0.9495087436466966,5.990120850299982
29.32256858,3.982141118576154,-4.442991112982027,13.478618925053093
29.33261458,2.3968253955239684,-1.3402779071571242,10.428604049357036
29.34266058,0.9979361799927666,0.09384081801518568,7.6776423172189245
29.35270658,-0.430893817472064,-3.9983084256856998,10.297457825034996
29.36275258,1.3755020116995593,4.791151365233961,11.456964018698388
29.37279858,4.044139217175619,0.17782748639274779,7.635236864643189
29.38284458,6.136012309915566,-8.43758356487535,8.8907464042878
29.39289058,2.026393014867232,1.368209909294017,10.998088660812758
29.40293658,0.23432487352718528,0.5344914057373966,6.342892354596012
29.41298258,0.33741041300619234,-4.065104318610458,7.815674949164482
29.42302958,0.7067296805767916,2.9341745533263377,6.697128814686531
29.43307558,2.0112051110898443,-2.6664922357743785,7.798372502441709
29.44312158,4.362153464325613,-7.251455852074721,11.18901120996158
29.45316758,0.09579858251935043,1.6033618200306403,8.885991867980364
29.46321358,-0.8448868886433425,-3.3006280905741936,5.092538779080156
29.47325958,-0.12154868847726705,-1.4916958790769541,12.760640780503348
29.48330558,-0.8879828507285846,0.4890850380583334,4.897833400190393
29.49335087,3.702263159052096,-3.5771024677799925,10.457770554956943
29.50339687,2.810096676572193,-1.0106684888246587,12.366336343723315
29.51344288,2.07634746745015,0.9858005448569749,5.529116172537258
29.52348888,0.4633128640279055,2.9342525223925606,9.765969321683045
29.53353488,1.0809341323100201,1.4947374584559259,4.953707243211133
29.54358088,2.2833889679397066,-2.992810511559717,5.200994172315668
29.55362688,6.013525756795819,-4.019902837469988,12.0208337572191
29.56367288,2.443161485655987,-2.423486773177328,6.369653639439275
29.57371888,-0.09325629168501116,-1.138265759233663,4.360651247531513
29.58376488,-0.013024354310913323,1.5018542575062337,5.009529789312874
29.59381088,1.564612209432953,-4.123596289974779,3.439599343927208
29.60385687,4.341891173817923,-3.560886068925302,6.610791043166591
29.61390287,1.68645643349832,0.9564291251799802,6.497664370005215
29.62394887,0.3624354896359058,-1.0437253537010136,2.5697908688942674
29.63399488,-1.024497716087794,2.8829839413576335,6.487341679067232
29.64404088,-2.3510097245035935,-0.3359554850063263,3.1021078896138676
29.65408688,-0.19744862489699558,-4.881990428774583,5.1401607200939905
29.66413288,2.563574718339294,0.12880313846364827,10.830637967655935
29.67417888,0.07988874396588573,-1.518525151791238,8.139168596698513
29.68422488,1.2089401887729065,-0.7079918979837818,9.883979872914244
29.69427088,-1.611942373862662,-3.317740388608074,4.0420985469651205
29.70431688,0.9804335421343778,-2.6213789193284662,6.05409314207442
29.71436288,-0.024556309238378492,-1.1006660409374056,7.329452327160287
29.72440887,-0.2955304747120284,-1.8530308235116124,6.215916937515891
29.73445487,1.3005584850049756,1.0314689848602698,8.085954816963474
29.74450088,-1.7755362187039168,0.4525164239208981,3.888205738466992
29.75454688,-1.1561253779707266,-2.672671509426327,5.016636749988754
29.76459288,2.9387664152100306,-0.07079768602190188,8.67764276916923
29.77463888,-2.04031072225197,-0.6646299908445835,3.613578904491458
29.78468488,0.9045363020800052,-0.9332629615339239,7.159186060469166
29.79473188,-2.1286129516942456,2.7047532420142955,4.712820847526371
29.80477788,-1.3351777036575319,-2.1730381276853588,5.547745694482783
29.81482388,1.1446581231959152,-3.6851416398535375,5.760239284017892
29.82486987,-3.992001569043574,1.7437836551605579,6.034345580322692
29.83491587,-3.5716816581089854,-2.6060004133580525,5.134029598358211
29.84496188,-1.5319691502931225,-2.051542019093643,4.517559795523193
29.85500788,-1.4521118677602698,-0.17845793554362682,6.11668823030956
29.86505388,0.07681408732889351,-1.7513172763960687,5.440723617978614
29.87509988,-2.316644929831821,-2.7176823216980854,2.9537504256740723
29.88514588,-5.635016032388403,-0.06985366902939548,5.84486133033303
29.89519188,-4.073276450424635,-0.4754534654933174,6.55310148839802
29.90523788,-3.1090241829522545,-2.65684444247912,5.534353200402654
29.91528388,-1.9271215333162033,-2.370801367432501,6.642282895114382
29.92532988,-7.491317415927712,-2.970041570617219,6.954497622558594
29.93537587,-2.499260097621423,-1.7437731248581003,10.064329939241857
29.94542187,-3.326511864091649,0.21902223105927662,9.190218490244382
29.95546787,-4.293612435199477,0.36447951548014523,7.268743037003765
29.96551388,-0.8538949192595926,-0.7907578902610214,7.563180798323304
29.97555988,-0.5936269174964279,1.2652208909375362,9.646748031423446
29.98560588,-1.5964148960737174,1.078327444938713,9.76146987483663
29.99565188,-4.202069487229243,0.3241289447920182,7.376335590407531
30.00569788,-4.453717437051574,0.5614865817905089,7.32429402626777
30.01574388,-1.292731227955089,-0.5743925480891652,8.356128332061173
30.02578988,-6.965899600937862,-0.3308182696805727,6.112773276623229
30.03583588,-12.076915602149866,1.437855622814422,8.685815585075252
30.04588188,-4.0271645738741855,-2.0855093477340856,7.728127297194735
30.05592787,-4.256824300825293,-0.5132738841410865,7.026679140712225
30.06597387,-11.221575524386132,3.5537078086968905,11.219017221316903
30.07601988,-10.374745910796932,1.265369716207322,7.548468056572113
30.08606588,-5.578829648437101,-3.1648686323461757,4.480694950533955
30.09611188,-7.582927101257987,0.14150399185520918,10.483584739336065
30.10615788,-12.172474156702494,-1.9575062533164234,8.636956993945747
30.11620388,-9.681428879972485,-4.8364347212953644,8.08857681815383
30.12624988,-4.4446602953806975,-0.18783955045245396,11.845468728808013
30.13629588,-7.256672734306153,-0.2756536362733941,10.938805191445006
30.14634188,-9.031038027501298,-0.8622416441637624,10.658189666857083
30.15638788,-7.450899893200586,-1.761207353577154,14.068385383609526
30.16643387,-4.341313255243215,-0.603025031357558,14.586978255727212
30.17647987,-4.057484894519938,-0.5373388310088707,10.830817777937549
30.18652588,-3.9429593670329184,-0.6842767782798588,13.321953047595922
30.19657188,-2.7554922016801435,-1.0630163109296114,12.227078003986293
30.20661788,-3.791773460408537,-0.8814850726743294,11.083525151105949
30.21666388,-3.9173672210092674,-1.107049275444214,10.715224266094811
30.22670988,-1.6379355611354438,-1.8697521174223062,11.73999375652168
30.23675588,-1.455376898956682,-0.10614870837521564,11.894053280721154
30.24680188,-6.304903839042736,1.2557587930928718,11.917154685014095
30.25684788,-2.777692787469982,-0.2534633072118801,12.026248646204632
30.26689388,-1.5174875984089737,-0.4243642985680498,12.962880159217686
30.27693987,-6.454786545534089,0.5254267227438909,13.830567520798926
30.28698587,-7.58099688106093,0.465008583627226,13.368432792409367
30.29703188,-4.944123359863961,-2.677032800215804,11.436978016580333
30.30707788,-6.361872922214142,-2.352951029954515,13.034270917705571
30.31712388,-8.617045218075456,0.15730029709183388,15.166117445690432
30.32716988,-5.061867749304056,-0.9790706713560374,13.008926362617805
30.33721588,-1.3350292781147626,0.38272531414361116,12.585133148094958
30.34726188,-5.456375975540941,1.8634686816969146,13.9362285610127
30.35730788,-2.9470685745210945,-2.411647408775505,10.790047361809664
30.36735388,1.30483248427912,-0.923425322649218,12.355726114543959
30.37739988,0.5218808799352113,0.3036404284489965,13.421406525686908
30.38744588,-0.45927828910060736,-2.4762069514443517,12.615884619795132
30.39749187,0.5994749619464225,-1.223923026195531,15.005237901359967
30.40753787,-1.3362308355565837,-0.811478775701422,13.915179034066094
30.41758388,-0.020935422037601095,-1.9160295937495408,13.00614273936065
30.42762988,0.27596190263814124,-2.4600790804851864,10.916471003027782
30.43767588,-0.28012060057961846,-0.39429470701243025,11.970044476062585
30.44772188,1.7921861209765164,-0.0025845640589260625,12.284842301497545
30.45776888,1.8115609724494088,-3.616551309516077,11.186254397688122
30.46781488,1.924246576431197,-2.464331960012075,11.905966293716356
30.47786088,2.4482621342669777,0.14240444560274207,9.539075026924763
30.48790688,0.3288744939267106,-1.792283570778107,7.272649583983718
30.49795358,1.0780034980193767,-1.4598713612939427,12.256234070572331
30.50799958,3.1274961157241545,-2.237196122907698,12.418319563692545
30.51804558,3.149290562451884,0.3036187463653964,11.961233432286864
30.52809158,4.050643585765058,-0.026759953841109605,10.104791129567541
30.53813758,6.055997605075945,0.3819520526403214,10.438137548381023
30.54818358,3.5126885559516934,0.9133746520813987,11.914218346580036
30.55822958,2.812228689861008,-0.0676733337177537,12.495625604533146
30.56827558,5.2434302418734395,-0.1743385652965174,11.354683439031989
30.57832158,4.680196905168576,-0.35641962039580183,11.819114670511164
30.58836758,1.579679893954608,1.4434880193558626,11.823415618414499
30.59841358,3.3854690556529285,2.400015251959445,11.389551321415539
30.60845958,4.858638397290562,1.485856630659478,8.88520346781379
30.61850558,3.7824404261604117,0.7922900720818693,8.759733824213367
30.62855158,2.6234587850257913,-0.3532493891878319,10.852747874019178
30.63859758,1.1821026206788328,-2.6487140218690173,10.458820187198219
30.64864358,3.6247658315986877,-1.9744382803931804,9.461901666139157
30.65868958,1.526073731142772,-4.020423817590596,8.597607203262058
30.66873558,1.3878222800441677,-2.6667159659892232,11.83916968526948
30.67878158,2.201758093266764,-0.4323697463354165,13.547297804814733
30.68882758,2.291671079928218,-0.8049539781133648,12.188143611382374
30.69887358,3.4133215494950244,-0.7298898296289499,11.431850722554083
30.70891958,3.562157150562596,1.624223852216603,12.160340885598142
30.71896558,2.2732412164247937,0.9364399897987992,12.33011123909756
30.72901158,6.89101674045944,-0.7129307557956489,9.2806973369401
30.73905758,8.327557153757642,-1.3878973112942194,7.809497849372391
30.74910358,6.463658965514883,0.22915921272146572,12.445198783307896
30.75914958,7.306132945605461,1.4554144159720581,9.473581056520334
30.76919558,6.8035445806325345,0.36819210996253965,3.2855741241480496
30.77924158,7.074736065582868,2.717304495390889,7.18985099279527
30.78928758,4.296363523656034,1.1328804317964596,8.746387361045132
30.79933358,8.329137581291565,2.538832314051496,8.222488514671365
30.80937958,9.238560157686273,4.597460705874166,6.3418198158737615
30.81942558,7.396236845144251,1.2068791090048334,4.488830497982154
30.82947158,4.5729603139496104,-0.5340168752684733,9.462035208396363
30.83951758,5.636909995951504,-1.3665375437270944,8.660237083144688
30.84956358,7.4971122145813505,-1.3461582897391446,3.9796872354683788
30.85960958,5.725074267689558,-1.676007734006837,7.533703016574602
30.86965558,5.816833063518398,-2.319740161116588,11.63786045664939
30.87970158,7.755670575946732,-2.245215377317788,9.132430886591314
30.88974758,8.398695224475741,-0.5675070530657647,3.190574441186837
30.89979358,6.763324068193629,1.9409092949208238,6.127776869049648
30.90983958,6.79012963931961,2.0163707859853193,7.527860429280382
30.91988558,8.221518205053084,1.3076643515598516,6.1083104689413705
30.92993158,8.531452776458977,-0.1055142531583141,9.911506707212986
30.93997758,7.782835218952891,0.575221520826901,10.056601783471436
30.95002358,5.897001051467586,1.4123766063751881,8.455890379627085
30.96006958,5.86733029889618,1.4993969287367082,8.728020892714701
30.97011558,5.991231065807357,1.6222055482007416,10.341371667477215
30.98016158,8.253694284247102,3.7545378425554565,9.255918749657344
30.99020758,5.975285623898588,1.1023914529564975,8.184425093169015
31.00025358,4.780139434847754,-0.6371532300089428,9.041162560866379
31.01029958,6.702582424138354,0.6833322423488578,8.150983256102048
31.02034558,7.8664192826093675,1.971337816747321,4.810042394054239
31.03039158,6.840316017788326,0.7811180227537114,7.057355933365854
31.04043758,8.477400793716251,0.7122126621863071,9.655077907226511
31.05048358,9.671062568253666,2.0428927597169744,6.898277559404909
31.06052958,7.8747985747355544,0.2263225265230818,5.903915837532475
31.07057558,9.907408566500402,1.879719406855835,7.0503588965220185
31.08062158,9.580995294743515,4.343915879075092,6.948322751857292
31.09066758,8.968053430948064,3.988604143459818,5.870394174860939
31.10071358,10.492456074054676,3.683383462131677,5.855639203199261
31.11075958,10.295180405535723,2.9874779420445403,7.570185317494319
31.12080558,9.06005793005661,2.869355914311598,5.052929748736316
31.13085158,8.365444066320213,2.4733622957477346,4.475593013779258
31.14089758,8.979614725478664,3.1167155358952785,4.706135077756629
31.15094358,8.449848399927246,2.7966606222676984,4.372817956858656
31.16098958,9.144106548666876,3.8651793097570706,5.9995755960093256
31.17103558,9.653613261356176,4.89541879599842,5.231797951745422
31.18108258,8.20820490255753,2.160282594295055,5.333204579911663
31.19112858,10.796528776369113,4.090602438588634,5.989826919203084
31.20117458,9.72264301704021,4.1592322763968586,8.884704785323494
31.21122058,10.711182191083113,3.6177610159828455,7.827888644130722
31.22126658,9.706985694331966,2.487363915923515,5.087200444206268
31.23131258,10.50167659040092,2.869168391296951,6.326743846157566
31.24135858,11.317264502538823,2.524364625924027,5.8693870930730565
31.25140458,11.827066752055382,3.943720216574632,6.66281285786196
31.26145058,11.78693916532493,4.72180669749119,6.977761358959886
31.27149658,10.859475188855926,3.3925284619577907,4.4953787929198
31.28154258,10.144347720165404,3.374341610016667,5.534733845079045
31.29158858,10.784530094872155,4.201554153683617,6.723609804524012
31.30163458,13.37764093746981,8.853348270537227,7.98792636611981
31.31168058,11.33996033509699,5.565687537860372,5.049958874849906
31.32172658,9.96159124162794,4.872666472808955,6.126299581590322
31.33177258,11.90745074965433,4.999542849925702,9.786182365693225
31.34181858,10.976456766759009,7.05716081919526,0.54223994588235
31.35186458,10.601223065498505,6.5236054383478645,5.4894418979793365
31.36191058,12.27734257169734,6.284318801541197,8.026693743289593
31.37195658,11.219134197455698,3.5388212617190504,5.272281444731665
31.38200258,13.096192608954816,4.206857643328768,5.9803950531302155
31.39204858,12.616234175828163,3.988857933064591,6.072854122924227
31.40209458,11.801871377023502,4.0715655278392955,4.9673067857850794
31.41214058,10.6495970574581,5.420234599388189,2.3973833202948263
31.42218658,12.190335602342271,4.033885989981873,8.11408764279865
31.43223258,13.978675878303655,2.691028202848769,6.276496301196284
31.44227858,11.914564717039699,5.883546369988388,4.578255527499039
31.45232458,12.864048816732511,6.268799563360439,11.91400650653834
31.46237058,15.171035591388511,1.218399568382793,9.00511184891578
31.47241658,13.415591319842713,6.557355822154472,6.332663237615013
31.48246258,12.65537914386394,5.4341975559304085,7.196490906596884
31.49250871,12.639166434104052,9.31764344705041,6.227811885562882
31.50255471,11.880459688340341,7.815573411247258,7.905613414564244
31.51260071,12.242026076769415,9.284567273002496,7.2807942136731585
31.52264671,10.07130430580871,10.160099500130885,3.2291938831515394
31.53269271,11.699983772941945,7.5900711921999156,6.181330312597877
31.54273871,12.928578819944752,7.895124456108267,8.655551450261623
31.55278471,10.77012343279495,10.190731230501234,7.817547373018649
31.56283071,9.972257753008854,8.474683930191398,6.95226021129645
31.57287671,11.07906823865573,8.750512184056872,7.596620666585223
31.58292271,11.706209977981802,8.341500409682212,9.094302281895613
31.59296871,11.345744528517537,8.133992642037605,8.961237877374616
31.60301471,13.203051810809797,6.827601759452213,8.236045190222057
31.61306071,14.679652412652448,5.94468353217114,9.59913721358016
31.62310671,13.680253449118782,8.767480164300828,10.576867317721286
31.63315271,12.534389782790207,8.602359712484157,8.403165988793216
31.64319871,13.969870684175358,8.29262885101032,10.412466435073352
31.65324471,13.55382351592687,10.970799309393655,11.450724699409175
31.66329071,11.914578077468414,11.385541580237684,8.205722958468506
31.67333671,11.881566590987084,10.866460632941,8.311515049001168
31.68338271,12.560943016360712,10.378582367568873,8.885982763693967
31.69342871,11.695801127978134,10.459263511024686,7.122747811317387
31.70347471,11.438762494653876,11.761789646222292,9.358346271631401
31.71352071,11.195071835241201,10.894384410318017,9.876046854772841
31.72356671,9.909520663010088,11.309870268070451,8.742032425724906
31.73361271,10.777080690543043,11.355731764341938,12.250817281537037
31.74365871,11.489762355167953,10.826552331274053,11.794443762213914
31.75370471,11.715068876180817,10.114875130576312,10.15415353779425
31.76375071,11.460019694790374,10.47496655990588,13.348012252638211
31.77379671,13.91481701701616,8.34908534400428,13.702649845837044
31.78384271,12.365163274814574,11.307964477245694,9.672639134091293
31.79388871,11.471845920898074,10.048746180991916,13.038567814134023
31.80393471,11.740419952099735,11.564589809313341,13.10148018795667
31.81398071,11.384424523000853,12.176948683764826,13.80288490547093
31.82402671,10.657454112037575,11.395583286804595,11.708468263069914
31.83407271,10.592206191954237,10.218727635640484,8.77232955925634
31.84411871,10.438983582996551,12.38348278760674,11.721812748024545
31.85416471,10.10909133279701,12.218833258085517,12.128042765569003
31.86421071,8.96621455343961,13.893186195235184,9.413465641962983
31.87425671,6.6703761128921375,15.15737838823243,10.18943710272419
31.88430271,7.165562293206882,14.7310720093426,13.404021217979246
31.89434871,6.139093915943977,16.263882068604175,10.561492990146167
31.90439471,5.742674604032827,14.997061465412784,11.178574190649707
31.91444071,7.76512712193359,12.827558723552226,12.789820557463203
31.92448671,9.233874175050845,13.167976140384097,13.992729758390768
31.93453271,6.188104305043712,14.00148543486008,13.083358896095511
31.94457871,6.837159936125072,11.103876406271128,10.008479852875437
31.95462471,9.513442847367205,10.789380317955091,13.649160021963255
31.96467071,9.73152138744987,15.005814621630707,12.663004986234116
31.97471671,6.648577630730076,14.720593915582699,7.67673328433212
31.98476271,9.704725289476237,11.532715674779869,13.43112144188487
31.99480871,10.845561721685812,12.949924901628838,11.940376168265619
32.00485471,7.275835811836827,16.43390057873845,9.82329538554493
32.01490071,9.889173256735567,10.815406911486459,13.477820648461625
32.02494671,8.188990833332122,14.421214218054459,17.38035057305203
32.03499271,8.283045326605077,15.591203418417887,16.11069098017257
32.04503871,8.23638146949234,12.09983054678817,14.462848900700301
32.05508471,5.740161178468552,11.164862769707414,18.919153862758005
32.06513071,2.466990078770792,13.994566109170595,15.739345924228642
32.07517671,8.366763893150928,9.226648686289598,15.925360780147487
32.08522271,3.708583414358648,12.835738318839915,17.750507438661575
32.09526871,4.901507803913991,10.289858156511228,15.193303916170672
32.10531471,4.1530363161607315,11.644504107694832,18.502183185472028
32.11536071,4.926923524276104,10.283854864589411,18.959162573638828
32.12540671,5.495979710817345,11.597828941103286,16.476798282448158
32.13545271,6.09231222260304,10.737106128254036,19.844112676815943
32.14549871,7.244913514508133,10.763794367803142,18.465303133916464
32.15554471,3.976804199936005,11.255745798937083,20.057686440384742
32.16559071,4.602426389517553,9.266458058688162,21.30622919241236
32.17563771,6.318031780691368,10.8513456535983,17.26881028092406
32.18568371,5.463532029518784,10.603181217615152,19.80336716092294
32.19572971,4.138084406588816,9.364413721628802,18.9076574066285
32.20577571,4.250704222376507,9.582678581181373,16.958994839651595
32.21582171,3.978627067528871,10.254449078752236,18.189977988027493
32.22586771,2.552320063676756,8.777391684900218,17.790960503661047
32.23591371,2.4455786210446795,7.67197310927383,21.71281756609993
32.24595971,0.8977294802697321,9.730312935021162,21.318677114972093
32.25600571,1.0190277859827543,8.488917858551362,21.516637515448522
32.26605171,2.371795183274446,7.85201661549572,20.97240116592015
32.27609771,0.20211969421128403,8.529446026906736,21.323260429632782
32.28614371,-1.5141750062726433,7.537206604380717,22.47589479840697
32.29618971,1.7859708832235717,6.497301500908506,17.324550324088847
32.30623571,-1.3240913056312065,6.990479635625048,18.1639929168363
32.31628171,-0.06997534227904699,4.90729990318295,21.87957801226533
32.32632771,3.355453344692376,6.123595328191474,18.978554833467783
32.33637371,1.3355368166266033,7.837330404182772,18.78920405098694
32.34641971,2.835398729024202,5.709547652254705,19.171481290780296
32.35646571,5.396865622365312,5.424424449962847,17.799455601833454
32.36651171,2.048924370008593,6.583680021450132,21.77430126128008
32.37655771,1.660079898234101,6.6591466205534955,22.74839982192389
32.38660371,5.207443692966665,6.052178462466492,19.203540574058692
32.39664971,-1.5479055622590185,6.83327473052441,19.97188620795995
32.40669571,-0.7804062386583923,5.125228950384931,17.385033694025903
32.41674171,0.3547707737583647,4.768170673490571,14.461184885040874
32.42678771,-1.4472177340953192,2.685338289220364,22.439943383939386
32.43683371,0.2865144215036451,3.3972593306078216,20.830669665463695
32.44687971,-2.4392318306010012,1.654283030385195,19.602449047955652
32.45692571,-5.3608350755989225,-0.7646031012160027,23.909679517986625
32.46697171,-3.0556355439526035,-0.6810852225224744,20.871538684859438
32.47701771,-2.627460344743156,-0.0795070355635231,20.49626148382439
32.48706371,-2.4121917513184448,0.4257933912169681,22.986075636550634
32.49710883,-1.910175069739893,2.9057084549554193,19.2872150876725
32.50715483,-1.1729230811351437,3.7686878056519975,18.597141003622138
32.51720083,-2.4124008712901426,2.5108017784396903,19.30511525212153
32.52724683,-1.70024262709928,2.447858177121442,18.2949379079948
32.53729283,-1.2320594339562252,2.951717375962726,16.688789254635594
32.54733883,-1.0010728673227456,2.1530845185877983,19.474035531950793
32.55738483,-1.415658063885002,3.709165555306446,19.24059977931311
32.56743083,-1.012395668769506,2.003861434313009,18.979561340353772
32.57747683,-0.3037707742137245,1.0237010377765776,18.876633304738146
32.58752283,-0.41905196396044636,-0.04152815906019685,17.90698360262336
32.59756883,-4.148713990427281,-2.392022403252686,20.232106636175953
32.60761483,-2.563333219625064,-2.1548721211481676,18.610060506632887
32.61766083,-3.2587913422091934,-3.6176613870013146,18.855800657081144
32.62770683,-1.4638247919371652,-5.8073115969585425,21.876246981895825
32.63775283,-1.3351330121713627,-1.1530099943412655,16.099575759204146
32.64779883,-2.2870190590191464,-4.024733744675784,18.171690314012515
32.65784483,-1.7197033805474087,-4.32095983949753,18.805085587330673
32.66789083,-1.8577103323191797,-1.6868859494335677,15.220743124347408
32.67793683,-2.323729985587826,-2.7027158411915435,14.730431912625807
32.68798283,-2.8324842039860876,-4.970609674482616,17.264132616431393
32.69802883,-1.02475928347013,-5.168214434370813,17.607653385002532
32.70807483,-2.3710460883749978,-1.7971057946961526,15.313559968797087
32.71812083,-0.45992746835114495,-3.871056260547829,15.829392449615925
32.72816683,-1.0414168580144165,-3.75445060806766,15.53896093971947
32.73821283,-2.3114502182252368,-4.221589065121198,14.761392790214835
32.74825883,-2.9750271703736764,-6.162954359495332,16.90376111200473
32.75830483,-2.734224531822363,-5.774022051760395,15.72807679057219
32.76835083,-2.171938296666484,-5.340856432224136,15.277711571434775
32.77839683,-1.2938031661202967,-4.604297491800243,13.664482128058438
32.78844283,-1.9737747583332925,-5.374261156868453,12.155008199395596
32.79848883,-2.3709631138149354,-6.426530766825175,13.591340301215197
32.80853483,-0.9821436859167915,-5.359233885291894,12.011084600222446
32.81858083,-2.729037588343097,-6.571742446747873,11.674074219829041
32.82862683,-4.838807941201386,-9.077761467084928,14.048864418707732
32.83867283,-2.5357013750763886,-5.92592428235013,11.693866142590043
32.84871883,-2.7267793413715595,-6.037079798865556,10.772642530023665
32.85876483,-2.458972506974352,-8.561344824686945,12.40491876488056
32.86881083,-1.5652709289859816,-5.324047573118289,10.475781927452719
32.87885683,-1.817401256402095,-4.813359352066658,9.240943318887531
32.88890283,-3.0243706465037943,-7.842734944156509,11.165598204037149
32.89894883,-1.0741743695064556,-7.739532231110972,10.501254445079292
32.90899483,-3.5281116666504806,-6.5942389366650955,10.001303965164782
32.91904083,-2.194744775631382,-7.3059746347943095,9.635114782342479
32.92908683,-2.55806970517867,-7.185248915085704,9.420439658222305
32.93913283,-3.054690361075219,-8.564976654051849,10.19491347219492
32.94917883,-1.620351411536262,-5.741340294212378,9.516092722150539
32.95922483,-0.842489084418069,-4.665805200460926,8.591719866794007
32.96927083,-3.4305787165218566,-4.758282020011702,8.533860539169892
32.97931683,-2.4359755623152584,-3.9458615438226263,6.750171900864351
32.98936283,-1.8502956400352624,-3.4126888544258214,5.8368778198540925
32.99940883,-2.057120925317132,-3.1755809982443806,6.209794133800375
33.00945483,0.050142278593931736,-3.2432165509233264,6.553927143452027
33.01950083,-1.146856666996283,-2.981403975788736,7.052707875088956
33.02954683,-0.9818987986809895,-3.917268894277215,6.826899993122184
33.03959283,-1.5576651803168762,-5.4914525343281815,6.467618138002118
33.04963883,-0.7440481218527814,-4.7743562692646355,6.758410736764905
33.05968483,-1.6856952683432924,-4.659564176220139,6.557130519020925
33.06973083,-2.6654094752977717,-7.014920797173005,6.30460877162853
33.07977683,-2.0077535426596613,-5.2802706491799185,6.2724952565148495
33.08982283,-3.9432728374055843,-4.072972430089827,5.585500211522176
33.09986883,-1.6666593032041004,-7.056078498385662,5.55486332875546
33.10991483,0.501289718765537,-4.356753299464787,5.4100795620464375
33.11996083,-2.9477309560362306,-3.6286219279676075,5.618748669228166
33.13000683,-2.5877069202742997,-4.418022056538588,5.383760254294456
33.14005283,0.17983531801047786,-3.109598430577867,3.683291214689662
33.15009883,-1.9129695167988798,-2.449254970854897,2.654143263244559
33.16014483,-0.2761314537972394,-4.0215984144986825,1.827222366960828
33.17019083,0.06529580446375423,-2.573151438181094,2.418901773668758
33.18023683,-1.3963178369308504,-1.3844261896067902,4.0286248029767675
33.19028283,-0.1610987664617019,-1.9962081239273868,5.025473585795216
33.20032883,-0.6475903162757415,-2.296391910832089,4.797035951852416
33.21037483,-1.5696313594820663,-0.5757253093770972,6.254248305140542
33.22042083,-2.1114480673184333,7.418350010279793,6.067029269948466
33.23046683,2.7979967378016317,-0.5265746821924128,4.039729172979905
33.24051283,-1.7581814356593197,-0.17309006148129297,6.401084945804265
33.25055883,-2.427661899961506,-2.0823454921573177,5.511826949421582
33.26060483,-4.017777977172288,0.7902375256232751,6.4731819841918865
33.27065083,1.6755994058460295,0.03226516551613702,3.693614195770668
33.28069683,-3.752437686433395,1.4963563121627022,4.152111394598176
33.29074283,-0.4742203824407178,-1.9715207603523959,-0.5134949636103376
33.30078883,-1.437847913711753,-4.806878510467314,-0.12120965929499011
33.31083583,0.7318189443809364,-4.2018119905263935,0.11521783401104782
33.32088183,-2.59404959423362,-2.577694558041201,2.1649339494681055
33.33092783,-3.9054242348556336,-3.7564692862325764,1.1018455476196258
33.34097383,-4.01116478067741,-5.252856770361821,0.9443186219893576
33.35101983,-4.602702046905254,-2.205364466869346,3.4833213310058775
33.36106583,-2.683558202944339,-0.5786812503322611,3.608540028385685
33.37111183,-1.6143875291331846,-1.4297214276845158,2.560621541742281
33.38115783,-1.7175518533280625,0.6239383695557621,3.8354698872354427
33.39120383,-3.8916509736421454,4.60019998497117,8.692599332176895
33.40124983,1.578616517355909,2.682229917442453,5.544804231987409
33.41129583,-0.22583388970663254,5.0010382161799365,9.24166997062181
33.42134183,-1.5487349752827242,5.518383572225855,6.465436584212017
33.43138783,-3.6933087850029382,2.619790413597011,10.308721405508138
33.44143383,-0.06163697871486186,3.118688335960418,7.6834208148423535
33.45147983,-1.5407647616447868,1.414115987342209,4.4064193123389845
33.46152583,-3.1374499992563027,3.513200053121013,6.418992776818407
33.47157183,-2.3882276485583667,-0.00786870641839958,4.935997356526945
33.48161783,-5.191904614254781,0.7824808991802973,7.86088785588247
33.49166383,-4.318521176413844,0.7125376261869762,9.228736840788002
33.50171033,-1.7477113643816877,-1.0902798176899633,7.623077007987227
33.51175633,-0.035701438843003704,-1.441205522041944,3.847522460950457
33.52180233,-4.793445101065621,-0.5828033050546108,6.959269529603726
33.53184833,-3.869656832998721,1.6799803656039465,7.029362762347595
33.54189433,0.06808178744659929,-1.368046269917878,0.435007677581313
33.55194033,-2.1421849439600775,1.606716676403167,6.2967290596422165
33.56198633,-1.4174720448426261,1.3017977786446275,4.784160193088512
33.57203233,-2.3720890043072016,-0.6771492417638352,3.5671705045170023
33.58207833,-1.109039552022172,0.9032452300653139,4.333358877466196
33.59212433,-3.1632216480411386,0.8045194047773085,5.225095961012487
33.60217033,-2.153079514218295,2.3906709206821466,6.943924454906459
33.61221633,-0.6004232521857658,-0.6892279144564519,3.7561736940359376
33.62226233,-4.212895448151443,0.710938692578375,9.141137803731311
33.63230833,-1.203516988390867,-0.059917070230527926,6.288314980054997
33.64235433,-4.894275672630688,0.3287807380295471,10.004149760097876
33.65240033,-1.6132513106801498,0.6490137772113133,7.776321200643788
33.66244633,-2.517823609238438,-0.7253022621565637,7.539756888545692
33.67249233,-4.217783524753942,0.4128110680493541,11.022012519477645
33.68253833,-2.3028574974828047,-1.3085750315328497,5.471144982857746
33.69258433,-5.461218689464908,-0.8152880997617269,10.132165257365378
33.70263033,-3.130472304502926,-0.2502343249515567,6.453296073659066
33.71267633,-4.175510738010475,-1.4366639165698882,5.6311039505149845
33.72272233,-2.113797025279861,-0.9212306994729113,6.395049539187237
33.73276833,-1.7036488319451069,-2.145238299035145,4.103376004055739
33.74281433,-3.330810455782655,-1.673947159755244,6.711086990176484
33.75286033,-2.503596957459334,-1.3779830505347448,5.8253564380264935
33.76290633,-1.5428225800815323,-2.1897701399326177,5.620440863670175
33.77295233,-1.853577156550744,-2.3159102138947762,5.7153969855668905
33.78299833,-1.8098469003681947,-2.6884809197598525,5.661894906813658
33.79304433,-1.841523672615076,-1.2029040499573058,9.253787798237564
33.80309033,-0.9855849910811811,-1.3547988541720644,6.171404231779227
33.81313633,-3.3561355644556317,-2.4915871042307023,7.858968036731188
33.82318233,-2.3242842714069285,-3.0963858694181456,4.278497846433864
33.83322833,-4.597729276614569,-2.7315790570415106,8.082958149054367
33.84327433,-2.3288102334814664,-0.9144201898230698,9.81517593202136
33.85332033,-1.4197847348439898,-1.5039270771050706,7.015784400524157
33.86336633,-4.243628506857575,-3.099613703430879,11.061877372514878
33.87341333,-0.9937885903665795,-3.4819695180715353,6.861415763399964
33.88345933,-5.2131963782249295,-4.711625984338049,10.169287748055275
33.89350533,-1.6988477658888355,-2.2285697423828386,9.338008050635503
33.90355133,-2.65026344325919,-2.584338763924806,9.021246365420884
33.91359733,-4.04893460355175,-3.7391375193958925,10.621044012512428
33.92364333,-1.3819286717585237,-4.546907131955734,5.282640404224346
33.93368933,-4.338948138489351,-5.13851495951649,7.630609013636612
33.94373533,-1.5150857581330586,-2.720010308813076,9.773595295917206
33.95378133,-1.928432609651002,-3.10322370258468,9.069480908505659
33.96382733,-2.636542797015272,-4.211138443615524,8.316354689348712
33.97387333,-0.4242891065174525,-5.1463856439938915,3.4948121998055623
33.98391933,-4.335147296893693,-5.181646373621499,8.45411884698745
33.99396533,-0.6750890295088673,-3.383647192249463,7.762153016672753
34.00401133,-1.6186029222536773,-3.5107349126224032,5.809002685026889
34.01405733,-2.2429540581950973,-4.195852992016717,5.558192176656679
34.02410333,-1.0897338442676874,-4.381107276463328,4.74373889168022
34.03414933,-3.6618986027888436,-4.465745486520344,5.219758651562016
34.04419533,-1.7826940602190984,-4.159892055911836,3.848275559342054
34.05424133,-1.5456893811979269,-4.607467892034012,5.128304197558443
34.06428733,-2.1539802337367435,-4.642377983036766,6.411689085936
34.07433333,-1.1712103539327625,-4.9682213836639475,4.197843368944348
34.08437933,-2.6631242655101426,-5.442929849233409,3.8441662711079796
34.09442533,-2.519065204437007,-5.035050529177512,6.062570581533729
34.10447133,-1.9380961394558758,-4.279369591928389,6.650545240914473
34.11451733,-1.3859650521607607,-4.462353813505639,5.811636267748264
34.12456333,-0.8490192263064925,-5.287925737635385,5.3949858581221495
34.13460933,-3.6181989892038025,-5.158397518616373,6.799476742141712
34.14465533,-1.490440967665166,-4.593757663086982,7.983070817599796
34.15470133,-2.8410806966962188,-5.458254060253279,8.30217982649452
34.16474733,-3.775848533255338,-6.133985505329961,9.275421818614896
34.17479333,-2.116555582242003,-6.386537843010969,6.736855541835518
34.18483933,-3.695185309446532,-6.384788931042403,5.234393413213994
34.19488533,-1.0868447233500935,-5.492641782193104,7.956018968836402
34.20493133,-2.735484290615608,-5.582635871494635,7.753901622516223
34.21497733,-2.8372131373369402,-6.221603810567836,4.532628522047663
34.22502333,-2.345562348045882,-7.509232979781415,3.7206133631876988
34.23506933,-3.6006690815177502,-5.873301139229931,5.256880915414513
34.24511533,-0.5135696706468147,-5.9091106322839035,6.222583457680721
34.25516133,-2.6212444366943206,-4.824579416508175,7.613060068414764
34.26520733,-1.3439836515117252,-6.199015666706247,1.38114159336384
34.27525333,-2.557922623424642,-6.911655340332618,3.1451625450264076
34.28529933,-3.427452343746959,-6.060591278782487,2.957784111618942
34.29534533,-1.6572865540283401,-5.560003814040822,4.283109339868141
34.30539133,-1.8320239013360686,-5.956673950536961,4.612450135841416
34.31543733,-2.881892573347044,-6.317724963218085,2.3198683100601225
34.32548333,-1.5627910637393734,-6.7853036804796725,2.518119610984474
34.33552933,-2.5686606085845884,-6.396092926968377,3.302056920733185
34.34557533,-0.6025578639057173,-5.946659630766361,2.8069446739467265
34.35562133,-4.021529296167307,-7.279968183412614,6.187717390648448
34.36566733,-3.184155458476392,-7.171344333178327,2.5442010527851115
34.37571333,-5.200360604852821,-7.665359572426636,5.621307398655909
34.38575933,-3.0064824992794223,-7.743671274386458,7.023544267273221
34.39580533,-3.6595991187386736,-7.14218274786129,7.491443838582958
34.40585133,-4.309490390233094,-8.211942807931257,7.598901886314182
34.41589733,-3.4962561718944927,-9.071727100041203,8.113870887139267
34.42594333,-4.389967251135888,-7.467106905377383,6.240705809683624
34.43598933,-2.397489324097959,-7.9274691406252185,7.658198449076973
34.44603533,-2.368811734613642,-6.340611649940413,10.679338565078416
34.45608133,-4.58405946790934,-5.772393329477534,0.5408467231890264
34.46612733,-3.9205035460823305,-8.329778067828377,1.8275779682920763
34.47617333,-3.4136643600950753,-6.953470489633696,4.472369244708136
34.48621933,-3.8203354169966826,-6.932662199353064,3.5296198436368265
34.49626562,-6.720588848261162,-6.978891841246787,2.8809552988305773
34.50631163,-4.622445639123813,-7.84896479482624,-1.9086263990086199
34.51635763,-5.286291204813423,-9.125046651252216,0.9410515252797318
34.52640363,-3.7643915430392587,-8.667034310196389,1.9253478247977962
34.53644963,-6.614896608185617,-8.569999001633592,-0.14111877894516764
34.54649563,-7.586150412247962,-9.889027990514368,2.7623625881439455
34.55654163,-5.894468460133725,-9.395772442321386,5.265474339566679
34.56658763,-7.191591896075235,-8.09644472752014,2.183362816051173
34.57663363,-9.479326167955728,-9.877923500978516,-2.529311211756347
34.58667963,-9.887986552965325,-10.438941154804972,2.809439384739326
34.59672562,-7.927625252232909,-8.361636001668938,5.496455533940053
34.60677162,-9.458296323059503,-7.777025831933264,2.8523256488885034
34.61681763,-9.686893580020058,-8.170825701474552,4.28752851100182
34.62686363,-7.044308908898249,-8.016482897359547,6.488296745661211
34.63690963,-7.326342284472227,-8.678461002588092,4.662124104037334
34.64695563,-8.396067193964527,-9.135676752617929,4.031225437917435
34.65700163,-7.550537788241666,-9.711107346805553,4.226899550237283
34.66704763,-7.505852317753098,-8.38089083820928,6.755257822746437
34.67709363,-6.242050355731031,-8.763791880291665,5.963351764746906
34.68713963,-8.358067840994915,-10.73183188291694,4.175939045136753
34.69718563,-9.285396477919974,-10.681556727783446,4.79433927860569
34.70723162,-7.832882681023286,-10.36759582290319,5.40197760572885
34.71727762,-8.840982245427426,-10.664137261958052,6.438662566230512
34.72732363,-11.714589539984685,-11.140264410387065,5.770783907164298
34.73736963,-11.80234272564993,-11.522837473868735,8.196578124627672
34.74741563,-8.648905763455499,-10.835286971574904,9.782723190467449
34.75746163,-9.960558132031064,-9.876275952681146,8.347901003336506
34.76750763,-11.316829779010202,-9.233390816556478,4.359608750730365
34.77755363,-11.89007544167117,-8.38054608612886,6.901834831244312
34.78759963,-13.671191612488167,-8.269493499520166,3.062568576898912
34.79764563,-14.709609915978058,-8.623164137335138,3.8451213112956983
34.80769163,-13.895313313727652,-8.375254907354705,0.8405616035300016
34.81773762,-17.908251489415704,-9.270238783009317,2.026042798069585
34.82778362,-25.017257000470696,-8.963742580580618,2.225630738902404
34.83782963,-20.913870023531437,-8.132862600428693,1.7530389438357774
34.84787563,-13.307277746015851,-8.819871851685939,1.0051122336680214
34.85792163,-18.15419682328722,-9.75378139188249,1.8922180621093034
34.86796763,-21.39120862894841,-10.216115839952602,2.0693956159417493
34.87801363,-15.071838397313126,-10.639441572950902,6.915929187203679
34.88805963,-15.289132853141144,-9.397861670750586,8.87905239493627
34.89810563,-18.188502355931877,-7.463419221566003,7.48365379623945
34.90815163,-20.143833252062997,-9.634432620577217,4.2244270000125255
34.91819763,-18.601341729683078,-10.36869737870186,9.241261520365748
34.92824363,-18.04844408765889,-8.288870773302865,12.216508536946838
34.93828962,-18.037039726682533,-8.137272462296107,8.56286505384322
34.94833562,-18.04517413473369,-8.043364496037025,9.390196435256325
34.95838163,-13.023605729665189,-9.690981714552677,11.931598053517266
34.96842763,-17.786978311398304,-5.684975026575514,12.266051190572366
34.97847363,-20.81767778551814,-7.00421760219865,8.094782316200915
34.98851963,-16.257182880489946,-7.471958965899598,12.08210459604795
34.99856563,-19.65303296884017,-3.164143368652678,13.117770517321183
35.00861163,-24.132454062135718,-7.4420648425708675,6.590751811230889
35.01865763,-22.79551423330669,-5.601018342837396,9.834846115768496
35.02870363,-23.09620781557603,-5.456340978698033,8.902557303771324
35.03874963,-20.309978036782002,-7.20052757771809,9.526887103776497
35.04879562,-23.907721513557878,-4.4282899618481695,9.273067282048872
35.05884162,-23.69740339515996,-4.92110842781998,10.80038486707032
35.06888763,-17.369424531311292,-6.002398896233895,12.335576126135248
35.07893363,-22.83607162164765,-1.39768709139936,12.612542292567914
35.08897963,-22.673133518600032,-5.34966260631131,10.551271009187053
35.09902563,-18.156568991060205,-5.283909605616748,13.79249948247525
35.10907163,-21.18648291665949,-3.2800270415527257,16.999607145294053
35.11911763,-18.317716319880873,-5.338488924830863,17.180703352671973
35.12916363,-19.226009873360596,-1.7877847716883675,17.246805598048077
35.13920963,-20.261101920132084,-3.841799859982401,16.03001192757638
35.14925563,-16.317007227339204,-4.244494212762912,16.294198357877093
35.15930162,-21.522666117166857,0.5134087372250399,15.391477996070602
35.16934762,-22.03684689577769,-1.948949000876626,12.408058059994982
35.17939363,-19.331198965178622,-0.21387128720240317,16.598712541407927
35.18943963,-21.662525385229134,-0.4135818975913942,14.247958419970555
35.19948563,-22.58471429698969,1.7342081887331995,15.755043077049375
35.20953163,-23.1723247119551,2.722999844432731,16.345400246764637
35.21957763,-21.52807976516673,-0.9956525304121654,15.757228629276673
35.22962363,-23.162507932918906,2.8805698988820634,19.89856016706032
35.23966963,-24.023376611469047,3.6682048265912948,17.97983739633714
35.24971563,-19.966528964831916,1.7208142562035627,17.908145904120914
35.25976163,-19.62046474622062,2.9671958846977406,20.285493478951263
35.26980762,-19.08539094822482,4.5396431294366115,20.50778888936583
35.27985362,-17.876822910367114,6.301248096768152,18.83917047812883
35.28989963,-14.784298027913454,1.8475058865013325,17.247311401895583
35.29994563,-13.020824921778864,3.705836835555958,22.375950969067777
35.30999163,-14.287406312687796,5.106455507165336,23.327870597249206
35.32003763,-14.791961624449463,1.201552774119915,18.76140607966148
35.33008363,-14.995588793787837,4.67981348897139,22.058940859797996
35.34012963,-14.919665609618342,2.227148095966876,21.73813254062843
35.35017563,-14.569080064777848,3.0814158629471864,22.02522549285834
35.36022163,-19.511102889757375,4.088635701408063,20.510472952986348
35.37026763,-17.264266034658693,3.337341156049246,22.113718477359548
35.38031363,-15.4270064061138,5.916840050401059,22.64812974914004
35.39035962,-17.659041571553686,7.056133556111063,20.678918520615994
35.40040562,-15.756793745331096,6.752285228104793,21.781867297796154
35.41045163,-17.875817432825528,8.153409088976737,22.78565714698296
35.42049763,-16.15014794242474,6.982653885291,21.799449626665393
35.43054363,-14.102244740167118,7.204352732816886,20.92941750101524
35.44058963,-16.056562756362332,8.011038594744054,20.751507037253084
35.45063563,-14.514502471620737,8.880751449424816,21.990617023215172
35.46068163,-12.597034993670647,6.943380937286342,20.030851701043446
35.47072763,-12.959441503666948,4.332696304110652,18.29263702064495
35.48077363,-10.148658293078944,8.358276084089706,23.46491975699356
35.49081963,-10.141751167011883,10.287702853349465,22.959392440153525
35.50086538,-9.118959734610034,6.192521389677809,21.13423505009101
35.51091138,-11.195715749538675,6.200044707636522,22.172070130240613
35.52095738,-11.481167283417566,9.647339895277398,24.413750029564135
35.53100338,-9.507947068714326,8.185016152865211,22.22912027626414
35.54104938,-8.586161575932001,8.664816290402571,21.797169317426643
35.55109538,-12.96021476826553,10.98835076770097,22.15752203349348
35.56114137,-8.749419665265346,9.693715714238609,20.427021216059373
35.57118737,-10.518924780365923,13.410463919723698,20.430401379691258
35.58123338,-13.867166217101074,14.94060727707427,20.224468943871877
35.59127938,-14.931981861999938,12.24813113265549,19.114464806403152
35.60132538,-8.723020447369755,7.2749957594903965,17.991262835689543
35.61137138,-7.956532690991181,9.740258805648185,19.164127307557877
35.62141738,-9.214806155268848,8.321478089055304,18.716464405705338
35.63146338,-6.947759670987986,4.974064779215216,19.131347995444884
35.64150938,-1.5916532458690655,8.039494376023988,21.112437592811762
35.65155538,-3.525549356099802,3.97988632856834,16.59050809181169
35.66160138,-0.6870974485839492,1.994809016800725,17.204062562890215
35.67164737,0.9190902014064782,6.892599250830898,19.34807716803961
35.68169337,-2.272055715312232,3.0880399921395485,19.04519004772704
35.69173938,-1.3589148621132148,5.531975582032189,17.067372703557528
35.70178538,-6.686866881076254,10.025429820439205,17.328621856627734
35.71183138,-4.810440764619086,5.664162895585329,16.896703722140455
35.72187738,-3.0416751014796146,6.327234016928868,16.145770888330652
35.73192338,-9.542837125844681,7.194854666523072,16.6095615998469
35.74196938,-8.100990864276381,7.439762644480041,19.765791000709132
35.75201538,-6.29015023294017,8.506689849399239,17.10047762711502
35.76206138,-4.937565303864113,8.405229932559326,15.968470550227194
35.77210738,-5.204500106373144,8.69557846906673,14.826103816209283
35.78215337,-7.8770804975346405,8.945613814296934,14.506634685829582
35.79219937,-4.511047132849108,6.751399289653976,12.774557454128178
35.80224538,-2.690404980025485,7.705119620632514,11.837698303336689
35.81229138,-3.66959480320164,10.03650320761302,12.596440155093543
35.82233738,-1.4386054168608742,9.425677225866655,12.234138623514406
35.83238338,-1.5583849746177787,8.983975376545196,12.303928904724073
35.84242938,-2.94766046251909,10.705474031335207,14.028254897749925
35.85247538,-0.15302060666131584,7.136717452582744,12.99325064429766
35.86252138,-0.8205131561596455,6.496725149476883,12.041466265750254
35.87256738,1.2539695458538163,5.343393302193333,12.323364026679377
35.88261338,-2.0154630362813433,3.069886873816278,10.160847768153223
35.89265937,-3.7344049754034163,1.090715041636631,8.510302189223449
35.90270537,-2.056800664815313,3.4185795528056033,10.95082177739437
35.91275137,-1.6073548445140755,2.7753083300815002,10.5651474001531
35.92279738,-2.980007161802307,5.1096959251041065,11.92464533903738
35.93284338,-2.1862521726666326,6.398476036111731,13.878810032499226
35.94288938,-2.036030379321648,2.6394990794792226,10.351646707926658
35.95293538,-2.534999392313717,2.458804181298774,8.207935601281571
35.96298138,-1.74455448295625,4.2520485962601215,8.857776241151425
35.97302738,-2.9243027943839977,4.077586787058158,7.806087492371864
35.98307338,0.008153134970892921,1.8555968744258176,6.743822619124464
35.99311938,0.4456797747373479,3.120344991086331,7.560904873293665
36.00316538,0.13249561546024552,4.116681027885305,8.319024583556859
36.01321137,-0.8331313755633525,3.48022092743356,7.700857241152495
36.02325737,-0.8810132247791984,2.001297813155869,6.578511710164262
36.03330338,-0.49693181711157053,3.2090398302862653,6.485634991718738
36.04334938,-2.2407724655409473,4.206171247851947,7.532353435451908
36.05339538,-0.3320074898174822,3.269426599915871,7.756133252078411
36.06344138,-0.6850411634080226,6.467789202320807,8.60445238686904
36.07348738,-0.8830762740001797,8.62763993001781,9.712637622180763
36.08353338,-1.4628667256229662,7.954930894783829,8.188711784171783
36.09357938,-1.6759164440089815,8.150573242546933,7.682456087951815
36.10362538,-1.409545844432383,8.610357221607456,6.9555980723624256
36.11367138,-2.436932485598566,4.950591244895182,6.766205636689734
36.12371737,-2.6998138577011286,2.637379901621109,6.225856045592684
36.13376337,-1.715600491602021,6.339469291299424,6.899382668489779
36.14380938,-0.8696808996383222,7.339498374465297,8.446850258471251
36.15385538,-1.425687251389093,7.265772819241154,8.77892539771262
36.16390138,-0.8997748190919344,8.661560834661424,8.878618042585813
36.17394738,-0.7857495684709369,7.0832517966209245,8.677261071621746
36.18399338,-2.809051041255222,6.756246156991804,6.933415479859041
36.19403938,-0.6124106247551708,5.183860639531654,7.784300773138359
36.20408538,-0.36555107663898306,3.3429736073546623,5.474838889975733
36.21413138,1.3494818132519966,4.162321182249989,6.226093756403874
36.22417738,1.978774068379619,5.71396433591802,7.525947828276781
36.23422337,1.6035555767688394,4.518943994200046,7.327487862471703
36.24426937,0.19550091424559712,3.323501091856489,6.383505081954776
36.25431538,0.1113937308940602,4.9441208553556875,7.848451875941632
36.26436138,0.2479496098453358,4.933571485188238,8.550440531588087
36.27440738,-0.8490390359758506,3.348244416395568,6.420031159338809
36.28445338,0.5951671483143348,4.800717004642699,8.345497717126994
36.29449938,1.271608350336532,5.920012298722198,10.265286759120904
36.30454538,0.32225824619152416,3.7834092931328622,10.353795229486499
36.31459138,-0.5740006074992686,5.984090011165941,12.12233614141795
36.32463738,0.5903972714328773,10.640972895431672,14.278643348982932
36.33468338,-1.0222651577890187,11.197495973936492,11.030156869858333
36.34472938,-1.4685267320836934,12.309999588454156,9.033463698792092
36.35477537,0.7517646379421193,11.597515179367686,10.50051487999165
36.36482137,-1.981811316433158,14.167687286629517,10.022627881331026
36.37486738,-1.5804448151046353,10.474266199686582,9.088486226240985
36.38491338,-0.14546184471601084,6.962034414698606,7.754081139755813
36.39495938,0.8550396868121666,13.631486907096615,10.614273859116206
36.40500538,1.240962085702984,9.023849686588164,10.957727877008017
36.41505138,1.1272991778720058,4.927624080310476,7.376371916134446
36.42509738,-0.2847280159124417,10.629135181512066,9.698844162243862
36.43514338,0.029936318545996925,10.866213287215496,12.0872386645082
36.44518938,0.30161583035509104,5.349641015908588,12.653078126502793
36.45523538,1.0366700468394578,4.222509614214287,13.463308541005778
36.46528137,1.5414485933583264,10.497080457559495,15.500026188998868
36.47532737,1.8219558046201165,11.88956888264762,13.50045580642241
36.48537338,-0.1617949684594971,10.85837631279713,9.574945020915091
36.49541938,-1.2617357551865571,15.041073858515714,10.745306585096797
36.50546508,-0.286481688378867,18.588023586667227,13.128534097721987
36.51551108,0.29164705594394835,13.680543882980862,13.469790572287131
36.52555708,0.26080329358201676,12.099976530034416,10.421866195177433
36.53560308,1.3785114363561566,16.37400226013574,10.776996581681397
36.54564908,-0.005115055000220293,16.571439136504228,11.878446843985357
36.55569508,1.5549732094510276,12.930721745510438,12.73800503939701
36.56574108,2.237950918023216,13.256132697119371,10.608360694445276
36.57578708,1.0544000998962748,14.319316857616984,11.036834650901254
36.58583308,1.739624885021417,12.109795974294034,11.118856854373325
36.59587908,2.8895890428928506,9.795498456767348,10.480219339579945
36.60592508,2.845295535437966,11.448601465551116,10.803396964558821
36.61597108,3.430039233574307,12.971715003072212,12.253408093138436
36.62601708,2.4062831456008067,12.01420742862261,11.076506749039751
36.63606308,2.242354824946414,9.51325637159432,9.969784375830146
36.64610908,4.614016336034534,9.018273030052312,11.962315781903502
36.65615508,2.881640729941389,10.279323338245682,14.230616144578448
36.66620108,1.8183496258719705,9.090092950367428,12.819959058100515
36.67624708,3.2725689915373235,12.698878435323673,10.933182888633661
36.68629308,5.013031226942451,13.850635797528073,12.02137213338674
36.69633908,2.4419282033079064,12.888217312075609,9.698871309743819
36.70638508,4.346361787304747,10.958009724586391,11.572628552741454
36.71643108,5.1332304975886265,19.436021991353854,13.523701788715094
36.72647708,2.918922075892867,10.425693391667224,11.657640027499175
36.73652308,3.5037225255216975,11.065507362923913,9.195799194633798
36.74656908,4.507730224978479,14.97631501017383,13.12020365832865
36.75661508,4.033462546971713,11.625128352426794,12.777212519241651
36.76666108,3.8251584666645027,8.060026846968501,9.769010908918057
36.77670708,4.789265745643207,12.429166107119064,9.776267495229026
36.78675308,5.033719740656132,10.589286117255508,11.571385324687173
36.79679908,5.090881160770071,10.571729653019052,10.366584192746217
36.80684508,1.5219286329379296,6.936598966315969,8.743082910957357
36.81689108,3.9761718423915626,10.565805786743697,11.759223896867724
36.82693708,6.004490746206184,8.077599901772059,12.986340173655645
36.83698308,2.169689312109805,7.317862011554946,10.547315170545039
36.84702908,1.725164648641687,5.776443268499472,9.227992061675538
36.85707508,5.2198536473507655,10.589908384791775,11.548581354054965
36.86712108,1.5965607132396782,6.959796153138263,9.834850148168652
36.87716708,2.592282779740933,5.592325562707072,8.205062384804533
36.88721308,4.0320903725870165,9.1670867536228,8.984582825003516
36.89725908,1.1156006866119639,8.275881169097799,7.411369704952028
36.90730508,2.6722909406974615,8.016008595994569,8.049426447362798
36.91735108,3.1823617042200976,11.45780611995931,8.544543711897338
36.92739708,4.127078714104483,12.576011698876536,10.053653848317728
36.93744308,5.992133449492745,11.536929553861178,10.870038696575895
36.94748908,5.0756332811492735,13.589378266160567,10.12062027236491
36.95753508,3.716752486447919,11.479678516289786,8.085597364079696
36.96758108,4.338219335436486,11.639658385418253,8.540281396361584
36.97762708,2.2390331933425514,8.664131232849563,6.507295335651833
36.98767308,2.6632514453320764,6.8211067909785505,5.694708171937968
36.99771908,3.98967981640247,8.042542725460837,6.490992331925746
37.00776508,3.990796095738155,6.272215374343943,6.447962368918465
37.01781108,3.149021552287469,4.664993644091078,4.798794193084494
37.02785708,3.2504781028317518,5.835396735468415,5.078349019500584
37.03790308,3.1730401218744513,6.135288627206607,5.391679651251808
37.04794908,3.8773568183549685,6.435544919682997,6.097595560387875
37.05799508,2.9782142440101302,6.760426301319969,5.260356350485778
37.06804108,3.7626781726364413,6.358546954727223,4.91266387978031
37.07808708,4.391549408750598,6.2244556287727,5.051220416496479
37.08813308,3.82113627963819,7.217382310890265,5.064552900265798
37.09817908,4.5465605554941,6.636646947588816,6.236734002375581
37.10822508,4.653310514571562,5.34598364362186,5.874238267610729
37.11827108,3.403527850500578,5.4259725720645235,4.400939150279917
37.12831708,4.583670961278361,6.250318650433565,5.32659791309369
37.13836308,5.444936321033444,6.013744660848623,6.072922791797055
37.14840908,3.766885030975285,5.416455579245149,3.8915835298503354
37.15845508,4.12298768758266,5.448813785439955,3.170261563208174
37.16850108,5.110045111067032,7.0613075227548485,3.3965722333396178
37.17854708,5.401152631760531,5.8013155427755185,4.315644950905718
37.18859308,3.6160105178466178,5.343386593108731,3.169927349520964
37.19863908,1.797697583412947,4.612487637400383,3.2782027612330835
37.20868508,3.0305968598360757,2.494653239994533,4.694148476985115
37.21873108,3.946234429331737,3.1899972848291447,5.123889659017438
37.22877708,2.2472088326041004,3.876618743205075,3.551683484558415
37.23882308,2.9510820501855477,4.107860221558354,4.061643061811254
37.24886908,3.708640460924558,4.6053854852955585,4.565834889867005
37.25891508,4.199174562327004,2.7771083775127514,5.571616966493274
37.26896108,4.361240557026948,3.1766498052702627,6.1324401351672675
37.27900708,1.605194988484908,3.236235069575064,3.5411392381228124
37.28905308,3.1051792711640798,1.9018467923899696,5.147931420392045
37.29909908,3.315426674226676,3.1102087212157414,4.137880840166987
37.30914508,2.1754899058819137,3.4453628572817854,2.746311533735757
37.31919108,4.860356079983509,1.6656463113980107,4.36475884230998
37.32923708,4.260346138847264,5.040476440478949,4.8026449385993075
37.33928308,3.216577170838897,5.201269376874169,5.308320236421391
37.34932908,4.1429185578850465,2.4610084361748976,5.72936697286245
37.35937508,2.5030603551280723,2.9903406882127426,2.4628857384708
37.36942108,2.678893880754826,3.3040028944366306,3.5428733000245236
37.37946708,4.0516890300793795,3.92872410648726,5.5939171219786425
37.38951308,2.3380641583141157,3.5089348069172024,4.373655973299051
37.39955908,2.688780545251039,3.0644929230545173,4.085523357721939
37.40960508,4.648872900145182,3.7254589468926858,7.832309790413879
37.41965108,4.8011088217893185,3.020093640010874,8.93936903734903
37.42969708,4.275034852566318,1.762113934688118,6.86747698948575
37.43974308,3.96317100637171,2.4199127956216504,6.905934792869213
37.44978908,3.6775252936100022,1.0552531460756558,7.9480867656602046
37.45983508,4.09376885258057,-1.544141488186968,6.577821327969449
37.46988108,3.743732221946542,-0.5800978965375492,3.5091947255756026
37.47992708,4.257413386937567,1.5991680081316317,5.9217617009726
37.48997308,2.155191498975525,-2.0586172818532145,4.06033995362026
37.50001971,3.1908248351969144,-1.2202365754609645,5.639090535497615
37.51006571,3.9670347323999584,0.09670727369094313,7.427567039576995
37.52011171,3.253293845926957,4.304748929339029,8.753808703281786
37.53015771,0.9635026153471132,-0.36219602178179305,6.060117261758717
37.54020371,2.3903107363768354,2.0679376886662983,8.118681754044772
37.55024971,2.774583793964159,5.618190093712294,9.408935943863979
37.56029571,-0.3893676299905219,2.2225871169360127,8.57870159725521
37.57034171,0.29653461029425304,-0.7197572647534671,7.1467932616749845
37.58038771,1.7124108440467165,2.26372910833288,7.06058055893288
37.59043371,1.6390491317523466,2.2808975796307727,7.808838837110708
37.60047971,1.0157158264538837,0.07176911983748224,8.88008571334335
37.61052571,1.566054414028652,-1.7305673551635719,8.271353925750269
37.62057171,1.8921092794862202,1.7711406729767656,8.944992567885203
37.63061671,2.9823479194047313,0.9439758383375303,12.565109925208727
37.64066271,3.215883626414403,2.537080574228472,13.8367884446705
37.65070871,0.5968107071734192,4.221714441601415,8.538579549742877
37.66075471,0.5859020660697951,0.9189868342347024,9.586891163825639
37.67080071,1.157297941273829,1.9448770735333645,8.978723425449283
37.68084671,3.0306319935350285,5.007063188575442,8.540534832314485
37.69089271,1.1408566828601805,1.6668199638479624,11.531221254284715
37.70093871,-0.16136816276852872,1.7827199222503975,10.306060883120368
37.71098471,-0.0068469850261264915,2.2280195612730234,10.681089483784197
37.72103071,0.41038084181004514,2.839958953216642,9.953114791895599
37.73107671,1.813685280802179,6.05549216610619,7.240639682358261
37.74112271,0.6884004996260275,2.267106996035973,8.985535897322881
37.75116871,1.2628034746387595,0.5925350328771966,10.73711619407867
37.76121471,1.6854917891962526,1.027362725552475,7.504291036908473
37.77126071,0.9003254785907779,2.325386562421349,5.715088720433662
37.78130671,2.7859977656855497,1.7291362312493368,9.398794451322464
37.79135271,1.5515193713756128,-2.453180152701893,11.076888773682539
37.80139871,1.598926843263335,0.2175047264256953,11.473407715290735
37.81144471,1.138298850416335,-0.5174372779618098,9.810749645367911
37.82149071,1.1209366843224489,-4.584617240006959,12.333972277675963
37.83153671,0.6750781041516751,-3.395534308317787,9.600522315583852
37.84158271,-2.1715594432570575,-2.919810117728271,5.160129245209215
37.85162871,-0.6197663078606848,-3.129675439206948,11.372625963134787
37.86167471,3.071101351285707,-2.9480861893963444,15.703267592658122
37.87172071,1.9118588693805112,-4.418746869356131,8.381290212761039
37.88176671,1.371751288279422,-2.2994216471633133,4.444981960961384
37.89181271,3.337782667764873,-1.1668865530133932,8.114762996812924
37.90185871,2.8208294506906695,-3.1807656448377113,9.749420068724852
37.91190471,2.7910009919266137,-4.550201353948765,10.920850997849769
37.92195071,3.480621540156226,-4.328534006460862,11.271078733867748
37.93199671,4.571255784594414,-3.0687813112805555,11.796666798964623
37.94204271,3.441586506840347,-4.812754464257299,11.88261382054993
37.95208871,3.7473726929292503,-4.179617185363211,9.881151314676549
37.96213471,3.928933112116504,-4.087034772361783,7.472086990613719
37.97218071,4.898439681017537,-3.6921909147507694,10.739535736924473
37.98222671,6.117373630636882,-4.732707440213162,13.81761329095599
37.99227271,7.881655946102167,-4.8808828424463115,12.303197469000889
38.00231871,7.714892761862539,-5.3424899027734005,10.365651889822916
38.01236471,7.546531956538443,-5.160570936646603,9.611725769977536
38.02241071,8.300566412580057,-4.095235540781152,9.807290036911168
38.03245671,7.323373767122143,-5.5536605063458655,10.02473455344126
38.04250271,6.214171053573061,-6.814351439641411,10.979749453246235
38.05254871,6.639187361635144,-6.283789801702913,10.87444589218652
38.06259471,7.605273025031148,-4.089501624991831,10.289993028127746
38.07264071,6.360167860472459,-4.935131878687805,9.443641129400065
38.08268671,4.835513114265723,-6.774793303174406,9.86290510403863
38.09273271,5.268300590709498,-7.419913382039135,10.878040660439394
38.10277871,7.141866006568339,-5.934223488112826,11.813842829156105
38.11282471,7.68386483007886,-5.750532843514041,11.485624893844017
38.12287071,9.306224712387996,-4.7166312628573746,9.729701433523788
38.13291671,8.481082591557131,-4.551729505828605,8.366386723241213
38.14296271,8.040925565553234,-4.72925923708392,9.396092515656635
38.15300871,7.656138192955826,-6.86406651365041,11.01792541107805
38.16305471,8.051442669740378,-6.06980443932617,12.70211645272068
38.17310071,7.381495591342566,-4.346660648592758,12.329065445189883
38.18314671,5.257171199458494,-4.370678085652103,10.320691541283349
38.19319271,4.855143198563769,-6.349054191301253,8.614855997284938
38.20323871,6.282435790412659,-5.128678715290489,8.871742652955549
38.21328471,7.06002093137962,-5.337022298810171,10.623853756246836
38.22333071,6.5064304899194125,-5.82214628459207,11.10893148104105
38.23337671,6.156333989869807,-4.5847813335759975,11.274182583702002
38.24342271,5.440062589521224,-4.388130402285861,9.934541368360998
38.25346871,4.991004980215757,-4.378732623473294,8.450015268800241
38.26351471,5.221629773778853,-5.36768995009435,9.492090293763644
38.27356071,6.314040943261041,-5.303135844317987,11.285079967964748
38.28360671,6.604343507305386,-5.478153768388335,12.246281834530919
38.29365271,6.262388578998921,-4.327340920839433,12.14059427227908
38.30369871,4.607193031752308,-5.331581510962774,9.439092013312788
38.31374471,4.566766706617751,-4.189620243255807,8.207331134496114
38.32379071,4.810994299017647,-4.244912444582566,9.670825318749454
38.33383671,5.659400839527676,-5.065498666362263,11.672427508434076
38.34388271,5.821968009715618,-4.943744661801336,12.152281076111603
38.35392871,5.369132882162797,-5.258359354117803,10.083448650607172
38.36397471,5.533505965980025,-4.687487107713939,8.522259578007102
38.37402071,5.723730184184021,-4.127508876256809,9.156505075279817
38.38406671,5.124120094446309,-4.252002835456634,10.410535345650285
38.39411271,5.192312922215333,-4.66537856648749,10.613797940309727
38.40415871,5.321242076190832,-4.6245526755675135,10.378928874365666
38.41420471,5.427188895258456,-4.348467940277155,10.671232661366345
38.42425071,5.817142286162962,-5.06635029627868,10.772762254153767
38.43429671,5.938593442296408,-4.660219620648025,10.68875415319996
38.44434271,5.234384821344221,-3.984457909602588,9.725112284514166
38.45438871,5.069652614218492,-4.654993134022984,10.151706974399334
38.46443471,5.577549863058684,-4.3889036339321095,10.608712333405665
38.47448071,4.948447309804278,-4.372300023500974,9.849147517866927
38.48452671,5.3341946323240625,-5.065529265051424,9.774216362374794
38.49457271,5.921611355407471,-4.566032868787744,11.540097042660527
38.50461813,5.731664451899401,-4.72022369572158,11.614622423910278
38.51466413,5.746591284466939,-4.593292679466858,10.473650459873188
38.52471013,5.627228515923755,-3.932217810534733,9.668250981999691
38.53475613,4.516756611790339,-3.808950159535425,9.470711447495043
38.54480213,4.47482505722747,-4.124332032829731,10.805094306529273
38.55484813,5.294679559575981,-4.480897158363848,11.24575918654134
38.56489412,5.0492755301773675,-3.652696867441925,10.264159982984303
38.57494012,4.0017298605354545,-3.5224636741117554,9.786564455777901
38.58498613,4.307727559414396,-4.083748393557223,10.291038655921723
38.59503113,4.948319023640928,-3.871615668504409,10.434736275164735
38.60507713,4.616880031981904,-4.046639374635202,10.295620345693832
38.61512313,4.465578880453825,-3.8719863024023655,10.183165794602736
38.62516913,4.458280428686464,-4.0429663209401845,9.779779934263221
38.63521513,4.831245595904344,-3.8158178502490587,10.007210837820168
38.64526113,4.597131352998976,-3.6448738707068205,10.123322373509568
38.65530713,4.3651742439730805,-4.146001076225219,9.777484731132258
38.66535313,4.431033182441485,-2.724999055265515,9.967848292590066
38.67539913,4.010269194694267,-2.4971370080863546,10.022005186432937
38.68544512,4.144406175017428,-4.021158808402941,10.247833070238304
38.69549112,4.682697439228558,-3.468570702388612,11.239747045836793
38.70553713,4.237421439863892,-3.2863114593836835,10.23989209769613
38.71558313,4.267785163678515,-3.4582545726432,9.982857279526886
38.72562913,4.405530624464128,-3.573764988713561,10.242965557449146
38.73567513,4.263148089506817,-3.490577408802737,10.461023301867737
38.74572113,4.059491198382867,-3.1929788456675077,10.203664477775948
38.75576713,3.9836518313242335,-3.0777670456800825,10.277661569914784
38.76581313,3.6447476296714134,-3.3180979701893354,10.087569016184082
38.77585913,3.866970408690969,-3.2119519613146768,10.51450838894039
38.78590513,3.8575979147955177,-3.5057094311202497,10.629312884684271
38.79595112,3.2268835583166715,-3.659304125445913,10.34959856753806
38.80599712,2.9454491630613195,-3.588350640548299,10.182412249344036
38.81604312,3.279818229510594,-3.3169554433603157,9.744414836708522
38.82608913,3.8590633869245003,-3.034169803950421,9.881483613443933
38.83613513,3.626869000292169,-3.1725960285472126,10.301551353769538
38.84618113,3.370608600169111,-2.996771048277608,10.602334773356361
38.85622713,3.702681642291252,-3.2206368329871213,10.726715121589418
38.86627313,3.937853702279682,-3.173444581788909,10.822702826168033
38.87631913,3.3518180906490254,-2.8738007754379593,9.879234365725551
38.88636513,3.358844351457623,-2.937820085217785,9.802801427991685
38.89641113,3.3718780582298336,-2.3127373096690436,10.044845477463355
38.90645713,2.603973734866954,-2.5036450441369236,9.81100305728472
38.91650312,2.589091289913649,-2.2590256093358567,9.917604513304124
38.92654912,2.7692501979578346,-1.9751681461876063,9.604843517823818
38.93659513,2.413359930441874,-2.952535810309566,9.748771178105466
38.94664113,2.7802709911489956,-2.3297704477996724,10.5569357799774
38.95668713,2.5456504617190627,-2.5818291024984994,10.021937855206174
38.96673313,2.7575018728343337,-2.7393374082916724,10.37580925148175
38.97677913,2.8714795386414576,-1.821626208569383,10.602497097396329
38.98682513,2.5650633672692553,-2.3519306333678345,9.537073115289008
38.99687113,1.6899888427871408,-1.3804159695569262,10.266296586407188
39.00691713,1.9480928843490384,-1.7604931765319183,10.01558941172522
39.01696313,1.686699629383096,-1.803751832699317,9.255785108441932
39.02700912,2.0006541661670734,-1.7319256542949326,9.581991301586568
39.03705512,1.87494194961714,-1.1418830745084312,9.850207171725364
39.04710113,1.6068446334694706,-1.6753468308078157,9.998064225700837
39.05714713,1.7716266122840494,-1.3525294265267966,10.650449721602584
39.06719313,1.3257535032413972,-1.3195347708541731,9.699376372409896
39.07723913,1.9642924733378604,-2.16717087998587,9.82038042581779
39.08728513,1.8943230322148439,-0.45360777781781414,10.6942983079407
39.09733113,1.1584028915590419,-0.8396271330438027,10.124466640706387
39.10737713,1.6217478779054304,-1.4435617899541642,10.284273685911826
39.11742313,1.7082647981186714,-0.8134097823026885,10.75160027353972
39.12746913,1.3215190962213403,-1.234966070385054,9.93218253331879
39.13751512,1.3812330297138762,-0.9531650596332834,9.818605998206964
39.14756112,1.1898013399137162,-0.6447624255981033,9.661278906370848
39.15760713,0.8002281872884984,-0.82435292525692,8.982963334964419
39.16765313,1.2399876087173247,-1.0016085110823543,9.705219388872846
39.17769913,1.0931555555803651,-0.8929037656046209,10.117778213848942
39.18774513,0.8368078566761643,-0.7528992222738025,9.953549481635633
39.19779113,1.259095042158602,-0.8946932929498914,10.442028789611953
39.20783713,0.9695992371423114,-0.3174774288957156,9.781377921331739
39.21788313,0.4789874576162931,-0.43094219054888505,9.11190942487391
39.22792913,1.0075323875386746,-0.8342191333525477,10.04269379974031
39.23797513,1.018279438117236,-0.4095232467710301,10.26150637477106
39.24802112,0.47822855675096604,-0.4885581759906279,9.744687677349132
39.25806712,0.5719421670924772,-0.44362157885583103,9.912646118241074
39.26811312,0.5379659529111214,-0.028806751021994547,9.729196200032932
39.27815913,0.6079110576606264,-0.46891270329425033,9.93315463653236
39.28820513,0.7819967871449283,-0.4732649731591233,10.72549654206378
39.29825113,0.2406190978044282,-0.1798385704607764,9.803211380416284
39.30829713,0.3154486724451219,-0.051364932364568315,9.620109967451203
39.31834313,0.2785097594726162,-0.10795696003565981,9.791563035829352
39.32838913,-0.05788472672800338,-0.05720096602061541,9.06148017731782
39.33843513,0.23422132512923213,0.005679629948256072,9.596014074506842
39.34848113,0.4906530150121068,-0.31310737878582595,10.742716704613013
39.35852713,0.17888223830740158,-0.2571372219436316,10.446610873090854
39.36857312,0.09861763337236978,0.02010417644349479,9.977434850841245
39.37861912,0.018743882981580855,0.2377030769652154,9.725554259954793
39.38866513,0.08383396140384122,-0.10170451415316163,9.20601384381061
39.39871113,0.23304272125427516,0.17924973022715823,9.396022773085843
39.40875713,0.013380920377183771,0.010666799830970871,9.963164967828444
39.41880313,0.14546435381165787,-0.13414515732670756,10.319998577666123
39.42884913,-0.08523225117636307,0.5902244442718297,10.030883107632421
39.43889513,-0.45227100470587317,0.28955429540601757,9.508618788274967
39.44894113,0.7349176880052088,-1.5755411101924135,9.205043785704076
39.45898713,-0.40051391860173396,1.466767875140778,10.4008465146703
39.46903313,-1.2959423234311995,1.3880545604392533,10.377059123361235
39.47907912,-0.7179200247322708,0.27462919152770765,9.618282496563708
39.48912512,-0.6463696993841223,0.42998601305249756,9.439100683921776
39.49917096,-0.6420176511074378,0.41628035269439234,9.477539268020736
39.50921696,-0.47960093622957567,0.21389774038698603,9.647950169576639
39.51926296,-0.25445676360039315,-0.01758338655797858,10.1422645611489
39.52930896,-0.2995916280334292,0.09057979782508105,9.778907473795385
39.53935496,-0.5336194622395495,0.7532369341324018,9.137298833508222
39.54940096,-0.38865733276688447,0.31285659991987197,9.360734039157178
39.55944696,-0.3206644146856232,0.44124318609576024,9.688478587653853
39.56949296,-0.2733357298837246,0.5646801621586021,9.853006338677863
39.57953896,-0.4950773958409913,0.3336974528823134,10.004570176339662
39.58958496,-0.3043427564986419,0.4627055423889081,10.145989647803765
39.59963096,-0.39955426892115986,0.655724171017997,9.819780787750714
39.60967696,-0.5707399181401314,0.6086733060644732,9.76644317287703
39.61972296,-0.5383273667124275,0.5981819627788457,10.273793666487055
39.62976896,-0.7398815644554394,0.6351011593343501,10.096147442441513
39.63981496,-0.7032574046095531,0.5797794777113597,9.606169441634364
39.64986096,-0.43078089369271494,0.2338908799719615,9.537298561577838
39.65990696,-0.345653439155586,0.6043122515400566,9.323517720998982
39.66995296,-0.5563977003639656,0.3569377058976404,9.013520841323425
39.67999896,-0.19090487726981945,0.26162676412903585,9.77876766959499
39.69004496,-0.5530795192322232,0.585273767636982,10.25059802173176
39.70009096,-0.7196798807786191,0.10060051414348628,9.569973211401976
39.71013696,-0.12143213082780385,0.5126807853282149,9.523140475906139
39.72018296,-0.4736670236072207,0.8029650785542266,9.401716938308384
39.73022796,-0.616733355903755,0.32894964364081153,9.695897410404237
39.74027396,-0.1484944090894293,0.4916291977199624,10.525021323722044
39.75031996,-0.6779410568624751,0.576790711998842,10.026379023127436
39.76036596,-0.7012977765520026,0.3399848196150382,9.77642210712343
39.77041196,-0.1471557119365203,0.4891288817370137,9.77704652084156
39.78045796,-0.578352398697994,0.558085158601149,9.73291202493812
39.79050396,-0.8829325386212762,0.5216705098705868,9.843325711036503
39.80054996,-0.48883156813356793,0.5115363656843149,9.725750725686844
39.81059596,-0.1600968644969261,0.5087823083286569,9.606238611127354
39.82064196,-0.23821785943903875,0.35785248693420874,9.350508047116305
39.83068796,-0.04121744168519166,0.41943313412103717,9.737159705629683
39.84073396,-0.13205443631186378,0.7278452071562481,10.14394365247253
39.85077996,-0.503604812642391,0.939931542244002,10.220361807711202
39.86082596,-0.8498521588615993,0.6373391484743866,9.895436835385166
39.87087196,-0.7289110243913312,0.5879611886228858,9.397178650439734
39.88091796,-0.45605489653375864,0.6524928165894286,9.522380758155373
39.89096396,-0.4753610722062499,0.48134691428132376,9.602125104443505
39.90100996,-0.2190104733139516,0.3282178720622161,10.100735376464936
39.91105596,-0.15548866029233266,0.5746792670036563,9.992524827724909
39.92110196,-0.024174387153934287,0.7523404837589999,9.393933433116343
39.93114796,-0.06724488382554139,0.46288993976044973,10.006602185906809
39.94119396,-1.4642006112028958,0.6413120833754532,10.107673123696328
39.95123996,-2.1860828540788826,1.2687296668314973,8.838094333900182
39.96128596,2.1417221176176007,-0.9548140435858355,11.642762826260347
39.97133196,-1.7765020855108193,-0.05603851629513273,10.058026411463977
39.98137796,-2.414079284650862,0.7356004255236746,9.104085623981236
39.99142396,-0.08230628138611588,-0.2790827851342197,11.270216717469932
40.00146996,-0.15860166979497436,0.6797893582550709,10.225922391625692
40.01151596,-1.2633465531047727,0.40727097941400225,9.052903855224809
40.02156196,-1.456193206777329,0.0790604600321868,9.600808424358398
40.03160796,-1.1695747715450937,0.19251555759341998,9.8350029067017
40.04165396,-0.9795826165519971,-0.011543009511493868,9.865089981863074
40.05169996,-0.2000369632921531,0.6040674975883225,10.064264743994066
40.06174596,0.17120389236752379,0.9558252245577693,9.431659075826142
40.07179196,0.5834110292072003,0.4079029844351616,9.616613795785414
40.08183796,0.16754549025138094,1.067273987950714,8.94631999114216
40.09188396,0.08241408288580046,1.0926704807637762,8.743892186826365
40.10192996,0.2590416945512137,0.9493285766981834,9.04817836318874
40.11197596,0.29279286148632083,0.7572632891320183,9.34567223251666
40.12202196,-0.03410239678507155,0.6672793123142705,9.667413966754875
40.13206796,-0.2864387409665569,0.30485905998055846,10.07130473369888
40.14211396,-0.6023317109068995,0.600086437812679,10.28831425883303
40.15215996,-0.8131584922592339,0.6582199303859696,10.131235909154771
40.16220596,-0.7616792780582969,0.23339093540683328,9.914504112384133
40.17225196,-0.5337302711394205,0.26229756898644985,10.055736860313166
40.18229796,-0.48093736168832846,0.3748802281894423,9.727021884736438
40.19234396,-0.4067771685419144,0.4620670755009488,9.72831557679201
40.20238996,-0.52184091223657,0.7230294348958191,9.486195291987304
40.21243596,-0.6682241726281154,0.7967292300207274,9.133539379266491
40.22248196,-0.34292404617026706,0.7687571149046354,9.7191307949845
40.23252796,-0.20644986574037744,0.8133776519818257,10.155015374378923
40.24257396,-0.16712679399140024,0.28863921430210887,10.174008616983443
40.25261996,-0.3083978159191252,0.37816233452034087,9.936090382244219
40.26266596,-0.328588568189811,0.4869674638799719,9.734622145929695
40.27271196,-0.4634523305917522,0.6212510443813083,9.416573023136898
40.28275796,-0.5617010195157643,0.7138755695336398,9.601143573850871
40.29280396,-0.36654651170582464,0.6420356434657855,9.738535582220575
40.30284996,-0.06535265601989405,0.5416424260165953,10.008094578748537
40.31289596,-0.14014098631721236,0.5340864661110193,10.162811391465619
40.32294196,-0.3865757343000668,0.22147232513567308,9.776047714789247
40.33298796,-0.6574123898137598,0.6389367848074078,9.88451441106311
40.34303396,-0.8562597299954218,0.6151177236284295,9.8603628643462
40.35307996,-0.8465296634400798,0.2862654358709277,9.750694193367652
40.36312596,-0.9434376974844552,0.44446538397768093,9.702767281314568
40.37317196,-0.6103133899262384,0.19936092263115301,9.777381776448198
40.38321796,-0.1779897904883837,0.2992793424672608,9.862467107967117
40.39326396,-0.20903222785697503,0.7622151843599099,9.93917359935868
40.40330996,-0.5066886725509323,0.643145333828693,9.736711914502159
40.41335596,-0.6508562675614679,0.4447758189088139,10.048471617442765
40.42340196,-0.8015588073631384,0.32646116807320674,9.945299767176724
40.43344796,-0.7291963017974166,0.0856571891712404,9.775662413536088
40.44349396,-0.7327684159828587,0.22579666629046138,9.593976606577675
40.45353996,-0.6851474773330378,0.5020536759091725,9.316310776192973
40.46358596,-0.5011102274394605,0.6530156862648177,9.380830853276967
40.47363196,-0.1878418196376262,0.5500837834354512,9.78459509221164
40.48367796,-0.34979016925472045,0.32975298300289635,9.779120226707697
40.49372396,-0.658759284571673,0.09854086891230937,9.67473538172664
40.50377083,-0.8088161240997654,0.06214215015307433,9.682160092907601
40.51381683,-0.4534825306376259,0.2643064414647195,9.690404106008577
40.52386283,-0.32103944840253124,0.7570274698111499,9.988984874851784
40.53390883,-0.611442986162135,0.5673373919785771,9.934033166865738
40.54395483,-0.8352231129262836,0.43890802009818963,9.647264878930917
40.55400083,-0.7622134062237073,0.08277585339153098,9.803632518467014
40.56404683,-0.8618937646116112,0.0027613513792901154,9.786822247739215
40.57409283,-0.5734003733664457,0.6065526805443116,9.430628788586858
40.58413883,-0.6934347619171737,0.8225708241683504,9.143863854239195
40.59418483,-0.2494495677532279,0.5645464989895543,9.747658090462698
40.60423083,-0.14276954799364217,0.5767605681391704,9.961242223599305
40.61427683,-0.3007992058762477,0.07488316554536824,9.784505572068506
40.62432283,-0.3573606023889836,0.3872547830564353,9.939330338977442
40.63436883,-0.548518357100105,0.5121537362230151,10.169003023636948
40.64441483,-0.525874398324773,0.6906511840181073,9.767161069072428
40.65446083,-0.7505300790059998,0.7668462407636122,9.244632322554757
40.66450683,-0.4668890955904582,0.3211014601790819,9.249977812987392
40.67455283,-0.3402276986940975,0.5863162198328211,9.440947744517814
40.68459883,-0.4165918729071127,0.6905964308529611,9.801036349965944
40.69464483,-0.34598563985565256,0.49973836364415924,9.98527525097602
40.70469083,-0.5570556171866089,0.6724345463121795,9.952805641245867
40.71473683,-0.6563434461086267,0.41569250664671104,9.470872221438942
40.72478283,-0.5375910683361111,0.2760284495414152,9.924720264084582
40.73482883,-0.3048923525159971,0.39468480533993144,10.062241424566297
40.74487483,-0.2802231117885838,0.40477122289216,9.69781569036659
40.75492083,-0.24286147216701673,0.7619961408943577,9.652279745715822
40.76496683,-0.3724685914482862,1.106320354621505,9.810870062777509
40.77501283,-0.7624797050634471,0.477640612451138,9.619879004595171
40.78505883,-0.7542252864417591,0.27314137330410454,10.032543447124072
40.79510483,-0.6496383404818469,0.17773800948998,10.466681909348836
40.80515083,-0.7094569945978773,0.2709274249599853,9.925993989549237
40.81519683,-0.5122919625377456,0.46005561150639296,9.306635437559475
40.82524283,-0.37498427226289566,0.7134095632382444,9.107239706550951
40.83528883,-0.2758031055067598,0.4808379176904078,9.625145667046127
40.84533483,-0.3822493431679169,0.6730531153968822,10.049141053040145
40.85538083,-0.853252772179852,0.5214110851025964,9.919094465792956
40.86542683,-0.3957397063511407,0.04283762189618993,10.180639102693533
40.87547283,-0.3845053901712156,0.5268150040681782,9.801453105116723
40.88551883,-0.5215544015837048,0.5584931030025009,9.513608280980018
40.89556483,-0.44575208309205466,0.4410117299493275,10.119028489439632
40.90561083,-0.46595176877770944,0.511265721192591,10.299278783209664
40.91565683,-0.6519122940387017,0.4655783565285165,10.152711480609186
40.92570283,-0.6330682532032448,0.46280116125183457,9.697269190818986
40.93574883,-0.5497177965867444,0.18983666215670053,9.055443286526355
40.94579483,-0.21901167998596432,0.4825658955490802,9.086206318822443
40.95584083,-0.4664517883766187,0.5599480213564563,9.90845305553957
40.96588683,-0.472684689490938,0.23454823131170283,10.457038946486035
40.97593283,-0.48312990708928294,0.5898714251847386,10.221708732829946
40.98597883,-0.44221297004549165,0.39210235085470385,9.489126319151678
40.99602483,-0.5143369774423757,0.6153194198744448,9.77858591596301
41.00607083,-0.36686674249839285,0.2585094007378411,9.88592927294211
41.01611683,-0.4511749770468262,0.5971715170314935,9.606631834779927
41.02616283,-0.5861604936336197,0.33707832794247233,9.903830587154312
41.03620883,-0.5549613826095886,0.10709173000094521,9.973482542939003
41.04625483,-0.18371787191791,0.23121661629822002,9.782163598289541
41.05630083,-0.47493545287398126,0.7109455596471131,10.03043206953066
41.06634683,-0.571137677466811,0.4634560091694572,9.982705694530747
41.07639283,-0.30983488288747557,0.2079215001907901,9.986790956985475
41.08643883,-0.26781139742107735,0.4475036316780084,10.056101332569108
41.09648483,-0.6374133889811031,0.5057611174983322,9.266257702323824
41.10653083,-0.8253223273830094,0.8421968938576974,9.152849722063598
41.11657683,-0.6770294068631626,0.41854946669085386,9.638906342786939
41.12662283,-0.41102728238981784,0.2614776847591229,10.33565424184791
41.13666883,-0.43791674072815284,0.304691912700857,10.257321211368518
41.14671483,-0.5099651832391306,-1.121535974153166,9.190811510508002
41.15676083,-0.10768900405583255,1.7259021238654924,10.427060711680225
41.16680683,-0.09799999585394627,0.31529486331850703,9.546321261548067
41.17685283,-0.7666442783678419,0.7807763406495919,9.39904241416502
41.18689883,-1.3875845798787938,0.861707934596092,8.792822303292093
41.19694483,-0.8363705348361704,0.7169796187875477,9.69954149834634
41.20699083,-0.8612483142929845,0.6780779356941479,9.25612175369315
41.21703683,-1.2949678151789894,1.2768193170883972,7.993462746002797
41.22708283,-0.7167790472358814,0.8450973610077971,8.846045347282953
41.23712883,-0.902991647420541,0.9653542855532607,9.23851037873346
41.24717483,-1.0312628355857605,0.7649423367262148,9.98025372958593
41.25722083,-0.4503241734093738,0.2751187546658275,10.612217577896526
41.26726683,-0.5803981633823272,0.7688446423353017,9.343348896929973
41.27731283,-0.42058951032800707,0.5937774989782529,8.717913497537369
41.28735883,-0.5059863424175356,1.1696562358679556,8.68174372982601
41.29740483,-1.2753414519077682,1.3007892576476736,7.9875010241550415
41.30745083,-1.0635062730947982,0.9984032156443501,9.546166682086264
41.31749683,-1.148887316436919,0.46687750019001323,9.47705030896707
41.32754283,-0.4367734405450143,0.5517320339414563,9.34920718015383
41.33758883,-0.32249394644127305,0.8994944381369125,9.25622114148649
41.34763483,-0.9462381478197414,0.6878154142745092,8.491376780483652
41.35768083,-0.5213028831139039,0.9509202910843918,9.422514022809759
41.36772683,-0.9039368406722919,0.8254584303731908,9.750219410468873
41.37777283,-0.8016240798709824,0.8297405531620792,9.530102712992026
41.38781883,-0.5128861228819867,0.7334315817411586,9.598791488239291
41.39786483,-0.858768361133455,1.134318087996895,8.724649497233093
41.40791083,-0.47853239163941325,0.3593170235332245,10.14105304737536
41.41795683,-1.0929250820034642,1.1946707407059405,9.873501395006386
41.42800283,-1.2305915471333908,0.5937527653302273,8.966653140745121
41.43804883,0.3529490449643568,-0.26218894968705003,10.481453817908456
41.44809483,-0.192817620117003,0.9927049707789197,10.077869207325481
41.45814083,-1.0903738568266992,1.1877208030610404,9.083509827802992
41.46818683,-0.8055446903606609,0.477580583039485,10.144825291194774
41.47823283,-0.7833654148592499,1.0326467301397761,10.215634443071039
41.48827883,-1.0481074140357503,0.7305015405801408,9.316878540849952
41.49832483,-0.39565255727041265,0.3337210685693009,9.638985860157488
41.50837058,-0.2928256881980712,0.6391002972972477,8.961589271865973
41.51841658,-0.5589928609768042,0.7100445146917045,8.453207406819432
41.52846258,-0.29185561702488155,0.34265708591587624,9.318043383633228
41.53850858,-0.04561711425265591,0.20986726902004574,9.64483259771107
41.54855458,0.11335356699739679,0.011737798458839203,9.332978421022533
41.55860058,0.14235406184174673,0.6077326672921995,8.905189474125805
41.56864658,-0.08786842154062688,0.8387066751757496,9.116282968076597
41.57869258,-0.8259239546733183,1.0979239238696399,9.44569269205773
41.58873858,-1.4296032391312776,0.7000877435071459,9.460958137167095
41.59878358,-0.9597392091577102,-0.383809105394033,10.101942603838886
41.60882958,-0.46968575083902153,0.1386197581948508,9.101577567816953
41.61887558,-0.11697394862602256,0.20762056856696867,7.756127550528977
41.62892158,0.734353034954755,0.5526387320129351,9.350507715704293
41.63896758,-0.10148090707129079,-0.0306873168311722,9.43985969091593
41.64901358,-0.4507657739856014,0.9664328653775663,9.794166906709062
41.65905958,-0.8410193211935617,-0.008898497597587733,8.967035030773392
41.66910558,-0.6149546504839096,0.5917170381735888,8.63233068517654
41.67915158,-0.4751343719648228,0.6673926251789037,8.580972697940105
41.68919758,-0.15451403874445455,-0.22216296094173751,9.808180288587897
41.69924358,0.09609080145684963,0.11217110973321287,10.338810742758982
41.70928958,-0.08366215610662488,-0.2770532467114689,9.34177746801115
41.71933558,0.2852073125859669,0.16664027598955106,9.705282092145737
41.72938158,-0.029393212154099266,0.08947386637479308,9.67596624522345
41.73942758,-0.3767689213565516,0.04615836248295592,9.375665091550617
41.74947358,-0.0812887477880314,0.28629911318585133,9.78185838020321
41.75951958,-0.04307105480101605,-0.2794560797340539,9.747150531828604
41.76956558,0.4885869501571225,-0.3302937346229612,9.904315496768685
41.77961158,0.4609587816228575,-0.2293019914482666,9.785438864650954
41.78965758,0.5966327851546113,-1.1667772325339343,10.456570147829535
41.79970358,0.9620367231004288,-0.2807570455671908,10.625012328297036
41.80974958,0.7394406995134643,-1.1852406209192887,9.732508620520445
41.81979558,1.463865362538871,-1.287177479770936,10.374348141591321
41.82984158,1.1385192325552442,-0.27449135406783876,9.045936462165741
41.83988758,0.7746278158741934,-0.4574294887076447,9.825051767666595
41.84993358,0.6911541862683265,-1.3313021442733315,11.059952627655043
41.85997958,1.5194677645017762,-1.1746592429301586,10.478733742711066
41.87002558,1.5242465424701532,-1.5728916872771888,9.897172696277142
41.88007158,1.8202980394658541,-1.353758223337727,10.104758376567744
41.89011758,1.8648443796810665,-1.5138139057839517,9.970108886864201
41.90016358,1.9905378971187018,-1.7006837463810147,9.828473425790953
41.91020958,2.0522232143900823,-1.7916682663669716,9.853435929677955
41.92025558,2.193614942428385,-1.708181380656756,10.101568340307145
41.93030158,2.185060896551609,-1.6603273715582918,9.857268575470941
41.94034758,2.0796190700879644,-1.4719306835552202,10.370580571214239
41.95039358,1.9703642646122848,-2.053220687215353,10.011244292862653
41.96043958,2.309484214200501,-1.904427761054092,9.969892869297711
41.97048558,2.7335061409873536,-2.4067322930536275,10.178502826547541
41.98053158,2.9991552585272796,-2.2363159080031227,10.757420557847052
41.99057758,2.7016198293754847,-2.054120250828962,10.541862614898339
42.00062358,2.5443703947746776,-2.0514932295082593,10.57879882625631
42.01066958,2.5846127552364577,-2.3487265341816985,10.208338585798273
42.02071558,2.958754957029203,-2.0867348563769683,10.193473158064434
42.03076158,2.7480018630568486,-2.3257775117538113,10.50264102773137
42.04080758,2.801256867020334,-2.7972039075134734,10.855795973677807
42.05085358,3.259302198723456,-2.7485453204764547,10.640737287887907
42.06089958,3.526107426706959,-2.636884520414758,10.289730882878157
42.07094558,3.181684571729796,-2.353535424805363,9.474783494908518
42.08099158,3.103303561296298,-3.4029228772344178,10.118741594350574
42.09103758,3.4541367594562864,-2.246382409465971,10.386289972699425
42.10108358,3.130638930205719,-2.465320452720757,10.107949109272313
42.11112958,3.1065167050967433,-2.8437533215892485,11.021840442254053
42.12117558,3.2318842545426048,-2.695766866557531,10.76333271703981
42.13122158,3.1246771892372056,-2.61532810670182,10.164879131649446
42.14126758,3.1784356058605145,-2.880490193423982,10.252300920897257
42.15131358,3.286773244568246,-2.7070701597960993,10.186135552088876
42.16135958,3.0732864609234243,-2.7649085349718256,9.832274022355922
42.17140558,3.070930317759701,-2.3738839368908504,10.742381496629866
42.18145158,2.74207825065956,-2.412876201407104,10.794592632034298
42.19149758,2.6250248286465436,-2.442244291679858,10.219457397344963
42.20154358,2.850982877871754,-2.187831969731054,10.206684031658337
42.21158958,2.60535327767484,-2.301908681083035,9.900091982608389
42.22163558,2.6935060810789437,-2.5238785562726203,9.894963584826034
42.23168158,2.7921423351878367,-2.154882405669353,10.269688639398355
42.24172758,2.5488491927593007,-2.4557282541932874,10.565302464196643
42.25177358,2.706692494503962,-2.261603309191423,10.721584206609428
42.26181958,2.4952316368618237,-2.2354549717097467,10.476138790428868
42.27186558,2.397226164405202,-2.23561029468094,10.058681882597678
42.28191158,2.5895354100781667,-2.2670503262961867,10.151676107121377
42.29195758,2.4697173234829233,-2.2218853091907955,9.785296121864613
42.30200358,2.4830904597043593,-2.332800887659467,9.858549477005347
42.31204958,2.487545938121798,-1.9092905864934884,10.692579095060188
42.32209558,2.373238799774756,-2.1461584734554355,10.413677195775911
42.33214158,2.3515448193446438,-1.8982529658419174,10.345136534781984
42.34218758,2.380156017388624,-2.0459533980506883,10.401338835659347
42.35223358,2.4458725688778955,-1.835478936691386,10.112205677543253
42.36227958,2.327900982887111,-1.9131430756597412,10.063912614789581
42.37232558,2.120343145791225,-1.810804320900632,10.124768716752193
42.38237158,2.276254474085471,-1.996026679261023,10.41400313259906
42.39241758,2.3008696395084187,-1.7731519156649354,10.384385534100002
42.40246358,2.0084373953211703,-1.5821416737360656,10.004007907884736
42.41250958,1.9712671083094992,-1.8064020923763946,10.063950840789476
42.42255558,2.108659955272724,-1.8600906043818453,10.179539547975923
42.43260158,2.098799184896325,-1.782095530739833,10.119806302980649
42.44264758,2.278313564969934,-1.923505380006949,10.460800114631803
42.45269358,2.2765250637160515,-1.764649372198643,10.517051609088922
42.46273958,2.0635964605972443,-1.7737620139828323,10.095776242645691
42.47278458,2.0043407672847504,-1.5928463318578416,10.005666687411557
42.48283158,2.037447702614251,-1.6175984662802274,10.163031809528045
42.49287658,1.8724290725964954,-1.6117597912017363,10.020729509789161
42.50292308,1.96777518777624,-1.708599223725796,10.111108080123776
42.51296908,2.2755057188475054,-1.7408219315806326,10.34538269746109
42.52301508,2.1258284089419512,-1.6131361830662876,10.160854028959566
42.53306108,1.8588064683636505,-1.5312778668483902,10.223042406354603
42.54310708,1.7844406905279786,-1.409170848026493,10.241469887426176
42.55315308,1.6563491692639791,-1.391635438911672,10.012909208981654
42.56319908,1.6083066775529793,-1.3988170576573107,10.114343296223925
42.57324508,1.7153549441207465,-1.5328326337139058,10.00783642730264
42.58329108,1.8407110400635618,-1.4715106269861933,9.989104875052039
42.59333708,1.6194271109498755,-1.3964922437079088,9.987416407777783
42.60338308,1.4271893423179174,-1.2807575130313016,9.788807246819044
42.61342908,1.5005431904147275,-1.287330624831502,9.990601250163522
42.62347508,1.6580984670711691,-1.489948942889259,10.334528791822084
42.63352108,1.6935130650531696,-1.3612828136224449,10.298636443869485
42.64356708,1.557018712436085,-1.379093826544933,10.25070627931834
42.65361308,1.6254241308402881,-1.363599287343703,10.14964604219202
42.66365908,1.523398224185329,-1.1575419352904608,9.926306909462921
42.67370508,1.3710848845338275,-1.1820138952855184,9.795558521979169
42.68375108,1.4221770632268,-1.250817771020332,9.958147785722456
42.69379708,1.4595791243046088,-1.1345314762795744,10.206745385183028
42.70384308,1.322983819828141,-1.0977463892461652,10.128510487282282
42.71388908,1.3527622563175965,-1.2763806413569612,10.08814746414899
42.72393508,1.4716259916229268,-1.297594788183164,10.080850021574362
42.73398108,1.5677233785648117,-1.2641304062468983,10.010687148108554
42.74402708,1.4204677018153955,-1.1696445991116746,10.032953927608256
42.75407308,1.164288736877453,-1.0411809584539025,9.961872621912248
42.76411908,1.17203286402673,-1.044405621277671,10.05449526350108
42.77416508,1.2614637584384873,-1.1054578788318028,10.209887545640068
42.78421108,1.2131686610773063,-1.0485903551676554,9.92325531735271
42.79425708,1.2616485642454176,-1.122373011338318,9.844999292273261
42.80430308,1.398930273192615,-1.0901166476711208,10.011186381949814
42.81434908,1.269918051029916,-1.0482849222650803,10.088150988562738
42.82439508,1.1114317118882113,-0.994025086867398,10.129300486906041
42.83444108,1.136404800270772,-0.9132411877602864,10.212164133004876
42.84448708,1.1246467497407977,-0.9830951866236047,10.399266263853757
42.85453308,1.0756792224537537,-0.8733934795095538,9.725524430978478
42.86457908,1.3103365157549474,-0.9253069302855607,9.855110988777138
42.87462508,1.1932407007456147,-0.9750702888805532,9.982553087437777
42.88467108,1.1362477319601774,-0.923924827167047,9.938183090880562
42.89471708,1.0737852138515727,-0.800971761754534,10.028599360218024
42.90476308,0.9890198960374008,-0.8235273270806549,9.986267894222934
42.91480908,1.053451878322318,-0.9262248979357979,9.984426756043234
42.92485508,1.1490710687221983,-0.8989531201437234,10.029843515923808
42.93490108,1.0818175038465705,-0.8845255899308295,9.895145180530552
42.94494708,1.0391772531917374,-0.860333332087375,9.940750171442673
42.95499308,0.9917507598842528,-0.8139756900723376,10.01888636776697
42.96503908,0.9409549199253144,-0.7803522236455078,10.035672491851491
42.97508508,0.911574061474638,-0.7899323610158152,10.024206928568985
42.98513108,0.9250966043979498,-0.7850752973653431,9.99399797166868
42.99517708,0.9925036817017586,-0.8497543823069668,10.02683509459414
43.00522308,1.0756818950335567,-0.797146122188493,10.086955619345899
43.01526908,0.976985803214384,-0.7727106918782781,9.990342428166432
43.02531508,0.8966711167432575,-0.6796484136175648,9.969791614194245
43.03536108,0.9279579834809227,-0.7125178888204207,9.976750854076386
43.04540708,0.8156353241296556,-0.8387964305701795,9.83088835626747
43.05545308,0.9684548660650191,-0.5624839321430338,10.059171925722636
43.06549908,0.8969938626225934,-0.7299087976983705,10.059717738528656
43.07554508,0.8156716255858296,-0.8919809105909872,9.874103492222568
43.08559108,0.935321905761687,-0.7160249531472763,10.023557444261984
43.09563708,0.8731613347499354,-0.6394379428870216,10.145610830456125
43.10568308,0.9789349264983872,-0.5692576427578967,9.897642172709142
43.11572908,0.46960543478588257,-1.0388232673526199,10.559659123489885
43.12577508,1.0057492790189975,-0.5299713508128632,9.500283163633613
43.13582108,0.442403060200677,-0.5128584819222142,9.664604240685764
43.14586708,0.728389822896531,-0.637818989142698,10.075454730201457
43.15591308,0.9068270584400091,-0.6282252396495652,10.202085885220594
43.16595908,0.5013214526582559,-0.8080811516352194,9.781349253853254
43.17600508,0.9713443504873966,-0.4120155284920349,9.986664396959418
43.18605108,0.8207801941215713,-0.38529538819336684,9.832429496452598
43.19609708,0.5343526779207202,-0.5973204401970318,9.518588219910512
43.20614308,0.7660419175394193,-0.4703958020362312,9.89802860138553
43.21618908,0.7419511696792567,-0.6021392641537365,9.885629883003604
43.22623508,0.7565244680476682,-0.729280643952019,9.963789856984977
43.23628108,0.9302487702650363,-0.5416536710377823,10.190725436617447
43.24632708,0.6109895138679045,-0.5236874523595687,9.701550069796474
43.25637308,0.5538806115572676,-0.5537338899990194,9.996355665466583
43.26641908,0.765604452480715,-0.21942642574844126,9.627578625503373
43.27646508,0.5349502706388523,-0.5344818732147173,9.728346690618158
43.28651108,0.6278179760479744,-0.5640579638365949,9.989152026184474
43.29655708,0.5933522002877059,-0.5931503260325681,10.227259601916428
43.30660308,0.40377483500766265,-0.7354061032253572,10.024435062723239
43.31664908,0.5606182027133513,-0.3986212095783198,10.015590165174505
43.32669508,0.4518210339635803,-0.34867055607698316,9.888288931203606
43.33674008,0.3578657294506547,-0.48577396390896954,9.707556508286668
43.34678608,0.5965372986347811,-0.35739089272174696,10.174020873048777
43.35683208,0.5673394611969762,-0.5321312412379696,10.111043008649569
43.36687808,0.5722698461638331,-0.48190544712550804,9.77899043067964
43.37692408,0.6877773662753692,-0.4111119186481937,9.928172058664483
43.38697008,0.5492685542643962,-0.4336090703486246,9.779220490745747
43.39701608,0.4676960224126555,-0.33979161656327517,9.734042722883908
43.40706208,0.47097214588862973,-0.4551632417201663,9.996550167545763
43.41710808,0.502632943659287,-0.3674938694288564,10.04293544523225
43.42715408,0.5123417703199958,-0.3666704262049753,9.990270620496053
43.43720008,0.47600800931371223,-0.3996293542171085,9.852113011296854
43.44724608,0.5013939824291868,-0.3968556931675004,9.770449447177484
43.45729208,0.5320309114834718,-0.4753058187532199,9.913517977705537
43.46733808,0.5176025269381228,-0.40495824365579824,9.91265624376697
43.47738408,0.4132427847161541,-0.34682460172320484,9.969451746509577
43.48743008,0.4930779448323008,-0.3676950090709861,10.01280572927727
43.49747608,0.3551587632993461,-0.29456036569398486,9.862115818919506
43.50752121,0.52545769514846,-0.26979144517362896,9.592571782079016
43.51756721,0.5235197839802301,-0.38626939599767024,9.890309530436113
43.52761321,0.5420921851401541,-0.4114726439531991,9.892000761348362
43.53765921,0.5300633998171084,-0.37664951547425235,9.916152043383516
43.54770521,0.44969068412826446,-0.29272916563579543,9.929562460312065
43.55775121,0.35965560883051495,-0.2422908198955778,9.903837984417454
43.56779721,0.3353309888958929,-0.24163117960156327,9.873633762012016
43.57784321,0.36243472011478006,-0.3036191414813584,9.81637881291461
43.58788921,0.4646136805752247,-0.34786700160367684,9.896183725348813
43.59793521,0.45869046053544255,-0.40083398270469434,9.923439763165415
43.60798121,0.5767339156630678,-0.40123211800267977,9.978178479427248
43.61802721,0.3243836306884843,-0.3410144031776769,9.907385531612054
43.62807321,0.29434566169583537,-0.28375968609593577,9.81885094385064
43.63811921,0.27577908664548567,-0.26391352738368495,9.849497531908067
43.64816521,0.308227057408531,-0.32743864645943116,9.904986978008118
43.65821121,0.30899530853948465,-0.31105767810362084,9.897128151431714
43.66825721,0.3166557859095832,-0.3006599713377177,9.967411501207698
43.67830321,0.3209576822834999,-0.3189782101885577,9.984414968985911
43.68834921,0.40514957224120723,-0.2927892343298961,9.970607792576445
43.69839521,0.4051537830251481,-0.2732894015186914,9.909267565846093
43.70844121,0.3822755759172635,-0.2499139398063712,9.837982408513522
43.71848721,0.3829370232193898,-0.19507934702955965,9.822425542087132
43.72853321,0.34563853300186154,-0.2025577823168234,9.789142258547605
43.73857921,0.32007925257877307,-0.20732492256810386,9.826001553038124
43.74862521,0.3068704684758221,-0.24613234788586377,9.85341515768086
43.75867121,0.32713567800614773,-0.2793244581723767,9.884365403831312
43.76871721,0.34618908640860163,-0.3185779989535913,9.846509594363235
43.77876321,0.312012292013475,-0.32586472495624136,9.77167330951744
43.78880921,0.26890781740181147,-0.3160933696441942,9.776082131486733
43.79885521,0.3029116164271904,-0.31330504198390025,9.796262667918118
43.80890121,0.271483366787294,-0.2697648913135227,9.786502197436345
43.81894721,0.2211024751304369,-0.27387833083259583,9.837915869627667
43.82899321,0.23263425498404733,-0.2684101973371679,9.879755692873946
43.83903921,0.2887925523572311,-0.26430798372053244,9.92158661193767
43.84908521,0.3177971737329284,-0.2933172255457041,9.941116307613095
43.85913121,0.3095792982198124,-0.22960976924979856,9.907024112855117
43.86917721,0.31648532112538313,-0.2170130807381717,9.863128953871826
43.87922321,0.3295018327617115,-0.21136575764621704,9.880673361598237
43.88926921,0.316652685745166,-0.17367267953171084,9.843424920682324
43.89931521,0.3071524360997559,-0.17990047862482914,9.83991202339714
43.90936121,0.3541249665301366,-0.18150863883576168,9.939992796816563
43.91940721,0.35266361623028963,-0.16762433262467388,9.96587901346169
43.92945321,0.32128706572656174,-0.1790139382615473,9.97539108995078
43.93949921,0.3014787542827349,-0.1808664031970534,9.92281789005016
43.94954521,0.2752548668750513,-0.17176200798690727,9.816690991581439
43.95959121,0.2947776297688823,-0.21981481496512148,9.821004876903274
43.96963721,0.3131613623523926,-0.18911403914918898,9.840558677801464
43.97968321,0.29172435541728514,-0.21814041372725837,9.835921276434137
43.98972921,0.30102567472317254,-0.24600852303799775,9.938693678289825
43.99977521,0.2856425587920313,-0.19588698686351957,9.926775889085144
44.00982121,0.2237537854117369,-0.1756849991380837,9.85102208514611
44.01986721,0.257460361811736,-0.20609527540043346,9.84317234669051
44.02991321,0.27937514799309865,-0.1852287387825781,9.826114655763435
44.03995921,0.2905101317436598,-0.18604433656453903,9.869337801220412
44.05000521,0.4155063586376066,-0.25052872102756535,9.914371238734525
44.06005121,0.22451846158664152,-0.4180121736000466,9.60342672446454
44.07009721,0.290528702994097,0.1681731614941076,10.136670548452312
44.08014321,0.13674970450116142,-0.12801833646269686,9.858475169817462
44.09018921,0.22057210258583376,-0.13162163130282328,9.929856277037874
44.10023521,0.12531544167894432,-0.2358030165417596,9.866853243995468
44.11028021,0.2508039166615668,-0.26381443895093937,9.727113294759892
44.12032621,0.28883751323501383,-0.09450489547289355,9.961955372877208
44.13037221,0.15171133851582563,-0.15002491405915944,9.72113705678609
44.14041821,0.2283450059731645,-0.2366205058941054,9.773817938042006
44.15046421,0.11472923811417182,-0.15607462452634702,9.71902567841588
44.16051021,0.14007045127664453,-0.1259277844345862,9.712520288505699
44.17055621,0.18823784768027182,-0.13257609431421266,9.894092939282544
44.18060221,0.10310157607104982,-0.1063049756629778,9.777687601655499
44.19064821,0.14372144057854194,-0.1243117851454121,9.849350701571392
44.20069421,0.17986810468036973,-0.05064833239177745,9.905829405293007
44.21074021,0.07316843066073227,-0.1073687257449573,9.7808316103964
44.22078621,0.0912248798301222,-0.13014928001714382,9.82834874474239
44.23083221,0.1377889013050058,0.0032128069890354732,9.89947055946936
44.24087821,0.09915406554228084,-0.12993076497402814,9.836946259788112
44.25092421,0.1481607302891326,-0.027216284401274087,9.906674817656125
44.26097021,0.14373836247852775,-0.03409375161241568,9.900167082174026
44.27101621,0.07500034938903227,-0.09984191358574235,9.78696771440164
44.28106221,0.1486969123864069,0.07865246282595717,9.873847981684994
44.29110821,0.07371614644452315,-0.010391953754531757,9.794590961127229
44.30115421,0.015840163057791175,-0.03604500275624292,9.746953451735061
44.31120021,0.12025194300003426,0.03649148028808311,9.90221123206364
44.32124621,0.059501293709241565,-0.0798223929898646,9.837250638327278
44.33129221,0.08354447620024852,0.002273715307608095,9.84750041556785
44.34133821,0.11702584076044749,-0.03909550077429252,9.837595093787822
44.35138421,0.052436233617505074,-0.07186120989028462,9.71255766927283
44.36143021,0.048933728715001276,0.02176945536559555,9.77719342092215
44.37147621,0.011164805252641035,-0.012409113450134034,9.824639141319416
44.38152221,-0.04053853335847153,0.01148304534963781,9.814115259065458
44.39156821,-0.017233603837930146,0.03029451085892074,9.853672299353288
44.40161421,-0.026769575315522053,-0.022250052112186714,9.831990709051201
44.41166021,0.026902257652704882,-0.03333614720119283,9.833479551235328
44.42170621,0.0622224481354414,-0.02509658035826958,9.848167141416274
44.43175221,0.05015350167764611,-0.056416867741003,9.804526210716995
44.44179821,0.0890112102915901,-0.013980339113338647,9.848626215286556
44.45184421,0.04105923013426269,0.03587749675685775,9.806260137822473
44.46189021,-0.028493229002921734,0.052300410843217085,9.773877370802973
44.47193621,-0.025865921420288002,0.10316102494893518,9.795068706086111
44.48198221,-0.04532357232480207,0.09406545146037056,9.752498388883572
44.49202821,-0.0003852694313022813,0.047892994802231525,9.827725437812592
44.50207421,0.010331540649128305,0.06234130379193044,9.85156229056192
44.51212063,0.0014747112742475076,0.0014257089973145943,9.845042460997343
44.52216663,0.029963700601774255,0.02690532778149409,9.819108273932692
44.53221263,0.017416100741589488,0.05246692388570911,9.834972805009972
44.54225863,-0.030335087794888436,0.034947368223256024,9.801489688334607
44.55230463,-0.04357185033222537,0.0520898463870241,9.805822785728186
44.56235063,-0.040392827413848156,0.0847207074702394,9.799998005315627
44.57239663,-0.08401560295071088,0.10146349930403643,9.818756041130817
44.58244263,-0.12019409116292622,0.12279297012683008,9.855069821724305
44.59248863,-0.11983519577208317,0.10017737041665836,9.803891958245366
44.60253462,-0.047409061492894734,0.08719645070103577,9.820982048759447
44.61258062,0.0020173699326431903,0.02474950951263589,9.862045296546913
44.62262663,0.03425833811410877,0.0076736608807222795,9.85109962246828
44.63267263,0.011762362010151548,0.005945643165044273,9.779836012739008
44.64271863,-0.0329940910505814,0.045874801759170136,9.66765271205598
44.65276463,-0.12349349255350553,0.10639167121338501,9.683533687335562
44.66281063,-0.17613421361363119,0.09124051377549912,9.725978057502006
44.67285663,-0.16632797166088537,0.13581560929911085,9.753093470074456
44.68290263,-0.17453865080029798,0.12129447541372784,9.73173490154541
44.69294863,-0.1412134286814404,0.06621392729665994,9.73732127610096
44.70299463,-0.08217493332407372,0.06848756071154134,9.749951735951914
44.71304063,-0.04532527425038293,0.03535199602393569,9.774619096045965
44.72308662,-0.08353897143134599,0.07283612762208429,9.810450512296699
44.73313262,-0.06108875521070732,0.1226234349937346,9.787577993437745
44.74317863,-0.12037341028537829,0.16018850512395585,9.809097755112951
44.75322463,-0.1525762791175142,0.21468060486277765,9.77249373396013
44.76327063,-0.2130583079133351,0.22567073969782725,9.76075907628061
44.77331663,-0.1504917499362236,0.15933823673068107,9.88148798590423
44.78336263,-0.05610344995208001,0.12493425824674663,9.9098653083725
44.79340863,-0.050388780995619796,0.09806606320336732,9.861581711753765
44.80345463,0.02572654937402437,0.1088301723196996,9.786869042512535
44.81350063,-0.02825202071026216,0.11826110377925889,9.870085228083097
44.82354563,-0.1638677916818623,0.17986150232521705,9.776561973255477
44.83359163,-0.08628805144947868,0.17492810807088693,9.85643205634547
44.84363762,-0.09757858284012595,0.1899949574333911,9.851640133064402
44.85368362,-0.18047786019119624,0.21002779027924484,9.75421846662662
44.86372963,-0.18000589904190578,0.183173229138975,9.787789490994756
44.87377563,-0.1360013144460619,0.19060441641377776,9.77684511329179
44.88382163,-0.21623362668747984,0.14753189140199616,9.83584735528865
44.89386763,-0.1618310239582937,0.12851520360600513,9.861542508786322
44.90391363,-0.1594032040688961,0.1487139134229299,9.78846705222414
44.91395963,-0.18179014701674126,0.14864667861758094,9.736851267782258
44.92400563,-0.12908095153576365,0.12053674982133492,9.777933063145587
44.93405163,-0.15680383403439713,0.1430366660751584,9.810585600778946
44.94409763,-0.1977576877263504,0.18052937562747204,9.788743188631692
44.95414362,-0.20967637757791846,0.2253171939075928,9.784045048101351
44.96418962,-0.26658724727579675,0.24629329521253435,9.7127646625706
44.97423563,-0.21329830105534006,0.1952697749402294,9.687202027575482
44.98428163,-0.13972327080306665,0.1754368430815121,9.840577564110367
44.99432763,-0.21846424226506372,0.16229168039811467,9.829006228036432
45.00437363,-0.1743883559948041,0.1844122285393339,9.848621730671379
45.01441963,-0.21418205835681292,0.22092035354839304,9.851314401569576
45.02446563,-0.26374956501539293,0.2815951094808585,9.747083419670329
45.03451163,-0.2566793124705897,0.24596808139084791,9.722352038757688
45.04455763,-0.24467221147215967,0.2653533689984299,9.752366746039101
45.05460363,-0.21986293751374253,0.20875304560475225,9.78312461803735
45.06464962,-0.1721761110177366,0.19277626778728776,9.855068538066115
45.07469562,-0.1837083108963699,0.19267168457572936,9.801053430064302
45.08474163,-0.1945975471231503,0.21146082658823845,9.791970827057227
45.09478763,-0.21462191213655954,0.2433393701125369,9.76030127406957
45.10483363,-0.2752317829142002,0.2500479591822368,9.733096740386346
45.11487963,-0.2815462645769819,0.26210786565338434,9.775849553629888
45.12492563,-0.31614256808405217,0.28888679705164455,9.765600162878613
45.13497163,-0.27877386003281807,0.24971688982566867,9.79281547686051
45.14501763,-0.24046346677229619,0.2563973684900687,9.798562163286507
45.15506363,-0.23334718441749985,0.21518668514081554,9.802961716143653
45.16510963,-0.22947447969296192,0.2712929927911419,9.755711909076274
45.17515562,-0.27156396995806104,0.32360478334573384,9.707960939984703
45.18520162,-0.3138826083042323,0.27071375295611755,9.731131184784646
45.19524763,-0.3312827210228499,0.3234861602909346,9.768032474946038
45.20529363,-0.31575953671366774,0.2874612049313114,9.778034381883954
45.21533963,-0.27219099855409823,0.223025325698884,9.840161837273524
45.22538563,-0.24504789160647683,0.266899401829058,9.804812375910801
45.23543163,-0.2647487525498581,0.2680750475324131,9.751511865443149
45.24547763,-0.3261402016912094,0.3406198384120057,9.731356056959871
45.25552363,-0.44532178821700924,0.39380761515172447,9.651713775274416
45.26556963,-0.4400312396138875,0.3467046524847492,9.725622272487822
45.27561563,-0.3984161926427536,0.3348289113998716,9.775291794783044
45.28566163,-0.3667334420940169,0.2554305547359632,9.744153747281139
45.29570762,-0.25356713340690556,0.21418179587671096,9.771642712274906
45.30575362,-0.31702421089691213,0.28606751107361295,9.763490970998122
45.31579963,-0.4597215333254853,0.3647970487517635,9.734107212547011
45.32584563,-0.51171297006449,0.40420498168096725,9.714077356990403
45.33589163,-0.5302958074600441,0.42967389727245836,9.647065702301532
45.34593763,-0.4826577656729928,0.3327441674596186,9.634529598241912
45.35598363,-0.40369117513552844,0.3003446093832381,9.691631226339416
45.36602963,-0.3862156842513436,0.2724193117719048,9.793466292808109
45.37607563,-0.4101471525168385,0.28550895627222056,9.803834813819803
45.38612163,-0.4575210990355501,0.3832251568990092,9.744343889712802
45.39616763,-0.505927364293625,0.4265609553181014,9.624668913878802
45.40621362,-0.49707818803296566,0.4742204965103229,9.686541873169292
45.41625962,-0.5040836376865121,0.4984383449967216,9.780699155540129
45.42630563,-0.5510640523092599,0.3517906025010935,9.735086001349094
45.43635163,-0.33454662477930164,0.3820220102837186,9.842347497398373
45.44639763,-0.3404775553618547,0.45146901333856804,9.775190323406715
45.45644263,-0.5170642835256478,0.34436285151805335,9.775694087866674
45.46648863,-0.49164445738314816,0.4703067901646425,9.86960604676677
45.47653463,-0.47652792545971545,0.5244954832715355,9.697860470561833
45.48658063,-0.46306566546419864,0.4167436550422507,9.586358700721235
45.49662663,-0.4944982644372271,0.49127562273021036,9.631016846567533
45.50667208,-0.4704599203029897,0.5092847254371715,9.698208790482477
45.51671808,-0.5036915162421179,0.4653960271551251,9.84504047824129
45.52676408,-0.5445129752092152,0.5520459352952934,9.825648224014136
45.53681008,-0.547983238066763,0.5484931939878167,9.712571349118006
45.54685608,-0.591597937264183,0.5898346720391692,9.607673490599772
45.55690208,-0.53859082968575,0.5501126646414806,9.68835380439814
45.56694808,-0.5778123076765883,0.5894641201633709,9.783908423699271
45.57699408,-0.6186504854166491,0.6093498098219924,9.79136673183602
45.58704008,-0.5576979548910139,0.6301933442620997,9.787017164489697
45.59708608,-0.627612775812175,0.6754098910675581,9.70355771058002
45.60713208,-0.6658327440454326,0.7191251166568471,9.734964179033186
45.61717808,-0.6780920026232777,0.7091698075991973,9.68011185209419
45.62722408,-0.7680628526850738,0.8148313174263352,9.43437540559525
45.63727008,-0.9410188092486325,0.8819191949138872,9.090994181773233
45.64731608,-0.9889944380688874,0.7575002582824402,9.098473701480794
45.65736208,-0.5350751237576582,0.33598392376373815,10.38232372047155
45.66740808,-0.47189330909609406,0.17116749124577751,10.933438990192034
45.67745408,-0.6302369540351798,0.4433979535065294,10.058018368487236
45.68750008,-0.48805609922481585,0.5646729169502833,9.368222749935539
45.69754608,-0.8114800981830612,0.7378902039001779,9.314857911152371
45.70759208,-0.8558783063725448,0.8692463633137385,9.705984144419826
45.71763808,-0.8231460432065865,0.8225741802992503,9.645330025037683
45.72768408,-0.34886590867866824,-0.533230468242864,8.729961617098567
45.73773008,-1.1553674276785175,2.1715451618392048,10.080617315519282
45.74777608,-0.9783283385958395,0.7247006448872066,9.925370591703999
45.75782208,-0.786094683976931,0.634663115109619,9.841064490737606
45.76786808,-0.8406414267763926,0.740442527251118,9.78305420960163
45.77791408,-0.7897549186700322,0.8603381505564942,9.62416350504217
45.78796008,-0.89037249760469,0.8878680325539581,9.801753307263578
45.79800608,-0.861446694077913,0.7135618983786878,9.935720217019107
45.80805208,-0.5342338434338596,0.7260624245827141,9.899615417955042
45.81809808,-0.4672059470165775,0.7323332251909042,9.67038205169799
45.82814408,-0.8072729451289584,0.8398727495862939,9.415801941615497
45.83819008,-0.7473261134715381,0.7610597080042184,9.81078878185466
45.84823608,-0.6759822660640671,0.7409798177769519,10.008134640896118
45.85828208,-0.8463207076439607,0.9279265349823388,9.74541463461437
45.86832808,-0.7394065897506411,0.8279901879544576,9.683424109281313
45.87837408,-0.7550330768541738,0.923554536116825,9.669617615182265
45.88842008,-0.7261829044754986,0.7874063687655585,9.728968002014318
45.89846608,-0.728779435147214,0.669725149323198,9.914944219446602
45.90851208,-0.7367046475797109,0.7284901284865302,9.54317419086848
45.91855808,-0.8421668823973721,0.750883566290655,9.010418907284954
45.92860408,-0.9299172955796371,1.0532175406815238,9.997500994774148
45.93865008,-0.6426510393092143,0.40705323323392356,10.982543754122384
45.94869608,-0.482630504488639,0.18599337813662847,10.641818042332323
45.95874208,-0.4052292272469101,0.9646261413005538,9.565796708628406
45.96878808,-0.4714039428480124,0.8021804255525963,9.562287830002093
45.97883408,-0.49382803643367873,1.0930394465603044,10.231879932561263
45.98888008,-0.7352489030692166,1.0877950559950582,9.812820665348521
45.99892608,-0.9492303187289397,1.104449720186222,9.02105114235937
46.00897208,-0.6641611592152376,1.0030063008257184,9.654840129825192
46.01901808,-0.5130938558426758,0.885045038857289,10.375308138439177
46.02906308,-0.6480438053583093,0.7555846698839398,10.240409408011176
46.03911008,-0.351833628892667,0.609552585153245,10.300729142536138
46.04915508,-0.2894066332538241,0.7044615612405576,10.313547922821538
46.05920108,-0.6679438628140811,0.9866253469782058,10.101255747288707
46.06924708,-0.4820097811572531,0.7281240818045691,10.33109447651742
46.07929308,-0.2089349927940803,0.769857046515532,10.061512806998666
46.08933908,-0.46296873918136333,0.9559675857968944,9.481910193785897
46.09938508,-0.3798009006334755,0.7350122097670065,9.957381785786417
46.10943108,-0.3993651135388084,0.9693675010280456,10.144799386591664
46.11947708,-0.33210155353431114,0.7770667705111854,10.187363391576154
46.12952308,-0.19185002726107903,0.7651110046540379,10.162459695544289
46.13956908,0.06774302362199669,1.3955771602947311,9.468231289813572
46.14961508,0.020532979348871144,0.2940798769899545,11.284208221383187
46.15966108,-1.6325380022583,0.5751624918415714,10.355885250972577
46.16970708,-0.43686275358133697,1.059741368641092,9.051649746374752
46.17975308,0.6538665435578105,0.4923452155570696,10.4527734620355
46.18979908,-0.5975800975718116,0.9725251283140784,9.525809695794138
46.19984508,-0.38629757422175887,0.2369112670791015,10.481971964117408
46.20989108,-0.5255758477788605,0.6074361552281634,10.004200862956615
46.21993708,-0.19046050848873983,0.576877153327841,9.73690404901392
46.22998308,-0.09885801921467148,0.20397809260548247,10.534918857053757
46.24002908,-0.575531530323125,0.7478315564806468,9.856080511156398
46.25007508,-0.3566727978040483,0.46084201211326686,10.123689019138283
46.26012108,-0.34988107667870316,0.5542095394580346,10.043152668365535
46.27016708,-0.2537864945192433,0.7070831282427664,10.059988987676215
46.28021308,-0.34755745839770275,0.6149457056336556,9.96985888022249
46.29025908,-0.3102100987254357,0.5635108137143289,9.93949197322919
46.30030508,-0.08501066149287421,0.5276415086797565,10.206516624362958
46.31035108,-0.2683008311626621,0.6917027571588225,9.845264274977012
46.32039708,-0.26869707034135487,0.6618229995564641,9.679751164421184
46.33044308,-0.21310737369802193,0.9431192405137212,9.760902583565183
46.34048908,-0.4744662229417422,1.1190602808852652,9.485850069620096
46.35053508,-0.2832398845719548,0.7691816068316115,9.219160254135202
46.36058108,0.12413252757030865,0.6516506868123177,9.363549034543247
46.37062708,0.3194099056266412,0.8144345208634234,10.367213215827002
46.38067308,-0.6367188042235078,1.8321212191949583,10.804083551818794
46.39071908,-1.4108227348837064,0.9832374388470516,10.401160104077368
46.40076508,0.02143228871269321,0.5151857942567746,11.04082029048533
46.41081108,0.15616508348287422,-0.38099667287305244,9.526160638657634
46.42085708,0.7474515015008614,1.8650441328618568,10.074021685696737
46.43090308,1.150549229624005,1.587722062182864,10.46792311953799
46.44094908,-0.0530566283482069,1.3214211317768858,9.138575383496471
46.45099508,0.23645945375057942,1.63960527117741,10.508097873706156
46.46104108,0.40346746418749674,1.2783066257074691,10.858097095808509
46.47108708,0.4021180803278465,1.6848802390274844,10.29069232076278
46.48113308,0.44581511202378016,1.2607273730802153,10.45372123164086
46.49117908,0.7708731455535623,1.1178732164817011,10.681770289786144
46.50122508,0.2720216979662543,0.652813634027718,9.864265533698019
46.51127171,0.10109024588283805,0.7379427152317588,9.292068243550093
46.52131771,0.3024253856379084,0.8038331673789184,9.684267915229755
46.53136371,-0.07583452133539234,0.5509775371529254,9.631910490335942
46.54140971,-0.07694674303838275,0.827999612072342,9.07955369847868
46.55145571,0.34818068299510263,0.33352720802614066,9.043839014574461
46.56150171,0.5819657168459123,1.7606025318915002,10.097461647624154
46.57154771,-0.809783776500573,1.671347434575237,9.307527779030236
46.58159371,-0.8060986370779443,1.4262144232620804,10.177931008205416
46.59163971,-0.8316498530964315,1.476668546081976,10.354445406129669
46.60168471,-0.21657791322743714,0.7779346347663418,9.525458986144848
46.61173071,1.079239355306099,0.1410568644968183,9.998161724696907
46.62177671,0.9349817225677056,1.10887888445522,9.726370266822737
46.63182271,0.20934665744927888,1.536718815331326,9.4666179351092
46.64186871,0.3430226025778913,1.2041665332594778,10.55394492267627
46.65191471,0.5210433559964691,1.9433175022863793,10.679117771157449
46.66196071,0.25734243210095487,1.6046495876970999,10.518052813230444
46.67200671,0.7620654524395967,1.084222085692309,10.794888168708638
46.68205271,1.148150809581377,1.4230540233271716,10.298470889354295
46.69209871,0.4819053936357783,1.2505661462405264,9.588805189027513
46.70214471,0.676936039520516,0.6512858710178024,10.104112221693196
46.71219071,0.6109196879641418,0.8842596523014724,9.963857681731682
46.72223671,0.12589251293182355,1.1114358025041247,9.686125190288704
46.73228271,0.6386275012455845,0.8917985994400456,10.487290397225072
46.74232871,0.753188650648409,1.1662169165701366,10.288689406583757
46.75237471,0.4022527202174422,1.2205995490236734,9.846294756628039
46.76242071,0.5581867035231092,1.2970849302128469,10.228391726913664
46.77246671,0.7247202821684032,1.2669842633237889,10.135905084683216
46.78251271,0.6389085755012417,1.3864807896712705,9.9026637765766
46.79255871,0.38495838630325185,1.325864948671154,9.88711395083275
46.80260471,0.4771097530499078,1.0884763267194806,9.915685172864723
46.81265071,0.8246836057046419,0.9718101291228651,10.421620540864849
46.82269671,0.7407937323192313,0.7960350937195697,10.495244576750606
46.83274271,0.8496036218971246,0.6014580896426839,10.492759663881555
46.84278871,0.953707101161667,0.7811863478285211,10.431075696352016
46.85283471,0.779779827571752,1.0146409583443743,10.007362849455287
46.86288071,0.8098881403248835,1.1440396429423865,9.691658855459142
46.87292671,0.9979082860465581,1.078910470094222,9.847039396951473
46.88297271,1.3141327522843607,1.1344814260364138,10.062918612962147
46.89301871,1.5488657864164266,0.9001731362579124,10.301993573143776
46.90306471,1.4232620017720434,0.7399358388651357,10.136112302737127
46.91311071,1.3594920261808474,1.082193776751023,10.018630885767701
46.92315671,1.2697266320624552,0.7293079070420985,9.925350736873222
46.93320271,1.4972152202649271,0.4709591501503824,10.056325418571868
46.94324871,1.3374105622417105,0.5427782145518604,9.901356205568177
46.95329471,1.3768678919496413,0.6555753096112793,10.072280183790808
46.96334071,1.622016452639881,0.7274402967610676,10.46733121016218
46.97338671,1.3162783888186915,0.9310612724500602,10.067911574938584
46.98343271,1.0851743784089272,0.9900752737722991,9.941417185233247
46.99347871,1.2332503921879174,0.6944798006464842,10.007034603275656
47.00352471,1.369963700002146,0.6529995855700267,9.686583983928779
47.01357071,1.35800680018527,0.43207254574111104,9.745890712171695
47.02361671,1.3910506473323545,0.47950220323839493,9.843187502692965
47.03366271,1.3116324655224665,0.3110259756446925,9.71159926186105
47.04370871,1.4729076712963458,0.33445608093708473,9.875610211368917
47.05375471,1.5399982890741049,0.5367009371678424,9.94622695493778
47.06380071,1.5822413800140414,0.38487385973631166,10.043815767688264
47.07384671,1.7424640083979197,0.5113669854074424,10.178733544791568
47.08389271,1.6712665232556023,0.4968040289555671,10.005819135251208
47.09393871,1.7110201227146558,0.4293644923833326,10.00745674684756
47.10398471,1.7212655419114036,0.5207264949185761,10.005187023319921
47.11403071,1.7549478237983487,0.5397687814627087,9.850081892531731
47.12407671,1.7560380914338056,0.06734960166266032,9.929993728266362
47.13412271,1.7226204497933721,0.040942823457088405,9.73140622864316
47.14416871,1.7256051167615716,0.3714923519871423,9.593594093803574
47.15421471,1.5784900445486718,0.17278718491626816,9.761776120130046
47.16426071,1.370014958755076,0.4046246787816144,9.34464269144615
47.17430571,1.2246250089849335,0.5877794176688669,9.052668501688771
47.18435171,1.5547843268723385,0.08365098021141955,10.260109011697145
47.19439771,1.6093934016215012,0.009664230257191053,10.53098350763072
47.20444371,1.2476406933844792,-0.30198046713026616,9.99440256231994
47.21448971,1.5191710838254495,0.026272676432582905,9.868782438219258
47.22453571,1.5228393758295267,0.24150916098273328,9.242721315188149
47.23458171,1.4269421675623675,-0.09332027671034565,8.935567846986432
47.24462771,1.507639530282622,0.19827687564364288,9.46826257781725
47.25467371,1.6444872366418772,0.30445339254242987,10.20493609418627
47.26471971,1.8039531075202992,0.22794777969460728,10.323305246630811
47.27476571,1.9392141297425192,0.12780612215786433,10.209463949433067
47.28481171,1.7536292698959057,0.3285696134337854,9.627140375364103
47.29485771,1.832031554895326,0.44883642883667685,9.531805829523327
47.30490371,1.7371442925614538,0.19386524688831014,9.633089527142113
47.31494971,1.5975527387065829,0.14316714668364683,9.825915072096604
47.32499571,1.5815244115314808,0.11233080864794173,9.916476087675013
47.33504171,1.5318880457390553,-0.03196548381955809,9.685492535522018
47.34508771,1.6584530735985608,-0.0665042838204078,9.890990955499754
47.35513371,1.4383219264410405,0.053324318818285026,9.770455794178243
47.36517971,1.2151733534603262,0.06082069852295698,9.53456696116961
47.37522571,1.307581119032091,-0.12517564532573086,9.807820458406468
47.38527171,1.4213486958442263,0.03044493069148449,9.557643311955333
47.39531771,1.3867602187281478,-0.08320198927536403,9.48849002298907
47.40536371,1.5543461241909067,-0.053625345962870434,9.679844516927522
47.41540971,1.8337992937174494,0.22694003773045598,9.613719571455528
47.42545571,1.7505026925665734,-0.08571259193225371,10.06267421014533
47.43550171,1.720733602271018,0.08814822398534897,10.1012905947348
47.44554771,0.2961549785405613,-1.4084629664053214,9.251359886866837
47.45559371,2.825992680923704,0.8816696762148691,10.357560865532157
47.46563971,2.0227424458737584,0.6257583831018407,10.065378056249633
47.47568571,1.3588932492628036,-0.2091493308072378,9.612609104160635
47.48573171,1.6765295934860023,-0.11855724203487426,10.11682379478627
47.49577771,1.4142215685139605,0.009666071816180193,9.763971907915998
47.50582371,1.6283865826952293,-0.005204669471879044,9.481524420275006
47.51586896,1.5084064693108552,-0.13837870882382017,9.829392798724074
47.52591496,1.0539226781687854,-0.023542980725788833,9.648694174684548
47.53596096,1.180510348364182,-0.09019096555695498,9.473394792717698
47.54600696,1.3086037242186492,-0.24072989756794783,9.795935560170662
47.55605296,1.2147164508188186,-0.33478145558457695,9.877895554663205
47.56609896,1.0896294499849626,-0.18806497236352304,9.593631262550407
47.57614496,0.8755146116999504,-0.14437578488039984,9.412224813626342
47.58619096,1.3973571711490465,-0.0817634193138521,9.744858810795591
47.59623696,1.5606322759102367,-0.12164178655237456,9.761812796968911
47.60628296,1.3632936442474106,-0.23285042473539114,9.545857413928625
47.61632896,1.9026741579957034,-0.08799594376229461,9.687150890701583
47.62637496,2.361011974051757,-0.28927578046435587,10.057115805874675
47.63642096,1.942286338296548,-0.3092010506626639,9.883516257157234
47.64646696,0.5141489177867595,-0.4380925354613516,9.42543199211766
47.65651296,0.7488533009980662,-0.7313712721187092,10.34395360447058
47.66655896,2.3913712891754684,0.35982601223016647,10.552727075235621
47.67660496,2.0338912612187947,0.39483573891484103,10.052501625822487
47.68665096,1.3733723435765226,-0.1664954397691787,9.93228049858445
47.69669696,1.1537751879907143,-0.3363171313237606,9.046577076317952
47.70674296,1.0924454266301251,-0.23695997767264734,8.80155493289132
47.71678896,1.1633771130536585,-0.2488820757870969,9.394525005030594
47.72683496,1.5477191003470316,-0.12007405955239403,9.976105653954107
47.73687996,1.3065095707488263,-0.1535387109684987,10.03883474335988
47.74692596,1.2571299322497664,-0.04224696078596989,9.838555691111516
47.75697196,1.5453876469843884,-0.2421774240880842,9.935596839901471
47.76701796,0.9120299455775694,-0.3324306320306734,9.458303640907838
47.77706396,0.9115962357584867,-0.5350567785371951,9.878056273736727
47.78710996,1.9299598680791163,-0.7951369799548024,11.031374524521524
47.79715596,1.8001033857336999,0.3042749734452143,9.007820510915215
47.80720196,1.2657806575114876,0.0909765098551299,8.377105049394213
47.81724796,1.9740450629653405,-1.2018135281682327,10.898580514038521
47.82729396,2.0451574133519395,-0.279879915999293,10.701449170932763
47.83733996,1.0774387829486443,-0.8942721653343977,10.632879642997652
47.84738596,0.7740013622152314,-0.5235105784494269,10.102244780374074
47.85743196,2.1546785128091974,1.5131317574028111,8.161819381163234
47.86747796,0.7394676405142776,-0.07154725391617185,8.581756386641961
47.87752396,0.6555630571387173,-0.5271462188446799,9.401639550689437
47.88756996,1.0790819395740758,-0.21048885722872218,9.861132079331773
47.89761596,1.3379228027196641,-1.8755555751836852,11.50040499162038
47.90766196,1.7045318723230283,-0.8122400305332844,10.643502723435128
47.91770796,1.9551094614384752,0.3509970816166459,9.437114374907575
47.92775396,1.962479245017624,0.2528678836065806,8.984752219094048
47.93779996,1.281183952536405,0.21947624352283332,8.305117603832253
47.94784596,1.20598721926342,-0.9734063325268031,10.316767771089507
47.95789196,1.1894469383551838,-1.1259693506373385,10.95940938971456
47.96793796,1.2437529372515257,-1.1289558987092692,11.014152757861094
47.97798396,2.4829196930418673,-0.18524143592189476,10.510374187231113
47.98802996,2.074162368594563,0.5344764230499638,8.845989508871583
47.99807596,0.7865408536278311,-0.5067099425331029,8.811699282118806
48.00812196,0.8797471986003279,0.35601911780168066,8.713786044101038
48.01816796,1.1034520580031808,-1.0751090172271953,11.196537157395555
48.02821396,1.639997517939769,-2.318375323057738,12.776042044289134
48.03825996,1.6881072202914276,0.2583148203414449,9.392639076512163
48.04830596,1.3095235111435808,-0.32043427731532087,9.548540565566727
48.05835196,1.0175595967102156,0.3679193270715459,8.384938154342631
48.06839796,0.9195560985593739,1.2460274363611643,6.782435504289777
48.07844396,0.7857215904120995,-1.7774436459675795,11.17408437071962
48.08848996,1.1789951198165969,-1.8789612242201612,12.313218702111513
48.09853596,1.7560081677814459,-0.9215499512103945,10.621132825366734
48.10858196,2.0562531821607597,-0.7386320256758984,10.242184556724725
48.11862796,1.2106203241448237,0.32680592814289466,8.659516189520799
48.12867396,0.6618166157206394,0.45556852790301233,7.529164384586729
48.13871996,1.1112821980913046,0.4420461378363889,8.930775291288997
48.14876596,1.2442574276762584,-1.1324811992683386,11.908241614972509
48.15881196,0.996364053856061,-2.3431884173293773,12.717974793582188
48.16885796,1.3478563941928832,-0.2730114362093463,8.98465445591799
48.17890396,1.1373870830541375,-0.4572793232898565,8.665259316964125
48.18894996,1.203554762913239,-0.19765294008149017,9.095133105281345
48.19899596,1.0542762272642632,0.5712760874011381,8.139102538604511
48.20904196,0.23112887463328932,-1.4455942043640384,10.435050039880268
48.21908796,1.140615300819194,-1.4560167319800914,11.903995527946238
48.22913396,1.786422818623283,-0.8672834877719012,11.097745930778883
48.23917996,1.3616400225071759,-0.6643119055817465,9.914250394897598
48.24922596,0.9114192169235219,0.7444861220099315,8.166301926171021
48.25927196,0.6092780242184684,0.14980038833196757,8.285940844372742
48.26931796,0.6466848339459876,-1.1360462560223334,9.85694421852008
48.27936396,1.1145458244521769,-1.5041329411342539,11.04924959033062
48.28940996,1.4347941599670746,-1.5450119197577592,11.387863905833846
48.29945596,1.9239092283814938,-0.812167080789177,9.981639133055928
48.30950096,1.6242459445534738,-0.2784844874877028,8.715682933947182
48.31954696,1.1443408173412835,0.044289813494646876,8.782738643005882
48.32959296,1.1788568754138358,-0.25608702314233994,9.975822202776959
48.33963896,0.7465318300467219,-1.0109446694335722,10.791452223344404
48.34968496,0.7617677383403159,-1.4406416121150605,11.350623475781017
48.35973096,1.399721657886315,-1.1147978878583857,11.080581658127775
48.36977696,1.5131112750958078,0.12729702068187823,8.54702765056597
48.37982296,0.6000893384969279,-0.16788685750184193,7.586829567332962
48.38986896,0.7789200935984082,-1.1410655737618416,9.380876211766187
48.39991496,0.9620761321493201,-0.5969043272598774,10.253967499608233
48.40996096,0.395846014265354,-1.0473436125701008,10.68344398736428
48.42000696,1.138393377872186,-1.415796618481468,10.931278405005664
48.43005296,1.7085988737369646,-0.33121410651117045,9.593364260845494
48.44009896,0.7911064014107603,-0.48098783056922706,9.584727973007329
48.45014496,0.46598875108861537,-0.6440757660875386,9.406286552979171
48.46019096,0.562796906983446,-0.2386505022254516,8.907293249082665
48.47023696,0.41651187721898736,-0.6947925015154525,9.99434923088779
48.48028296,0.6664381703584239,-0.7388060442394115,10.440935448731842
48.49032896,0.8073026883052978,-0.6891736588753674,9.917656904193665
48.50037496,0.81761659947999,-1.3273192376978895,10.031093036441465
48.51042146,1.3287167217832396,-1.041515278047122,10.027339778231225
48.52046746,0.9198141047465813,-0.30710112855571947,10.239891843385964
48.53051346,0.42147733722429,-0.7501829655702948,10.120678668259014
48.54055946,0.5232945853048309,-0.9922224827097507,9.441982570507147
48.55060546,0.6450579147806133,-0.5993678985952219,9.322081755192054
48.56065146,0.7720088400902857,-0.9819961895389429,9.98363086450715
48.57069746,1.4253999286357293,-1.3199889085211367,10.572239921273901
48.58074346,1.0637845629677212,-0.7017482163361978,9.451329851102582
48.59078946,0.5399809463156701,-0.17727126909849286,8.978634407512894
48.60083546,1.2590207655060366,-0.8068551290630798,10.418140226399169
48.61088146,1.081769115275393,-0.7158248079474101,10.430809035286464
48.62092746,0.21258310437937142,-0.4651186120800845,9.26003269692796
48.63097346,0.7743933662900323,-1.2473169315530657,9.233417717729294
48.64101946,1.5960432485428548,-1.687389582857653,10.21487018998506
48.65106546,1.4184420263443167,-1.1149035998453192,10.372204237323
48.66111146,0.6817119397379886,-0.10815509342063274,9.94657046100599
48.67115746,0.3686370254703247,-0.5409566375685002,9.870340411102811
48.68120346,1.01270200273011,-0.6103887680121531,9.307663974005143
48.69124946,0.46349815789147214,-0.2897579533783761,9.125838090718034
48.70129546,-0.14811386610247615,-0.47902791872224465,9.643987533141619
48.71134146,0.6453982552732243,-0.6636776133061597,9.46355945525535
48.72138746,0.8323356241415983,-0.5289970585243461,9.488569912666895
48.73143346,0.7116948260985327,-0.8172557985707571,10.707513329563714
48.74147946,0.5113458243715395,-0.1317027215679646,9.97961783057363
48.75152546,-1.053358113212301,-0.7618640179296771,10.411594939355789
48.76157146,-0.6986344531577291,-1.5057008611355989,11.312008384245495
48.77161746,0.3860658307254647,-1.3453580943386474,8.7058996472134
48.78166346,-0.3186022991192096,0.8197638383646159,5.102874949185374
48.79170946,0.38297899236688965,1.6056819137934277,5.264810633513224
48.80175546,-0.8753910291884067,0.11565317542264893,10.727721305303744
48.81180146,0.7250817507498908,-2.8522687378644864,15.999038840954997
48.82184746,0.3003739813263351,0.08314781209705241,13.405626025407948
48.83189346,-0.7410986072202917,-0.6646108946563795,8.77165744048858
48.84193946,2.039999064305375,-2.5725798735997745,8.367445302099576
48.85198546,2.5114929262379677,-0.6602933305522249,6.4759015885112134
48.86203146,0.5005284917497784,-1.8589501930071741,10.760198608911194
48.87207746,0.5569196800648718,0.10897600965442938,11.667725112416282
48.88212346,0.97770068917603,0.05069587504637072,11.855886441732652
48.89216846,0.1808396747710312,-0.40592553878662163,10.974568118730234
48.90221446,0.8948236731910523,0.23552042996145175,6.312029453258924
48.91226046,0.6517354105419232,-2.099790977698281,8.86250621278799
48.92230646,1.2697749121961908,-1.3722013985253305,11.075540979665297
48.93235246,0.4189253584693287,-0.030560299849759696,11.050191567584584
48.94239846,-0.6125406795095173,-0.19184174080634764,10.879037726064881
48.95244446,0.5623912740254936,-0.04974673738212829,9.559308811132615
48.96249046,0.2061614131234385,-0.4400193878647195,8.935113310193818
48.97253646,-0.3015969933700024,-0.33013298535250774,8.433265310330594
48.98258246,0.022356976366094752,-0.834259432425142,9.047852738552754
48.99262846,-0.059152941479732726,-0.8800517623652404,10.32854032701144
49.00267446,0.21944345238769672,-0.851061099828409,11.480665038272472
49.01272046,0.2700762245885737,-0.7383643867444649,11.113859902010462
49.02276646,0.5262493459424022,0.5080853298348856,8.675639602967685
49.03281246,-0.14382657500864857,0.7809919345403357,7.131135652437736
49.04285846,-1.9328423600529683,-0.3103174706932711,7.941344918317202
49.05290446,1.27865868179191,-1.0438686453565162,10.17046017794518
49.06295046,-1.2211358338375342,-0.877274401685044,11.942325119766194
49.07299646,-0.6117321452115483,-1.550115548821586,11.577116521498198
49.08304246,0.3446991971985349,-1.036042973757047,8.712528861496008
49.09308846,2.5516805905623996,-2.0760566305270394,10.277552594622584
49.10313446,0.5346297030654087,-0.45042868692075894,11.003516005088445
49.11318046,-1.5554649688476008,1.584652411737191,8.852287754340567
49.12322646,0.6490714943142716,-1.617306095545062,10.480744024742597
49.13327246,1.736497598391567,-1.7530774604170205,10.360063571740124
49.14331846,-0.7552250444814449,0.40758781326266785,8.162649700463371
49.15336446,-0.4655975596398965,-0.2338162212321402,9.7655039400091
49.16341046,1.938666540017845,-1.3117537752824664,11.217399077042483
49.17345646,0.45904453542066587,-0.5682495289698318,9.823425679603416
49.18350246,-0.4710185039028697,-0.24451568742981303,9.491499967736553
49.19354846,0.855052600292456,-0.6071886025036872,10.191191662531017
49.20359446,0.6117321983090863,-0.8327630527161748,10.223044702251993
49.21364046,-0.9350220067172695,-0.7328958898098514,10.248664700460832
49.22368646,-0.1579859462993754,-0.6106286201463417,10.373860464791607
49.23373246,0.37141512254462666,-0.5508641599032945,9.954350114897233
49.24377846,-0.595759238292049,-0.5530534463110787,9.831080702092486
49.25382446,-0.02842483062406928,-0.5568888172966096,9.28483054874623
49.26387046,0.5020505517386352,-0.6645839067066083,9.418226926631958
49.27391646,-0.06929637915977672,-0.5748548167785638,9.735351685856223
49.28396246,-0.030044375600684976,-0.35004514514835444,9.882476881746298
49.29400846,0.011535752973419291,-0.65877779517891,10.460064775267725
49.30405446,-0.12379122077090586,-0.7172300010035687,10.43327905076439
49.31410046,-0.034687132819613706,-0.14926303937014995,9.694582652547961
49.32414646,-0.07100305109592614,-0.4957445779660874,9.77305611935225
49.33419246,-0.05805477711077171,-1.12104109755275,9.6110856737053
49.34423846,0.14714451591885364,-0.47384989113616555,9.010682557835642
49.35428446,0.47454788855668933,0.04863896587611608,9.336146120038187
49.36433046,0.17885073774706656,-0.666255412468395,10.320301539219678
49.37437646,-0.1790712976321669,-1.0085306992221994,10.240571256248066
49.38442246,0.05918112948807512,-0.8355618274234525,9.974348198839458
49.39446846,-0.02052455571347173,-1.0630984903312597,10.074115791716126
49.40451446,-0.2444861728882725,-1.1657075579682683,9.971864285691334
49.41456046,0.11843081381171812,-0.46869571319474995,9.56601346444013
49.42460646,-0.015233274936783244,-0.16199517778015834,9.757959309645178
49.43465246,-0.47659232785608446,-0.5127446722429653,10.288287733293066
49.44469846,0.013158110905188735,-0.5399403127372155,10.032859011237635
49.45474446,0.10364297199065949,-0.3096268268180823,9.777629121027651
49.46479046,-0.37066919705577683,-0.46712017638780157,9.618875596008577
49.47483546,0.017180383721230937,-0.48331719137671414,9.404589870936247
49.48488146,-0.15835954358771123,-0.4120144576291867,9.688784403366988
49.49492746,-0.2808400960238819,-0.5100578722306928,9.842094594523473
49.50497346,-0.06220370400652882,-0.42171601810453135,9.681550712554756
49.51501975,-0.21364779038683865,-0.44288562202509435,9.648159849720127
49.52506575,-0.22700367014757844,-0.8328903130025668,10.320274034382626
49.53511175,0.9401112289301183,-0.17254853303531434,10.494157830107
49.54515775,0.9201758688672572,0.896412144451937,10.411876831731382
49.55520375,-0.9291235892634959,-0.09708561295533304,10.030896228274887
49.56524975,-0.7038559811989753,-1.2964566763546013,8.629415304510832
49.57529575,0.10669418945051082,-1.1143377880074425,7.800738688340838
49.58534175,0.0678079617013845,-1.5718220330014376,11.540129994307874
49.59538775,1.1710417445174146,0.5157796834268639,11.420594668150796
49.60543375,0.4971551566522914,2.362676026421296,9.195905408256456
49.61547975,-1.3019539822355615,-0.38060380142795425,9.846269461216904
49.62552575,-0.13988360270418967,-0.7824505945000584,7.663549287224019
49.63557175,-0.113448298347066,-1.8253119206624622,9.07928748417614
49.64561775,-0.5657989692579299,-1.5093368501124382,11.178297614917616
49.65566375,-0.15180542342723594,0.440648061033035,10.628388570667417
49.66570975,0.13832533752465725,0.09342650317762936,9.829730468716269
49.67575575,0.2622334881553204,-0.33422611619558945,9.261597176870374
49.68580175,-0.06581725162054958,-0.22625681668425063,9.012854863523417
49.69584775,-0.11693633838472912,-0.0016558882668547212,10.05954444534456
49.70589375,-0.43106714057572515,-0.2318351297382028,10.293002385634086
49.71593975,-0.27697681208938957,-0.8386760786706917,10.530081945551615
49.72598575,0.021619425428266444,0.1706524239470552,9.707659571249744
49.73603175,0.056953856656567985,0.2952987116604222,9.46376407420833
49.74607775,-0.009936067098174394,-0.1656153874783521,9.979099490648844
49.75612375,0.10143998257299577,-0.12847493089800513,9.889769151902643
49.76616975,-0.20981108470176588,-0.13379328356627523,9.911820579803
49.77621575,-0.2994866131734983,-0.40680051287863606,9.594411397391319
49.78626175,0.18936411950685889,-0.5960280465324648,9.814153737422217
49.79630775,0.3641962154076271,0.3230996392839102,9.968364512427392
49.80635375,0.31310301807844787,0.7361038073736482,9.621428116262138
49.81639975,0.26512788444644464,0.08642629678905822,9.350417801010666
49.82644575,-0.12094186294891345,-0.050006497580965384,9.10577925413287
49.83649175,-0.7549581960688004,-0.9502579143226697,9.982386474839766
49.84653775,-0.7429110603358086,-0.796689048691764,10.732061246984426
49.85658375,1.4251571962947964,-0.054539729293242,10.362155943408347
49.86662975,-0.10541483410291139,0.9438212704411463,9.564398814590371
49.87667575,0.38832844754581625,0.1064134629285956,10.625525250383369
49.88672175,0.3777014174769056,0.6466257876773939,8.802305279116379
49.89676775,-0.45086183547318565,-0.5077910265480763,9.322531032902285
49.90681375,-0.9263570456944655,-1.8056970863685495,10.579145731024367
49.91685975,0.1232222981833157,-0.1416655714508126,10.210810305223958
49.92690575,-0.3905265462903737,0.6572572794521663,9.932531436787256
49.93695175,0.1237962761939066,-0.5167721728213542,9.336352039511643
49.94699775,0.5516835008809464,-0.524818467956375,8.64440455511722
49.95704375,-0.3077829832468146,0.48154054369341837,9.329459166926885
49.96708975,-0.3659124389505593,-0.3661348701986578,10.766218215094248
49.97713575,-0.08884260109600702,-0.686617099028263,10.492362512695745
49.98718175,0.052598647236005824,0.23641753196258447,9.595784681181378
49.99722775,0.059037996662558524,0.2233597381119283,9.539266841041632
50.00727375,-0.00439441955480597,0.03154218228633725,9.560946233396713
50.01731975,-0.19644195221202299,0.17180918958844685,10.156888796664056
50.02736575,-0.9111312886532935,-0.7110556192279468,11.153144769192977
50.03741175,-0.1253395961567902,-0.4180317149742498,9.807471290886557
50.04745775,-0.7457918159382,-0.5189787350073165,8.69176655805427
50.05750375,-1.9645123030708431,-2.0941959525067406,10.362699721300334
50.06754875,-3.01495905581066,-3.268827876074168,11.7746926783501
50.07759475,-3.566452556019063,-2.7425018427149532,9.87880559249175
50.08764075,-2.122981333277303,-2.27312112480067,7.499572165190657
50.09768675,-1.8946300249302517,-3.5077326407278453,9.835868528188321
50.10773275,-0.5393938220101892,-3.560978966845213,10.275189990932578
50.11777875,0.39193610889836283,1.1435935366353982,6.6667084111672565
50.12782475,-0.14401709129020865,0.3562246555443027,9.654526483204439
50.13787075,0.654094383580467,-0.9191336715650966,12.91006773819236
50.14791675,-0.22475746345653289,0.894918589415674,10.104814521807322
50.15796275,-1.4938396880230793,0.17161289463132282,8.665575361018796
50.16800875,-0.47965296717735834,-0.9294639394475217,9.136429325499117
50.17805475,0.406212754949656,-1.24525935696217,9.478468586611681
50.18810075,-1.111293096718965,-1.0526121612883312,11.014241195552334
50.19814675,-1.953466333777885,0.08357886962962964,10.020370267171232
50.20819275,-0.2718948988719209,-0.9172000961145507,9.365547919491354
50.21823875,0.10031622875238867,-1.5194208985315008,10.677737342939649
50.22828475,-0.46526502847185586,0.12786117254302762,9.80560938917058
50.23833075,-0.6239928300419298,0.49100460267995943,8.89047238093451
50.24837675,-0.1824643533441432,-1.2265840556851186,10.689223602851614
50.25842275,-0.3599712558405277,-1.4926842458008545,10.804033492915197
50.26846875,-1.1823763546498611,-0.26935519612215425,9.006542799945901
50.27851475,-0.7892204125319964,-0.8284786145328655,9.379734621729538
50.28856075,0.4068874558996401,-1.2882093500859315,10.094129297263963
50.29860675,-0.2448106447977683,-0.08465607873290051,9.984333762738775
50.30865275,-0.5665479050261146,0.4821095042405621,9.982648377295577
50.31869875,0.14522533678043706,-0.16374773796940006,9.883196548949748
50.32874475,-0.22733331649183358,-0.5525469587417052,9.503865566715453
50.33879075,-0.8080946066010661,-0.7390513559854263,9.684604464620566
50.34883675,-0.7903441537418532,-0.9837525970325837,9.733901327192614
50.35888275,-0.6794273668548104,-0.917750308476334,9.776211863972462
50.36892875,-0.6941497202599574,-0.6186117667315768,10.314494804870838
50.37897475,-0.2805129661736368,-0.49400494932749145,9.901856904274327
50.38902075,-0.10261348840191327,-0.18678941464615106,9.12045748665465
50.39906675,-0.40649409781655216,0.10997430086874023,9.208021413096237
50.40911275,-0.33989696229823624,-0.4898285528120094,10.424253238748232
50.41915875,-0.7780053798321545,-0.8523300594915142,10.537871291131475
50.42920475,-0.8503722763092151,-0.5574209339662018,9.359304988288871
50.43925075,-0.559818897318539,-0.7704220112941341,9.409675372082361
50.44929675,-0.4342333068974588,-0.9042308162968233,10.135050679446602
50.45934275,-0.7383297635650671,-0.5306869223570504,10.004590010205629
50.46938875,-0.5962651089542533,-0.2847069028167993,9.751680800669844
50.47943475,-0.20976743054073355,-0.6547120772771966,9.80410463743156
50.48948075,-0.24298082271746807,-0.6208127919149559,9.68269786751717
50.49952675,-0.6427225883974073,-0.19349166972916204,9.467600156635953
50.50957271,-0.3961185957116611,-0.6986607148320992,9.913781661327173
50.51961871,-0.48759475916612777,-0.9402477002610501,10.224099685478059
50.52966471,-0.7182535125235715,-0.48863131294685125,9.951444522428043
50.53971071,-0.5692053825962307,-0.40829116090054657,9.632336351141255
50.54975671,-0.3490764230177064,-0.8420615002642321,9.939075878934165
50.55980271,-0.4393790254109832,-0.7823028249846344,10.110795071078039
50.56984871,-0.607445811458263,-0.4933437320792589,9.585215159230929
50.57989471,-0.1785756405029406,-0.5587713693708242,9.420148413764847
50.58994071,-0.15126976506385476,-0.5442656214277883,9.991954893866401
50.59998671,-0.35965595002374584,-0.5753025398652035,10.144754497164632
50.61003271,-0.6163552394546016,-0.5254390939201816,9.963680625582427
50.62007871,-0.6331438637003618,-0.4059025484910522,9.773889387204507
50.63012471,-0.3838882651849791,-0.7130945298412161,10.256962333391803
50.64016971,-0.3389067151875994,-0.7011850131727386,10.001337849288282
50.65021571,-0.48968441615024993,-0.29267021204930327,9.367589851793095
50.66026171,-0.38317104417704184,-0.4693153900376513,9.637726832070584
50.67030771,-0.14763780565024257,-0.7225785549766763,9.925313518998417
50.68035371,-0.26046052962841376,-0.3605076321320763,9.614601759319996
50.69039971,-0.45629801754972105,-0.19437502509132817,9.596201422071532
50.70044571,-0.5618036993494554,-0.6839143435201215,10.249189353500002
50.71049171,-0.6415478351350553,-0.7606715942704108,10.310123894584834
50.72053771,-0.6805368001292567,-0.6348268265921264,9.688630367647162
50.73058371,-0.45534489069964545,-0.7824572806616225,9.507036910255437
50.74062971,-0.34312603557191773,-0.6467558933631916,9.697184670680887
50.75067571,-0.4957229864300193,-0.47636319541821537,9.817258993902735
50.76072171,-0.41402352917355056,-0.3824327966748137,9.775517375677325
50.77076771,-0.4042508972076688,-0.38885287566469057,9.645811754667385
50.78081371,-0.44606228526042774,-0.46396442431933804,9.887164059039746
50.79085971,-0.529030887244921,-0.5488185421029338,9.54196032914987
50.80090571,-1.33852951328024,-0.9132712701918261,9.584671452095288
50.81095171,-1.8161349227723713,-2.040131531350369,10.651751939559805
50.82099771,-3.035818501524399,-2.5840558702145273,10.873068429502055
50.83104371,-3.3928547688144537,-2.8551839460399155,9.595681876824509
50.84108971,-3.516857011037288,-3.6695790462398685,10.12641919221014
50.85113571,-2.6186223959268076,-4.861431334781043,10.840070758750848
50.86118171,-1.240936008114742,-3.5324651783266865,8.501821841176566
50.87122771,-0.4286255939208162,-1.3413922055845773,7.553803965372447
50.88127371,0.4820451172412985,-0.15120434270677058,10.224657926452588
50.89131971,-0.49131713039111286,-0.3039468852080974,12.20134311907341
50.90136571,-2.017388929148508,0.2769106214009565,10.307885812202775
50.91141171,-1.8562388441578304,-0.6475644951211623,7.4585346346744705
50.92145771,-1.257342042104802,-2.728375590875294,9.006035184022881
50.93150371,-1.3804495463433404,-2.8871505116847067,11.102025715604748
50.94154971,-2.0628083554955707,-2.2445741836449016,10.759922766953931
50.95159571,-2.267230167643279,-2.536168919319639,10.004441074346108
50.96164171,-1.1693990625818238,-1.7963743832471075,8.983636551654433
50.97168771,-0.4866758382406246,-1.1499834516044765,9.211442849984847
50.98173371,-0.911550003501279,-1.74046605692681,10.755371292446116
50.99177971,-1.5971672982124645,-1.47449681482751,10.561743265243276
51.00182571,-1.6144035415614426,-0.7641696324572566,9.674428716327485
51.01187171,-0.9284087689215428,-1.100501749096659,9.524167078073992
51.02191771,-0.7262385915236038,-1.920399661566337,9.999561279220673
51.03196371,-1.579787467274085,-1.5395838956414085,9.740423418163717
51.04200971,-2.0657373292512275,-1.1723406002205419,9.437435705263313
51.05205571,-1.4837538563884063,-1.9451439276413585,10.157229847167377
51.06210171,-1.13792648868685,-1.9917548584604856,9.94770653561107
51.07214771,-1.3673648086048338,-1.6366878208570015,9.751318729687346
51.08219371,-1.4471273146074326,-1.3306131682813334,9.557434906425534
51.09223971,-1.3159334588895848,-1.4128589183358682,9.454920767267726
51.10228571,-1.336277139156321,-1.613517333785757,10.007025379219842
51.11233171,-1.3022743263148966,-1.4137896687008968,9.99142473939082
51.12237771,-1.3549566356565597,-1.5036424944634854,9.92464963909277
51.13242371,-1.5400830255692226,-1.5966374421238305,9.652519108712314
51.14246971,-1.5585360956083238,-1.8004004749654743,9.829813248265747
51.15251571,-1.3306898697150369,-1.6247229472972058,10.048096761210353
51.16256171,-1.1472955480335987,-1.336475177742486,9.748310887111904
51.17260771,-0.7980865204485037,-1.2113267256210167,9.582453554226012
51.18265371,-0.3742540205518715,-0.5778041436587485,9.424071017073814
51.19269971,-0.0015460112205303285,-0.14051494532818545,10.012300223513341
51.20274571,0.20983027772535273,0.32801607006958144,9.813809401287298
51.21279171,0.48314231472963015,0.4816986032629571,9.471418764524616
51.22283771,0.6159910925184946,0.37854005059531054,9.881446155502456
51.23288371,0.6435840510141642,0.7551071490336707,9.937870257722134
51.24292971,0.6808405232210313,0.9571740960249636,9.88832135534576
51.25297571,0.4352923975059588,1.0642991769339631,9.805677551260802
51.26302171,0.45779872197011484,0.7731389546708993,10.028949774671826
51.27306671,0.36558881126403886,0.5151234781947901,10.163123307728178
51.28311271,0.1521459898835553,0.5762128195940952,10.081197016955354
51.29315871,0.15803079512053517,0.06270992265653288,10.146503889116943
51.30320471,0.21699368968226354,-0.317667451393527,10.09059987745797
51.31325071,0.22097774043116222,0.012674450591327064,9.503213347249543
51.32329671,0.013460020099445061,0.12254616831233199,9.36134664940384
51.33334271,-0.015810113598992283,-0.3781854021153944,10.058067632752776
51.34338871,-0.12973100837332793,-0.4002481966965875,10.386775930392892
51.35343471,-0.3205444871140258,-0.19855148969148825,9.994423612444457
51.36348071,-0.14240491178982898,-0.33263569436816137,9.574243621589336
51.37352671,-0.01536651996891045,-0.4181338514505359,9.631312992199662
51.38357271,-0.1200479513374917,-0.2178862059297474,9.85943171975545
51.39361871,-0.07774254091401778,-0.06233527344168435,9.474093228938553
51.40366471,-0.058381476150627595,-0.003005233857279699,9.382762792127567
51.41371071,-0.05648280487022208,-0.0021600865321988365,9.90843730707227
51.42375671,-0.10242169392084705,0.15092298746498028,10.012281692878334
51.43380271,-0.0016757032525907766,0.24241285887847247,9.760231537734546
51.44384871,0.08186256878575139,0.1984548073815577,9.64402826720941
51.45389471,0.08605119263165854,0.032969439730339695,9.741796029121108
51.46394071,0.053299620046081485,0.14061160533636508,9.714688645056814
51.47398671,0.09061859659869988,0.1277051308691711,9.899911773445323
51.48403271,0.08604851403435096,-0.030374269729765,10.055343121264055
51.49407871,0.01636119937220341,0.06920112333425524,9.905553942293524
51.50412471,-0.030551171936504244,0.11925044902632934,10.020551670886846
51.51417058,0.03949631113707795,-0.02830078476383108,10.10416355228981
51.52421658,0.1484179558719938,-0.16287300078083658,9.862571650945682
51.53426258,0.0503007518205175,-0.02465208989853183,9.639649851143277
51.54430858,0.07098970960673484,0.05362956309414896,9.646356634583139
51.55435458,0.11281763788259853,-0.058723313070543216,9.848439822144309
51.56440058,0.04969332733306569,-0.09168147789708912,9.89604753636889
51.57444658,-0.0023066248952483656,0.01985811520315874,9.806960008800544
51.58449258,-0.05374454984970349,0.047420221948432956,9.854945233154583
51.59453858,-0.08754634836297477,-0.07407976807621479,9.889421489228324
51.60458458,-0.05921808157870043,-0.1064385794252655,9.79907610069381
51.61463058,0.026808841073557237,-0.05362850036704843,9.788319449725673
51.62467658,0.018269783218775985,0.0016927642041062406,9.798778907808632
51.63472258,-0.07340054754504495,0.02285668366111948,9.72335986320311
51.64476858,-0.03053539196123616,-0.019468756973884668,9.813036502414956
51.65481458,-0.017785554735484828,0.013355108054463211,9.993197595375339
51.66486058,-0.07522249059611837,0.056640587891168236,9.900539895134274
51.67490658,-0.11066348610144079,-0.027201857124968636,9.65090244873861
51.68495258,0.04087833245416962,-0.055099020659883154,9.743324077953261
51.69499858,0.0922041333902438,0.04204062894255578,9.885059320831562
51.70504458,0.043606643690014074,0.11396629317512096,9.799869692260629
51.71509058,0.05532815416224547,0.07354029675911253,9.744010430409153
51.72513658,0.08842918890461685,0.09309165490343206,9.844398027270167
51.73518258,0.07125587486318447,0.0996163798480858,9.927142046186761
51.74522858,-0.00024289306452144094,0.03378536801378161,9.903433246797832
51.75527458,0.020030288269842034,-0.03546213094494727,9.852532514790958
51.76532058,0.09403445605268111,-0.01787152948572965,9.863021045100233
51.77536658,-0.053696560564415054,-0.0031625432776981504,9.779532721064026
51.78541258,-0.11061520525678557,-0.11180425794432433,9.773150244740656
51.79545858,0.0187184598677309,-0.10975952680490031,9.892741135473415
51.80550458,0.09068544919310553,0.011557119125307286,9.757548042790852
51.81555058,-0.08433741608785134,-0.010819627063148906,9.688607280978907
51.82559658,-0.07908347590673533,-0.10117067505733322,9.834870571997532
51.83564258,-0.010820578712009926,-0.08871411568382745,9.89461825721114
51.84568858,0.009379934215587346,-0.1100186224843997,9.903786926711964
51.85573458,-0.0008422219600373885,0.06434753678859884,9.79635291410066
51.86577958,0.05431018523368278,0.0202550595651341,9.856145414462254
51.87582558,0.025661284227044407,-0.09465729560949793,9.993078461426647
51.88587158,0.02815705623789993,0.08629120795435594,9.725868272183588
51.89591758,0.03905285480405203,0.1576212132818248,9.722025639494785
51.90596358,0.1252525214875344,0.02786046516962711,9.956289559911314
51.91600958,0.03277896814154398,0.0705927845264381,9.822600051465331
51.92605558,-0.010374597019733353,0.10209843142229322,9.822155516706143
51.93610158,0.04967749265309799,0.14221649567745287,9.794182873796254
51.94614758,0.019645839104848514,-0.003914621450994026,9.803462406456052
51.95619358,0.048830999912042594,-0.05992780296568975,9.811463581864567
51.96623958,0.025866455487061454,-0.02405397357929711,9.738577101974025
51.97628558,-0.009617330117169573,-0.05478444323539983,9.863811552208299
51.98633158,0.007145216703358507,-0.09624012384439817,9.971440515181428
51.99637758,-0.010953306157297692,-0.08558762607051355,9.884157514165924
52.00642358,-0.049535144189350726,-0.0015104759646652293,9.835462024137543
52.01646958,-0.055894139206327846,-0.0675923525975151,9.946811639474559
52.02651558,-0.04609022944036741,-0.13028791225767827,9.817729385542505
52.03656158,0.028861757725693934,0.021536344388753775,9.675964914032665
52.04660758,0.054621262350722594,0.0775526084936991,9.799014077885195
52.05665358,-0.00022401325106449115,-0.005941944351664943,9.868990359289887
52.06669958,0.01653766106905266,-0.009918002444821062,9.777343630949717
52.07674558,-0.007278690491563647,0.12444969115274372,9.82556888147595
52.08679158,0.031249059237371767,0.15135575309137952,9.923732348656383
52.09683758,0.0289800615534496,0.04144909058229902,9.881064125161354
52.10688358,0.02614038620855553,0.015202837167379553,9.725879317747266
52.11692958,0.06410990334935825,0.1123748375144974,9.679544993284065
52.12697558,0.04890081345038495,0.04477060827910492,9.819291579968073
52.13702158,0.03069235699146625,-0.027333699428259004,9.89008062390707
52.14706758,-0.011757140517383193,-0.0061106918646451165,9.882912844295308
52.15711358,-0.03874568552182285,-0.006231735894137021,9.876930018252885
52.16715958,-0.10587435039022236,-0.06471955459319957,9.867790640602998
52.17720558,-0.04613455034386656,-0.1300601247360157,9.882300697909098
52.18725158,0.03441469427861465,-0.055597253577246125,9.799322431385951
52.19729758,0.049286513356687225,-0.018282944671809045,9.689200746003776
52.20734358,-0.02422016350528682,-0.05314265001104285,9.732738157499137
52.21738958,0.020142427909734712,-0.08381597934565062,9.91823200869072
52.22743558,0.0730481549961818,-0.04021466053958016,10.03018586460973
52.23748158,-0.0031541746142258755,0.024332150527213655,9.857219634429642
52.24752758,0.02184820910981761,-0.04068879756160528,9.750844014927116
52.25757358,0.029979624081412803,-0.02135579458025637,9.872653364846471
52.26761958,0.08595985483333468,0.06324179792881013,9.891805703501886
52.27766558,0.08981087881200954,0.0846075932096413,9.74486651972913
52.28771158,0.07979081389736395,0.08116840105690244,9.697280565153662
52.29775758,0.05273948541821897,0.06225864454319749,9.835707687845407
52.30780358,-0.02358073014044537,0.015235667733051737,9.935711192946211
52.31784958,-0.03116913523083838,0.02197362392809816,9.874673661737152
52.32789558,-0.00833102993005448,-0.003859067514148286,9.863776787343852
52.33794158,0.019043868308526404,-0.006275490741729269,9.813471277422634
52.34798758,-0.027764435489359713,-0.0372869081130858,9.722996073543737
52.35803358,-0.02961742163678705,-0.07819713576417289,9.817746923689349
52.36807958,0.00925210323543007,-0.050340866279167715,9.857031574705823
52.37812558,0.013748003831000714,-0.02224549534023596,9.76162459510982
52.38817158,-0.06703651652353787,-0.024345193659816033,9.739894761109845
52.39821758,-0.07458587750616429,-0.09084123949553966,9.938390409831241
52.40826358,-0.02976586713088061,-0.03334749867514706,9.939367072015811
52.41830958,0.012250421251139745,0.06950765242585785,9.752818468011016
52.42835558,0.042147949882073675,0.08878172883878362,9.678268852810598
52.43840158,0.03878065684761137,0.027790693671855337,9.804840029978427
52.44844758,0.003413702431611165,0.01558945180167242,9.900560311097669
52.45849358,-0.000679668301286842,0.08341348062861881,9.7992313683973
52.46853958,0.07355564369862333,0.09214554772271528,9.760659889348766
52.47858558,0.056719749411861864,0.04767949000151234,9.824728623110467
52.48863058,-0.039323966579578776,-0.0075151075116008,9.912005996809043
52.49867658,-0.035593395706321515,-0.01256044222131157,9.873162439272972
52.50872258,0.04604546859469807,0.022375036537386626,9.81451508411637
52.51876875,0.014390568368659465,-0.005308786789883538,9.806686716445586
52.52881475,-0.01115667522587052,-0.06502587226534283,9.818126325828263
52.53886075,-0.008937510833758126,-0.10330077710482415,9.873810821045474
52.54890675,-0.012158427527467803,-0.05189104451653954,9.919224967293427
52.55895275,0.029304212726749795,-0.01193253955897176,9.763849060358528
52.56899875,0.03482589471948857,-0.06440107513270661,9.778980289563401
52.57904475,-0.023490330371682886,-0.09752628125046377,9.957669446297912
52.58909075,-0.017874466866212326,-0.04301253222119425,9.927040630804532
52.59913675,0.050269361121750206,0.003310583718282878,9.769481534744989
52.60918275,0.09731307769699657,0.033690253486755424,9.743072518567818
52.61922875,0.051152668985916014,0.02240087379206845,9.825220556804895
52.62927475,0.0088543034396267,0.03332578667293356,9.85110312575276
52.63932075,0.004449306461579475,0.06314900482513801,9.864260718203786
52.64936675,0.04313845265605296,0.08395889919409041,9.834501424530023
52.65941275,0.02801840020625695,0.07195635749208179,9.807542851651078
52.66945875,-0.02838142793649447,0.033199270603171356,9.814329437395292
52.67950475,-0.033244318610442414,-0.007769304362362723,9.833394985773895
52.68955075,0.02036427946562749,0.022500915500332574,9.777023743339793
52.69959675,0.03814767432337912,0.0361634168787606,9.675939487019011
52.70964275,-0.004915307704130778,-0.030206124300102458,9.786259091306876
52.71968875,-0.05916735325199425,-0.08743711581515937,9.928873791526962
52.72973475,-0.059883269231479845,-0.04094927414594094,9.944202115737685
52.73978075,-0.05040074288504463,-0.021278834582628144,9.81576465210119
52.74982675,0.0013547480489887582,-0.07317901091183729,9.789279284627852
52.75987275,-0.00872634404594283,-0.052552240108721164,9.833512947141555
52.76991875,-0.026058029826354415,-0.008778436593801408,9.815828195767075
52.77996475,0.018459593005383346,0.036533833677557484,9.781835328055825
52.79001075,0.04434655437367077,0.03474010158876728,9.7812974782084
52.80005675,0.045026412793022615,0.027867500280153803,9.871555936199927
52.81010275,-0.04166348619703523,0.05342378180864399,9.912681831921274
52.82014875,-0.025321321403515264,0.05313833190846061,9.891369813283614
52.83019475,0.025248631550391313,0.05711767937768467,9.817766434850391
52.84024075,0.06642024608096354,0.05789891178335686,9.74261628824763
52.85028675,0.06805071220524404,0.056426591020049585,9.736412713480258
52.86033275,-0.00015327489681561134,0.00995049956388017,9.828852022810873
52.87037875,0.017056530710237976,-0.007647713375052009,9.831337824594273
52.88042475,-0.0019837383059608084,-0.008439016425593335,9.825143574663214
52.89047075,0.01640988036950586,-0.05761734113344285,9.86315887786555
52.90051675,-0.03415483240812902,-0.09756494628908371,9.91020932699447
52.91056275,-0.04671703310879903,-0.059991391025337924,9.854646585191423
52.92060875,-0.05005418455652921,0.02278592386387518,9.690326908993462
52.93065475,0.02477642235983437,0.032943041424504174,9.763722502271547
52.94070075,0.011491405194493584,-0.04875357108755433,9.886670241765932
52.95074675,0.04609945880161408,-0.12942578491248966,9.886120201759079
52.96079275,-0.021255147697148417,-0.017242728734437746,9.844529046240382
52.97083875,0.007454906845359691,0.07009914736720443,9.823467027421342
52.98088475,0.06560413243913664,-0.05173128651956084,9.871740750863696
52.99093075,0.013957571655124757,-0.03329553967108605,9.866421984541764
53.00097675,0.0024061296852940527,0.05552657108308728,9.793327637551402
53.01102275,0.02896105357287318,0.06880345862987261,9.72606608996825
53.02106875,0.10737851747024993,0.026150323940310534,9.779437534402636
53.03111475,0.036707768432033605,0.014666882932308356,9.865374816400092
53.04116075,0.005923838208929696,0.020967623645634783,9.836205711665968
53.05120675,-0.042385363829605345,0.04385322455845987,9.826614587047498
53.06125275,0.006530667478441766,0.0025817999067238714,9.849554508311407
53.07129775,-0.024504744894461614,0.0049696207982147115,9.838564025230578
53.08134375,-0.07494433555377839,-0.06009148794799942,9.884808963115804
53.09138975,-0.0582042412882715,-0.07039781768943795,9.784015423601968
53.10143575,-0.002683626311845188,-0.011156762827827722,9.724523630079961
53.11148175,0.02087628156059703,-0.061461281122264254,9.820846946448551
53.12152775,-0.011844252193507179,-0.11811138712528707,9.87544495989731
53.13157375,0.011292939916893141,-0.08431594290779762,9.893653889501676
53.14161975,-0.0018338581546466937,-0.015894670807428627,9.89233193585778
53.15166575,0.05785456904698437,0.021554149883721015,9.815749141737077
53.16171175,0.03403841572847001,0.01848066215657516,9.868718714194431
53.17175775,0.04457348044615761,0.015369056390723118,9.840426890030209
53.18180375,0.07678173537253138,0.08634002406656804,9.71751024980355
53.19184975,0.07021800151394686,0.08565548701316304,9.776214319731665
53.20189575,0.07440686204338452,0.05621689891950156,9.83740231066366
53.21194175,-0.004386145615897033,0.02635875089037151,9.902032306183346
53.22198775,-0.046879727474916776,0.0008783325766076753,9.894980187869857
53.23203375,-0.029353194033610627,0.02914275224282344,9.781278207569601
53.24207975,0.025781595852325014,0.0021754843318985903,9.758130868069589
53.25212575,-0.01991332929908824,-0.04934750322287827,9.848430971632173
53.26217175,-0.04991778328210795,-0.03907107560884088,9.820696912312114
53.27221775,-0.029102329961067274,-0.018099979597433688,9.752145630672583
53.28226375,0.014521376964839678,-0.03495321024621255,9.774524278410647
53.29230975,-0.031075385054350098,-0.04708640284555741,9.886556984499443
53.30235575,-0.07767484065106105,-0.045882477154706114,9.915110949739525
53.31240175,-0.05183879269154861,0.003402059963665068,9.877436296752858
53.32244775,0.03146034426352224,0.01568313704524205,9.788570274958861
53.33249375,0.052174910395629145,0.009162568394171924,9.757813395009332
53.34253975,-0.008382494683539446,0.021193713061925946,9.828766516467056
53.35258575,0.017057043381189876,0.04120509989134611,9.861094547621045
53.36263175,0.04330074919932721,0.047852559859628226,9.816125459122976
53.37267775,0.05810510266047597,0.05329781450308522,9.791578168507568
53.38272375,0.015140081063988172,0.030971417416784656,9.875208494782616
53.39276975,-0.010840349787666022,0.004348865201512278,9.958854627611117
53.40281575,-0.004555549715182626,-0.0030160821818396998,9.840959135004768
53.41286175,0.04030862843089639,0.024653657917437035,9.720724628563216
53.42290775,0.06072119824577017,0.005276407303415761,9.726854307287825
53.43295375,-0.0031741615241947354,-0.04841024785556616,9.86699222842909
53.44299975,-0.04381875278027277,-0.050952167978090795,9.887208771970135
53.45304575,-0.019354540910381614,-0.03928873706141347,9.85243350685375
53.46309175,0.02139435072969992,-0.017719218213110437,9.810309532291576
53.47313775,-0.03340596910083258,-0.037842593016053236,9.85898557040565
53.48318375,-0.053744740609319844,-0.05861597863191908,9.879475817914384
53.49322975,-0.015334373927367587,-0.012414396306261595,9.822720015383677
53.50327575,0.03214626093399689,0.02052774139955568,9.744571486928669
53.51332146,0.021943046291221527,0.017208889898430998,9.742088194008211
53.52336746,-0.0017850102681662378,0.015179754980044003,9.867150779102909
53.53341346,0.00046790439517031563,0.025852271217913794,9.920882435386186
53.54345946,-0.007516946824936111,0.06344205528798891,9.828962674707196
53.55350546,0.031109894096682408,0.0654028048011936,9.760218311378654
53.56355146,0.005081004268280176,0.06367695989482972,9.827213900347443
53.57359746,0.002409418030836652,0.008799718967560249,9.899576165122783
53.58364346,-0.032070430323556595,0.017961750747596695,9.825524663469338
53.59368946,0.0366014996770186,0.028882319605254954,9.733851131140131
53.60373546,0.02571941843177844,0.0035434984884763683,9.796585673964827
53.61378146,-0.02110559103472767,-0.01121816222906028,9.904644374985715
53.62382746,-0.04213670159323946,0.00983709033978465,9.89188896450527
53.63387346,-0.022306067937867248,0.019568004380244863,9.888447170525428
53.64391946,0.030535230866676488,0.036870654477123135,9.829601982088526
53.65396546,0.036208418791765784,-0.3573507732989124,9.828780564459148
53.66401146,-0.03581924914726282,0.12656309429949109,9.841455149495541
53.67405746,-0.04060741383620126,0.06560365479991893,9.933790006932158
53.68410346,0.04462631258821319,0.0817000341122755,9.781398498940849
53.69414846,0.029889601256408972,0.04946726837316475,9.718171656468229
53.70419446,0.02737077251437334,0.003819550661293207,9.857863318666837
53.71424046,0.0764974332782734,-0.27130926143837986,9.860475940338931
53.72428646,-0.07723526731109936,0.16619909125425228,9.913989036073266
53.73433246,0.05128524047266927,-0.04602828691931505,9.729573708396217
53.74437846,0.025892538636420315,-0.013069742744725074,9.767240510629275
53.75442446,0.03227695311576679,-0.029310139558652783,9.80676144885706
53.76447046,-0.013267049905607451,0.007637478155722543,9.797253673643638
53.77451646,0.023235875378082402,0.006629837067775528,9.837559360786736
53.78456246,-0.008236869690986528,0.030155257050793586,9.849862752269264
53.79460846,-0.02663524594353742,-0.004843859220730908,9.847712703236324
53.80465446,-0.051523271061860686,0.0548950120116157,9.822494176381435
53.81470046,-0.023688788872107718,0.07752584534721053,9.836237799087177
53.82474646,-0.017942457963365015,0.14949316517882774,9.808859758973833
53.83479246,-0.04477058899917489,0.015275808837182927,9.84643201933694
53.84483846,0.004725145850843401,0.010518681448842352,9.827431881615766
53.85488446,-0.049604957916363476,0.01608752925642659,9.95093845151468
53.86493046,0.07614775596858596,-0.02454974344257987,9.960311860868144
53.87497646,-0.11721354791645118,0.8167130205576849,9.92325631707487
53.88502246,-0.029350072861058094,0.23223850834816231,9.94095945818439
53.89506846,0.10190658686985733,-0.37186121515253334,10.043129305729211
53.90511446,0.3038894573764125,-0.336397614999853,9.800750485116447
53.91516046,0.2730586511749839,-0.4455131844969398,9.671588151758456
53.92520646,0.18913511160257654,-0.49827672435410186,9.57360988672197
53.93525246,-0.43405250693809544,0.09413238292941188,9.67125400059833
53.94529846,-0.1963973344924216,-0.015791204245989947,9.833851889163489
53.95534446,0.09684550940356529,-0.04433871714976677,9.853815622689389
53.96539046,-0.08374731301659763,0.03132787005815696,9.887078397202346
53.97543646,-0.06828776326978522,0.11324006941056594,9.810950668137583
53.98548246,-0.057152151356500557,0.1063843114625889,9.817594385162401
53.99552846,-0.03311974673251147,0.08598357495970824,9.861673361464018
