Time,Accel_x_cart,Accel_y_cart,Accel_z_cart
8.004723083,0.09399776138861518,-0.043989440393161224,9.829384270425672
8.014770083,0.15405678460376973,-0.0005755766251582719,9.833467732114807
8.024816083,0.09574208884239044,0.05035353404718682,9.84558495095997
8.034862083,0.09304946495435433,0.11932026322464943,9.898642009424602
8.044908083,-0.0338184987830067,0.14273206911943556,9.991998942840436
8.054954083,0.00638606683581656,0.07574559132390701,9.937416447297485
8.065001083,-0.009825279720386305,0.05757532881998551,9.894458504761698
8.075047083,-0.0009355996552180336,0.01362363655982872,9.871930814651986
8.085093083,-0.0067219235652661935,-0.014684001206260617,9.882728827671318
8.095139083,0.028141669654791174,-0.09372886793442284,9.866831583792841
8.105185083,-0.008437253879841117,-0.08046596988556243,9.83176148921687
8.115232083,0.07463750031363343,-0.08786473603389462,9.799173486748039
8.125278083,0.07011249154409183,-0.0896047797960931,9.81233333646144
8.135324083,0.01118527630197984,-0.05602958092775428,9.805983027351438
8.145370083,0.021475102516691064,-0.05092996365265596,9.79954931592127
8.155416083,-0.005818672665135666,-0.03853156324201169,9.818981594749422
8.165463083,0.0027468525666042736,-0.04683870722184274,9.805499171761287
8.175509083,0.005929492920630366,-0.059241340300409284,9.805624283371351
8.185555083,0.020371928304689327,-0.0578383473608292,9.777846780733423
8.195601083,-0.0026445962300844323,-0.04766312787200147,9.794791942994793
8.205647083,-0.01779929279909396,-0.04044505999862287,9.811775795075906
8.215694083,-0.05457781683265361,-0.012002931233807308,9.808425281844215
8.225740083,-0.07915021378747567,0.009182786754773277,9.797856139651646
8.235786083,-0.06941850792006211,-0.0068539042202677095,9.807618918963456
8.245832083,-0.06440284936688592,-0.0005101849103382277,9.813369307140732
8.255878083,-0.05822256178650596,0.007003593549034476,9.829704848806315
8.265925083,-0.06805120440777672,0.012464663456684481,9.825387442046488
8.275971083,-0.05667649579988253,0.004625213646740263,9.833794698103873
8.286017083,-0.06159925029638971,-0.00872324792355911,9.826596105856702
8.296063083,-0.05513013161843693,-0.0059694766718602745,9.815371838028927
8.306109083,-0.06547109196122711,0.032751702294085486,9.82162017597311
8.316156083,-0.08603385657225952,0.015325014062041956,9.83143531593776
8.326202083,-0.04587304459515972,-0.002373028918760168,9.845126229595708
8.336248083,-0.02322325532300943,-0.008238311417342912,9.824377491095483
8.346294083,-0.015266733166728724,-0.0260153791142527,9.82910268647068
8.356340083,0.0012583292165086828,-0.012781125085456651,9.824411519848937
8.366387083,0.00018401882025022016,-0.021043810651378378,9.839076387985983
8.376433083,0.026818733600771957,-0.0564795386818862,9.826110470927759
8.386479083,0.04240077569834162,-0.030373967366044672,9.812556151448913
8.396525083,0.003559876379150863,-0.012135252440526958,9.826717534592134
8.406571083,-0.0037792356440597423,-0.0063981559446919046,9.850270137250368
8.416618083,0.00493627809769256,-0.019959225261371713,9.821748439924768
8.426664083,0.025755812216287532,-0.05099714965526713,9.839818032023963
8.436710083,0.06779642786871269,-0.06356038564453831,9.792464704456346
8.446756083,0.0469209394290333,-0.044118268729786775,9.823052688119123
8.456802083,0.027972738371481124,-0.03916989452283694,9.824365307472094
8.466849083,-0.016893912299987813,-0.009359403117693812,9.875980360487095
8.476895583,-0.08378364138189298,0.014915606137210385,9.895092035336917
8.486941583,-0.0876301270767704,0.03510133539674064,9.857480335009578
8.496987583,-0.03499097795477873,0.020006948239981424,9.863437951710974
8.507033583,0.0240889708655262,-0.021657891834165506,9.860627597258926
8.517080583,-0.006994832035154844,-0.029198909787316426,9.904634427417413
8.527126583,0.11080911619109333,0.020054513735952982,9.783474917258083
8.537172583,0.007576028433556321,0.02227478779467601,9.829900676077303
8.547218583,-0.008144922567528976,0.019844235018711652,9.862804490613579
8.557264583,-0.021913619200357243,0.054075574439895,9.862106656030804
8.567311583,-0.03807700292497388,0.0674809315212507,9.865539876852399
8.577357583,-0.04115299273251311,0.07193133839841345,9.85086759099961
8.587403583,-0.02705351033520072,0.04972660254553417,9.851931291195882
8.597449583,0.0018422791586109031,0.026415527947882125,9.816814270188877
8.607495583,0.008212988438708563,0.006319875803618058,9.811814950112886
8.617542583,-0.0017209616936642996,0.006856392637213801,9.806054660152988
8.627588583,0.02266805210149244,-0.008116954201032419,9.802875167013124
8.637634583,0.029725837122916206,0.00010098332614208782,9.7917676235248
8.647680583,-0.014032852988601229,0.011060869389600178,9.81056203041342
8.657726583,-0.07356524296719584,-0.005913640895942371,9.819301136466006
8.667773583,-0.10663629005588442,0.027436497852489965,9.81517475023254
8.677819583,-0.09459287627581615,0.020150353330698825,9.825378215038675
8.687865583,-0.11239876377743503,0.010802493962834355,9.815595100823398
8.697911583,-0.10323580109974041,0.00559883137941439,9.805321136382057
8.707957583,-0.09178471064983898,-0.011005327419388708,9.811612961258872
8.718004583,-0.03893935075681858,-0.016737160234817534,9.798695749163436
8.728050583,-0.026829694640043564,-0.00679617174589519,9.808245033386955
8.738096583,-0.05605903922291848,0.0340186978751109,9.820172013407499
8.748142583,-0.02726163462192825,0.02495439494305948,9.823179743432444
8.758188583,0.0067103779092170576,0.015734368288010822,9.838596685730472
8.768235583,-0.012888522020785447,0.02433840821461193,9.842257959809395
8.778281583,0.013179234139083652,0.023954396839059384,9.832368739883313
8.788327583,0.02027477649103426,0.01180013381579929,9.844799388020629
8.798373583,0.01908366649742432,-0.010371711732746177,9.844502464325373
8.808419583,0.026009879936127904,-0.007456724301954428,9.856861861766035
8.818466583,0.05330133990174811,-0.026537113636376678,9.873839817175933
8.828512583,0.03361573453173929,-0.015618324286445627,9.889732183437893
8.838558583,0.03155901881275589,-0.013656769486422944,9.879014226223248
8.848604583,0.0581943204981125,-0.024522049638436627,9.860123485087232
8.858650583,0.017873789616293954,-0.015545274655402144,9.834168767323884
8.868697583,0.03597639335806081,-0.00039735551322114994,9.850105812073426
8.878743583,0.044436578991816224,-0.002486404680175415,9.861365541754639
8.888789583,0.015656934774637782,0.016034195857190278,9.841495695113597
8.898835583,0.024862865050652765,0.021967560504617338,9.831467198176968
8.908881583,0.03701367847624625,0.025743557469919177,9.849752759337468
8.918928583,0.008896067162784129,0.02216800082318524,9.841265707429912
8.928974583,0.007493759430803791,0.021573957705494938,9.855051710215516
8.939020583,-0.012144942460682349,0.03263100574767406,9.846602240177637
8.949066583,-0.01844031260497841,0.014381286310395047,9.848246896244039
8.959112583,-0.05007134399011169,0.013584234742891088,9.840997892324644
8.969159583,-0.04906791492292586,0.005771331342895317,9.843563569658103
8.979205583,-0.044271512893155465,-0.010828110106503955,9.824377622060558
8.989251583,-0.08189700487486755,0.008298941416667044,9.851583320045734
8.999297583,-0.08407718801970308,0.009906833446143392,9.847321530459075
9.009343583,-0.07722516700871072,0.024071262808588633,9.814184342631217
9.019390583,-0.09489476736367815,0.01463165841497695,9.824878887093698
9.029436583,-0.08097463266905064,0.02004244106194089,9.806474067913882
9.039482583,-0.02449163784295518,0.012091711947006182,9.82439193162748
9.049528583,-0.0679389649521179,0.02786965920034309,9.826191939795741
9.059574583,-0.04261226936336101,0.0041271603492833925,9.801954935672425
9.069620583,-0.004555498213836682,0.020220875308615827,9.77351794955826
9.079667583,-0.01231688638700267,0.04492081973308169,9.79940850284314
9.089713583,-0.034466037761249055,0.026347869311340893,9.810831124888615
9.099759583,-0.052985195894481925,0.025640352375620488,9.819858429803917
9.109805583,-0.036125222019025724,0.021736831547297178,9.862083880800245
9.119851583,-0.03605665085056273,0.0008284451782101825,9.85006121096474
9.129898583,-0.06141309262345578,0.01601486187239879,9.822507545081558
9.139944583,-0.04801820712120829,0.02051655938727251,9.842133095028442
9.149990583,-0.02480030328663467,-0.010078050173576306,9.879245187735698
9.160036583,-0.02709943491813793,-0.00849516220826441,9.8566644959838
9.170082583,-0.029969871952875038,0.049499719476797606,9.826294306384892
9.180129583,0.046060789025509224,-0.026329354081692697,9.850245066461248
9.190175583,-0.013949374829468647,0.024481808506841857,9.853789612191907
9.200221583,-0.004997803140404643,0.01938944020512785,9.815328217492947
9.210267583,0.05588192893031724,-0.06710919066716622,9.885590329510487
9.220313583,0.04083722308450364,0.04521947755004588,9.810194397456371
9.230360583,0.030967799809260066,-0.02529824820414906,9.852480082638358
9.240406583,-0.0030834356441101713,-0.012351018559171947,9.874729156441427
9.250452583,-0.003909117175461034,0.02981505752310324,9.801437838458806
9.260498583,-0.012516977839260004,-0.007432783550180568,9.853388984272854
9.270544583,-0.03993993112364878,0.014116158777081549,9.831931257890478
9.280591583,-0.025996233564221802,0.010047024174261674,9.831708271879979
9.290637583,-0.043387722334153014,-0.020467597337449232,9.850434931418565
9.300683583,-0.04231725046654367,-0.006498215989733278,9.843517723216774
9.310729583,-0.017103521816188003,-0.023995994381900247,9.825253011197724
9.320775583,0.004103672996185856,-0.02545327929244926,9.866645383536458
9.330822583,0.008029920865544863,-0.04143240087436691,9.843280556662911
9.340868583,-0.007042774021778956,-0.04451213137707124,9.858088312830546
9.350914583,0.007427524488047774,-0.006694679153790471,9.849440337381052
9.360960583,0.019215975716698325,-0.011708975873154944,9.861224707972664
9.371006583,0.019774623960884925,0.0020325429208178643,9.85988390430244
9.381053583,0.006402829529568004,0.0043246937682652805,9.848549440636933
9.391099583,-0.00864365564942628,0.0004682754702410389,9.841108862422345
9.401145583,-0.028179711513551097,-0.0023227213839007305,9.815374887415539
9.411191583,-0.061524925360937364,0.005033142198551345,9.799988002159132
9.421237583,-0.0668003105142343,0.0038474261889148756,9.788141042498577
9.431284583,-0.0741189272108427,0.008945654456037205,9.795172146382841
9.441330583,-0.04920494087540637,-0.020274778723581702,9.835070219167584
9.451376583,-0.06826374599352177,-0.0307864078699739,9.825253563670021
9.461422583,-0.06533617668870495,-0.06313474858907887,9.801191524884944
9.47146825,-0.041519461192012545,-0.03924055763614945,9.795161572958245
9.48151425,-0.05913501582982086,-0.0247802128654875,9.804091378002122
9.49156125,-0.03434002571906357,-0.030838069841532065,9.832422361229836
9.50160725,-0.01776462025023707,-0.0555764065912979,9.807492419177015
9.51165325,-0.027019871678866936,-0.05368483656355546,9.821870238419084
9.52169925,0.025525345726751678,-0.03889781536510029,9.838220262684157
9.53174525,0.07075833303931428,-0.034974110479759034,9.854963623980579
9.54179225,0.02175673215847798,0.01120730228760745,9.831303635672679
9.55183825,0.004414882608830694,0.002621995186608534,9.859242725848215
9.56188425,0.07895390604499834,-0.019751709276252468,9.906518121114583
9.57193025,0.04447629490473677,-0.038348478075339726,9.806521296469374
9.58197625,0.024656103247394135,0.011448190945314319,9.805530142395586
9.59202325,0.028407234574803066,0.013896997601513866,9.8839029371112
9.60206925,0.052744399469060545,-0.03818468793589236,9.890068364774404
9.61211525,0.04093937060992432,-0.038272809929478395,9.860998915436546
9.62216125,0.02820897507515285,-0.032647083841962445,9.809266996382991
9.63220725,0.055752071047856455,-0.048524795022128496,9.843949857816607
9.64225425,0.009535012693136894,-0.021465969833551146,9.838254124559336
9.65230025,0.004930667419009694,-0.028210625642249416,9.838661034363465
9.66234625,0.0217537707421364,-0.03145439420288938,9.864129962240948
9.67239225,-0.02577605229877848,-0.01676228273373316,9.821380630068486
9.68243825,-0.01741061429292063,-0.021959765793136275,9.816035723242733
9.69248525,-0.006335397040005932,-0.028985194947308134,9.852967062998218
9.70253125,-0.01794681899311953,-0.03203900379449164,9.805204864001446
9.71257725,-0.04883500993472975,-0.032949007249424865,9.800803119804158
9.72262325,-0.03782796778521074,-0.03200036544149844,9.82032942793947
9.73266925,-3.7679219936068957e-06,-0.0399004609576491,9.820559604841407
9.74271625,0.12228652085697558,-0.02935351263331097,9.923991392827576
9.75276225,-0.1538607117400451,-0.04879795699656839,9.716528718749077
9.76280825,0.14761532076061268,0.0045781507334476884,9.779669205590626
9.77285425,0.005448565256664844,-0.0019133878521955512,9.945600119670521
9.78290025,-0.1245865833499233,-0.02544967041313006,9.785466506450742
9.79294625,0.021761549237463734,-0.022192752751755637,9.774202339420327
9.80299325,-0.009740547733570772,-0.05211473579176044,9.911230065906768
9.81303925,-0.08942666779481953,-0.09910142458761122,9.864373149746253
9.82308525,0.03593512136993672,-0.036647735368170044,9.787949461986994
9.83313125,-0.020512105364028484,-0.021151165613712712,9.87133621100668
9.84317725,-0.051248677280477314,-0.05491138834529136,9.832657358065388
9.85322425,-0.020533429995811973,-0.01750115531053158,9.756037432639982
9.86327025,-0.015321342514343327,-0.010476102651133386,9.860632175250768
9.87331625,-0.006722716530318243,0.009437317676816269,9.867340981022789
9.88336225,-0.013141230056799378,0.003561879545419724,9.796144306295751
9.89340825,0.02380922105946702,-0.04547417856846183,9.868811553720633
9.90345525,0.02263840912240903,-0.021751377101513095,9.86555275615417
9.91350125,-0.032066075294534716,-0.04270222782563355,9.807111646832112
9.92354725,0.004322019010263602,-0.15929709414022472,9.833669189207384
9.93359325,0.12702259130264418,-0.03255475728240747,9.984357167762674
9.94363925,-0.06451192917964446,-0.1530515256437013,9.76552350935236
9.95368625,0.1311441707720816,0.0033325070542160095,9.72082244013263
9.96373225,0.005735887026072882,0.029857439726869054,9.758130609553353
9.97377825,0.052334051636019556,0.02436348896537331,9.918690755987678
9.98382425,-0.06863605738099948,-0.07259382027512748,9.998209947602506
9.99387025,-0.0722358873185239,0.030349783607599136,9.678710480036603
10.00391725,-0.015731858140199104,-0.008029369986205633,9.736671446350076
10.01396325,0.03803776339558734,-0.1374444301717656,10.037628448362138
10.02400925,-0.04807492887295437,0.11910625897242341,9.80044155414269
10.03405525,-0.03314834481945302,0.011976721330948431,9.771283450276677
10.04410125,0.1372662949431501,-0.09378667740531661,9.934201553780628
10.05414725,-0.23663932619542982,-0.003310962474927755,9.602126991341189
10.06419425,0.09056591910822501,-0.05279055636985127,9.947039965606201
10.07424025,-0.029930123782077475,-0.010664760923011347,9.931413779367796
10.08428625,-0.06864213666847326,-0.0055917805726661005,9.571774163872988
10.09433225,0.005187887332929152,-0.03628479408963891,9.873518140340078
10.10437825,-0.039654663507180936,0.0014900115399779283,9.86512839749209
10.11442525,-0.03564917104991783,-0.02964819194668801,9.859492751326277
10.12447125,-0.010103121883930855,0.006823089407811093,9.814179590248692
10.13451725,0.010424522562437663,0.07374772310916253,9.757064641147535
10.14456325,-0.028213343205947854,0.00485153737928908,9.887011283696546
10.15460925,-0.03362474125869326,-0.0009185183198985841,9.818824561693894
10.16465625,-0.002488279311513731,-0.025273106024995752,9.807391623506089
10.17470225,0.004338833136030667,0.024697066335216806,9.893811564649496
10.18474825,-0.03404080607774751,-0.02552131921869044,9.870232125024387
10.19479425,0.019538801826268912,-0.09968192769583688,9.787263053653657
10.20484025,0.09436152020699509,0.004291789619215607,9.837461714750265
10.21488725,-0.032246368773611325,-0.013228043739663893,9.930137981509262
10.22493325,-0.02719615466648245,0.04630763172085559,9.814421265870411
10.23497925,0.04788931249300362,0.1755672726688014,9.730805457561418
10.24502525,-0.02458235474485631,0.0769842963671975,9.709780930233986
10.25507125,0.011071673558041438,0.08090856331192062,9.96275397151438
10.26511725,-0.0651788760683224,0.08996174570237488,9.914198021135293
10.27516425,0.031615744023529124,0.11053799238165173,9.807788268866744
10.28521025,0.04865116941964485,0.12844149855590115,9.875664714148337
10.29525625,0.001416611150237377,0.2186902964947553,9.805038851781191
10.30530225,-0.012095726364741027,0.21703293715790622,9.836830002959928
10.31534825,0.04354157227316522,0.2831683595213411,9.851692809047176
10.32539525,0.03697663241685919,0.4203689738961684,9.762604668554483
10.33544125,0.024891572462899827,0.44715389329397837,9.804141697850037
10.34548725,0.007463782741645063,0.5354576775643525,9.829823143349053
10.35553325,-0.017698320953551026,0.6226145630078634,9.79584635855845
10.36557925,0.006350627726122504,0.6143612799257663,9.926694831038834
10.37562625,-0.03824075963934974,0.7056441003111247,9.878075525581892
10.38567225,0.008174338024137287,0.7612961419475502,9.802635629681323
10.39571825,0.02926100822813692,0.8115755071317902,9.815324119341248
10.40576425,0.05714492066614811,0.9075952621356609,9.864753210050598
10.41581025,0.027044996051391452,0.9523146902274233,9.882810881499797
10.42585625,-0.021178924356763024,0.9594590423983756,9.794250622880886
10.43590325,0.013888154672654173,0.9487992468117794,9.835885867957197
10.44594925,0.013017731604786245,0.9193741050283321,9.93937514059084
10.45599525,-0.008796097145650378,0.9138160003301666,9.858031874709155
10.46604125,0.024853386634845803,0.881205392301015,9.798274572222468
10.47608746,0.019612693065245688,0.8544558040766053,9.86274909609116
10.48613446,0.010473572645123799,0.8156878377656114,9.861663708311516
10.49618046,0.018867594012626665,0.767814214577704,9.789883270812727
10.50622646,0.0559918175656718,0.7134489992219255,9.774614983236305
10.51627246,0.03922762125777174,0.7720582541493741,9.836087263543002
10.52631846,0.01130720776932938,0.8032333038208885,9.860209676727889
10.53636546,0.01675464577237352,0.8252897713723604,9.846248035040706
10.54641146,0.042353561933554544,0.9152860441750073,9.86582348114283
10.55645746,0.09165944007456397,1.0389682570971437,9.76947656727686
10.56650346,0.021336311532497525,1.0748413346791703,9.865145056307517
10.57654946,0.03742887315851664,1.1170824599058224,9.833507847881812
10.58659646,0.0461650153532095,1.2676056183362374,9.826524761837106
10.59664246,0.005013445574435842,1.310369226824755,9.835894579591104
10.60668846,5.9298113132124586e-05,1.3787941361226532,9.871893793536717
10.61673446,0.0075134015076580496,1.4161732340943087,9.826227184445491
10.62678046,0.03408207339053551,1.4266367530663382,9.845988964328964
10.63682646,0.038129803039489124,1.4753334732263093,9.88502676055874
10.64687346,0.009449901480094338,1.4703238859807373,9.869366056007088
10.65691946,0.02411050173624057,1.451358852824902,9.837601487054572
10.66696546,0.049047693136189494,1.4329504233460713,9.825629296865813
10.67701146,0.021348070158968963,1.4348156628957869,9.832612340552588
10.68705746,0.0036409954014826993,1.4289556884491372,9.789694452810416
10.69710446,0.024083572947057406,1.3409983882794392,9.803130896675297
10.70715046,0.021894246130507763,1.3507181218305895,9.848249414212818
10.71719646,-0.0042718620389636825,1.4070290404749914,9.814056587795351
10.72724246,0.006724767100318905,1.3314044924558481,9.746958789323523
10.73728846,0.006071453341201524,1.3300055642338064,9.813216965695368
10.74733546,-0.04827123588136304,1.3099246138556264,9.84913757593012
10.75738146,-0.018120864781824945,1.2932646861275219,9.82626437332923
10.76742746,0.004898809198009217,1.2798020833798915,9.806560675527997
10.77747346,-0.00497884182830148,1.2835294075857735,9.801905195272479
10.78751946,-0.02247640305931215,1.3203073773167544,9.808555882073858
10.79756546,-0.029482285068990994,1.2936992241070957,9.81609152204814
10.80761246,0.0021494200155129095,1.2794005554392602,9.843139193859422
10.81765846,0.013523450941263636,1.2739747751144488,9.835144008987278
10.82770446,0.021933463609725038,1.2064954800444019,9.872559360637496
10.83775046,0.004731456559915568,1.1909852989103735,9.86169551761311
10.84779646,0.005969564786735242,1.194259171067495,9.781787958346827
10.85784346,0.050785372793863075,1.197737085611207,9.787815405742673
10.86788946,0.027361108870313382,1.1683767934846547,9.921277141980461
10.87793546,0.05541537517438233,1.1562111701788211,9.89998116921581
10.88798146,0.04969105350009061,1.1045316760671369,9.794210457044308
10.89802746,0.08356752288325893,1.060665472727852,9.876262279203225
10.90807446,0.04424283667006286,1.112856430015969,9.92499491843159
10.91812046,0.043775587470543324,1.0503989528686275,9.906390634515976
10.92816646,0.054684208978068624,1.0394029271712946,9.861293280899407
10.93821246,0.00479677007618799,1.0799887863553574,9.791434034391617
10.94825846,0.038659709213762994,1.127640123973518,9.833049275256496
10.95830446,0.038964179549247295,1.0760379472686936,9.883499751305393
10.96835146,0.028406547411329298,1.0086625809200085,9.819696544765849
10.97839746,0.021515197470750085,1.0392211343200002,9.724320186028157
10.98844346,-0.018484102372307652,1.0646073217159002,9.833036735933522
10.99848946,0.026348132897547883,1.0136211169440625,9.929838007064177
11.00853546,0.038857455259596545,0.9776712729894153,9.910259289344728
11.01858246,-0.008626489851992233,1.0346099519963554,9.809636517859603
11.02862846,0.012660945487195438,1.0172618658985086,9.774572659738688
11.03867446,-0.045766158597239315,0.921790203156194,9.851861474929468
11.04872046,-0.04087387283547792,0.9653163694502427,9.838428749772689
11.05876646,-0.03161766987452917,1.029384355871782,9.799184265239848
11.06881346,-0.13142697274292575,0.9934028941698484,9.719990294607182
11.07885946,-0.08451191005952682,1.0052284565018756,9.694255652841912
11.08890546,0.008235081552140613,1.0680160090650075,9.836662801805499
11.09895146,-0.11075936072509285,1.0695037376240883,9.938974110831133
11.10899746,-0.07833581574776106,1.0821035214665953,9.940152751136328
11.11904346,-0.01726223286281804,1.080279836936167,9.867819696953891
11.12909046,0.03391601029251344,1.0410050266426667,9.82299644492128
11.13913646,-0.010907200060800752,0.9981315544323889,9.730189004136571
11.14918246,-0.004821324050539501,0.9843366898860766,9.858377894229246
11.15922846,0.011864553270541508,0.98847227918697,9.906695406124209
11.16927446,0.02620728518769352,0.9589010754293231,9.840613591945505
11.17932146,0.04624641357689159,0.923785684003738,9.831422387088914
11.18936746,0.01863591938544882,1.0072967373769361,9.788796312944356
11.19941346,0.0023146259151882232,1.0207252863171992,9.83759449679249
11.20945946,0.002980374155710204,0.954339721019542,9.788184037684683
11.21950546,0.032168080445313996,1.0291433735229927,9.750456393325072
11.22955146,-0.048830106610590646,0.9792702180368735,9.859441114270306
11.23959846,-0.0028017924557691173,1.052919958677891,9.91455974777523
11.24964446,-0.038173385672640676,1.1445269799820301,9.905470224072985
11.25969046,-0.02554822914695165,0.9268053319260664,9.849319040757095
11.26973646,-0.008444071201399108,0.8605127826196479,9.818182141903598
11.27978246,-0.09131524874088069,1.0198757123150084,9.826704854519631
11.28982946,-0.07487270521298556,1.0535228240944798,9.848346813262669
11.29987546,0.014481932960604146,0.9308133287566548,9.903635507601129
11.30992146,0.007850237506546518,0.9148106280148883,9.659102952720456
11.31996746,-0.05146616375560187,1.0155495847633214,9.594388691828836
11.33001346,0.010487287369449505,1.025407596772354,9.84114246383554
11.34005946,0.036869458419002424,1.0454787574076814,9.94522894165623
11.35010646,-0.043542348229744884,1.0160093295778923,9.838250479361928
11.36015246,-0.11719281621058206,1.1258380117047142,9.68012212377184
11.37019846,-0.003914440785428246,1.171960260949012,9.793746065638874
11.38024446,0.011395812602194773,0.9361843606409199,9.9910535842951
11.39029046,-0.04131270906497885,0.8086915903617907,9.936274667385474
11.40033746,-0.10064505928274052,0.8654238896663042,9.721737979936263
11.41038346,-0.03211071890510814,1.3236524523525708,9.979374857638858
11.42042946,0.05559152851520284,1.3983871942525385,9.98550618353162
11.43047546,-0.04874021383238244,0.5587843068091856,9.479498106673232
11.44052146,-0.057337949868303144,0.5640596291808163,9.256419840119172
11.45056746,-0.22071540584086,2.0661741759773617,10.136821705529561
11.46061446,-0.012919142924067435,0.951208717348165,10.31560676066032
11.47066046,0.5138552906303321,0.46819205409966635,10.454121628655521
11.48070596,-0.4097001542862965,1.090663039608737,9.072822967076785
11.49075196,-0.30323225644317375,1.7977729509579128,9.303462179035638
11.50079796,0.6207029519517682,1.3840753234960845,10.918923215784478
11.51084496,0.2658666650291439,1.3492208274747812,10.467530545120818
11.52089096,-0.7018508089743546,1.0838195462392846,9.411215667762821
11.53093696,0.017075798077807687,-0.018256841238944607,8.93148200642186
11.54098296,0.10053550711385467,-0.2944879588097108,9.659148657027815
11.55102896,-0.4668218553506616,-0.27489847716062144,9.091237981478228
11.56107496,0.16722210564691292,0.06289260448926348,9.464608521174034
11.57112196,0.10318524794500858,-0.34800361457980566,10.758900734587643
11.58116796,-0.5812170292414003,0.5968696387725444,10.29189195700828
11.59121396,-0.4413493303612388,1.2807449222808545,9.568954746257475
11.60125996,0.4152230222772834,0.889839092999317,10.139108172248259
11.61130596,0.023149798401391457,0.6722634778296296,10.108843507694969
11.62135296,-0.6278151746973283,0.3635187609286427,9.412843259470202
11.63139896,0.15047229083041228,0.5748732656258688,9.419787306093326
11.64144496,0.41741273306983456,0.8181893577667281,9.47490029837815
11.65149096,0.30466644640601953,0.6872759869531866,9.977403941569033
11.66153696,-0.05263759978773712,0.5794092792451346,10.50014019645768
11.67158296,-0.24321736920880618,0.7565637669645827,9.960885135081107
11.68162996,-0.039610176785632945,0.739001361634096,9.409759797797513
11.69167596,0.28184233160260624,0.7669316070738312,9.691263038968383
11.70172196,0.032763350582847794,1.1356077830587872,10.14484831895031
11.71176796,-0.4127507027274741,0.9856337826098869,9.883661076614928
11.72181396,-0.025655837283731088,0.6456712929710696,9.680176247643876
11.73186096,0.12225297168420611,0.8148734448066889,9.730224129429821
11.74190696,0.03514619312396834,0.9106476270934145,9.778689576552745
11.75195296,0.15241531239362419,0.6044230580990985,9.814880185750331
11.76199896,-0.03246907265406356,0.6707617412250699,9.840984275944727
11.77204496,-0.17125931014224685,0.7878236218752694,9.955383317575855
11.78209096,0.11728074604560372,0.940121887326151,10.06445413979864
11.79213796,0.07220587713370936,1.0289798372340615,9.848138259048108
11.80218396,-0.020990563741301285,1.099522158759359,9.659057022810227
11.81222996,-0.07902729509550871,0.9005414535808716,9.407445193497677
11.82227596,0.010693706863714006,0.7772188200968808,9.664704403042382
11.83232196,-0.10294755540584019,0.9119215886642137,10.124479872751325
11.84236896,-0.028508651675478464,0.9476258036543915,10.01469604673745
11.85241496,0.15891925413753102,0.8950753199689342,9.8511334960698
11.86246096,-0.1272006410269324,0.9790075349966916,9.629700920773006
11.87250696,-0.28520822992858064,0.756777432905854,9.986470046700362
11.88255296,-0.1661988922673894,0.10141835442619447,10.879624029645063
11.89259896,0.08791705226246527,0.6649698536140899,10.120092138880134
11.90264596,0.022714389434252334,1.0992866386684792,8.84550298029486
11.91269196,0.12672269943713665,1.0575070464938778,9.113824856372524
11.92273796,-0.11226843257894746,1.4541591330582928,9.510399708439136
11.93278396,-0.09112164952540057,1.2459625688422225,10.021097195456154
11.94282996,0.1527594355061055,0.7950477103566949,10.578651788997547
11.95287596,-0.008784567880555668,0.9776683904268464,9.881061512782333
11.96292296,0.030623543010056056,0.6772071671148193,9.694333575199654
11.97296896,0.099737997379233,0.6638928298879563,9.572387392063966
11.98301496,0.03738657691016795,1.0301302855609313,9.48259506354898
11.99306096,0.13123231447678357,0.8673913919164881,10.023620437396952
12.00310696,0.14081212506719587,1.1183426738329185,10.007417786560984
12.01315396,-0.19411260203819447,1.352885663470469,9.63990870248039
12.02319996,-0.07820751661128736,0.9667073606042805,9.595862396409572
12.03324596,0.37590931025981067,0.7753333573120469,9.766619953007718
12.04329196,-0.11842304811610493,0.9953129237606162,10.02310537807898
12.05333796,-0.17339028350002697,0.8495932579091272,10.358648432501587
12.06338396,0.15646934997380996,0.6433083222200389,9.872288128235656
12.07343096,0.14257313834907254,0.40339877615844877,9.132063555983523
12.08347696,0.0043819399064084635,0.4099025878413103,9.288050159374247
12.09352296,-0.090436072577023,0.2364209343694098,9.823446216131247
12.10356896,-0.009008124510870201,-0.39470814937603255,9.769468299072216
12.11361496,0.08172062431972937,-0.23999775152946168,9.675128002930705
12.12366096,-0.10667656911920229,0.12434164784669074,9.32405697346058
12.13370796,0.04965868627094629,0.06284732369023777,9.809780165252466
12.14375396,0.04721285781413591,-0.3960856304152909,10.981158239136104
12.15379996,-0.36248303820457817,-0.6206438607811909,10.410098561220028
12.16384596,0.3147626202760991,-0.06333347033093792,9.35204110265962
12.17389196,0.34071209138568437,0.5309687450944706,9.20571869624271
12.18393896,0.0051023406179047815,0.6603402454707175,9.245660408076201
12.19398496,0.19621980568917413,0.33341375066315154,9.774413511879086
12.20403096,-0.0445926054275073,0.07798210604792938,9.970910741902667
12.21407696,-0.06278012174214265,-0.1391400225132178,9.686528766790088
12.22412296,0.46620509881304706,-0.32916768904170807,10.05817162895835
12.23416896,0.1353698916254773,-0.04334955732299979,9.635036754078602
12.24421596,0.17012207078091174,0.14909236881103624,9.811620198119613
12.25426196,0.2987851075543486,0.11788449848205207,10.761879283233785
12.26430796,-0.11495161503032861,0.0999184550957679,10.272485507022246
12.27435396,0.23507944049036708,0.009862618149636362,9.190115693292135
12.28439996,0.43125743831289215,0.09698011953042993,9.074522966518188
12.29444596,0.22393328489425895,0.007552442688636419,9.445086323739663
12.30449296,0.1639828537764635,0.2263349647035472,9.793042301587334
12.31453896,-0.07325105540430644,0.3946183863403131,9.877245725884658
12.32458496,0.1311017922737662,-0.10630530447072102,10.07642840283345
12.33463096,0.22946501608535347,-0.17519162154018872,9.986134760675878
12.34467696,-0.04611994928603756,-0.07251536581103914,9.726755186838265
12.35472396,0.11167252854521226,-0.09849932053649144,9.817834791587382
12.36476996,0.19071311908059044,0.4107086861607601,9.470733037941883
12.37481596,-0.05524067895925195,0.5461103484837511,9.290744317649644
12.38486196,0.16882452021400185,0.2220515637680212,9.65184955286107
12.39490796,0.24488811024036347,0.1765570304185842,9.555554406140274
12.40495396,-0.014978983498671878,-0.039447878953554866,9.531613788479426
12.41500096,0.3291677175260868,-0.25411966412885917,10.100717068449235
12.42504696,0.41173293726625254,0.21489503169934152,9.969996427666814
12.43509296,0.04104615229868994,0.44791346249558345,9.576714205871948
12.44513896,0.20717464478111308,0.16403025352575545,9.733628135705764
12.45518496,0.29623988239248933,0.3309147837174829,9.439129977268378
12.46523096,0.13617558744135524,0.314437104572837,9.388445496979351
12.47527833,0.16449882863327872,0.004778013710908556,9.787555533056173
12.48532433,0.2767833460044584,0.12219674808540588,9.764003189048383
12.49537033,0.2846337760102841,0.3204088655054866,9.888628800125383
12.50541633,0.24219094865496177,0.3517751888562999,10.021834672882523
12.51546233,0.2813215444154628,0.14076403092593948,9.756962801859466
12.52550833,0.42390869365597394,0.009368700277679698,9.628005476353273
12.53555533,0.39566082106488193,0.24424662019089569,9.61602897626111
12.54560133,0.36005821805126687,0.2958641304496805,9.655397349877195
12.55564733,0.4592720329765184,0.25611782243108233,9.559889842583646
12.56569333,0.48141872555012705,0.2946806608100546,9.260643423660412
12.57573933,0.5164997888066307,0.144159814092449,9.645788095834874
12.58578633,0.49323291818912285,0.08100981855051381,10.173594071571173
12.59583233,0.3410819910768167,0.21504007929148497,10.18261718688709
12.60587833,0.17916832595383467,-0.07395384873385719,10.227682322317582
12.61592433,0.2850834742368549,-0.014180937899054296,9.841022743037229
12.62597033,0.26561593579251025,0.32635458380693816,9.668366955732889
12.63601633,0.11441309750407855,0.3369477345619114,10.531858978053073
12.64606333,-0.17417413262807335,0.4270654240896266,9.437030458216524
12.65610933,0.10765888896270903,-0.43167181163373525,8.55996313038625
12.66615533,0.6343285744009478,-0.6278809387886652,9.10411391354494
12.67620133,0.5885691667963422,0.3670154438939609,9.067147934077655
12.68624733,0.30563663452944717,0.2594767387805396,9.728625656865278
12.69629333,0.25948525615916995,0.28657832381260007,10.16308094331868
12.70634033,0.5751288447142543,0.540319682337102,9.62438126372358
12.71638633,0.5255100934459334,0.1092509221236387,9.815649728291977
12.72643233,0.5972535608826276,0.07116933285079337,10.002819141018112
12.73647833,0.6243084392809505,0.32851776750597883,9.551055366017824
12.74652433,0.5476733567459081,0.41370352447769976,9.470106766961923
12.75657033,0.6432853331123793,0.3853051332603671,9.937268259661204
12.76661733,0.6349150852554619,0.23863259615765686,9.884714113040205
12.77666333,0.5389910504395568,0.24451685111107463,9.622878472480583
12.78670933,0.5267712064450573,0.09131107743182913,9.784774817674819
12.79675533,0.30363722078459615,0.15043394690842574,9.83121769478075
12.80680133,0.44717176747117326,0.11596184651757105,9.4515228752757
12.81684733,0.5869095582980504,-0.16867715776947506,9.28565779413599
12.82689433,0.5636383744309142,0.07805096311635999,9.218396993763518
12.83694033,0.5819245835665902,0.3471759131765562,9.642213658270059
12.84698633,0.3576588184402288,0.06699606892859,9.921463952657973
12.85703233,0.6034671047715119,-0.004186318798842651,9.4787023321527
12.86707833,0.7873608515249125,0.5054395346416979,9.557906982526191
12.87712433,0.49780789974622663,1.560497012887825,10.468902739698118
12.88717133,-0.5121723057659178,0.6126496357959593,9.993170113597412
12.89721733,0.6420435620460171,0.08595883201845336,9.514892425718312
12.90726333,0.46234701601270556,-0.3374791984860311,8.573102179762417
12.91730933,0.5419555742150184,-0.8049045241218142,8.889929845637724
12.92735533,1.0192366435605864,-0.43579063599170687,9.841878228510758
12.93740133,0.5142813318427791,0.360379086103132,9.685139880283435
12.94744833,0.2165328711180653,0.16849275350590148,9.783616873966634
12.95749433,0.8313552832312606,0.05927531064967693,9.578607489011542
12.96754033,0.9008029201371434,0.3986535902545559,9.164928313518772
12.97758633,0.4839294713609377,0.18275484636188988,9.620718736068717
12.98763233,0.6354099264928648,0.03689493276872624,9.970396407111112
12.99767833,0.7365606082748667,0.1824851580781887,9.859834451357184
13.00772533,0.5769202279812256,0.31104778905609975,9.722622142618464
13.01777133,0.7435084318778508,0.0012319577704723807,9.591587409165896
13.02781733,0.8072340114037303,-0.13792286023827383,9.189488505780385
13.03786333,0.7189876006229693,-0.043950683562489504,9.236790783306063
13.04790933,0.84467405462869,0.04541024331664638,9.556831837321674
13.05795533,0.8743054452965766,0.18337249101327519,9.792587023419472
13.06800233,0.6773410996882744,0.25303041825559974,10.08771181842912
13.07804833,0.7095247561879814,0.06997114762895976,10.011591300649659
13.08809433,0.8718642221621662,-0.10165900061588777,9.575068768535806
13.09814033,0.7678305295349392,-0.10665615142069415,9.013623130439328
13.10818633,0.7265805619904866,-0.10440838979349087,8.851479709319207
13.11823233,0.588331721167653,-0.13502781951096363,9.026542391409151
13.12827933,0.5326321345071472,0.05250445365180282,9.641040827550894
13.13832533,0.35782192517571004,-0.3304597077577782,10.101224447989257
13.14837133,0.44013537769039407,-0.6292580759257941,9.523386113019464
13.15841733,0.83577295956036,-0.26862170928920936,9.071370267456471
13.16846333,0.7656538318857111,0.0801109304249541,9.162878897655789
13.17850933,0.7816580970955325,0.14369771497912878,9.346874817317477
13.18855633,0.8110240833669009,-0.1078660807276211,9.62775418930868
13.19860233,0.9824232400729228,-0.2585248881040202,9.893562318205246
13.20864833,1.2124154248132313,-0.1337110819311048,9.792621898679654
13.21869433,0.924456363373285,0.06916204575562805,9.565691049248358
13.22874033,0.9489557288292448,-0.05596343783937936,9.66247295987381
13.23878633,1.2632833919433282,-0.022203790125666922,9.665872248659447
13.24883333,0.8659750190063293,-0.2202149112348256,9.194307736388737
13.25887933,1.046538907511005,-0.4203276815900303,9.256834081619202
13.26892533,1.460106169731902,-0.31366013692026307,9.59094103313193
13.27897133,1.3491351919601149,-0.26672679768547275,9.774000104713306
13.28901733,1.078503260086759,-0.33543100170141027,9.836884516338941
13.29906333,0.6148957488326354,0.13497777941926406,9.809568580951398
13.30910933,1.7515846009732454,0.19381306028735956,8.910245386468771
13.31915633,0.9464987449258859,-0.5041550956459786,9.438352363492843
13.32920233,1.1582778247868117,-0.7641798017458088,9.739403653518742
13.33924833,1.0010769084072946,-0.5506131681857861,9.280946037095685
13.34929433,1.2100253328017765,-0.36381054170675603,9.329785354219775
13.35934033,1.1446717237445116,-0.0653506580808733,9.48967548463093
13.36938633,0.8725286943228477,-0.33221153187281766,9.028243591166133
13.37943333,1.2131808912464588,-0.32340976978742814,8.913756370829013
13.38947933,1.4362704037502978,-0.07532707814153047,9.233539939949303
13.39952533,1.6461324161609845,-0.28242939128698563,10.016435550900196
13.40957133,1.1844297415073217,-0.6488009683696142,10.043941999487002
13.41961733,1.0272177529039508,-0.3800726018315261,9.60523344312689
13.42966333,2.0689967811378387,-0.5978916507429554,9.45875901727246
13.43971033,1.520387356669121,-0.5297747450023853,9.567427748940755
13.44975633,1.1795087694939017,-0.4385821793182531,9.002142978351937
13.45980233,1.5242122392093398,-0.48096980537093337,9.136019335171682
13.46984833,1.361195627945172,-0.4632649843146126,9.85260163258097
13.47989488,0.9585669885517907,-0.23694871876978904,9.454280813746436
13.48994088,0.962427807173749,-0.3552449286042275,9.238876046212766
13.49998787,1.2025117683150022,-0.5337232195147161,9.48969546172339
13.51003388,0.9954088353228198,-0.5596954134830493,9.231049220542245
13.52007988,1.0972665728821376,-0.6391137431687783,8.994245257706588
13.53012588,1.5333319749981573,-0.48624075364966013,9.190696729691489
13.54017188,1.8064434385493782,-0.3861518119775299,9.48078787616398
13.55021788,1.7649431414765067,-0.6189820972037833,9.68309974817051
13.56026388,2.2504125521964684,-0.49815116169938234,10.034705335800124
13.57031088,0.8766888323443519,-0.3990951322918418,10.111627699781476
13.58035688,0.5971386134082924,-0.28193401832901716,9.90311401442613
13.59040287,3.4013710116684206,-0.9766313340873676,9.64500245831288
13.60044887,2.259689080645076,-0.36344276703809736,9.073241223018766
13.61049487,1.5173782657046901,-0.9537178995695356,9.679871358640119
13.62054088,1.9578937636545963,-0.9594274628070639,9.900214756359333
13.63058788,1.7884792649566557,-0.4542184411396089,9.065669449282453
13.64063388,1.1722036246037133,-0.6472972228803568,9.197330403889124
13.65067988,1.2608551113614743,-0.8498451392001487,9.154997509778404
13.66072588,1.6592493288219654,-0.7892988314191512,9.165674733838362
13.67077188,1.5946799205260205,-0.7574814636749116,9.74682185462336
13.68081788,1.7413714567122476,-0.5074486164289096,9.864717516281727
13.69086487,2.1403110580283755,-0.48652369475265617,9.96810743733363
13.70091087,2.0670925311580213,-0.8717878310258425,9.776621675796196
13.71095688,2.1867304930193674,-0.9229945392735954,10.178553489474286
13.72100288,1.7654481340328672,-0.6463961623538443,10.3658969700072
13.73104888,1.7430178785012507,-0.33159366348364244,9.767875066023016
13.74109488,2.3710326344707213,-0.8317985893543044,8.877474462442965
13.75114088,1.7892675944989809,-0.892676560643355,9.042134809440585
13.76118788,1.9176945912201628,-0.9925980849607315,9.691579336038085
13.77123388,1.6819629600653518,-0.6886449829993272,9.462041184316218
13.78127988,1.8501407015652294,-0.5398483230281589,9.993812166860836
13.79132588,1.8052338643486827,-0.8250320852999571,10.460817626096024
13.80137187,1.8441643168669688,-0.6949160260912549,9.24795420495644
13.81141787,1.8252183702691414,-1.631926233899494,9.449545552256204
13.82146488,3.021608986000175,-0.8744457069518462,10.35012888648596
13.83151088,2.1132713431133956,-0.40046891498279147,8.827175008974628
13.84155688,1.7009627579852378,-1.8598426059160011,10.368528121228456
13.85160288,2.987736729841459,-0.7103934364591779,10.717414231426595
13.86164888,2.499147870592759,-0.5078562080547102,8.837484496630235
13.87169488,1.7277590125712896,-1.5347139441289346,10.125617377715264
13.88174088,2.716015466297334,-0.4235044215906799,10.34774570247449
13.89178788,1.6542484347536315,-0.4964714565840488,9.682843738319509
13.90183387,1.0488252845089667,-1.8485983120764353,9.959346904778968
13.91187987,2.2571969110616648,-0.6409944297871115,8.948273246968975
13.92192588,1.778936658661739,-0.7916887458781486,9.415322133681853
13.93197188,1.2785618352525558,-1.3897799705790037,8.783262873840338
13.94201788,1.8024374666056386,-0.9758659556277435,9.50447384354479
13.95206488,3.0485822469989423,-0.6634376022227861,10.97624044436084
13.96211088,1.653771535454789,-2.060685277334446,11.823029219969746
13.97215688,2.8036100494609473,-0.6022028659220666,9.70845316955275
13.98220288,2.8634991673634516,-0.23328355327861056,8.809815183858607
13.99224888,1.259395830736166,-1.559875578046419,11.94662056342893
14.00229487,3.2684572743651885,-0.12603837162590012,9.328930248689343
14.01234188,2.2890511875349837,-0.3989672864437968,8.371974392938625
14.02238788,2.35097292832057,-2.0871830428224114,12.34486854845803
14.03243388,2.3865055971066638,-0.17354031376024148,9.277929181496551
14.04247988,1.8179546070148032,-1.6712696999918546,8.980264605773815
14.05252588,2.7202121378284954,-1.4512403970645342,11.017966849751826
14.06257188,1.660118951471482,-0.028848586271320597,8.401690555694461
14.07261788,2.7640572042319245,-1.9158382316450708,10.84054896085642
14.08266488,2.505263532457354,-1.5791935096136913,12.25921039229047
14.09271088,2.267199400947831,-0.49440795847637103,9.494757267555867
14.10275687,2.53744338535521,-0.9596795198391056,9.69912757979241
14.11280287,2.8383096805877748,-0.8441817134774885,10.777618168374675
14.12284888,2.3415564197308876,-0.8288825491012628,10.096151399392719
14.13289488,1.6786104811211908,-0.7214646393618532,9.504991163072251
14.14294088,2.118553150624569,-1.2306651159130908,10.27861082945394
14.15298788,2.5815007263444607,-1.1281681284986942,11.622341276481759
14.16303388,2.020490835108414,-1.0408385753489913,10.845057956937936
14.17307988,1.4254721926470746,-1.2971772815774323,9.702420679843492
14.18312588,2.3651673774090747,0.27662192551262055,8.799919054876458
14.19317188,2.411815991849394,-0.4927607455184213,10.262168996585793
14.20321787,2.0217793730050406,-1.8928631988454498,12.12718268176694
14.21326487,1.8058925189873631,-0.31508619406148136,9.093939664892275
14.22331088,2.132427139572074,-0.15334800251924188,8.896875856824725
14.23335688,2.257843946665413,-1.219649024348296,12.242073390934193
14.24340288,1.7466209122385221,-0.4179649146647748,10.199211033793635
14.25344888,1.118306369121603,-0.3531305268390178,8.570308062396322
14.26349488,1.7433574372360252,-0.7413245916800384,10.424887393611215
14.27354088,1.8570955606289754,-0.7088322685512627,11.146343354298438
14.28358788,1.9456971587521055,-1.0662724412347024,10.414383959443356
14.29363388,1.8629947732158625,-1.0165972346256773,9.671428488249077
14.30367987,2.311039753817845,-0.9165327750707385,10.56889514599331
14.31372587,2.608446170933235,-1.1889647389237872,11.15400174236582
14.32377188,2.818025477275129,-0.11549500548645861,11.022570111816048
14.33381788,2.06643615925076,-0.18812332527612466,10.33902185090443
14.34386388,0.6102738117896176,-0.9425414620270387,9.393836260959224
14.35391088,-0.5272346166933842,-3.700157228871116,14.159038405949326
14.36395688,4.621408287988863,-0.6667503378907451,13.329291421972725
14.37400288,0.7900869182559986,1.445719302171468,2.2710670323461626
14.38404888,0.26569890985214456,-0.03680622337949831,6.817334806236115
14.39409488,2.1450826816558686,0.8604267219172537,10.54677616260874
14.40414088,0.9896333650723316,1.8761863132574121,9.731565432711488
14.41418687,-2.0845301769931015,-3.717069492465074,12.395215832282993
14.42423388,-0.036457338426071885,-2.9543044644438554,13.039037041373737
14.43427988,2.0056793660245265,-0.6223164474164689,9.563662991017011
14.44432588,1.192404076521525,-2.3098584377532787,9.893107210149676
14.45437188,2.0460527444906584,-0.5827550133570146,9.796920184313244
14.46441788,1.9702060923907712,0.460346811988437,8.266635196363795
14.47446358,3.5738449334267646,0.4081175253052071,11.92967032926719
14.48451058,-2.1863923261247313,-1.5738194395354352,15.254545921581949
14.49455658,-2.4363632922917544,-4.351006992635022,13.0398027252478
14.50460258,5.4881432199112865,-0.8645388295877666,5.890963567107806
14.51464858,1.9850185337091137,3.359827840918068,5.15682305100661
14.52469458,0.1335293276525038,-2.2687413022926073,10.33261303851453
14.53474058,2.17897367148903,-0.4726824557477284,11.755362054582706
14.54478658,1.167613130274748,1.473474072990942,9.112677997754375
14.55483358,0.5262732218402006,-2.421486181806507,12.806330136418383
14.56487958,-0.43837781564869566,-1.400185947772322,12.765633087252638
14.57492558,0.9676836020078416,0.7850250879946763,8.281798252847448
14.58497158,1.4226856338470037,-1.9898305986584568,10.91645641999398
14.59501758,1.6370248565874344,0.21870270824850702,10.529794998021188
14.60506358,1.0647098533037314,1.545217876236007,6.689779867984091
14.61510958,1.0919048655328685,-1.369935614441365,11.849069821660853
14.62515658,0.24622071400107812,-1.5061856051737437,12.969239821104381
14.63520258,0.6098404086809713,-1.5198172601717206,10.027241570605405
14.64524858,1.7359574440204708,-2.72118436391896,11.67515976509354
14.65529458,1.7953927337028854,-0.14470847879892978,9.543847343343394
14.66534058,1.059110617209182,0.45856300170855535,7.146331781353171
14.67538658,0.7673444692612649,-1.5466946936473678,11.380736005279381
14.68543258,0.7227417132742513,0.09094074222018293,10.500910062079162
14.69547958,0.2695079127574836,-0.6925496912978355,9.92601814060549
14.70552558,0.7565345046353152,-1.639420708213354,11.901958038416911
14.71557158,0.5414654290729928,-0.29877939043038604,9.178552756537647
14.72561758,1.056438094305921,-0.5737545605793116,10.18156845534068
14.73566358,0.886864904902751,-0.11997503484591278,13.3898073595606
14.74570958,0.15572921286182367,2.869515218290988,10.187098968748561
14.75575558,-4.487822442142101,-0.7208848863595129,7.91643533395465
14.76580258,-0.2668480728693979,-3.0627681465591894,11.080538796681683
14.77584858,0.17430878734245955,-0.08512968407605224,8.416818832647953
14.78589458,2.735513469128942,-0.8184621021150902,8.983047264007798
14.79594058,2.709987023618634,-0.3561591589315893,12.470412402304106
14.80598658,0.7414676793475493,2.1355519097786555,8.29569415310112
14.81603258,-1.2558645097799057,0.25309861247292786,9.151552341292598
14.82607858,-2.5570745465052904,-0.23487204090178462,12.155724021139259
14.83612558,-2.330886686724109,-0.6979205386494449,9.123340452986671
14.84617158,-0.11721740318731133,-2.1012930637182303,8.767234989305162
14.85621758,5.685991470587675,2.5607176650101704,13.758167182506138
14.86626358,-1.4642701493853565,1.5230843330863217,9.594857311369353
14.87630958,-1.5891752359598275,-1.7093193131059614,9.679055947287154
14.88635558,-2.755905104265835,-1.5945586913678156,11.545496799510733
14.89640158,-2.3388505871682117,-2.110487439961107,8.173501975784594
14.90644858,1.1572471568657214,-1.076253683515038,8.636696622881859
14.91649458,4.060168185047366,0.4318850016743344,11.214686549610754
14.92654058,0.507152768239648,1.7772876210580142,8.00462260189831
14.93658658,0.6669957805611411,-0.0013399847484115214,10.06675346802668
14.94663258,-1.6278708061729246,-2.03592628141121,12.074153443258421
14.95667858,-1.2029095754887715,-0.5223304356471411,9.350710920569231
14.96672458,-0.27688811052876605,0.21869260803922544,9.559957994598456
14.97677158,-0.2641902102933444,-0.709243780630355,10.159711838206027
14.98681758,0.28095462100775276,0.32735279412295815,9.231899222283944
14.99686358,0.8178102958540926,-0.15016649876784935,11.08783574716642
15.00690958,-0.6093055745862791,0.10458040638619025,10.650037561186705
15.01695558,-1.5552184839179315,-0.6041247887803965,9.724315477087572
15.02700158,-0.19952495058397887,-1.110902372751362,10.9625274225928
15.03704758,-0.14215962887533826,0.20413169670605313,9.238085496222537
15.04709458,0.12986726402810908,-0.5758424340920616,8.771346269945312
15.05714058,0.5748630168192734,-0.4087655832041847,10.563195115359237
15.06718658,-0.7857415223058595,0.2430557944732073,9.201598020552435
15.07723258,-0.008260294798908373,-0.3010548805975505,10.02480158919887
15.08727858,-0.32141782158458504,0.09983943849132008,10.629306964628718
15.09732458,-0.4011341382601292,-0.5662678358069922,9.836158835827995
15.10737058,0.29956034340444454,-0.19345609512907624,10.339505476835281
15.11741658,-0.1865126311896328,1.207429115515112,9.621443058029275
15.12746358,-0.25079554312801483,0.860900924631605,9.73394882198032
15.13750958,-0.28673145658602633,0.6999691096551293,10.609956598161766
15.14755558,-0.30716139766310585,1.4340699969847248,9.810114256859158
15.15760158,-0.0020620092137476663,0.44788058701127814,10.352616389483881
15.16764758,0.43454596868887346,0.34205526985345447,10.694383881894296
15.17769358,0.3768884618887163,1.0046371160434953,10.06559912669053
15.18773958,0.48069957292837023,1.3073171253401548,10.763507822070155
15.19778658,0.46959500453954006,1.8597826256906174,10.354517023247334
15.20783258,0.2622780648959176,1.3554953307080113,10.398422044461626
15.21787858,0.7635228935689433,1.1135174173167746,10.573250865757082
15.22792458,0.27905561203493867,1.654718271159245,9.847329832327704
15.23797058,0.20678132830805687,1.606914201073181,10.153929049343029
15.24801658,0.10007960422283857,1.4947418341077474,10.15739818554212
15.25806258,0.279779069629951,1.7841026971314375,10.285146219500072
15.26810958,-0.011443182618945336,1.8624107850076264,9.910014565944
15.27815558,-0.011423517578765186,2.0485516774380073,10.318485857112616
15.28820158,-0.4869817881869183,1.6733633486765185,10.526609952525208
15.29824758,-0.002468657099420165,2.080835169529635,9.767258456657766
15.30829358,0.16561879680558766,2.1329390779657826,9.478737512507227
15.31833958,0.22352038780059852,2.5875260320638818,10.02807013921382
15.32838558,-0.33125804868511044,2.1326993844341753,10.39373316862574
15.33843158,0.12384701901008593,2.848647836432015,11.193804231399103
15.34847858,-0.10694381493722839,2.56826103066561,9.419466660718262
15.35852458,-0.09626115184528386,2.624755320974699,10.044310780731422
15.36857058,0.11315243153526829,2.6790393135068977,10.410652001923312
15.37861658,0.4309782736639133,3.188368033040805,10.564596356984202
15.38866258,0.4151244817138398,3.2393587055280935,10.589399445020366
15.39870858,-0.03467751424328964,3.1475288009286184,9.812397943742926
15.40875458,0.20420161822524371,2.7739538565031583,10.421668577735847
15.41880158,0.10382541073564734,3.2732982588802257,10.389978548738986
15.42884758,0.23685497286989166,3.100018709283366,9.973905189110077
15.43889358,0.006147220472276088,2.730091107234476,10.262122149742273
15.44893958,-0.014761221747012785,3.350614058354016,10.230900678750166
15.45898558,0.2040595249943676,4.059367016566992,9.790032881914495
15.46903158,-0.04159326321623503,4.143138347136794,9.545392573616557
15.47907746,0.11922738895226608,3.7322755179709453,10.56158016682536
15.48912446,-0.16467472656584062,4.141811444442016,10.244372405485457
15.49917046,-0.1157140721946022,4.5571328958813355,9.469168127394461
15.50921646,0.3673177775620593,4.605310270035074,10.480179981947646
15.51926246,0.024465332344179677,4.922104652490572,10.62878806257193
15.52930846,-0.2619394817203664,5.163853663451401,10.199988741135554
15.53935446,-0.10534727879438324,5.429701988647518,9.85307107641983
15.54940046,-0.10859688008545355,5.609630075715276,9.60239444967552
15.55944646,0.26421691419662574,5.259169865910339,10.190502938189638
15.56949346,0.2690694569513668,6.555385299043039,9.97729471981636
15.57953946,-0.22968999554404926,6.585314524082719,8.981672574412624
15.58958546,-0.036351508785916496,6.374269502502326,10.068377031716938
15.59963146,0.3697447682597026,7.013473709798949,10.608412366766617
15.60967746,-0.040229771921942416,6.95520872031732,10.137357485656057
15.61972346,0.09760037007148141,7.380224308482913,9.988101483371654
15.62976946,0.3010929763695157,7.417458720612528,10.546774442130094
15.63981646,-0.03309706491400977,7.3397079095246855,10.425227657683106
15.64986246,0.03285145285814851,8.068126718885294,9.681594309679273
15.65990846,0.6294820456944398,8.172431087195049,10.180072857037263
15.66995446,0.19429675608431252,8.776567251626092,10.530928004992154
15.68000046,-0.3691907519031407,9.186459641149996,9.934688203977398
15.69004646,0.5975649758568621,9.67784533007914,10.51988150090591
15.70009246,-0.0258203054337695,10.043860297460547,10.490403826195575
15.71013846,-0.49267714662108075,9.661116727522572,10.740106043193784
15.72018546,-0.20438903532166725,9.541341945549124,10.296493181984108
15.73023146,0.36747919250245054,9.621517827192323,9.628769065848902
15.74027746,0.1465152055896806,9.621300885762354,10.05346155977209
15.75032346,-0.3104590261022577,10.146363551200439,9.553359922852756
15.76036946,-0.032973813125195185,9.131842449916226,8.716012754488357
15.77041546,0.7744367359358559,8.886105104625319,9.533935745257816
15.78046146,0.48743389408419047,9.847762744429492,9.593771972437207
15.79050846,-0.13756331479621645,8.563327290974696,8.991096129709305
15.80055446,1.1862224961070085,10.573623325673807,10.623189996192833
15.81060046,-0.9626588272911959,10.080486553480497,8.625587601452994
15.82064646,-0.0697597019621224,8.371480225501651,10.671719327945446
15.83069246,0.47229113741404377,10.45710007184821,10.795103359083518
15.84073846,-0.40210213752548085,9.107435838475238,9.669944267399487
15.85078446,0.8018177813170194,9.424911363971178,10.934201060819824
15.86083046,-0.46242101760899496,10.008066643900662,9.126682735158276
15.87087746,0.4420048039320334,8.741846656035428,10.08381573700596
15.88092346,0.45991598084427215,9.052098405697112,10.278230997446023
15.89096946,-0.1653252782099083,10.375243590649958,9.468414744982905
15.90101546,-0.5720189354481349,9.811288288313335,10.5141544090816
15.91106146,0.10226493284460646,9.771579040385138,10.289679204142395
15.92110746,0.8168706027982561,10.01305892245546,9.968780132067085
15.93115346,-0.42897988593059566,9.817622336449874,9.05595178679053
15.94119946,0.06832948868215816,10.114815315662774,10.007452955100936
15.95124646,0.31166424073141297,9.385267031343478,10.098456272317982
15.96129246,0.47092481456357027,10.134450182356108,9.491178399652213
15.97133846,-0.2162807917354849,9.674844599504615,9.401492500829253
15.98138446,0.43478043362779606,9.981315580845438,10.408944223606674
15.99143046,-0.17477084904345297,9.652771822650058,9.390145273707837
16.00147646,0.18013101160592013,7.405927348223794,9.956179175647208
16.01152246,0.27820698948735634,8.684603593344269,9.16325713366108
16.02156946,0.10941358823489837,10.342298779938123,9.111858149411926
16.03161546,-0.06424906819814248,9.434497857773152,10.872912601621747
16.04166146,-0.023589209655297386,10.273290030457886,10.450366738324295
16.05170746,0.07753238962639368,10.029262488473956,10.069695173656273
16.06175346,0.2949752276013048,9.39295192182753,10.656233351776365
16.07179946,0.012935926024211893,9.635423969646341,9.829629098923556
16.08184546,0.2142355856085236,9.662217956264225,9.405505306304029
16.09189146,0.08389725738520033,8.526827340112265,9.776762240977451
16.10193846,-0.307274301135028,9.420596513817536,9.338655918178219
16.11198446,0.32421191549244244,9.661242862152514,9.757702270318875
16.12203046,0.9596254693332965,8.538022512139719,10.473455443384978
16.13207646,-0.30472736489659663,9.107865178822696,10.041534717519726
16.14212246,-0.024116512775232503,8.188578511292437,10.001971374356316
16.15216846,0.4606175159301329,8.173866753548818,9.800493983589867
16.16221446,0.3318557929004817,8.894744683343182,9.788429953027624
16.17226046,-0.07073676474866093,7.47088701148426,9.661270624502668
16.18230746,0.14743237149302124,6.97961280154647,10.07607484024063
16.19235346,0.773658930488411,8.758027582429202,9.193745239721428
16.20239946,0.3955672794802031,8.403748984850946,9.185243174576975
16.21244546,0.571674016433238,8.449652348145658,10.356095760911398
16.22249146,-0.25623104251031525,8.980239864506157,10.34579608822885
16.23253746,0.14384434082123665,8.195867262409985,10.36687628707286
16.24258346,0.6881613133302019,8.307325382941452,10.22112376645434
16.25262946,0.6197592521675748,7.777676254478864,10.568868237878572
16.26267646,0.24098875321821783,7.850891595201978,10.730726949511581
16.27272246,-0.055929968095860164,8.653468428406402,10.156394959100826
16.28276846,0.39101232972170097,8.034591147367083,10.07580955607368
16.29281446,0.01069427971439492,7.9319208193901245,9.49333489111945
16.30286046,0.08375991012831108,8.015753633305483,9.441657123368874
16.31290646,0.34492182952217965,8.083469682479887,9.72802870713039
16.32295246,1.3692306927299793,7.922232224665436,10.80805144068543
16.33299946,0.4107407452083039,7.170935013401361,10.944725090012698
16.34304546,0.3718969771044103,8.74510037950348,9.909616460570906
16.35309146,0.08392336243311299,8.064970412735072,10.37454696132162
16.36313746,1.4650521212430687,7.768591457536276,11.399158330985955
16.37318346,-0.3174941942495996,8.979283466090012,9.459539836419975
16.38322946,-0.21015952021993714,8.524196309510232,9.601909723812529
16.39327546,0.1670371814624555,8.508553732923554,10.029626692832586
16.40332146,-0.5605954943179398,8.4537391556621,9.328917126524464
16.41336846,0.4232284787262875,7.798532552304546,9.520480814856555
16.42341446,0.8711023144947763,8.849008979539718,11.012752292642617
16.43346046,0.8671419855766126,7.8189293899336825,11.679129349665974
16.44350646,-2.052225362497197,9.137827058357981,8.467415118549134
16.45355246,0.4704133323225025,8.164373077924175,10.261451859848465
16.46359846,0.8510985624321233,6.471761025757058,10.47013286265154
16.47364446,-0.9232067860719175,8.171273729519934,7.755218174997239
16.48369021,-0.9754109055954195,7.0411462048745435,7.532647560579164
16.49373721,2.192394964897605,8.805262965800784,10.648789236046705
16.50378321,0.15927275172802338,9.206368688330103,9.86841123004843
16.51382921,-0.642351395115692,7.532248325030625,10.259508744125668
16.52387521,-0.6246825047530271,8.601789680262407,10.547144521105444
16.53392121,-0.2575542110964323,8.566610745152266,10.658959372076588
16.54396721,0.01680053891125603,6.320537314491241,10.402260866690924
16.55401321,-0.31190856424437996,7.442283651676003,9.723019741848294
16.56405921,-0.7360487145573813,8.46231034170865,8.832532093208396
16.57410621,-0.1500897132333997,8.560603253217522,10.935835326408842
16.58415221,-0.0906305067883913,8.175377730810109,10.797025618100449
16.59419821,-0.545150170745469,7.924252277754272,9.227401863160194
16.60424421,0.20107959050508062,6.146609057146649,8.914564586660283
16.61429021,0.07063450330718672,7.309236739627409,8.07708630982907
16.62433621,0.8329772385262494,8.001585209952722,9.128687233944984
16.63438221,0.9246283013385751,8.139307045459272,10.052403119688899
16.64442821,-0.6211378910299298,7.78127168136044,10.15226759420322
16.65447521,-0.5874433008223625,7.872098897073346,10.139173851780352
16.66452121,-0.6375155227046722,7.107002787243852,9.837329308467023
16.67456721,0.002667188695633079,5.9012246971891225,9.279131047645649
16.68461321,1.1515520741119072,7.305805760977554,10.021723855763142
16.69465921,-0.08297436675710898,7.118849888498702,10.698907352531311
16.70470521,-0.1115806776271727,6.483440710847644,11.655289664491923
16.71475121,-0.17951397307416023,7.527642203804485,10.224269994132523
16.72479721,-0.33297301481988767,6.460715954699326,8.852470259226026
16.73484421,0.4131699946722161,7.266064546585297,8.859691679797228
16.74489021,0.28736258902715245,7.132499681430027,9.052744950003937
16.75493621,1.1365044207339998,7.025398022525719,10.796738264498
16.76498221,-0.024325729080849953,7.8216504376513045,10.828948398851267
16.77502821,-0.21026320353628067,7.129438354629587,11.197233832795416
16.78507421,-0.24975302240094896,7.011139140110572,10.968170412360127
16.79512021,-0.2059900848300445,7.343181905893722,9.440931971416124
16.80516621,0.5721986810355884,7.595917137818125,8.171242971026409
16.81521221,-0.0899856449626796,7.690457657311815,8.992339890755405
16.82525921,-0.15089686242557246,7.7562988714397605,9.96511407417069
16.83530521,-0.21368991908584584,6.206966918251629,10.430453776272763
16.84535121,0.3434651734455284,7.374076580146419,9.622323663451791
16.85539721,0.19413977597925142,7.4547355767058,9.822838249565834
16.86544321,0.3687814165673297,7.092184491873961,10.59313732128437
16.87548921,-0.10664829603872829,7.865406840766908,10.118326528558296
16.88553521,-0.1960898463923915,7.988142241674299,9.515108949965487
16.89558121,0.27814950853018666,7.4335602893443795,9.59027890325483
16.90562821,0.5322318869249585,7.305861620957158,10.643556404845548
16.91567421,-0.3113366145769387,7.6325256373663635,10.104973356049996
16.92572021,-0.3054657344368155,7.54361001451042,9.504966546400253
16.93576621,-0.1027627140157048,6.211623533699399,8.978532387862671
16.94581221,0.2423625975676259,5.6881950121854,9.3961444903642
16.95585821,0.7593048311904559,7.251967372456762,9.248273472014857
16.96590421,-0.1364605173523892,6.85920920027869,10.083763585363148
16.97595021,0.08577351978301648,6.347312997191637,11.622364673432987
16.98599721,-0.8140384498256023,7.356397651866752,9.641726401665142
16.99604321,0.022055351415639145,7.896045755546948,8.240157978774512
17.00608921,-0.42263150511603637,6.1491834635656915,9.821440326457314
17.01613521,-0.06693236560073856,6.412801194668645,9.737405100055412
17.02618121,-0.05384385501815638,7.672986699578222,10.424771521094305
17.03622721,-1.042916261207414,7.630321848020718,10.342791930335032
17.04627321,-0.16518368759946161,7.348108759954685,10.018066463203954
17.05631921,-1.4395617383900274,5.498489899141991,9.59874524172904
17.06636521,-0.9583628753553249,5.323579277905601,8.11579760478724
17.07641221,1.1322192810433576,6.08860228671211,8.64866833861412
17.08645821,0.5525781939322766,5.143151026563819,10.42923003511331
17.09650421,-0.04696147331015754,4.119590190025896,11.454431961645886
17.10655021,-0.55947736461724,5.608304224639996,10.34975036054486
17.11659621,-2.19147259840547,5.810343518813244,6.18001338757438
17.12664221,-0.22306148462433886,3.9639270446966632,9.697026760776216
17.13668821,-0.9176459965653322,4.132396976026121,9.819642151953929
17.14673421,1.4486311218568686,6.292247726618153,7.736625335250444
17.15678121,-0.31696162525652144,6.641581160748207,9.567528595266214
17.16682721,-2.0291322025032064,5.424738893305774,10.382066256085064
17.17687321,-2.580330549900782,6.31150566066244,9.454146590208452
17.18691921,-2.12673077733105,3.9277043438729713,10.37910290090543
17.19696521,-1.5586871121281958,2.736844313700881,10.116607103349297
17.20701121,-0.20709828716243173,3.8877066591019314,8.105063965817415
17.21705721,0.5922738779397959,4.239068236231484,8.654423022704083
17.22710321,-0.9827364588087658,3.2817186849508846,9.854776432172041
17.23714921,-0.7572687973256271,4.040031553550761,8.522837356454527
17.24719621,0.7027416040338071,4.681685819432176,10.34543415230235
17.25724221,0.427520995876394,5.3176893540500565,10.994327252777403
17.26728821,-1.1920825044707666,4.144862228615934,9.85014272275528
17.27733421,-1.3069753389414975,2.479625470306755,9.719689575009166
17.28738021,-1.2005653276122747,0.7715915272650212,10.907161315915783
17.29742621,-1.010364957782849,-0.5706865761926394,11.369065214659976
17.30747221,-0.9629526919307714,-0.0382461466803811,10.194064961636139
17.31751821,-0.03984465015156161,0.7173003274475025,9.793158174613922
17.32756521,0.1808466506948918,-0.2960620936466908,9.412399829515747
17.33761121,0.5297316980092796,-1.5303678621569103,9.408671652145154
17.34765721,1.1975463045905481,-1.960934682906334,9.523366143524692
17.35770321,2.2634943473685794,-0.4841311690591733,9.642907556611187
17.36774921,1.5562397143753357,0.9239804513318629,8.407910827701954
17.37779521,1.3860607272962568,0.13377590708151585,8.698503092739092
17.38784121,0.6588483258448824,-0.49351054369415365,10.27833326140823
17.39788721,-0.37593093161123636,-0.9209710513031667,11.21503458103949
17.40793321,-0.2756693787642746,-1.483157436144601,10.84947987644327
17.41798021,0.25772260925384666,-0.11528803492706284,10.314003289395421
17.42802621,-0.31650287759265433,1.002719159209848,8.576174508120049
17.43807221,-0.3860562836374649,-0.12551447892362827,9.83233748287145
17.44811821,-0.527746275198313,-1.8863453680181343,11.047713350384925
17.45816421,-0.17133823424421765,-1.5272574554133418,11.16992072204808
17.46821021,0.42908200272355884,-0.33622072259500807,10.361538305104942
17.47825621,-0.5194146410520089,0.5563073278131275,8.662061314140917
17.48830221,-0.5806759790012481,0.9902841553715155,8.484681845098127
17.49834921,-0.7834681950697066,-0.4571215524914988,9.580061570174244
17.50839521,-0.28417807036679044,-1.3571259293646596,11.136804343173923
17.51844121,0.2132983913431979,1.3020732679049274,8.828962364413341
17.52848721,-0.4237861196403301,1.2827982939029914,8.15421897479755
17.53853321,-0.6925799733724306,0.8189483267779195,7.463254698973625
17.54857921,-0.6579866380244126,2.3189576612833362,7.247101514296817
17.55862521,-2.1511466125217935,-2.5551565226810915,11.959171908695108
17.56867121,-0.7892971166186127,-3.2625647335128782,11.05098424644247
17.57871721,0.42792728006723235,2.6880896641775154,8.098947384453295
17.58876421,-2.8778711882837547,-1.3458502596390043,7.262453722444457
17.59881021,0.22899992902344918,-3.8876562201699967,12.181438148390715
17.60885621,-0.36557313718116413,1.540117376865896,8.373106169677943
17.61890221,-2.08062859524245,-0.9345255818983192,7.908197008073188
17.62894821,2.5437655633538436,-7.441224038708325,18.449033775592913
17.63899421,1.794546202170339,-0.8518914509318594,11.75209640809986
17.64904021,2.1896661441988883,2.3413492336123825,9.836195880885597
17.65908621,-0.7931985223236725,-4.310731435101092,14.945193327122393
17.66913221,1.582764643366378,-3.9377483491768315,14.416296678668955
17.67917921,2.357712719530629,2.1545239046023044,11.676140054201221
17.68922521,4.3118396366673135,-0.15882746479925014,13.68835763505817
17.69927121,7.17766567712054,-0.7890000891725654,18.14569625532335
17.70931721,6.313473827860555,0.6626077520218989,17.46944675898167
17.71936321,1.1713134081713377,-0.462386421184892,17.78834974752008
17.72940921,1.0605267541804682,-3.077446381916228,17.987462934438767
17.73945521,0.7974893542543003,-7.107052708258151,21.99384827653062
17.74950121,-2.5075267397487004,-7.481961339732657,20.274694495389113
17.75954721,-2.740360136701769,-6.287063868844575,17.168945299822724
17.76959421,-2.6647182451964544,-8.430102869659432,18.103971084176
17.77964021,2.869367117053026,-7.567440620935008,21.447246465909846
17.78968621,1.02486125805331,-0.22053887684961307,16.329383635493528
17.79973221,1.0442169723956771,-1.1109432595676634,17.751419190719936
17.80977821,2.7997998956929324,-1.2913317322438815,25.498701202497045
17.81982421,1.1643175804082613,1.9197318642686756,25.795982375875226
17.82987021,-2.7160595519639523,0.28892183102980634,31.84161688613701
17.83991621,-5.139439250082539,3.035106572039606,27.008220932109857
17.84996321,-6.810503217067986,1.9215855334879952,19.456461971844284
17.86000921,-2.0537366258302368,-0.10799109980683902,14.340448660628374
17.87005521,2.6524725611922038,-1.7091635472801028,19.6312773734833
17.88010121,-1.5362118315579782,-7.608398632452313,23.450139485364716
17.89014721,0.7362750197515688,-4.420321998071305,21.747665138581958
17.90019321,3.527642425670444,-1.0217836288866633,25.91914880138487
17.91023921,0.862111147443618,-3.543411802055652,29.61657193339095
17.92028521,-0.2996605704162386,1.3813442953734345,24.737158015315384
17.93033121,-0.3472816220322094,-1.5194416487535691,25.94524035384999
17.94037821,3.4943945416835556,-4.9728208792735735,29.22150743048525
17.95042421,4.483180605812688,1.5119145600077875,25.511037945279668
17.96047021,3.3343811245018933,0.4238418241761992,23.590642813437427
17.97051621,4.0861411675841275,-3.6331374078613963,27.945194908395965
17.98056221,3.988632594573812,0.010989194578574887,25.637355042635246
17.99060821,1.2887218048126592,-2.6584054515950735,28.915184016886403
18.00065421,-0.46460637057443144,-6.418546086022656,29.544481871011726
18.01070021,0.8281362688897975,-6.28946568090716,30.018648224180076
18.02074621,0.6323780698386894,-4.984951789656927,29.113679296321052
18.03079321,-1.6788310395774084,-6.592231169207318,29.590653947514944
18.04083921,-3.1244666446381824,-9.361394144241212,33.45786917102811
18.05088521,-0.8466416774698547,-7.460308321839779,29.759746729875168
18.06093121,-1.889794824662487,-5.022448413084517,28.198311052866384
18.07097721,-1.8826931511327842,-2.888373137279064,24.405895941832323
18.08102321,-1.2088400758299687,-1.779450389594637,28.167704259858468
18.09106921,-0.3024869904606652,0.06574014478440673,33.13595931032426
18.10111521,-0.3877310093242622,2.764544778757615,33.32491523315254
18.11116121,-3.190275997707447,4.948970966121349,29.96724821365146
18.12120821,-1.3365971972599253,0.6030711686798431,32.156452058759584
18.13125421,-0.4502919657440249,5.374411663981046,24.392951723333397
18.14130021,1.5193317363815781,-0.05082935465965987,32.10655358701073
18.15134621,-2.2522888808143477,-3.9566384999900075,32.30755515473294
18.16139221,-1.5696839048541422,2.243301749329142,23.49383531333536
18.17143821,-2.0834997654758207,-2.0853935077133996,27.27958489830798
18.18148421,0.8687376189638326,-1.0590527344489387,25.737915329187317
18.19153021,-0.13580076437955999,1.9957706922278007,26.03012557603942
18.20157621,-0.6722027778915338,-7.1726423622088165,33.68383380167516
18.21162321,0.7496940901009408,-5.034896290757737,33.341992004412305
18.22166921,2.215541510901973,-2.974204021057868,30.73451138078736
18.23171521,-0.5155745873774517,-2.7068472387542775,31.553566157329026
18.24176121,1.9093894221726955,-0.7579472576456173,30.225980328888586
18.25180721,-2.0902797408944873,-2.897159686571666,29.555807169496312
18.26185321,-1.758230743383626,-5.446084280862122,29.68842861946068
18.27189921,0.9093361236133398,-4.540736779428478,27.230436291971184
18.28194521,1.2038881196998799,-0.7117653823978144,28.430700280491784
18.29199121,-1.2213329433557965,-3.273274556530094,29.79858357685368
18.30203821,-2.705361600076434,0.5393991060020671,28.427076084832443
18.31208421,-4.044914160281125,-2.829603752099345,31.307099232750982
18.32213021,-1.3899704349481177,-5.433448936941608,33.40888329833642
18.33217621,-0.4958997087909037,-3.694806411005147,29.665083088649308
18.34222221,0.5442308384820709,-2.394683594036686,27.549180372772874
18.35226821,-0.8803600856981204,-1.777989226477198,27.43777334466111
18.36231421,-1.006599281640554,-0.03885486707761529,30.392980230810075
18.37236021,-1.3798577995581178,0.5814126182744008,31.632116281420473
18.38240621,-1.3358524525918885,1.39266844512434,30.805322505896292
18.39245321,-0.15984847431876112,-0.5700495870546322,31.707388649095986
18.40249921,-1.0443503331117368,1.1470416611454808,27.36919035010932
18.41254521,1.8866743076165735,2.0305416133556196,26.748759226477215
18.42259121,-0.8967755460075066,-2.042074639696887,27.4106149340274
18.43263721,-0.3848087758499173,-2.307930046856107,25.428263291249785
18.44268321,1.6019986919429368,-2.4748199360896637,27.477682894441433
18.45272921,0.5852525322574341,-1.2018467630287788,28.36947297463047
18.46277521,-1.272365614345795,-0.0828859755683331,27.16131040198788
18.47282121,-0.3561083320425382,-0.6637432381445958,28.821692456122292
18.48286688,-0.30040738187324184,0.6711810232385018,27.692726026989074
18.49291388,-1.4396991548294087,1.3459675101252233,24.60275395942853
18.50295988,0.3827746995644217,-1.0713488214214602,25.048269245747882
18.51300588,-0.74160304811287,-3.6209601024186098,29.47323197292522
18.52305188,-1.6832125198639518,-4.274268408714992,27.635970032234724
18.53309788,-1.5631325985297329,1.3258053708343862,20.353594961309877
18.54314388,-2.414231111986458,-2.586219995093265,25.548669222117
18.55318988,-6.547917611491287,-3.1765312956973375,22.805249477746248
18.56323587,-0.6964699360212945,1.5570549091923314,20.243125750393943
18.57328187,1.3138348801240596,-0.4652454986273168,23.41084405908038
18.58332888,-2.2821200477483576,-3.132986622308055,20.933742581885255
18.59337488,6.464825323776499,0.6440800300840599,23.161481584723855
18.60342088,9.707186627119325,1.1982658318772437,32.6303262348361
18.61346688,4.3717154390091295,1.0710715734290066,29.312728177437542
18.62351288,2.5983541179705454,3.2022418561945964,24.469366609158712
18.63355888,0.6350797953173423,1.6478867958304992,24.867713859304033
18.64360488,3.3928790821407318,4.349308438895669,21.505456325649046
18.65365088,-0.21561155879679966,2.6423648424286768,17.16411843476891
18.66369687,1.3882543326045262,-1.6713965451615165,20.16209054808246
18.67374287,4.941684007214284,-0.3642373540156574,22.924712211542023
18.68378988,7.710753293159691,1.2044506225793778,23.076007102196872
18.69383588,3.761504623212875,-0.02477977263437453,21.45077573252969
18.70388188,2.0474192539738425,0.7298186052250842,17.891089512046328
18.71392788,3.890787917119546,1.5998456103431922,19.05262013987057
18.72397388,-0.22527340626341624,1.847367617451038,16.883638646953276
18.73401988,-1.9162176362805066,-1.167431504445925,17.355921760724968
18.74406588,2.835119504160338,-1.1296222676975938,20.115600967913004
18.75411188,2.9688966525687768,-0.07252374248720718,17.963582327874967
18.76415788,4.129726777633584,0.9104122941047911,17.46469335654625
18.77420487,1.2011681277897632,-2.761174471363023,17.683487668800623
18.78425088,2.3255547045034164,0.030364838839524438,15.64611144121659
18.79429688,1.5616928142163806,0.3114022313689677,14.994089946653085
18.80434288,1.570126793266154,1.919841340280974,13.762868375196877
18.81438888,1.4657719693207982,2.2451554976736947,14.407364779081718
18.82443488,1.8108536612030568,2.175014374164776,14.864918501268608
18.83448088,0.5654564626511105,0.7698092936688,14.458673982404907
18.84452688,1.3130210433436476,0.41533217050085475,13.013888946646007
18.85457288,1.7402617691644162,0.4170551287044887,12.710656531953335
18.86461888,1.8241969224234433,1.1578638752648087,11.827209342088782
18.87466587,2.468941821071681,1.7346939088628008,12.722524628870213
18.88471187,2.0902658834330015,2.2001974257900354,10.668620681992977
18.89475788,4.507254211747908,4.337683684815379,11.675465469768618
18.90480388,3.570519382889166,3.827343504863423,12.479228219717712
18.91484988,5.479948196752561,2.4162872809667606,13.472133107939785
18.92489588,4.9294485815269455,0.40647710544439747,14.865783074032038
18.93494188,4.38912014298981,2.970482705553007,12.551634408550846
18.94498788,4.883228567610438,3.533048537068251,11.043723396862664
18.95503388,3.928663624427505,2.051182546844768,10.93514926726611
18.96508088,3.9005678871864986,0.5729007841842786,10.938655061343644
18.97512687,5.077536573111651,0.6837628679555505,9.923716741919064
18.98517287,6.1948573924610395,0.5797834175706279,8.62992652097706
18.99521888,7.115782940664939,-1.1518180753696667,8.21931938399906
19.00526488,6.190741002790662,-2.1370467909777435,8.447942795797548
19.01531088,6.837728333014157,0.1134251159215523,6.218872666524576
19.02535688,6.204750431339141,-0.005543984112320368,6.828336106807948
19.03540288,4.245005615292438,0.5380079575117359,7.093333839874562
19.04544888,2.5368530107479246,2.331785887782035,3.7784773220208283
19.05549488,4.063304054602528,1.9141297375284654,4.980037094573118
19.06554188,7.356767582176154,1.6436913214717286,8.544667826687519
19.07558788,4.699043642711374,1.6454532675022149,6.372021146257225
19.08563387,1.8291736195743031,0.9152672125165533,2.7508965189017003
19.09567987,4.102416323442161,2.5412274139162103,2.403035399840457
19.10572588,4.1489029715505215,2.1251788165577894,6.090525279276159
19.11577188,1.5536686853499477,0.38333932823957356,4.023340790730386
19.12581788,2.964889059326064,2.9111965041462184,0.7462715364658763
19.13586388,3.9842376954359047,0.9222791041987174,4.512641080801463
19.14590988,2.816244344792674,0.28363871782289396,4.814455713248416
19.15595688,3.0543752231370864,1.3764464926248348,1.9412690758499984
19.16600288,4.743432547528835,0.18511294387558047,3.1497119339430246
19.17604888,5.98995930314575,0.8296207543302887,6.122318975375723
19.18609487,3.2394853289083474,1.4046782373588542,2.2791578811857884
19.19614087,4.2039512750460295,-0.8506220340238797,2.2515084483067325
19.20618688,5.127057632341913,-0.5916550774710424,4.102212032129632
19.21623288,3.7967105310070384,0.6323210404596171,2.9383045144950994
19.22627888,3.1297892879023004,-0.29587336625286975,1.4076012877229518
19.23632488,4.351301141781606,0.6896046611641454,0.3275348907426333
19.24637088,2.9817909312766178,0.7972168632047141,-0.036822994729759806
19.25641688,3.090483708738634,-1.0340501127261665,1.558746474044128
19.26646388,4.865805340510551,0.28512670710502164,1.3911121596514784
19.27650988,4.355821814652774,0.4378909962507265,1.176219718843575
19.28655588,4.670710433161005,-0.4362632622124982,1.6328529365867857
19.29660187,4.097344756160506,0.832968478532369,0.8957036734104633
19.30664787,3.6269995233228043,2.2085130376883466,-0.3390225733681731
19.31669388,1.6287070415024145,-0.6650092323058004,0.8831008237178235
19.32673988,2.2769613645558873,0.04773158444318353,0.3355246547481098
19.33678588,4.057836805074965,2.0377195320457515,0.15027638517997866
19.34683188,3.894195201635842,0.167525786910718,1.3967565637935015
19.35687788,3.31429394594,0.5007850815448216,-0.12824166354670563
19.36692488,4.15702783020518,1.496657178106928,-1.7929814831371687
19.37697088,5.284476511868512,1.004990385132946,-0.5921712740553267
19.38701688,5.74838946944634,-0.09432908095655122,-1.0421147984750134
19.39706287,6.214550439744527,-1.1641400790396526,-1.5706379112279671
19.40710887,6.595176354085453,1.8687781152748073,-2.802554898328478
19.41715488,7.190984342672579,0.9995590228192068,-1.438119516434472
19.42720088,5.409700208027162,-0.5671884751822304,-1.3392931164069577
19.43724688,4.433424141536396,-0.0421701579094116,-2.708056131769262
19.44729288,5.644343425524765,1.9385382034261642,-1.9256290636618303
19.45733988,5.393966204782397,2.2382973420195507,-1.0970491290276378
19.46738588,5.037152261462318,2.080432805723996,-0.19456793169330067
19.47743188,3.352376831494472,2.120755990019359,-1.388032791837945
19.48747825,2.3807395793870727,1.2144644312113992,-2.513712985399423
19.49752425,3.820681098370494,-0.4604118738347179,-1.7666045412712335
19.50757025,3.445237673669437,2.384543929686463,-2.772201478627563
19.51761625,1.9856714299440703,0.1530845386798768,-3.776161509476863
19.52766225,2.9210601022984717,-1.0373518516501126,-1.717870490631626
19.53770825,2.69515850556401,0.8507475078606255,-2.1323809487602974
19.54775425,1.0318224992035003,-1.0421523593597004,-3.082891693924939
19.55780125,3.538627947799997,-1.804215221188644,-2.7068866610404125
19.56784725,3.0452446125472763,-0.8101265399589548,-2.7196153127481266
19.57789325,2.7743690812786945,-0.7090570447247028,-0.9342385673601596
19.58793925,0.758040673921124,-3.0908854775562316,-3.6213750521545474
19.59798525,6.004600022505413,-0.8372498818711838,-4.447814035889101
19.60803125,4.312782444868967,-0.5176251987180124,-4.186318152306397
19.61807725,5.07052848658472,-1.3871473026424181,-2.644884411504922
19.62812325,7.473302109051758,-0.6313476864292114,-0.5614754704542864
19.63816925,3.060238322992736,-0.8764713770734177,-5.530825905484811
19.64821525,8.27983140067728,0.15592286160737925,-1.7087330646317944
19.65826125,4.8127876657842705,1.7440826405859178,-2.9477041515147855
19.66830825,6.353462768624848,1.1782932300310827,-3.120270335427634
19.67835425,3.931400322090152,-0.9199959903429442,-1.1593811414026844
19.68840025,3.661467920130723,3.1675842243847714,-2.5789038699997135
19.69844625,1.1786711315226237,0.11233820123947076,-2.4784004653676024
19.70849225,4.4462678025594835,2.4691637283591517,-3.9740406475899035
19.71853825,1.6666001458217914,3.208348217273733,-3.7967237521288086
19.72858425,1.5883979696115071,0.7633594193819029,-2.167442780827624
19.73863025,3.258906724363531,2.3074046398103016,-3.795420627428731
19.74867625,3.0800133710043935,0.6170093123528123,-1.3408928532009126
19.75872225,1.95352574760002,-0.8096875441272832,-2.608751820243341
19.76876925,5.755692283882522,0.592254411425484,-1.6897657801132815
19.77881525,2.4279630961678484,-0.676824629121385,-3.216254132051275
19.78886125,4.537557238440694,2.40916450774037,-1.5444856910375238
19.79890725,3.567439526808953,0.43696748055174167,-1.4419219136447095
19.80895325,6.719728594865913,1.5187395933292807,-0.9972881853860616
19.81899925,5.78448746182615,0.040285457987105505,0.38684856419127733
19.82904525,4.996009219410404,0.1460757985930207,1.075482904461365
19.83909125,2.1807348892389977,-0.659465013472064,-0.8193474879634737
19.84913725,0.7106694567855869,-2.5101766184704046,-5.9681208432541695
19.85918325,5.937324055255203,-0.2949414057659002,-2.9661535397366094
19.86923025,2.429549036794402,-0.6579152330426591,-3.3653626348750274
19.87927625,2.5408171610937718,-0.5574734171213084,-1.177373268508017
19.88932225,2.1924655565955042,-0.10474639258056927,-1.8544156394281577
19.89936825,3.080731228149737,3.0903887149606564,-2.6651258265778006
19.90941425,-0.10695113544991097,-2.826976812862377,-3.105591152255082
19.91946025,4.7637158923543765,1.2818253988548631,-3.158010857111474
19.92950625,3.2019742216135807,1.9738148975325576,-2.7885239024383646
19.93955225,2.9103621470912198,-1.061279426586094,-0.24184294618447805
19.94959825,2.8517083639952214,0.7171159095795953,-1.5924818663049565
19.95964425,2.925232829795184,-0.48434127309631625,0.7099147860117317
19.96969125,5.515587525920739,-1.5117498351991125,2.0197271992040373
19.97973725,4.89159197234115,1.1315540185854651,1.6224829789194715
19.98978325,3.95029994963277,1.484120993750581,1.238868293986248
19.99982925,3.2777226799001187,-0.9474203159137852,2.490401103188414
20.00987525,3.303586110533459,-0.183588454743628,1.1848090530544397
20.01992125,1.7663028636636198,0.730618213328131,1.088110663738581
20.02996725,0.561130603944275,-1.8291388554121624,0.23368089345793897
20.04001325,6.652353716644918,-0.5542554545676559,4.162944574106918
20.05005925,3.857767576621485,-2.1686242761410943,2.9275166899511476
20.06010525,1.5753867247343978,-1.4143779440627504,-1.2284938014194735
20.07015225,2.2793757113170265,-2.473520075863804,-1.8731468723641733
20.08019825,6.246226866694093,-0.924030822095006,1.3538070928311512
20.09024425,1.3626997306604012,-2.80159393930235,1.8188719361084262
20.10029025,1.0747915967922008,-2.4259731046882558,1.9059232344929562
20.11033625,5.332550054641667,0.5273855841158177,2.882674761033794
20.12038225,-0.10937930897305505,-4.437975633212167,1.3338964312672936
20.13042825,0.8711809773250873,-2.337595099547932,-0.5498791585898078
20.14047425,0.2718045857375333,-1.197082335036823,2.0057291687492156
20.15052025,-0.18475191988230732,-2.404720967846927,3.5666137314762407
20.16056625,-0.4752087570252796,-1.9233995359338398,2.8906752237142728
20.17061225,0.881338616025357,2.98995633861801,1.3699571894589768
20.18065925,-1.6771203380778905,-0.8474799388316021,3.7446687778370755
20.19070525,-0.6388889744188418,-1.0424710694300348,3.2021245615798417
20.20075125,2.068364675422278,7.048130033004533,2.6120332250100735
20.21079725,-1.5998734469655604,0.2594172766784534,4.735347937635923
20.22084325,0.011462085014087704,-1.2396474187038378,7.174874129693237
20.23088925,-0.7519673208479964,2.8099802752212324,3.4003401153697492
20.24093525,-0.1423714846179439,-1.2976478905020388,6.124388806049047
20.25098125,1.8317568303471057,-2.90335854648619,7.718157702893839
20.26102725,2.6488261185266277,1.90862164346724,3.1020269113823637
20.27107325,1.9706779181175207,-0.5112242566006907,5.6298347299896765
20.28112025,4.123683049576469,-0.9817574110935243,9.362714712877688
20.29116625,3.4317125772271817,1.4114793355640955,7.090402023868005
20.30121225,3.5981804904942987,2.1860327756907343,6.818343645976156
20.31125825,3.708132655006408,0.2589723922095259,9.178770660866885
20.32130425,1.9764687958763423,-0.13949127221997687,8.301867363497362
20.33135025,1.8729604312685662,1.0487902841870886,7.538335435405987
20.34139625,1.2304488535072617,-1.419673997192614,7.596010167178484
20.35144225,-0.3700196784842218,-1.5264826490325276,7.226199722152311
20.36148825,1.550205206428549,0.16909733468000793,6.154031928999845
20.37153425,4.421690990008073,0.2139903617211362,9.729933782010619
20.38158025,2.83913829773267,-1.6908222243699347,10.760118518143809
20.39162725,4.288806938405299,-1.3572794569814235,9.997407158364656
20.40167325,5.934186837747199,1.2426503829337507,10.14650718421723
20.41171925,4.882950900359918,0.2519572902067373,10.637802446194524
20.42176525,3.339654188193769,-1.8981620481464736,12.453843101292787
20.43181125,3.6011133289974024,1.2391253140403056,10.17873885202594
20.44185725,1.9246637890271376,-2.7329843613758262,11.870513832505086
20.45190325,1.4033580274316264,-4.000579004829464,11.390735618598859
20.46194925,4.458953512794874,1.080075639825459,10.451499347503448
20.47199525,2.0584712190958916,-1.6580611611333054,12.22323565501462
20.48204133,2.676220200893148,-2.7145769777442856,15.04312055084175
20.49208733,3.7047697643359547,1.2346732141300294,14.445436339649085
20.50213433,0.7924225881199134,0.5143225550445333,12.164260389410522
20.51218033,1.3970842753389348,-0.7086926151719467,14.879103453693304
20.52222633,0.18530408744719615,0.11724313416638431,12.254308348002196
20.53227233,-2.027698314537418,-0.6733880379540386,11.81719426215168
20.54231833,0.39602211260166775,-2.8028262155127006,14.713068190616605
20.55236433,1.4525883134683335,-1.0860637697712436,14.298135708745638
20.56241033,1.5850226738288744,-1.6741530158932008,15.878390632558142
20.57245633,-0.1656473243254354,-1.7427636076043957,14.757734797009382
20.58250233,1.9077760917429365,0.2087630423937561,15.542643616014466
20.59254833,0.3443408755227828,-0.43764312302084524,14.15619063949061
20.60259433,2.8507899956603913,0.023415899989204375,17.870525126141708
20.61264133,0.26099210389212874,-1.0269284324420584,17.1922607411558
20.62268733,3.1714442437623465,-0.9348439971448492,20.109500197355757
20.63273333,6.7071015665445755,1.8294111044316448,21.016194004891123
20.64277933,5.388899333710294,2.3307966454696096,19.501650198309214
20.65282533,7.0073781328361,2.339402021792024,18.57749756471365
20.66287133,10.208759511132873,3.8793737306982474,24.86833484086307
20.67291733,6.625471091952303,2.5371361739496345,21.695652630156847
20.68296333,5.507404898287386,0.12768331706625735,23.775805308056746
20.69300933,7.249239267563604,1.923557940231751,23.10391762732672
20.70305533,2.3981755444098183,-2.3094047657687415,21.361193631319303
20.71310133,6.859804985200095,-2.411814729374685,23.718427140687794
20.72314733,5.179673752033496,-1.0850998787468114,22.54352281952466
20.73319433,6.860082096594298,-4.110285359208892,22.844811427898165
20.74324033,6.235295362036303,-5.594111885701784,25.522829901293097
20.75328633,4.985567144015423,-3.675679914839891,21.088676664629524
20.76333233,7.529969369569697,-3.317289487632654,21.296147803131774
20.77337833,7.103120801112822,-2.807745583107513,24.86968806416982
20.78342433,5.095406189306714,-3.337575243510069,25.06116484160902
20.79347033,2.1280348150007278,-2.84969107369053,23.093710357087925
20.80351633,7.197318630021115,-3.6392508502982106,26.020515686892615
20.81356233,3.2100269178479484,-2.785116251154934,25.8125962850706
20.82360833,-0.8710003381345649,-2.532608152840448,22.660452954211983
20.83365433,1.0768022637164771,-2.6809592572461347,25.75184023950186
20.84370133,3.8101898325865697,-1.9574861363822402,28.442911004414107
20.85374733,0.5418910568730194,-1.6670407801486258,28.787646856891534
20.86379333,-3.490375162814385,2.9500689784555827,25.084295094087608
20.87383933,-2.675303772244414,0.4479173563683823,32.20592835761848
20.88388533,1.0055658817681277,-2.576663629258663,35.47019975625484
20.89393133,0.7861852832452537,-1.796304842958529,25.56205651469689
20.90397733,4.985439516731036,-5.927010238121308,30.285888592047357
20.91402333,10.141727252853343,-2.7800653824246853,33.45969351273492
20.92406933,3.329812010170348,-0.7675674240052646,30.89277282435969
20.93411533,2.3440319398293217,-0.5943581691599731,30.852265471920774
20.94416133,-0.21812730377786047,-1.3312691268520276,33.65961277587629
20.95420733,2.446903681145507,-2.3433465815385457,33.06923410036666
20.96425333,0.49641935358170725,-6.819375178488993,31.916885213381114
20.97430033,4.18860637159275,-4.425858282885231,30.389180301687787
20.98434633,2.840611303884303,-3.845425628302929,33.560886569394526
20.99439233,1.6223355480998982,-2.430789296048779,34.99352402377849
21.00443833,0.40116027766966206,0.9180796674472034,35.28034875320123
21.01448433,-2.221724713282995,-1.7089400210658385,38.02316995219334
21.02453033,0.09431760269363317,-4.95450834021702,38.296728105547395
21.03457633,1.0944980640322037,-3.239792176822571,36.08455459527416
21.04462233,3.961724863529903,-3.758189837000675,36.05319855284297
21.05466833,0.6233044913214382,-0.25839165586699764,36.27068391573732
21.06471433,-0.1308482852757319,-0.7388320601734067,38.96748635512173
21.07476033,1.551077666674086,0.10665082089399346,40.18157105852171
21.08480633,0.006120869598951087,-1.740379259874946,38.949949522277734
21.09485233,2.1440827505780597,-3.179823632650418,39.30509612748614
21.10489933,2.7289094262486584,-2.0605754408427535,39.55094763100382
21.11494533,5.170086425543987,-0.8083998620680317,40.72520859094965
21.12499133,3.7587108237851465,-2.8651521086082172,42.05203406768706
21.13503733,5.353173423712472,-3.3648682770575933,43.91826185451367
21.14508333,2.4769590471154292,-2.568057960260904,39.885753809517766
21.15512933,2.8100210872014837,-1.903429188647449,36.9520543608838
21.16517533,0.9970350592957546,-3.2957989042636084,41.4688319342891
21.17522133,4.259674143846094,1.228145768384371,41.272046433751825
21.18526733,2.565382991554064,-1.8008511711308273,45.51623874305385
21.19531333,2.026494076447726,-4.617301954813747,46.613099835826475
21.20535933,6.951793916974475,-2.594690445626647,46.252322114185155
21.21540533,5.853187053636232,-2.0581886513010694,45.144203098585876
21.22545133,1.7966291539414203,-4.174060007796549,42.72970094355339
21.23549733,5.796546749514826,-0.5998378046442674,39.90873302732571
21.24554433,6.828960901039534,-2.2922146907021896,44.79599253707954
21.25559033,-0.5244385362791052,-7.55388527170762,40.86768469813274
21.26563633,2.582014955109058,-3.356788176951513,39.350760943767845
21.27568233,2.6412590497949484,-3.93838461879512,40.55635171249632
21.28572833,-3.1361130680093057,-2.4178123786477377,38.53279694294812
21.29577433,-3.063723389594053,-3.6942651810886447,44.49300864169489
21.30582033,-7.0640978714024385,-6.395803749370686,41.35169777615733
21.31586633,-8.954142221181522,-4.576175004020864,38.39766352712301
21.32591233,-6.182201288124834,-6.887515453688198,40.13021375492255
21.33595833,-0.5999958126724713,-0.13749581623385299,39.082102579018475
21.34600433,0.5463339331373228,0.49518275495793884,40.971838987598815
21.35605033,-3.116461961739054,-5.105994651691561,45.26504812119352
21.36609733,0.02960715972201268,-2.9144577139588947,43.62205034188709
21.37614333,2.07502898000736,-0.7566703317228143,42.06950507869749
21.38618933,-0.717676959226449,0.8362064608234921,40.72905910720546
21.39623533,2.6928738103928316,4.300747250784094,43.238395789206265
21.40628133,2.3410337159970402,1.405513927156599,43.83531199737792
21.41632733,3.455965196774647,-3.2877093973122378,42.62346138543194
21.42637333,5.347538936871687,-0.972667452053941,42.0122570788629
21.43641933,4.698212922527233,-1.2671031335483987,42.04950454989195
21.44646533,1.9548405781295664,0.11239911665722954,40.78079699303497
21.45651133,1.2778929479862589,-4.642154931387856,42.82667291759864
21.46655733,2.448842856586905,-5.503575554694523,41.28391348053221
21.47660333,0.6144594928549867,-5.513312863943249,40.01764263689197
21.48664946,0.3063142227664565,-8.291610043066976,41.07770651504596
21.49669646,0.0964356010223809,-2.9925406725922636,39.423528678906706
21.50674246,1.1918600330204236,-0.9700269192712846,40.59240533341831
21.51678846,-0.6106119841640713,-4.23957035032397,40.04578272132653
21.52683446,3.7369567541532085,-3.9612115183679375,42.44679238902155
21.53688046,4.600635336811794,-5.449976376941245,44.006704212237786
21.54692646,1.922037840679158,-0.5912931929365529,38.240108963804616
21.55697246,3.9591200064079906,-0.8690228305058514,40.80446340883758
21.56701846,2.9746584827649656,-1.8900511331170742,42.24053880350308
21.57706446,2.9099934242728973,-2.653712301990359,42.62288370679204
21.58711046,-0.526525973679665,-6.662374839566259,39.00830007418721
21.59715646,2.2910535026692065,-2.836654018847351,36.95306636996211
21.60720246,3.479367399815928,-3.11369663163809,40.31969444233097
21.61724846,5.1925136331281,-1.2159707907906745,40.19810388383718
21.62729546,3.1421837788969835,0.6053991843237032,37.82390762716839
21.63734146,7.71885315421521,-2.299045072861634,41.99847128938125
21.64738746,6.734443841493531,-2.3648220178084998,43.12800692350481
21.65743346,6.783358741557949,4.897660442539232,37.241717567531
21.66747946,5.634868457388518,1.9343712467716272,36.9547812681696
21.67752546,9.852704616954464,-2.5880890592986456,44.66221759118909
21.68757146,8.392392989743634,-5.354996275416919,45.24455639364788
21.69761746,2.1468604732881644,-3.5709966591135025,34.597500439251355
21.70766346,3.2243448110332324,-7.29428292058444,35.189941366093116
21.71770946,5.7167906653531935,-5.045646658133437,36.18274698380803
21.72775546,2.1442739078793838,-0.70519112860567,28.753239322530032
21.73780146,-2.6963803857567368,-3.969507399530941,28.36290702851649
21.74784746,2.692952436560213,-5.147136037957343,36.9783722550755
21.75789446,1.1115953403898946,-2.898936130092144,35.435147443475415
21.76794046,-1.3403676287929376,-1.7978334390766497,29.445390696509033
21.77798646,2.1458738857958166,3.8592550379926975,29.387749512166614
21.78803246,-2.6157363715642483,2.0220680833422393,31.21044487375842
21.79807846,-3.576908692336116,1.5263919039835265,28.891111439019035
21.80812446,0.026946690030084153,0.16065819904460735,29.09173645124873
21.81817046,1.7880983737336071,-1.6654895707344872,31.444386932326072
21.82821646,1.3947217069330486,-1.1041382959000763,27.981589099805138
21.83826246,6.133758552362402,5.856153801487792,29.40772496220965
21.84830846,2.6131913850544537,1.5750249786699757,31.449863655629056
21.85835446,8.565371139651191,0.651063691786163,34.5119872572419
21.86840046,11.002842797046515,0.08364630491850102,33.424955307616706
21.87844646,10.348076402117194,-3.5535222805997675,30.95475493071311
21.88849346,9.767708800389961,-3.720015273610766,28.16452973964138
21.89853946,10.902647895031045,0.020858135458643564,30.14235086900755
21.90858546,7.4511293984463585,1.381319370343029,29.21313083621809
21.91863146,5.374124279836604,-2.2853711520697897,27.930246625573233
21.92867746,1.5757182410589248,-4.039299198458568,24.811948429817342
21.93872346,2.0076696132141416,-2.983028802399126,18.490150742977796
21.94876946,2.8042248739457833,1.9756986154347744,16.10712628451632
21.95881546,3.040424827849553,1.7861290884624383,22.540024297763416
21.96886146,0.325682980415799,2.2896319621288255,22.31852407963676
21.97890746,2.350644351454038,4.7071339088278,22.431095705403067
21.98895346,6.474248472833025,2.3504482797696755,27.509177416663412
21.99899946,7.232906933726631,1.7072928346759126,24.959430132524155
22.00904546,4.137689093564743,2.3770930135654487,20.867354262020292
22.01909246,3.4604568196322614,2.5140102018958537,21.906885582076434
22.02913846,1.9200130707238403,1.3073717724401344,21.23607966450403
22.03918446,2.0316293885408214,-0.26863895650893016,17.598108943523705
22.04923046,3.3355001245328757,-3.1838099676251543,17.387246629635364
22.05927646,7.6820027928678645,-2.146004829357372,19.65194021334679
22.06932246,7.622092296138563,0.8584005065840337,19.52730291639065
22.07936846,5.011217967200462,-1.031269779935212,19.06365920268204
22.08941446,7.149666941660316,1.231662757335725,16.431247687060026
22.09946046,8.706763887627869,0.2037242302926466,16.869556211208653
22.10950646,8.544169998684726,1.607719221475668,16.74069808714152
22.11955246,6.918575446569529,-2.6017334588806036,14.613615103168375
22.12959846,7.367063858582607,-0.1408470073157033,15.533976083927119
22.13964446,8.049432165176507,3.1846808142632432,16.157341727373193
22.14969146,8.295324663880747,0.7138756217655808,18.314180392358963
22.15973746,5.370949680213688,2.2631484190113813,13.154697869203092
22.16978346,6.449822443949589,0.7498333708084176,14.090459655968903
22.17982946,9.16330823730507,0.8486871591370593,18.016215518079136
22.18987546,5.705591383168486,-0.603617767645898,18.516079409263114
22.19992146,5.118908421860805,0.2058503331691089,15.376786029399117
22.20996746,4.751112777349428,2.7865343414957677,14.347821093987402
22.22001346,4.876597843867266,0.7228212723929395,16.134990798661946
22.23005946,3.551472934308266,-0.11346976464707058,13.22602257807885
22.24010546,5.39445727695131,-0.018919376283226652,12.98402890960011
22.25015146,6.7913165496158125,1.329722196765879,11.931862048137475
22.26019746,6.762158655993255,0.4204574537187402,14.11158815157981
22.27024346,3.928538874687588,0.2789435002860596,10.659147244618127
22.28028946,4.8289553766121,1.0371182161981498,10.405278037450625
22.29033546,3.598867805442219,1.656718231941109,7.536987127926211
22.30038246,4.307812072990131,2.536545296109741,6.9967753538445105
22.31042846,4.898779046833025,1.881509711140722,8.899281868060683
22.32047446,3.8557327639530614,1.5509614205691462,8.96075140683644
22.33052046,4.772872798545465,-0.8757554135672929,11.284148598568699
22.34056646,6.577037500259384,0.6686511873951281,12.928461494012936
22.35061246,3.143635077733011,0.3237897459541892,9.780611588806927
22.36065846,1.8063895955048062,1.5699255454422207,7.381531814413786
22.37070446,2.7258661001155047,1.1331010676602642,7.728088183525323
22.38075046,3.204682227635824,-0.882599762392996,9.181221436181824
22.39079646,2.893736531983388,1.503435228159198,6.671373721360448
22.40084246,5.818189259786186,1.8718342009103246,5.371118554975253
22.41088846,8.821500050306891,0.4206593737100273,8.80534541822543
22.42093446,7.371717496514211,-0.7686957648647318,7.750750912735038
22.43098046,5.388163888322294,-0.07652705762339754,4.993933480166767
22.44102746,9.213641020666385,2.844891015129156,9.101765965064311
22.45107346,7.66944727045271,4.635402376357307,10.508639960666613
22.46111946,4.846439597579486,2.6510492952473728,8.293494946514883
22.47116546,5.170694627757314,0.3366278862198788,10.476130949914314
22.48121146,8.084308706716158,2.7152315173369055,8.201167950002775
22.49125737,4.06650697072137,0.3547521365138524,4.4823779857220725
22.50130338,4.467032975697273,-2.570375578186905,3.75892008943748
22.51134938,5.101289377966387,1.983152205609415,2.94377978160583
22.52139538,1.9478437446594479,-1.1809362980791864,4.752559349150297
22.53144138,1.5211402585685183,-1.209078799674965,4.735341031579345
22.54148738,4.749723079028732,3.3818461407663234,5.075425110429653
22.55153338,3.5782574442102586,0.3733947590642362,7.871291965230441
22.56157938,1.7936715931218539,-0.04630457292161849,4.839768738968443
22.57162538,1.6814565098167649,2.680311661790627,1.2734192902480976
22.58167138,3.4077595588341594,0.2800224268050938,4.605515357797603
22.59171837,5.177527717137351,0.41285674956369467,5.6690139486336175
22.60176437,3.939424355442818,0.38090310715511366,4.856514529482423
22.61181038,4.662734272558994,-0.6627229983476821,6.1833687295459185
22.62185638,4.868798499497009,0.2103736070602447,6.712560083897743
22.63190238,3.6594039636895723,0.7666460150137278,5.0278481743808285
22.64194838,3.7953166856875034,-1.253823549175009,5.885932108652227
22.65199438,5.3743115033998,0.3370656167225214,5.322749927331877
22.66204038,4.027280437186067,0.36427497507836937,4.913534532266924
22.67208638,5.838277505994656,0.46680014198094993,6.785543803506286
22.68213238,4.271315212458487,0.4895776846184204,7.17118426506654
22.69217838,3.82140735972052,1.74276098081108,4.095454836777385
22.70222437,4.801792828787066,1.273860693046043,3.5276862959143322
22.71227037,4.425060025622559,-0.7107381513837717,5.065230446283149
22.72231638,4.867102977245368,-0.41334079372048,4.465539091872971
22.73236238,4.339547613171806,0.7195247787374134,4.268560408091767
22.74240938,3.713014013480475,-0.13343798351801708,4.51974068510151
22.75245538,3.4768213785330775,0.8234283034871336,4.882925321030774
22.76250138,2.3016047030563302,0.1753233990905875,3.9954924245755876
22.77254738,2.817910986515864,0.279511650454701,5.792850559904396
22.78259338,2.290068907548406,0.23661319137542042,5.317505978957577
22.79263938,2.176754346725169,-0.6531552232669051,4.286838777432041
22.80268538,2.8080203726097928,-0.5899350679457666,4.634600806971649
22.81273137,3.738127348020775,0.6486174392296079,4.727632479898243
22.82277737,2.1072380129953823,0.33589289310330067,4.697025849780669
22.83282338,1.5490373149129175,-0.5767496513832591,3.593352863986735
22.84286938,2.789460699394244,0.4799426665099898,3.6801420678722154
22.85291538,2.9632659519617373,0.8519461494560279,4.650726813198333
22.86296138,2.631506367210312,-0.5725436960317791,5.598127512075585
22.87300738,4.395614601092551,1.5989867082546436,5.331849588845936
22.88305338,2.5674606705544774,0.7308026187165707,5.035394760882427
22.89309938,3.4531051973295845,-0.872439589892939,6.2299337556311185
22.90314638,4.230627405528711,0.9245035569076533,5.528010388823479
22.91319237,3.1551092957861573,0.3961504291067446,5.041746946784173
22.92323837,3.6222659002642743,-0.888151071538025,7.010967283989295
22.93328438,3.2422747625472343,1.7851424776448999,4.008192243052152
22.94333038,3.378350000284465,0.3330718447909788,4.874270400148934
22.95337638,3.050439034997934,-0.6913022334391917,5.748982686950617
22.96342238,4.56737904557878,0.01908143372609906,5.572826279223548
22.97346838,3.5264029521925018,0.043337491754866335,5.708480914820067
22.98351438,2.68345695858051,-1.517416194228291,5.199123980393817
22.99356038,4.354062548718881,-0.7074619215895297,5.324640269456626
23.00360638,4.536266493610854,0.10131610738587532,5.601420974896697
23.01365238,3.0807370630781556,0.04257770450157838,4.863252834303061
23.02369838,1.8602923252638455,0.07168474529054485,2.5516834288573444
23.03374437,3.555407029571276,0.2539618339959009,4.442957155066121
23.04379037,4.718066829627137,0.4646480305694136,6.613159837137136
23.05383638,2.552738724347556,0.6718802981860528,4.300296958523598
23.06388338,2.7390167369512004,-0.46605726913332374,5.680347332284013
23.07392938,4.431509670228859,1.2211430900538676,5.419716253608271
23.08397538,3.811646594719449,0.8219080964994274,6.836485236617515
23.09402138,1.7903093303755815,-1.9006507022957004,4.985829515083678
23.10406738,3.6530440499594428,-0.9777753450564513,7.3597904986676745
23.11411338,3.7656184526116294,-0.018340649580544596,6.35777466203236
23.12415938,2.7327305116171,-0.9089871049344029,6.434531332663822
23.13420537,1.4619203222102528,-1.156128313399381,3.5667178886937614
23.14425137,3.238014245455025,0.5271653096331117,4.469768969876668
23.15429738,1.6147769857590681,0.17402241486670816,6.9839914943320665
23.16434338,-0.5814185015517508,-2.684378253725237,3.0155178223347354
23.17438938,1.5097786439341092,-1.234847521379275,3.8917638232184686
23.18443538,3.470335781644255,-2.3728063255642717,6.848617365778373
23.19448138,3.151778580358831,1.4975131408835232,5.222767964322154
23.20452738,-0.596591717204356,0.6454613589779173,1.2767638321204375
23.21457338,3.103536976692576,-1.8705561824416714,8.599658089858426
23.22461938,5.007804892146085,2.1180571567480833,6.206411410819737
23.23466638,0.9906623575614076,1.1894298212387067,2.715219067409171
23.24471237,4.482794452880978,-2.7386076934984107,6.943855428698081
23.25475837,4.224162331617235,2.611706795042344,6.050068520379812
23.26480438,1.5087738240983943,2.6409441087734686,4.371818483909896
23.27485038,0.20888262539219338,-1.1745732920151832,4.164491638574731
23.28489638,1.8976855177840797,0.1316749676062281,5.526670519013097
23.29494238,4.9819094004943505,1.5028824180559264,6.702722286583251
23.30498838,2.6237745831464494,1.1084224897869086,5.529894782783124
23.31503438,1.3549890865417877,-0.27762879240804755,3.590235075636622
23.32508038,4.180712509838171,-0.9463687560740808,6.695385189447126
23.33512638,3.2825340505552174,-0.2917450670777964,4.968034165852531
23.34517238,2.6295254829965597,-0.2348307890097816,1.9635413761238931
23.35521837,5.334653213958608,-1.8206910372712937,4.942359598985206
23.36526437,4.912441887751641,-0.09044816923557189,6.164332142328472
23.37531038,3.109504533173126,0.28368009863292754,5.250021029919638
23.38535638,3.1224991122997534,-0.9847540996871811,6.288409300105885
23.39540238,3.1710054223604387,1.2709026425357153,5.387753814000336
23.40544938,2.485073705968361,0.9515240188004048,4.727859763070942
23.41549538,2.725329205481368,-1.211603940614854,5.938677235793514
23.42554138,2.13368337766444,0.22468737193809676,3.373243659573003
23.43558738,3.4467624258356713,0.5863405930425497,3.565510928638684
23.44563338,3.464444889263909,-0.7452987645211339,4.082935088517512
23.45567937,3.699103510409558,-0.19569921932225792,3.525279120030976
23.46572537,3.956515294990322,-1.1248436378951792,4.680201989460648
23.47577138,4.126891887527794,-1.4825753444238274,5.887087946942726
23.48581713,3.7199222314539666,-0.8429084556764218,5.276382092570859
23.49586313,2.9709154332345906,-0.733247979766072,4.190316215300165
23.50590913,3.7338381909799283,-0.6859935362625463,4.8277199769321335
23.51595512,4.12026220071958,-0.3424721910292291,5.726298738922891
23.52600112,3.0091866172280803,0.07601187350259707,4.334425328973191
23.53604713,3.781043587324896,0.42199813008018755,4.805588549220765
23.54609313,3.8539836982170987,-0.29372693285165624,5.058988212873535
23.55613913,3.9605315298655386,-0.31632864795081167,4.317618621608623
23.56618613,4.008101367259041,-0.2710822464596453,3.699820562793839
23.57623213,5.012092648839954,-0.24937870639074436,5.147163678901585
23.58627813,4.066824525035808,-0.5602288802197642,4.517008036132267
23.59632413,4.177677134573308,0.011649602112222091,3.7192345313037247
23.60637013,4.7160548142481,0.16789075835310294,4.267102206247958
23.61641613,4.002551211795414,0.14523191353769063,4.020274419079251
23.62646212,3.950961731897095,-0.8444462645273366,4.343279671158039
23.63650812,4.957131496654513,0.1550281446441708,4.688337056924437
23.64655413,3.805658073333337,-0.024317140380703695,3.8597739967042273
23.65660013,4.463227824854034,-0.08117715166561215,3.3227878422642343
23.66664613,5.8493671761768535,-0.37734837932370063,5.603692114533009
23.67669213,5.611782785618863,-0.009394497104340184,4.8055555938910945
23.68673813,4.761228807708738,-0.06097113857687675,3.223243223912543
23.69678413,4.568737377467922,-1.1883719536256425,2.9775727410763873
23.70683013,6.8224277961121205,0.20129010492313454,4.735151855460295
23.71687713,6.14607607707102,0.1275744483538707,4.459150777761014
23.72692312,5.798639418385679,-0.5213290889606109,4.201836741542367
23.73696912,5.9528650441149376,-0.5720491681484952,4.736738910826714
23.74701513,4.959870748620755,-0.3384071705898693,3.3968867113221073
23.75706113,5.26628745184365,0.18028780807881595,3.2454920541697607
23.76710713,6.200445278637617,-0.6626268380074776,4.863321159074253
23.77715313,5.588513731550473,-0.6750631761366129,4.278181771910555
23.78719913,4.0549589574881075,-0.30031954388956483,1.7200082648324315
23.79724513,5.923884377332361,-0.9169749535480674,2.9812502399362506
23.80729113,6.2447288751528545,0.6579388808593769,3.790979909984683
23.81733713,5.168031239490815,-0.49782421603101007,3.1741182964839036
23.82738313,5.1239552625675095,-0.6993325495308612,2.501027625082083
23.83742912,5.57897435253824,1.2363992779269006,2.4875096247078132
23.84747512,6.159987949560821,-0.7274434111218873,4.605440591642026
23.85752112,5.264056550561261,-1.602335364383246,3.6872996470806867
23.86756713,5.427049944396419,0.5186289571135861,2.453388064792501
23.87761413,4.726316880094801,-1.5997065344962007,2.8226168101293805
23.88766013,5.205229516703628,-1.0431778944517471,2.68666388574691
23.89770613,4.685896361325391,0.6738086231047672,1.9654652796726064
23.90775213,3.718121005519499,-2.8703016776469217,3.109483091287415
23.91779813,3.47013210830922,-0.7833905022500681,0.8668158044141968
23.92784413,3.62871433687792,0.9039251203557362,-0.30867339211567923
23.93789013,5.079060642706914,-1.733284324820088,3.047857843981965
23.94793612,3.706859783526335,-2.4680406009507747,2.2185379728021375
23.95798212,2.654340444776717,-1.9946276375702032,0.35309754133906235
23.96802813,4.960038585898802,-0.525853788530642,0.012313478600916805
23.97807413,7.029337690612698,1.1782367620058214,2.6610523383577633
23.98812013,6.392857398788598,-2.1176113985743603,4.345501186690026
23.99816613,6.583081480877692,0.04955808866904017,3.6259822574658562
24.00821213,6.5080531190097615,-1.0751665503834444,5.817159183153727
24.01825813,8.491773587359301,0.012417450213743441,6.473604562393977
24.02830513,5.2384704996426965,-1.8738662711411944,3.385580543225416
24.03835113,4.965755270874117,-1.3912199401598722,2.00014406155552
24.04839713,5.181816758380588,-1.8066897753768485,3.0747860704268697
24.05844312,5.820346251327996,-1.3466451808980506,5.568210281623735
24.06848912,3.7114420714912892,-1.5119859673779232,3.150935803957354
24.07853513,2.63837106273744,0.6053295080123228,-1.0777767146117188
24.08858113,4.864952298282583,-2.793102090514774,1.904301734856995
24.09862713,4.87123070067998,-3.586589149944581,4.352713066627878
24.10867313,4.777124357102616,-6.083959514408935,2.2989129700634723
24.11871913,8.307301798479411,-2.499544326052704,8.70286599323656
24.12876513,6.337217152333682,-3.2554862618673694,11.640954590208889
24.13881113,2.302887797504077,-4.006353648894045,7.777845289473234
24.14885713,2.381115198984642,-7.057726676183348,5.636856524799571
24.15890313,9.041880438532337,-3.7986428450725147,14.891335179430666
24.16894912,5.48373679143587,-3.342799710105474,10.112900766898537
24.17899512,3.202706105110515,-6.596405494757949,10.319935379094737
24.18904213,5.2660766639359995,-4.566164658972038,10.026956854407175
24.19908813,6.715058864742455,-2.2334949160570625,11.58477349556027
24.20913413,4.641077777775973,-5.438450444352242,10.436639980634991
24.21918013,3.5237287972178137,-4.7159566863993305,10.704688908366002
24.22922613,2.5422534368908867,-2.9905532211843524,10.518242324958663
24.23927213,1.5080130271936698,-4.182225286867185,12.90676626046029
24.24931813,2.2180889595033544,-6.348149012394984,13.770729066952738
24.25936413,4.452617991458718,-1.6485608244174772,15.49785734754569
24.26941012,0.5888232853127434,-4.449406222290119,11.184840501876907
24.27945612,5.131198776174086,-5.453846080310707,18.264436795073475
24.28950213,4.571639506953331,-3.318512870107307,22.63959967443067
24.29954813,-1.928652195781575,-2.0350845589567106,21.623923795242092
24.30959413,-3.2136126330442085,-3.1428552906255294,21.332803356124916
24.31964013,1.9343134938487145,-2.5641066726703965,19.832804669317532
24.32968613,5.336894676748263,-2.323752108961608,20.901057788049627
24.33973213,0.2752344598917464,-4.037134879194174,15.33301294447041
24.34977813,0.08687496764477062,-2.5122682694683363,17.793098475890105
24.35982413,-0.12174449352636164,-2.642629222989265,23.562866558043368
24.36987113,-3.833833859886937,-3.8612603801427507,21.62337550892906
24.37991712,-0.16963420762928408,-2.978800249863756,19.244398919596183
24.38996312,-0.11426865627660918,-3.7519061989486353,21.31201247608069
24.40000913,0.8632013018673681,-4.442921358740206,24.75478036430428
24.41005513,-0.24626787985174176,-6.14734739321818,25.00810265606
24.42010113,0.4723396030746639,-5.055397545777072,24.619027245018444
24.43014713,1.6313268624049884,-5.788241895048908,30.552203045433856
24.44019313,3.4913158901939756,-2.5603458548174727,29.994893332881357
24.45023913,2.5796701302567566,0.4760129862669098,25.373356152571674
24.46028513,1.791106637040568,-2.885089327966096,28.53259273870023
24.47033113,1.481703154501977,-4.487532441781715,27.72452061830826
24.48037713,0.9899525218931268,-3.7287973553253515,28.79318432505142
24.49042333,0.5896502922947278,-1.3679313549355012,28.655796836468163
24.50046933,-2.0207922234770583,-2.30762639320647,27.014132785125824
24.51051533,-0.1136704706204449,-1.790878501915245,29.652448017376713
24.52056133,-0.5807309704233553,-0.23245714072906,29.309177902985528
24.53060733,-1.0965544685028388,-4.24029089812797,32.95868218998553
24.54065333,2.412896245247026,-6.210850543608525,33.53524798743368
24.55069933,6.052074620232415,-3.4970946570994688,33.56527180439889
24.56074633,8.680263096757557,-3.0108869339988895,39.79445822664128
24.57079233,6.486783911980888,-4.66832454391918,39.31344127278327
24.58083833,11.077360274708626,0.019648082464366154,33.72764759149848
24.59088433,4.940991849889516,0.6052009353251578,35.239596638481046
24.60093033,5.122989023094128,1.5402836759151102,36.16105407479941
24.61097633,0.8449563155006059,-1.5870890756928264,36.51532090023509
24.62102233,1.9318309671883578,-0.9723257941681805,34.53591567411778
24.63106833,-2.6092196022975003,-2.2050150822907293,36.037577381772685
24.64111433,6.242805117044154,-3.1160218056942908,38.633216321303266
24.65116033,3.7279565595498827,-1.3489507577267847,37.25621364514672
24.66120633,-1.3195220520863291,-4.112734800907951,36.14553342580519
24.67125233,2.264653929913391,-5.15714483764771,37.9906230779233
24.68129833,4.034021197723673,-3.555877652425915,34.03553279248126
24.69134433,1.3124177213754762,-5.521423724168421,38.00473775497476
24.70139033,1.9486628200043297,-2.105294973568854,35.11907144426082
24.71143633,1.49926542464892,-2.1151662654262466,36.80943814929366
24.72148233,-0.011247445808798403,-2.2115950419755146,37.36793786371991
24.73152833,2.015092675489578,-2.5678959854869863,39.03508094981237
24.74157433,1.5932070170777466,-0.45939256508687426,36.566643070870406
24.75162033,-1.7931541426938702,-1.2812602899479375,34.65733869658939
24.76166733,4.607608629725674,-1.1112189352204294,39.122704511070324
24.77171333,3.0117838453899473,-0.6556419420918572,37.65718001134569
24.78175933,3.0491455840285275,0.5100215000627427,34.520119606722666
24.79180533,3.7692297010592934,-0.8942961742903137,38.64991771918119
24.80185133,5.979280599914612,0.8338436957165646,39.75728648016516
24.81189733,4.177656326917263,-0.8207871565691574,38.27032616084969
24.82194333,7.009838863944695,-1.4676929646360737,36.81545820590155
24.83198933,6.51853096020274,-2.037489512260941,39.436552814596006
24.84203533,6.55693860329159,-1.0314722116427795,41.98414572485051
24.85208133,3.6559492585598075,-1.125847540058185,38.865267408758314
24.86212733,3.5050164796319665,-2.44354657000374,35.285730003696536
24.87217333,5.484729683988072,-3.988394616115839,38.58163835899699
24.88221933,6.5631393173440316,-1.1083700388092654,37.19185129421015
24.89226533,1.249334996013924,-0.9182662003504025,35.309227062843675
24.90231133,3.308857891162618,-0.33709101365575134,35.164737370361465
24.91235733,4.390714873279866,-1.8461347742920744,35.95675176820508
24.92240333,4.510345356961236,0.3185015855623888,33.06252842518956
24.93244933,0.10821151637094062,0.7891197159315803,33.652541887254685
24.94249533,6.024857242925711,0.542720714363326,36.35846833306605
24.95254133,7.472376695266163,4.3624695754243055,34.29644801737462
24.96258833,2.35092046697417,0.29331288036983566,35.92360973864095
24.97263433,5.512811726401051,-0.5698211526751028,35.354699195465045
24.98268033,5.615012727050716,2.3610730032590763,32.96527169079887
24.99272633,5.58282711744669,-0.7190080864364983,35.77805575051687
25.00277233,4.574872022922457,-0.465534643853011,29.064922695694044
25.01281833,5.842024729235104,0.5778930554374285,30.063974840402402
25.02286433,5.1996827236204,2.6343701238072392,25.834631809924552
25.03291033,-0.25341586995029797,0.8001434649212132,22.661681880459753
25.04295633,-0.323798386843443,-4.297951615625875,28.109014300106352
25.05300233,-0.4684772025733435,-1.9891836559109148,25.27790706410401
25.06304833,0.05647996815304445,6.320172667685876,16.673436795470725
25.07309433,1.868332176114388,4.302223371036202,23.220656345982903
25.08314033,-0.9329222443304837,5.199146798603251,24.325023289726875
25.09318633,-1.7489461260355172,5.907857817406713,18.69313598821338
25.10323233,3.397802701556997,8.635779231092556,19.09436373073052
25.11327833,1.4136495353827734,6.009623706745113,18.096006948526416
25.12332433,8.20982857601564,2.883256448478963,24.519422821896285
25.13337033,10.811624884080148,6.305696245940052,26.35811484683986
25.14341633,4.794298651322089,8.672638109285696,17.771207581221518
25.15346333,4.426252725786917,3.4979572201260147,16.3166273813657
25.16350933,5.250412234740694,3.167525032241024,17.07502632513362
25.17355533,2.5127281476948027,5.310575524223859,11.245069968973517
25.18360133,4.708214773813941,0.878913465458522,11.346110338213675
25.19364733,8.092719017164322,-0.4750182003787015,18.74299632946413
25.20369333,8.237259026419176,0.27132523321087354,12.516960135986539
25.21373933,16.68880136306974,4.508546229204653,7.478758772476068
25.22378533,24.768248766954613,0.0727210056752038,12.103566282252933
25.23383133,21.402102616215323,0.06228703956067135,15.634162222293744
25.24387733,4.734191641892421,9.529551443248302,3.364462531847776
25.25392333,1.0759689644313153,4.904710063988281,6.968168133121992
25.26396933,-2.832216861919776,0.568613111873388,10.090833784322955
25.27401533,-3.0906310581417205,5.3653685303144645,0.19377813946343658
25.28406133,-0.37869003800332274,2.1555408112405035,-1.4762105902364184
25.29410733,7.441151992563933,-0.9536319234574065,2.043173023068472
25.30415333,4.133142203261527,1.3677210968789697,-2.064615915852438
25.31419933,3.1350559088670997,4.082183039714098,-1.0000344805718644
25.32424533,1.6674126807437035,5.922392423524065,-0.5474338650918216
25.33429233,1.3078171080447898,8.919672666155156,-1.2550410338101576
25.34433833,-0.2569127369344662,4.803213308737761,-3.9367044219676988
25.35438433,4.774749571738727,3.34128017048403,-4.264571401681045
25.36443033,8.110759271440562,1.558530333683229,-4.887219640441267
25.37447633,5.689615003478472,0.3710442396290911,-9.128593477020441
25.38452233,7.981938204116552,1.006305210455843,-8.4260333723997
25.39456833,9.02458753847284,4.074848337770169,-1.6333027381521918
25.40461433,9.246580152982256,5.585328461066123,0.2503214857505518
25.41466033,6.554639221214028,2.690885858856166,-1.5605071027406063
25.42470633,3.252478794148129,-0.9970720779108314,-6.861765467759696
25.43475233,11.27565931611435,-1.8035820890646932,0.6940939769173412
25.44479833,8.881437377487687,-0.6047474149989801,-0.8668992322188227
25.45484433,4.04831911833694,0.08020254183803378,-12.86655898052313
25.46489033,8.576650368564696,-5.648346522343447,-5.603732401861446
25.47493633,12.69798631708081,-1.4202291988800892,-1.8896501974660982
25.48498196,8.96121726023629,-2.6113186398550887,-7.005925628703209
25.49502796,9.256696063906938,-5.3574575058276,-5.95005733358607
25.50507496,11.685785327637545,3.992295338674354,-7.27764180689911
25.51512096,10.574328115693088,4.277416637806538,-0.7033696555616462
25.52516696,3.9878237156931466,-1.1391436566901487,-4.006552294370578
25.53521296,5.112759638337744,-1.7645488780178287,-5.778241527603952
25.54525896,4.967456319806469,-2.2548539862542754,-1.1026262407662262
25.55530496,1.4309023685020015,2.134974932290733,-7.26581095141907
25.56535096,2.72206307684225,0.10767992642163503,-10.100237430747072
25.57539696,4.828052992407742,-4.2039929075578435,-7.292688132037479
25.58544296,3.1185155444525217,-0.8888782779155384,-9.333921722832219
25.59548896,1.3054051311923793,1.6954214430697772,-8.611145236578052
25.60553496,4.532346662480927,1.410982534375463,-5.4378660297913735
25.61558096,5.724183404677273,-1.1506354301646438,-8.269582748144318
25.62562696,1.9814855036253947,-1.3471599825278955,-10.366310999561533
25.63567296,5.384557637718773,2.454957984963541,-5.912414068184655
25.64571896,8.42110492040246,1.5135334953665227,-2.3281503795190623
25.65576496,6.160230658704067,0.8515208027644583,-3.22014856242794
25.66581096,0.7403266207073369,-3.296571243537555,-7.490371321728897
25.67585696,4.393943621780218,-2.5103377974279604,-11.025504542389402
25.68590396,5.20481642618013,-2.901719139740004,-7.407819032318015
25.69594996,6.132958101671091,-4.921903408265385,-0.4104603000564039
25.70599596,7.891597385976962,-2.790519620468239,-4.061610627323345
25.71604196,1.4738039172493138,-0.969717016594511,-7.118320931054919
25.72608796,8.00463174331597,-1.9636685894027086,0.4119711493854038
25.73613396,11.346699521527581,-1.7399960123672675,0.8595906611556026
25.74617996,1.9591764916348033,-2.9548418680982618,-3.1300997889081836
25.75622596,8.755770263146285,-4.232554354908327,-2.428664222255864
25.76627196,8.882924926565076,0.21947496234586497,-0.6120933346854502
25.77631796,7.244459381039531,-2.407801809230777,1.567996408655206
25.78636396,4.584070110700141,-2.8714161812097747,-4.626080422820593
25.79640996,6.964150031584504,-3.2251544870206112,-4.450999156849367
25.80645596,6.916454395606849,-0.7297419492368874,3.8575801180479194
25.81650196,3.6653773152687905,0.728584633577529,-5.621732618878438
25.82654796,3.9849625597438405,-1.459935631024851,-5.299233770246284
25.83659396,6.547246491991765,-2.0203333201363667,-3.084043144618941
25.84663996,3.37357612459995,2.919495941315004,-7.561773884986174
25.85668596,3.345573015267359,1.2020784475806903,-3.0673362995544036
25.86673196,4.7537378716908,-0.49042315441318035,-2.178448334795332
25.87677796,3.4467190796059657,-0.8335225690930677,-3.9794879006379063
25.88682396,2.394396292273994,-1.0380903747364847,-2.9219768345053616
25.89686996,1.0329211730956895,0.6324048686632273,-0.8232349269910157
25.90691696,2.238067501591762,-0.8762795761805763,-0.16734910976767425
25.91696296,-0.9412752609342905,-0.9293599475810185,-4.202067564617687
25.92700896,0.3771140610376152,-3.3670310720168635,-1.8183070057665662
25.93705496,2.5908186116625966,-1.0614083613299776,0.6732098808157897
25.94710096,-0.5275362410338389,0.47735933992637514,-3.9515685365533204
25.95714696,-2.2963306817306446,-5.645462371617036,-5.437826853737378
25.96719296,3.265820748463101,-3.529227457382488,-5.584640620769882
25.97723896,2.9692722290744085,-2.0931256049679092,-6.159772044553143
25.98728496,1.1138715675633217,-1.3891481978525952,-3.6110940575077706
25.99733096,0.43817823396449973,-4.416887908587067,-5.015481488340383
26.00737696,10.35628894454132,-4.04823743414974,6.161086621452286
26.01742296,6.0509409936627,-4.47018058990659,9.438934415768257
26.02746896,7.314519353826351,1.9777354999797787,6.037021933164573
26.03751496,4.608036898619142,-2.824619883630004,2.897911876061481
26.04756096,7.671401152520951,0.7314138561359788,2.708883544178281
26.05760696,4.062722671565948,5.719993915489255,-5.181192341160619
26.06765296,4.266549379467544,1.4369236572169832,-2.7194872024271453
26.07769896,3.6044077897316376,-2.150286320922406,-0.08485363012694505
26.08774496,5.571670264518331,2.172526543191356,-2.0846084079670675
26.09779096,4.0806443922020605,-2.9140018853935,4.132246070390423
26.10783696,6.2799214077011865,-4.1461333372180125,6.731547467035499
26.11788396,4.1004899844451295,-4.211776656740023,5.451657649271426
26.12792996,2.4595930957145393,-0.5486282919075345,0.9267356870285359
26.13797596,0.2425802905233984,-2.638833052757156,-0.8281218681728427
26.14802196,4.511090236334131,-2.232066539405101,4.662110022723343
26.15806796,0.10309925122952522,-5.4498591069715925,1.423977382584683
26.16811396,-0.40811787048762294,-2.694674664790083,-3.6249927322093587
26.17815996,2.3146717161720347,-3.1264303408917327,2.664122143999111
26.18820596,2.118948129462244,-2.0733376555064984,3.840994004740046
26.19825196,-2.8854853090309573,-4.989650045602738,1.3941530871418686
26.20829796,0.2803974075323,-2.8939879926368826,3.9963762788828077
26.21834396,0.8254297762635541,0.7662829915177993,6.8994680179703165
26.22838996,-2.6142771669288596,-0.22358403291057774,4.182097093979228
26.23843596,-1.8764696964327798,0.016813546316190604,0.37745803139506723
26.24848196,1.5696788022679413,-0.1998559200065649,5.785033387221995
26.25852796,-0.9154319292295912,-1.068547397402406,8.143478947463118
26.26857396,-2.2410068448880778,-1.2612160089463378,3.8476925952694945
26.27861996,1.1466574325876777,-2.1381063636169197,5.975475618373214
26.28866596,-0.8589885576004263,-3.3233260807540055,6.498039718584009
26.29871196,2.952685636653898,-2.331860701645448,7.163835699928864
26.30875796,2.0239576358161475,-4.194442971862016,7.710036449940592
26.31880496,0.5021995552337718,-1.3885471584829485,5.874871611217723
26.32885096,1.457186265129774,-2.117950148370457,7.344447555701727
26.33889696,0.2929793601654778,-6.711570357944737,9.127048771873826
26.34894296,-0.8076275500759948,-5.652760260885698,8.189674203289059
26.35898896,3.960216801788949,-4.368849258006819,10.27025347300649
26.36903496,-2.773071572640403,-8.008199929794836,9.212791998470632
26.37908096,-3.264424489608788,-7.0641610599572635,9.271462476590443
26.38912696,-0.515449458131961,-2.9226963944024895,9.546208129675989
26.39917296,-5.169844894199612,-6.212686329161266,8.907241693359198
26.40921896,-0.36195505573639203,-5.7804507240683005,9.88976629138056
26.41926496,1.6251112591024488,-2.208359346316581,12.174216255912047
26.42931096,0.6474449080440764,-1.0169241139124234,13.702827558630773
26.43935696,3.6632923685491283,-1.1639313899533315,16.420930960697692
26.44940296,-0.861907037913759,1.9709336270794469,18.00301434466763
26.45944896,-4.296124258717339,7.477103736562075,21.235378624566337
26.46949496,-6.7823358452371805,10.491383338065814,16.305016006817695
26.47954096,0.17490382635629184,3.183722080469958,15.822698857883085
26.48958746,5.423201350774478,-0.18019980799933655,15.072950297687601
26.49963346,6.97824699472942,-1.665348245077948,16.515281599957106
26.50967946,4.689625511111006,-3.3930321237513836,17.4522295743689
26.51972546,6.814615092709956,-3.988291157533784,20.42201549481529
26.52977146,6.986645905297607,-3.3039767265907174,19.188973102691804
26.53981746,7.027847419652539,1.736358816904551,15.923682064330109
26.54986446,6.66271039440176,-0.5174390450952333,15.500578269678671
26.55991046,3.9162097909107727,-8.015048275474504,18.87396409997281
26.56995646,2.302175258403067,-8.740099363940315,16.49228360213823
26.58000246,3.294815621200448,-4.486916184919147,11.208166003818215
26.59004846,3.281820459197127,-3.8975171076091137,13.492046921743187
26.60009446,4.942760506336195,-2.905782821170105,16.118711932553865
26.61014046,5.944473800121112,-1.3681202721245,19.787189174317867
26.62018646,4.015166561259291,-2.1585338673017125,20.085958421220756
26.63023246,1.5762197360528942,-2.9329016929722425,16.352996293650016
26.64027846,0.6272343167650067,-3.1820259828957944,17.22998300396307
26.65032446,-2.7619547250073198,0.795351943930295,22.734583826399817
26.66037046,-10.045525194769828,2.407148028888208,24.911890928267287
26.67041646,-8.894312355611513,3.2317783027400444,19.86351145785281
26.68046246,-3.097639082151001,0.2706910132802706,16.752807879990975
26.69050846,1.365177542832538,-2.040208764316831,18.612002272500952
26.70055446,0.18428823364853134,-2.019701505176248,15.143448110017466
26.71060046,-1.4053575916536363,1.286032250235817,11.743344923071795
26.72064646,1.9264246360015393,2.8197035426982464,19.930904273144677
26.73069246,1.9655297780994752,3.1958698811076793,21.212755414320128
26.74073846,2.0915147949036648,2.755127216159431,17.065082350784508
26.75078446,5.4534047559047645,-1.0346460927964756,20.803184191374527
26.76083046,12.162042848902479,-0.41141220732706074,26.648836815706385
26.77087646,8.314265308577655,-1.374083880576987,22.887438525027175
26.78092246,4.865250832589056,-3.739373317067437,18.251864862466967
26.79096846,6.592692333638067,-1.7817809692189581,19.550538996845834
26.80101546,7.809860874541993,-1.3608724851135334,22.550810922473726
26.81106146,5.316233673911906,-1.566593374889621,18.201534159349862
26.82110746,1.7821992866348182,-4.30224766622504,16.749416474651788
26.83115346,2.79194991394738,-6.189812953538828,19.374195958211047
26.84119946,5.468721299451868,-6.749640197531597,24.15239223885182
26.85124546,7.064846683251071,-1.3092791829606378,21.54178056640137
26.86129146,5.6630371221138525,-2.7827105976448134,23.436972811242946
26.87133746,5.6841419129248685,-3.311747408829397,25.1235606913857
26.88138346,3.995853669508814,-4.6495734286101165,26.88191480871773
26.89142946,2.4896732536481765,-4.0749724440779715,27.86133700637875
26.90147546,-3.413676336517503,-1.9383466960169524,21.82983679419536
26.91152146,-5.509835983732589,-2.2066014298630194,19.098847498514058
26.92156746,2.746304575003179,-2.4871737909194014,25.39514761615532
26.93161346,-1.4728577893299815,-0.1626266711374739,22.189284539916756
26.94165946,-1.350798457083064,-5.746936216737852,24.22179329457537
26.95170546,0.6182800654912425,-4.057592299136236,22.448504016191855
26.96175146,0.6229723364613232,-0.3954223066783341,22.66829411316509
26.97179746,-1.4160944152574986,-2.5867060937943114,24.666368443467263
26.98184346,-0.47987027359562007,-2.78757207723934,24.99886270865942
26.99188946,-0.6025598518182749,-4.968615842406175,24.519120900285273
27.00193546,0.5991079596255882,-6.261533667996431,26.231545239582672
27.01198146,-0.8096275532106635,-6.10782977763094,28.471465804648652
27.02202746,-1.8651561180774008,-5.544566733455122,27.001561356522895
27.03207346,-2.8331237554987205,0.07259730932877878,21.717081314305155
27.04211946,-5.22898006050792,-1.7261630740898148,23.574517084344464
27.05216546,-3.7815128412055894,-3.579985112207003,26.075597392829547
27.06221146,-6.501047697705935,-0.23654109051439123,21.386722977587286
27.07225746,3.048319318517078,-0.010365819911223153,24.71772492336408
27.08230346,1.2874958041395401,1.3650555077705755,31.320393494069148
27.09234946,-0.45838845664497335,-2.2172330387520707,30.873970438862095
27.10239546,0.08150836866991158,0.9831448241762004,25.571780762401325
27.11244146,2.540402857132432,0.7431203933282319,28.96280286746358
27.12248746,-1.4569214434555628,-6.59267405510721,34.12054402330605
27.13253446,-5.588618926600419,-6.48878731955736,29.746875821482803
27.14258046,-0.6665150986431305,-6.993051833239074,28.66503918472887
27.15262646,-1.769554132933483,-10.589958874318272,33.34710868267796
27.16267246,3.35987670475091,-6.410830485859648,29.550814928317983
27.17271846,0.9987588707450351,-5.854442501653151,29.371199977715445
27.18276446,1.3040804519527158,-2.7909022969508257,30.05272744422651
27.19281046,8.024043370005122,-3.8536715668132446,33.18883698973076
27.20285646,6.377147320873958,-4.370528673487369,33.74523067376904
27.21290246,6.56653324705241,-3.8826996856661373,35.311583856842354
27.22294846,2.107184373843778,-0.30647451487400623,34.853839872360965
27.23299446,1.6158050874755863,-0.4213104637857361,39.73306403824737
27.24304046,-8.610149486609759,-0.7718601383035736,40.52954884525412
27.25308646,-9.875685891202929,-5.540397229145117,36.18318315179637
27.26313246,-5.905815631105243,-8.82954890697956,38.55421098555145
27.27317846,-3.6051407042820633,-10.292408133859709,39.97257581137215
27.28322446,-10.428941743420946,-11.926138047898876,30.2759697571298
27.29327046,-6.327864595388474,-8.494846193105904,23.117268852616853
27.30331646,-2.070865557091242,-8.356791208637025,29.231132674896358
27.31336246,-5.0659479937434115,-8.525382519612702,34.100754875417024
27.32340846,-1.8936384121226586,-6.903409792452307,36.13284867833207
27.33345446,2.0727861361304867,-4.891146520121823,39.91413693556765
27.34350046,-0.5708978791227434,-1.906137639141569,39.52075398352585
27.35354646,-6.0243204326990885,-0.23528057380536002,35.9424717793985
27.36359246,-3.0048259274459133,0.6670949629340673,36.69087682004002
27.37363846,-6.958124245677213,0.8378143207055284,35.799407395311775
27.38368446,-5.2781739458634656,-2.9252237770105527,34.84510569389161
27.39373046,-0.2864207681593503,-3.6386785200084737,34.733297550060016
27.40377646,2.8453418605043828,-1.9686202507491313,37.93580391302741
27.41382246,-0.9005663844802941,-0.5392719581890195,34.28172358757398
27.42386846,-1.4005122015872569,0.5073047956752214,30.22579002735261
27.43391446,3.3714537440186816,-0.7612001107136813,38.14645903773436
27.44396046,-1.7040881785511097,-1.2061376970471542,39.037694700263
27.45400646,-1.2623568783689059,0.2926811787509402,35.126376255984766
27.46405246,-1.759544024104924,0.9499506961164713,33.599454612114755
27.47409846,-0.3289690306844918,-1.6423122939572856,36.6007623615096
27.48414446,-1.2804338084487017,0.7618815474066304,31.985078398862626
27.49419033,-0.6965181117024967,0.8480324978261798,30.370682196778667
27.50423633,-0.39555051374735856,-0.7134374560611344,33.109146876674075
27.51428233,-0.9001683014045593,1.4774371741581007,28.286084837185097
27.52432833,1.018788219092999,0.02372245979486251,30.504122423522116
27.53437433,-0.9756080104007043,-0.7521726479128997,31.30693184272571
27.54442033,-1.269064505890511,0.27881861580098966,26.550822998053697
27.55446733,-0.3760167447672528,2.1837188378943138,26.447786947095885
27.56451333,-0.7025526389733336,3.1020674419091754,28.610630616016866
27.57455933,-3.5699558815505705,3.1240821124710716,26.930686967110997
27.58460533,-6.372057933111718,3.1037137377797754,20.012053523421514
27.59465133,-1.5110503053149542,-0.055601668330094174,24.28183841364746
27.60469733,-4.298512964029077,2.050678554916269,23.263265357578113
27.61474333,-6.907472448887583,0.7688840485352059,16.841095525641293
27.62478933,-0.028116883177863834,1.6170681579327268,22.828318195210173
27.63483533,1.4959004482485139,3.5117291930893892,24.958347955001578
27.64488133,0.8562289208158095,0.3125350909349198,24.162842812193055
27.65492733,1.634385592808129,0.48190707955653,22.47376940567363
27.66497333,3.574658728665363,0.9118874249223812,22.58204931597339
27.67501933,3.759889528715401,2.6073978825250657,20.23077128644259
27.68506533,2.3156491106576986,2.2198102442855467,19.180553877512004
27.69511133,4.571975004216989,2.870388125362506,20.90498513718957
27.70515733,3.577517035444394,4.848202475515704,17.973500954298487
27.71520333,8.249942242874,7.441206778137519,18.250738751247404
27.72524933,7.147346183418089,5.117675141921562,18.137139992844986
27.73529533,9.027157207025702,3.439099373666869,21.8734306119176
27.74534133,7.340342704232478,4.923581009534355,18.348138653825718
27.75538733,7.123244284061086,4.838744789255528,17.191470799471745
27.76543333,5.747012379860503,2.9997696603825057,17.486237902986662
27.77547933,5.947118437725585,2.714809460893818,17.6800236987674
27.78552533,3.2746597679632354,2.401380554047608,13.292551806409083
27.79557133,4.628090732688681,0.8118005418469575,16.194632191475545
27.80561733,6.0176226913704545,2.5032038601769755,16.397404396671273
27.81566333,3.928308787502017,0.8939980932114726,13.632486703257062
27.82570933,3.651192509077045,-1.3486570667403788,11.12274631296991
27.83575533,8.52340277838256,0.6208807555735951,13.95039269995613
27.84580133,8.4677965905801,-1.0196526945649804,11.98303774699313
27.85584733,11.95887427135286,-0.8996204149659277,11.969031054047875
27.86589333,9.296757123098196,1.9459845398991937,11.154403765793429
27.87593933,6.573568581078655,3.8940989153357477,11.883491779096014
27.88598633,6.696702551137022,3.087252431585441,14.426797365536114
27.89603233,7.033265833063673,4.9773896974588325,10.85019501281414
27.90607833,7.888152906830163,3.291855449527892,10.770054208573287
27.91612433,7.6632277373125905,1.4174189403966972,11.050322937255649
27.92617033,7.637998659086522,3.3202944912067522,8.25515306038247
27.93621633,8.93034257333398,2.0082515715469618,8.673232642499348
27.94626233,11.786270946873456,3.6128919002007165,12.434828714427471
27.95630833,6.335712332070394,2.377996160185334,7.919597428188611
27.96635433,8.143334808782846,2.8160200011210033,5.260660964781672
27.97640033,12.474634416889165,4.480950335746875,9.506109108296727
27.98644633,8.150933751678199,2.1275113655874742,7.137286623049704
27.99649233,7.372067608741519,5.1707393364261645,1.3980095504402876
28.00653833,10.774200654653589,3.0044444219412574,7.33879179467873
28.01658433,10.777534632907285,0.4177879290045192,11.145033686809168
28.02663033,8.392810465527067,2.1276192934577955,5.147838317552807
28.03667633,9.578243226009702,1.0386333435067852,3.31371214911336
28.04672233,10.220432218834883,1.7979674334153617,6.476135890760338
28.05676833,8.195539600150791,2.7062571433908573,6.504486506820795
28.06681433,5.270556915364046,0.39533202777227927,2.2771687358022117
28.07686033,10.09466603990932,2.492443480126699,3.591893352095814
28.08690633,9.365283021863135,2.565143435286635,4.86905061937979
28.09695233,8.24734350714408,1.7263577813107467,4.491214298476363
28.10699833,9.456928248505404,3.05123354270129,5.097300983845872
28.11704433,10.369408878305046,3.895395366681502,3.734481764973438
28.12709033,11.217700408622305,2.377359389007134,3.2451200151428883
28.13713633,10.733727338390887,3.234308682133993,2.199999086015191
28.14718233,10.118768009402473,6.07530196611098,0.23894389550692008
28.15722833,9.62394890060918,3.080600115667116,1.6702651521842837
28.16727433,10.158850281516218,0.9906168051731378,1.349636022126842
28.17732033,9.867889435335151,2.7814485887092024,-0.03498181557918656
28.18736733,9.149382764997762,0.3598774393087249,0.08801227564581104
28.19741333,7.8588534963520615,0.9100620466671563,0.4032581650659772
28.20745933,5.414243660532874,3.223365059232491,-1.3425706694400288
28.21750533,4.833000129763839,-0.3305870217939535,-0.7234356689473187
28.22755133,6.276011314783654,0.9709340208293286,-1.6398662864306157
28.23759733,5.28017102024012,2.5514221602924483,-1.9876365063179753
28.24764333,4.291504921796859,-0.03230259488596282,-0.8991639924107123
28.25768933,6.595532135805934,1.6233900286996923,-2.3453370452876543
28.26773533,6.028490851303869,2.746930140499758,-4.358042029437854
28.27778133,5.805029344890149,0.4117266472914524,-2.743665659401443
28.28782733,6.770118155050546,0.2118895987311892,-2.4654305797435314
28.29787333,7.259179526814769,2.883115662426846,-4.942295727792328
28.30791933,8.147552868587505,2.4765115038990966,-4.112720543330933
28.31796533,7.705212343480829,0.9542733254951826,-3.7478588710153202
28.32801133,9.953942996744683,3.934851880074485,-3.4194509565956284
28.33805733,5.246005225637961,-0.6291210760731037,-5.549050094379048
28.34810333,10.335909128703348,0.3121909833364677,-1.1269154279728426
28.35814933,7.5908971888336625,5.525621117583759,-2.664970591015761
28.36819533,4.839076643198265,2.9945624045315524,-5.512884862547444
28.37824133,8.32908969767125,1.3659053747543495,-3.544664203032788
28.38828733,6.60390591918062,2.332128027128554,-5.417619311324274
28.39833333,6.646183586878301,-0.19618204295825434,-4.914335233748055
28.40837933,8.43424113114799,1.7024639860054938,-3.4421045555113565
28.41842533,7.342645860069976,1.8566159429081632,-4.889202919757652
28.42847133,8.198804674364663,1.65958829428275,-4.667709231910908
28.43851733,7.4561354161331055,0.36365572716653655,-3.4788240535962274
28.44856333,7.910626644069495,0.5584867381292199,-4.656545451889238
28.45860933,6.3514367998527,2.959005149684658,-7.077830762830597
28.46865533,5.388237492964471,-1.470274733477511,-6.1758394058804695
28.47870133,7.547902204100436,1.6580908618518675,-5.160451516240821
28.48874858,6.027143809221728,3.55455821243097,-5.495393852377254
28.49879458,2.926438656228685,-1.305931304031634,-7.392868710727996
28.50884058,6.860940085688327,0.381890043868287,-5.116908133356062
28.51888658,4.822576691209412,0.7012659299883125,-5.653626857780477
28.52893258,2.6438576400865124,-0.7566904570305948,-6.44008296307997
28.53897858,7.756784122570669,3.0720450573632303,-4.588660371480453
28.54902458,4.166932456511156,-1.3713518823029685,-5.96584131950376
28.55907058,4.9354281408933,-2.4082145214751676,-6.766453188815337
28.56911658,3.519130382126499,0.48534996881126147,-7.961180129960439
28.57916258,4.206211797149994,0.2700069892080529,-5.51792265041004
28.58920858,5.1815156732370875,-1.5153942823511894,-7.696849056706914
28.59925458,5.560784498927542,3.1432152891737046,-6.680182342382774
28.60930058,0.9971243098368338,-0.5234363412977094,-8.80471195833962
28.61934658,6.465724212341107,1.5940845381433721,-6.792450136973439
28.62939258,2.7027576285171104,-0.18163656664787595,-6.915900259603413
28.63943858,0.04899307124323143,0.3863508849659157,-9.793577374216198
28.64948458,5.493663129734348,3.539488892422287,-6.3804529557722836
28.65953058,1.382321489543699,0.6629799752114678,-7.984661944387299
28.66957658,5.495687923614081,0.8356683087678687,-7.362982071125941
28.67962258,2.429502562137043,-0.8012562475482129,-7.422280019494548
28.68966858,-0.6665304485531302,0.710076683550723,-9.59108939241305
28.69971458,3.4122861425235556,5.803042096549705,-10.323554654224814
28.70976058,5.726226668919087,2.329831944574366,-6.761843387764591
28.71980658,-1.0323074234540475,-2.151023045162659,-8.66744326404049
28.72985258,1.8050643704182943,0.8243276917736281,-9.71439621442792
28.73989858,5.2995239487382175,4.187987468957211,-4.777369218633641
28.74994458,-1.1877704213019453,-0.5902447488810991,-9.377649778330756
28.75999058,5.466233831769351,2.6543317129068047,-9.808657383171495
28.77003658,3.7423622418458287,4.342697857684759,-8.06201820943166
28.78008258,2.4729058816177223,0.4611863329803919,-8.634887928140923
28.79012858,7.263826629451124,-0.561143183220868,-6.983087423861855
28.80017558,3.9730678670758603,0.1349961583507128,-3.3317904570325916
28.81022158,-0.3132085351123166,0.2943489354929098,-8.793541039943499
28.82026758,3.8525841752412693,1.6668646311415503,-8.946360122404867
28.83031358,2.711952313592932,1.2852746679226634,-7.5685783729153675
28.84035958,-0.7835596390352503,0.5289303294971783,-7.770840983381963
28.85040558,-0.6167172118596196,0.3372955943289921,-8.270739632947937
28.86045158,-0.21804617925642097,-2.024142421537482,-10.412884088807633
28.87049758,6.232059079072149,0.7676710288960121,-9.087937454532831
28.88054358,1.663597194983895,2.5601448609305355,-8.230157469968965
28.89058958,-5.294294653853942,-1.2864931800396477,-12.551026345620958
28.90063558,10.535274367315022,1.0778403521783846,-3.3487508864977222
28.91068158,0.6385434072628885,0.5386315067523546,-5.496318193184114
28.92072758,-3.786143437311001,0.9831329512062597,-11.976786122368186
28.93077358,5.508036344344048,-0.8708609397165071,-7.323537136248029
28.94081958,0.9626635429876365,0.11042497479841061,-9.601183987535606
28.95086558,0.41467421108629093,-0.43669431285737537,-8.481499751573349
28.96091158,1.5611269035654176,-1.6538156763733383,-6.578638518940634
28.97095758,-0.3440556269308789,-0.11874832045808938,-6.407537834743463
28.98100358,-0.42871273186436165,2.596186081654032,-9.119746734868036
28.99104958,-0.22303547131503648,0.9888403627464949,-9.204906640141813
29.00109558,-2.08710036950928,1.354081583658618,-7.930193365609063
29.01114158,-0.015877429836030733,0.7699292714912197,-6.880636425152207
29.02118758,-2.1342654476168916,-2.2390966290939844,-8.66960986622404
29.03123358,-4.418145097476198,-1.542324108181227,-8.80495783247683
29.04127958,-3.7001708967914677,3.2023940252831506,-10.967240140221836
29.05132558,-3.1656499898172155,0.5546500015419898,-10.129579495424347
29.06137158,-3.92627253507539,-0.34765629512872315,-9.997536196869866
29.07141758,0.9587378898041934,0.8435438055194078,-7.8669633442767015
29.08146358,0.9865243974790231,-1.4570352017098707,-4.47587841296113
29.09150958,1.3149651568632712,-1.1086245391064484,-4.283752309153741
29.10155658,-3.1186053559666225,0.9205169077597145,-8.10617408071112
29.11160258,-4.739246935869791,-1.6734857911793874,-10.076682137659585
29.12164858,-4.40262094416171,0.7853691786037563,-11.1680013989175
29.13169458,-1.78239815785132,-0.821554738471541,-7.70690021901673
29.14174058,1.252152573997561,0.12602568123747915,-3.9721571830613804
29.15178658,-5.486615415904709,1.1184785437221478,-9.529897889875695
29.16183258,-5.961607920670767,1.483129502662632,-9.143372462185964
29.17187858,-4.6872627763739745,-0.18906352197793855,-8.369599931438303
29.18192458,-0.5960366482376046,1.1922853069833068,-8.234139120155984
29.19197058,-4.487131877061847,0.4266963979592284,-7.133030275070232
29.20201658,-2.8834688975988554,1.6248765663884284,-6.567162764254109
29.21206258,-3.346454928790958,4.618718655952241,-7.956149978999131
29.22210858,-3.618262755843823,1.7395695958766493,-7.268241587740557
29.23215458,-3.601003410236707,-2.4050593535182956,-6.689844569365211
29.24220058,-1.9767700308800944,-1.9265544105203898,-7.457634547760813
29.25224658,-0.6171489230542945,-1.2730145437760245,-3.2353756523219426
29.26229258,-2.5698363702867,-0.3911544256262518,-3.4701733381418123
29.27233858,-4.954418752226944,2.6106662149258284,-6.309180777682268
29.28238458,-7.885594137011303,-0.5963727117212851,-7.462897805653158
29.29243058,-4.600061139591944,-4.163282899265475,-5.4990838812967295
29.30247658,-5.028196234950245,-5.135173166001889,-3.2312458023966193
29.31252258,-3.850676187604652,0.15129952769623262,-4.909619127305231
29.32256858,-8.722795511214803,2.5676662983618477,-11.601323816482294
29.33261458,-7.003451622202304,-0.16195659324415584,-8.198922776846034
29.34266058,-5.532820963207913,-1.2513690869381844,-5.269994484528199
29.35270658,-9.150965238540975,2.283235782983162,-5.766840293396324
29.36275258,-7.8350186965716455,-6.555428452654967,-7.193608381126734
29.37279858,-4.059042942793341,-1.3297973775225402,-7.5126117912024934
29.38284458,-5.515431120166189,6.960985955542604,-10.44095441961545
29.39289058,-7.950981040706639,-3.224732282776558,-7.302001327884943
29.40293658,-5.163210558846347,-1.6583605105876715,-3.341252725115868
29.41298258,-7.234105887077444,2.5686015925993217,-4.335169165330843
29.42302958,-4.90937293328504,-4.10749707750555,-3.6037351000749522
29.43307558,-6.353114107186682,1.198588626125112,-5.4928195833785525
29.44312158,-9.244598694859203,5.075823109103894,-9.250912463841447
29.45316758,-7.486521707109913,-3.3320371851914383,-3.793457380494931
29.46321358,-5.532895942750378,2.166261172110768,-1.4954283280136782
29.47325958,-11.775216097915862,-1.1895499433137209,-5.000314048948956
29.48330558,-4.649522639627701,-1.5441446139737374,-1.006998693339034
29.49335087,-8.907130041449525,1.3539061813828317,-7.395765817054867
29.50339687,-10.537453864188823,-1.649803717313004,-6.93430475581436
29.51344288,-4.178449371156476,-2.135448162889114,-3.7194850672553543
29.52348888,-8.218281068109476,-5.06257119154618,-3.3209761642136684
29.53353488,-3.944317737709604,-2.5688189402910613,-2.40528604443169
29.54358088,-4.92270105254093,1.7391332103454926,-3.736783421802557
29.55362688,-10.669341443617228,1.1442238986055528,-9.037613617455431
29.56367288,-5.990193124717526,0.8433691409395776,-3.977578219454391
29.57371888,-4.416023568258355,0.025322744126029546,-0.9042784860857007
29.58376488,-4.377133217522338,-2.7078366991513536,-0.9270651333102486
29.59381088,-4.019875488077367,3.127220391447856,-2.311708255600693
29.60385687,-6.486878140405827,1.762378440127776,-5.481689612049712
29.61390287,-5.700717598025882,-2.618729975547977,-2.573442523457677
29.62394887,-2.6852693532501886,0.321741008193316,-0.714393751442676
29.63399488,-5.5465548767845,-4.529610546417792,0.40638815676239126
29.64404088,-3.2800120583508705,-0.5206915986957056,2.0575683044656117
29.65408688,-6.29008046853792,3.2621313679763175,-0.29572854427711326
29.66413288,-10.196865120308598,-3.1971471874832447,-3.1134251157236363
29.67417888,-8.226389555766515,-0.8579689981341153,-0.3857076205296066
29.68422488,-9.645018392774043,-2.1914579788181787,-1.35165793229624
29.69427088,-4.834053469048818,2.0468581612388044,1.5448685679953442
29.70431688,-6.5717273861784085,0.6992604318318547,-0.8990857313857272
29.71436288,-7.3209568244551,-1.110604982785629,0.32107305833352884
29.72440887,-6.460663148657429,-0.06800447140875815,0.6433443400799042
29.73445487,-7.4683415387960155,-3.4641018931241083,-0.6015967715752994
29.74450088,-3.389839303154916,-1.5050751501998185,2.172367863307775
29.75454688,-5.435798105949426,1.099229811225673,1.7000693931996635
29.76459288,-8.580369325511677,-2.7365801983368865,-1.6826275406982547
29.77463888,-3.297355554698269,-0.32786773325267443,2.5850536672271094
29.78468488,-7.137534081920159,-1.357275775303964,0.39562662292727113
29.79473188,-3.1444044697693276,-3.8391411300896863,3.071006260647294
29.80477788,-5.549427467342112,0.4853079781565427,2.5001214863316683
29.81482388,-6.7324995413103155,1.6404219663804414,0.23094032215423554
29.82486987,-4.006420577201586,-3.1385116195061293,5.430333647098694
29.83491587,-4.5830133732430225,1.2291198672818318,4.836492604216547
29.84496188,-4.3261658621845065,0.6998857800037394,2.785417287858704
29.85500788,-5.123493506943111,-1.5724083420449242,3.2911544035847853
29.86505388,-5.449716280660045,-0.04760537945638447,1.7241845266680331
29.87509988,-2.7543997443301946,1.9064397334222782,3.2025071586208966
29.88514588,-3.200569361933127,-1.0922723304729087,7.381326852721797
29.89519188,-4.384914668600333,-1.1047957696979829,6.269986109476555
29.90523788,-4.5033490894935415,1.160521311527805,5.072174718221829
29.91528388,-5.724982710818419,0.39145664071672664,4.530535646696634
29.92532988,-3.8404685179928513,1.6497688765415521,9.78953956812321
29.93537587,-7.956757165126989,-1.177154895758282,6.773633045792531
29.94542187,-6.058821832293425,-2.5780805144366554,7.226198633007325
29.95546787,-3.8567578530048627,-1.9248125827080786,7.267949764798111
29.96551388,-5.992455399687099,-1.4369113462306113,4.5367281633472825
29.97555988,-6.991707625784018,-4.018088086717381,5.475757208345405
29.98560588,-6.5316148537012975,-3.6680047652574714,6.548387065622668
29.99565188,-3.437850381583826,-1.7570069490136278,7.567488726495046
30.00569788,-3.037809100022624,-1.8780782303777732,7.812853973181031
30.01574388,-5.81523223975575,-1.6529270289371043,5.939433286402039
30.02578988,-0.7176789244615416,-0.13585608991703027,9.244764745168805
30.03583588,1.1334849776482196,-1.493790940422404,14.82722199412971
30.04588188,-3.933307148893013,0.5573193012257983,8.031802122509506
30.05592787,-2.611900893694632,-0.6347788894499574,7.780311847078119
30.06597387,0.3039730621075754,-4.118020403591816,15.727951302837088
30.07601988,1.764678628485618,-1.0285758546825632,12.729643525358906
30.08606588,-0.5810818840901869,2.976097490953296,7.212596516813743
30.09611188,-2.020295295507581,-1.2490797458046667,12.719456061369694
30.10615788,1.6814456069591295,2.3618098430059864,14.77134316434864
30.11620388,-0.47358805242593927,4.674981534009885,12.667537366345444
30.12624988,-4.560103403419457,-1.904293185390841,11.648370815586727
30.13629588,-1.9136856777970006,-0.8085972771370457,12.96444062373685
30.14634188,-0.5451937600242293,0.35913536856186035,13.981198125800322
30.15638788,-3.858568060203267,-0.03715531687766263,15.545008841096097
30.16643387,-5.715387411866947,-1.9933106338801214,13.976824891612043
30.17647987,-3.5096642404754164,-1.0806063923807263,10.980577269494058
30.18652588,-4.875604550480766,-1.5126832313817888,12.93946930869051
30.19657188,-5.083868560131603,-1.1572897392572976,11.447232783039883
30.20661788,-3.4305863494241056,-0.665966889745634,11.215465085519714
30.21666388,-3.0477651222228292,-0.26509158208659267,11.046637919660238
30.22670988,-5.439856160479952,-0.44104855581736285,10.687361714235418
30.23675588,-4.800935849673913,-2.097644506129835,10.777235053767697
30.24680188,-0.2968369509059682,-1.7547113497840692,13.423121628595753
30.25684788,-3.5239375344624864,-1.445777016003557,11.743171226002225
30.26689388,-4.840658878979584,-1.832387247367163,11.988723630333048
30.27693987,-0.6700213227736687,-1.1885620362391194,15.210632210720211
30.28698587,0.6497160839697724,-0.5745100039984777,15.350913630276384
30.29703188,-1.7217297092817736,1.8828265145238439,12.48622992288337
30.30707788,-0.8770896486665118,1.8100214282972267,14.555293200798728
30.31712388,1.3746439405053617,-0.0591288922507167,17.389542485678884
30.32716988,-1.013206279840189,0.22085548096395652,13.954851682837301
30.33721588,-3.261958060673326,-2.2125565882097815,12.032397148912855
30.34726188,0.5253477277528961,-2.2688781028065934,14.900980596539993
30.35730788,-2.0692136905560314,1.3763090319808073,11.169176631631476
30.36735388,-5.4565480649608595,-1.7442917239172495,11.063579870584794
30.37739988,-4.450810596322378,-2.679734080094644,12.389835373645028
30.38744588,-4.289820388631919,0.4392542790219918,12.120543670349218
30.39749187,-5.1929395888494145,-1.3810414776719746,14.076243289456599
30.40753787,-2.826437663881168,-0.781948203889704,13.692188478765775
30.41758388,-3.98945478232693,-0.04693941152812161,12.526508048297332
30.42762988,-3.7804732192221673,0.6904619024403575,10.51326627713373
30.43767588,-2.5439395950705928,-1.0890561088705721,11.655823812761035
30.44772188,-4.144090468573049,-2.202020672133351,11.493776894156035
30.45776888,-5.17971236174167,1.3083469206997915,10.627901588073588
30.46781488,-4.797777877159912,0.16637495322165483,11.334960833612506
30.47786088,-3.7154488810997535,-2.112563618031388,8.873597548075827
30.48790688,-2.0476571743815284,0.7370121099062107,7.174662643519253
30.49795358,-3.153230930210244,-0.3526615650978365,11.976700465787498
30.50799958,-5.161107976966313,-0.3595180746907508,11.926216937330844
30.51804558,-4.0034972386107235,-2.626593400692745,11.40852039396098
30.52809158,-4.628353465917433,-2.417250039750706,9.552511699342292
30.53813758,-6.216993692987269,-3.499693475050507,9.740474569761423
30.54818358,-3.5850369512008418,-3.1667801989159803,11.49960200121906
30.55822958,-3.1251348039779,-2.0070147349749297,12.258029753732767
30.56827558,-5.218216761569704,-2.619248308978565,11.061760382622454
30.57832158,-4.584458949612611,-2.235317034240635,11.649413869692987
30.58836758,-0.8674803090622378,-2.7981833707158623,11.652890236005604
30.59841358,-2.071237532398687,-4.241250389350422,11.165353709524737
30.60845958,-3.7070411330673805,-3.657520852768087,8.811433760533196
30.61850558,-2.804811918645268,-2.591007544595586,8.779933132530905
30.62855158,-1.7984983311823282,-1.222913747876388,10.957159452280859
30.63859758,-1.0280664944181421,1.4768071701614032,10.703368261852011
30.64864358,-3.053541476833778,0.1592920602218652,9.859788409773323
30.65868958,-1.6383811932054622,2.845956326105778,9.03481034572207
30.66873558,-0.5085498895491515,1.4518095706186525,12.117631350282625
30.67878158,-0.16862542311949566,-0.9842994890436422,13.695498533959837
30.68882758,-0.3857557006202173,-0.5576025444905311,12.409303924030448
30.69887358,-1.384578472222952,-0.8954765277156829,11.83857163465974
30.70891958,-0.5783077391984511,-3.189662608986764,12.356883496293806
30.71896558,0.6374042082904026,-2.1426984835325475,12.37249965588958
30.72901158,-4.638698199645898,-1.6714521875053756,10.47923907720518
30.73905758,-6.354828699639142,-1.2922755879826333,9.497836583038088
30.74910358,-2.9340328684320234,-2.505122290837941,13.484442419255306
30.75914958,-4.020102285983455,-3.7127907472145476,10.737807516116609
30.76919558,-5.363058464986551,-2.2065785420326036,4.856685768581444
30.77924158,-3.9067072322341625,-4.6738523768301565,8.486597314479933
30.78928758,-1.089871119096448,-2.505838942520586,9.422016854554347
30.79933358,-4.5908821793009755,-4.740254490467968,9.994163692987668
30.80937958,-5.560749094927866,-6.79115313062636,8.346533769529536
30.81942558,-5.048125824667299,-2.9364826533557484,6.496458356497351
30.82947158,-0.8997371329148759,-0.8578636356480619,10.449009207348261
30.83951758,-2.1597003141151827,-0.1850520815108412,10.195260456579192
30.84956358,-5.504002352168206,-0.26809533330689045,6.5947575536022685
30.85960958,-2.4382419155428288,0.22752975742039896,9.292220671493729
30.86965558,-0.7916931524297925,0.6390963161628256,13.17654412823956
30.87970158,-3.396407664146368,0.4150319185452533,11.69978100466131
30.88974758,-6.19160962980349,-0.9358503545018476,6.467462044710364
30.89979358,-3.082233719859803,-3.3109572858767864,8.160681824862174
30.90983958,-2.3640693659930534,-3.452901029300971,9.451399093398427
30.91988558,-4.243795476909305,-2.8093065762176455,8.984030328773542
30.92993158,-2.6861363238239084,-1.6675541373863614,12.690103222212826
30.93997758,-1.7546509079825423,-2.213653392639876,12.41207404598791
30.95002358,-0.7352909018477186,-2.674467127880047,10.028862550811262
30.96006958,-0.4488195148993332,-2.7517457348522636,10.250783440483094
30.97011558,0.41533589059419557,-2.9877170768296413,11.677817058689254
30.98016158,-1.891108295256662,-5.17930717051522,11.725636114868726
30.99020758,-0.5090073936851096,-2.229980282109151,9.933389085452841
31.00025358,1.0521734061479264,-0.4636469861247458,10.182154993063197
31.01029958,-0.9259274447907925,-1.7872997199488716,10.381632830393858
31.02034558,-3.707716551490942,-2.7761090731363556,8.212751630117385
31.03039158,-1.4681764920340095,-1.7021712311550603,9.599656881730887
31.04043758,-1.1602321214075855,-1.8852078813305984,12.67651186867728
31.05048358,-3.697958863338302,-2.9016822063251095,11.099298893710559
31.06052958,-2.6755806457940436,-0.9034633553396069,9.43106138611909
31.07057558,-3.5731221584987307,-2.6118146624309455,11.480804515860342
31.08062158,-3.4607346559157617,-4.978088314152334,11.05378747055503
31.09066758,-3.559225018372371,-4.440196751511471,9.92033483297134
31.10071358,-4.631677933652156,-4.011429971087203,10.972850485589376
31.11075958,-3.2089524835798766,-3.4436146019262006,12.250208659833644
31.12080558,-3.8110159491446955,-2.995460224920076,9.610063869763176
31.13085158,-3.5459430517034742,-2.500289785397449,8.792266326770438
31.14089758,-3.858085371131208,-3.0552623062220543,9.395512398430316
31.15094358,-3.577592866161396,-2.661792374187238,8.857678936517798
31.16098958,-3.073634435842786,-3.8137895937036226,10.514608090268354
31.17103558,-4.074974450936698,-4.581522369450616,10.340856830958003
31.18108258,-2.4142133998131396,-1.9931698126274318,9.522781498016627
31.19112858,-4.04361972807594,-3.5925902986752734,11.828716028891005
31.20117458,-1.2120826165459262,-4.19910383842573,13.10211288964333
31.21122058,-2.4123875888265482,-3.261921376097822,13.139014969992369
31.22126658,-3.3426553669519072,-1.7456985080531784,10.586375711097016
31.23131258,-2.979454027279004,-2.1143298371826056,12.049792081227595
31.24135858,-3.6470805985113675,-1.4446260477991315,12.390095081287983
31.25140458,-3.682928264462218,-2.754189590751963,13.366973905117895
31.26145058,-3.5586368872628644,-3.4494173668320753,13.614483842296282
31.27149658,-4.329648486895562,-1.7491032074484474,11.306664547249147
31.28154258,-3.0478866366441184,-1.9938988620254632,11.474406524206739
31.29158858,-2.734428486776074,-2.769739365590878,12.806932504485003
31.30163458,-4.777638692358993,-6.6286469525383325,15.949458560895513
31.31168058,-4.6082204382319185,-3.264189826263969,12.376713294696579
31.32172658,-2.7139643507449938,-3.1118788761257545,11.977409258563238
31.33177258,-1.0154735252530829,-3.396200258479751,15.810971338981803
31.34181858,-8.167971017051023,-3.211742616753972,9.67207862704629
31.35186458,-3.981987880449275,-3.8912043651976096,12.412881690373615
31.36191058,-2.768460016483281,-3.594907098273429,15.299212004632697
31.37195658,-3.1079359930534247,-0.6213682824177048,12.495751878781238
31.38200258,-3.682590893572154,-0.5883517318275594,14.528090157478227
31.39204858,-3.183703951091408,-0.4382929550781137,14.199712603611328
31.40209458,-3.5830143926699494,-0.37053951281760417,12.944522350506535
31.41214058,-5.534176302998943,-1.1412286874960904,10.798647929866677
31.42218658,-1.149094098156067,-0.7706954497285888,15.126154429671601
31.43223258,-2.610432676236203,1.8006942217941102,15.23097368786914
31.44227858,-4.443999723348276,-1.1707094898335104,13.282081904155707
31.45232458,0.6445179199685311,-3.101295687663155,18.349161089031412
31.46237058,0.0784585363106548,3.1900410784081505,17.394089226258565
31.47241658,-3.8375297299619766,-1.1079897311304037,15.720221176808883
31.48246258,-2.224686090491913,-0.6545002509539954,15.365578639961166
31.49250871,-4.914371715862085,-3.358251712713892,15.808976706595883
31.50255471,-2.507774885897736,-2.8665435219549082,15.81838256497206
31.51260071,-3.855914652525899,-3.4688174326785677,16.19196047747922
31.52264671,-6.614479542759344,-3.7617279042978864,12.537326228514148
31.53269271,-3.465810134880001,-1.6567331011506892,14.763165004961635
31.54273871,-2.0981994272625792,-1.8534963267447844,17.220970411659955
31.55278471,-3.2938214218745445,-4.3226824383941675,15.856410869958616
31.56283071,-2.691254964902625,-3.002842653044407,14.259740431354613
31.57287671,-2.6677690195182016,-2.603995618146513,15.592564809911174
31.58292271,-1.4442164557641473,-2.2629879685186958,16.796292430505623
31.59296871,-1.2845608485492452,-2.096154573199487,16.405717873157222
31.60301471,-1.4947786773992846,0.4097060197583094,16.922379884725107
31.61306071,-0.2565385508995384,1.6496076842460883,18.44418268612295
31.62310671,-0.9656564886911418,-1.0756400810512001,19.33387366985985
31.63315271,-2.16296209123265,-0.710512470946433,17.220379946610272
31.64319871,-0.7843756683578633,-0.08862198832782761,19.28007620339694
31.65324471,-1.6079576543750727,-2.2672471916036043,20.67505085564352
31.66329071,-3.889146105075555,-2.203390522082626,17.858925776516383
31.67333671,-3.4528367271652862,-1.6879292863683308,17.707673111192463
31.68338271,-2.8287487372480804,-0.8770097601487271,18.321626171261656
31.69342871,-3.969622435887403,-0.6438763026663633,16.75556667574265
31.70347471,-3.15334362016663,-2.185804466807517,18.494385928623796
31.71352071,-2.1470124094975516,-1.8055024426638648,18.26702069842419
31.72356671,-3.0293064719766805,-2.3357832928506945,16.967684429270644
31.73361271,-0.7041113717437311,-2.7931876719311086,19.669340761330055
31.74365871,-0.7860589153512758,-1.5625642481779964,19.62850688086054
31.75370471,-1.4866740329022874,-0.1751110491764497,18.45046092080795
31.76375071,0.5304927005612596,-1.5256608290821851,20.411206320596662
31.77379671,1.949393827104862,1.5504697808591217,21.092365411722216
31.78384271,-2.780394284547831,0.5922651460845317,19.13755211277072
31.79388871,0.514249699103413,-0.5335016545608708,20.050828474607975
31.80393471,-0.6119006994841174,-0.8247156354303897,21.02787204829352
31.81398071,-0.604593031192821,-1.4055593877071837,21.58846226007965
31.82402671,-1.4368172883389296,-0.6204601651303066,19.44426550238962
31.83407271,-2.5700198824556124,1.1560733605744125,16.900576457305583
31.84411871,-2.236275605147143,-0.7300319223277862,19.85421978086727
31.85416471,-1.8731202310951087,-0.8379671648439275,19.858808290471632
31.86421071,-4.895998756168061,-1.211825717072268,18.346324865684853
31.87425671,-5.2808297454245245,-3.6602887379730116,18.35156094495445
31.88430271,-2.991770524161433,-3.9754891044000273,20.5733406583826
31.89434871,-6.031464121285595,-4.094188936996924,18.9896425909749
31.90439471,-4.732275980719232,-3.9593630995641087,18.568244209648636
31.91444071,-2.1625504048833726,-1.814204331892894,19.505255966189157
31.92448671,-1.775726433522629,-0.8076657429265119,21.228541770143853
31.93453271,-3.0452685909143136,-3.1583409365486164,19.653491573113744
31.94457871,-2.71261663074856,-0.4472780597022725,16.2066082063832
31.95462471,-0.3160538235088601,0.9376513045549053,19.804969370652177
31.96467071,-4.367081492413052,0.6673872053819051,21.464199724453877
31.97471671,-7.212649970798216,-0.03178779375474694,16.364851774245317
31.98476271,-1.218335603650309,1.6926935200504785,20.08060492042582
31.99480871,-3.2450999082235716,3.18908528576042,20.179157779307893
32.00485471,-7.505181894949495,0.2120739106463751,19.056108642754975
32.01490071,-0.7481107359677536,2.6562155750265655,19.71814577845943
32.02494671,-1.698388050748676,-0.5966693421146166,23.955522122443053
32.03499271,-3.481924743501415,0.0049173049237271615,23.645824233390513
32.04503871,-1.5857326017217959,1.2621968431991186,20.47706493961787
32.05508471,1.3483755645405227,-2.163673078488171,22.561879266813804
32.06513071,-3.095478158034544,-4.328389700964891,20.526665299676534
32.07517671,1.3669702146266924,1.9309514539937112,20.078688177180464
32.08522271,-1.21315168296849,-3.1820967529304585,21.954334576799894
32.09526871,-0.41132461788709085,-0.8104292251444378,18.971464362347707
32.10531471,-0.05123231158182526,-2.3833143679163795,22.124424445850988
32.11536071,1.2732626590209497,-1.4297059683752729,22.041253023111167
32.12540671,-1.1874061935644116,0.0014927605512158391,20.85162763604909
32.13545271,1.1433755992800652,-0.06131058890480216,23.342653178417727
32.14549871,0.4282196428017167,1.689889419662236,22.500585826580398
32.15554471,0.24511338182190226,-1.6332779528893493,23.282823991826458
32.16559071,2.465015655207682,-1.0535592555239373,23.533352645525028
32.17563771,-0.7570158599186526,1.8980275494406729,21.253363380971898
32.18568371,0.36580624474707757,0.7091123761820968,23.10442231501871
32.19572971,0.7161450290847615,-0.12691127950186437,21.489218816345318
32.20577571,-0.48411003946372605,0.6763071604190138,19.920139739523606
32.21582171,-0.7403519538015765,0.40145607550667844,21.240273314156337
32.22586771,0.044575134448080776,-0.7506949950220491,19.987738446914587
32.23591371,2.4786012508308857,-1.5014002990751039,22.975830906001768
32.24595971,0.02354991562311923,-2.537464639575462,23.313764615994536
32.25600571,1.0125603503871283,-2.3000618551827072,23.016304460277745
32.26605171,1.3584123515016646,-0.6864383806275197,22.46785940446047
32.27609771,0.2907121350283027,-2.565205619745409,22.8212388758722
32.28614371,1.074373381721395,-4.297132466755874,23.33770405878864
32.29618971,0.5145636100526579,-0.13976862929509745,18.581182732613975
32.30623571,-0.3821783261313278,-3.049018858928362,19.26416584567187
32.31628171,2.822237947842607,-2.430741319123451,22.111736532628427
32.32632771,1.169794238326092,1.712316106233003,20.11572980160335
32.33637371,-1.0615080679829805,0.2412684405175074,20.372937576199813
32.34641971,1.1403742367752217,1.530930596888187,20.11317760415467
32.35646571,1.3251025001482957,4.323764945240092,18.83932904705678
32.36651171,0.5347500035110685,1.0287796169157668,22.810497233716838
32.37655771,0.41898065904729714,0.8000201110625825,23.74393009739324
32.38660371,0.5212656777112014,4.65689457192821,20.262376947822922
32.39664971,-1.6234563215337112,-1.6866198065085052,21.035341620153506
32.40669571,-0.7028735739701353,-0.8994053099488726,18.105619046612766
32.41674171,-0.9976910928753286,0.4588671447211193,15.191485627794144
32.42678771,2.2939960037888096,-2.0028316222957074,22.440650342607526
32.43683371,1.39776580742805,0.08404430294216114,21.061325872022607
32.44687971,2.023347685290029,-2.751526692481216,19.526332936594365
32.45692571,4.361242785787398,-6.0902160153255025,23.342767092036894
32.46697171,3.9157828066885436,-3.5758772293500574,20.427962692908146
32.47701771,3.1082346559762115,-2.8685629055130435,20.226636601909576
32.48706371,2.8165758416145943,-2.3902774464856296,22.81913925816692
32.49710883,-0.3147027280098759,-1.1527481514641258,19.561715419478837
32.50715483,-1.3270290235515427,-0.05191131793880392,18.96493366782639
32.51720083,-0.5460403449184127,-1.3374863139813862,19.563339406495672
32.52724683,-0.6671961795679503,-0.5022911602723027,18.517293013612257
32.53729283,-1.4185778842673036,0.17634211375576012,16.932301466344885
32.54733883,-0.5241546487993148,0.47245540411987846,19.605561137718407
32.55738483,-2.358027228321451,0.5856978772050324,19.495110728727603
32.56743083,-0.8390027037900066,0.6614156746819587,19.082000892952493
32.57747683,0.06542211998574311,1.22526898234442,18.866954213297962
32.58752283,0.804519771039094,0.9028401700951422,17.871066516757903
32.59756883,2.012773887735617,-2.987969514367924,20.476633447607593
32.60761483,1.886283410713069,-1.4024275906227306,18.762292899893687
32.61766083,2.879442847500281,-2.29397514064971,19.12315089844506
32.62770683,5.190500908409374,-0.6928781221776471,22.068449271441203
32.63775283,0.5114095749821502,0.1514074700107334,16.18715193782513
32.64779883,2.737810591473632,-1.1488999276381886,18.515498612830086
32.65784483,2.873037887091086,-0.4691875716015513,19.151627448351284
32.66789083,0.23615325799490092,-0.24756661370822136,15.422406931250588
32.67793683,0.9019996958881619,-0.9038224718763155,15.101639638946551
32.68798283,2.503537954960879,-1.4912398876656086,17.95240105404083
32.69802883,2.9070435177728347,0.3645270403411001,18.14404166049348
32.70807483,-0.6737128285913233,-0.27794960131330293,15.582856694207091
32.71812083,1.5653063058513632,1.1917121487120501,16.18319849399068
32.72816683,1.1190023133461489,0.7214560912237569,15.964557321074256
32.73821283,1.101736754741324,-0.6447612882361844,15.473648324087474
32.74825883,2.1722892215815226,-1.2792601572476356,18.061411512428556
32.75830483,1.8292030020485188,-1.0569134834438298,16.84412847969824
32.76835083,1.4308445331683364,-0.3893751485354584,16.261968059546597
32.77839683,1.0977988159888097,0.40603089968395456,14.429883246991455
32.78844283,1.7324687117426403,-0.659437888683368,13.307380957199447
32.79848883,2.0544195662331024,-0.905922034264467,15.053403617825795
32.80853483,1.6554117417492389,0.4091269938688675,13.07839341811197
32.81858083,2.127684880639467,-1.5349416450335693,13.417763041211234
32.82862683,2.902537852518968,-3.5055963003811206,16.80703649052403
32.83867283,1.1731098757403964,-1.0438706173373689,13.259977857380647
32.84871883,1.2853231217627599,-1.4022662519131417,12.502522904817392
32.85876483,2.8981723453401997,-1.2812235103942093,14.939352192570267
32.86881083,0.7085483528950294,-0.09118256137846635,11.833309241527097
32.87885683,0.4203312202263776,-0.466902143765639,10.558017477502185
32.88890283,1.8073040135273324,-1.7501852349692935,13.74759601936675
32.89894883,2.362982409531874,-0.01737967595324404,12.874259851809516
32.90899483,0.5639566458033668,-2.1385354701226493,12.290901473630303
32.91904083,1.5404065561664788,-1.1039121139911476,12.14241049172843
32.92908683,1.1935882551936858,-1.429986284575342,11.976923321349721
32.93913283,1.613383723658634,-1.9383019895980709,13.426324789360418
32.94917883,-0.17684958178908838,-0.10428204270297968,11.229532369977447
32.95922483,-0.5645260101177723,0.6395698605381123,9.775962207008904
32.96927083,-1.526213240610599,-1.774840547372724,10.087492651288875
32.97931683,-1.1211755740785028,-1.1553284340281686,8.029744858714368
32.98936283,-1.0128570592794202,-0.7354423208936401,6.897276783388266
32.99940883,-1.5957540261449192,-0.7446670692339789,7.0552565088741215
33.00945483,-1.1328787482072726,1.3254623770339093,7.101736694280548
33.01950083,-2.1642937116357173,0.43396295249927663,7.421067789641643
33.02954683,-1.4281226348223652,0.34446436906726774,7.794709384920376
33.03959283,-0.4262982007595012,-0.6009066578622333,8.594744740964158
33.04963883,-0.9923102373657632,0.4119269086357246,8.238315221881184
33.05968483,-1.4411946512781149,-0.480318662500223,8.077209880465285
33.06973083,-0.17673786826782448,-1.904009498678718,9.612758437606459
33.07977683,-1.2743358826284856,-0.9374479619953248,8.291790430085106
33.08982283,-2.46139903926887,-2.6969317102187134,7.071378353567985
33.09986883,0.14052380713794663,-1.1145110972551795,9.064249648107227
33.10991483,-0.8561335338964468,1.3841912652202275,6.771454900952667
33.11996083,-2.826509378608458,-1.609136198802711,6.545828971153775
33.13000683,-2.1933595281454834,-1.4703315479741281,6.944589231361567
33.14005283,-0.8480262323231501,0.8088014230872397,4.6792380876132125
33.15009883,-1.2990823319984766,-1.3455366031433604,3.6338265080458174
33.16014483,0.6966187447671391,-0.3389680943149327,4.357529910519489
33.17019083,-0.4890173156043955,0.42084234702796014,3.472781513504547
33.18023683,-2.9523789975901598,-0.22050611833054584,3.366153960490718
33.19028283,-3.0713765009038503,1.1628152164304237,4.298917492840275
33.20032883,-3.0123296078502557,0.5958734111899542,4.390347157200597
33.21037483,-5.402918058274974,0.4728927645336573,3.5349219210186393
33.22042083,-9.00891417028872,1.0855837228834737,-3.736301303614831
33.23046683,-2.163546242625367,3.847072138398573,2.22364161898419
33.24051283,-5.952606978804594,0.3915536572416112,2.916883011515927
33.25055883,-4.740559336483203,-0.8015956767638566,4.182640663250675
33.26060483,-7.257580353040472,-1.6151685934600502,1.840613499646645
33.27065083,-2.6520015354277215,2.7394898879462946,1.3833088038847114
33.28069683,-5.422830312761847,-2.036001774817733,0.08664876569858304
33.29074283,0.9332981522893227,-0.8616070556817365,1.6619398297798498
33.30078883,1.100178384624214,-2.005618328027895,4.467133539883084
33.31083583,1.3460868684410114,0.19915262939788317,4.04381583324154
33.32088183,-2.12155916783345,-2.1054728809054173,3.0210117812766093
33.33092783,-1.3456214395558432,-3.808852455568766,3.7761633275761595
33.34097383,-0.9687580900417184,-4.126764343577403,5.158004325616221
33.35101983,-4.240677139760545,-3.553479693065315,2.7516296129095976
33.36106583,-4.102714413869925,-1.5097453742447449,1.2026309066826297
33.37111183,-2.6680469505276023,-0.9027627132241989,1.8093308399593648
33.38115783,-4.229641763087728,-0.39647549561261597,-0.055230888887269014
33.39120383,-9.976192008481704,-0.5924057356928263,-3.4630505058928875
33.40124983,-5.019177981836801,3.4319784381106335,-1.860273581209518
33.41129583,-9.242362209242515,3.033699604518737,-3.9806099449749914
33.42134183,-6.978674275915843,0.9616472352736131,-5.002634050568209
33.43138783,-11.06208676552433,-0.16510169956097012,-2.092019701090288
33.44143383,-7.439994754797019,2.5080613112570793,-2.668534800133152
33.45147983,-4.692354444667958,-0.037340488491004895,-1.3306489717657377
33.46152583,-7.073700782375096,-0.8090093932221204,-3.5634107850532892
33.47157183,-5.4166879709501075,-0.843204730798185,-0.1275159944644748
33.48161783,-8.991392706092082,-2.632186387155198,-1.2602221200929669
33.49166383,-10.031606412378837,-1.438532861077444,-1.2745252806848568
33.50171033,-7.858898663321734,0.3912237792600812,0.6626944378337216
33.51175633,-3.806540037168846,0.9269432130042699,1.238065532317992
33.52180233,-8.023073122253459,-2.690329050211975,-0.3750137218064178
33.53184833,-7.585684537963317,-1.620589397649675,-2.6532242599141855
33.54189433,-0.5687062091452145,0.07833494535861309,1.317518231368422
33.55194033,-6.344377553644676,-0.19653453426773826,-2.5552963226510137
33.56198633,-4.718990158029977,0.04818315573976987,-2.0786783010957466
33.57203233,-4.117867853839503,-1.3537012916639295,-0.1438745965596877
33.58207833,-4.218424568107223,0.1713746036061674,-1.7318616408156235
33.59212433,-5.568003173308922,-1.5799964073723884,-2.110877183495157
33.60217033,-6.551976888788978,-0.06133182263100084,-3.9543625197113075
33.61221633,-3.84215607884559,0.37448521486134934,-0.20489389751535414
33.62226233,-9.400763238811889,-1.6192667776294996,-3.2890648912927043
33.63230833,-6.176216543615766,0.46307498277602643,-1.623224954135567
33.64235433,-10.357075015962245,-2.1545780948558515,-3.497689795103085
33.65240033,-7.39303205760642,0.4266454210615735,-2.9421116175111908
33.66244633,-7.756492294310556,-0.605043738014516,-1.7844277515468354
33.67249233,-10.941452312259992,-1.3922335639361512,-4.217958963894961
33.68253833,-5.950424043338679,-0.9793946274803932,-0.7630128166898327
33.69258433,-10.687423403295897,-2.961993818667161,-3.1868402343381836
33.70263033,-6.609219579070613,-1.5702002022764905,-2.3152088807163533
33.71267633,-6.477199135328539,-2.8345879279298467,-1.104186340276768
33.72272233,-6.54613253494727,-0.666805285604318,-1.7079174512801258
33.73276833,-4.860060530650945,-0.8118581084860852,0.2507177356905925
33.74281433,-7.315369481947389,-1.8515476021989745,-1.4114626438924276
33.75286033,-6.2287757392561955,-1.2488580956260276,-1.3207266522865893
33.76290633,-6.196303523875817,-0.37734680703256773,-0.47768431897012964
33.77295233,-6.383688346123683,-0.6811534697291882,-0.49950390086220064
33.78299833,-6.486326274561602,-0.6675615658891152,-0.20606409237684353
33.79304433,-8.956045934363926,-0.05511168755394346,-3.202652046113382
33.80309033,-6.164656858026994,0.17943925858255172,-1.6905310636581279
33.81313633,-8.53698933859267,-1.8592468611976853,-1.7023645230140132
33.82318233,-5.551418454961438,-1.4829838427086526,0.5272178949541042
33.83322833,-8.998428900344447,-3.108010274915886,-1.8175259397692343
33.84327433,-9.197788246019684,-0.6816891088837762,-4.187265372993068
33.85332033,-6.938021910197651,-0.2527661558043142,-2.3019073276917825
33.86336633,-11.580079676886138,-2.401889221561489,-3.1802204111638
33.87341333,-7.731300042572154,0.16520822283656317,-0.6248677141496691
33.88345933,-11.754688453006107,-3.5096997833265724,-1.516758385721522
33.89350533,-9.227932500408311,-0.3111431326413437,-3.130407785094702
33.90355133,-9.266649821043282,-1.3142670029494357,-2.7363282862509037
33.91359733,-11.392199881726858,-2.469829782829398,-2.7017252686293576
33.92364333,-7.03579262381446,-0.4494658735371913,0.8865571295778134
33.93368933,-9.694651277655565,-3.077323805830031,0.02855968120221153
33.94373533,-9.740929204254739,-0.2430080385463208,-3.20505090034792
33.95378133,-9.415324363738751,-0.7330176113623834,-2.533512568553274
33.96382733,-9.501262121721844,-1.445086278884985,-1.2184186356725153
33.97387333,-5.810570391848306,0.36187961312093386,2.2327860671163413
33.98391933,-10.364126785632786,-3.072523183596342,-0.5094742030858477
33.99396533,-8.31510797693575,0.30139774908092787,-1.7099624856619628
34.00401133,-6.917118142802851,-0.794977657698659,-0.4594935946791483
34.01405733,-7.182552461260865,-1.3682674317940622,0.2613616015488156
34.02410333,-6.49176198682879,-0.26790194084474933,0.8184951729351819
34.03414933,-7.230195793479664,-2.78469502951588,0.7536623173402996
34.04419533,-5.726210126161819,-1.0407833716918142,1.1913070024388936
34.05424133,-6.989773281726607,-0.6889927247206186,0.7653616643854209
34.06428733,-8.108988328579436,-1.2411126458658188,0.07077292320017903
34.07433333,-6.416419475273664,-0.3073354163185632,1.5530461743458157
34.08437933,-6.580862402641428,-1.7158508999753768,2.2898550704582528
34.09442533,-8.095628698862507,-1.5897596893357644,0.6210036167132993
34.10447133,-8.051655952020838,-1.1453219469743325,-0.39755102768271855
34.11451733,-7.431449319366839,-0.5911808426426607,0.18078444706535213
34.12456333,-7.53549016766265,0.07412364499759978,0.9998791332128918
34.13460933,-8.85713081050475,-2.6941962664149037,0.47524008260296524
34.14465533,-9.244934271282002,-0.7537680729889349,-1.00820009715166
34.15470133,-10.145292607330195,-1.944957278116037,-0.28398218398122355
34.16474733,-11.409381404534638,-2.778663276574767,-0.14596780533964493
34.17479333,-9.377672712531146,-1.016734662937335,1.2955311136060526
34.18483933,-8.318867686545858,-2.477643984652401,2.5449006401956
34.19488533,-9.71936839472085,-0.2990444605189007,-0.30501385376137713
34.20493133,-9.754413434817064,-1.883210768863724,0.276809848558909
34.21497733,-7.565006281849814,-1.5914307910810535,2.7460665822229235
34.22502333,-7.631758644941058,-0.7121363748198456,4.120962052793516
34.23506933,-7.987098472440566,-2.4440129303554046,2.3083197034466267
34.24511533,-8.529606637858011,0.44659162130908653,0.9737831823182024
34.25516133,-9.167779516267121,-2.0135796348958452,-0.05906219969151705
34.26520733,-4.865040197532892,0.28532944106157626,4.288544086164035
34.27525333,-6.7844733576730665,-0.8404276534846572,4.179784413566764
34.28529933,-6.185639855481099,-1.851097694967498,3.9418244468806667
34.29534533,-6.8276813119575035,-0.47335720110946056,2.272436492859912
34.30539133,-7.330420915259,-0.545453546592892,2.4658430642152336
34.31543733,-5.739791861027872,-1.0541996986747453,4.420881685659008
34.32548333,-6.073197133730833,0.33621465915768234,4.222182444929433
34.33552933,-6.5351544795207515,-0.8180705180032142,3.8773855259239762
34.34557533,-5.747434279232772,0.9658297686277367,3.1046653942206683
34.35562133,-9.450378770393254,-2.3127426148180796,3.577714889656531
34.36566733,-6.346710372774748,-0.866245817144585,5.197005883596798
34.37571333,-9.223462872366486,-3.0906451392685037,4.7724448588196875
34.38575933,-10.300747728942163,-1.3334912590054937,3.232638734134514
34.39580533,-10.352039223679355,-2.233714309365798,2.8932637618961454
34.40585133,-11.050036666490122,-2.3869417955486587,3.9937727171136577
34.41589733,-11.906298013993807,-1.4104298275267013,4.075008696173363
34.42594333,-9.455426917732371,-2.3594189807828845,4.359352117223702
34.43598933,-10.817126154901263,-0.7513428530292249,3.1090177204909555
34.44603533,-12.440347503050113,-2.1838542189735928,0.5757013727625204
34.45608133,-3.654487833627362,-1.5958711003758668,6.222905690942536
34.46612733,-6.077771773684283,-0.1919982734120429,7.149784533419083
34.47617333,-7.515581530178655,-1.0570744033503314,4.733346685340112
34.48621933,-6.672164072023321,-1.0762945864220903,5.425753465513576
34.49626562,-6.075286401373301,-3.199893610848871,7.417730465148389
34.50631163,-2.4494935444562045,0.532942565738702,8.962815426268708
34.51635763,-5.486050243029286,-0.16010396070717567,9.053979705939955
34.52640363,-6.075490651367987,0.6443080797102833,7.461124051605142
34.53644963,-4.1420508922642565,-0.8826297345432844,9.964237737647085
34.54649563,-7.223567192206856,-1.816815896231379,10.36785690302859
34.55654163,-9.116587405688328,-1.491229974210038,8.087928379659086
34.56658763,-5.69570398109254,-1.9784152361553633,9.25652816800735
34.57663363,-2.371832185724954,-0.9064894013468543,13.688721691363117
34.58667963,-7.157685190112211,-2.6572995439369107,12.503720326953475
34.59672562,-8.474531217688584,-3.1963643753313558,8.996710377763723
34.60677162,-5.741571818951529,-3.48951273456939,10.627084061762426
34.61681763,-7.091928743920449,-3.8038256576686704,10.687219360730875
34.62686363,-9.043173094251683,-2.735801338209409,8.168273509907298
34.63690963,-7.686323574491836,-1.6657771570507836,9.427194395757029
34.64695563,-7.191635508014623,-1.7086835537154321,10.750167060019546
34.65700163,-7.6409371541138915,-0.7097139388268584,10.502156546755486
34.66704763,-9.145911774775197,-2.430026754542648,9.091640461980006
34.67709363,-8.694884547608938,-0.9177273206124096,8.653644567661134
34.68713963,-7.746280647517751,-0.09091831386512016,11.935445131902679
34.69718563,-8.062605726555084,-0.8000121325022082,12.556046371584342
34.70723162,-8.538585282692907,-0.22693052820496587,11.183180236413028
34.71727762,-9.351516722347467,-0.9361874946131723,12.042252871211804
34.72732363,-8.455704708941536,-1.8081564539087316,14.828036762842672
34.73736963,-10.608737853031743,-2.4767944764196685,14.851772301757423
34.74741563,-12.061086047521274,-1.7268539842472623,11.80918567701437
34.75746163,-10.022691470662314,-2.255243579083711,12.684657198343967
34.76750763,-5.858098008459009,-1.3482380601373702,14.007043675747278
34.77755363,-7.456504754165014,-3.2402500722450656,13.897628828997027
34.78759963,-3.5527254334644347,-2.1350897092411447,15.731651631665676
34.79764563,-4.028208785281632,-2.4873267965684924,16.825673267584133
34.80769163,-1.33180519747746,-0.556219659786834,16.181720713978265
34.81773762,-1.7122431023536941,-1.9715985966452687,20.097976775136544
34.82778362,0.0751443898117662,-4.973990719024196,26.19959981969576
34.83782963,0.02777859229697491,-3.1922893071961034,22.280374240712277
34.84787563,-1.3870835922824096,1.1146946108588174,15.897090492432351
34.85792163,-1.2452033919575174,-0.10607023590729038,20.65743983536125
34.86796763,-0.656437178566957,-0.5781787825993904,23.779613689119365
34.87801363,-6.572914062793608,-0.14121968872800236,18.57323245706087
34.88805963,-7.529489220335509,-1.8600344772731765,18.459740589720997
34.89810563,-4.520595618059343,-3.185462816788768,20.296461772224937
34.90815163,-1.9766025015069388,0.14530735106019116,22.63877253321302
34.91819763,-6.8413828532825445,-0.9844229657789446,22.161838958953723
34.92824363,-8.41363562960566,-3.665934795236817,21.43516855740726
34.93828962,-5.081400589254736,-1.4789175974636786,20.901311775803215
34.94833562,-5.540639302426135,-1.5688845169169612,21.10307391245788
34.95838163,-9.874098641527478,-0.23507061417815206,17.5595951755157
34.96842763,-6.584045371690174,-4.172413485052736,20.93783328250462
34.97847363,-2.4725566825778476,-0.9035227679887142,23.260059832391867
34.98851963,-7.383272022410896,-1.6063913637725244,20.224001050660256
34.99856563,-4.871819414519355,-5.766926948031389,22.61276941564632
35.00861163,0.4043476743760463,1.307385727981135,26.063862398651906
35.01865763,-1.718928331365543,-1.3724484982026355,25.355329701464047
35.02870363,-0.6285961294894624,-0.5842834990622653,25.33230109132886
35.03874963,-2.8699481502699586,1.126772392854317,23.35804282746336
35.04879562,0.17793762324470216,-0.7161418561355292,26.012192445420148
35.05884162,-1.1840992826704235,-0.5559833914208465,26.471141653985846
35.06888763,-5.334201854377205,-0.12801618043827745,21.480736529653985
35.07893363,-1.003976306627964,-3.5358327450596923,25.86514716314201
35.08897963,-1.1468093088975875,1.3996937338487787,25.509701670607434
35.09902563,-5.377303241595337,-0.1746284744789815,22.778671053539703
35.10907163,-5.417818978794186,-2.640267305389519,26.688733670495914
35.11911763,-7.584677074858336,-0.8027969414729054,24.516177385750133
35.12916363,-5.324002222756821,-3.310928931654396,25.11932887875225
35.13920963,-4.720984214909572,-0.2873817847024257,25.68779241843833
35.14925563,-6.709907707085841,-0.34302823171103086,22.463766965932077
35.15930162,-1.1090838822710634,-2.541614080042171,26.31912747482797
35.16934762,0.3199949520244002,1.5089187165815883,25.318011289862397
35.17939363,-2.9687410033906483,-2.0103846605476567,25.227032777608382
35.18943963,-0.06864563596616731,0.22739027586977545,25.930367460335475
35.19948563,0.5539204958404216,-1.520496232188848,27.544136282889465
35.20953163,1.0972135130515612,-1.9316729119558456,28.40084914582647
35.21957763,-1.0454079120311748,1.4840247264331823,26.635401054250927
35.22962363,-0.9906307585758274,-2.4320252137407015,30.559058517351104
35.23966963,1.3524277855158757,-1.5043282923674082,30.162241938204406
35.24971563,-1.4884302960876417,-0.784324642757812,26.82339613918341
35.25976163,-2.472646190549146,-2.3531972601757203,28.171201916700184
35.26980762,-1.8672344105511531,-3.439672239750118,28.108931019502776
35.27985362,-0.2198135398478849,-4.290257781446583,26.37700209322675
35.28989963,-2.9767493543612575,-0.9005446453565288,22.578451660727517
35.29994563,-6.09582274797638,-4.514550674047282,25.028345276949878
35.30999163,-5.0989827825696885,-4.900867096529285,26.91425811494176
35.32003763,-3.8316910445671075,0.4387814689316006,23.608511821282722
35.33008363,-3.724465927213883,-2.8516813147026285,26.671360607520537
35.34012963,-4.740524668315427,-0.3686805071189622,26.028724852571802
35.35017563,-4.428132905715827,-0.8856203408605088,26.20059333768527
35.36022163,-0.0885660464308398,1.831177413604382,28.543274583762038
35.37026763,-2.5203975933449576,1.2226090580651694,28.113379300003075
35.38031363,-2.1486198209913447,-1.5339420361377583,27.910029714509466
35.39035962,1.0966916358909007,-0.2063280244336768,28.071393577304168
35.40040562,-0.6008399619918563,-0.8803529704041202,27.69807967894097
35.41045163,0.9362950336714506,-0.4383853518803206,30.068925324609662
35.42049763,0.05444081154945959,0.09223004202890216,28.01409052043065
35.43054363,-0.24619246333545217,-0.7279839502727908,26.234060886209793
35.44058963,1.5624215978056395,0.3852412135746798,27.38659196013112
35.45063563,0.7032060889908117,-1.0200359870551585,27.777523164392903
35.46068163,-0.2569098680397495,-0.07650309162534871,24.658852242914804
35.47072763,-0.5717932499039746,2.7372806588913123,22.66098624494339
35.48077363,-2.305403821199649,-2.4486903302950065,26.6860924891077
35.49081963,-0.62096907117946,-3.3210282043958497,26.91488095889756
35.50086538,-2.6091497812266864,-0.518356695005381,23.687175490366506
35.51091138,-1.8710422191538256,1.190334428083613,25.504266394956957
35.52095738,-0.5011818556409057,-0.8330440322975929,28.635195374550896
35.53100338,-1.1882367025672702,-0.6761212859330552,25.488434410260183
35.54104938,-0.9819859804614516,-1.2869340998484036,24.92583612165953
35.55109538,2.8972685200599884,0.7444370742465042,27.76181641506024
35.56114137,0.8014860600377124,-1.0854379899125468,24.206674886369
35.57118737,4.395546544597325,-1.8277813059472268,26.176860157100695
35.58123338,7.461891863536147,0.14076050690635145,27.728136343048753
35.59127938,6.814578311239808,3.1083351981377456,26.119788248395942
35.60132538,0.7068215147032852,1.7584234249976962,21.192228241821812
35.61137138,1.4921373165210399,-0.1045827838399002,22.87368396638534
35.62141738,1.4681111773878748,2.0702590215835555,22.316459555006112
35.63146338,-2.174132345341609,2.5392697230201837,20.684448719149895
35.64150938,-3.638890075652098,-3.331151632193038,22.103478432324557
35.65155538,-3.224446576702134,0.7938348893107697,17.102243204842946
35.66160138,-6.273578158306693,-0.20051854876953684,16.15652016952961
35.67164737,-4.396323952873437,-4.064077490422579,19.66866419420809
35.68169337,-5.215101389426211,0.8914369193736572,18.69292780271084
35.69173938,-2.842578194031011,-1.1324774594952767,17.730816632613617
35.70178538,3.222769945613694,1.0524977787368015,20.832920331129422
35.71183138,-0.6500542919887224,1.9642525201587393,18.342323183990267
35.72187738,-0.6068243971657296,0.19029221105766833,17.594520406416983
35.73192338,3.2224198061667706,5.381393566654177,19.47731563885266
35.74196938,1.433328326853059,4.3808473953421485,22.14534626234525
35.75201538,2.523118295476392,2.2165149229646732,19.826170403928185
35.76206138,2.3092102114615742,1.1442663495514884,18.53045319961583
35.77210738,3.200542019035722,1.2518685169307204,17.62675854031748
35.78215337,4.8780145617672686,3.5195771981069695,17.785735966471748
35.79219937,2.288824908770567,1.66201373596314,14.870078938270948
35.80224538,2.597179781458045,-0.3739623413917485,14.136939477681462
35.81229138,4.666372869839535,-0.48649146900097684,15.838431662484101
35.82233738,3.3399650414097857,-2.073796760118361,15.004370199741569
35.83238338,3.0894024888637395,-1.6611881753564817,14.907148952628324
35.84242938,4.50954626766072,-0.9840465256562473,17.285353823665474
35.85247538,0.8104444762073979,-1.808315297933679,14.691966823534813
35.86252138,1.0103311484878459,-0.9580679067436935,13.635942438751371
35.87256738,-0.9331266677232668,-2.1710959571391273,13.28176228912363
35.88261338,-0.41279243359138734,1.5643654870101864,10.682297836423176
35.89265937,-0.5847781764304683,3.81889163919696,8.522604314803889
35.90270537,-0.336983694589573,1.6079172328284468,11.538572567516926
35.91275137,-0.8872663546421788,1.4742875064728564,10.90630552819526
35.92279738,1.1664261828550753,1.8578444127011529,13.129145657330096
35.93284338,1.1840482184969134,0.8477961004220074,15.369477338340769
35.94288938,-0.6532304540140846,1.935753452653307,10.681531407354957
35.95293538,0.2116886933463753,2.2044954202848945,8.656646844756981
35.96298138,1.1203235102663842,0.8123047387553559,9.88274373800146
35.97302738,1.885666639383469,1.8252081958017305,8.900906647352969
35.98307338,-0.8513963257255264,0.0184644522154172,6.942422712047208
35.99311938,-0.2666648840822425,-0.8127953801742497,8.14682265288549
36.00316538,0.4505042925885108,-0.8572429410907502,9.232170287510934
36.01321137,0.5743078764153234,0.20829919432971175,8.469712495122506
36.02325737,-0.2328217841887574,0.7325982413320095,6.889650745397116
36.03330338,0.6599822135695524,-0.1319208105253414,7.221866759124693
36.04334938,1.8890325070493352,1.1461419454131427,8.63523021774304
36.05339538,0.23948467897739031,-0.18799997847213507,8.418092740410879
36.06344138,2.8131188681931394,-1.079941196053213,10.35655679681236
36.07348738,4.358499815895087,-1.6465351984702257,12.159100511245974
36.08353338,4.541691493643624,-0.9842497231060782,10.529966578346093
36.09357938,4.948613161130513,-0.882083499473293,10.148587494532057
36.10362538,5.463599221331079,-1.3233996364206428,9.638626067365008
36.11367138,2.761895900774441,1.0217523359745488,8.219275243510603
36.12371737,1.0356772958199663,2.0762593906853657,6.900910852464828
36.13376337,3.5943905840108625,-0.11054046925759889,8.820531405907527
36.14380938,3.5767243315075072,-1.1102654164232295,10.580558317334066
36.15385538,3.564751640656191,-0.5109040785096388,10.905278203750779
36.16390138,4.515747131171233,-1.4357560788944805,11.498205142237602
36.17394738,3.1555438179828674,-0.9756290320288152,10.731980679651853
36.18399338,4.176518726922604,0.9362134634061305,9.126339670272765
36.19403938,1.730193191640897,-0.5153533315185282,9.196936386285014
36.20408538,0.920099568106189,-0.3131156517834467,6.351246836147333
36.21413138,0.7672366315826019,-2.1245185374311975,7.2669134567094655
36.22417738,1.389870561656186,-3.0989921539959147,9.037108686471129
36.23422337,0.5474008431690408,-2.361362185790215,8.414787259912824
36.24426937,0.32780907350870636,-0.7172414504338535,7.156194740187659
36.25431538,1.1772664766277579,-1.0198293688787499,9.144885354448036
36.26436138,0.8399871089286071,-1.0805079785968639,9.779497127037342
36.27440738,0.6265071070753172,0.28567267836109483,7.257705423137414
36.28445338,0.6691811800438171,-1.3738613967956868,9.524344662512998
36.29449938,0.6513196473548617,-2.196000226161768,11.69585445293834
36.30454538,-0.9897356338393756,-0.6557696801366041,10.96400936758365
36.31459138,0.4310948320876604,-0.2865471274481854,13.521164575367454
36.32463738,3.2166394960996394,-2.5170480583991277,17.342901383872373
36.33468338,5.410416978294607,-1.2945401167780883,14.735835799840805
36.34472938,7.257099976501907,-1.2315443526739374,13.457857387654002
36.35477537,5.373660614533063,-2.9834378750894945,14.4066370536898
36.36482137,8.415326062487026,-0.8521839056437577,15.282672496860243
36.37486738,5.437712471995413,-0.2693872758571925,12.851745161166699
36.38491338,2.6168228224328725,-0.8763432459904097,10.049931218313596
36.39495938,6.876850019796818,-2.9890014578682726,15.588012760155467
36.40500538,2.620697878481837,-2.2712161717946233,13.820823782305727
36.41505138,0.7050377372411583,-1.5165511647733967,8.78442596372204
36.42509738,4.869327953688304,-0.9213659515450157,13.511768681270336
36.43514338,3.889850230479084,-0.9536344577942684,15.75234815589593
36.44518938,-1.2466522375668554,-0.15920380024221195,13.683220729497627
36.45523538,-2.7407254524265174,-0.5763102690135506,13.867993350399196
36.46528137,1.6866839433693013,-1.7330562492312092,18.627055244194544
36.47532737,3.773162386946484,-2.234773630604353,17.54174194805248
36.48537338,5.009131105996219,-0.35775406730623316,13.579053851647629
36.49541938,8.24669308375273,0.46981097979322084,16.58489747832697
36.50546508,10.019553379535264,-0.47962212361645845,20.428744769674502
36.51551108,5.418179704891156,-0.36377685150051753,18.417073385543624
36.52555708,5.441285419451224,-0.3057047393209156,15.013051088034482
36.53560308,8.799228752084382,-1.491780176446262,17.50714323898451
36.54564908,8.480855674726179,0.22962628525863316,18.54002371728851
36.55569508,4.7014906936224925,-0.8568646021519668,17.57953489819883
36.56574108,5.957531156084845,-1.5552132210136933,15.979985274712622
36.57578708,6.716280240598686,-0.15334264269786577,16.817680568809244
36.58583308,4.705506767445153,-0.6129726536925127,15.836189617929294
36.59587908,2.974897287119823,-1.6691302811849698,14.230267126605952
36.60592508,4.237254850675939,-1.405717767682475,15.360637911977685
36.61597108,4.784588640320011,-1.6004912175705088,17.45630856072321
36.62601708,4.581300799900684,-0.5675618168194368,15.859064822404072
36.63606308,3.0004473787659682,-0.5109118917156388,13.625824269355132
36.64610908,1.5491108459897787,-2.5349550444373663,15.391219983135144
36.65615508,1.4446565002200165,-0.30821660089293124,17.728416386307668
36.66620108,1.143317261032785,0.6161647215071367,15.767076524714286
36.67624708,5.255412991882326,-0.5137920132507314,16.23645162736262
36.68629308,5.75827927074909,-1.7709435351309002,18.0330241746323
36.69633908,6.039862382080838,0.540956277374088,15.144790927175654
36.70638508,3.5427340573120922,-1.2106165361039924,16.089686526830544
36.71643108,9.754339379175248,-0.19846598183034952,22.176857099007233
36.72647708,2.9201856684148058,0.4390933253030667,15.63315299312964
36.73652308,4.82825719826493,-0.1742519849272761,13.99792185418789
36.74656908,6.1742547603923015,0.30935446037019654,19.45590566056448
36.75661508,3.4976582832475427,0.24108586167463092,17.38901530366274
36.76666108,2.094837370247413,-0.5780394122863093,13.050171302997008
36.77670708,5.920230091907608,-0.3376325706365225,15.42185211137551
36.78675308,3.509520235329198,-0.5936121967298567,16.084127751005504
36.79679908,4.175024869133669,-0.6495272138709134,15.076202718704007
36.80684508,1.4570570893935506,1.6839973078374775,11.041526546477655
36.81689108,3.35236973889871,0.9304285002916283,15.925497199134487
36.82693708,1.059042577863905,-1.393325103158692,16.336573520033674
36.83698308,1.0240663906396483,1.7608009250969308,12.859058346853868
36.84702908,0.3830509658141474,1.5889810172950658,10.900813670260003
36.85707508,3.981172108833312,0.3570655091445872,16.024529192812413
36.86712108,1.1072764017758183,2.359117163613028,11.870996218500295
36.87716708,1.0879503922956157,0.7963377564618739,10.173460280038434
36.88721308,4.0665035517908095,0.9683382193182379,12.788347462310522
36.89725908,3.429177864227169,3.1836040202697276,10.137483885959783
36.90730508,3.361245783572815,1.8441713050266837,11.02233449839127
36.91735108,6.152593750955555,2.916863442660659,12.963621104311885
36.92739708,6.656977037672257,2.87539270675188,14.955988037115766
36.93744308,6.0308322347438486,1.0321617033797643,15.802779908825965
36.94748908,7.833852391116122,2.785757956665361,15.611871088501559
36.95753508,6.690838728301599,2.950157661696907,12.550035836597642
36.96758108,6.847443629829659,2.6828316234694314,13.158766312882445
36.97762708,4.71665920499898,2.9847556494518956,9.553517252995803
36.98767308,3.811616265348721,1.720008701461493,8.280293400064998
36.99771908,4.978174990460873,1.3536054349960844,9.804006633621274
37.00776508,3.652271992141341,0.5619963669208595,9.120769006497849
37.01781108,2.848476787665379,0.31543421072830424,6.818622250322738
37.02785708,3.7687379948736908,0.9151953944303961,7.440841554365709
37.03790308,3.909403048557919,1.2333155694134492,7.744395400936537
37.04794908,4.224767881386705,0.9459936288305543,8.653741290954951
37.05799508,4.5061223129134484,1.8159023873473195,7.657795571415416
37.06804108,4.748858192510885,0.9516276385893019,7.434102737176751
37.07808708,4.945702550611689,0.42262137545786804,7.6750113507386954
37.08813308,5.516949549731664,1.4923839394093141,7.725117721550807
37.09817908,5.023596786539203,0.752148537295179,8.82104837942862
37.10822508,4.276883346634938,-0.07321764991232245,8.151222184591404
37.11827108,4.328222631564975,0.8525218305977491,6.397901293889985
37.12831708,5.295445934789217,0.5055454837742,7.755761997157866
37.13836308,5.361913164746787,-0.21457091969271147,8.596318639700375
37.14840908,4.848424587447496,0.5794091883958736,5.901601499640666
37.15845508,5.360513042387123,0.2634101776838223,5.285326150788041
37.16850108,7.117450212045762,0.4888278683407578,6.05097328522702
37.17854708,6.059810566708878,-0.3780761135136955,6.677443932276356
37.18859308,5.136403905405616,0.6774116125790045,4.983394443299622
37.19863908,3.5590302171759722,1.6956803573197246,4.439745960003201
37.20868508,2.2539975462423625,-0.4438233414642433,5.671451131919422
37.21873108,3.251951115633648,-0.6895354541788649,6.399410041965256
37.22877708,3.2829963359930203,0.9467964353747623,4.584548784755796
37.23882308,3.780534856363959,0.5924540929611989,5.238024396268019
37.24886908,4.529894897897752,0.3672834614806187,5.929215196889661
37.25891508,3.2548673073022307,-1.1098848900995013,6.6755005736832445
37.26896108,3.588319994277415,-0.9439929441076826,7.2767562919981374
37.27900708,2.595001424210567,1.0551334633154221,4.212148675357355
37.28905308,2.215042869172955,-0.87900172345984,5.837919020912456
37.29909908,3.52361220891788,-0.29930682346127024,5.02812913474939
37.30914508,3.381235929778083,0.7246165676749,3.4910862215490814
37.31919108,3.497899026900731,-2.4142081200944805,5.2330545727047815
37.32923708,5.582474254788834,0.2742385192823322,5.948371609544024
37.33928308,4.981625566398833,1.1706468515920183,6.276211295378051
37.34932908,3.5459416025717547,-1.3399872036084974,6.455750541589699
37.35937508,3.4443494733795283,0.17898358467070966,3.0622991877682324
37.36942108,3.64852246219531,0.27049790206371793,4.1545124261040955
37.37946708,4.752961598360347,-0.3131933956495458,6.36036412561096
37.38951308,3.519211611601605,0.6570965342402769,4.908299892816297
37.39955908,3.507550837985388,0.0922220616505707,4.5826565453627595
37.40960508,4.890511801774276,-0.9287657541639351,8.488605818996364
37.41965108,4.417380261029459,-1.5399589958772832,9.49732637216895
37.42969708,3.4391028409156883,-1.999215898743967,7.260779307375344
37.43974308,3.738191139373158,-1.3335698250959382,7.314516816210475
37.44978908,2.4986867235165717,-2.1039338704033397,8.193891727903075
37.45983508,1.0918580159463203,-4.1827805225616945,6.61235532542536
37.46988108,1.8548717975437534,-3.19603276851996,3.607120360958193
37.47992708,3.595792777050468,-2.1385626044212005,6.184415332114726
37.48997308,-0.3022430092024162,-3.107871111365685,3.952075703714814
37.50001971,0.92562077350247,-3.3423731096786393,5.607267665797552
37.51006571,2.322137682796386,-3.078219927446172,7.486501696565173
37.52011171,4.821018963128385,0.26956952589181377,9.079045072809734
37.53015771,0.07024743152706174,-1.2083009757716514,6.026576019976383
37.54020371,2.7308843553446813,-0.6769945061264612,8.24541655712509
37.55024971,5.518826762835263,1.4084993002085031,9.764687994896533
37.56029571,0.9431520840146789,1.3614575508899414,8.71450051477117
37.57034171,-0.6192695046819459,-1.1103756953417125,7.075747898007398
37.58038771,2.5252054059563416,-0.08720453884328726,7.17804647728317
37.59043371,2.457958986658882,-0.09020494696251845,7.9257328050142135
37.60047971,0.3852557907270495,-1.2431079764350925,8.843020539251874
37.61052571,-0.52179917904481,-2.8540083915106744,8.089811325452256
37.62057171,2.225089339776127,-0.7614473130340663,9.011053449403118
37.63061671,2.1876801402340513,-2.4057685740914097,12.533706957650693
37.64066271,3.426687136894574,-1.612331054549468,13.924568346548899
37.65070871,3.118969570324775,1.810666942941714,8.836283755914373
37.66075471,0.6546252338925574,-0.5100331866388429,9.612888856698486
37.67080071,1.8259579962994663,-0.20614401858644377,9.07539209875227
37.68084671,5.357327391378417,0.5186910373397531,8.844554828026808
37.69089271,1.4851083216051528,-0.5936722286484448,11.597021726978316
37.70093871,0.7254008227654107,0.5361731026620742,10.421388246392151
37.71098471,1.145746819830607,0.71082046436594,10.82736297994628
37.72103071,1.9247364407550607,0.8964537448223648,10.13854198930766
37.73107671,5.354301212934772,2.270550354574511,7.6525395974029315
37.74112271,1.741902162668939,0.3986697219929767,9.119230452724292
37.75116871,0.8118015070900181,-1.2703570646552427,10.721875105934586
37.76121471,1.5478367924279977,-1.0476666008165816,7.531091332965434
37.77126071,2.047125495010606,0.5346894703983066,5.865460944584008
37.78130671,2.6955425441056726,-1.4984085798083615,9.464557829909808
37.79135271,-1.326094037310617,-3.5174900833325395,10.816261287698492
37.80139871,0.6188773712488447,-1.7724428980765563,11.433214636742921
37.81144471,-0.16514234721791937,-1.8127699677594356,9.72115565469019
37.82149071,-3.39101668414786,-4.670734919407293,11.878018672933981
37.83153671,-2.660179467425367,-3.3513812219437003,9.265371094779924
37.84158271,-3.9121218251739327,-0.6150908138501202,4.917810639112256
37.85162871,-3.425796927184253,-2.3112455054956906,11.06515519798628
37.86167471,-1.211466682039787,-5.277858137826769,15.342491672863586
37.87172071,-2.615295021717096,-4.831813859912653,7.952380815512755
37.88176671,-1.1017579248942067,-2.795381801281525,4.230706347834659
37.89181271,0.8704218341696098,-3.812835811712545,7.9408088229601965
37.90185871,-1.0679827051058826,-4.814762208089834,9.423535343747758
37.91190471,-2.1915110698286306,-5.7419987072167995,10.487408425954806
37.92195071,-1.5884952970140778,-6.150329483877312,10.841507215652584
37.93199671,0.07051575486326456,-6.219549428817128,11.436230942983949
37.94204271,-1.9699523336022269,-6.4653688310335,11.42461938567994
37.95208871,-1.1671611483836348,-6.168167087202224,9.473151685552617
37.96213471,-0.8545731756671687,-6.098658737321395,7.074497785595958
37.97218071,-0.013571140517499355,-6.816349099299818,10.319971593218305
37.98222671,-0.11212219911630059,-8.64646503096564,13.265492376486362
37.99227271,0.9630474697042176,-10.002775920478093,11.676009557697531
38.00231871,0.5727129520169432,-10.029854859154456,9.725354449486755
38.01236471,0.6348776430836165,-9.721628502044945,9.002987220195736
38.02241071,1.9340303068586762,-9.625520343381124,9.244575688669247
38.03245671,0.18094981637064822,-9.806116495309718,9.42218592811921
38.04250271,-1.5312161582104797,-9.798257270578658,10.35643457076116
38.05254871,-0.8717115042469181,-9.758292175391762,10.287577432516613
38.06259471,1.432524521453366,-9.061710367416199,9.812310459697628
38.07264071,-0.005087542804201576,-8.564403244636901,8.980010625521839
38.08268671,-2.423622520075882,-8.546234074694837,9.36188258262994
38.09273271,-2.7154780852657194,-9.32297105074434,10.336840130166996
38.10277871,-0.4678076881782888,-9.892172278844978,11.30107182647654
38.11282471,-0.050544825371719275,-10.171026979862187,10.980785095287565
38.12287071,1.7635350447822842,-10.707437334402432,9.26068295151114
38.13291671,1.3960517160520218,-9.881839721413288,7.940007150392109
38.14296271,0.9397674669872143,-9.698464877346577,8.964683350568338
38.15300871,-1.0505520397938957,-10.795154422000033,10.46362857303293
38.16305471,-0.2455191272775612,-10.725995980894952,12.161609595371141
38.17310071,0.7170930621987271,-9.127787711331083,11.897691362101709
38.18314671,-0.530842482410247,-7.353864421650469,9.944658574631147
38.19319271,-2.275159841991826,-8.157698141202308,8.14703978062023
38.20323871,-0.43459910370150034,-8.555219486765758,8.432052281498727
38.21328471,-0.17825051333665973,-9.398696287848503,10.140350390736668
38.22333071,-0.9245052452208421,-9.297631980947012,10.598995864148531
38.23337671,-0.1708811324948999,-8.278350841946983,10.838245613491868
38.24342271,-0.3989451868900633,-7.5234045745565385,9.528079971875174
38.25346871,-0.5950456185968773,-7.085392127873323,8.057873618357664
38.26351471,-1.2421814770679511,-7.940867565038736,9.031993054263532
38.27356071,-0.5672028241155134,-8.861182997499192,10.793567970832118
38.28360671,-0.5593439047184975,-9.24918508199668,11.736211073365217
38.29365271,0.1356822407000301,-8.254905578939065,11.712196363449618
38.30369871,-1.5829636441207677,-7.4221621393270905,9.008561614074905
38.31374471,-0.6653112254450306,-6.60726781052583,7.853020650674904
38.32379071,-0.5931643866675954,-6.906749259592584,9.307780660749597
38.33383671,-0.7712347505597918,-8.184747944046162,11.24049627876697
38.34388271,-0.5970993237862522,-8.25905977299888,11.723705139742608
38.35392871,-1.0629665314152512,-7.9878575178829125,9.654952207022262
38.36397471,-0.46555309345657864,-7.679647045889497,8.125725416428274
38.37402071,0.07465403210003346,-7.515989747732748,8.783127394385813
38.38406671,-0.4318870976695209,-7.194566565573645,10.038280057184599
38.39411271,-0.7158865825949582,-7.51899696515635,10.214243408466343
38.40415871,-0.5931286317134526,-7.584291893725983,9.977523949290612
38.41420471,-0.31619934033396374,-7.514159935936211,10.279891909927368
38.42425071,-0.6332193293878914,-8.275193781422185,10.328584484206417
38.43429671,-0.23106617526682366,-8.113967670023596,10.263729410188462
38.44434271,-0.10815700602688312,-7.092033869238851,9.356487369592182
38.45438871,-0.739240601756332,-7.409057196833358,9.746121689548533
38.46443471,-0.22117131015737382,-7.669131759889091,10.200579211830354
38.47448071,-0.5738453579296864,-7.1296137394278,9.457756316054299
38.48452671,-0.867987277084837,-7.862026585151083,9.331862658136307
38.49457271,-0.1623960667940346,-8.10920449242196,11.104161696181134
38.50461813,-0.4047875188785168,-8.063871873813339,11.173274392231692
38.51466413,-0.263704684621511,-7.930082714948108,10.043069797574194
38.52471013,0.20099539877291023,-7.37481024273304,9.283043114421151
38.53475613,-0.39338535765269883,-6.419791835415023,9.123326568747466
38.54480213,-0.7066616208338099,-6.65959337819824,10.437177893161842
38.55484813,-0.48891739679487584,-7.545595998851553,10.835317783310769
38.56489412,0.028432096566417486,-6.779403711926858,9.911066283097975
38.57494012,-0.5131255675309255,-5.8540776784747,9.469155862354558
38.58498613,-0.7766676385977551,-6.473520272419833,9.931229377444625
38.59503113,-0.2188993195875822,-6.850854635874658,10.068607849279516
38.60507713,-0.5643187009197175,-6.696803449299879,9.925977922903288
38.61512313,-0.5217337376732777,-6.466410373438575,9.825673974500347
38.62516913,-0.6482159746952545,-6.547394574851311,9.41155550092759
38.63521513,-0.24636678555330785,-6.712050020807476,9.640194839937852
38.64526113,-0.26241387544704003,-6.4309683223768515,9.771088142200192
38.65530713,-0.7869402267277901,-6.543417127688706,9.402536686685075
38.66535313,0.36116094766163037,-5.716567088887127,9.675127802118322
38.67539913,0.2774648006205037,-5.250367920545849,9.752701686777705
38.68544512,-0.8312466622973095,-6.325018810022274,9.882665095037517
38.69549112,-0.09397967386510882,-6.458386089497096,10.889029737268322
38.70553713,-0.2002479451370489,-5.940932351139778,9.913435186614347
38.71558313,-0.30523510803249015,-6.057445368187939,9.645990954597039
38.72562913,-0.3177477302789064,-6.253033334969776,9.894314032836988
38.73567513,-0.3501068178444412,-6.10208798264733,10.120944534491793
38.74572113,-0.23828745552927663,-5.739630147134831,9.88884302313942
38.75576713,-0.19766659437573308,-5.609771188947975,9.973156690411892
38.76581313,-0.5888903822636574,-5.485305639871557,9.778427186154111
38.77585913,-0.3775055466189886,-5.614580275294065,10.205829711450871
38.78590513,-0.6121880871362555,-5.798178883839637,10.303382942760104
38.79595112,-1.1162277643692369,-5.389271147194809,10.031314309236382
38.80599712,-1.2267857502688038,-5.116392420740462,9.876789742989395
38.81604312,-0.7829838319060447,-5.178231871952807,9.449120199309494
38.82608913,-0.19639438740242293,-5.454288308664728,9.589287946288128
38.83613513,-0.46135186837603026,-5.38667066821053,10.005620328883719
38.84618113,-0.4957169232719661,-5.095551522554017,10.321858413610872
38.85622713,-0.45964130817542953,-5.502554735011579,10.42378969041056
38.86627313,-0.2745894948408092,-5.659573219879529,10.51675664527492
38.87631913,-0.3813893721866571,-4.961878246594822,9.608693640417238
38.88636513,-0.4192746384841896,-5.002217880032551,9.529405182133365
38.89641113,0.06833526300817792,-4.627250351797029,9.808216996113353
38.90645713,-0.5560676154580769,-4.142055962116285,9.583259357999982
38.91650312,-0.37358842269263715,-3.981160043496143,9.704445687000987
38.92654912,-0.021828668884639846,-3.923115403331475,9.40381539099125
38.93659513,-0.9975800677739659,-4.283347829716623,9.49937254381175
38.94664113,-0.3018184802968856,-4.219053470119891,10.330301235077942
38.95668713,-0.6253380982612418,-4.172403271263952,9.787002573116148
38.96673313,-0.6171108640882367,-4.458369950370435,10.12458963145388
38.97677913,0.15745702817501273,-3.9734431369879717,10.400173960385587
38.98682513,-0.4094472528791064,-4.013433777661787,9.316200601537211
38.99687113,-0.23776929531214727,-2.762574702548363,10.122751746085413
39.00691713,-0.35260964716554066,-3.1898986739389574,9.844117342944335
39.01696313,-0.5279688666473918,-2.974560155252768,9.090724671114861
39.02700912,-0.27462667945572977,-3.1893891937090366,9.411116704529297
39.03705512,0.09427400072672462,-2.73186770627678,9.71462283593047
39.04710113,-0.48659814716958477,-2.8796631326007636,9.83975545563798
39.05714713,-0.14703349319981573,-2.838315751536573,10.503448044419288
39.06719313,-0.3829649840183243,-2.4216293895112835,9.56899917950589
39.07723913,-0.6204554335441491,-3.461614599904725,9.624302866616764
39.08728513,0.6282998327309129,-2.357217732631554,10.592969364010141
39.09733113,-0.12621181588103095,-2.005781767915697,10.025597529200997
39.10737713,-0.2941440189011317,-2.754503173833647,10.139349763625372
39.11742313,0.23312249580503555,-2.4403372348149746,10.638003601181087
39.12746913,-0.31872892191719815,-2.363597457267046,9.809771797864467
39.13751512,-0.06034091374548154,-2.218252658328321,9.710667648480804
39.14756112,0.05788269062152338,-1.8613181493586253,9.576210119958967
39.15760713,-0.31304461420864294,-1.6370452223210108,8.901440287055609
39.16765313,-0.18245529035543742,-2.126040213931807,9.600975749431129
39.17769913,-0.2033993445279868,-1.9652103737245374,10.022887761599172
39.18774513,-0.2571648573370047,-1.669190327631661,9.873597206568443
39.19779113,-0.10602926693145553,-2.110623243897252,10.341943191373533
39.20783713,0.16621516529443933,-1.4828497358143011,9.720586289841926
39.21788313,-0.21965782695837976,-1.1430448482442723,9.060200463412102
39.22792913,-0.21088016248338176,-1.8588612984701003,9.9532359592172
39.23797513,0.11595985042409616,-1.607439352266143,10.193419810106967
39.24802112,-0.27980450300960946,-1.2149095437192854,9.688758115133991
39.25806712,-0.1889911594924179,-1.2668924568508564,9.856152233889901
39.26811312,0.11183074984832528,-0.9648994398994323,9.695563874700705
39.27815913,-0.18629776256520642,-1.3128475214994182,9.87414404085524
39.28820513,-0.09698181735391177,-1.494554814877177,10.659675192808482
39.29825113,-0.19768954348620157,-0.8403412741369232,9.769746067229951
39.30829713,-0.045909983491114796,-0.8062143237665224,9.591484386926128
39.31834313,-0.11560871228260458,-0.8247585826672343,9.760652487509347
39.32838913,-0.2749722420335938,-0.49488240895284824,9.044143257569834
39.33843513,-0.05028195656850389,-0.7106608576393771,9.572398386806622
39.34848113,-0.15600187335749646,-1.1784392684650606,10.69259945539019
39.35852713,-0.307351935089398,-0.888454184264003,10.408937558191584
39.36857312,-0.135311199099841,-0.6237777183846073,9.957506116279767
39.37861912,-0.013371197175697786,-0.4104447728579528,9.719805350355141
39.38866513,-0.21895921727475126,-0.6503018168245673,9.181352146711369
39.39871113,0.08868977401398412,-0.597164981661813,9.381215882641552
39.40875713,-0.19429589638975162,-0.571150060764211,9.944897471495011
39.41880313,-0.2284250431737379,-0.78647230342911,10.289354146888176
39.42884913,0.18450622293040986,-0.12856878552645193,10.046077486826896
39.43889513,-0.27015277878622923,-0.011623918526076806,9.519931952123061
39.44894113,-0.9235346501935464,-2.0998013294749187,9.082575792219172
39.45898713,0.6554948400798892,0.6523783738297688,10.470633055945372
39.46903313,0.01926973942181832,1.2864884505940632,10.470630074727202
39.47907912,-0.44442681491829955,0.16921410718172922,9.63722158770705
39.48912512,-0.27422782015544256,0.22093336835255228,9.46442238228601
39.49917096,-0.281428335727899,0.20347942509894426,9.502032455672774
39.50921696,-0.33407515945384597,-0.06392519898331733,9.656242495545543
39.51926296,-0.3753271692841494,-0.41620121116958636,10.129979956356276
39.52930896,-0.3138167652191205,-0.29051858328397256,9.7745644002711
39.53935496,0.055263150462378355,0.3524061853293113,9.17687863311896
39.54940096,-0.19083605842776954,-0.0572291651782125,9.371903859287048
39.55944696,-0.055525034492485956,-0.04979940195965758,9.703534178311417
39.56949296,0.06507035371461231,-0.02130811511468041,9.872721095528345
39.57953896,-0.25733263319389804,-0.01512164292995985,10.019053412525878
39.58958496,-0.03814634848597211,-0.08812230304466463,10.160640047828439
39.59963096,0.053363598320184766,0.12900294818404567,9.848767592317454
39.60967696,-0.09274110447789703,0.2316978921275646,9.79884455795857
39.61972296,-0.08900663529626478,0.16794336146861885,10.303510429077404
39.62976896,-0.18565319234842403,0.3563454859512271,10.135162661661635
39.63981496,-0.19277785815500778,0.32218077240267445,9.64200408673438
39.64986096,-0.2773727889680407,-0.10651466757727909,9.545263743674685
39.65990696,0.06215634677422196,0.08047185261867901,9.348920427548595
39.66995296,-0.2593500639573726,0.09667322573676422,9.033489509352652
39.67999896,-0.11162122639568989,-0.2947889974023727,9.779050594031034
39.69004496,-0.11427395439484886,0.15578224970084353,10.280363587676957
39.70009096,-0.5783009859437791,0.006549536575372748,9.580082042155064
39.71013696,0.1251270937583662,-0.1800860632742062,9.535182436330512
39.72018296,0.11816469674879986,0.27895404712356925,9.442966509457765
39.73022796,-0.34028098515759453,0.055915089025754365,9.714940908074468
39.74027396,0.0705186371273079,-0.2489192512226792,10.534367093023379
39.75031996,-0.20264962540490197,0.24188836184639134,10.060864330024751
39.76036596,-0.3929645909924625,0.1287574211606453,9.79871613132758
39.77041196,0.08066537739184196,-0.18393883239250847,9.788319576926018
39.78045796,-0.15046015153854858,0.20183935757532873,9.76279415142244
39.79050396,-0.38472852504377203,0.4108740397271869,9.880583865727422
39.80054996,-0.14087819012373323,0.11306214817364388,9.749780675472522
39.81059596,0.06640597970770201,-0.13597003087703705,9.619844754140598
39.82064196,-0.09881417537663378,-0.16500072136427896,9.3584089144919
39.83068796,0.06162187333339225,-0.30566489443909545,9.741287075200606
39.84073396,0.22198333499934178,-0.06811591313809486,10.168228629689029
39.85077996,0.13357144698929305,0.3420744978078286,10.269275938372784
39.86082596,-0.31933320800894843,0.42650870105787475,9.938019756238262
39.87087196,-0.2694321325372595,0.32954335495584086,9.434128668416985
39.88091796,-0.046847974415754064,0.14750148343139652,9.554345442117924
39.89096396,-0.1869498481761665,0.03127543086354725,9.624060532017275
39.90100996,-0.14044372076020825,-0.32019057031472264,10.102390868715833
39.91105596,0.10053476080850667,-0.2316008711902556,10.00705946891669
39.92110196,0.34245445941499186,-0.20525763016610538,9.415581776969672
39.93114796,0.08920099612039176,-0.4413206016693142,10.007405037598934
39.94119396,-0.6819956851127206,0.6923003682401851,10.187041900338173
39.95123996,-0.6508060335832185,1.7246290062742278,9.005701025721638
39.96128596,0.43502624667500006,-3.2499349461437577,11.41495706194326
39.97133196,-1.4280717732046333,0.41274185716740364,10.105110115122839
39.98137796,-1.2355026483776237,1.4740058904485853,9.24954602497699
39.99142396,-0.5364502728422184,-1.1669869463606954,11.20057181377111
40.00146996,0.159423808951097,-0.4086825285965177,10.240328093414282
40.01151596,-0.7405130297505444,0.3445059212613731,9.113173898200575
40.02156196,-1.1253682674599235,0.20778815554714647,9.643269256743
40.03160796,-0.8533639193388752,0.025286832804090414,9.869315080502721
40.04165396,-0.8779315987202893,-0.2643739904284543,9.871122438463011
40.05169996,0.09853192699574868,-0.4815935542320507,10.072372921680987
40.06174596,0.6244739484824262,-0.4726236299120102,9.449114495411296
40.07179196,0.47229133902164183,-1.1541750981756016,9.561947233949711
40.08183796,0.7227477344400562,-0.3427681470770276,8.975741325945215
40.09188396,0.6960857747424746,-0.23960124612483177,8.781482065829788
40.10192996,0.6981043926300459,-0.49596012176236864,9.061155161056488
40.11197596,0.5680897695422614,-0.6746085392784916,9.339322360798523
40.12202196,0.28106418927226257,-0.5177222936481871,9.67255312763309
40.13206796,-0.16565999626993028,-0.6036678409284579,10.060532150004235
40.14211396,-0.1476986071100123,-0.20070660594693454,10.32037884435958
40.15215996,-0.2358188071280921,0.009661105591585638,10.182372877207015
40.16220596,-0.5231562331298453,-0.2797648144269264,9.928749047598165
40.17225196,-0.3618326871330693,-0.44249887486252665,10.057076298465429
40.18229796,-0.2417701339209026,-0.36907190266681333,9.736124681335102
40.19234396,-0.1332247596925329,-0.3630405646993972,9.740100118610213
40.20238996,-0.007577115273298456,-0.08211938827015136,9.527653940636487
40.21243596,-0.04004763870972426,0.11075428493354605,9.191788306878498
40.22248196,0.13475654752238253,-0.21373686481187262,9.752243077297377
40.23252796,0.24638834415322375,-0.33276886919844034,10.18121307454263
40.24257396,-0.12901434653546182,-0.7011540480576316,10.154478499609741
40.25261996,-0.14819711051398649,-0.5102469191946274,9.933866002021933
40.26266596,-0.07517993086756589,-0.40219920611089677,9.743744652783446
40.27271196,-0.05373576638638231,-0.18069091003151158,9.446536491507786
40.28275796,-0.05294719321389025,-0.06545273516752866,9.643650596324495
40.29280396,0.012801474530327893,-0.2754831380446059,9.762662882728428
40.30284996,0.12185769718686876,-0.5984587974313242,10.004329180604724
40.31289596,0.059791414040375315,-0.5641981402016013,10.161974644390346
40.32294196,-0.33234588393781594,-0.5399557225436328,9.765633299592437
40.33298796,-0.19894417517674,-0.07359112765044261,9.924669363201442
40.34303396,-0.35048033579474913,0.06760335924490643,9.910141254076617
40.35307996,-0.5955311412974122,-0.13726916694311384,9.772466293571117
40.36312596,-0.5413013049400701,0.04682662098835046,9.743516677605404
40.37317196,-0.5157274418836778,-0.36820549937963026,9.777927772781492
40.38321796,-0.16319971424188728,-0.6380029945384381,9.846614848683295
40.39326396,0.1643086851625732,-0.3230825386059401,9.963957979988088
40.40330996,-0.11564891554262288,-0.15552339279589686,9.769153803679846
40.41335596,-0.3718116025496939,-0.2049977951969542,10.070399857644018
40.42340196,-0.5613370031307482,-0.1541933993846956,9.965901165445544
40.43344796,-0.6960423946376946,-0.34306390649231966,9.772434300877297
40.44349396,-0.5905639476767389,-0.2262279832790837,9.603768840242644
40.45353996,-0.34542777315132744,-0.05149653246397226,9.348430841509122
40.46358596,-0.1168906543611778,-0.09685247026246871,9.415651045906092
40.47363196,-0.007392614462194238,-0.44030282738623217,9.791948560219394
40.48367796,-0.2827431388229718,-0.4631566906521641,9.775879745478807
40.49372396,-0.6583590532973924,-0.372680336672516,9.668084170500777
40.50377083,-0.7849291239989842,-0.28591350865436665,9.68010376855481
40.51381683,-0.3995319359780259,-0.42655824076301774,9.686994288101545
40.52386283,0.052650457667453396,-0.2380703425261335,10.01980669418397
40.53390883,-0.277696458003801,-0.13606546457442162,9.964191892402248
40.54395483,-0.5119230525213735,-0.023768455164780468,9.679737981555235
40.55400083,-0.7407559114265917,-0.3282303370957893,9.800131488973618
40.56404683,-0.8688223592806337,-0.3020615911772526,9.781547152599662
40.57409283,-0.2142269347196997,-0.09404386255488192,9.464603323062825
40.58413883,-0.11926997048195342,0.16257093637576023,9.204730635898983
40.59418483,-0.04371782413802297,-0.40440639027725056,9.758704847893085
40.60423083,0.031080699045987394,-0.5029749484674152,9.966214563482623
40.61427683,-0.4437813952232678,-0.6907246622467604,9.754926676033769
40.62432283,-0.24495403065321053,-0.459522544328678,9.93965779132148
40.63436883,-0.28051638919743255,-0.25287366214671064,10.189659552640828
40.64441483,-0.11939645710275582,-0.11206394640335737,9.804293164116977
40.65446083,-0.19254009380325823,0.15938010018469145,9.303338198283106
40.66450683,-0.3455264648438674,-0.34519818338367975,9.254438437439115
40.67455283,-0.06405392739742963,-0.29200248005888574,9.460531039922556
40.68459883,-0.03986480784644272,-0.20616820352972443,9.831922051215699
40.69464483,-0.1378963054544538,-0.4037493364368909,9.994655442540632
40.70469083,-0.13772465424059133,-0.12818648590958998,9.989265211043962
40.71473683,-0.379452368351992,-0.16544303916654388,9.493663787763879
40.72478283,-0.4188580809488892,-0.37976769593726084,9.92701377994352
40.73482883,-0.1812487232657072,-0.4782677641653567,10.061602594742137
40.74487483,-0.14767187678557803,-0.44010715367338643,9.699200617044411
40.75492083,0.14984860082362075,-0.21961928591926272,9.681706299461915
40.76496683,0.3247933279969739,0.097159795492126,9.874255325623187
40.77501283,-0.3973509482201395,0.013468986111219113,9.653679025568904
40.78505883,-0.5545725379568331,-0.15350157717164087,10.048098157208692
40.79510483,-0.565303418958628,-0.3225801247399793,10.468114685680899
40.80515083,-0.5125954777695068,-0.15985144617656913,9.940512107968702
40.81519683,-0.21903601787569785,-0.12766730233696502,9.328626998169895
40.82524283,0.07483447453397711,-0.04912436899245924,9.14239400155861
40.83528883,-0.04018345469374047,-0.3210162360873352,9.635664763475845
40.84533483,0.03820178516782047,-0.1582801686369498,10.077590930982502
40.85538083,-0.3692161832863601,0.10310518577409755,9.961997468624997
40.86542683,-0.42875666528966005,-0.5859302879604049,10.162514990687367
40.87547283,-0.03835466603136005,-0.2517759926214881,9.819826840862184
40.88551883,-0.09148738947513772,-0.10371187377091792,9.543246301371992
40.89556483,-0.13510692193100352,-0.29289903945386375,10.133305487744758
40.90561083,-0.09133498904485923,-0.24648179559863506,10.319135224764768
40.91565683,-0.23752015489032285,-0.11883686152911226,10.180803761493635
40.92570283,-0.21169694763698652,-0.0878646438169946,9.726225079341166
40.93574883,-0.34572914817848166,-0.26398570007685934,9.06366722888329
40.94579483,0.0980542538096934,-0.3209006270262235,9.095459822274533
40.95584083,-0.010833707187694741,-0.15453480489103014,9.934010400447447
40.96588683,-0.26196268202340256,-0.4088130654686312,10.459080009615839
40.97593283,0.009332826753809807,-0.14705660311450097,10.24904773518061
40.98597883,-0.0974507142025605,-0.24124983833550445,9.503952690278071
40.99602483,0.028608313485154167,-0.06641364662945391,9.811150484150685
41.00607083,-0.13814268069032365,-0.4170147166239739,9.886355811547835
41.01611683,0.07235126685148656,-0.1048229181646864,9.634901418265079
41.02616283,-0.20818035425087644,-0.19491602356407228,9.922788665812678
41.03620883,-0.3547598438264398,-0.3700214532011032,9.976323690945012
41.04625483,-0.010999888646002428,-0.5468844913584245,9.771322039487634
41.05630083,0.16266170428321758,-0.029238498089014388,10.065448874980033
41.06634683,-0.08464613874236616,-0.10633070631341249,10.008842666101057
41.07639283,-0.10446963081982905,-0.4629526146858797,9.98248383901593
41.08643883,0.10651970890485812,-0.33749694078535214,10.063394348947435
41.09648483,-0.08312856880559596,0.050279798359803486,9.301407609884986
41.10653083,0.05290828607705291,0.42390555950763825,9.218601595505854
41.11657683,-0.17038577915753614,-0.0019904842920225253,9.67021368342376
41.12662283,-0.1167246451656229,-0.36059464389561724,10.340184208877968
41.13666883,-0.09983812073288433,-0.30388723225828207,10.266203366697196
41.14671483,-1.2147603172303916,-1.0864767825059383,9.128682775947471
41.15676083,1.2076369620883882,0.3652216088626973,10.493910438537245
41.16680683,0.14847913912503788,-0.483655197405493,9.538621287899755
41.17685283,0.06738429817130143,0.34035937333627886,9.456160336007816
41.18689883,-0.27227147598398643,0.9127399449281007,8.892380425084855
41.19694483,-0.021918316546005265,0.3306392010216307,9.756273777912813
41.20699083,-0.06345990599235038,0.3603051398146432,9.3136180569902
41.21703683,0.11288552159906923,1.1758622066559103,8.11216745466621
41.22708283,0.16413422157473379,0.38686591165464657,8.905272301397233
41.23712883,0.13635125189665034,0.5707322274522945,9.314131730363638
41.24717483,-0.09800869204291232,0.4722412971537096,10.050944571284683
41.25722083,-0.08925557840152269,-0.34117538992557644,10.619476300928174
41.26726683,0.20390704448115957,0.1795016163873025,9.388948493244229
41.27731283,0.17812090015774915,-0.00518989776512185,8.74641235106848
41.28735883,0.562014561970034,0.43412162049319986,8.74599737765483
41.29740483,0.1620792753919378,1.1529610184659445,8.109447103288241
41.30745083,0.0721817199807157,0.6579268521841078,9.63426566753121
41.31749683,-0.3850808544198426,0.37327533059584184,9.542786673077941
41.32754283,0.14445780112517265,-0.10857750293627288,9.373910445626885
41.33758883,0.4839475671860118,0.029681355916432086,9.292773330882317
41.34763483,-0.08236664294766852,0.41900822929412523,8.560933602391337
41.35768083,0.3962493806561909,0.17186286455813238,9.474873412880036
41.36772683,0.05181599116343899,0.33377955674764775,9.820955569344557
41.37777283,0.12101360957629632,0.263246819224154,9.595310578070642
41.38781883,0.23692888390399297,-0.03887219939091483,9.637433566615226
41.39786483,0.3136510106563709,0.550718799493936,8.817142469066075
41.40791083,-0.02451996925430954,-0.390775905384099,10.151145346501988
41.41795683,0.2063436339267667,0.6258719037629629,9.983659643416447
41.42800283,-0.34039189457811586,0.4125178792069485,9.0543762240194
41.43804883,0.0455425324787235,-1.5058863886814984,10.381927676146962
41.44809483,0.6372749248199354,-0.2508348471319716,10.105298219412227
41.45814083,0.1969545730997218,0.6421368005959796,9.201011676491019
41.46818683,-0.15500613161824067,-0.1631938520245642,10.185470363029477
41.47823283,0.2783975106780822,0.15329666898472616,10.292628560006026
41.48827883,-0.12482079012182352,0.23600547663579735,9.400271729181465
41.49832483,0.0009303510196397277,-0.5661777591803002,9.636254510412964
41.50837058,0.29855317416671545,-0.3836196825043556,8.975966816599069
41.51841658,0.17748672785970057,-0.0931179519869246,8.499010483734274
41.52846258,0.0740483903120389,-0.6476862232018203,9.306102592984619
41.53850858,0.13383229707022368,-0.971725144722005,9.597226692590135
41.54855458,0.08731915522020198,-1.1945441416241174,9.256506504787811
41.55860058,0.5576463233967158,-0.7876713218598721,8.87471733130806
41.56864658,0.5810710820863826,-0.5006233633114355,9.123020198717171
41.57869258,0.2926305346536852,0.16970604935882466,9.539091412776198
41.58873858,-0.40566827310907005,0.34875978651254813,9.579009187106792
41.59878358,-0.9192369112692498,-0.8004906341783148,10.081263382919136
41.60882958,-0.20313250397570531,-0.7097478169084096,9.084796617817831
41.61887558,0.08202476836250627,-0.7654409611996364,7.721507356566896
41.62892158,0.9005465344102721,-1.3902195430902309,9.248404405673732
41.63896758,-0.08865679669033155,-1.1604318353013736,9.368443253716881
41.64901358,0.4352970540696889,-0.302940033006515,9.837765573232264
41.65905958,-0.5578720095384493,-0.5424078954754638,8.972718786460266
41.66910558,0.044586093843638944,-0.2819551616423116,8.66971422255176
41.67915158,0.19341671988257977,-0.33441484837944646,8.611330600552524
41.68919758,-0.2686011283606152,-1.3191266983952605,9.719124946735274
41.69924358,0.14754850214074058,-1.3628303673364026,10.248597279820967
41.70928958,-0.26334997389987336,-1.3503323330191963,9.244447712079312
41.71933558,0.3142058175969599,-1.3856216724151669,9.606400989235286
41.72938158,0.05052708298218716,-1.195219905892629,9.602191869715568
41.73942758,-0.208706793540192,-0.9236937990800003,9.335438530852178
41.74947358,0.16728865547182456,-1.0447127719471128,9.72902452165482
41.75951958,-0.2334234595908397,-1.4390117957845665,9.641662348708035
41.76956558,0.07812140673590201,-1.8919406405662649,9.739493532874834
41.77961158,0.1372371249862795,-1.7913744779444927,9.63286144542489
41.78965758,-0.48036802608129214,-2.592360132489403,10.20324039460793
41.79970358,0.4290658743939389,-2.3133974299165687,10.409578327597105
41.80974958,-0.39996435578541073,-2.616566561284325,9.469260787968024
41.81979558,-0.001021868517830641,-3.310187021621587,10.023446905365562
41.82984158,0.5508693250100848,-2.2305464898789666,8.827329345116075
41.83988758,0.17496625646034097,-2.1791689594396173,9.620890898607515
41.84993358,-0.5402811798041648,-2.845875591862967,10.778761524261713
41.85997958,0.1176198820255461,-3.2872220962991316,10.132758949464243
41.87002558,-0.18214011767136284,-3.4702230660542828,9.522379955212408
41.88007158,0.17644597902796408,-3.576033433939918,9.717671522766269
41.89011758,0.08396946677306756,-3.6942115184041144,9.56650922247199
41.90016358,0.024420954270394753,-3.8901813093105604,9.397837474878598
41.91020958,-0.0038489639288352916,-3.9978964998152953,9.408969320860695
41.92025558,0.15217375176734313,-4.08114024541108,9.648453271137411
41.93030158,0.1824582338399946,-4.010027897116985,9.41187054355292
41.94034758,0.2573803229427924,-3.8753779981190064,9.94763979740763
41.95039358,-0.2541659383054039,-4.122425951457079,9.553222847165438
41.96043958,0.08127887020980053,-4.275978765737524,9.490454446348044
41.97048558,-0.021573035517892466,-4.947896196660798,9.611669666321617
41.98053158,0.28130488825521655,-5.113543157473982,10.173037014580492
41.99057758,0.22421788203587487,-4.743982511429907,10.004668079019623
42.00062358,0.1236946205628105,-4.6298347396741635,10.056975673982517
42.01066958,-0.07551050153468951,-4.804625420385112,9.6600615341283
42.02071558,0.36694122220566644,-4.914647749020493,9.62949530989229
42.03076158,0.04767462849492926,-4.951842726094482,9.936961536443272
42.04080758,-0.27612325125463727,-5.343034635732066,10.241847137545093
42.05085358,0.05735859521700339,-5.626291464587094,9.987211651819232
42.06089958,0.31402214772938786,-5.7065631914079376,9.622976765738391
42.07094558,0.3039325829938723,-5.155655435143723,8.874717460531107
42.08099158,-0.54196504716501,-5.858765545968211,9.432944859386556
42.09103758,0.5635300152340919,-5.4083701636670485,9.761366716514047
42.10108358,0.1854188217788446,-5.268603956397993,9.50035643819322
42.11112958,-0.11706891777582865,-5.614533111024891,10.376977331636503
42.12117558,0.07572961990392313,-5.579060849670889,10.120766328279114
42.13122158,0.06605807152886209,-5.367609428571787,9.545298411112114
42.14126758,-0.09988968274912878,-5.590412855345688,9.604512324200028
42.15131358,0.10207939010752629,-5.550575476850691,9.54301610449737
42.16135958,-0.08100400847121812,-5.380690327586262,9.20896472344104
42.17140558,0.2155860138318485,-5.244995011962227,10.14437027008731
42.18145158,-0.028141656192534188,-5.030166344295136,10.225498979684726
42.19149758,-0.12650305151641178,-4.886999150299055,9.66404978827902
42.20154358,0.21480064012361721,-4.892119429560881,9.64946315562269
42.21158958,-0.030928256678760067,-4.74299869428554,9.359566088798552
42.22163558,-0.1403648776030704,-4.954685565958839,9.32559011346037
42.23168158,0.2054159916814515,-4.841752704357281,9.717063176320794
42.24172758,-0.17996109053453807,-4.895153862172329,10.007893499502556
42.25177358,0.07126770262872499,-4.910213896997246,10.16258441970661
42.26181958,-0.046279543977525144,-4.702938984129886,9.942491987616936
42.27186558,-0.10987888229877026,-4.574486398558852,9.538539128656751
42.28191158,-0.006920160884561055,-4.751348963504128,9.608661391905168
42.29195758,-0.05037824812006753,-4.5835202301069495,9.261592871099703
42.30200358,-0.12410375909977006,-4.674867322867388,9.323567438146519
42.31204958,0.20223828316502754,-4.513589095802321,10.185830167106353
42.32209558,-0.05121787014839662,-4.544128233025061,9.901070985674531
42.33214158,0.12373753343096046,-4.357801774856665,9.856430895454588
42.34218758,0.032243827794541706,-4.481878003465666,9.897001942301598
42.35223358,0.23520942790130384,-4.3564084512762795,9.621557106094631
42.36227958,0.10092380504075539,-4.3122509096972985,9.578929116012048
42.37232558,0.04466316732080564,-4.098651622668678,9.668757365333995
42.38237158,0.008459285511958433,-4.373834186553658,9.92403250346965
42.39241758,0.19394515219273636,-4.242796429266196,9.911336714722701
42.40246358,0.14707814713534126,-3.8482520340479582,9.58052668535494
42.41250958,-0.04598241837678576,-3.973372609562221,9.625086221964606
42.42255558,0.0039148957924989986,-4.125885889761262,9.721443286392514
42.43260158,0.05625302597583056,-4.059362013501363,9.670042282713244
42.44264758,0.06751074560551225,-4.330078609432221,9.978215583003193
42.45269358,0.18619732320986734,-4.23185749335171,10.04796700997574
42.46273958,0.038691461135337106,-4.02123200751889,9.65181620673269
42.47278458,0.1366034614909104,-3.846252750539274,9.58413201501146
42.48283158,0.13988447686027855,-3.906618405467537,9.735183535387248
42.49287658,0.03592482147846847,-3.7594682041289524,9.611653780393034
42.50292308,0.025333854643295,-3.904837085408032,9.683881589379311
42.51296908,0.2025583854923751,-4.185837117727795,9.88296859021752
42.52301508,0.20035447088472447,-3.9649375494527157,9.72642985283617
42.53306108,0.0877469657462108,-3.718495349258754,9.82220251481297
42.54310708,0.13143342173041708,-3.5850847664343157,9.858376589739798
42.55315308,0.06013107063813288,-3.4474672870057783,9.646234817380039
42.56319908,0.023224438545802632,-3.429280170569726,9.751039841007517
42.57324508,-0.008718597426237753,-3.5825624265872364,9.62361568583283
42.58329108,0.11932222013668033,-3.6341497534761493,9.597629636541745
42.59333708,0.031208762716514182,-3.419377332826585,9.62434963650252
42.60338308,-0.007333696349541302,-3.1748643667703886,9.45611648674542
42.61342908,0.036474301536796955,-3.2616472067786484,9.647864554788198
42.62347508,-0.012786022210445721,-3.5573167470105562,9.955755009390021
42.63352108,0.10750394115386043,-3.4966065401705655,9.926992274049534
42.64356708,0.004704444923587269,-3.4004951644189756,9.891400142705177
42.65361308,0.061072806475042415,-3.42882991707483,9.785505450176203
42.66365908,0.14976488230099255,-3.189638914093799,9.591453926281783
42.67370508,0.031707055926077865,-3.075279020752258,9.474790286538772
42.68375108,0.014376786762154706,-3.180809186754672,9.624660318329013
42.69379708,0.12798385172222937,-3.16706019783637,9.876666142262222
42.70384308,0.0666400918176673,-3.0320215595341744,9.815521502920756
42.71388908,-0.04834438044368464,-3.1670423580486404,9.756912321291466
42.72393508,0.014211132985592855,-3.270807507361589,9.73522412399953
42.73398108,0.10290020572078627,-3.313320166395346,9.658206897536566
42.74402708,0.07847772977909055,-3.1457165705146624,9.702797019290879
42.75407308,0.008137618037461672,-2.861694195583528,9.668979899472731
42.76411908,0.01138664336503164,-2.8821359730185088,9.75963532706352
42.77416508,0.02428745124844669,-3.0090698512547327,9.899496976125754
42.78421108,0.03467623501982633,-2.897469082307304,9.625268126256936
42.79425708,0.010338544964236715,-2.9707460662261562,9.53677357734753
42.80430308,0.12508748191915584,-3.074094968976467,9.690382151004293
42.81434908,0.07242994972203469,-2.9600068797916625,9.78342969906712
42.82439508,0.009619971269329107,-2.810755137384051,9.845082919476576
42.83444108,0.08640064382846069,-2.786515816664803,9.931847066319257
42.84448708,0.01858139667226952,-2.841174395850049,10.114515711009389
42.85453308,0.06303746035479361,-2.6409377437832533,9.461881500488197
42.86457908,0.17749831179383743,-2.867016402492536,9.56269306199986
42.87462508,0.06375948814395689,-2.8282407094489184,9.69654272402151
42.88467108,0.0650648723514669,-2.7464704917888403,9.662548604929427
42.89471708,0.11738336789682655,-2.6314915259857483,9.768769066263474
42.90476308,0.04481396054595639,-2.5768453254534345,9.733435361989267
42.91480908,0.009230781711330089,-2.6912392372960907,9.71666492314086
42.92485508,0.09236407716820837,-2.7506678455205114,9.754564945089957
42.93490108,0.059049008067827674,-2.6728636687000322,9.629066714787982
42.94494708,0.04964401966734114,-2.63079641079721,9.68065196632629
42.95499308,0.05380690943124397,-2.575004476149471,9.766814568132958
42.96503908,0.04584534601017269,-2.516932378353201,9.791425724838614
42.97508508,0.019026368976764983,-2.4991190711966507,9.782317047436587
42.98513108,0.031290873665505085,-2.5016678808281227,9.751554804387744
42.99517708,0.026367546873718305,-2.5981417072830433,9.77207923135984
43.00522308,0.1204077851987723,-2.6340440899608457,9.827844160520797
43.01526908,0.07404097376300142,-2.531647797165987,9.743911035634339
43.02531508,0.09202907255556286,-2.408896815416688,9.739170019599836
43.03536108,0.0878597849189913,-2.455820159345679,9.73989596291738
43.04540708,-0.08061388514904415,-2.4365088363296157,9.59542247112182
43.05545308,0.23029679015319496,-2.4051039257002325,9.82871666738832
43.06549908,0.05879898068423813,-2.46476053326182,9.821241470147937
43.07554508,-0.11549163355936301,-2.4884205538078734,9.630851195545013
43.08559108,0.09757298643798178,-2.485490753032018,9.781208405317665
43.09563708,0.11584139943794164,-2.4054839365448903,9.914884695425119
43.10568308,0.23715545856437037,-2.4049188429500417,9.664668182635356
43.11572908,-0.45081255884810084,-2.40284913612841,10.3358196537705
43.12577508,0.27820108307290853,-2.326467295443864,9.276741643204097
43.13582108,-0.07757986389906672,-1.9072216233961354,9.498410733549235
43.14586708,0.014943270041051743,-2.2514855981738737,9.868269459091868
43.15591308,0.13742190916441901,-2.390093138393775,9.978383069603687
43.16595908,-0.2654610677563679,-2.141701534111763,9.587583456360006
43.17600508,0.3401538242762296,-2.260376962744011,9.778636090097923
43.18605108,0.2600969314245872,-2.106456844296716,9.64333923572719
43.19609708,-0.08951264911299883,-1.9864275205649387,9.343015540182325
43.20614308,0.1570253379229218,-2.126975269066107,9.707233481887522
43.21618908,0.04063506943894919,-2.194145461705161,9.686217832537537
43.22623508,-0.04681834111704659,-2.2994683596983845,9.751489175927729
43.23628108,0.20801744100163955,-2.339366573279929,9.974654338798402
43.24632708,0.011980798539797353,-2.027003617349596,9.52148850161052
43.25637308,-0.05072046290339865,-2.03812466446027,9.817535680101187
43.26641908,0.33841732895109217,-1.9341392162671458,9.45881321983829
43.27646508,-0.05054022317565568,-1.9818502978028973,9.554176420846167
43.28651108,-0.01095711769730589,-2.109008854638707,9.800379410638607
43.29655708,-0.05447999502986575,-2.136461375432472,10.036597921072524
43.30660308,-0.2857427692880897,-2.0620143927335297,9.841727607222268
43.31664908,0.07155776817034545,-1.9586600381312347,9.846002657704378
43.32669508,0.037681535932858515,-1.8262381191717714,9.734855203047676
43.33674008,-0.1278632377907626,-1.8194640896051848,9.553737436467719
43.34678608,0.1250812116755528,-1.9728060558743703,10.004332895325222
43.35683208,-0.026756230443086056,-2.0546694021528897,9.930551152724767
43.36687808,0.014339592503235389,-1.9821359571697792,9.605171050194945
43.37692408,0.14370471095188497,-2.0410659821220825,9.748027993103824
43.38697008,0.036172569881275526,-1.932664550567442,9.611782636815184
43.39701608,0.054042324948670145,-1.8054966883068198,9.582434282510041
43.40706208,-0.03073894429988297,-1.9173573521409366,9.832741199308048
43.41710808,0.056549280757628995,-1.891300724519537,9.882713581071716
43.42715408,0.06409990567467719,-1.8929653843427283,9.829294054894651
43.43720008,0.016792365709026424,-1.8722011674661627,9.69252283144279
43.44724608,0.03714592287150846,-1.8823331175927265,9.60864272316825
43.45729208,5.461238661037401e-05,-1.977566847474296,9.74043328436644
43.46733808,0.04558447494812945,-1.9229508321159279,9.74642701275694
43.47738408,0.022119554058252496,-1.8146406543097162,9.817719442442726
43.48743008,0.0545324067467428,-1.8917222542352434,9.851548973692868
43.49747608,0.016218021702197147,-1.718247069355999,9.722221760811157
43.50752121,0.14617117165866028,-1.7950123606373543,9.440492106948305
43.51756721,0.057521661290665584,-1.908468094832605,9.726044437890813
43.52761321,0.05062431954325409,-1.9399579272930523,9.72362345810614
43.53765921,0.0687879791457601,-1.9119222737009511,9.751549868922524
43.54770521,0.07915063749614522,-1.7990372139324131,9.779638183926561
43.55775121,0.057781257088244976,-1.6957808596420503,9.767039081643924
43.56779721,0.0416841269243482,-1.6737701722028495,9.739416410115115
43.57784321,0.01210617095610429,-1.7279144844648684,9.674657693327381
43.58788921,0.04513107117303759,-1.8442902434421473,9.74001469881848
43.59793521,0.0006720112455670986,-1.8782341538334695,9.763091598731622
43.60798121,0.07718630313203408,-1.973930516299852,9.805880663190177
43.61802721,-0.04281351149810272,-1.7366471101811107,9.76524589823328
43.62807321,-0.018934453896125768,-1.6665300322204395,9.685004487543205
43.63811921,-0.01540330050599605,-1.6453504949724853,9.718584802977102
43.64816521,-0.04103950183815861,-1.7198043095367432,9.764813153195098
43.65821121,-0.0271729979111431,-1.7098383595728632,9.75812968954535
43.66825721,-0.013842335774590639,-1.7181138394794646,9.827911912703113
43.67830321,-0.024721616838201087,-1.7346459375029981,9.842951565382565
43.68834921,0.05021286318266975,-1.7776541697430754,9.823457425274405
43.69839521,0.06478428421164314,-1.7556666851484029,9.764520360140105
43.70844121,0.0673518963888197,-1.7130813361277442,9.698211459920717
43.71848721,0.10906357476023537,-1.675114547473985,9.68745769718437
43.72853321,0.07863487488205838,-1.6472791522823926,9.65754056474335
43.73857921,0.05799712083728311,-1.6358716623029703,9.696200343959774
43.74862521,0.01978933347705666,-1.6547506042858815,9.721417062682242
43.75867121,0.007763661809675178,-1.6956750440485633,9.747325028527642
43.76871721,-0.009656624189220992,-1.7306329599009442,9.70463324008521
43.77876321,-0.03768577628529674,-1.6999578558398163,9.633164683939963
43.78880921,-0.05865507986500659,-1.6616613863655383,9.642585197592751
43.79885521,-0.03434072826571042,-1.6881025616567722,9.659493165340265
43.80890121,-0.02171361338117808,-1.6357741230687828,9.656390273427565
43.81894721,-0.05724812654502861,-1.608692690288023,9.711710188360303
43.82899321,-0.04483052708246184,-1.6207314978649685,9.752279472880769
43.83903921,-0.0043311905854646615,-1.6667965346322444,9.78840698477859
43.84908521,-0.006685652970298157,-1.7107683864668541,9.802349224029689
43.85913121,0.036612964182269524,-1.6593562584141655,9.774603984777562
43.86917721,0.05114686038720275,-1.6508875947343842,9.731419451684769
43.87922321,0.06440498129393407,-1.6592384599690995,9.748011733232554
43.88926921,0.0848744879586332,-1.6201165671544746,9.71552695031209
43.89931521,0.074283469938506,-1.6163944497448277,9.712483018174863
43.90936121,0.10419844981651372,-1.6654615652238582,9.80699684595009
43.91940721,0.11384332784168563,-1.65849871250255,9.834004055896559
43.92945321,0.08465558302202933,-1.643359427910417,9.845603180563678
43.93949921,0.07012394307623676,-1.6225427274139523,9.795323103630238
43.94954521,0.05952310804707123,-1.5828911038996238,9.693482460195929
43.95959121,0.03570137153531926,-1.6289225036219335,9.691887643040065
43.96963721,0.07072024376254217,-1.62496916807482,9.712100859229984
43.97968321,0.034482330227537515,-1.6267114997841714,9.707247620269428
43.98972921,0.01937333428578108,-1.6644655282937035,9.806015901484589
43.99977521,0.04698666572627329,-1.6181925502142454,9.800004492795548
44.00982121,0.021491951571849105,-1.548650376088687,9.732665986568255
44.01986721,0.02043407034620294,-1.5927885801370705,9.71902309570532
44.02991321,0.05059605565769263,-1.5940734948187485,9.701611161011575
44.03995921,0.057539085972507606,-1.6096054405157227,9.743135883577695
44.05000521,0.09051157289259507,-1.752705485115169,9.769851502003192
44.06005121,-0.1614308354459092,-1.678779625609643,9.466075566095803
44.07009721,0.3252139788714331,-1.4170677962371951,10.037476459558194
44.08014321,0.0003512727321477664,-1.4586457783872369,9.751767748457704
44.09018921,0.05273235287616188,-1.5330212652271462,9.814025019746786
44.10023521,-0.0880214265969139,-1.5213857978901655,9.75211451140291
44.11028021,-0.02756033658178192,-1.615963764619942,9.598809053793563
44.12032621,0.12483965267610196,-1.5650184524110413,9.842156544185318
44.13037221,-0.007801997793657502,-1.4666653582243254,9.612224577989611
44.14041821,-0.023601649069023053,-1.5860873353297362,9.649840294969755
44.15046421,-0.03690433176289337,-1.4409654549403963,9.613492541848258
44.16051021,0.002377648114886896,-1.4395631457206604,9.607090099979313
44.17055621,0.028555088375577336,-1.5033839229750485,9.781876424608503
44.18060221,-0.007713273952846319,-1.407347432656446,9.677004661960584
44.19064821,0.004908830315780553,-1.4585386485002163,9.742610503821293
44.20069421,0.08414549490689963,-1.4453517791780985,9.801237256874078
44.21074021,-0.028565872866509873,-1.3868336645905897,9.682841784884666
44.22078621,-0.03386911291448426,-1.4218747099734148,9.726192731711455
44.23083221,0.0974661875627237,-1.3797685622273081,9.80332864481363
44.24087821,-0.02856735158193651,-1.429414662717325,9.733867827271538
44.25092421,0.08114408885101262,-1.408500881326893,9.806856742864365
44.26097021,0.07290734698529275,-1.408720083446064,9.800271608530064
44.27101621,-0.02194437164278406,-1.3849473944409352,9.689260532261555
44.28106221,0.16098262560016327,-1.3352789065208126,9.783265599131106
44.29110821,0.04430718856033583,-1.3265129803629376,9.704532670083356
44.30115421,-0.013020154609395783,-1.2933716788422296,9.660831844060954
44.31120021,0.1099000164577456,-1.3444788064264093,9.810702226027914
44.32124621,-0.01815003730111346,-1.3658043109808191,9.74246690011818
44.33129221,0.059528633041763625,-1.3317760913204262,9.757206468468796
44.34133821,0.05011414447550924,-1.3826820308047643,9.74059442278128
44.35138421,-0.016718686034655605,-1.33983531887907,9.620096250810324
44.36143021,0.052216637858325615,-1.2857867335047064,9.692285876293077
44.37147621,0.002053341237848815,-1.28703983140406,9.739986506781594
44.38152221,-0.01330123988973595,-1.2325972885699559,9.73648604746426
44.39156821,0.01638085561206706,-1.2440440483358823,9.774873841175715
44.40161421,-0.02946808212604803,-1.2690328476582013,9.749766163429307
44.41166021,-0.002592451841408754,-1.3175116991447333,9.744912073310388
44.42170621,0.02690510446682044,-1.3414396536739874,9.75657282489981
44.43175221,-0.0045788077885092725,-1.3475929167212353,9.71176630786876
44.44179821,0.05283960037204941,-1.3552511669397356,9.755206764851778
44.45184421,0.05880218365984551,-1.2816913617100107,9.722115022067655
44.46189021,0.0254058542830134,-1.214960972334664,9.698218931063558
44.47193621,0.06534253322826541,-1.1871783045788669,9.723220671485116
44.48198221,0.045436579421285025,-1.1733691898377465,9.682110700778699
44.49202821,0.03954595672661881,-1.2470039980663938,9.748327975326097
44.50207421,0.05711043472476634,-1.2489971527731585,9.772104034153667
44.51212063,0.004954259620590348,-1.281019477286371,9.761343648309115
44.52216663,0.04264139619189331,-1.2824215608263974,9.734992843699917
44.53221263,0.05358950643337824,-1.2587897844463356,9.754092608609296
44.54225863,0.00899507847103033,-1.2304734389699836,9.724052439758823
44.55230463,0.01324231140255943,-1.210283066424252,9.73107455030838
44.56235063,0.039868938432321435,-1.190991156351033,9.727729468699923
44.57239663,0.023782822682286636,-1.1501537425494848,9.752020529322
44.58244263,0.016044933408514456,-1.1139363417687658,9.793406675448686
44.59248863,-0.0009471592228550124,-1.121889483486745,9.740742096902512
44.60253462,0.036488866630835816,-1.1862713427739915,9.749511172674605
44.61258062,0.02150026519865771,-1.2684204612694658,9.780143215269142
44.62262663,0.029635114639381385,-1.301239120285491,9.764798758930738
44.63267263,0.013703136059426899,-1.2750308820053584,9.696363989346434
44.64271863,0.014820006962365696,-1.1998733338971066,9.593059283586246
44.65276463,0.0016169468186364787,-1.0942053723270282,9.622894912282009
44.66281063,-0.04381806247018695,-1.0700595691589574,9.668870138926398
44.67285663,-0.0030835951559698795,-1.0521742079865122,9.69854953265611
44.68290263,-0.01880889667511085,-1.0529647340570705,9.676918506352326
44.69294863,-0.03793672323150323,-1.114753158711896,9.674483828648885
44.70299463,0.0031033284752143924,-1.1595275341672104,9.681347446811898
44.71304063,0.002879112769903778,-1.2121935444678984,9.69933302543815
44.72308662,0.006919534717379792,-1.164034832458223,9.741775923532655
44.73313262,0.05991583595076247,-1.1458000206782852,9.721059804654306
44.74317863,0.05005127395943221,-1.0801041648075476,9.751380350882638
44.75322463,0.0706132162769781,-1.0163893573137441,9.722806565563774
44.76327063,0.03975086845093063,-0.9633977027933855,9.717974254196744
44.77331663,0.031191396506092515,-1.070338758252823,9.825743905446485
44.78336263,0.06740180591525391,-1.1682298867598844,9.8414878206654
44.79340863,0.05127912479379182,-1.184562454100207,9.790665558750089
44.80345463,0.10983313465464403,-1.2256152536061327,9.709846314422283
44.81350063,0.08187893913358091,-1.1897369749312439,9.79852989201815
44.82354563,0.0393033020508125,-1.0354457549117877,9.724539792152502
44.83359163,0.08652121735743402,-1.1070763682454157,9.79562118224211
44.84363762,0.090470334099197,-1.088235755304508,9.793262532711415
44.85368362,0.05114738776488497,-1.0007642493987399,9.70656049727393
44.86372963,0.031226107316583002,-1.0235896338818802,9.737456899376856
44.87377563,0.06558341866851654,-1.0510212357238475,9.722786634892195
44.88382163,-0.019688678067612417,-1.0274765483979738,9.785515833888265
44.89386763,0.0015577594916272076,-1.0845494681894046,9.80390106615261
44.90391363,0.018270745024554474,-1.0641291281773826,9.732877674173828
44.91395963,0.003329563096424163,-1.0407652401452132,9.683915155165518
44.92400563,0.016495973137165682,-1.1037437866947466,9.717028533644712
44.93405163,0.015217128675736453,-1.0724764433901204,9.754086296408758
44.94409763,0.016589499601503774,-1.0143248713999307,9.739715705053465
44.95414362,0.042520500556963825,-0.9755085658416818,9.740063889393282
44.96418962,0.020974952638600077,-0.9101620976216296,9.676812054885206
44.97423563,0.017531453183694173,-0.9803161696457444,9.641793527605802
44.98428163,0.050796122333046874,-1.0684903294570989,9.784836004931263
44.99432763,-0.011171800090313393,-1.0164906382531214,9.780084387094032
45.00437363,0.03409136742171056,-1.037270076671705,9.797074957828112
45.01441963,0.035187385003114253,-0.9837443616451209,9.806838638122587
45.02446563,0.048155357174610856,-0.8933861698551028,9.713600621902705
45.03451163,0.02586950517805849,-0.9187081144763639,9.685340463873548
45.04455763,0.048347988018876305,-0.9191373152686023,9.715543377417966
45.05460363,0.02184091598700071,-0.9788192024046375,9.73873096356926
45.06464962,0.04098825138172982,-1.0344306890234893,9.803951055847985
45.07469562,0.03322022087681427,-1.018786678997502,9.751537805911791
45.08474163,0.04022024543418993,-0.9970356964054841,9.74523364093535
45.09478763,0.050992228790137546,-0.9568857109751253,9.718566103266195
45.10483363,0.01611905827976532,-0.9034108410754498,9.698197652250862
45.11487963,0.021048184413153214,-0.8962413350233197,9.742253936891027
45.12492563,0.018404952322455138,-0.8515927855786517,9.737802587409579
45.13497163,0.013372349906130662,-0.9087332919759409,9.757731977168316
45.14501763,0.043533594962404984,-0.9340879853701322,9.760172499444241
45.15506363,0.017104458527802766,-0.967360136640015,9.760263133217972
45.16510963,0.06207128233776732,-0.9282392329437312,9.71775140451707
45.17515562,0.07419302107239403,-0.8572683114714283,9.678975105641266
45.18520162,0.006797564900355017,-0.8639408175441028,9.701560823919849
45.19524763,0.035322196974773366,-0.8220352715211016,9.744324518586428
45.20529363,0.018360513941636507,-0.8589021845274525,9.749576623198191
45.21533963,-0.0016513943733680845,-0.9417659422216573,9.80131049412777
45.22538563,0.049081013720696585,-0.9288238855899043,9.767318297789874
45.23543163,0.037034478265727436,-0.9065483950618932,9.716518833913458
45.24547763,0.05150411721508634,-0.8112512609791581,9.70880521641454
45.25552363,0.013338427200934358,-0.6778219726269367,9.646209317261272
45.26556963,-0.01850653009906601,-0.7233326955117096,9.7148344049165
45.27561563,0.00033379926247068193,-0.7701606205041668,9.758792345512049
45.28566163,-0.03802531778840299,-0.843218847798582,9.717808728639405
45.29570762,0.006039602078927947,-0.9601806728630453,9.73001480100886
45.30575362,0.01908112721326931,-0.8662308966161545,9.734339980516413
45.31579963,-0.014988107212029143,-0.7051684122823569,9.726241661983435
45.32584563,-0.01890016269091511,-0.638626942879067,9.714953892850998
45.33589163,-0.01133788204885085,-0.600044277824622,9.652539991267073
45.34593763,-0.05254628173423484,-0.6980183086032249,9.626933421826129
45.35598363,-0.02439199100648712,-0.7864221829905691,9.672736658128365
45.36602963,-0.03346792172734066,-0.8313983858164958,9.769494024095291
45.37607563,-0.0390268769456509,-0.8061253868172029,9.783330305734298
45.38612163,0.003714507835144065,-0.6985927693400414,9.737575635802964
45.39616763,0.004630645151074451,-0.6177925995830514,9.62758948591774
45.40621362,0.04665262855994315,-0.6014128107768145,9.692120068812223
45.41625962,0.060510033430372374,-0.5929284115040516,9.788227188996752
45.42630563,-0.08074642950245427,-0.6472127963619859,9.735189945849363
45.43635163,0.08482083319613523,-0.8031003362543878,9.822296157019519
45.44639763,0.1334548873777175,-0.7441507126148651,9.762301194108083
45.45644263,-0.06293859557822055,-0.681844600883597,9.77145141827904
45.46648863,0.04914333602281175,-0.6310232666975241,9.872761560836796
45.47653463,0.09985626527449884,-0.584021312227885,9.70564886627113
45.48658063,0.027687002030939482,-0.6489936176587259,9.58459278934688
45.49662663,0.06366762908801676,-0.5819104646196055,9.63844865183503
45.50667208,0.09320409924022942,-0.595988437457503,9.704229386729713
45.51671808,0.038508321469312976,-0.6179331981897311,9.849456649764404
45.52676408,0.07662195077433702,-0.5271025180578441,9.841793745503713
45.53681008,0.07104115103510383,-0.5106198832971288,9.729819788382633
45.54685608,0.0730614642204773,-0.43639660047320594,9.63376888819894
45.55690208,0.07756007236179402,-0.5121827579439862,9.705078913767602
45.56694808,0.08125778686718221,-0.4695614411366356,9.807094793070332
45.57699408,0.06913798146946512,-0.4269500756018175,9.820276557388974
45.58704008,0.12461297762236805,-0.4582078839963427,9.811645773207953
45.59708608,0.11241772611354034,-0.36527343919009025,9.739766225600553
45.60713208,0.11978989537883393,-0.3122509999861957,9.778453427688955
45.61717808,0.10366891067830923,-0.3024702458287048,9.72445682577867
45.62722408,0.12360740014170916,-0.13417895311510392,9.498843462990907
45.63727008,0.05994464194382233,0.08398796301183901,9.18143919768156
45.64731608,-0.06604762768827133,0.03740455843606514,9.183048456054873
45.65736208,-0.08585290725197611,-0.746111249271061,10.374381123892919
45.66740808,-0.1705976260879702,-0.9722640432167929,10.900351775870414
45.67745408,-0.07128186859661356,-0.5586568750479801,10.07176028583896
45.68750008,0.11347261252655352,-0.4935214174789941,9.384253424126682
45.69754608,0.03203619882011251,-0.13188941536463916,9.378226840495856
45.70759208,0.10191393813193861,-0.0665387469527559,9.781586337172042
45.71763808,0.08840501579899077,-0.11622979749416146,9.714178512349415
45.72768408,-0.6163628766239636,-1.2330660798513906,8.643952616572738
45.73773008,0.8982325426685837,0.957171731317934,10.293023283800146
45.74777608,-0.0770665482368612,-0.09735514599867512,9.998994022808127
45.75782208,-0.01891052688681932,-0.28968405489125604,9.888529616329654
45.76786808,0.02540771770111167,-0.17376611317226667,9.845417339979708
45.77791408,0.14959520991245626,-0.1134343094098557,9.692944427121823
45.78796008,0.10484707832024365,-0.04412028682358213,9.881422023910972
45.79800608,-0.006983100170545678,-0.19685174483644863,9.996549296997669
45.80805208,0.2176710896706271,-0.4265231646310998,9.929030927237001
45.81809808,0.2660843569774212,-0.43954395682103214,9.69571465135205
45.82814408,0.12297167865792318,-0.07955829679164185,9.486461431472991
45.83819008,0.10437024416172597,-0.22557510374559744,9.865470462471263
45.84823608,0.1366484312738445,-0.3159608635433589,10.052375741267834
45.85828208,0.16421738330940222,-0.030753815452396728,9.8245864874264
45.86832808,0.15932107148235322,-0.1659831805866831,9.744129448876908
45.87837408,0.22016370491961582,-0.08831534705803795,9.740033937039392
45.88842008,0.1360285540831137,-0.20506856414879873,9.78466207393058
45.89846608,0.045511753379381494,-0.30208061110584106,9.95954045627434
45.90851208,0.08326785820723326,-0.20622267379240977,9.596673585932246
45.91855808,0.029706994831484812,-0.041024130601146104,9.080647255997611
45.92860408,0.20010879692463607,0.09815722123086566,10.093282971087309
45.93865008,-0.09562299469788428,-0.6623400342294253,10.988499530243695
45.94869608,-0.15829136328269236,-0.8768491283780754,10.617056863229852
45.95874208,0.4753179569742381,-0.2793455323113065,9.607040121871933
45.96878808,0.31025685482484167,-0.3305039155792662,9.59674796491496
45.97883408,0.5149744473960436,-0.20307219796697368,10.287056494284293
45.98888008,0.35098402886963975,0.029117918340179984,9.89400327480807
45.99892608,0.2212185139570092,0.3019065393675005,9.13017666346313
46.00897208,0.3361453511556665,-0.05073725582211582,9.723553961960478
46.01901808,0.34895207524434596,-0.3228620682244146,10.414777075259753
46.02906308,0.16136175127389962,-0.28334419738470035,10.283507780020635
46.03911008,0.24854610925975365,-0.5984211830148135,10.304391250514076
46.04915508,0.3602533014750137,-0.573598454305412,10.319423211544724
46.05920108,0.31786131988889194,-0.07090400235082064,10.166065269074027
46.06924708,0.24718585056318726,-0.39830022836011014,10.357329157351973
46.07929308,0.45796743036390103,-0.531445836575019,10.068674432326958
46.08933908,0.42555960858097835,-0.14113192361689156,9.530677615010124
46.09938508,0.31584362436080904,-0.3940076632428621,9.978925015591415
46.10943108,0.4760410826281327,-0.2353937252000426,10.184993624049968
46.11947708,0.3756910760956796,-0.40746003435134004,10.20731745442783
46.12952308,0.4588259249222561,-0.5051598037711903,10.170156374866515
46.13956908,1.0967868508101144,-0.18914074168093556,9.505835727000388
46.14961508,0.24303466378796035,-1.0766234368098402,11.233969729722995
46.15966108,-0.658313273898746,0.45003513563507863,10.469214085224014
46.16970708,0.5000066536102644,0.045481076302274145,9.110114641592933
46.17975308,0.8093891237685215,-1.2734215938089268,10.37563034265611
46.18979908,0.3207387540720204,0.08434356502909608,9.588220391364416
46.19984508,-0.08459614116022042,-0.6488351264691296,10.4713392406331
46.20989108,0.09365229698621294,-0.23373412563155718,10.033236824007155
46.21993708,0.2948509011109004,-0.45938008195708785,9.740554183486905
46.22998308,0.07922575831317706,-0.8421994591216737,10.503347973156359
46.24002908,0.15621123703538106,-0.04395418839464046,9.899822104482874
46.25007508,0.09102020202779534,-0.40893347428289123,10.131789522955792
46.26012108,0.16242284664239284,-0.327290994195217,10.057881482973897
46.27016708,0.33754601867354905,-0.2794961727132636,10.078476925703054
46.28021308,0.20438722376707555,-0.24836317347529252,9.989673773258989
46.29025908,0.1903129104516093,-0.29128878033012856,9.954205506768531
46.30030508,0.3152233074620455,-0.4865257109044243,10.204045324120644
46.31035108,0.3095696095235138,-0.19166188339660484,9.866463351359226
46.32039708,0.287545784486397,-0.17979889120320425,9.700143307395589
46.33044308,0.5301363734207365,-0.016753459706571407,9.79432400156158
46.34048908,0.47879583721010294,0.33387591173153613,9.54557735677182
46.35053508,0.35732350419835024,-0.005911838686544668,9.248625083299538
46.36058108,0.5541004166580304,-0.3743166605829516,9.363170819235819
46.37062708,0.8048916015694083,-0.45912712611957157,10.362711417905484
46.38067308,0.8723058896676255,0.9224717025211808,10.903138483255935
46.39071908,-0.2818383753343424,0.9397204387286294,10.496609013785863
46.40076508,0.3727366097126665,-0.4403071724344971,11.037788974521963
46.41081108,-0.17460211453704058,-1.0343554029773183,9.477178140853969
46.42085708,1.848525962887392,0.08771858396569639,10.104367545921157
46.43090308,1.931533060601514,-0.39291805492839416,10.465984652721556
46.44094908,0.8980242884433959,0.39178538981946215,9.181643939886564
46.45099508,1.3221874842773038,0.35112259289284437,10.549543716346658
46.46104108,1.175809675325324,-0.01156847404979647,10.877153310669577
46.47108708,1.4576472125878992,0.33942360560807916,10.3275807927408
46.48113308,1.1802080804981114,0.03195298119558409,10.472562251231599
46.49117908,1.3001213154008346,-0.2806878534532821,10.685270298527074
46.50122508,0.6153898182283339,-0.19085450378767288,9.868574663761954
46.51127171,0.552467099456851,0.04241323498139269,9.305390489016812
46.52131771,0.7362931462337564,-0.0421754576370699,9.69426364209203
46.53136371,0.2859949756304066,0.07108172211279815,9.643452757058151
46.54140971,0.47946211423036056,0.3161585110155522,9.099448301921619
46.55145571,0.44089145856220174,-0.31126584425770987,9.04058751431616
46.56150171,1.591953504522653,0.5435598419535663,10.127554681846004
46.57154771,0.5217015865822069,1.4866859180427305,9.359317165520958
46.58159371,0.34365469989023095,1.2969775590638613,10.221248106769403
46.59163971,0.35145599924983983,1.3620129271517538,10.397505980211111
46.60168471,0.3246004415413121,0.46791391892119877,9.542648914375171
46.61173071,0.8416851994308966,-0.8745219412572314,9.983720243354977
46.62177671,1.393989960551158,-0.03470285474578351,9.734560568973563
46.63182271,1.1473311553509566,0.7984916459695024,9.490428240126347
46.64186871,1.019725048465854,0.4605683597593704,10.568891738877143
46.65191471,1.6429076600575976,0.9129225078712876,10.703221588798279
46.66196071,1.2172154385794818,0.8580079008254419,10.538157781451456
46.67200671,1.2486686882653542,0.1484669270727487,10.802993841447009
46.68205271,1.76100121447469,0.17949010110767713,10.308661102197071
46.69209871,1.1431347650394823,0.5116968163837629,9.600663660639299
46.70214471,0.8995917393067195,-0.06095844220169634,10.107547588156805
46.71219071,1.0003696787723915,0.18008978732677944,9.96997623236522
46.72223671,0.7743408040869747,0.6864080872225569,9.695431910274394
46.73228271,1.0249414900210896,0.2001471120084155,10.492656755018132
46.74232871,1.2871576335502173,0.3581025247000179,10.295604525879268
46.75237471,1.048093826428224,0.6389086389154258,9.853653435478751
46.76242071,1.2126818511572948,0.6105506311269272,10.235752521728697
46.77246671,1.321199934841919,0.4956586371450416,10.142770516195297
46.78251271,1.3253034410619424,0.6568941271800048,9.9098609432567
46.79255871,1.0842594089796167,0.7786910172572933,9.89338945618404
46.80260471,1.0095219446400807,0.5478065296410007,9.920383073602864
46.81265071,1.2119126214363576,0.2579502027669623,10.425901503719267
46.82269671,1.0377851330519234,0.18229506930591202,10.498684511662058
46.83274271,1.008244171292645,-0.025226393323128805,10.495922581271806
46.84278871,1.1979030878340164,0.0717739447473145,10.434894643496824
46.85283471,1.1938383108758903,0.3751678562141813,10.01093717998691
46.86288071,1.2927425782084767,0.4731025605612419,9.695255925902089
46.87292671,1.4063365653870326,0.3216551855194599,9.851030861866061
46.88297271,1.6952663886053543,0.19802176312372188,10.067928449325727
46.89301871,1.7531160481231056,-0.11454602279930316,10.307949932510416
46.90306471,1.558541860922878,-0.1624343318465669,10.141918691283852
46.91311071,1.6942820666885536,0.1712869591518567,10.024589558733489
46.92315671,1.4216492608890248,-0.06056487016259122,9.931360846777668
46.93320271,1.4691550007344363,-0.38913801643866497,10.06396005800387
46.94324871,1.375119118649132,-0.2302748484487481,9.908387901945947
46.95329471,1.4680726447704322,-0.14382531547515034,10.079704820456994
46.96334071,1.710876940381862,-0.20000028220915608,10.476546635375964
46.97338671,1.5580262727302172,0.14392288010612897,10.075422954336663
46.98343271,1.388581583903982,0.3234223769126983,9.947706634249739
46.99347871,1.3594148276513498,0.001955358164615136,10.014785957644333
47.00352471,1.4560153942281904,-0.09598029555628397,9.695562141022
47.01357071,1.3333439268477139,-0.27121967506723577,9.755095529430854
47.02361671,1.3848867095722703,-0.23657041817822358,9.852888293207133
47.03366271,1.2336853746141367,-0.3349303138465624,9.721014308519884
47.04370871,1.385789444371296,-0.3833773262234151,9.886435372101529
47.05375471,1.5423851481926145,-0.22928441820654735,9.957687983444824
47.06380071,1.5070605874201497,-0.37447559338595465,10.055763882649769
47.07384671,1.707712046844742,-0.32958541194562574,10.192123753736805
47.08389271,1.639065577314912,-0.3008302247051878,10.018948438407383
47.09393871,1.64299970860001,-0.3693416179590219,10.021241090526782
47.10398471,1.6931998097123784,-0.2820970248743056,10.019539619804803
47.11403071,1.7324767935408865,-0.2699683400825719,9.865137948679337
47.12407671,1.5244963908554308,-0.6836066365630106,9.94492704405295
47.13412271,1.4867074701322613,-0.6822234704502184,9.74646791152229
47.14416871,1.6341447070495752,-0.37402251267587994,9.609497669476534
47.15421471,1.4153261192602289,-0.4807683528429587,9.776475490615022
47.16426071,1.3275347074338213,-0.1749396510754887,9.35788741478171
47.17430571,1.2731379772353395,0.05948331015483817,9.064854079612566
47.18435171,1.3572967874133979,-0.5246566522735916,10.275050829537998
47.19439771,1.3755719466544476,-0.6057382150730698,10.546693187482834
47.20444371,0.9268096296650163,-0.7421776302209834,10.006301932061824
47.21448971,1.3075080889172255,-0.5376433037775996,9.8844726780786
47.22453571,1.4007244834694634,-0.33359550526314824,9.259154859377078
47.23458171,1.1906948659380416,-0.6017783835499128,8.950382890414883
47.24462771,1.3717563867352407,-0.3538603501278679,9.484374211472197
47.25467371,1.5319544367801974,-0.29622925524126714,10.22267649190284
47.26471971,1.6530254195844056,-0.41605673578587193,10.342690267736437
47.27476571,1.7460539686111862,-0.5472830910494042,10.230435803893009
47.28481171,1.6487268917741325,-0.28355961453771095,9.647087591362347
47.29485771,1.7631440944096142,-0.18630201891105222,9.553519277722536
47.30490371,1.5855207429135703,-0.38369673873515386,9.65352622887304
47.31494971,1.4344353980283355,-0.37516504942331924,9.844944126985595
47.32499571,1.4087148253292694,-0.3887163468510915,9.935530072163239
47.33504171,1.3200700595648591,-0.49950751379003944,9.703833042359829
47.34508771,1.42846212954669,-0.561528918523982,9.91114386521481
47.35513371,1.2585222898091954,-0.3712362076338233,9.788346397489455
47.36517971,1.0522079776838393,-0.2907323563663273,9.549693484191838
47.37522571,1.0841885658780237,-0.4894500305785159,9.823632387795993
47.38527171,1.2435668822726407,-0.3667966504688847,9.575421991435517
47.39531771,1.1813760296881126,-0.4596539536004658,9.505500424020148
47.40536371,1.3506826292120042,-0.47077273828898875,9.699086909984755
47.41540971,1.6979891130811833,-0.2685722733640405,9.637563360870248
47.42545571,1.530633274584106,-0.5407929836771084,10.084330583244682
47.43550171,1.547114337529229,-0.3572466961558036,10.123417305601476
47.44554771,-0.18459477901638385,-1.442446250433869,9.24902205844205
47.45559371,2.8181625923727682,0.17228847966207259,10.39571639746492
47.46563971,1.9769503953319214,0.1309007064578813,10.09303859652974
47.47568571,1.144009757032053,-0.5191143853528604,9.628829109792957
47.48573171,1.4691419478037486,-0.4947766390961214,10.137640208985278
47.49577771,1.2482730220747535,-0.30327070266925704,9.781876345549971
47.50582371,1.4603867746008783,-0.3544338458689116,9.502243019468132
47.51586896,1.3128048143156907,-0.45204801810612183,9.848025063136218
47.52591496,0.8948917946156384,-0.2421075949677963,9.661736859823906
47.53596096,1.010635707430161,-0.32650395343661115,9.487832135256783
47.54600696,1.1065318620826479,-0.49297662341755655,9.8113867203672
47.55605296,0.9993487202587343,-0.5627970163214724,9.891663000803517
47.56609896,0.9090978531785123,-0.39047562062087904,9.606325596029738
47.57614496,0.7111513516801513,-0.3062875875663598,9.422197079954849
47.58619096,1.234298849891289,-0.32579471007877614,9.761758536190175
47.59623696,1.3912038462985148,-0.38561685751031666,9.780552663585144
47.60628296,1.1853300815219576,-0.460213606231139,9.561348162381694
47.61632896,1.7408633914181888,-0.3885271959766754,9.710161990783176
47.62637496,2.1633428760372926,-0.6425853579538284,10.085170698108945
47.63642096,1.7493195771540975,-0.5944482461452969,9.906487137971556
47.64646696,0.3278413780347095,-0.5330400959491615,9.42886158050282
47.65651296,0.5223499223851668,-0.8480442668738477,10.348962887919871
47.66655896,2.2780218211351566,0.06704009111582852,10.583680944491684
47.67660496,1.9318282914582734,0.15924925961410052,10.079091079357509
47.68665096,1.221316336411586,-0.32119748172411255,9.948330855589496
47.69669696,1.0024202551126329,-0.4602111159450543,9.059151315432743
47.70674296,0.958108830878944,-0.3493754383047763,8.813451114585497
47.71678896,1.0256957176706925,-0.36375706565383104,9.406812305819075
47.72683496,1.4160291613298825,-0.2615844188114845,9.992946073021209
47.73687996,1.1754420310984497,-0.27431682736416513,10.052453964503673
47.74692596,1.137901018580938,-0.15649401566469723,9.851904864254948
47.75697196,1.4146973518295718,-0.3701465626575522,9.951109504679827
47.76701796,0.7863336813379874,-0.423461203469613,9.46594826000557
47.77706396,0.7769542569837646,-0.6269647537120575,9.884156336307854
47.78710996,1.7766497276703572,-0.9274601563193099,11.046788909595362
47.79715596,1.7087394791358324,0.19676050627618824,9.028581312214698
47.80720196,1.1775678613093599,0.007291372896949928,8.390449759980347
47.81724796,1.8373699710317482,-1.310963741041086,10.90989058365447
47.82729396,1.9262681840706255,-0.38056810781652517,10.720385943107457
47.83733996,0.9562529270197214,-0.9823799758203564,10.636692928812085
47.84738596,0.6653698850429743,-0.6004529592951585,10.105702855160851
47.85743196,2.0540161179142493,1.468584498869305,8.195839199043846
47.86747796,0.6504939038779661,-0.1317934518129332,8.588245586128615
47.87752396,0.5720383365019643,-0.5942676086878743,9.403089409861614
47.88756996,0.9885088732374826,-0.26804460711473094,9.869227506420449
47.89761596,1.2888604711901481,-1.9344006019849624,11.496260005313484
47.90766196,1.6329083246930627,-0.8414187649696154,10.652461586874734
47.91770796,1.8471353212204642,0.3505066819956505,9.458859120082765
47.92775396,1.8617020850381707,0.2637075254668608,9.005862706025264
47.93779996,1.1895441371091817,0.20357139672854335,8.31914202231788
47.94784596,1.174580644148508,-1.0117923916365164,10.316698055600895
47.95789196,1.1730698311839187,-1.1657921407652827,10.9570105879659
47.96793796,1.2362094191516444,-1.1540554666476424,11.012400556443302
47.97798396,2.4055666989588786,-0.09224442015213796,10.52957311438135
47.98802996,1.9480327750786735,0.6220075153180779,8.868913119839615
47.99807596,0.7608067868242867,-0.5270056947513669,8.812768222845888
48.00812196,0.7733649002442744,0.34389719092601545,8.724357478989429
48.01816796,1.1275501946904292,-1.0842910285831044,11.193250362783896
48.02821396,1.7901913202781061,-2.2724613258835795,12.76412319252755
48.03825996,1.572942318958378,0.3468142902237427,9.409764803891633
48.04830596,1.2629391984298457,-0.2655618234838781,9.556496135277143
48.05835196,0.8951141495389755,0.4005045855575945,8.39740119039713
48.06839796,0.6908168518512822,1.2782504234484668,6.803561353626872
48.07844396,0.943839703316971,-1.7895416880250459,11.159907392870858
48.08848996,1.346828777815181,-1.8422939382084131,12.301539938934168
48.09853596,1.7912929733278522,-0.7756065579414272,10.626899145233212
48.10858196,2.062719557299101,-0.5294399063753382,10.253827593927246
48.11862796,1.0684112564253705,0.41454301201260046,8.674461124404775
48.12867396,0.5127843413120902,0.4661401369368719,7.540134338234995
48.13871996,0.9439733541613379,0.513030354952818,8.946217881138327
48.14876596,1.330230804221831,-1.0512412981677153,11.90639686530366
48.15881196,1.3055309331871339,-2.289024758730633,12.699846879924365
48.16885796,1.2962728596145043,-0.12537160646483442,8.995511460146886
48.17890396,1.1283811436312192,-0.3326005058738294,8.672116563136727
48.18894996,1.136791136978248,-0.06317875460057179,9.10564502441719
48.19899596,0.8387156182284947,0.6728081298487458,8.156391984050197
48.20904196,0.4422645615654639,-1.5023280981055205,10.420213281810083
48.21908796,1.3243677777069838,-1.3260591043313488,11.90015608127996
48.22913396,1.8300291876374188,-0.584299531469871,11.109142141007027
48.23917996,1.3804365343703078,-0.45592670810586383,9.92341980180873
48.24922596,0.6298290180200544,0.8379219921103126,8.183803142025422
48.25927196,0.4737044448821257,0.18915021994586415,8.293991912027511
48.26931796,0.810047527438303,-1.065384686549783,9.852762565405241
48.27936396,1.347365198493858,-1.3123821955049118,11.047751119736528
48.28940996,1.666697385964342,-1.2609769738757017,11.39127724824734
48.29945596,1.9640657025749386,-0.39388895896649034,9.99907292066098
48.30950096,1.5462733837743694,0.06743505619399658,8.734033927063422
48.31954696,0.9942872113788382,0.2539548754759454,8.797435730238213
48.32959296,1.0945895324689487,-0.03392317003660121,9.988645338157427
48.33963896,0.8827508992436602,-0.8815620149382491,10.792514037533444
48.34968496,1.0147376214253638,-1.2824214497097615,11.349805919735937
48.35973096,1.5321561507610941,-0.7650492358243473,11.092722034253663
48.36977696,1.3014722879687282,0.49356664866488115,8.568544436998092
48.37982296,0.5302724957605243,-0.04824618099064962,7.593731591326945
48.38986896,0.9785538140252331,-0.9321937523030706,9.385256144482165
48.39991496,0.9735361887170012,-0.35864172684379725,10.263982567405293
48.40996096,0.5758060324578114,-0.9621584320129349,10.683271816519635
48.42000696,1.3971979118216442,-1.0630937122706947,10.941249328553013
48.43005296,1.5983633588000197,0.17193746571460464,9.616513028020291
48.44009896,0.7809460127115756,-0.26720010554095003,9.593900998910023
48.45014496,0.5327685161960374,-0.5238271265372674,9.410205559657726
48.46019096,0.4920060334209794,-0.0998917550644584,8.914119089748784
48.47023696,0.49971957368126746,-0.5805456342373639,9.99782388458717
48.48028296,0.7453687991101943,-0.5290680485873287,10.44833094823176
48.49032896,0.8688030306616992,-0.42031565214315747,9.927493766223648
48.50037496,1.1115382873084323,-1.0042661223635911,10.04037016048576
48.51042146,1.4852820062081995,-0.5419039782190218,10.044802769077885
48.52046746,0.8292786493296512,-0.0066259551950314105,10.25221961690136
48.53051346,0.5359547934233475,-0.5987454598057487,10.125354841562196
48.54055946,0.7340594652352693,-0.7699181022932956,9.448690933522187
48.55060546,0.6984456077552831,-0.3472868510658159,9.331029708336384
48.56065146,0.9564710497711819,-0.6407555695041558,9.995388678549993
48.57069746,1.6826623436470827,-0.682107204003446,10.59479918769912
48.58074346,1.121192150461103,-0.24088952316263004,9.467662040295753
48.59078946,0.4374868452451124,0.039387037124476804,8.98587415172003
48.60083546,1.3282784965476804,-0.23538697901290012,10.43810631627727
48.61088146,1.1265512892126375,-0.21595603413857586,10.448380347649238
48.62092746,0.25096818770001555,-0.34265503723700663,9.264412282598638
48.63097346,1.0947865999371738,-0.8066616455730822,9.24998522451412
48.64101946,2.0136380375175578,-0.8424445650005051,10.245670288593356
48.65106546,1.6047415726900685,-0.3891903315772547,10.397641267637386
48.66111146,0.5086403921596134,0.2068785160379637,9.9553593034022
48.67115746,0.41783238121633604,-0.31041989163997946,9.878319835043179
48.68120346,1.034483947065835,-0.07731182427863131,9.324945806412602
48.69124946,0.4028905278764166,-0.029300242656727614,9.133265122082172
48.70129546,-0.06205127404770963,-0.4699784672468978,9.64537043785004
48.71134146,0.7364187905868443,-0.26748716588166926,9.476397122663531
48.72138746,0.8439102766683544,-0.054959218225435015,9.502124730605024
48.73143346,0.8545365258588649,-0.3561004960964415,10.722323350432521
48.74147946,0.36847217936269244,0.15813434686744213,9.985530230521075
48.75152546,-0.7142427970271191,-1.13545272946913,10.406340067657847
48.76157146,-0.053219995493438504,-1.6154930692155673,11.318308559276867
48.77161746,0.8693888019999318,-0.95638744457477,8.72245435997366
48.78166346,-0.738149549925752,0.5848832904173606,5.09174819696074
48.79170946,-0.5086753563998481,1.6116233390057713,5.2523364247347075
48.80175546,-0.9151697966046507,-0.29062746225791575,10.7210862060148
48.81180146,1.8948858424752182,-2.0533176314717223,16.0257205354683
48.82184746,0.08009597766325294,0.27912907116517005,13.406103789558019
48.83189346,-0.38655332368822143,-0.9104650268464741,8.772373624226999
48.84193946,2.996811310611205,-1.1297143158349312,8.398617255550825
48.85198546,2.4384020856185127,0.7568633437329021,6.493245608535219
48.86203146,1.3033408985342128,-1.2938018846638193,10.77568920671887
48.87207746,0.3070804648745851,0.42153041910858785,11.669869677656724
48.88212346,0.6820044848983198,0.6031621175522945,11.861348041902765
48.89216846,0.2552257146669971,-0.198559013558348,10.97880039332021
48.90221446,0.5657537625504343,0.7122952604395902,6.314305443986365
48.91226046,1.598398757430659,-1.3641926570324585,8.886056345411385
48.92230646,1.7054655459057306,-0.3938103124791988,11.095006701553476
48.93235246,0.2593706336801197,0.2727944202381501,11.051763485837188
48.94239846,-0.5116036958559624,-0.42323468743894677,10.877711397184951
48.95244446,0.40415321486579353,0.3417611548294797,9.561328522833065
48.96249046,0.33039375779393143,-0.1788099368055521,8.940427083046481
48.97253646,-0.14391163236697996,-0.3716500804093411,8.435702578247657
48.98258246,0.40698094815808183,-0.6010175261062409,9.057222104744287
48.99262846,0.3599085048073574,-0.67199521108308,10.338066732522005
49.00267446,0.5670161481236187,-0.47691911219491173,11.490394727494747
49.01272046,0.5511205852901736,-0.3529259998677065,11.12239697166503
49.02276646,0.07278296104315543,0.7978208790680917,8.66948649474606
49.03281246,-0.6177136175524176,0.6206408214561561,7.121584447045256
49.04285846,-1.4445210340900387,-1.301071952766674,7.944665278594835
49.05290446,1.5936092912342825,-0.01770359550961287,10.179537612978638
49.06295046,-0.5387617773664193,-1.3277191195522722,11.951017113767218
49.07299646,0.36086845781965526,-1.516671056321177,11.592074199538173
49.08304246,0.8568321557989196,-0.5548796616326902,8.721141494111702
49.09308846,3.250269713209099,-0.0676477948566842,10.289817436275932
49.10313446,0.6553766506301318,0.04826175800789237,11.006099747147548
49.11318046,-2.2281413494990687,0.4045226160857828,8.841116479309168
49.12322646,1.4538819460900454,-0.8206724339108762,10.492649435040153
49.13327246,2.403475497009379,-0.2684782453453914,10.371636643702399
49.14331846,-0.8769701012929725,-0.06834727749621967,8.160367327326881
49.15336446,-0.25745203609611206,-0.3858414321259008,9.768385903185447
49.16341046,2.30352962218007,0.24082255444757097,11.222518601053615
49.17345646,0.6823385304326562,-0.08437012321978757,9.82652620754459
49.18350246,-0.24636820391562228,-0.4009150254586435,9.494671549896925
49.19354846,1.0223121105667883,0.13807856743090854,10.192938374606397
49.20359446,0.9676265706369938,-0.18665114201338578,10.22776680119576
49.21364046,-0.3100966817131565,-1.0629437891827345,10.257705456379902
49.22368646,0.2234954558371127,-0.47823292487261737,10.379602635203533
49.23373246,0.6010133568749758,-0.10052933749646051,9.957869426892266
49.24377846,-0.15335131290023893,-0.7016367301966316,9.83845182074969
49.25382446,0.2964019932250553,-0.352568450629934,9.290148157633974
49.26387046,0.7786517887837958,-0.1019956039676279,9.42231517492834
49.27391646,0.27832177584274337,-0.387517575777509,9.740877764010648
49.28396246,0.16898505785388102,-0.1876989032916708,9.885494259687901
49.29400846,0.39527953455935,-0.3969937491766812,10.465812267210186
49.30405446,0.3283395807958342,-0.5280923685224891,10.440132492540013
49.31410046,0.04088267911572801,-0.038568945986763484,9.695630794442561
49.32414646,0.23362893525898817,-0.32818467151918895,9.77758366744288
49.33419246,0.642739999983641,-0.8033111336181381,9.62157200471301
49.34423846,0.3916023983658247,-0.1787221712642149,9.014060757121117
49.35428446,0.3100609577231517,0.43470955291684127,9.333063571482718
49.36433046,0.5377621621539406,-0.29692549499812404,10.32507408345489
49.37437646,0.483268521902191,-0.7909402343419847,10.249847093329777
49.38442246,0.5569331981433137,-0.5078121843936036,9.98104404175304
49.39446846,0.642491121522392,-0.7330172776042254,10.083069942826668
49.40451446,0.5376510575736858,-0.9568395855834004,9.982590559540881
49.41456046,0.36739888261792747,-0.1935618473424167,9.569214544746167
49.42460646,0.0664500376153972,-0.04511656218817709,9.758985258073585
49.43465246,-0.061026067264367136,-0.6069144870569884,10.294019742230338
49.44469846,0.3309038922547204,-0.31232823373402857,10.03707737865345
49.45474446,0.2517448467675476,-0.08119358226604143,9.779502748106427
49.46479046,-0.006062158524010617,-0.5114462851710022,9.623759691094886
49.47483546,0.30132156279518185,-0.27517373453698185,9.40817123808859
49.48488146,0.12156577201683531,-0.3344441839065266,9.69230342716288
49.49492746,0.09284713718925855,-0.48839383461345176,9.846761247818222
49.50497346,0.2029347238459341,-0.28010521521489584,9.684755880596816
49.51501975,0.10310792060267096,-0.39465311678692994,9.652067095311995
49.52506575,0.34533100883770285,-0.6937015437141231,10.327285110186994
49.53511175,0.799925284431512,0.5698814169512734,10.491724614769012
49.54515775,0.08577463790390157,1.3606145443256967,10.401866577435662
49.55520375,-0.6648778063257792,-0.608718668841754,10.033891293393959
49.56524975,0.29479715907149184,-1.3769506349452607,8.640608962196296
49.57529575,0.792498718595281,-0.7117894343260699,7.808326198477361
49.58534175,1.0470231315615652,-1.0531346682446123,11.5518168545532
49.59538775,0.5122249339461221,1.2493475713448163,11.412453999313705
49.60543375,-1.2004423890831044,2.1815163612429083,9.175728961196171
49.61547975,-0.7623143760875447,-1.07188249065852,9.851848072653322
49.62552575,0.38848555278401814,-0.6296322486154354,7.669056411295482
49.63557175,1.0888531710726133,-1.3917510106034288,9.091508303948103
49.64561775,0.5319719800730917,-1.4385033322032252,11.189292995719205
49.65566375,-0.43119199986364526,0.29986555279967125,10.62563001985603
49.66570975,0.021273685505538906,0.22127446767450906,9.828634113566679
49.67575575,0.399418891965147,-0.023368962183061934,9.262697998208644
49.68580175,0.08287061087655334,-0.15860435770659653,9.014158528016583
49.69584775,-0.10462976216614633,-0.017094694327453468,10.05966558496644
49.70589375,-0.1905806317820306,-0.39815109862733705,10.295174561083716
49.71593975,0.3237884845335245,-0.7534640799014428,10.535187345129813
49.72598575,-0.11262141043275571,0.19977595694279995,9.706474642503903
49.73603175,-0.1666437499120456,0.31481256869312685,9.461839061745907
49.74607775,0.08529461814726085,-0.07460380695335186,9.979835315593647
49.75612375,0.14474202256363272,0.024729126042238713,9.890033770068136
49.76616975,-0.08545848179504037,-0.1854146665166938,9.912841509351757
49.77621575,0.02834623173695958,-0.45194753847046815,9.597022916756927
49.78626175,0.5209394800784559,-0.2706987709206666,9.816520056378737
49.79630775,0.047484442460820925,0.5372614808624419,9.965661977096659
49.80635375,-0.261630572594402,0.8107096912893607,9.616967326111325
49.81639975,0.1316053965505316,0.2867679001393156,9.349252352161287
49.82644575,-0.06742619222250405,-0.07196120934227791,9.106185738384806
49.83649175,0.04638845380754808,-1.1625651256202025,9.988357330144595
49.84653775,-0.047571519287190604,-1.0326966130302675,10.73755295907257
49.85658375,1.0956753951790097,0.9538867194577093,10.358470879747486
49.86662975,-0.7140691102650092,0.6921965666867248,9.559843345011265
49.87667575,0.20724293370361585,0.3903798070158418,10.623961767038912
49.88672175,-0.153579699987023,0.7785444680723604,8.7983886754223
49.89676775,-0.01724606017531401,-0.6379461984295333,9.32541903627246
49.90681375,0.4765170268898342,-1.923869640351916,10.588137743347266
49.91685975,0.17103163917583425,0.020020459296560954,10.211084531908558
49.92690575,-0.7391375343796832,0.2824343956310555,9.930437320428195
49.93695175,0.4239903728369685,-0.2647770376025942,9.338092615004154
49.94699775,0.7523412261307804,0.00883793759042143,8.645196573375692
49.95704375,-0.5576642956044943,0.20334987330249954,9.328080154554243
49.96708975,-0.04507731656369114,-0.467991153887535,10.76839605635843
49.97713575,0.37417269081485444,-0.5279683723574635,10.495248989019228
49.98718175,-0.12511474847408488,0.25649887214377426,9.594597341369195
49.99722775,-0.11012121353370875,0.2501494894266183,9.538148954253398
50.00727375,-0.03126057875614635,0.06364890455223246,9.560736304869751
50.01731975,-0.2692417663226531,0.04500287507685606,10.156573313796242
50.02736575,-0.2286959937214317,-1.0868673015012933,11.157724506939502
50.03741175,0.17054542705969244,-0.35507533150547077,9.809270585365581
50.04745775,-0.22730678610527819,-0.8451415659870083,8.695195087992692
50.05750375,-0.11007331293557805,-2.8312952107502927,10.373146199953617
50.06754875,-0.13632766723078463,-4.408580044670827,11.7883178705905
50.07759475,-0.8969013267162586,-4.377611793376491,9.89261255293574
50.08764075,-0.1080421669867651,-3.080178565913544,7.511227525684532
50.09768675,0.8809944212019974,-3.8567717613710912,9.848212087709204
50.10773275,1.9470161666907921,-3.0093422462584485,10.281246691857298
50.11777875,-0.4290757733354114,1.1474968463405173,6.663750152759036
50.12782475,-0.30645209714966887,0.207619459075272,9.655076375413252
50.13787075,1.1408298032808342,-0.22810192153334113,12.906935036905177
50.14791675,-0.7256330820943538,0.5511342817755241,10.105858664794958
50.15796275,-1.2105680482640648,-0.8367139797256316,8.671080616236162
50.16800875,0.28150173929550915,-1.0038914882386158,9.136808504839706
50.17805475,1.1576620035147913,-0.6671745151164856,9.474795157034649
50.18810075,-0.11074331205458737,-1.5296769483844428,11.013823049928025
50.19814675,-1.4956451762103726,-1.2306208134729817,10.023944051928218
50.20819275,0.4291131526757757,-0.8776834961123655,9.363450446682918
50.21823875,1.1087182664220498,-1.0873991263947578,10.673382075193938
50.22828475,-0.40374810374906295,-0.2162249088242886,9.80678488479666
50.23833075,-0.7622664940777085,-0.04632244563544529,8.893129693813803
50.24837675,0.7070984121232078,-1.0530528106250618,10.685896992357252
50.25842275,0.7459168819713567,-1.369780251247248,10.800561807017726
50.26846875,-0.6839652852198567,-0.9838407711593323,9.008475348170146
50.27851475,-0.017818278253320614,-1.1441374462479312,9.379728101678673
50.28856075,1.1877964451545224,-0.7035597504986603,10.090125384932362
50.29860675,-0.0957598783302912,-0.22134079610719848,9.984781313925653
50.30865275,-0.7103631426623447,-0.003092142186865571,9.98509135520022
50.31869875,0.24975911327795877,-0.02144364438789236,9.882440908032553
50.32874475,0.22126269117442643,-0.5582141044120188,9.503677663080289
50.33879075,-0.09506488603218156,-1.0797548296882686,9.685859260352625
50.34883675,0.07778862702320476,-1.2527431995745573,9.734774342863316
50.35888275,0.11751153190760437,-1.1296989924567538,9.7769206200688
50.36892875,-0.08845895493785233,-0.9124540146632907,10.315664308041406
50.37897475,0.140673283136877,-0.5470681512867294,9.902041508302009
50.38902075,0.07120693658095822,-0.19864837244217398,9.120506179791207
50.39906675,-0.35242234443397275,-0.17337362805706039,9.209274141792505
50.40911275,0.09370796458987371,-0.5811624238084963,10.424681606466834
50.41915875,-0.0001948524267520045,-1.1423385315274448,10.539143840522993
50.42920475,-0.25094062563674296,-0.9673246217061832,9.361183303856091
50.43925075,0.10927883999263362,-0.9359452760678066,9.410685546579003
50.44929675,0.2939476755178994,-0.9535969564731164,10.135565688089333
50.45934275,-0.18091680540516225,-0.8717064471794633,10.006296902505984
50.46938875,-0.23494809582196235,-0.5927860595686171,9.75321857740671
50.47943475,0.30032691261253847,-0.6178108590418745,9.80414358874685
50.48948075,0.25289687935206084,-0.6141969763128342,9.682865869108042
50.49952675,-0.32896874029390966,-0.5548936140554198,9.469416915671939
50.50957271,0.19063970062868807,-0.7744124680619584,9.91423448374304
50.51961871,0.28108361635739826,-1.0171259473886065,10.224503683473799
50.52966471,-0.19001093584449055,-0.8281755140360705,9.953085848791739
50.53971071,-0.13047632942279158,-0.6690821496992531,9.633685952198014
50.54975671,0.32177633607565054,-0.8503579222595405,9.93929085197416
50.55980271,0.2145112717919338,-0.8640696998902124,10.111409252685398
50.56984871,-0.10359500389287198,-0.7567557503705646,9.586726078805007
50.57989471,0.26265859673231523,-0.5237750643557505,9.420190071515954
50.58994071,0.2757053027133089,-0.4937808314386428,9.991918598853324
50.59998671,0.13914624151037874,-0.6543200816353889,10.145386773147045
50.61003271,-0.08790606244069467,-0.7850719650694146,9.96528204142149
50.62007871,-0.17971452109972108,-0.7043403481999995,9.775794041873286
50.63012471,0.21041457368049743,-0.7694438351964286,10.257915587921136
50.64016971,0.2342963621106013,-0.7301558513587778,10.002262474427067
50.65021571,-0.1500140515521874,-0.5217331565328799,9.36923031041342
50.66026171,0.04696712998806215,-0.5838023704707044,9.638974237696074
50.67030771,0.3912110336940361,-0.6194702196412972,9.925672557276695
50.68035371,0.0674084030263404,-0.4221448674812922,9.61538466462469
50.69039971,-0.1889313846225356,-0.42649942475943026,9.597680680078454
50.70044571,0.0544773380614002,-0.8636629328914323,10.250871337977085
50.71049171,0.043662629262109724,-0.9729745732470788,10.31214205077714
50.72053771,-0.07052896887886569,-0.9039988570926458,9.690898078501807
50.73058371,0.1956269458957209,-0.867327037073193,9.508564722780573
50.74062971,0.1912433067156703,-0.6911360715365852,9.698307900218115
50.75067571,-0.03566356470246759,-0.6638254406194443,9.818823820658324
50.76072171,-0.035569567349563264,-0.5404541251364418,9.776760937721283
50.77076771,-0.023932291301731957,-0.5395195758493948,9.64700241660557
50.78081371,-0.005351815539482848,-0.623734471600233,9.888436395443977
50.79085971,-0.012449485002460667,-0.7436785149664212,9.543420229225237
50.80090571,-0.3819335458634773,-1.55178389023787,9.588417285456071
50.81095171,-0.0008696316002731504,-2.7152624644640477,10.65587401847699
50.82099771,-0.5693272239775952,-3.924846202944595,10.88065276453999
50.83104371,-0.6682990570541704,-4.360037177912072,9.606461456060416
50.84108971,-0.2324546187324315,-5.051412059692272,10.139411241412004
50.85113571,1.2251190747711522,-5.36372713799947,10.85022333280221
50.86118171,1.399406531111981,-3.460968933785711,8.506618742572433
50.87122771,0.5901848899861655,-1.270943794669201,7.555090400694583
50.88127371,0.5208441406969134,0.23016867721905793,10.221281902110334
50.89131971,-0.11178527081641924,-0.52481523727465,12.203221835275976
50.90136571,-1.6585461070259764,-1.0939732494899768,10.317533370015152
50.91141171,-0.943942594054516,-1.6937124418379612,7.465588514111495
50.92145771,0.8775404041371336,-2.8753116337065197,9.005338303460075
50.93150371,0.8935090403425094,-3.07799513237897,11.100623476947028
50.94154971,-0.04874614359316487,-3.043005068582689,10.761364852762215
50.95159571,-0.017662505883545405,-3.39825056454805,10.00564379572314
50.96164171,0.3253962092609622,-2.1172825037319103,8.983953077068277
50.97168771,0.42026416323018245,-1.1800755460537815,9.210906276134754
50.98173371,0.4884970360684234,-1.9067117949301375,10.754718867520351
50.99177971,-0.20767868305558976,-2.156491571877809,10.563234291700233
51.00182571,-0.6890455611836257,-1.6288829623373569,9.677643386646258
51.01187171,0.049034037398391656,-1.4324597718171665,9.525148824997203
51.02191771,0.7365548295279998,-1.9208585831612288,9.998718538665166
51.03196371,-0.16145175446568924,-2.1916384439950543,9.742307203140829
51.04200971,-0.7711698528464738,-2.230816715214158,9.441165167951894
51.05205571,0.1743312340444178,-2.43334923200591,10.158880288186689
51.06210171,0.4644721476440175,-2.240984416922049,9.94892375564668
51.07214771,0.057844590274895434,-2.1210965293554582,9.753678999599892
51.08219371,-0.2020524121097238,-1.9408178839835617,9.560422146684633
51.09223971,-0.04897336799286051,-1.9173564436211818,9.45752207420044
51.10228571,0.06764153393548601,-2.082338586190471,10.009441660490262
51.11233171,-0.03734877233332229,-1.9100092814309166,9.993685885861542
51.12237771,-0.019232012748755817,-2.0137119241002144,9.926737284265794
51.13242371,-0.09990052755344121,-2.205356030686699,9.654980924569596
51.14246971,0.018522956422564373,-2.3708587140181754,9.832313613061784
51.15251571,0.07643435953845189,-2.0881143865184564,10.050305707040902
51.16256171,0.02698596221688033,-1.7502507649971033,9.7502775419223
51.17260771,0.21017800775211398,-1.427078719996177,9.583681035031137
51.18265371,0.11799087242058277,-0.6702409183759748,9.424642884509689
51.19269971,0.1157917164931872,-0.09635155282018251,10.012153178134925
51.20274571,-0.03166874990605301,0.39326557900172954,9.813603697272521
51.21279171,0.0726182927200035,0.684824538879094,9.470954301873082
51.22283771,0.23883200888130465,0.6908304563697577,9.880861717084535
51.23288371,0.00858814726868605,0.9902448583378028,9.938057851553378
51.24292971,-0.10062331214783815,1.16440819572485,9.889016826637988
51.25297571,-0.35972041137684063,1.0817138127110435,9.806835417283079
51.26302171,-0.1536864074861646,0.8758914013858978,10.029773269475704
51.27306671,-0.05582179486415882,0.6219457884997073,10.163569752217098
51.28311271,-0.25802771182269435,0.5315552590321573,10.081496596086243
51.29315871,0.0832889635453591,0.15304454473955387,10.14643226727248
51.30320471,0.3776121535401142,-0.08986252877574154,10.090467706970399
51.31325071,0.16564458174606736,0.16679785437965824,9.502883566324392
51.32329671,-0.0604404149358691,0.11721942793722873,9.361229427151653
51.33334271,0.24723248971955292,-0.27650618048684444,10.058350714270897
51.34338871,0.17515886096726457,-0.36410928432339745,10.387438894365427
51.35343471,-0.1015639618419146,-0.3335413263528157,9.995454454527568
51.36348071,0.12139934942949934,-0.31594864539224465,9.57509818440765
51.37352671,0.27388102923691665,-0.29523151485470744,9.63198263784978
51.38357271,0.063894344554939,-0.210880209810799,9.860107849091651
51.39361871,-0.00564405248054353,-0.06751256607904718,9.474375034676173
51.40366471,-0.028754603912597366,-0.012140160311193377,9.38289298834762
51.41371071,-0.026426267465977888,-0.011201216932770928,9.908556959846802
51.42375671,-0.16117920248882814,0.07224743616929631,10.01238504162368
51.43380271,-0.14525367634551778,0.20463020416679634,9.760016102515909
51.44384871,-0.05342853502462165,0.2237054899691566,9.643675038846858
51.45389471,0.058169622631500266,0.09950010715951638,9.741550066000144
51.46394071,-0.03721153226417088,0.15737923719902086,9.71450642189367
51.47398671,-0.00032223817132825933,0.17046270939365707,9.899682611749224
51.48403271,0.0999410285157098,0.046937892773711534,10.05515096129455
51.49407871,-0.018249620430550624,0.07575863346961671,9.905502661087493
51.50412471,-0.08621810408436471,0.08322489875082917,10.020591294298395
51.51417058,0.06347042921350349,0.01833413644727765,10.104064397483306
51.52421658,0.23350313028794575,-0.012033960185686872,9.862261735828858
51.53426258,0.06875680207116787,0.027492478360661973,9.639528194347438
51.54430858,0.033632112996065854,0.09987247693750463,9.646191287746662
51.55435458,0.13959205152147125,0.042109085257995046,9.848181764234653
51.56440058,0.11400820425962852,-0.02487862380177316,9.895909000475037
51.57444658,0.0018857911876323434,0.02444929484266745,9.806949727374167
51.58449258,-0.0545968345236986,0.010865921447172114,9.855048646251092
51.59453858,-0.00026723167721135556,-0.1035989389536414,9.889543809256105
51.60458458,0.042107904580304126,-0.11029901323405565,9.7991218704339
51.61463058,0.07243630310265957,-0.014992741024463413,9.788223566081776
51.62467658,0.02993618813014813,0.020129110622617814,9.798729681856244
51.63472258,-0.052830686667319625,-0.024789815660755568,9.723488647666683
51.64476858,0.007579576554410339,-0.028811673635122763,9.813058100198447
51.65481458,-0.004180484693738026,0.003983855119274486,9.9932206779161
51.66486058,-0.07613858221649994,-0.001570703212258695,9.900694785903818
51.67490658,-0.04793878754118734,-0.08847523223974237,9.651050638618845
51.68495258,0.08512131455061524,-0.010417752605179331,9.74318822872706
51.69499858,0.06033617104816649,0.0955849344529851,9.884932466123576
51.70504458,-0.023387527005264166,0.11660607460711626,9.799907748932519
51.71509058,0.012513205247409268,0.09291344287514919,9.743994004495292
51.72513658,0.025128712366573276,0.12902756098036736,9.844357710552071
51.73518258,0.008147393578101467,0.12212676397156506,9.927143028157968
51.74522858,-0.0024958518964676626,0.02487774731014127,9.903459317444671
51.75527458,0.05828222686461395,-0.014326705698904893,9.852433895120939
51.76532058,0.10252653285569968,0.047237747597446034,9.862839495390961
51.77536658,-0.01852721748072914,-0.03934804613640655,9.779583939929966
51.78541258,0.010065665125627161,-0.1587255426529377,9.773121635715885
51.79545858,0.10669131708009011,-0.0714651138916132,9.892534276327186
51.80550458,0.08128446665115129,0.06783493988772396,9.757401932967662
51.81555058,-0.03565984050903482,-0.06392585913237103,9.688703874586562
51.82559658,0.028187635513171997,-0.12869536120362118,9.834826476903643
51.83564258,0.07117362109530384,-0.07491391908585475,9.894482298512068
51.84568858,0.09991165812624993,-0.07822922055822185,9.90358952197593
51.85573458,-0.022762041112899752,0.04604489581578076,9.796429629691156
51.86577958,0.04772652115811928,0.04853134635515366,9.856080822633432
51.87582558,0.10167394830615596,-0.057648439615632,9.992876197921957
51.88587158,-0.016147956210029193,0.07978102902711526,9.72595120649755
51.89591758,-0.054810026879623976,0.14021246230943235,9.722216230556967
51.90596358,0.09587169667221873,0.09881861240414777,9.956164407043365
51.91600958,-0.002214915228026608,0.06987211563369072,9.82265964770407
51.92605558,-0.05538904157136719,0.06523709462478823,9.822318814408433
51.93610158,-0.03662964104196531,0.13524135474089483,9.794339160742187
51.94614758,0.03684250402109727,0.005458674254934833,9.803412123889576
51.95619358,0.09581763105368075,-0.01774725467004161,9.81128418928462
51.96623958,0.0551503748771465,-0.0060301065070173555,9.73848313199872
51.97628558,0.04925831569944836,-0.052512290055234584,9.863705604054937
51.98633158,0.08954426493522266,-0.0724919454690902,9.971241944001772
51.99637758,0.0688173222172573,-0.07604387014864329,9.884002048131638
52.00642358,-0.01568286248114703,-0.03770654489131388,9.835502097229003
52.01646958,0.02289362251506775,-0.09132041855501362,9.946752793515929
52.02651558,0.07077989716493716,-0.13174785860359006,9.81756294835871
52.03656158,0.026892124388075752,0.032070017939970094,9.675941409515405
52.04660758,0.009574314988569541,0.09107922314778405,9.799045244082738
52.05665358,0.02320708071339061,-0.007825558172165606,9.868961762043941
52.06669958,0.03815044247919694,0.0004734915200601092,9.777288205746187
52.07674558,-0.06828248391039614,0.08632191642536945,9.8257432583356
52.08679158,-0.05709641837824828,0.13207362155032443,9.923892651221355
52.09683758,0.013120191687339097,0.04763555283147461,9.881070024612967
52.10688358,0.027912844798058077,0.02580985351230902,9.725852028176764
52.11692958,-0.0074486219108555705,0.12361975758033923,9.679617354750748
52.12697558,0.02598549285412065,0.06214654048868382,9.819284362468583
52.13702158,0.06018096355710416,-0.004700233123094514,9.889981802749595
52.14706758,0.014645449880205495,-0.0170042997489151,9.88289624672005
52.15711358,-0.005440574174668784,-0.03494140814612034,9.876944676684854
52.16715958,-0.017586542209758336,-0.12320356002165399,9.86778605979682
52.17720558,0.07032072936279289,-0.13327780497221195,9.882115316995653
52.18725158,0.08198063675466899,-0.02458324773960798,9.799166820662833
52.19729758,0.06870666898926114,0.012761572213429693,9.689091343296123
52.20734358,0.03677395445246709,-0.06225072822586142,9.73264482672205
52.21738958,0.09087350325397184,-0.05623288239890595,9.918030897479419
52.22743558,0.10214314585096972,0.011331076316895785,10.030005987782491
52.23748158,0.0018795846646179712,0.009917134547521158,9.85724500260371
52.24752758,0.06296242389129515,-0.02240967155591308,9.75072435595052
52.25757358,0.056002926719684196,-0.0025714954128492765,9.872562806578985
52.26761958,0.042027429102477656,0.09778903738557736,9.891808717158401
52.27766558,0.030421802677461685,0.1163280238529745,9.744905860546202
52.28771158,0.02504359668435071,0.10713105325125633,9.697324424722208
52.29775758,0.017306600836737254,0.0750516252248803,9.835744559920325
52.30780358,-0.009159723055930668,-0.010611468085629986,9.935740967953041
52.31784958,-0.019543056404772323,-0.010396064435461235,9.87472249087212
52.32789558,0.014351056377327507,-0.014380682859092967,9.863760137602014
52.33794158,0.03611031287745682,0.002252266916165944,9.81342506651479
52.34798758,0.02090983378444606,-0.05170763960113852,9.7229472343729
52.35803358,0.046451390179598775,-0.08347664477324752,9.817638237348408
52.36807958,0.05728884340435763,-0.03631466281790972,9.856931089475335
52.37812558,0.04193956584991282,-0.011510442364967977,9.761562743129716
52.38817158,-0.017648162350404242,-0.06581065900754114,9.739917558173865
52.39821758,0.020366159975403385,-0.1205135389639663,9.9383339060728
52.40826358,0.015606205010552604,-0.04751031910142822,9.939341782569414
52.41830958,-0.021319097373337287,0.05756963509717444,9.752880635471007
52.42835558,-0.011990682338510798,0.09159747827825598,9.678326960681213
52.43840158,0.02525707672482656,0.04340677612874156,9.804827495031676
52.44844758,0.00614566772427174,0.010924769350467083,9.90056523832033
52.45849358,-0.04204365977727373,0.05933380859964317,9.79931658392108
52.46853958,0.00803255297924612,0.11498791955691595,9.760691367248299
52.47858558,0.024729342358125357,0.07042393456906862,9.824724520849053
52.48863058,-0.011163983453591543,-0.03485125208418078,9.912019294153364
52.49867658,-0.005203365571486454,-0.03653970141202079,9.873165600859979
52.50872258,0.03302774784883735,0.04360500369055801,9.81449616309014
52.51876875,0.027408891868864207,0.002036975141222913,9.806660197517008
52.52881475,0.047737824526839126,-0.05963806907851149,9.81805081399633
52.53886075,0.07484610793512124,-0.08683605362638397,9.873689716583291
52.54890675,0.03860637480140733,-0.04984253626053183,9.919167794177191
52.55895275,0.04324363455835902,0.008277482475779127,9.76380105631009
52.56899875,0.08177311809279236,-0.027032586774550258,9.778875101027744
52.57904475,0.05945756469989605,-0.09009305366929038,9.957589668819004
52.58909075,0.027139297484255698,-0.04500609855128376,9.927010787229111
52.59913675,0.0471908404535912,0.03522784020711319,9.769433937040933
52.60918275,0.062089240822628705,0.0894007352439162,9.743008744995265
52.61922875,0.034380941684757256,0.050599754550411456,9.825188802269441
52.62927475,-0.004965181979615296,0.030968930871871796,9.85111354483599
52.63932075,-0.028214899107469167,0.0508259892280426,9.864292561969357
52.64936675,-0.013173415032958609,0.09252995885751984,9.834510306049033
52.65941275,-0.017134241611920568,0.07387693270983936,9.80755362726524
52.66945875,-0.03441468596084113,0.007616978472992792,9.814363332064556
52.67950475,-0.011377482137762102,-0.026237210909132835,9.83341266573905
52.68955075,0.008787945842732662,0.03207698980053698,9.777014273879306
52.69959675,0.013216055255568212,0.053974980027488344,9.675922696655075
52.70964275,0.02479873752049892,-0.02456358475285414,9.78624469473879
52.71968875,0.021707346672632893,-0.10351976417820576,9.928871700375067
52.72973475,-0.009754597493507811,-0.06896521319225266,9.944222805972615
52.73978075,-0.01582728953122962,-0.04773757568753616,9.815788269410525
52.74982675,0.057133805015522655,-0.05255686027959725,9.78924508939205
52.75987275,0.035654680503711775,-0.043763025007079945,9.833495223470742
52.76991875,-0.006511429768368394,-0.022235439708130092,9.815839364883
52.77996475,-0.0030034389885929217,0.04132496132002244,9.781833217230002
52.79001075,0.01774188216985095,0.05716571647794054,9.781276560614462
52.80005675,0.02276067455696528,0.052502985820853096,9.87153209816584
52.81010275,-0.05948901768632984,0.014678234093180394,9.912723977477912
52.82014875,-0.0473127329933514,0.025439281386299497,9.891399091282953
52.83019475,-0.012206755098612366,0.061989565289009375,9.81776176024316
52.84024075,0.018000561495316442,0.08985152784751488,9.742583782335796
52.85028675,0.02007640212482036,0.08969983448708889,9.736380141746544
52.86033275,-0.0006767703795938725,0.009778623806273815,9.828852173206513
52.87037875,0.023803354212180983,0.008031195199975633,9.831323498608398
52.88042475,0.010112759966069442,-0.004931059873341308,9.825140957344894
52.89047075,0.056252095656393074,-0.029719699119981808,9.863135633935569
52.90051675,0.044117937428330284,-0.09318797427052317,9.91021210596513
52.91056275,0.009595089566660612,-0.07315590833667131,9.8546637139243
52.92060875,-0.04745020487499865,-0.012816127727735004,9.690358324015069
52.93065475,0.002232924431162105,0.04439080335950805,9.763708347091928
52.94070075,0.04599943017788576,-0.025792371967442187,9.886656474181692
52.95074675,0.12496523333933164,-0.06385683640116083,9.886078840087826
52.96079275,0.0003426743661329742,-0.023971538273817372,9.844537900947685
52.97083875,-0.035566283176897376,0.06064539896863621,9.823468383418192
52.98088475,0.08817228150853211,0.006984244973649374,9.871698047932618
52.99093075,0.03682156590093684,-0.013604815910854502,9.866409948156734
53.00097675,-0.030573235282867123,0.04540347484981043,9.793332375026402
53.01102275,-0.019461920971593525,0.07293764602708215,9.726059612114144
53.02106875,0.06749005295329732,0.09256251264631857,9.779391072492416
53.03111475,0.021817654776878664,0.03705301622922386,9.865360303086131
53.04116075,-0.0054073237202593325,0.021258810283828897,9.836205384148204
53.05120675,-0.05674892504902762,0.006749514067530267,9.826637668618465
53.06125275,0.007074339227789439,0.007995561373772327,9.84955122593049
53.07129775,-0.018014308940144958,-0.01075699393173525,9.83857342453516
53.08134375,-0.013253543372203542,-0.09295627949253178,9.884829758338832
53.09138975,0.006029713313368602,-0.08943144380967186,9.784031227215909
53.10143575,0.008864594900883574,-0.007988662109132072,9.724523078661772
53.11148175,0.059704852033062784,-0.030272440917271437,9.820833313102376
53.12152775,0.07216304055012268,-0.09453747491586881,9.87544221305836
53.13157375,0.06704191372221946,-0.05403570622141826,9.89364490560631
53.14161975,0.011933566305768094,-0.011352435717836371,9.892331163329805
53.15166575,0.031914260795894676,0.05602786173607077,9.815731521629761
53.16171175,0.015572284785602608,0.037784235014999105,9.868710101327391
53.17175775,0.025246461455325605,0.042302475873853995,9.840416530706513
53.18180375,0.0026194180830215155,0.1169902558368047,9.717492573105874
53.19184975,-0.0020176385386483546,0.1122267177599714,9.776197366485297
53.20189575,0.020405160936667447,0.09272464499145472,9.837386172775384
53.21194175,-0.019352435688812585,0.01798355223261818,9.9020331190015
53.22198775,-0.034595333831632505,-0.029203599336150025,9.89498770647625
53.23203375,-0.039917650600901765,0.00372741486909742,9.781283503274665
53.24207975,0.019440064294944714,0.019561169983633563,9.758126198523893
53.25212575,0.019015787342669253,-0.04982128875950816,9.848430360152829
53.26217175,-0.01013266072810635,-0.06229102489929564,9.820698719283532
53.27221775,-0.007928380639548373,-0.03294224617427484,9.752146989556426
53.28226375,0.03621519155788491,-0.016969034273939032,9.774515741371067
53.29230975,0.009985738432666163,-0.05649987058988012,9.8865514648079
53.30235575,-0.0258904480233822,-0.08655421287166955,9.915109771513375
53.31240175,-0.03899846431662498,-0.03237862156315621,9.877442856098794
53.32244775,0.01545041398910857,0.032013442488762575,9.788568851781374
53.33249375,0.03518874459318453,0.04064400261645255,9.757809090316492
53.34253975,-0.018432637387162096,0.009395408975440719,9.828771166279308
53.35258575,-0.012631330863907974,0.041046376089399435,9.861101871728026
53.36263175,0.002680449322926161,0.06335031467134537,9.816132813100637
53.37267775,0.010246177243026084,0.07719078007933637,9.79158600479527
53.38272375,-0.007459471673498663,0.03207962833852512,9.875213745530075
53.39276975,-0.009628520106464358,-0.005016899435634865,9.958855558849319
53.40281575,-0.00018656937637973753,-0.006333524339433103,9.840958611755266
53.41286175,0.015344230852907873,0.044073808226768756,9.72072743917543
53.42290775,0.043620553326129734,0.0428259813273883,9.726853180872268
53.43295375,0.0311562978519774,-0.03997581591914229,9.866981325741158
53.44299975,0.002466194636490809,-0.06884823741950798,9.887197143029379
53.45304575,0.013384770474095475,-0.04378635033069763,9.852424463731365
53.46309175,0.02984397297031943,-0.0005947579181420243,9.810303450548744
53.47313775,0.0018442261479005035,-0.052078099433821336,9.858977075157135
53.48318375,0.00019078333648297417,-0.08133450901889885,9.879461089963035
53.49322975,-0.0014424571075548004,-0.021311494416367184,9.822716604911378
53.50327575,0.012535940537789924,0.03475109459309588,9.744576103953502
53.51332146,0.007184303747192034,0.0254164361247239,9.742092301634214
53.52336746,-0.009306046765049305,0.008037786585519308,9.867154954709811
53.53341346,-0.014773180026702236,0.017422625372533817,9.920889832111474
53.54345946,-0.04573494613977636,0.04040617822178235,9.828980838068569
53.55350546,-0.018210926943872923,0.0674333703742958,9.760237084254538
53.56355146,-0.03696721474958684,0.04884631073753263,9.827230590454707
53.57359746,-0.003094848402252018,0.005510747891895936,9.899578351777784
53.58364346,-0.03491469191361944,-0.010518482479331185,9.825525755665712
53.59368946,0.010249350980191047,0.04268631339009751,9.733863802766917
53.60373546,0.019561288041131927,0.015628961886247905,9.796588079722422
53.61378146,-0.005086679219848893,-0.02757115167028528,9.904633534127495
53.62382746,-0.0335658003169785,-0.026977018311873765,9.89188986663321
53.63387346,-0.023367754663044246,-0.008067846272931166,9.888460788698774
53.64391946,0.007001814293426084,0.038263763717483606,9.829641592181636
53.65396546,0.2727314692796294,-0.2561942346824531,9.828220595247068
53.66401146,-0.09896234759966055,0.060658428628480976,9.84164964341722
53.67405746,-0.06195287532602534,0.013541853390936514,9.933887213113119
53.68410346,-0.008061827044177843,0.08462767630682752,9.781472085620809
53.69414846,0.001988148944147634,0.05326962614307041,9.718197319342735
53.70419446,0.030658143261955983,0.01901718235550362,9.85783603955246
53.71424046,0.2481345595882101,-0.1544086387876655,9.860174113840436
53.72428646,-0.1560414518472782,0.07707592166020029,9.914155354816508
53.73433246,0.07926147477689671,0.0037400463872786604,9.72949417785278
53.74437846,0.037402441699056384,0.013550074396513493,9.767202561995367
53.75442446,0.05128564569305638,0.006533655067750249,9.806722087153776
53.76447046,-0.009310424824383795,0.005684641537842735,9.797259560318377
53.77451646,0.016535375852676434,0.03075789113476133,9.837527055674368
53.78456246,-0.025759735429634008,0.030151467128186386,9.849832523913907
53.79460846,-0.020509522001663623,-0.00580098991682993,9.847726849014645
53.80465446,-0.08268923593749376,0.02545284411996024,9.822401671579009
53.81470046,-0.0809403688593412,0.06331156408680694,9.836035062877126
53.82474646,-0.12825244370160616,0.12376583649015481,9.808396058370176
53.83479246,-0.06446647052230825,0.007859463876580798,9.846331477784235
53.84483846,-0.026798430186426022,0.040372021501760336,9.82731918182574
53.85488446,-0.07441445580480834,0.01408595576105535,9.950786883503156
53.86493046,0.04522050277821244,0.07142058351191061,9.960274481296796
53.87497646,-0.6521296913091571,0.5909321999491174,9.918533213580842
53.88502246,-0.2078975834253883,0.21393061619445786,9.93923957790851
53.89506846,0.28154470187223474,-0.15093233474099552,10.045449914192814
53.90511446,0.4146757199862821,0.012923322543863549,9.802453736905912
53.91516046,0.4637392170778268,-0.08602125245164755,9.674203155012167
53.92520646,0.43508435373152765,-0.17865083053121356,9.576891120478669
53.93525246,-0.42264412786384514,-0.12152478101288597,9.671453877115189
53.94529846,-0.16876721632575836,-0.053303081155033315,9.83423309980827
53.95534446,0.07530864325263006,0.11204347615356697,9.853466505153934
53.96539046,-0.1128171811430204,0.05501073162301655,9.886686016221534
53.97543646,-0.15495177139496055,0.1284248491758749,9.809777599477854
53.98548246,-0.14414312442093138,0.1325669268448609,9.816383869393633
53.99552846,-0.1149910737389744,0.13582345798388948,9.860497990579237
