Time,Vel_x,Vel_y,Vel_z,Pos_x,Pos_y,Pos_z
8.004723083,0.0,0.0,0.0,0.0,0.0,0.0
8.014770083,0.00040794903360964497,-0.0013762055048158715,3.334947793497532e-05,0.007075019783414628,-0.004195842210122906,0.0006414320781246346
8.024816083,0.0011283533883491665,-0.0023924666979623856,0.00014813700452191136,0.014155003093623558,-0.008403284159068818,0.0012835444052778863
8.034862083,0.0020103725901840664,-0.0027495232227004235,0.0005902466371806815,0.021243035377358416,-0.012617624282912406,0.001928454026862143
8.044908083,0.002704584216875669,-0.00232995643070959,0.0017676634237041384,0.028338985068543706,-0.01683165041768284,0.0025814985296498372
8.054954083,0.0029257068271204235,-0.0017938687207093068,0.0031398063852396954,0.03543953248360238,-0.021040876299890515,0.0032473494710521483
8.065001083,0.0029539542397889495,-0.0016652705752716042,0.0040221713043892895,0.0425420394124163,-0.025247182127913343,0.003924592212998229
8.075047083,0.002742920313670992,-0.0017550983465883013,0.004575525413478664,0.04964292127644176,-0.0294528745494792,0.0046089791641639455
8.085093083,0.002296018194753839,-0.0021362297051170367,0.00506991278371288,0.05674049832771425,-0.033660932598755015,0.005298628920780427
8.095139083,0.0015951769597215434,-0.0030273915940202097,0.0055384999468747614,0.06383231026411862,-0.037875381377011935,0.005993115698478036
8.105185083,0.0006576091267554147,-0.004169511354929588,0.0057508419764500706,0.07091589247177567,-0.04210004332899661,0.006691022783510885
8.115232083,-9.86304940978136e-05,-0.005446701094066461,0.005623332066651079,0.07799167095238112,-0.046337279214003615,0.007389425493838633
8.125278083,-0.0005979455280550796,-0.007019590118276714,0.005398302444619037,0.0850604385141653,-0.05058840930323456,0.008085987884540609
8.135324083,-0.0012459240367638739,-0.008267105754641589,0.0052073881908524106,0.09212344322048588,-0.05485370628507633,0.008780460989154571
8.145370083,-0.0019633241577166273,-0.009211029008838734,0.004952248643400347,0.09917958962994844,-0.05913001086446465,0.00947269356552489
8.155416083,-0.002698706395377031,-0.010034812452739444,0.004762383834085864,0.10622843871362495,-0.06341519463459827,0.010162690885011292
8.165463083,-0.0035010796151936194,-0.01078259993051783,0.004602309823044635,0.1132702645400451,-0.06770869974747501,0.010850998970620114
8.175509083,-0.004332943037365613,-0.01164594916573183,0.004375062648549664,0.12030318070740476,-0.07200987025805683,0.0115372930330968
8.185555083,-0.00513848144541633,-0.012603971100963809,0.004008933852559925,0.12732787220537242,-0.07632018951602855,0.01222060656807386
8.195601083,-0.005942490352939022,-0.01348348779819734,0.003588431780325537,0.13434447894717272,-0.0806397387305504,0.012899968856199713
8.205647083,-0.006838108375416654,-0.014166670044039936,0.0033382757930454704,0.14135254846290485,-0.08496713738186405,0.013575962428892741
8.215694083,-0.007817622538156339,-0.014539551379716298,0.003156499807951175,0.1483518958501048,-0.08930027192695575,0.014249853481146576
8.225740083,-0.008870643833846554,-0.014517922891135513,0.0029047387486309945,0.15534033715126172,-0.09363473952868959,0.014921499802968159
8.235786083,-0.009964335368837724,-0.014424072624520924,0.00264885205270814,0.16231799551387127,-0.09796862708063685,0.01559059621011527
8.245832083,-0.011034419811834232,-0.014412586827221142,0.0024709024601246576,0.1692847852297422,-0.10230198552953429,0.0162575134575851
8.255878083,-0.012017492877839783,-0.01438362568756756,0.0024040155047391643,0.17624126193544667,-0.1066351408134682,0.016923200891074595
8.265925083,-0.012972333794290044,-0.014293051558697532,0.002397538003024246,0.18318869599260348,-0.11096812694338425,0.017588586042143074
8.275971083,-0.013928486351652156,-0.014216715526866989,0.0024116046919234273,0.1901258396361539,-0.1152998434119264,0.018253943086451667
8.286017083,-0.014928318907521037,-0.014243181221207175,0.002431682689911538,0.19705315836648174,-0.11963130938176408,0.018919471639522612
8.296063083,-0.015955898949029407,-0.014315845445413346,0.002359185838980748,0.2039702934033317,-0.12396327328118187,0.019584736892695104
8.306109083,-0.01686257961622529,-0.014217482041074305,0.002261882311181474,0.2108777126486431,-0.1282951080936186,0.020249149238565356
8.316156083,-0.01781741236347556,-0.013937368292941283,0.002245200667320861,0.21777646816037616,-0.13262547282604023,0.020913055116929972
8.326202083,-0.01881116533539542,-0.013855813997541058,0.002346534216117131,0.22466474927773938,-0.13695358988915743,0.02157732012180147
8.336248083,-0.019641532675623713,-0.01406877664366973,0.002412654587153731,0.23154386783877345,-0.14128236701641958,0.022242426247712166
8.346294083,-0.020431610227989085,-0.014470551990601294,0.0023983467570285544,0.2384148469051133,-0.14561423197262163,0.02290779262801598
8.356340083,-0.021142589040740727,-0.014967888396763161,0.0023843285092620507,0.2452782861653299,-0.14995061316715871,0.023573016726430425
8.366387083,-0.021778374749318662,-0.015495315237970805,0.0024205261793519253,0.25213564315517484,-0.15429257391238727,0.024238418460980904
8.376433083,-0.022458882707436435,-0.01627076877099851,0.0024652056190723917,0.2589857058741142,-0.15864064686083643,0.02490416021235638
8.386479083,-0.023008941027839402,-0.017215550575669893,0.002376894023130848,0.2658295874586354,-0.1629973605513861,0.025569682799411034
8.396525083,-0.023504770851913714,-0.017909150977050616,0.0022917022663618,0.27266821554700804,-0.1673623038357575,0.026234333879125146
8.406571083,-0.024100767634201915,-0.018352251881345576,0.0023957700881153876,0.2795013593903357,-0.17173295677078657,0.026899079773313548
8.416618083,-0.024720289852733147,-0.018819394954191916,0.002474870026590182,0.28632907725949447,-0.17610861738043437,0.027564811980952005
8.426664083,-0.02537897788104583,-0.01954221421126344,0.002501523691313938,0.29314969510081235,-0.1804898196517446,0.028231009127149025
8.436710083,-0.025948743783217022,-0.02062672415885771,0.002381469236137291,0.29996414241803615,-0.18488010013764902,0.028896737121175475
8.446756083,-0.0264263077880883,-0.021745604857053465,0.002177434130688214,0.30677332899713816,-0.18928144825476806,0.029560837213339027
8.456802083,-0.02699015025441867,-0.022633936944403743,0.0021333743094226537,0.3135772845915341,-0.19369287860170814,0.030223691124685575
8.466849083,-0.027700062981582604,-0.023173058573999625,0.0023546463141014746,0.3203755187567873,-0.19811191888546428,0.030887501243310078
8.476895583,-0.02867714782975648,-0.023131048150437962,0.002930053060242681,0.32716494038987315,-0.2025332363646882,0.031555280243229296
8.486941583,-0.029796314344339544,-0.02267995574440867,0.003411697473059452,0.3339434946525173,-0.20695185694572416,0.032228335576710065
8.496987583,-0.030731883753513666,-0.022362388376545736,0.0037348459990271237,0.3407117279766153,-0.21136661654871505,0.03290543338512222
8.507033583,-0.031448061010060896,-0.022620363133160543,0.004074965973521577,0.3474716645772125,-0.21578107681802045,0.033585862791212326
8.517080583,-0.03224327232066683,-0.023151723700313667,0.0046220878606841155,0.35422468161566983,-0.22019994173799784,0.03427081698817069
8.527126583,-0.0325943611439742,-0.02380421406421987,0.004783333148858881,0.36097126864592044,-0.22462431332186042,0.03495926113845348
8.537172583,-0.03273565031635608,-0.024305392220175415,0.004569718681358364,0.3677153824614999,-0.22905447978269908,0.03564744223834865
8.547218583,-0.03334038413861444,-0.024415622908680035,0.004752497798108496,0.374455749003576,-0.23348771735016263,0.03633546845227688
8.557264583,-0.03396001751717199,-0.024308586048349023,0.005096740138053805,0.3811899655492036,-0.2379209709602259,0.03702614189498221
8.567311583,-0.034543056222068096,-0.02392447153345494,0.005454571500644781,0.38791881080971885,-0.2423521985667576,0.037720410956021445
8.577357583,-0.03514545537572859,-0.023412414955980107,0.005755715632568298,0.3946410318791066,-0.24677848365606533,0.038417920948843436
8.587403583,-0.035768018409980944,-0.023007850522021568,0.005988582487781335,0.4013570999634256,-0.25120016455803346,0.03911811327885394
8.597449583,-0.036378165557734446,-0.022922406621810797,0.006050833261176374,0.40806697614449927,-0.2556193841481383,0.03981978798471283
8.607495583,-0.03699640611453672,-0.023121918035621643,0.005911868775372146,0.4147706821341341,-0.26003917669936466,0.040521077357594394
8.617542583,-0.03769132677133757,-0.023386853274194538,0.005718615846674956,0.4214684587594262,-0.264461742353809,0.04122076764411548
8.627588583,-0.03837559156890332,-0.023757806593163948,0.005480617824975229,0.4281586410917466,-0.2688870618887941,0.04191822211540004
8.637634583,-0.03895773242125129,-0.024263860015728483,0.005171362283996022,0.4348424622684887,-0.27331678662864267,0.042612927732039396
8.647680583,-0.03961095837330597,-0.02458450255614738,0.0049002830518925095,0.44152007819777106,-0.2777506638623125,0.04330471832711343
8.657726583,-0.040670979922727765,-0.024597429031700428,0.004765781000834428,0.4481890884848547,-0.2821862166131504,0.04399447168740226
8.667773583,-0.04202383491452423,-0.024251466000395072,0.004653173201945691,0.45484664153396415,-0.2866205378791136,0.04468305235086217
8.677819583,-0.04336629195135385,-0.02374224448733904,0.0045710865815504305,0.4614899933898603,-0.2910501221953648,0.04537058652830653
8.687865583,-0.04478189641682326,-0.023279471585776618,0.004490925839795322,0.46811949150283155,-0.2954748241836722,0.046057305737250934
8.697911583,-0.04627603148555873,-0.022842997436040548,0.004309765701348345,0.4747343739941214,-0.29989500925404017,0.046742712331413964
8.707957583,-0.04776292350390152,-0.022553450808998447,0.004108703004619862,0.481334282786354,-0.3043115475220471,0.04742619902027603
8.718004583,-0.04907918607602679,-0.022554532224923596,0.0038751098013040668,0.4879207669003235,-0.30872707631658747,0.04810757025092882
8.728050583,-0.0501357679186551,-0.0227470431422651,0.0036256494324776933,0.49449467664955166,-0.3131431380381282,0.04878644728511198
8.738096583,-0.05109290759717093,-0.022684555448862536,0.003484180787019616,0.5010584714755802,-0.31755985286632354,0.04946336068285649
8.748142583,-0.05194947110534921,-0.022495281124620143,0.003417961941592369,0.5076131560705011,-0.3219753030939035,0.050139230866334185
8.758188583,-0.05262951740825432,-0.022578372017357476,0.0034451503609427103,0.5141601222743418,-0.3263902199621077,0.05081490499998181
8.768235583,-0.053259065788720375,-0.022708722956821883,0.003568398711186303,0.520701161428095,-0.33080664852547925,0.051491402110767755
8.778281583,-0.05383818255342096,-0.02282770434151046,0.003660522728688807,0.527235478412817,-0.33522388990827084,0.05216891370371223
8.788327583,-0.05433282577593815,-0.023102358224422248,0.003765864071198355,0.5337644019011222,-0.33964310852101093,0.05284741716515994
8.798373583,-0.054917757184577684,-0.023526192500330848,0.003931973301906964,0.5402879026860561,-0.34406583563977344,0.053527284122837034
8.808419583,-0.05554389064851434,-0.024042671764914744,0.004158612101929899,0.5468053202921339,-0.3484932859534491,0.05420912385387237
8.818466583,-0.05609241201117654,-0.024735382192771556,0.004533083741664586,0.5533174857771673,-0.352927251349275,0.05489405113496489
8.828512583,-0.056637653149767556,-0.025487593305986617,0.005072679638407933,0.5598235091230086,-0.3573680332636774,0.055583501604974994
8.838558583,-0.057222117474980856,-0.02612464313033421,0.005638002427269736,0.566323857958304,-0.36181579343576836,0.05627850208154275
8.848604583,-0.05774103435711554,-0.026882658869672366,0.006054899590967838,0.5728186645097959,-0.3662705610221865,0.05697843624893235
8.858650583,-0.058317301204934564,-0.027609998871360838,0.006246291545802321,0.5793079699534113,-0.37073278955049105,0.057681425852564215
8.868697583,-0.05889888212470555,-0.02818174938695927,0.006387221047834507,0.585792104907899,-0.3752019882396362,0.058386154850100576
8.878743583,-0.0593358032873151,-0.028803201876430342,0.0066652480546555105,0.5922704785462191,-0.3796767355583044,0.05909291812295438
8.888789583,-0.059793579607571895,-0.029310365703663847,0.0068998827890214415,0.5987443581190816,-0.3841571519167305,0.05980225649573403
8.898835583,-0.060241372638007246,-0.029676184387279272,0.006984297632045198,0.6052136890170967,-0.38864195326630946,0.06051319745454104
8.908881583,-0.0605701979106825,-0.03009017344849344,0.0071105786177809785,0.6116791189613741,-0.3931306715901899,0.06122519673849578
8.918928583,-0.06095150225375785,-0.030463325727666014,0.00728590521636609,0.6181416251520423,-0.3976237909350708,0.061938782022058846
8.928974583,-0.061450620177320635,-0.030765532118743635,0.007487430542488431,0.6245990657542155,-0.4021198553965054,0.06265418920812756
8.939020583,-0.061987537830050954,-0.030968786949495224,0.007715672684030474,0.631051302349688,-0.4066184587896564,0.06337175511618623
8.949066583,-0.06263916848167142,-0.03112412071829751,0.007909403144649645,0.6374975688670289,-0.4111188633733439,0.06409144059262568
8.959112583,-0.06349127119934339,-0.031236484667582037,0.008074428170047127,0.6439362821316547,-0.4156206126026685,0.06481292809787127
8.969159583,-0.06448259599958178,-0.03128868985852018,0.008215590652833128,0.6503663758612251,-0.42012363665866986,0.06553602555445023
8.979205583,-0.06552624657248704,-0.031459176942417,0.008273070935357993,0.6567856079081302,-0.42462733110208306,0.0662600488221597
8.989251583,-0.06668264255551759,-0.03151923557031916,0.008370632349869971,0.6631937891211839,-0.42913218357660593,0.06698485086431329
8.999297583,-0.06792156176082907,-0.03137765206117567,0.0085833906971096,0.6695899386660474,-0.433636626551651,0.06771121164263025
9.009343583,-0.069092078451978,-0.03119917812583862,0.00860856322353607,0.6759739856144019,-0.4381394618781518,0.06843876754772552
9.019390583,-0.07029184433402441,-0.030974670277573273,0.008520982270502037,0.6823467609297308,-0.44264072104737573,0.06916608236653704
9.029436583,-0.07152418467530422,-0.030759895608166214,0.008394597628676224,0.6887066854791616,-0.44713932568029197,0.06989225004492261
9.039482583,-0.07250229527438849,-0.03079207259025027,0.008266286327303429,0.6950555069335177,-0.4516370131250239,0.07061713838558537
9.049528583,-0.07340968225173371,-0.030843654334713675,0.008237237784044654,0.7013948575335486,-0.4561351212898401,0.07134123630774865
9.059574583,-0.0744149321624725,-0.030871325840104328,0.008095222590992985,0.7077246009584897,-0.46063362754372955,0.07206447497676433
9.069620583,-0.07520456568387184,-0.03113779770310318,0.007689019067668517,0.714045328683952,-0.4651336112797592,0.07278495994316776
9.079667583,-0.07574409720100247,-0.03134565743351955,0.007270817404559074,0.7203600085273941,-0.4696364257584075,0.07350137522870824
9.089713583,-0.07637487327791347,-0.031426961622532355,0.007039929280507314,0.726668181401822,-0.4741402445323974,0.07421445882985918
9.099759583,-0.07721973121245349,-0.031442315523079634,0.006911152165028006,0.7329689421666116,-0.478644548819972,0.07492573583251211
9.109805583,-0.07808198930372531,-0.031462616098890756,0.007039735981947348,0.7392611280876022,-0.4831490321999804,0.07563701186422622
9.119851583,-0.07895660230603536,-0.03162471747254214,0.007319839627463686,0.7455445897050911,-0.48765443178498186,0.07635034073306429
9.129898583,-0.07994185514164498,-0.031717751049433085,0.007400869247696586,0.7518193337555458,-0.49216156151737067,0.07706555476112076
9.139944583,-0.08090554261185773,-0.03168918794575702,0.0074422032986578525,0.7580836637397745,-0.49666856648041563,0.07778131223507309
9.149990583,-0.08181441133333814,-0.031872973442907127,0.007768521225213345,0.7643385878742514,-0.5011763511255423,0.07849891642490835
9.160036583,-0.0827382211476554,-0.03222924485653851,0.008167660750949159,0.7705843064644439,-0.5056868484765324,0.0792201645875266
9.170082583,-0.0834868381202191,-0.032334607563784076,0.008301443052143325,0.7768216244548849,-0.5101996646157111,0.07994408961648142
9.180129583,-0.08401669984607377,-0.032740062341267646,0.008403480409669347,0.7830531408833555,-0.5147154960617485,0.08066927134651405
9.190175583,-0.0845675449295101,-0.03328355594980657,0.008643460349979594,0.7892786086849924,-0.5192356446048968,0.08139609885050177
9.200221583,-0.08516074652762992,-0.033471024481698426,0.008708049212011723,0.7954983299401467,-0.5237594647708755,0.0821244562035835
9.210267583,-0.08578725231027337,-0.03421686099636184,0.008932278713445558,0.8017119246051285,-0.5282879729281039,0.08285426429130509
9.220313583,-0.08615203799570037,-0.03499149557545101,0.009131419229715217,0.807920540013065,-0.5328241184116355,0.08358619896662543
9.230360583,-0.08646931959100176,-0.03549855171673656,0.009164456156954697,0.8141263470746726,-0.5373671540059772,0.08431937284365261
9.240406583,-0.08713852701173833,-0.03605244012557085,0.00952070506560428,0.8203265813243316,-0.5419150665464734,0.0850544291290255
9.250452583,-0.08775633382569134,-0.03625513002430009,0.00962040362360134,0.8265203509014887,-0.5464667793798074,0.08579177563852323
9.260498583,-0.08839222738101082,-0.036382112457610714,0.009612780628688943,0.832707823141692,-0.5510201481572662,0.0865295846435745
9.270544583,-0.08921611774225702,-0.036427231614730333,0.009757638095799617,0.8388879628872814,-0.5555743814010129,0.08726808297737947
9.280591583,-0.09003289880708727,-0.03634301611540116,0.009793379443169001,0.84506047590409,-0.5601288715822547,0.08800756206100871
9.290637583,-0.09097462357510916,-0.03636389906926873,0.009921891278259197,0.8512235415823087,-0.5646825903256995,0.08874779258639443
9.300683583,-0.09203109899713721,-0.03638106802861875,0.010109387674299357,0.8573765703009719,-0.5692365002039035,0.089489610421125
9.310729583,-0.0929987192406597,-0.03648539724758326,0.010170805180130565,0.863519431987108,-0.5737910203674579,0.09023267855038478
9.320775583,-0.09385159053192293,-0.036801707129291636,0.010349160775918416,0.869653149344264,-0.5783476534012143,0.09097695105993389
9.330822583,-0.09466370994892148,-0.037255969750994364,0.010618552532668551,0.8757791131837426,-0.5829086109827918,0.0917235469147618
9.340868583,-0.095578207459462,-0.03773799483546873,0.010844766453362215,0.881895794495745,-0.5874738175753818,0.09247255788658063
9.350914583,-0.09638021440400882,-0.03808122314370899,0.011101875117021008,0.8880038538058682,-0.5920431694157625,0.09322399658774053
9.360960583,-0.096974702640918,-0.03838157296034186,0.01137516703853902,0.8941048985206961,-0.5966157539490653,0.09397809949103988
9.371006583,-0.09749353839967145,-0.03868492144982338,0.011701121121078266,0.9002003510090928,-0.6011913708589589,0.09473521240701752
9.381053583,-0.09800787098701749,-0.03888398978427724,0.011963174906039906,0.9062912201304832,-0.6057699671263129,0.09549535454513197
9.391099583,-0.09863493243738541,-0.03899678852171989,0.01213038476047994,0.912375749792027,-0.610349674184216,0.0962575772158889
9.401145583,-0.09941517634960426,-0.039024103953297765,0.012130350312325355,0.9184532105587334,-0.6149300850355893,0.09702063960871145
9.411191583,-0.10038091902066272,-0.03886364446405305,0.011922820132426654,0.9245219012348332,-0.6195098271043619,0.09778265940440745
9.421237583,-0.10147241322835497,-0.03855538043517566,0.011577807833964306,0.93058025841009,-0.624087214774902,0.09854190377923447
9.431284583,-0.1025981325612692,-0.03819252066836086,0.011208357088616169,0.93662808047476,-0.6286616866978652,0.0992976346257453
9.441330583,-0.10373536022714053,-0.03797904179353479,0.011075024527353188,0.9426639338036272,-0.6332328083645825,0.10005076477215416
9.451376583,-0.10497956747712416,-0.037933981108189824,0.0110929540017802,0.9486878251849135,-0.63780263138709,0.10080331524885801
9.461422583,-0.10642356337336017,-0.037996656908378564,0.010940499176240806,0.9546982137217949,-0.6423725428903186,0.10155519000472306
9.47146825,-0.10779114853608182,-0.03817658832913144,0.010637401014807377,0.9606942809256634,-0.6469435214879848,0.10230475167099962
9.48151425,-0.10900617922116457,-0.03822605705014656,0.010348908836702048,0.9666775744114833,-0.6515158038841972,0.10305136662593577
9.49156125,-0.11016459784666541,-0.03825817038097511,0.010247672597552247,0.9726495404643273,-0.6560889512424667,0.10379609809979295
9.50160725,-0.1112670415072057,-0.03852928667776095,0.010164341278043257,0.9786095558029965,-0.660663166547744,0.10453982836604193
9.51165325,-0.11241763796115237,-0.038893010178808834,0.010028181355137356,0.9845582541211714,-0.6652405706533269,0.1052824561277804
9.52169925,-0.11335086524644958,-0.039316465569179226,0.010047149613124966,0.9904964853927032,-0.6698219287584803,0.10602449523578583
9.53174525,-0.11385412452275875,-0.03997199866107902,0.010234247472747177,0.996427501192237,-0.6744087066227811,0.10676756941390017
9.54179225,-0.11420931825767983,-0.04040785323071429,0.010386260604624236,1.0023547949388738,-0.6790014236505288,0.10751242108324907
9.55183825,-0.11469453342235457,-0.04046646771790295,0.0105581129407533,1.0082772773550286,-0.6835961672731252,0.10825882539211938
9.56188425,-0.11506570228992005,-0.040816787082525854,0.01110920955646662,1.0141954581541903,-0.6881929649704598,0.1090088610735749
9.57193025,-0.11541885409915592,-0.04144485111995948,0.011396652850591792,1.0201100006905917,-0.6927946770876223,0.10976310874099743
9.58197625,-0.11587426620098554,-0.0417673098030831,0.011175381610711677,1.0260204818104686,-0.6974011636804108,0.11051768879064852
9.59202325,-0.11621770704901532,-0.04182860413437761,0.011342042564020747,1.0319275382342914,-0.7020100365958452,0.11127206961801255
9.60206925,-0.11661561881151045,-0.042163142227497195,0.011934354729903332,1.0378302829016377,-0.7066204390462921,0.11203018768217178
9.61211525,-0.1171365110285506,-0.04273260339409665,0.012412333190657127,1.0437284124165955,-0.7112353822850216,0.11279368181614875
9.62216125,-0.11773268336598713,-0.04319669402191697,0.01248383413048609,1.0496209309162954,-0.7158555170544135,0.11355993598515472
9.63220725,-0.11830666056043776,-0.04374442807294747,0.012470143776259143,1.0555075717548972,-0.7204807342191681,0.11432648053673228
9.64225425,-0.1189144298388469,-0.04418518995971191,0.012601527179365569,1.0613888620587209,-0.7251113774971247,0.1150936926228001
9.65230025,-0.11964800416200622,-0.044380075958185036,0.01270494740025333,1.0672628294158781,-0.7297447527363016,0.11586200776516538
9.66234625,-0.12036854304644504,-0.04465062210601031,0.012938716505935711,1.0731294927623947,-0.7343804658411501,0.11663201660951816
9.67239225,-0.12116689492357155,-0.04477451547124293,0.013084846992892345,1.0789885267206147,-0.739018160215672,0.11740393368952465
9.68243825,-0.12208071295815097,-0.04473310228490768,0.012988384086259352,1.0848389604493696,-0.7436562688881334,0.11817610024978722
9.69248525,-0.1229604137144886,-0.04480086926819496,0.013051163577152206,1.0906809668009738,-0.7482949716359999,0.1189481744644966
9.70253125,-0.1238745149812346,-0.04490414099031939,0.0130596123998741,1.0965133814172787,-0.7529340718109996,0.11972052961278105
9.71257725,-0.12496223246409047,-0.044881944288713685,0.012805056998937778,1.1023357408980055,-0.7575735792258284,0.12049164856772328
9.72262325,-0.12612651159560623,-0.04479259237516851,0.012625981579537272,1.1081467885997371,-0.7622125263319623,0.12126058939505482
9.73266925,-0.12713011169544627,-0.04489078152272642,0.012547372246465086,1.1139469470440908,-0.7668515178275236,0.12202823587187484
9.74271625,-0.12751843326392773,-0.045508044661398975,0.012993300350772577,1.1197406905299314,-0.771494565172629,0.12279780398768929
9.75276225,-0.12851664338272065,-0.04565471831903925,0.012913053008756729,1.125526892803079,-0.776140987639551,0.12356913232116605
9.76280825,-0.12930505227260708,-0.0457623397164134,0.012108165744013012,1.1313041208889467,-0.7807886874305353,0.12433601462351321
9.77285425,-0.12933442113844595,-0.04621666061910734,0.012457295835510761,1.1370772412771468,-0.7854392098576919,0.12510060765757902
9.78290025,-0.13049160054528894,-0.04588587624753213,0.012829418229596268,1.1428444016333739,-0.7900903528088452,0.12586882354288007
9.79294625,-0.13165302148122604,-0.04569252524267638,0.012341184994903366,1.1485999156600784,-0.7947388630280019,0.12663645620342856
9.80299325,-0.1324680501054008,-0.04598061167124319,0.012487611487955748,1.1543460739084068,-0.7993883118730583,0.12740244820958244
9.81303925,-0.13395728510881838,-0.04619191977475148,0.013085057157316827,1.1600800859127698,-0.8040398064069829,0.12817210044473953
9.82308525,-0.13522161234371516,-0.04650243044891271,0.013064185458967717,1.16580026677401,-0.8086939220366285,0.12894464881095308
9.83313125,-0.13596870539133013,-0.046750522004095414,0.013079215427658825,1.1715103442711705,-0.8133508435252712,0.1297171678341585
9.84317725,-0.137109071439691,-0.04678126213457679,0.013316957567929447,1.1772109410612928,-0.818009165585472,0.1304909565316673
9.85322425,-0.13824070639787245,-0.046804774344294635,0.012975490799687302,1.18290069190377,-0.8226682238814931,0.13126430119306426
9.86327025,-0.1390945544723216,-0.04678370820409942,0.012775042438536215,1.188579903351563,-0.8273268307378051,0.13203484684207173
9.87331625,-0.13981259080987057,-0.046708147247088466,0.013133788265980405,1.1942512192239547,-0.8319849522362084,0.1328061876192525
9.88336225,-0.14047939219114752,-0.0465927041803828,0.013168573618608353,1.1999155790564842,-0.8366421143214,0.13357950510355066
9.89340825,-0.14121639577051914,-0.04679111334121101,0.013211806180918481,1.2055728875766973,-0.841299693145283,0.13435321447183568
9.90345525,-0.14190590298525518,-0.04720696761309405,0.013604693746343322,1.2112235931603421,-0.8459608213467266,0.13512919170624252
9.91350125,-0.1427996869299956,-0.04743438380771309,0.013686325312776195,1.2168657834453414,-0.8506247167633846,0.13590747521552834
9.92354725,-0.14421970454391622,-0.04812890190023467,0.013608125772732986,1.2224963515051126,-0.8552932430559678,0.13668577596388284
9.93359325,-0.14500748024086524,-0.0493148398385485,0.014423723695126754,1.228115829819082,-0.8599712148791929,0.13746778066431176
9.94363925,-0.14603514927590577,-0.05025829579890888,0.014895397649794355,1.2337261891541638,-0.8646598826479719,0.13825625133137928
9.95368625,-0.1469293090402487,-0.051090565324951626,0.014043176677805958,1.2393274526492568,-0.8693579374935972,0.13904288880653623
9.96373225,-0.14695762294055142,-0.05146731537177621,0.01315462364915489,1.244923525053061,-0.8740615976368081,0.1398207040781304
9.97377825,-0.14721954605239457,-0.051505214294285284,0.01325813011698057,1.2505181395963538,-0.878767340561793,0.14059457606084969
9.98382425,-0.14810454996193384,-0.05168848812618695,0.014566330667592584,1.2561069931252176,-0.8834741944375222,0.14137553904792247
9.99387025,-0.1494397099846005,-0.05145001929972076,0.01466643122922999,1.2616846947706506,-0.8881807710687948,0.1421635759314822
10.00391725,-0.15036043868498244,-0.05115269918766914,0.013453647742073499,1.2672516191752532,-0.8928851246668856,0.1429461016952168
10.01396325,-0.15142109487949346,-0.051855506152344334,0.014046662353178673,1.2728080369953023,-0.8975910467907798,0.14372543647337707
10.02400925,-0.15218452437282193,-0.05197609131009158,0.014959039519406744,1.2783552924329427,-0.9023011048133058,0.14451233283443507
10.03405525,-0.152721180013087,-0.051306262820220064,0.014531713231429915,1.2838960175429557,-0.9070084039865736,0.1453016656060544
10.04410125,-0.15325801178669324,-0.05205897725207026,0.014780550987880028,1.28943135052569,-0.9117161194959289,0.14609010182978
10.05414725,-0.1546121067772441,-0.052204893798527365,0.01417565554829717,1.2949571853832869,-0.9164283488286873,0.14687674957576308
10.06419425,-0.15600627053660004,-0.05204564718370333,0.01363413012273466,1.300469764416295,-0.921140980263081,0.14765771658110372
10.07424025,-0.15664394441746243,-0.052596158819578125,0.01475089491522665,1.3059715888497254,-0.9258551079631077,0.1484414952824214
10.08428625,-0.15772599384831432,-0.0524493072931266,0.013979457547802044,1.31146477511296,-0.9305712632478631,0.14922700856339505
10.09433225,-0.15875978447947375,-0.052518037073011545,0.012917947673198043,1.316947333511564,-0.9352870261270865,0.1500033149503721
10.10437825,-0.1596607021687185,-0.05265226006132502,0.013330537926787775,1.3224201738702737,-0.9400038084380634,0.1507763618140927
10.11442525,-0.16068988812441118,-0.05262574117861692,0.013671925696880827,1.3278838631313805,-0.9447216013190617,0.15155327323712842
10.12447125,-0.16158624401351715,-0.052677654538816274,0.01375794432564444,1.3333373365827952,-0.9494390521842219,0.15233225419480345
10.13451725,-0.16196426292800836,-0.0524919021765302,0.0133301694393612,1.3387844088495724,-0.9541558307760751,0.15310951851079707
10.14456325,-0.162416973389172,-0.052250558678894374,0.013267872926953996,1.3442273083626948,-0.9588704640654231,0.15388432119815493
10.15460925,-0.1632829675239475,-0.05214363454850181,0.013515081775746854,1.3496635840226328,-0.9635833480064765,0.1546600527001786
10.16465625,-0.16415105393778548,-0.052235785520074254,0.013362907504788276,1.3550916896672638,-0.9682966268649604,0.15543633882635158
10.17470225,-0.16479231519360044,-0.052353815572715644,0.013588081402609153,1.3605116735872607,-0.9730104923397209,0.15621291436418533
10.18474825,-0.16555413554460668,-0.052366823852962416,0.014128284839737073,1.365924609828347,-0.9777250160200281,0.1569933343923726
10.19479425,-0.16666866761033386,-0.05290230176254465,0.014133867705475825,1.3713281211512436,-0.9824422947464663,0.15777649590515908
10.20484025,-0.16719879857824776,-0.05374931765329169,0.013977295714764085,1.3767233713317226,-0.987166517739264,0.15855889899957093
10.21488725,-0.16763897260675598,-0.054094508892170094,0.014537236765724729,1.3821142842396192,-0.9918972000436848,0.15934340630050892
10.22493325,-0.1683993231937311,-0.05387829240793489,0.014978902270165101,1.3874986303429568,-0.9966280593330865,0.16013286658743803
10.23497925,-0.16823214540729686,-0.05321516356103761,0.014420459416082193,1.3928799969393186,-1.0013545016708907,0.16092174030174006
10.24502525,-0.1679520532282276,-0.052445667303244556,0.0133363856978676,1.3982636101727157,-1.0060737479327935,0.16170236365529927
10.25507125,-0.16812434872084153,-0.05190945575204994,0.013416864630210665,1.40364776486887,-1.010786435624372,0.1624779459522492
10.26511725,-0.16840733667827124,-0.05118748008345714,0.014523303728577078,1.409029632676254,-1.0154928034415454,0.16325949013846724
10.27516425,-0.1685105602469717,-0.05042366751617492,0.014851702625547109,1.4144100960724943,-1.0201921758832815,0.16404832002990943
10.28521025,-0.16805315755604117,-0.04989086847857435,0.014988606726060252,1.4197918029811145,-1.0248845677060554,0.16483940862433458
10.29525625,-0.16735003879781424,-0.04884891719383991,0.015110796615878426,1.4251793391889724,-1.0295690495579592,0.16563179864787297
10.30530225,-0.16658149280239765,-0.04727220669067185,0.015036497272378602,1.4305742675688893,-1.0342403778717033,0.16642442922562567
10.31534825,-0.16543985855231652,-0.04559148892565246,0.015197172009185198,1.4359787907841781,-1.0388953441232553,0.16721749366697883
10.32539525,-0.16343930330038373,-0.04330663324085015,0.014985417346025261,1.4413996367660553,-1.0435308526817282,0.16801038045162697
10.33544125,-0.16096556617594032,-0.04034263213312842,0.014534050884559297,1.4468424175698202,-1.0481395348501739,0.1687998574611012
10.34548725,-0.15822111448193935,-0.03684598242297887,0.014419408061601012,1.4523114093360192,-1.0527157651695604,0.1695864914059396
10.35553325,-0.15505422429360977,-0.03254657266801539,0.014261764924379566,1.4578100937724943,-1.0572528358822546,0.17037175765840018
10.36557925,-0.15162623221413946,-0.027945998898590715,0.014590358383816164,1.4633419043025995,-1.0617452019777052,0.17115788259432912
10.37562625,-0.1479964740293616,-0.022964279265722504,0.015331354237306846,1.4689097200892294,-1.066189878601833,0.17194945886470356
10.38567225,-0.14387026116310542,-0.017437157293203262,0.015448712985666217,1.4745159399415022,-1.0705813269261406,0.17274526786291655
10.39571825,-0.13913713369962785,-0.011734482087121703,0.015251785830164455,1.4801666602602501,-1.0749163679792193,0.1735406771890203
10.40576425,-0.13373471814705248,-0.005640391763488156,0.015367289403647157,1.485868291411569,-1.079192153879043,0.17433567752447174
10.41581025,-0.12787421079612463,0.0009923522307512672,0.015821326551275574,1.4916264962246308,-1.0834040128900873,0.1751335386629652
10.42585625,-0.12213663471019022,0.00807690507469934,0.015919807390217654,1.4974429582107973,-1.087546969919114,0.1759341750993053
10.43590325,-0.11645865271676066,0.015189624370906624,0.015782464704938083,1.5033173452358521,-1.0916190193502135,0.17673469601019756
10.44594925,-0.11078429400191853,0.022037441721141166,0.016374809179991245,1.509248170377628,-1.0956205397057046,0.1775374227174734
10.45599525,-0.10531065639535936,0.028827462545865615,0.01707810211552954,1.5152349919049268,-1.0995535572000434,0.1783466574114628
10.46604125,-0.09991800955361715,0.03543113319455937,0.017073098942236322,1.5212763947790087,-1.1034192981821107,0.17915939961492783
10.47608746,-0.09461530379102542,0.04171564251033781,0.017092580837110353,1.527371647820768,-1.107220381291798,0.1799722315359666
10.48613446,-0.08958399993289913,0.0478014723487034,0.0174304223812457,1.5335192930699553,-1.110959620907073,0.18078692238965624
10.49618046,-0.08484126265084974,0.0535616001244609,0.017402367570104396,1.5397154214391406,-1.1146389861025119,0.18160308821413373
10.50622646,-0.08026281645996057,0.05878455736042097,0.016938048104907528,1.5459583701129116,-1.1182631832619374,0.1824167808426213
10.51627246,-0.07559264964002194,0.06395782757621754,0.01670602977836546,1.5522477745698349,-1.1218351601708718,0.18322697576638083
10.52631846,-0.07079374843605772,0.06962030203638721,0.016902772694781833,1.5585847421554435,-1.1253527091342999,0.18403699350175545
10.53636546,-0.06590202493980005,0.07555867118837764,0.017149980319751172,1.5649710213893342,-1.1288123314040746,0.1848493220535462
10.54641146,-0.06052750264178897,0.08181473695517992,0.017426031049072616,1.5714082323354353,-1.132210356683441,0.18566419807920365
10.55645746,-0.05416854959367143,0.08862657703435611,0.017317821470427257,1.5779043805282011,-1.1355427418717436,0.1864799171709611
10.56650346,-0.04735987148543612,0.09610898820396839,0.01720549985947807,1.5844666697322642,-1.138803327036023,0.18729452853455306
10.57654946,-0.040493668396912194,0.10406384593845575,0.01741356095389887,1.59109764786458,-1.1419863707985975,0.18810962079757065
10.58659646,-0.03289037169867223,0.1126606239152098,0.017427681268408473,1.597801973590604,-1.145086584266057,0.18892591032489664
10.59664246,-0.02476575037734957,0.12208880347877643,0.017452883201614092,1.6045846333525595,-1.1480959498007286,0.18974231612078143
10.60668846,-0.016442534480862026,0.13208431596815146,0.01770508616284939,1.6114499106008613,-1.1510077501302187,0.19056011532145115
10.61673446,-0.0077555935825915495,0.1424652409514197,0.017908803963182483,1.6184006298667422,-1.153817199614283,0.19138020461210603
10.62678046,0.0012215193524610923,0.15290857632357285,0.017983146871082056,1.625440075675029,-1.1565220488385828,0.19220169060169856
10.63682646,0.010512451929788641,0.1634696171642071,0.018353484754287976,1.632571281875923,-1.1591213930811652,0.19302541022290465
10.64687346,0.019858445821526183,0.17427280622697694,0.01884120119496757,1.6397968205322209,-1.161613672859029,0.19385352227479297
10.65691946,0.029073760713179145,0.18502483299605954,0.019090881439805765,1.6471148734687886,-1.1639974327256832,0.1946852558464193
10.66696546,0.03831672967213019,0.1954996917749403,0.01912188726526276,1.6545256423651384,-1.1662745699462302,0.19551839930417683
10.67701146,0.04749560244471468,0.20591782901406985,0.01912808535283858,1.6620289441725047,-1.1684467616477787,0.19635172963718941
10.68705746,0.05649134077443983,0.2164683761874011,0.018953272215054044,1.6696235370514392,-1.1705136276475236,0.19718421301680494
10.69710446,0.06519000243660382,0.22665311989468506,0.018630659199273425,1.6773077737305042,-1.1724765356537248,0.19801428044328706
10.70715046,0.07369887206093251,0.23647801541336647,0.018602787288003877,1.685077679010249,-1.174338739869544,0.1988425047655445
10.71719646,0.08231948104387321,0.24664379723006324,0.018629541071592558,1.692933625661039,-1.1761005309131078,0.19967072347144674
10.72724246,0.09082019318374929,0.25678359126482575,0.018147523444506933,1.7008755727078277,-1.1777603270491697,0.200496655387063
10.73728846,0.09910590018096593,0.2665954414993446,0.017661735028440546,1.7089018379379435,-1.179319906076067,0.20131772601292458
10.74733546,0.10711377563251831,0.2765086772876391,0.017688513069344304,1.717010752930837,-1.1807805513771101,0.20213657253126605
10.75738146,0.1149087832833955,0.2863622397790586,0.017780453969304076,1.7251982387074147,-1.1821417626691557,0.20295593387325303
10.76742746,0.12280597956083969,0.2959255623370878,0.017659243896105244,1.7334645464243263,-1.1834054429475982,0.20377514819618298
10.77747346,0.13072171070524008,0.30540895120042877,0.01741573601616212,1.741810282475676,-1.1845734515945707,0.20459253054083418
10.78751946,0.1386696873338613,0.31513775359951,0.017181507634954487,1.7502357019311712,-1.1856449574048324,0.2054075132162457
10.79756546,0.14656061471004703,0.3249887418802595,0.01701776552327915,1.758740680201481,-1.1866181139265095,0.20622049688587138
10.80761246,0.15441076457867356,0.3346076182090816,0.017027772080906778,1.7673255803767822,-1.1874935604533698,0.20703278919104823
10.81765846,0.1623580977321043,0.34401075490069455,0.01713382905963707,1.775988976835314,-1.1882733722737113,0.2078455836341292
10.82770446,0.17014076821622526,0.3530736218152618,0.017387852138740074,1.784731385102116,-1.1889604293579386,0.2086601867593405
10.83775046,0.17761708833284284,0.36185148626930413,0.017775211284959097,1.7935504392787067,-1.1895578724485016,0.20947801154746976
10.84779646,0.18499322093661646,0.37063429226058137,0.017706516889878263,1.8024440973253104,-1.1900671082914178,0.21029743698864378
10.85784346,0.19256701568459206,0.37928953597492787,0.017267362792917768,1.8114137416254215,-1.1904887947820462,0.21111439282025254
10.86788946,0.20013659406883338,0.38777512768618105,0.017529180058798745,1.8204585583203576,-1.1908243408849482,0.21193037657554872
10.87793546,0.20758788232827752,0.39608757717370674,0.018354509020111685,1.8295788248284437,-1.1910755104269086,0.21275182106634397
10.88798146,0.21491406413213493,0.40408157031516895,0.01854211274968197,1.8387733185686588,-1.1912447727075437,0.2135783535180456
10.89802746,0.22203214434281748,0.4116187047381148,0.01861119188871364,1.8480403658369724,-1.191336022134423,0.21440617528779612
10.90807446,0.2291604636407663,0.41920463346261844,0.019337135846013886,1.857379902354622,-1.1913513099367408,0.21523807325919378
10.91812046,0.2361079700720966,0.42687963828997927,0.0202137966117559,1.8667892121603062,-1.191289940548199,0.21607793831348113
10.92816646,0.24285602127125377,0.4342371849012723,0.02077085236540517,1.8762673147519677,-1.1911530626537812,0.2169250049258453
10.93821246,0.2495590537990764,0.44182984099052225,0.020750100245714727,1.8858129821371905,-1.1909410898911985,0.21777476539136292
10.94825846,0.2564983911375935,0.4498058152609155,0.02058702847768582,1.8954271751462508,-1.1906509158983194,0.21862360250949242
10.95830446,0.26356000181881123,0.4576526427877304,0.02088645489537362,1.9051116949172155,-1.1902812639720126,0.2194731245370273
10.96835146,0.2701979307252953,0.4650822891579618,0.021118546109818413,1.914865998342794,-1.189834833883153,0.220325401206599
10.97839746,0.27665597912296647,0.47242581711631443,0.020550623597293115,1.9246851119951065,-1.1893142425738088,0.2211759061665898
10.98844346,0.28313041059343824,0.4801337180097591,0.02004870347062388,1.9345691854937952,-1.1887180479373425,0.22202103730700382
10.99848946,0.289547132888169,0.48772934757359276,0.02057862102297192,1.944518011257848,-1.188044983667389,0.22286630907848712
11.00853546,0.2959021046311348,0.494805354022712,0.021496704236761505,1.9545309892410512,-1.1872982237697427,0.22371885415781864
11.01858246,0.30220283257818004,0.5020734950114275,0.021810387484497654,1.9646085398445663,-1.186479331713389,0.2245776718801026
11.02862846,0.3085414089781356,0.5095752570261358,0.021441801182221644,1.9747485746330482,-1.1855863319403757,0.22543612834432752
11.03867446,0.31437293464630317,0.5167741471956842,0.021284939906713173,1.984949739844217,-1.1846194907914414,0.22629194548536913
11.04872046,0.319835794731755,0.5239531623150282,0.021448301833127452,1.9952076367550282,-1.183580429424241,0.2271477952791803
11.05876646,0.32571228933993546,0.5314894362281439,0.021346703630758926,2.0055224912444634,-1.1824674531602304,0.2280039553121773
11.06881346,0.3313437050465424,0.5394312089110661,0.020649141764979888,2.0158961824837083,-1.1812766121411429,0.228856185988545
11.07885946,0.336697861883746,0.5474563937814128,0.01942400253698586,2.0263240217375436,-1.18000568762129,0.22969867411292577
11.08890546,0.3428315313654583,0.5553033986336088,0.01878521033605712,2.036809564342978,-1.1786550370924616,0.23053179970973894
11.09895146,0.34908597516681555,0.5634841304111228,0.019374503945971455,2.0473573324414343,-1.1772238792425411,0.23136467667512955
11.10899746,0.35506562498172844,0.5720067813833419,0.020482425677266818,2.0579665523921236,-1.1757088203010697,0.23220607875317895
11.11904346,0.3614374354627092,0.5802601354273893,0.021233335297394518,2.068637813727881,-1.1741094954864006,0.23305681774110665
11.12909046,0.36810051882892564,0.5879873461005467,0.021396533206390143,2.079375618092709,-1.1724297331047147,0.23391223343255763
11.13913646,0.374517810400958,0.5953813990042446,0.020868665004571497,2.090178056423574,-1.1706741838065253,0.23476573224372316
11.14918246,0.3806032355646066,0.6026877731410597,0.020518558635429205,2.1010432959006042,-1.1688447942633107,0.23561482098861886
11.15922846,0.3867429894718115,0.6098813541027863,0.02105538783473348,2.1119699424521055,-1.166942571445637,0.2364648476422904
11.16927446,0.39291510505954563,0.6168746697690373,0.021503461281512398,2.1229584315240815,-1.1649690878462002,0.23731982146195327
11.17932146,0.3990035422435766,0.6235089662287829,0.021574062728563347,2.134009605300253,-1.1629269494925345,0.2381774859508401
11.18936746,0.40522447815491147,0.6303498341567115,0.021384016414691565,2.1451215091098574,-1.1608173286466703,0.23903446510292856
11.19941346,0.4116029582514423,0.6377021121434852,0.021224059858751344,2.156296699786072,-1.1586364156288758,0.23988968619060203
11.20945946,0.4177492961403327,0.6449044339568624,0.021061167908307935,2.167534802623025,-1.1563823948562857,0.24074328561022784
11.21950546,0.4240371169114613,0.6520362757898315,0.020460895029801005,2.178835362238929,-1.1540563735796994,0.24159305165291795
11.22955146,0.43021313936360417,0.659432419367004,0.020218165308295268,2.1901985277393416,-1.1516573782323987,0.24243858329354806
11.23959846,0.4363396704216414,0.6670360359400868,0.020799221294655786,2.201624626230742,-1.149182792788933,0.24328589868217024
11.24964446,0.44305770680016665,0.6752299816510865,0.021610165763191108,2.213114105719672,-1.146629102491044,0.24414012175391378
11.25969046,0.4492779469297469,0.6830246425010238,0.022093406545052548,2.224668574171501,-1.1439951014224,0.24500084551816997
11.26973646,0.45467345571059886,0.6896476912973798,0.022139685746900763,2.236281388530108,-1.1412886801982018,0.24586422906130442
11.27978246,0.4601284392785255,0.6968383591942515,0.022071628988489106,2.247948704911782,-1.1385128726750544,0.24672750321577214
11.28982946,0.4659719384136801,0.7049773461195187,0.02215381072049085,2.259673940610563,-1.1356597803211803,0.24759093425917245
11.29987546,0.47192079159782596,0.7124284804493584,0.022623467568753847,2.2714572422565555,-1.132728662762796,0.24845705124857131
11.30992146,0.47772265620576426,0.7190797776221688,0.022143815978782087,2.283299567758016,-1.1297267086909748,0.24932311803438245
11.31996746,0.48355279935160533,0.7262669511202839,0.0201102322433257,2.295200320834426,-1.1266552439809727,0.25017656083915407
11.33001346,0.4897561550035975,0.7338652305208953,0.01899059149226599,2.3071615181752954,-1.1235095119410614,0.2510141649973298
11.34005946,0.49639201739172334,0.7412866767763017,0.019633564344161646,2.319187206908382,-1.120288335819179,0.2518493748526482
11.35010646,0.5027930374044008,0.7488503827245789,0.020261986577695464,2.331279583482593,-1.1169915611425465,0.25269105469972625
11.36015246,0.5088748542800171,0.7572223570344777,0.019557877486202514,2.3434334577656686,-1.113615069679208,0.2535322705974712
11.37019846,0.5156215940316125,0.7660488768753115,0.018630013028457286,2.3556517698886807,-1.1101521901797513,0.25436528909207823
11.38024446,0.522231349604246,0.7737337113618808,0.019265385328507446,2.367937171687709,-1.106606374147507,0.2551968383985772
11.39029046,0.5275026273945835,0.7801691257396483,0.020618064430245314,2.3802822519173175,-1.1029896321052182,0.25603837368726734
11.40033746,0.5321148783684322,0.7867028882694067,0.0206181708446038,2.392678210908962,-1.099307379384613,0.25688678846219276
11.41038346,0.5384617171674472,0.7951480891552543,0.020832934470424586,2.4051279836114836,-1.0955502538334803,0.25773619808474213
11.42042946,0.5471643764818686,0.8050891711519685,0.022370989186204962,2.417653349943027,-1.0917007739834292,0.2585944121138212
11.43047546,0.5532790096640321,0.812190273448551,0.02140139500847442,2.430253143534783,-1.087765691241672,0.2594554815201831
11.44052146,0.5562044089625295,0.8165069641644846,0.016772996974139608,2.4428983452096875,-1.083773256925614,0.26028843221166365
11.45056746,0.5634621154010682,0.8270934814247737,0.015439082248982619,2.455594696624711,-1.0797059637958906,0.2610914342061534
11.46061446,0.5721725384015693,0.8390106983536785,0.019423670578749205,2.4683725277595325,-1.0755252182905428,0.2619078317920057
11.47066046,0.5783759330623304,0.8424595960866539,0.02501170225660259,2.4812239991948393,-1.0712677049100412,0.2627722313903096
11.48070596,0.5835392189745372,0.8477300651406404,0.024355933847169556,2.4941319229937267,-1.0669666082309346,0.2636613614918666
11.49075196,0.5900137401645628,0.8607115881918194,0.017912335853473415,2.507098945970627,-1.062573617714717,0.2645148757311249
11.50079796,0.6013739777748889,0.871399024868031,0.020742315996470848,2.52015555294098,-1.0580617380137896,0.2653502387679191
11.51084496,0.6134351048863125,0.8785173346620492,0.02942039339522494,2.5333311168191734,-1.0534599620234593,0.26624349568557043
11.52089096,0.6195158126347695,0.888861578868062,0.03052331571417731,2.5465964957410248,-1.0487709296492698,0.26718579365697886
11.53093696,0.6201180064074566,0.8948372698696281,0.02391877484455664,2.5598954428772185,-1.0439999222405318,0.26810045699840734
11.54098296,0.6191826703612519,0.8929481116488464,0.018567882138059207,2.573192716639771,-1.0392083881776368,0.2689550681969829
11.55102896,0.6155576308139528,0.8917167986609374,0.014019079344191495,2.5864670836357195,-1.0344325282416218,0.26975995322506024
11.56107496,0.6133391197207919,0.8916414506167291,0.00849211329165019,2.5997120984767985,-1.0296632316639724,0.2705142276662219
11.57112196,0.6130153287455836,0.8894329823315014,0.01134491774445721,2.612945660500113,-1.0249049330918263,0.27125514353865404
11.58116796,0.6116222827356471,0.8917400842731239,0.018344826355147094,2.6261692816857285,-1.0201466126867424,0.27204547584381833
11.59121396,0.6135536681424448,0.9020024319448469,0.019354433849799037,2.6393956069501323,-1.015325155936252,0.27287603994837967
11.60125996,0.6202276969264623,0.9100827655660894,0.019600852464130857,2.6526651572100186,-1.0104115638976254,0.2737129130720865
11.61130596,0.6266735378178769,0.9143461645688578,0.022563911509029005,2.6660006085752825,-1.0054359692900299,0.27456590740207554
11.62135296,0.6274627964936621,0.9200788442569144,0.02187478576288357,2.679373732902141,-1.0004096640999631,0.27543040974484323
11.63139896,0.6284102854208842,0.9250148153303718,0.017726206068015764,2.6927542498557426,-0.9953302705563273,0.2762705262473618
11.64144496,0.6348093299059276,0.9282096218663016,0.01389138998608955,2.706171668446672,-0.9902100361167607,0.2770705421528935
11.65149096,0.6421787231886525,0.9313371606708256,0.012855973159005062,2.7196582459005114,-0.9850580445365478,0.2778460948785233
11.66153696,0.6470028746544576,0.9351458833055486,0.016968298843610057,2.7332060715296205,-0.9798712121151267,0.2786371029173443
11.67158296,0.6499898114047287,0.9410394008670837,0.020992834267383072,2.746793132254841,-0.974635645341199,0.2794689824095128
11.68162996,0.6535354226961035,0.9474843809240481,0.019538895188823294,2.7604143617197905,-0.9693375749651404,0.28031385809945825
11.69167596,0.6590823212712692,0.9522262185104204,0.016735128166857273,2.7740799071108815,-0.9639838405326534,0.2811372632393257
11.70172196,0.6662186925482994,0.9582302436449743,0.017620205475546283,2.787809160566443,-0.9585761296317179,0.2819510308007635
11.71176796,0.6714596362124212,0.9673563722821734,0.019464623082911938,2.801600585274951,-0.9530924199683881,0.2827785086151645
11.72181396,0.6748488259512525,0.9748108172722025,0.018980688769621265,2.815435359143544,-0.9475254260837278,0.2836128201371518
11.73186096,0.6796864950186037,0.9798408583107969,0.01773222220830664,2.8293128377798804,-0.9418951622332058,0.2844385119924716
11.74190696,0.6856352252503295,0.9856782356302323,0.01697581358799232,2.8432431152439346,-0.9362108717328124,0.2852540511768283
11.75195296,0.6910065690060516,0.9906355127748461,0.016646033361098867,2.857230253439629,-0.9304723596830446,0.2860641344346056
11.76199896,0.6953270060731751,0.9949199639286516,0.016630751940634365,2.871266073450395,-0.9246874264320353,0.28687248444772806
11.77204496,0.6990279978522415,1.0009746555747596,0.017316673483796802,2.8853421850982577,-0.9188505596667409,0.287684203086187
11.78209096,0.7041835223747527,1.0075579459058928,0.019123255376468237,2.8994627830275013,-0.9129502123179759,0.2885084415694039
11.79213796,0.711058831129028,1.0142520521895706,0.02038998840100742,2.9136452234417716,-0.9069825786343125,0.2893482008965423
11.80218396,0.7179416461773404,1.0220089509153656,0.019616331021436506,2.9278953593024264,-0.9009429515241875,0.29019035335955323
11.81222996,0.7238277113246785,1.0297868950941176,0.016628328091485445,2.942209633248302,-0.8948252928981542,0.2910136110028293
11.82227596,0.7287668175096177,1.0362554359416705,0.013671999445380738,2.956578282029782,-0.8886360741778326,0.291807010268599
11.83232196,0.7336601639248574,1.0428687503236993,0.01431575287260748,2.9709963192206703,-0.882381145298694,0.2925887934690441
11.84236896,0.7389774425889761,1.0502724957859746,0.016713931813436812,2.9854670846884366,-0.8760551790906314,0.29338593563708665
11.85241496,0.7452294018781935,1.056750153994551,0.017740811423807477,2.999994522131341,-0.8696601162292548,0.29420020253291934
11.86246096,0.7512133367003953,1.06368016854812,0.016831161032815387,3.014583420470364,-0.8631977066275953,0.2950150582711208
11.87250696,0.7550674347758773,1.0715774883093627,0.01659739616010977,3.029221735248634,-0.8566608193256714,0.2958241706344529
11.88255296,0.755881220248574,1.0763210662794764,0.02265496718432393,3.043883496805965,-0.8500604367944441,0.29666253597608383
11.89259896,0.7577937085389919,1.0794825538894208,0.029389679513670948,3.0585589524364103,-0.8434203471188066,0.2975651569569998
11.90264596,0.7636912185843568,1.0857486019342808,0.025894339609555943,3.0732751024192564,-0.836732237249297,0.29848414077408747
11.91269196,0.771003944854316,1.0933547441176286,0.017341211082874522,3.088056142688354,-0.8299751130505493,0.29934251366576753
11.92273796,0.7789683188967408,1.1027713030505655,0.01212089384623912,3.1029139198323183,-0.8231324838240959,0.3001317025393783
11.93278396,0.7867375308924549,1.1136536854911543,0.011450216616716835,3.117850726778955,-0.816187893015122,0.3008913009477857
11.94282996,0.7933330326042916,1.1212004869438899,0.016157660740530266,3.1328596876825423,-0.8091507324154532,0.30167117603630306
11.95287596,0.7993573414793886,1.1274601432987776,0.02016651675550005,3.1479320378947095,-0.8020442219782152,0.3024948331004176
11.96292296,0.8045335747058798,1.1336663809841738,0.019733117737008796,3.1630621543636104,-0.794874381725249,0.30333653346131295
11.97296896,0.8090764048973462,1.1383291575145025,0.01775566051451047,3.178239583754301,-0.7876506600438427,0.30416604031502226
11.98301496,0.8148086930925895,1.14430116274481,0.014709056498447231,3.193468625064649,-0.7803735198536512,0.3049703113091303
11.99306096,0.8213272138456191,1.1509478152936286,0.01392651649741731,3.2087592021883427,-0.7730329961454366,0.3057553485128404
12.00310696,0.8285204240997239,1.1575952785381802,0.015781036904535594,3.2241186533368875,-0.7656256960935903,0.3065457702741304
12.01315396,0.8360918645672499,1.1671486049336761,0.015695201228376632,3.2395538036204505,-0.7581362740367389,0.3073451557034133
12.02319996,0.8423343251135382,1.1768574158842198,0.013539956887879507,3.2550568048343598,-0.7505508437026431,0.3081332046231831
12.03324596,0.8488204765039175,1.182514011970602,0.012038666563229872,3.2706237418660296,-0.7428882329289992,0.30890288676933
12.04329196,0.8552669280930121,1.1884338745007157,0.01268018149403974,3.2862556393624627,-0.7351674736037263,0.30966825026367356
12.05333796,0.8599052681404507,1.1964778252624855,0.016283368561538634,3.301943215767289,-0.7273765740442866,0.3104549348961547
12.06338396,0.8644198585587741,1.2022843161742869,0.01913954524614927,3.317676767341842,-0.7195161037163222,0.3112740649127626
12.07343096,0.8686417353200336,1.2053401412875548,0.01584796795620342,3.333455772710136,-0.7116103310960321,0.31209108923235684
12.08347696,0.8715116435972069,1.2080220078981354,0.009623627965090868,3.3492688295955833,-0.7036765249291432,0.3128602337792215
12.09352296,0.8729534229975449,1.2108877521761119,0.006870613160702015,3.3651035440882313,-0.6957148531127628,0.3135842850729482
12.10356896,0.8716819760051343,1.2107986564066604,0.006552896727938597,3.380939114160567,-0.6877392341909223,0.31429291208367083
12.11361496,0.8694769134396196,1.208357589319328,0.005504200722679891,3.396757221725391,-0.6797763242771133,0.31499467560471717
12.12366096,0.8686162544731248,1.2082104329891665,0.0022038870895456537,3.412559930170962,-0.6718264150095288,0.31567459405035
12.13370796,0.8686418408894172,1.209350760454807,-0.0004283630434964887,3.42836001666446,-0.6638707251960321,0.3163247779424175
12.14375396,0.8675475079311911,1.2081056564652906,0.005280410456825344,3.4441531622267285,-0.6559163535223149,0.31699035049712654
12.15379996,0.8626487948026892,1.205693692186996,0.01401467278199791,3.459916204718506,-0.6479803513025053,0.3177284704207871
12.16384596,0.8598432582369784,1.2036079228766334,0.014563209527027037,3.4756405487640674,-0.6400669411985132,0.31851321784417724
12.17389196,0.8634840782935814,1.2035066005939477,0.009045916465826146,3.4913690884386055,-0.6321645168555914,0.3192730072045913
12.18393896,0.8683500214457178,1.2071834784454867,0.002964394706165309,3.50714192749009,-0.6242433440853059,0.3199746055497861
12.19398496,0.8720226109972719,1.2106445194273274,-0.00025896638472277037,3.522956085685994,-0.6162871059604633,0.32062939563679654
12.20403096,0.8735905709419534,1.212126654765269,0.00017616028566914965,3.5387965671620205,-0.6083060382609649,0.321270180422313
12.21407696,0.8726241524951828,1.2127028794818813,0.00017778951807233268,3.554640070180988,-0.6003146314189141,0.321913159032729
12.22412296,0.8722425894147628,1.210073180053181,0.0006457608306330957,3.5704768022887468,-0.5923335391803406,0.32255849644668255
12.23416896,0.8729384294663456,1.2071665297380754,0.0008573396203820846,3.5863151130097295,-0.5843802560265317,0.32320724724079986
12.24421596,0.8741195792081401,1.2070536396844556,-0.0001950135032077853,3.6021644293677504,-0.5764413498472067,0.32385183898307174
12.25426196,0.8764810844009954,1.2070673194220012,0.004410653669208498,3.6180299629642017,-0.5685037321780875,0.3245142148641775
12.26430796,0.8776314543099676,1.2078712019663365,0.011324832606807663,3.6339131367092916,-0.5605620078936246,0.32523445493229386
12.27435396,0.8781794578013686,1.2084167903030447,0.010346807868709198,3.649804841383969,-0.5526135052169279,0.3259845123029542
12.28439996,0.8807680264876043,1.207095835248407,0.0033666456577204195,3.665712301060699,-0.5446688972072542,0.32669459570056947
12.29444596,0.8833244132045834,1.205836805187803,-0.0023332732652947587,3.681645603848415,-0.5367372484628155,0.3273409870506485
12.30449296,0.885336686287928,1.206008766266414,-0.004438358588363795,3.6976034433331604,-0.5288102710763847,0.3279482343050539
12.31453896,0.8875527416597603,1.208667903569041,-0.004399011034319358,3.7135809333928873,-0.520869862072272,0.3285450449179911
12.32458496,0.8885829168894959,1.2102227967793717,-0.0029225105567493442,3.729574729268923,-0.5129082859928944,0.32914946963559105
12.33463096,0.8889005682632224,1.2086578867709301,-0.0008644822002440988,3.74557529527799,-0.5049467602278923,0.32977164829152467
12.34467696,0.8886966433451748,1.2078208532497232,-0.0005690181504078504,3.761576432535042,-0.4969972994252412,0.33040564853981524
12.35472396,0.8883347762104604,1.2076846008483932,-0.0011258725674368406,3.7775763203226242,-0.48905193661834856,0.33103839880331637
12.36476996,0.8904943301046426,1.2085848390530276,-0.0029905358902479855,3.79358364538679,-0.48110352713019466,0.3316589228041854
12.37481596,0.8941895081060904,1.212457349367954,-0.007544973726521385,3.8096203787692655,-0.4731311441262287,0.33224720365993227
12.38486196,0.8972084890521689,1.2157340020012741,-0.011180998146868591,3.8256908373721363,-0.4651228508767722,0.33279434382376416
12.39490796,0.9001640598985978,1.2166719347282298,-0.013459274033862975,3.841791306148659,-0.4570933877650525,0.3333117764571522
12.40495396,0.9015929112874126,1.2172737646575345,-0.01633023624687452,3.857913797878072,-0.4490561904255086,0.3338033444675641
12.41500096,0.9019568264380682,1.2160511064383954,-0.01643276234046616,3.87404690043698,-0.4410213117773276,0.33428002409118274
12.42504696,0.9048231264168024,1.2144186391553327,-0.014342493612232974,3.8901946226033126,-0.43300157415368257,0.33476664070108425
12.43509296,0.9089732889390839,1.216379685960585,-0.014943146984526933,3.9063775884607908,-0.42498018607509636,0.33526073964891867
12.44513896,0.9122075842174919,1.218852315121108,-0.01673343305316751,3.922597646449799,-0.4169365276421355,0.33574282890794127
12.45518496,0.9160265545342346,1.2200546678879134,-0.01920179338409992,3.9388531329918943,-0.40887440977495193,0.33620352698609884
12.46523096,0.9200989139879827,1.2220665902920371,-0.02341928351806214,3.9551482576834243,-0.40079614660358653,0.3366306420373712
12.47527833,0.9226317631391435,1.2233617000108017,-0.025865236021944484,3.9714787870722636,-0.3927001682901057,0.33702434029864203
12.48532433,0.9250954558346345,1.2235279296896693,-0.026406980639616214,3.987832187356311,-0.3845979535885924,0.3374029776749029
12.49537033,0.9291127055462979,1.2245125088796653,-0.02646781438535402,4.004218141414073,-0.3764899583741299,0.3377785883000445
12.50541633,0.9338337456236245,1.2265303108066288,-0.025258284863348086,4.020647987901443,-0.368366882199318,0.3381599688240701
12.51546233,0.9379860001050064,1.227917857727554,-0.024696301071377668,4.037122404947383,-0.36022670095724196,0.338550247659472
12.52550833,0.9416920010870042,1.2274202969832695,-0.02607730563333747,4.053636294010513,-0.35208204931460174,0.33893641255354606
12.53555533,0.9462078592286022,1.2269457670282922,-0.028176457330957343,4.070193129410253,-0.34394147023380883,0.33930513332231715
12.54560133,0.9514965236159568,1.2277938700405868,-0.030171197140602256,4.0867975649884265,-0.33579982494528315,0.33965325377445854
12.55564733,0.9571039063605127,1.2285064548395204,-0.03245080687305088,4.103456731411341,-0.32765034032188267,0.3399799041688498
12.56569333,0.9631797362364054,1.2288090966174374,-0.03671335330701182,4.12017458261125,-0.3194957562153855,0.3402736933128173
12.57573933,0.9691472724949155,1.2285579488395943,-0.040533959087055385,4.136952927639251,-0.3113409134545271,0.3405268807832138
12.58578633,0.9745590270432593,1.2276132965864537,-0.03974879378713503,4.153790106686425,-0.30319126604489854,0.3407648449211725
12.59583233,0.9796689752972954,1.2276244627255992,-0.036284696727355244,4.170678460405327,-0.29504711868834543,0.34102412941887017
12.60587833,0.9831724183798977,1.2281719839253553,-0.03253860163028697,4.18761007918891,-0.28690016504529003,0.3413196307117716
12.61592433,0.9857383818100162,1.2280567449877344,-0.03048254316218083,4.20457218460141,-0.27875104004843054,0.3416442762220311
12.62597033,0.990015854102541,1.2290971175012135,-0.03129064792532482,4.221568664591541,-0.2705972681056208,0.3419751902037504
12.63601633,0.995010074513969,1.2321286553985944,-0.02868577068248773,4.238611716294128,-0.2624230429568164,0.34231512937363534
12.64606333,0.9987958707984257,1.2370485779025282,-0.02726904679864165,4.2557005709118485,-0.2542080599670975,0.3426753048950411
12.65610933,0.9998193412610349,1.238988806239174,-0.03564198849761463,4.272811881585166,-0.24595943609502613,0.34300050348529987
12.66615533,1.0002387925534861,1.2343006806996886,-0.045517964215877796,4.289930440054462,-0.23772461491060315,0.343234037763372
12.67620133,1.0052753773936243,1.2310135197368182,-0.052970103763826736,4.307076404193248,-0.229529853590283,0.3433805329184618
12.68624733,1.0122943171178422,1.2322484839765788,-0.05743672999461526,4.324282923231925,-0.22134540045410178,0.3434671601130451
12.69629333,1.0180472081139522,1.2345134064310572,-0.05639997368508402,4.341553595176308,-0.21314336738705664,0.34353655907101394
12.70634033,1.0258386506748238,1.2369106568477086,-0.05594223113451665,4.358894026239377,-0.2049170974469452,0.3436134725521249
12.71638633,1.0340528810193461,1.2377462673760744,-0.05720242330466573,4.376313127866222,-0.1966754076250401,0.34368634767342876
12.72643233,1.0408753035141876,1.2368894391212146,-0.05648557005951302,4.393807758600277,-0.1884338243797763,0.3437564936033124
12.73647833,1.0488561747052856,1.2364916729320277,-0.057144351679581554,4.411376746278519,-0.18019854296240423,0.3438269312269689
12.74652433,1.0578358882176557,1.2374723266396321,-0.060549347477294804,4.429030926973723,-0.17196033370102803,0.34387695649665584
12.75657033,1.067212084607906,1.238679521489554,-0.06203525964048345,4.446777309404371,-0.16371113487634625,0.3439024147356552
12.76661733,1.0764487488035104,1.2390379698956258,-0.06141378491431458,4.464618960052459,-0.1554532499001422,0.3439235330073564
12.77666333,1.0848734256152497,1.2392328247366178,-0.062350775620111265,4.482547547797706,-0.14719340760717703,0.34394306434034383
12.78670933,1.0924898081222554,1.2392922102616506,-0.06376685913064642,4.500556709783915,-0.1389322882648516,0.34395077618154274
12.79675533,1.0990823722922416,1.2399099778265537,-0.06412544020071134,4.51863724330928,-0.13066776758255716,0.34394957388255326
12.80680133,1.1055354953028935,1.240892388529679,-0.06617021169787052,4.5367833053213555,-0.12239520920482061,0.3439362995436186
12.81684733,1.111902125699922,1.2397017922222004,-0.07088775136583304,4.554993760954796,-0.11412369654337629,0.34388905811570153
12.82689433,1.1186135568795423,1.237977542004733,-0.0767759506178625,4.573271726937678,-0.105866003249657,0.34378853405580867
12.83694033,1.127293877863463,1.2382219308750875,-0.08101042413386143,4.591625186445534,-0.09761656520585404,0.3436371738159827
12.84698633,1.1354521305595489,1.239324921715899,-0.08172174949296061,4.6100632261089896,-0.08936035927376063,0.3434609708284071
12.85703233,1.1425306850499206,1.2391195418028293,-0.0831740746960731,4.628577800254938,-0.0810996446419785,0.34327389982405754
12.86707833,1.1527382090899707,1.2389215027015006,-0.08658713321103342,4.647179202373348,-0.07284095638390431,0.3430623899972921
12.87712433,1.1684921291493093,1.2448445675413522,-0.08548165059027897,4.665911008825466,-0.06455351132154674,0.34283928921681
12.88717133,1.180305815397466,1.255913635478738,-0.0822134185599334,4.684783165751342,-0.0561798813304446,0.3426381375839561
12.89721733,1.1873096693148515,1.2611415517022737,-0.08333324484999609,4.703747964794197,-0.047725225033705465,0.34244779741419995
12.90726333,1.194135835100267,1.2593368984734148,-0.09132798162668863,4.722782232026017,-0.03925337368694537,0.3422116747941595
12.91730933,1.1973629809027844,1.2547267266873205,-0.10218591851247663,4.741866997041946,-0.0308137440062346,0.3418808551943124
12.92735533,1.2025900155161813,1.2480797324722048,-0.10667276024203218,4.760994227406101,-0.02243065907034847,0.34147295877148043
12.93740133,1.2122348617998269,1.2458092253705089,-0.1075515706080721,4.780196159228005,-0.014092366743575724,0.3410381106781723
12.94744833,1.2213868700745116,1.2485984110923625,-0.10890490319092946,4.7994944284495205,-0.005750638823573517,0.3405920061290652
12.95749433,1.2306490926105986,1.2492218844206895,-0.1107174073554622,4.818883271553229,0.002607400612316013,0.34013004398374264
12.96754033,1.243080843051581,1.2480625280925142,-0.115749557967533,4.838381083483207,0.010962748307898895,0.33963370113747715
12.97758633,1.254920702638801,1.2486642441215894,-0.12061770749407857,4.858000811710352,0.019315294976257835,0.33908762908361545
12.98763233,1.2649045719639231,1.2492195158255976,-0.1213292567046901,4.877730160527827,0.027673653194001613,0.33851353020299685
12.99767833,1.2759654107749474,1.2489309872112393,-0.12086987857334,4.897565216914266,0.036033351262283464,0.3379381646670473
13.00772533,1.2879031700275307,1.2497658094511124,-0.12176894367568153,4.917517781181372,0.04439662577854753,0.3373605330905015
13.01777133,1.2992545405611589,1.2499310009746625,-0.12395941117517621,4.937585340824805,0.05276409094884471,0.33676744028463756
13.02781733,1.3096968071958028,1.2476380795426552,-0.12867178266270446,4.95776236990773,0.06112086853181076,0.3361396745185419
13.03786333,1.3199075240189535,1.2452428788727659,-0.13515654303139085,4.9780431389265685,0.06945409767746025,0.3354556655591323
13.04790933,1.3311803844757288,1.2434468975976778,-0.1398941533005455,4.99843181995408,0.07776627451619911,0.334715286632009
13.05795533,1.3441519338088204,1.2419910678888157,-0.1419703170006655,5.018942280651968,0.08606211750836668,0.3339406821182379
13.06800233,1.357681961947507,1.2420082852649168,-0.14148846653499683,5.039587913678745,0.09435155941716511,0.3331579914661687
13.07804833,1.3704728741771448,1.2423496912404095,-0.1398732176372845,5.060363701883741,0.10264197762467919,0.3323859124471233
13.08809433,1.3825361293320857,1.2406874424909655,-0.14069842745474861,5.081264332571514,0.11092576123894071,0.3316178017943779
13.09814033,1.3938858042606166,1.238005560224284,-0.1464575740340991,5.1022825664070925,0.11918772428310698,0.3308166179194514
13.10818633,1.4045939466627935,1.2357138069342923,-0.15584058836397166,5.1234115966591265,0.1274247047558732,0.32993937497027775
13.11823233,1.414739604530582,1.2340487691804523,-0.1651483784867408,5.1446453755499135,0.135641810267225,0.3289682481103386
13.12827933,1.4253173364297946,1.233867125171101,-0.17058756295666985,5.165985372044272,0.14385045692073062,0.32792294315551984
13.13832533,1.4350127225215439,1.2342622174815638,-0.17055897223086902,5.187425076393531,0.152059358700404,0.3268505648298247
13.14837133,1.4419108944768524,1.2328442023852222,-0.17079161862477085,5.208948130184855,0.1602631223389226,0.3257771615325088
13.15841733,1.450281423032243,1.2295517056712348,-0.1762517868942453,5.23054787865885,0.16844322507661902,0.32467516322713863
13.16846333,1.4624137040988756,1.2272042655636501,-0.18391503333880047,5.252250612745572,0.1765949984116597,0.3235072460096601
13.17850933,1.4762432032594595,1.2264844331762834,-0.19043254481944838,5.274083752854379,0.1847313648369595,0.32226809884512303
13.18855633,1.489853274204363,1.2251512492148093,-0.19455424138377514,5.296056908960362,0.19285822784568207,0.3209753822716533
13.19860233,1.5029307227596123,1.22193807067802,-0.19576667776629014,5.3181619294402545,0.20096144559103157,0.31965600101531455
13.20864833,1.5173827970002185,1.2171181379404528,-0.19619657768982565,5.340405230713154,0.2090243130184506,0.3183283703037103
13.21869433,1.5329278399118962,1.2134563050052032,-0.19846274940825798,5.362799207505505,0.21704457653689424,0.3169871972242487
13.22874033,1.5480449974076553,1.2110440024394933,-0.20142256634227304,5.385347200530508,0.22503432967271797,0.3156197740037856
13.23878633,1.5640329744462753,1.2070286638907077,-0.2038850158268693,5.408051434646272,0.23299179676722215,0.31422511473910203
13.24883333,1.5790120516716566,1.202717727995165,-0.20860035221013998,5.43091349178642,0.24090822892509145,0.31279425903979036
13.25887933,1.5916527832807823,1.197956542371988,-0.21511881582946962,5.4539120077155285,0.24877830387667332,0.31130711837927943
13.26892533,1.606036895266662,1.1906349259787032,-0.21967817644609092,5.477046269434018,0.2565876869137278,0.3097643338076311
13.27897133,1.6223457411364675,1.1826889009811177,-0.22180159421588141,5.500334701879813,0.26432038058807406,0.30818798164014805
13.28901733,1.6377030072233874,1.1762697622815115,-0.22267127703404407,5.52378219320597,0.27198091804517155,0.3065965951284115
13.29906333,1.6526601943711159,1.1740008758926415,-0.2235627250707844,5.547381954030722,0.2795978155522474,0.30499636245639095
13.30910933,1.6712871572619656,1.170241912033409,-0.22949367949730404,5.57115040804112,0.28718443516752945,0.3033618608567972
13.31915633,1.688221014649566,1.1631606383216113,-0.23692205196711535,5.595099867794163,0.2947173540374681,0.30166008597680793
13.32920233,1.7001544986624686,1.1559687772717275,-0.23956188480930227,5.619191944460671,0.3021778291835213,0.2999079078829321
13.33924833,1.712081039161592,1.1483666560999575,-0.2429773892496376,5.6434038700303075,0.3095639941568762,0.29812531382988583
13.34929433,1.725651003457182,1.1415519649914194,-0.24872034346567062,5.667743864543524,0.3168777434821459,0.2962967168390089
13.35934033,1.7418734221998156,1.1355392924908425,-0.2537889641615659,5.692233506196745,0.324127060960008,0.294413813307349
13.36938633,1.7572182172668782,1.1309129439592829,-0.26036211501436096,5.7168817099649285,0.3313229386352248,0.2924724331572005
13.37943333,1.7714423237769412,1.1250868275303372,-0.2696552596070072,5.741680906644306,0.33846702464553324,0.2904511554228122
13.38947933,1.788541159605002,1.1176231549900488,-0.2781979261788511,5.76663497014448,0.34554364497926215,0.2883404895911616
13.39952533,1.8078497662694508,1.1087134091747386,-0.2813689237385555,5.79177190822829,0.3525380216325895,0.2861709860245786
13.40957133,1.8247639653518706,1.0994941362982338,-0.2800990523517983,5.81709079346537,0.35944133622502905,0.2839919331012285
13.41961733,1.8394375818807558,1.092456145168301,-0.28074810288417457,5.842568344300261,0.3662629905803634,0.2818159985610303
13.42966333,1.8563328614193835,1.0815492150740114,-0.284475829527256,5.868204465700104,0.3729945075963892,0.27961807946907935
13.43971033,1.873967768646371,1.0680430533380698,-0.2883707310851547,5.894016601366683,0.3796040555149882,0.27738164931886516
13.44975633,1.8897065137488012,1.0585535828684796,-0.29455520060228696,5.919993803750296,0.3860974385101814,0.27509481308455125
13.45980233,1.9054187220901997,1.0489788624765015,-0.3029394652540806,5.946128984273061,0.39249506207467766,0.2727347980985065
13.46984833,1.9221935377555879,1.038711888847966,-0.3071310165728022,5.972427347117408,0.3987930208101087,0.27031161478884214
13.47989488,1.9389101715636272,1.0315229113026643,-0.30987189078662997,5.998895386509549,0.40500363830404984,0.26785347533448667
13.48994088,1.9547332995637468,1.026107870447049,-0.31570459717667415,6.025525424128168,0.41115060581230756,0.26535240535599874
13.49998787,1.970016456553641,1.0188278975791194,-0.32119055435792143,6.052314348315834,0.41723440574587123,0.2627942296554982
13.51003388,1.9845976949439703,1.010835455840531,-0.3265807313183155,6.079250668474905,0.4232408988406098,0.2601816726075067
13.52007988,1.9981712071978621,1.0028651429641287,-0.3343462381046801,6.106328383133509,0.4291672050399349,0.25750303716064665
13.53012588,2.0133906300080766,0.992616685329437,-0.3424741263095936,6.133550724704936,0.43500199835498154,0.2547445691907459
13.54017188,2.031834624971283,0.9798653626945119,-0.3485287914719837,6.160942157623844,0.44072126377373433,0.25191486225528076
13.55021788,2.050681549146799,0.9658076288665903,-0.35209439415064026,6.1885209028295805,0.44630586730187405,0.24903683271445048
13.56026388,2.070538479292299,0.949517931475515,-0.3529239810239152,6.216294057495578,0.45173803568300075,0.2461367261365004
13.57031088,2.0897641690682907,0.9376528306488866,-0.3516927901068344,6.2442663083010554,0.4570293091647626,0.2432383483337477
13.58035688,2.106166262803279,0.9334852055203847,-0.35103880852495417,6.272414733323494,0.4622395236119696,0.24034972823437195
13.59040287,2.125165697430402,0.9163998858738182,-0.35267242094696527,6.300740952026349,0.4673429794374786,0.23745619032957785
13.60044887,2.146733054217194,0.8913031812199306,-0.3586538181803886,6.329270965919016,0.4722345600350186,0.2345243993509933
13.61049487,2.164304458028189,0.8746731525831148,-0.36416090101375137,6.357997573806172,0.47691654725124,0.23153490173703278
13.62054088,2.1792326888457074,0.8581833258561893,-0.3650356029601629,6.386887456115631,0.48143217792891857,0.22851334541040594
13.63058788,2.1964320416442664,0.8412761020112303,-0.3694371538959236,6.415941578340693,0.4857804835230408,0.22546498606336163
13.64063388,2.2128080972107234,0.8283798244479836,-0.377449774107587,6.445161458021302,0.4899786533331736,0.22235457374455211
13.65067988,2.226405735459998,0.8170152541746394,-0.3845976061684866,6.4745318955659545,0.49405496090462364,0.21916801047397708
13.66072588,2.2403078190387897,0.8030216905763738,-0.3918850774218875,6.504040464213343,0.4980038945696359,0.21590893867485483
13.67077188,2.2558038476833437,0.7876680951500505,-0.39640470053634047,6.533696699578435,0.5018054174548685,0.2125905598407223
13.68081788,2.2733411828451917,0.7724723460075681,-0.39774735830248137,6.563518861529921,0.5054534909823314,0.2092427347697271
13.69086487,2.2933172485917463,0.7551538810284727,-0.3983568909381034,6.593532410738517,0.5089385890232796,0.20588477296294547
13.70091087,2.312105783137818,0.7354829469801889,-0.3991611762758414,6.623737717090036,0.5122375459018951,0.20252004043188201
13.71095688,2.329090864789728,0.7146514879578487,-0.3985692034472974,6.654122744561585,0.5153330623414565,0.19915423810469743
13.72100288,2.347030489556883,0.6955382577404731,-0.39522489893246066,6.684683168587615,0.518227933525627,0.19580821104899557
13.73104888,2.3664451205445407,0.6793175242638909,-0.39435836608091795,6.715431223040296,0.5209453222101632,0.19248333502938555
13.74109488,2.3845483162661925,0.6595933444233473,-0.40080794539547004,6.746367729536543,0.5234821595951078,0.1891304153673913
13.75114088,2.3993536380273923,0.6384858792355607,-0.4103557765051982,6.777469535516101,0.5258138996270745,0.18569714071283647
13.76118788,2.413274007577804,0.6192232794288783,-0.4156518939225638,6.808718740945243,0.5279430727438559,0.18218895572746474
13.77123388,2.4282507314107695,0.6007250583211007,-0.41903858708976455,6.8401099861723305,0.5298823613359023,0.17863750616189147
13.78127988,2.4454043567684973,0.5831481582075855,-0.42133182009168757,6.871662622143395,0.5316404445940539,0.17505752632717125
13.79132588,2.46292956473561,0.5647032224282991,-0.4186068982318841,6.903389449894258,0.5332175901705165,0.1714797148655836
13.80137187,2.478915902728384,0.5458578777144829,-0.41943058811596734,6.935284574391362,0.5346074252845896,0.167911456844133
13.81141787,2.490048882852716,0.5255846741536203,-0.42452435881860373,6.967315950972479,0.5358007693141515,0.16431347186623288
13.82146488,2.5028091199195432,0.4992919297965702,-0.42426367810310506,6.999470575605024,0.5367603090473763,0.16069084610410303
13.83151088,2.5210413718324585,0.473171062791221,-0.4282468093555352,7.031777643088237,0.5374564787506726,0.15704988664615055
13.84155688,2.532640075103991,0.45202270394649846,-0.43097188934030317,7.064234551459345,0.537915215132525,0.15337523184315294
13.85160288,2.545379742238951,0.42610459953642404,-0.4242672578030165,7.096813711465,0.5381375366694479,0.14972056632760433
13.86164888,2.5638806170742447,0.39785154242672827,-0.4264993632221025,7.129549792712977,0.538087756462057,0.14608836631074673
13.87169488,2.5761051293835107,0.3746002119814934,-0.43064474973018513,7.162440207580575,0.5377792697159776,0.14242413215193966
13.88174088,2.590091310536306,0.3501814886336732,-0.4274558000482501,7.195462278761439,0.5372313362896963,0.13875509381095416
13.89178788,2.6083753784729375,0.3271334633704251,-0.4273689898311259,7.228649746625122,0.5364448991093194,0.13510214602601728
13.90183387,2.6174320880536457,0.31061350762245016,-0.4275779052977242,7.2619712108237096,0.5354597912167436,0.13144895212880675
13.91187987,2.6254688790736944,0.2908420317000441,-0.43140676587212184,7.295378568844731,0.5342923904822889,0.12777547284607285
13.92192588,2.638615386528622,0.2684592206437648,-0.439010283610006,7.328892363934299,0.5329132473915132,0.1240445650132555
13.93197188,2.646850725052839,0.2501297446484116,-0.44655501899127387,7.3625135266759205,0.5313296078557039,0.12023757121884088
13.94201788,2.6540416327532093,0.2314189220360485,-0.45349194157673106,7.3962121754523205,0.5295599148999885,0.11635783605646005
13.95206488,2.6679259709780743,0.2043301382964725,-0.45059295328918975,7.43002005016111,0.5275599714627992,0.11245743013412329
13.96211088,2.678232504256015,0.17685023315169604,-0.43525997353863943,7.463946070645351,0.5252861285601123,0.10864899160321934
13.97215688,2.687147788436318,0.15055934167030077,-0.4261862506167716,7.497968642318692,0.5227421949459705,0.10496314793983835
13.98220288,2.7028066577359837,0.11974640804690787,-0.4338259281696162,7.5321146499649565,0.5199114288183289,0.10128450748634654
13.99224888,2.7143892294611476,0.09565334306325002,-0.429241872377906,7.566397491369495,0.516804869859683,0.09759051864474799
14.00229487,2.726731737906473,0.06939102591325366,-0.4222345549655546,7.600800474206239,0.5134453791606912,0.09395475688987115
14.01234188,2.741882876867509,0.03897853356766354,-0.4340838195320701,7.635345064557955,0.5098008411734893,0.09029430243927766
14.02238788,2.749043699028056,0.011609010334682562,-0.42917613431068274,7.669998255211824,0.5058664304980391,0.0865993484116771
14.03243388,2.7577583932755565,-0.016392389039063482,-0.41997253281158886,7.7047311885846055,0.5016538916783357,0.08297527537727417
14.04247988,2.7650852692924244,-0.0410776926288102,-0.4276524543143076,7.739544698764831,0.49717670754964605,0.07935885578749241
14.05252588,2.7672415387681704,-0.06827426874676365,-0.42572572306494444,7.77440584278486,0.49243892073918527,0.07571353792306867
14.06257188,2.776666096390578,-0.09403710499477835,-0.4279339591707663,7.80932515729941,0.48743511880040913,0.07206680605975035
14.07261788,2.78318812639313,-0.12012116030054444,-0.4306450022192917,7.844324571523593,0.4821708899253596,0.06839536465724033
14.08266488,2.7849036623891497,-0.15155384192072535,-0.4131632836032963,7.879368851075988,0.47661720170993105,0.06479775828043272
14.09271088,2.7920460757538623,-0.17999386733808725,-0.4033520197132659,7.914454136073827,0.4707633256578516,0.06133760263242527
14.10275687,2.7997748829698184,-0.20806479483375392,-0.4067019117439292,7.949614084213652,0.46462560119891716,0.057909905867272626
14.11280287,2.8063293217292395,-0.23934335280553834,-0.4035093544898317,7.984845812096996,0.45818975816485397,0.05448141539753265
14.12284888,2.8133677979222913,-0.26974987790840754,-0.3983913796991769,8.020145852330518,0.4514440642437072,0.051094665359014246
14.13289488,2.819614105116671,-0.29413743338401954,-0.39943771082656176,8.05551258689263,0.444423146370613,0.047728370557855115
14.14294088,2.8235507087899934,-0.3174556900765218,-0.3992272605883081,8.090930470216025,0.43716260220299974,0.04435787712699041
14.15298788,2.826461871446652,-0.34574990195917565,-0.38836438263871076,8.126386278864288,0.42964206006963845,0.04104267505426168
14.16303388,2.830302419668106,-0.37370140302574273,-0.37479499625173746,8.161872472361704,0.42183974425622717,0.037850526214646574
14.17307988,2.831747565779872,-0.395398526779386,-0.37041734922348424,8.19738521590175,0.4137880434003445,0.03474852532387679
14.18312588,2.8378120580820054,-0.41866237679671847,-0.37714628318963866,8.232935680355556,0.40551050357320984,0.03163471391881728
14.19317188,2.847556667646522,-0.4471685546057963,-0.3818025626231724,8.268565553928031,0.39697292289630415,0.02846371458685165
14.20321787,2.848376678219474,-0.4740836166741743,-0.3683764498823682,8.30424845806791,0.38815697010708705,0.025336769240218604
14.21326487,2.849093736789308,-0.4977772428426837,-0.3607408866505234,8.339942671149153,0.379085898237534,0.022315312847167867
14.22331088,2.855879159609165,-0.5218686782814359,-0.3703082144785815,8.375671052035653,0.3697756955996936,0.019284450915767526
14.23335688,2.859461660629254,-0.5485500580507275,-0.36368578306887117,8.41145147543886,0.3602104703786244,0.016238799786638336
14.24340288,2.8622887792812586,-0.573490273868972,-0.3503144067026138,8.44726409436167,0.35038594988292093,0.013293577553968317
14.25344888,2.8674195221766126,-0.5922441918383499,-0.35554253230826444,8.483116685623038,0.3403419537532,0.010389258869868356
14.26349488,2.8706378703202247,-0.6108103159747619,-0.359424783223184,8.519011214368692,0.33011049905198453,0.00743917876450606
14.27354088,2.8726925393998903,-0.6334305964483294,-0.3503591314987289,8.554932229479864,0.3196721650404104,0.004515134881409533
14.28358788,2.8725779602438233,-0.6567752599683416,-0.3411768053269957,8.590866566286268,0.3090018870789324,0.0016824686497876606
14.29363388,2.8697251534024018,-0.6794900185201078,-0.3391621409944857,8.626782421289255,0.2981013146766136,-0.001093673157032904
14.30367987,2.866992236071732,-0.7040449859690255,-0.33649859627074935,8.662670183476259,0.28696331752760074,-0.003846313579725258
14.31372587,2.8631597683437753,-0.7323953411088653,-0.32644537092567655,8.698525003457583,0.275559565856216,-0.006535080406401272
14.32377188,2.862610783882301,-0.7639341849395215,-0.31460274690250906,8.734357851073295,0.2638549790874225,-0.00911386694867622
14.33381788,2.8665970139446415,-0.7933618498885928,-0.3072447411904803,8.77020792830492,0.2518441691960098,-0.011596206160815081
14.34386388,2.8673370324128284,-0.8106942506878279,-0.30724759967168735,8.80608174548292,0.23959848349434187,-0.014041600468414128
14.35391088,2.8546274999523638,-0.8128214636282665,-0.2860507893763786,8.841899004762702,0.2272538234617052,-0.016380770378774834
14.36395688,2.8405834526520297,-0.8357842026032679,-0.24590090262016856,8.877578315840776,0.21478436529175404,-0.01841156300712138
14.37400288,2.8451110904312884,-0.8672861695109091,-0.26775815320072865,8.913209825993832,0.2020413309041511,-0.02035047172395804
14.38404888,2.8541301985324448,-0.8762812986875357,-0.32178983630901425,8.948909381451436,0.1890948796029197,-0.022670570554713387
14.39409488,2.861821781317961,-0.8931041886838336,-0.3342864363821081,8.984692874709374,0.17601874439138054,-0.025324840951889194
14.40414088,2.87894294862898,-0.9162697734682397,-0.333071981469619,9.020601002411038,0.16274174707102018,-0.028035781564206275
14.41418687,2.8791121991623965,-0.914018908840238,-0.3201768082178582,9.056595944051379,0.14935970843208946,-0.030675846886275282
14.42423388,2.8578927698256895,-0.9019699864311362,-0.2886354780448605,9.09248879468944,0.1360481461256482,-0.03309295326509032
14.43427988,2.8455602286708532,-0.912761015163092,-0.27306826671598156,9.128209505564035,0.12274424039616694,-0.03527319045447225
14.44432588,2.8335992902071245,-0.9293184680670252,-0.2736757412947211,9.1638081902905,0.1093029632434317,-0.03737828488615791
14.45437188,2.8216338840060575,-0.9459475495273146,-0.27309393394234766,9.19928669298772,0.09569499012858218,-0.03948350824432195
14.46441788,2.821327507535969,-0.9692996916477529,-0.2817461700810743,9.234703554520577,0.0818861913276896,-0.041629269366279587
14.47446358,2.8241642202842754,-1.0016153098791072,-0.2801997403313462,9.270132067912314,0.06779819408378662,-0.04381065780978399
14.48451058,2.824788650451761,-1.0125044882628984,-0.2424766332260378,9.305582553109902,0.053491334436050586,-0.04579505802532724
14.49455658,2.810688791242163,-0.9879972081529893,-0.19695998184337632,9.340961822762672,0.039254302506483096,-0.047361147422268934
14.50460258,2.786235904774913,-0.999408956840885,-0.19933038750418483,9.376147441973913,0.025083049431245286,-0.048710513226949914
14.51464858,2.7902807422198674,-1.0412169396567377,-0.24405615976332568,9.411230551554908,0.010644473644667585,-0.0502964431333226
14.52469458,2.796272234153521,-1.0557466736026984,-0.2656255862654184,9.446364073618378,-0.0040770864932078155,-0.052215373823073175
14.53474058,2.7851551958300673,-1.066683796487652,-0.252955362131481,9.481471850062327,-0.0189265666529419,-0.05417900520631874
14.54478658,2.7899877246613163,-1.0877907847267925,-0.24756751495076965,9.5165480594151,-0.033937004382855296,-0.05605193089735111
14.55483358,2.78803577339577,-1.0982020168865392,-0.23624114600557697,9.551642230909035,-0.049107268063529386,-0.05784107915864317
14.56487958,2.7755171179894846,-1.0972089115650348,-0.20567201072315663,9.586660223545605,-0.06432332906561244,-0.05941960822433945
14.57492558,2.7764181341120393,-1.1024134902701541,-0.19871308329378126,9.621619860780058,-0.07956054429850345,-0.060809633831034826
14.58497158,2.771079619909422,-1.115219633523499,-0.20101125944975437,9.656557208461649,-0.09488822738778957,-0.06217624848408354
14.59501758,2.762370446150884,-1.1305952847478071,-0.1919072333821105,9.691423994606616,-0.11035746763073906,-0.06350867735302623
14.60506358,2.769983445361245,-1.1490186291231526,-0.2048702841255797,9.726285274666823,-0.12599648022858378,-0.06486049010291528
14.61510958,2.7710050208675137,-1.1624702316144824,-0.21078151937384368,9.761189926195836,-0.14179560068454178,-0.06630710839134113
14.62515658,2.760014640202692,-1.1680965603174946,-0.18439264621131943,9.79604797391467,-0.15769213180558195,-0.06765100126513601
14.63520258,2.7485994216521545,-1.170908130437418,-0.16708849808894324,9.830790008810506,-0.1736294642757139,-0.0687752903324042
14.64524858,2.7286496275697725,-1.178654198467757,-0.15610041734313457,9.865374497247895,-0.18961982776227781,-0.06975746753406764
14.65529458,2.713157085852276,-1.1940869490924408,-0.1479253221719835,9.899780958832556,-0.20572661845494267,-0.07064338810310011
14.66534058,2.712911122126223,-1.2106752201352944,-0.1631461679064412,9.934108365904379,-0.22199425073944656,-0.07156469947721217
14.67538658,2.7079461552433326,-1.2202631025092092,-0.16877531513315389,9.968409598471748,-0.2383933658425601,-0.07259074036596808
14.68543258,2.702345013667965,-1.2280383802485968,-0.15746677586840455,10.002657757476337,-0.2548796960989259,-0.07358825366851701
14.69547958,2.7012558565019367,-1.2346198140504558,-0.15361987458443818,10.036875716899079,-0.2714397883797566,-0.07450973291004476
14.70552558,2.69206979644689,-1.238715167888632,-0.1423821032045333,10.071038658116983,-0.2880518619025074,-0.07535535012392669
14.71557158,2.684106823383417,-1.2446417997335502,-0.13499335991595063,10.105115459741537,-0.30471427585934663,-0.07610740635462909
14.72561758,2.6803334109470516,-1.253508685694571,-0.13647952923542472,10.139133309501721,-0.3214509976561226,-0.07682981395628447
14.73566358,2.6775214358968586,-1.2648719273207898,-0.11689213154361443,10.173118080860565,-0.3382893353837715,-0.07746129908782579
14.74570958,2.6924960549923678,-1.2776208465141912,-0.09791721283691329,10.207163945180444,-0.35524878849521535,-0.0778990857040972
14.75575558,2.7124938654773287,-1.263168545669295,-0.10597550351546682,10.24138547601411,-0.3721996855206262,-0.07828203809778339
14.76580258,2.7051721790580885,-1.2371021437783716,-0.10833911060906852,10.275674091840276,-0.38894872417083626,-0.07871738301481573
14.77584858,2.6932634403165254,-1.2341715758990779,-0.1085843103898246,10.309862700419536,-0.405550443973246,-0.07916578863794127
14.78589458,2.686706803610699,-1.2487653192301904,-0.11994621928494627,10.343958557417931,-0.4222107479059538,-0.07967249676794574
14.79594058,2.6753095569073717,-1.2753783356517303,-0.11103466294330742,10.377964232059954,-0.4390780333928954,-0.08019151301882632
14.80598658,2.680996416964782,-1.2972872766156582,-0.10602550746410408,10.41194122342986,-0.4561890446717882,-0.08064060553423086
14.81603258,2.6954947789017214,-1.3010541815712684,-0.11758415508540422,10.44601960516984,-0.4734290257247311,-0.08112259614866507
14.82607858,2.704770595918055,-1.2858234218180469,-0.10915177260792691,10.480217404610706,-0.49061142383502876,-0.0816202899929167
14.83612558,2.7113087479459397,-1.2639222224215745,-0.10062857237194531,10.514498049646045,-0.5076089999206328,-0.08203285700890084
14.84617158,2.7044381490405844,-1.250030589034401,-0.10892276420668322,10.548773612772756,-0.5244250968010498,-0.08244423265198336
14.85621758,2.7006049990956815,-1.2799460438277004,-0.09493961753510494,10.582995410968984,-0.5413216813363859,-0.08282703267492048
14.86626358,2.7163034312679257,-1.3094891278937784,-0.07738924022385268,10.61727680847785,-0.5585169261124165,-0.08305143980689178
14.87630958,2.7229934694599915,-1.2971222291038607,-0.07919015452412724,10.651670663273347,-0.5757984468670858,-0.08319673738615896
14.88635558,2.7172310378332427,-1.2738059080998207,-0.07056003306217934,10.686069177436629,-0.5929007308087333,-0.08330773185785306
14.89640158,2.710462670698209,-1.24608231867549,-0.06939725182208249,10.720404749397723,-0.6097466412802959,-0.08336953657927476
14.90644858,2.6993488497582074,-1.2373388056620254,-0.0831294531724266,10.754653908022178,-0.6264110361401745,-0.08349448993479253
14.91649458,2.690481919324626,-1.2632447609430268,-0.08226706416338149,10.78879929443843,-0.6431599793037055,-0.08368407592081839
14.92654058,2.69610111722573,-1.290468467595962,-0.08501467976420773,10.822928367494162,-0.660175792759127,-0.0838831314000148
14.93658658,2.7048637976746663,-1.3007412131654572,-0.09334548804219195,10.857129680724853,-0.677379950894065,-0.08413783380235446
14.94663258,2.6994279984657137,-1.295205226072207,-0.08055400956772946,10.891347704880008,-0.6946079017668261,-0.08437013025829715
14.95667858,2.6943463082503767,-1.279925779078638,-0.07120605647321673,10.92551289968579,-0.7117312967141722,-0.08449122034946893
14.96672458,2.6974255132784632,-1.2743980193241886,-0.07489298312025501,10.95966803600847,-0.7287501770620199,-0.08458387510479498
14.97677158,2.698197208418065,-1.2730094608433709,-0.07453022477037712,10.993845917202357,-0.7457360073804118,-0.08469323804261125
14.98681758,2.698513922194037,-1.2743161970843997,-0.07584349197575459,11.02802586367457,-0.7627197360686564,-0.08480736450127513
14.99686358,2.6998070190731083,-1.2816639572873596,-0.07260920602871997,11.062213896225696,-0.7797469362925358,-0.08491184168279964
15.00690958,2.7015799804571468,-1.2845112187973773,-0.06219559344361589,11.096417329587483,-0.7968253461104826,-0.08494776546999722
15.01695558,2.704771891475618,-1.275231577394855,-0.05850098705525777,11.130645701503344,-0.8138714460842262,-0.08491282367329117
15.02700158,2.701510749475362,-1.265942363988111,-0.0530842021768868,11.164873725671987,-0.8308242747002663,-0.0848321153582523
15.03704758,2.6997347474434297,-1.2645679545438533,-0.05025586999342142,11.199076448266151,-0.8477235399387224,-0.08470999182021194
15.04709458,2.6996865624057302,-1.2653812784019471,-0.0585115697394743,11.233273411667621,-0.864621668752195,-0.08461512050668801
15.05714058,2.695682012911289,-1.268623903729039,-0.060045364923939346,11.267446614484587,-0.8815384886905124,-0.08456943126895033
15.06718658,2.6970466923712757,-1.2687857535209794,-0.059507143288230896,11.301606557234361,-0.8984724093073493,-0.08452874279714817
15.07723258,2.6997421002318354,-1.2662494186992936,-0.06167726974233122,11.335786893802755,-0.9153944028858851,-0.08449625138324873
15.08727858,2.7011165686030756,-1.2657045168202918,-0.05666575478207999,11.369987673359454,-0.9323009194124703,-0.08444948767488297
15.09732458,2.701803792077069,-1.2627983755001353,-0.05256992201714288,11.404198808794298,-0.9491901013490689,-0.0843569777588935
15.10737058,2.7000170318508387,-1.2623018624217277,-0.04989998306015138,11.438404421256028,-0.9660621917526204,-0.08423048337154482
15.11741658,2.706250750404951,-1.2656069814979496,-0.048497220716756204,11.472632370789444,-0.9829483897841027,-0.08408353180556422
15.12746358,2.7182829667806594,-1.2678991689242771,-0.05024066219329903,11.506955486369172,-0.9998643867725183,-0.08393827701334067
15.13750958,2.728111378235046,-1.2688660370722475,-0.04696249760744513,11.541384991627327,-1.016795070310709,-0.0837853277644679
15.14755558,2.74071350790883,-1.2704344129471774,-0.04334989137471232,11.575927165493574,-1.0337384883796301,-0.08359776617377329
15.15760158,2.7515842070123457,-1.2728766678515278,-0.04100007830344289,11.610587243378763,-1.0507020518469516,-0.08338025535091481
15.16764758,2.756092797920055,-1.277039689193555,-0.03409767423696401,11.645324571437687,-1.0676987936168627,-0.08311627064137328
15.17769358,2.7625509181680945,-1.2838410154358875,-0.028674378027254893,11.68011698528674,-1.0847506093046866,-0.08279037393934452
15.18773958,2.7734616605704954,-1.2923619214531121,-0.022974708273841897,11.71499664293289,-1.1018793885651532,-0.0824086065792829
15.19778658,2.7882469876726597,-1.3026557296886572,-0.015876309144717195,11.750008856778784,-1.119104388577433,-0.08196251011826289
15.20783258,2.803521991578654,-1.3119298200767573,-0.010607123982517078,11.785168578824704,-1.1364259637023748,-0.08145433568230914
15.21787858,2.8147153725006038,-1.3213516683697382,-0.004167196524081648,11.820461251567622,-1.1538414485273154,-0.0808873463736618
15.22792458,2.8271793998046104,-1.3313032793820192,-0.0005002055412757674,11.855872755472053,-1.1713542462383426,-0.08026959001368428
15.23797058,2.8427757263957822,-1.3393672597126154,0.00103425105881352,11.891425206534104,-1.1889575362646883,-0.07962570678249764
15.24801658,2.857832343007539,-1.3462714412417356,0.004149446008079601,11.927131627329857,-1.206636011368052,-0.07895846835157877
15.25806258,2.873521844597489,-1.3537657451627394,0.007934783955313982,11.962992485877345,-1.224386810063835,-0.0782565685439206
15.26810958,2.8910342881114666,-1.3612916379471294,0.010475897828203164,11.999023704061454,-1.2422148296696576,-0.07752281793695887
15.27815558,2.91018657609121,-1.367830813259741,0.013185730245356221,12.035235502925484,-1.2601117236505397,-0.07676276485859351
15.28820158,2.929161043033799,-1.3717783800538987,0.019005731680576496,12.071638812479497,-1.2780612925370274,-0.07595986642478747
15.29824758,2.9481764900606247,-1.3758013069030555,0.022073046046755175,12.10823294537137,-1.2960508972130822,-0.07511232700371129
15.30829358,2.9681992502254997,-1.3836487944416007,0.0198920861065239,12.145023167177975,-1.3141001269806099,-0.07426033542435334
15.31833958,2.990197807016826,-1.3933577930757108,0.019031404446354372,12.182024462059644,-1.3322375429781794,-0.07342362201075442
15.32838558,3.012964187712933,-1.4006644481598678,0.022772177384248388,12.219250611222321,-1.350460428604379,-0.0725724418986673
15.33843158,3.0370777436324783,-1.4078817418854328,0.03238424245040767,12.256712238306608,-1.3687562680254466,-0.07165419048128596
15.34847858,3.062786341204908,-1.416870054783462,0.03712393560488825,12.294427875988234,-1.3871353375177824,-0.07066375160180305
15.35852458,3.0876825170148208,-1.4244453919695128,0.03610997193966929,12.332393947526212,-1.405595776915293,-0.06965469696365484
15.36857058,3.1126803995415413,-1.433209741910748,0.0400998172433662,12.37061063691922,-1.4241382905612465,-0.06863069447203646
15.37861658,3.1394120687803078,-1.445376300760031,0.04673666599869042,12.409087163850742,-1.4427859401620522,-0.06755331409615972
15.38866258,3.1682218326206333,-1.4598817291670376,0.054302895538873686,12.447842675400626,-1.4615675631548488,-0.0664045916580045
15.39870858,3.197510286793804,-1.4721167350604676,0.05810813074944107,12.486890014299586,-1.480483503349134,-0.06519875035240646
15.40875458,3.2248377598665927,-1.4825821110947632,0.06108822420579823,12.526221735001108,-1.4995134675618447,-0.06395882634091432
15.41880158,3.252438857009838,-1.49388854137512,0.06700367483675808,12.565833304537433,-1.518654696726297,-0.06267409213905173
15.42884758,3.281440955324206,-1.5058813989986182,0.07070323744631671,12.605725249297926,-1.5379110530452642,-0.061341189598102086
15.43889358,3.3079245166879496,-1.5164982142925576,0.0737752648708301,12.645895898526991,-1.5572809777512993,-0.059974273360411
15.44893958,3.335899705925158,-1.5262980089535974,0.07817530894046877,12.686340094060316,-1.5767534550891347,-0.05856982490760504
15.45898558,3.369761907433208,-1.5392088021188366,0.08029173726119745,12.727094898807364,-1.596340007709625,-0.05713264421398201
15.46903158,3.407354400073422,-1.5532924693498589,0.07903341910271357,12.76820862048311,-1.6160621535046822,-0.05569115323301432
15.47907746,3.443422557032159,-1.566399750379252,0.08166460715422814,12.809691844076582,-1.6359206422193244,-0.05424278362763174
15.48912446,3.479581774169435,-1.5788875123779498,0.08783799258591404,12.851542526785817,-1.6559099216255548,-0.05275002277081492
15.49917046,3.5199970545964536,-1.591625681034767,0.0886027157616894,12.893773677705855,-1.6760239213045405,-0.05122256037223283
15.50921646,3.5616238419931827,-1.6076137585584176,0.09062956070387924,12.936416925932566,-1.6962822129180868,-0.049681075926994556
15.51926246,3.604597032603181,-1.624816743417192,0.09854685032393642,12.97948511984881,-1.7167072232379839,-0.04808964209384975
15.52930846,3.6511853879817835,-1.6399611944205241,0.10512401579463482,13.02300318141055,-1.7372947147282125,-0.04642540261278444
15.53935446,3.7003534122200286,-1.6553370397122662,0.10788500163674662,13.06700222726711,-1.7580355096667355,-0.044714257597674445
15.54940046,3.7513420857429667,-1.6721646435957394,0.10772663666217339,13.111504360216518,-1.7789380625304614,-0.04299003961794723
15.55944646,3.8008170946271753,-1.6904056683408666,0.10929679358122973,13.156511122242668,-1.8000167651157926,-0.04125873020728249
15.56949346,3.8540525506578223,-1.7119551030853648,0.11288683678712219,13.202038330357201,-1.8212974532928214,-0.039501326193104924
15.57953946,3.9144072489921395,-1.733389101382073,0.11055977126359598,13.248131570393983,-1.8427919291403316,-0.03773775316031436
15.58958546,3.9743444516392787,-1.7530488507667736,0.1087055858847531,13.294829036649404,-1.864492818882449,-0.03599518255080614
15.59963146,4.035135139653774,-1.7761728307731277,0.11510463099611157,13.342132919099608,-1.886408611297294,-0.03422978311086172
15.60967746,4.098635735325309,-1.8002451910778683,0.12193159051027681,13.390061116667775,-1.9085614709295249,-0.03239794944968305
15.61972346,4.16433683895793,-1.823676201704748,0.12569956688314757,13.43863829437154,-1.930952939993942,-0.030512897425544083
15.62976946,4.231584986840759,-1.8494791287025603,0.13160038465898843,13.487883276165675,-1.9535917111270513,-0.02857927904839591
15.63981646,4.298794186638225,-1.8745800631805145,0.13970998173258609,13.537808606395092,-1.976488451319246,-0.02657508687580551
15.64986246,4.369560561986931,-1.8995388150136812,0.14356657162853487,13.588422018760575,-1.999634362352885,-0.024510988027720837
15.65990846,4.443133791566926,-1.9290301107085386,0.1463345857273799,13.639760448961624,-2.023053775975262,-0.022413613793769938
15.66995446,4.519669691188337,-1.9604305524508607,0.15347733651846338,13.691852877318643,-2.0467790487947806,-0.02026645778777736
15.68000046,4.602666673688639,-1.9888334014742677,0.15949563763800373,13.74474663934257,-2.0708047135438203,-0.018053193818037216
15.69004646,4.689205707920655,-2.020651143908607,0.16561026950981872,13.798491980778532,-2.0951328663237483,-0.015778986125881966
15.70009246,4.7791329728749865,-2.055496745200309,0.1746558440751162,13.85312371243532,-2.1197958690792165,-0.013428628716792623
15.71013846,4.8707825149031025,-2.0851450109383816,0.18477941701264075,13.908667504393566,-2.1447828245287703,-0.010981984679797163
15.72018546,4.960380161831456,-2.1130925320265193,0.19387626947499054,13.965127320551588,-2.1700615996676245,-0.008438543291704292
15.73023146,5.048432153453031,-2.1450699661963593,0.19743910602635345,14.022473851274412,-2.195638861804672,-0.0058317654400089625
15.74027746,5.136285874656477,-2.178822361340515,0.19982258982249718,14.080703956392746,-2.2215462848743592,-0.003195119221208409
15.75032346,5.227762228597534,-2.210244427874221,0.20187710534564673,14.139834836478538,-2.2477810792650583,-0.0005361809318267241
15.76036946,5.3173526620741525,-2.240071881536566,0.19716234193215545,14.199875215037522,-2.2743235299956988,0.002109394932401476
15.77041546,5.399163586416934,-2.2728554955228795,0.19225530876001573,14.260776542616842,-2.301180476119142,0.0047066405123803445
15.78046146,5.483420226352385,-2.3092073824735886,0.19185336711096165,14.322512027571523,-2.3283846898637877,0.007277219111832045
15.79050846,5.567788673383015,-2.340743581061923,0.1886129926291329,14.385100745930789,-2.355932647370878,0.009829756417008617
15.80055446,5.654332745234669,-2.376742396453418,0.19062703820030208,14.448541728279654,-2.3838170913444117,0.012375879812417057
15.81060046,5.749504714757846,-2.411477878239707,0.19090064726574427,14.512895470304333,-2.4120568336926644,0.014933494097064626
15.82064646,5.836426339459284,-2.4365450402778563,0.19107317201849888,14.578163868452815,-2.4405969647208523,0.017493349311881567
15.83069246,5.922538336563248,-2.468834646921703,0.20223298507190532,14.644301414483614,-2.469425198798125,0.020110126859498367
15.84073846,6.012819510251307,-2.500887093334662,0.20839138635335533,14.711324983411314,-2.4985766230079074,0.022813893797719642
15.85078446,6.097707349048569,-2.5327349247738473,0.21511086465719897,14.779228426288714,-2.5280490183133355,0.025582346325097316
15.86083046,6.187032415006531,-2.565856806713263,0.21916681736120663,14.848006940586714,-2.55784775648907,0.028404923842428043
15.87087746,6.273837874430775,-2.5961662092468973,0.21885256547813536,14.917677092937147,-2.587968107951515,0.03124657875914366
15.88092346,6.354467676265873,-2.6290646145319077,0.22428442402157317,14.988181338181434,-2.6184029542878253,0.034113656577952345
15.89096946,6.443878996910815,-2.661871272852299,0.22679094929242652,15.05953969998395,-2.6491678371586307,0.03702060889866071
15.90101546,6.5385876974179356,-2.6910574739985575,0.2305181431104201,15.131822896652702,-2.6802441101625316,0.03995887319035196
15.91106146,6.629929808655009,-2.720439031707109,0.23830693032013764,15.205040626548856,-2.7116145690191655,0.0429549822547457
15.92110746,6.719940682243822,-2.75683036607619,0.2434237437995586,15.27916929248778,-2.7433154051127002,0.04601591615140066
15.93115346,6.811187435215559,-2.7909420729518026,0.2422855145780475,15.354208415484928,-2.775370377982412,0.049096834476783535
15.94119946,6.90421723606988,-2.8217087561611724,0.241266825637376,15.430173159611932,-2.8077512350055156,0.05216691860223738
15.95124646,6.99392182016577,-2.8551645079653616,0.2454420199882876,15.507063431612378,-2.840457936689625,0.05525316503526012
15.96129246,7.083097651495456,-2.890576683490322,0.24702775980865974,15.58484456688167,-2.873507306602775,0.058368041459731845
15.97133846,7.174621691037126,-2.9240076606167076,0.24508985208677309,15.663533357602363,-2.9069024756717,0.06148114894483481
15.98138446,7.265446597927935,-2.9568895914864632,0.24773136354981243,15.743138087080972,-2.940630734477483,0.06459779063152898
15.99143046,7.3561077698302775,-2.9899116187300447,0.25031284562676465,15.823654421133371,-2.974690028864875,0.06774066741477514
16.00147646,7.435072370150795,-3.017382744734083,0.2503531848109158,15.905022785439634,-3.009053180361024,0.07089671360621524
16.01152246,7.5087153258067545,-3.0453511531930917,0.24919315045502322,15.987157697499566,-3.0436948046387813,0.07404713556880782
16.02156946,7.596424896967364,-3.0780492612381356,0.2440651633420615,16.070111339860116,-3.078644635462446,0.0771662832551897
16.03161546,7.6881498478189645,-3.11025411349487,0.2475548264883831,16.153958025266345,-3.113916995222211,0.08027689118466075
16.04166146,7.779695398792837,-3.141607030318059,0.2577346200845241,16.238725278403212,-3.149508605656052,0.08345616079534818
16.05170746,7.873881034971738,-3.174724899945817,0.26392817536747265,16.32442545929315,-3.185424052850236,0.08671767373745515
16.06175346,7.963395922219818,-3.2078267423821734,0.27106241391899855,16.411048367912258,-3.221672121658118,0.09004613218799268
16.07179946,8.051224323268361,-3.2399766410388695,0.27690589641255486,16.498562071868513,-3.258247949961523,0.09343977773134088
16.08184546,8.14057991754869,-3.2723293458679095,0.2764459314005931,16.586965771033274,-3.2951477748422247,0.09686046468299803
16.09189146,8.224606267109627,-3.3031366904560677,0.2756077559295685,16.67624036770195,-3.332364852651148,0.10027463107500906
16.10193846,8.308401295857724,-3.3310687416344136,0.2743659430464293,16.76636690164596,-3.3698807124810246,0.10367868849883721
16.11198446,8.397156889037507,-3.362032952484908,0.27313930079617343,16.857351186871824,-3.4076886741990546,0.1070700080592103
16.12203046,8.479557305550209,-3.3973306656963773,0.27762441237306323,16.949195188734407,-3.445829469561661,0.11047769491101217
16.13207646,8.560431686082545,-3.42867808214561,0.2834117678387553,17.041859319902517,-3.4843050234105393,0.11393698036476774
16.14212246,8.641376716665444,-3.454837519151421,0.28670262029473315,17.135336269972655,-3.5230694341843223,0.11744186565691384
16.15216846,8.716629951584707,-3.4830545718334753,0.28875901422370065,17.22959780393041,-3.5621069780658083,0.12097361016765162
16.16221446,8.794628880190414,-3.514179888346731,0.2898247379023371,17.324629123505588,-3.601442598667776,0.12452103707513357
16.17226046,8.870226721393989,-3.5416048020337745,0.2900863569099531,17.42043195965548,-3.6410723170760253,0.1280751312249273
16.18230746,8.93710923791248,-3.5648406977979152,0.2916141172211718,17.516960082298503,-3.6809604748861995,0.13163856810374724
16.19235346,9.008692857757424,-3.5942475075872347,0.29095258209719155,17.61417411268819,-3.7211090868503174,0.13520600135497496
16.20239946,9.086664989315166,-3.6273037389973997,0.28592997060993536,17.71213936161717,-3.7615714506703797,0.13874488313777444
16.21244546,9.163497173325775,-3.658765324191874,0.2866817158970132,17.810882192623286,-3.802357887483262,0.1422623123596518
16.22249146,9.244116101059516,-3.688034228972463,0.29323632137361477,17.91041590056366,-3.843449373547275,0.14581644138141375
16.23253746,9.324265971393942,-3.7148762439822507,0.29977875475953597,18.01075715017673,-3.884822704761395,0.14943635682938217
16.24258346,9.39964256175886,-3.7450727929450816,0.3057147632003405,18.111879609201893,-3.9264825406823487,0.1531189514906462
16.25262946,9.472231404715698,-3.776814212834758,0.3126635831910173,18.213745298598663,-3.9684534910208633,0.15686626664512288
16.26267646,9.543413454014814,-3.8056481654415784,0.3220908117218485,18.316343360997944,-4.010732919619905,0.16069621989499
16.27272246,9.619883635545662,-3.8328390654747064,0.32945378268784287,18.41967286874194,-4.053289552889265,0.16461012911326145
16.28276846,9.696976162140574,-3.86112990403677,0.33356215399184025,18.523773721968855,-4.096124870931589,0.16858165888375504
16.29281446,9.770559297923526,-3.8885776620495016,0.3343034886107943,18.628631419047892,-4.139240163944509,0.17257754872709974
16.30286046,9.844587816205697,-3.9146051645253537,0.3318450375447347,18.734230569465335,-4.182624063190877,0.1765648134945319
16.31290646,9.91872900169875,-3.9424527749114078,0.3306205912178882,18.840573976304803,-4.226278577129135,0.1805335790683581
16.32295246,9.990157373762017,-3.976104063083279,0.3363625107397485,18.947648579031878,-4.270242000034851,0.18452503591004288
16.33299946,10.057088644625207,-4.0084290832824925,0.34815887471305373,19.055428889856692,-4.314541231137389,0.18860499363688737
16.34304546,10.129607732819087,-4.037549451930319,0.35544438493495084,19.16389893222373,-4.359144693228231,0.19278039353065085
16.35309146,10.206918362043007,-4.066752447491277,0.3599089202441045,19.273121569261395,-4.4040411135775095,0.19701481390311826
16.36313746,10.277655528129674,-4.099412542462548,0.3718438903157087,19.383087850374867,-4.449248272230515,0.20133160899111185
16.37318346,10.353386810760952,-4.131910139054817,0.3792470126724615,19.493789842506246,-4.494782717968245,0.20574553931737294
16.38322946,10.435562400516188,-4.158005094232968,0.3776086798372298,19.605285000857627,-4.540611474093517,0.21018842618140066
16.39327546,10.514570491904317,-4.185570681096457,0.3788852912635668,19.71758978483943,-4.586709767121481,0.21462949611879306
16.40332146,10.59377698545679,-4.211395223949802,0.3788305165014582,19.830689280681348,-4.633076238770997,0.2190767033417484
16.41336846,10.669169298417385,-4.237266458946384,0.37621723639044874,19.944576661789835,-4.679707019576795,0.22351095027542311
16.42341446,10.74382004219187,-4.270455720697035,0.3822047566051984,20.05920637371085,-4.726629819993611,0.22796170466679178
16.43346046,10.817620443156713,-4.305662254420092,0.39906699188719635,20.17458175573189,-4.773896172491092,0.23252723338002057
16.44350646,10.897928835831483,-4.327783640883318,0.40303456823352596,20.29073122622338,-4.8214504831316685,0.23719739023705844
16.45355246,10.980660814247548,-4.348755829892138,0.3998776705997314,20.4076996484989,-4.869221252801858,0.24187161913327104
16.46359846,11.045732286675252,-4.3788079301407565,0.4066396838234083,20.52541048750797,-4.917248317476971,0.24656395652508994
16.47364446,11.113398808637712,-4.4024986959214045,0.40073393609052355,20.64378806946286,-4.96554533256815,0.25126059493846925
16.48369021,11.187061579524341,-4.418739232406475,0.3800537876370857,20.762872584901118,-5.014041715702545,0.2558235788402217
16.49373721,11.258210496986754,-4.45059097868806,0.3740983137671315,20.882699379628917,-5.062785724859748,0.2602533264686481
16.50378321,11.337485994323812,-4.491367151490201,0.3801030441306416,21.003269829567945,-5.111889692456118,0.26468288060992173
16.51382921,11.415594361472197,-4.516709725980361,0.3839083369239945,21.124630818658243,-5.16132577452012,0.2691617104975107
16.52387521,11.492144061540879,-4.537370012663551,0.39101096354505266,21.24676865522017,-5.210992928955796,0.27369533086431835
16.53392121,11.572940291585716,-4.561645553791124,0.40017601309658557,21.369696840389057,-5.2608857960545645,0.2783106637685408
16.54396721,11.641910436033069,-4.585148328971374,0.4084066458683158,21.493377302057063,-5.311018653636166,0.28301337518507463
16.55401321,11.705724321654907,-4.606571980640364,0.4118342385636824,21.617724737908063,-5.361377176659813,0.28777464586812807
16.56405921,11.78101785472135,-4.6281626265284785,0.40755229604884113,21.74277091032313,-5.41195176050009,0.29253162515203823
16.57410621,11.861195743287462,-4.652379389996144,0.40948776217309235,21.868610540784175,-5.462761492161871,0.2972772904315385
16.58415221,11.938735077802091,-4.679087189388927,0.42130198498182125,21.995229859761643,-5.513821960698589,0.3020915480520491
16.59419821,12.014050940088959,-4.702945041881507,0.42447962097716213,22.12261697039264,-5.565136420504728,0.30698110977933263
16.60424421,12.079421313240847,-4.72483735568339,0.41803248659456227,22.250710747984296,-5.616680683396182,0.3118542488162186
16.61429021,12.140916307293221,-4.74864190612717,0.40577308391104155,22.379441770315374,-5.668454481636724,0.31663342491741975
16.62433621,12.210074339194094,-4.7785545071455715,0.3947726671008282,22.50882906279581,-5.72049810112906,0.3212957669453038
16.63438221,12.2815387114489,-4.813831288438794,0.3937888600651807,22.638922701612323,-5.772869166888747,0.3258979122168102
16.64442821,12.354336568697619,-4.84184911755882,0.39790955609224393,22.769740969607675,-5.825558161476559,0.33051581408172215
16.65447521,12.428427319416192,-4.862291128087563,0.4024256665091691,22.90131015445106,-5.878495838842333,0.3351775626194826
16.66452121,12.499368384307997,-4.881535315932416,0.405303873407112,23.033594738734003,-5.931627590979113,0.3398759888190336
16.67456721,12.560057807904128,-4.900261047553532,0.40369831225874053,23.166540502960615,-5.984950066021369,0.34458080751818465
16.68461321,12.61863664746777,-4.927773274012488,0.4030541095200922,23.30008535167308,-6.038504794327062,0.3492743256533312
16.69465921,12.682996204929125,-4.956912068015688,0.40964640547213693,23.434247719953845,-6.092344080708556,0.35399772106069033
16.70470521,12.745467093581606,-4.978656230969586,0.42436177116918805,23.5690471575654,-6.146438952182827,0.3588281448525113
16.71475121,12.810060956786577,-5.000668877631169,0.436732259416617,23.70448484142553,-6.200753614111795,0.3637946208886953
16.72479721,12.875138914055775,-5.02169591414887,0.43502783741541734,23.840573866839904,-6.255284464369373,0.36881467257563405
16.73484421,12.938076553903162,-5.0451218532182045,0.42646329082349016,23.977319525194645,-6.3100440522655115,0.37378363780536455
16.74489021,13.003095751747095,-5.072594672760348,0.41898623055517975,24.114694300149104,-6.365053854283987,0.3786715314718028
16.75493621,13.065565157809027,-5.103007237748052,0.42123597789018724,24.252709450360936,-6.420354414588938,0.3835331683453754
16.76498221,13.131648830849626,-5.133097885288396,0.4324715979985686,24.3913703226891,-6.475958882530417,0.38846254221961607
16.77502821,13.200457086271765,-5.1570629542223525,0.4457158131023384,24.530708757173933,-6.531834872335747,0.3935148783061275
16.78507421,13.265772720530686,-5.178638253684225,0.45959340073012794,24.67072089595668,-6.587939611411548,0.39870344720776124
16.79512021,13.332201561284778,-5.2006843438824895,0.4646902600326203,24.811394787237372,-6.644263460727592,0.40398732475632393
16.80516621,13.400199661475162,-5.227726192096648,0.4558141972147828,24.95274390504243,-6.7008338787582815,0.4092522193656291
16.81521221,13.469639283712686,-5.255951216571922,0.44474159947233705,25.09478337252724,-6.75768190229049,0.41441691185294005
16.82525921,13.540874141492106,-5.28100559939084,0.4427176484268356,25.2375436571702,-6.8148032336972495,0.41951632793178384
16.83530521,13.60514511352202,-5.3029250796638365,0.44778404177650916,25.380970378351318,-6.872154829406627,0.42463051864222845
16.84535121,13.666791099193908,-5.326558502473038,0.4510889142314648,25.525029580410923,-6.929735237348169,0.4297867582208081
16.85539721,13.733684417319608,-5.354287133036547,0.45146181667019675,25.6697344353935,-6.987573636883798,0.4349614712626786
16.86544321,13.799073064292333,-5.381666924922482,0.4566952575473366,25.815103742686766,-7.045688846025394,0.4401643449670247
16.87548921,13.866829576684827,-5.408359342480928,0.4634857583975387,25.96114183811558,-7.104075659875049,0.44542761493066907
16.88553521,13.939838144101682,-5.43396906807613,0.46498805992350406,26.107886996540223,-7.162725187389743,0.45073253964064713
16.89558121,14.010155533330806,-5.460700953467654,0.46381367576397514,26.2553520812451,-7.221637626816424,0.4560391114795568
16.90562821,14.075828765688184,-5.489736995164801,0.46825240874591667,26.403514993822668,-7.280836080693149,0.4613626100021145
16.91567421,14.143308134394273,-5.516364797746597,0.4753504913525113,26.552331984934913,-7.34030824190741,0.4667435280898604
16.92572021,14.21339865700086,-5.539495263870926,0.4768145235032539,26.701839989611273,-7.4000303389054025,0.47216745368003427
16.93576621,14.276505017506544,-5.5612369199523295,0.47247874029045545,26.852017042231456,-7.459977828573212,0.4775769544646215
16.94581221,14.32989068832661,-5.582427841942272,0.46738341974129627,27.002779234324986,-7.520140968580675,0.4829390828150124
16.95585821,14.386678838838007,-5.609440907329291,0.46374832950980194,27.154094829523064,-7.580546237216733,0.4882573583120522
16.96590421,14.449536437849655,-5.6366462338377685,0.4637316141408585,27.30601140532105,-7.641223844835302,0.4935572907895628
16.97595021,14.508915150553827,-5.659180078832346,0.4755699843609091,27.45854197411273,-7.702151292312311,0.4989166034393886
16.98599721,14.571800789751444,-5.679359010353588,0.4853128370177066,27.6117019210903,-7.763299372268607,0.5043848628396065
16.99604321,14.642531441713547,-5.701805525441315,0.47828423464223213,27.76551777835208,-7.824655473640371,0.5098662116511057
17.00608921,14.70684893930601,-5.724068696608808,0.4720017006042547,27.92001198246907,-7.886236151766195,0.5152806986244003
17.01613521,14.764053887553683,-5.743410282909965,0.47308877339567157,28.075116593831574,-7.948025810588806,0.5206690887958553
17.02618121,14.827700455432199,-5.767022745121448,0.47742948985599676,28.23082824235952,-8.010031227597073,0.5260847427527198
17.03622721,14.898599639297487,-5.788036382707342,0.4850655957512995,28.38721571419848,-8.072260801504624,0.5315605562882768
17.04627321,14.96818137192884,-5.807981576605073,0.490637392646209,28.544308821681,-8.134696111622716,0.5371027131195488
17.05631921,15.028421496704585,-5.822488604202536,0.49222125673104267,28.70205402435333,-8.197304475249403,0.5426808128359242
17.06636521,15.080657196934057,-5.829807565979511,0.484046762470489,28.860364193094608,-8.260022470820694,0.5482258078169249
17.07641221,15.131566200820432,-5.850254866230487,0.4710178532811487,29.019208267784677,-8.32288619329067,0.5536648394611756
17.08645821,15.178785092133001,-5.877616952892521,0.46946860310799116,29.17852942879231,-8.38598380534659,0.5590301036521697
17.09650421,15.218205478647766,-5.89628368091097,0.4818051403187404,29.338285778892473,-8.449312620138652,0.5644495523859536
17.10655021,15.261668177391268,-5.910535085185339,0.4938763502070766,29.498458450729945,-8.51280678270924,0.5699916012334183
17.11659621,15.317478126420873,-5.91721240443463,0.47985610489957575,29.659129769077126,-8.57640607025807,0.5755238600759703
17.12664221,15.365056523832614,-5.9226933186094675,0.462313311520784,29.820320407088477,-8.640066428613386,0.5808975777752012
17.13668821,15.402025890712151,-5.931502649706944,0.4627299851870682,29.981935728519865,-8.703798566870706,0.5861852709751163
17.14673421,15.447603879786472,-5.9519348515737285,0.45350980584556894,30.143965685320268,-8.767677585348126,0.5914287441660265
17.15678121,15.50417401206623,-5.979299484411611,0.44330687980395,30.306524912011376,-8.831803069876695,0.5965751673334073
17.16682721,15.561933638737198,-5.988814755499068,0.4465061459222581,30.46964223720455,-8.896107419612257,0.6016858988821834
17.17687321,15.62185937963562,-5.987049148030207,0.44924633286705884,30.633350695998967,-8.96045069590815,0.6068264643036936
17.18691921,15.674839046702179,-5.9823710595436355,0.45178134830971545,30.797626278657592,-9.02476160551926,0.611993527066796
17.19696521,15.709036554400006,-5.976686801231798,0.4571092200582186,30.96233975226506,-9.0890204650624,0.6172000851122595
17.20701121,15.740221055147863,-5.979909336008852,0.4508943116697275,31.127381639701003,-9.15326695936825,0.6224021875726823
17.21705721,15.775289530280075,-5.995698661812574,0.4373848266904185,31.292756315834737,-9.217608950249772,0.6275052144052169
17.22710321,15.808509459278858,-6.00685539019875,0.4326189541974528,31.45847400462242,-9.282086291161491,0.6325164441171681
17.23714921,15.843018484325672,-6.011277281313834,0.4272466534504547,31.624531895946276,-9.346641883478965,0.637476749784935
17.24719621,15.881434738232391,-6.026022768694851,0.4243803819548205,31.79097265716124,-9.411300189121954,0.6423961627443158
17.25724221,15.923729882102851,-6.048599542721468,0.4339564813270415,31.957802265512374,-9.476139528900687,0.6473487895291338
17.26728821,15.966745260089516,-6.061364049501975,0.44105639986004713,32.125060388614735,-9.541156387932892,0.6523851799518879
17.27733421,15.999415725825042,-6.061272686091198,0.4414986563452123,32.292698681710114,-9.606236904164241,0.6574594547197585
17.28738021,16.016087019677446,-6.055653294901288,0.44685247706386166,32.4605848184639,-9.671288735275233,0.6625628431834238
17.29742621,16.017735230539614,-6.0464267117098505,0.46014030724581956,32.62856297408993,-9.73626599505693,0.6677598686595646
17.30747221,16.015369501203402,-6.0368144185965615,0.46973387997804256,32.79653752562061,-9.801148627162926,0.6730718274225415
17.31751821,16.017830381762348,-6.033620384944189,0.4714832051021421,32.96451255509587,-9.865966933089577,0.6784407615614507
17.32756521,16.0173847891339,-6.035164269057101,0.4692398797835752,33.132514428958316,-9.930783401640722,0.6838077485253964
17.33761121,16.005453100543466,-6.035537696352445,0.46485396978816096,33.30043741014129,-9.99560304952144,0.6891409026523466
17.34765721,15.9840177223829,-6.037859007939293,0.46088212206428625,33.468192788548045,-10.060436233075585,0.6944320757622748
17.35770321,15.96479287125861,-6.049948964364243,0.45822409062459574,33.635743930623036,-10.125341804428933,0.6996899469891625
17.36774921,15.958844596828092,-6.068343815024261,0.45025827708564437,33.80316862808836,-10.190400500968266,0.7048944546427225
17.37779521,15.95736630700345,-6.0835748555084805,0.43759900194646123,33.97055602192144,-10.255628100358818,0.7099953624758523
17.38784121,15.950485321036979,-6.09218664094953,0.4341829109537691,34.13790142711227,-10.320975462264016,0.7150155237449034
17.39788721,15.941270330855696,-6.090645492567931,0.44327693292666565,34.30516598221486,-10.38635833997914,0.7200642052612664
17.40793321,15.928814469409414,-6.083085813214287,0.45513649947548684,34.47232168462972,-10.45169550423655,0.7252181366527738
17.41798021,15.919195852099067,-6.079897907697844,0.46255141279388895,34.63938313493126,-10.516985181800322,0.7304694064270814
17.42802621,15.92160790793669,-6.080609004298514,0.45876771430839575,34.80639175868105,-10.582255919927746,0.7357383931230675
17.43807221,15.925026140475483,-6.078218282177221,0.4525514861822259,34.97342966796941,-10.647518221296203,0.7409571501876853
17.44811821,15.914817011216003,-6.070014419140864,0.4584716967251044,35.14043346658349,-10.712727306063389,0.7461744203559803
17.45816421,15.897445173928887,-6.06051603825917,0.4709779206335182,35.3072987260026,-10.777847472459376,0.7514842465045242
17.46821021,15.885913914150594,-6.058120913482568,0.48020016785908015,35.47401880516515,-10.842907897776442,0.7569032147635739
17.47825621,15.88503318671027,-6.057547365570486,0.47702454202686717,35.64067653891596,-10.907953411450613,0.7623525552018844
17.48830221,15.89223989851529,-6.054397275614902,0.46453941969709783,35.80736604808618,-10.972980221291754,0.7677232317021753
17.49834921,15.894976025811886,-6.0483456989183555,0.4565614989240966,35.974122097733485,-11.037967279466093,0.7729916467138912
17.50839521,15.885835691867584,-6.039856500372299,0.4616778385288381,36.140829381454516,-11.102874831021595,0.7782451636264687
17.51844121,15.88353851245734,-6.038978563662479,0.46320639680667713,36.30747921454597,-11.167735331456708,0.7835320578611105
17.52848721,15.894331656177656,-6.041785131485538,0.45000686867268885,36.47417172286621,-11.232605519405926,0.7887603288141666
17.53853321,15.90445197366906,-6.039544416726516,0.4298832917998275,36.64096927950206,-11.297478549635061,0.7938212178107716
17.54857921,15.920023460757712,-6.037884171508728,0.40527651621839317,36.807895886072316,-11.362331985342232,0.7986574262469986
17.55862521,15.921681532051483,-6.023684086391674,0.4029483537736045,36.97490903671433,-11.427105754610132,0.8033583404895199
17.56867121,15.896822252928208,-5.99968117873356,0.41926950491520143,37.141805647689466,-11.491687630245345,0.808129541514267
17.57871721,15.893051807946307,-5.9964457700142795,0.41666831506144836,37.30855845156037,-11.556132687817371,0.8129696579045611
17.58876421,15.902066843951422,-5.986431399829299,0.3950883129219386,37.47535420055962,-11.62051760012185,0.8176887818722579
17.59881021,15.87989514901054,-5.964539754652726,0.3934915332121282,37.6420672621134,-11.68473584013928,0.822291019159941
17.60885621,15.86729968355499,-5.959149130872206,0.3977992275280624,37.80860568822051,-11.74881704131974,0.8269068733716904
17.61890221,15.8727395297937,-5.947764453127538,0.3807669023344826,37.97510817165235,-11.812813980160657,0.8314588117625431
17.62894821,15.830108378810205,-5.934982778435865,0.4137260854211776,38.141423843160396,-11.876689531413266,0.8360907507605913
17.63899421,15.781303955292659,-5.940402832244818,0.4661806684262948,38.307280233777725,-11.94052810524418,0.8411517231057186
17.64904021,15.780090250716231,-5.960448249187755,0.47621019135588255,38.47288538333764,-12.004494592134684,0.846526553114956
17.65908621,15.766414163183672,-5.962211500108114,0.5018141134729855,38.638415741471846,-12.068570623963886,0.8520803699186648
17.66913221,15.723444651053155,-5.950249447838549,0.5497830167969374,38.80366156875889,-12.132595427213888,0.858003743024562
17.67917921,15.706028341643897,-5.963811995611465,0.5821932431168141,38.96862049678914,-12.19663464371683,0.8643314903132611
17.68922521,15.701815654957665,-5.996166594492343,0.611584661392727,39.1334543636472,-12.260898128083387,0.8709690374481638
17.69927121,15.674563234725813,-6.045319966023443,0.673542967331657,39.29813018127321,-12.325571026985322,0.8780654342477976
17.70931721,15.646776443648735,-6.104684004874022,0.7547384759923657,39.46252953694082,-12.390789008839608,0.8858808926581656
17.71936321,15.630075155557646,-6.1362495621488895,0.8336140085593642,39.626705428986824,-12.456463730055255,0.8945003879086231
17.72940921,15.60385941365421,-6.136422948246564,0.9139191997744948,39.7906657487911,-12.522297875983437,0.9039194479346351
17.73945521,15.545211863925797,-6.122523944213439,1.0137258904593305,39.95419980028151,-12.58806307813273,0.9142432099434306
17.74950121,15.470376333236803,-6.083586850587794,1.1233831742765679,40.11706336625899,-12.653562884563485,0.9256191094961501
17.75954721,15.405234150282027,-6.029501006153882,1.2081940901654922,40.27922382418089,-12.718595436776386,0.9379718228159977
17.76959421,15.33501965340437,-5.972437685326107,1.2809397652951469,40.44072045961516,-12.783076104634805,0.9511172512859266
17.77964021,15.246394266896038,-5.937529362617903,1.3743980608764912,40.60140316819996,-12.847088381025095,0.9650962139073374
17.78968621,15.189366636705877,-5.933216651351607,1.4620459730260862,40.76135426168188,-12.91090365016173,0.9799848730101807
17.79973221,15.16589012606807,-5.930965970601741,1.5333447062451198,40.920900982864424,-12.974685951380266,0.9956719211127105
17.80977821,15.12915052723208,-5.931226221702272,1.650008926141877,41.08014523852914,-13.038458254670699,1.0123031071287467
17.81982421,15.101325095545217,-5.9338224332154175,1.808306089847155,41.23906518404549,-13.102244905972817,1.03031542417461
17.82987021,15.085607453891042,-5.9101330542640635,1.9979505340793509,41.397766412704435,-13.165925606294891,1.050075451917143
17.83991621,15.08380369874247,-5.857091118180134,2.1931230955437426,41.556379631387244,-13.229220885221546,1.0717684154792897
17.84996321,15.102018697043198,-5.790669809825419,2.3264602920634694,41.715091080643916,-13.29192234108515,1.0951138071739572
17.86000921,15.106139334642565,-5.7367004728413535,2.3948194265524916,41.87389892490026,-13.354012833923473,1.1194699959211234
17.87005521,15.075133079258137,-5.718193671307122,2.463243395070452,42.03257172269841,-13.415739279117998,1.1445132461946852
17.88010121,15.001928440503114,-5.681525316242834,2.570136781450766,42.190721069175304,-13.477188579500929,1.1704371155419009
17.89014721,14.917530677365272,-5.627382782055606,2.684061716887059,42.34807877878748,-13.538181736787148,1.1974701553196014
17.90019321,14.851861431546563,-5.6038024992585935,2.8171799401603392,42.504682701813735,-13.598784492363677,1.22574409288351
17.91023921,14.784184281510045,-5.573444823536044,2.9891653593663983,42.660616825893555,-13.65911631757454,1.2555505660435822
17.92028521,14.73488108789275,-5.527658250287346,3.1553324534339877,42.81596335770719,-13.719065670222822,1.2870555792778275
17.93033121,14.698802144178067,-5.479661934924391,3.303923689750573,42.97088101504501,-13.778543951421607,1.3201416236055927
17.94037821,14.621601770895175,-5.430000010780157,3.469201700728924,43.125245034563825,-13.837537567047622,1.3548076835516891
17.95042421,14.547209652533217,-5.4053584175259815,3.6378613092052854,43.27883224080689,-13.896152084341493,1.3911476617711502
17.96047021,14.500104065053554,-5.392692987935619,3.784255703378485,43.43180916407346,-13.954579208459592,1.4290701562459072
17.97051621,14.426221942394283,-5.3631564501043805,3.9351138586101264,43.584178366072,-14.012794352095334,1.4684857502763244
17.98056221,14.345144593079159,-5.330792078012594,4.095008909252203,43.735769206642814,-14.070698567460532,1.509462257659845
17.99060821,14.27096290627127,-5.2833678679451,4.257344940114098,43.88658018107524,-14.128202004777563,1.5520573317657753
18.00065421,14.171175107946281,-5.196343581573649,4.4245168036296505,44.03651730678378,-14.185030107296964,1.596307524025148
18.01070021,14.05261877251712,-5.095959087553503,4.589380765276012,44.18535768990848,-14.240916855512456,1.6422255322343091
18.02074621,13.936354407062367,-5.0001361534599855,4.752965336245476,44.33301856865263,-14.295818053816534,1.6897933374227994
18.03079321,13.82224180957275,-4.88933469423793,4.909180031649599,44.47953684719835,-14.349686739461713,1.7389723892254432
18.04083921,13.68935905912203,-4.743609824513141,5.071833230140916,44.62479988482499,-14.402261531687884,1.7897482195599823
18.05088521,13.548345650002728,-4.596123231777124,5.23149898638134,44.76868714204205,-14.453363522738098,1.842143058004121
18.06093121,13.427741898373206,-4.4662082551391435,5.372477820561716,44.91126029626068,-14.503072125705344,1.896048034225943
18.07097721,13.333951736341628,-4.344895809783153,5.493378859147766,45.05275654985098,-14.551518813331917,1.951268433048671
18.08102321,13.250806351754893,-4.2280654472839565,5.618187390408169,45.193364056190674,-14.598769309634651,2.007723031040757
18.09106921,13.163341124670747,-4.102875202362483,5.787124691145565,45.333114585427886,-14.644804136426291,2.065653114346948
18.10111521,13.084208702901867,-3.9745636592520315,5.986631430609354,45.47202829467492,-14.689565623736648,2.1254338920670697
18.11116121,13.03399695701671,-3.8433362900542596,6.176163259792001,45.61029230816782,-14.733023447090483,2.1871688105175022
18.12120821,12.975369490065283,-3.703311099517781,6.352193313001479,45.748023330966184,-14.775122959093768,2.2507462743079536
18.13125421,12.918885340387718,-3.5838170669027485,6.506951281996046,45.88516243944272,-14.815914715782181,2.3159789583291954
18.14130021,12.851099682020054,-3.471972330047789,6.6612747699168775,46.02167734067341,-14.855544457831531,2.3827641585085
18.15134621,12.73228460940483,-3.319237287081961,6.822296400647873,46.15725494643237,-14.893845215646843,2.451133337218793
18.16139221,12.641316634920173,-3.172379416488595,6.945449574527065,46.29177881194575,-14.930641118257345,2.5209299259726423
18.17143821,12.564145509803403,-3.0370686433910263,7.0491626533756335,46.425458114761874,-14.966019687770602,2.5918660639139683
18.18148421,12.462322749578043,-2.8998556712528085,7.155448764392067,46.558238331291875,-15.000029370511527,2.6638570277859612
18.19153021,12.373952770732059,-2.7755823677017837,7.2674280938209845,46.69006320969352,-15.032725607689665,2.736944338965311
18.20157621,12.24760325864074,-2.615201234659392,7.389530889936446,46.82080955209219,-15.063992025632793,2.81120744466127
18.21162321,12.074962714240462,-2.4292364531556982,7.5205457398829285,46.95006693270841,-15.093521687199303,2.8867494791581905
18.22166921,11.9167680244587,-2.264445450484028,7.652665772094729,47.077649662672066,-15.121286563309763,2.963605721303427
18.23171521,11.772024846516349,-2.09847607376157,7.77803027055546,47.20371073572611,-15.147390030034519,3.041755308246204
18.24176121,11.635624435947847,-1.9315524811883464,7.9034078944972865,47.32835962453506,-15.171821375374503,3.121164372869809
18.25180721,11.503098268615698,-1.7608794711932456,8.01365114922675,47.45165769514322,-15.194556972979784,3.2017569611669794
18.26185321,11.35777698792988,-1.5706050338840187,8.097279655416994,47.57356013802003,-15.215479531557264,3.2833233673192783
18.27189921,11.201373607440527,-1.3958389176764192,8.169677312899502,47.693947017923705,-15.234568491434423,3.365673492891677
18.28194521,11.057422884382616,-1.2375809099414967,8.253382774192591,47.81282521916526,-15.251984671137016,3.4488077244296846
18.29199121,10.915143625133183,-1.0618844869639588,8.340949664915021,47.9302656872057,-15.267723397734144,3.5328022569918667
18.30203821,10.78366171356565,-0.8688751547097768,8.419989587506041,48.04634260627609,-15.281611497635861,3.617642099873427
18.31208421,10.654079054144612,-0.6582690977711245,8.494427724645739,48.16109664461544,-15.293470855124545,3.70324441875291
18.32213021,10.484168202383927,-0.432927771997132,8.56421617902086,48.27434632704816,-15.303140448909865,3.789571187801602
18.33217621,10.304231511865753,-0.22447751664705207,8.629023354056605,48.38583872527597,-15.310631107583196,3.876574030696794
18.34222221,10.143124456848263,-0.041031557653912865,8.684983005163652,48.49561806076996,-15.316153271571881,3.9641834853597016
18.35226821,9.99325700862802,0.13823941679808788,8.734884031355953,48.60383537133418,-15.31985350840387,4.052324678204684
18.36231421,9.846156512124765,0.3342715866047793,8.792620254512755,48.71056101191209,-15.32166859754225,4.1410065329531776
18.37236021,9.69571380630343,0.547541218332352,8.864324978004623,48.81579209298469,-15.321427763731522,4.230338569576657
18.38240621,9.547241375338231,0.765163642096526,8.936461302340426,48.919521723325204,-15.319022559126061,4.320393119783374
18.39245321,9.388411154722723,0.979751364507058,9.002986487122941,49.02171794426141,-15.314445907432157,4.411153200300767
18.40249921,9.23418538293891,1.1830759708436582,9.055777097959236,49.122331513133226,-15.307770537635161,4.5025035705091785
18.41254521,9.095403246725995,1.3642108544341118,9.105718576743461,49.221473303283204,-15.299164027820261,4.5943699640037865
18.42259121,8.942390306833012,1.54486036862818,9.140524142735634,49.31914940676587,-15.288740274975293,4.686662041904274
18.43263721,8.780543208306524,1.7285178507604595,9.146689044174176,49.41524396827555,-15.276486608087776,4.7791599144626655
18.44268321,8.609224844422046,1.9038070910541267,9.15361549335908,49.509665039667546,-15.262429951813512,4.871723544875239
18.45272921,8.428895450848007,2.0869933326785532,9.169276235325636,49.60231978437385,-15.246572673193572,4.964400630748999
18.46277521,8.26184589191351,2.2814532360636477,9.180596359532535,49.69322964460168,-15.228818477987254,5.057213241513515
18.47282121,8.09499735573008,2.481733349844056,9.187518127812375,49.782462334697726,-15.209081503674712,5.150117481303992
18.48286688,7.924478599256907,2.6815129480563,9.196489331866495,49.8699975533531,-15.18733574377648,5.243098497070547
18.49291388,7.773536856799832,2.8724260530157517,9.197389376991712,49.95592950444805,-15.163624460046364,5.33614141131152
18.50295988,7.621362199950092,3.050278774009129,9.18451039706487,50.04033034887324,-15.138063225608692,5.42911489459715
18.51300588,7.434074861235349,3.237485203270518,9.159040996864864,50.123026075694746,-15.11066829905928,5.521895753969436
18.52305188,7.230839558032185,3.43658712490183,9.115255488534554,50.20376020728586,-15.081332945663345,5.614328745936141
18.53309788,7.072229268179336,3.6121131658175156,9.068681630932105,50.282676788463064,-15.050115836011537,5.7063078628077655
18.54314388,6.925435537105258,3.7841868689252918,9.018243329282837,50.36005932524314,-15.0171527328455,5.797799687603468
18.55318988,6.766681356558783,3.9747478116441313,8.935106226415055,50.43590709486318,-14.982368115853461,5.8886205631423145
18.56323587,6.632575307866773,4.146892501798567,8.861632303671126,50.51028375351556,-14.945761664906385,5.978654691877517
18.57328187,6.4850761158403865,4.299252165898439,8.818719821230927,50.583245983079976,-14.907525192149016,6.068104301321444
18.58332888,6.324214240545002,4.451276730889697,8.74984924554328,50.65466649472306,-14.867755799494455,6.157001361056525
18.59337488,6.153858607448064,4.588052547311057,8.69687366159912,50.72441612110167,-14.826539760438529,6.245277450939645
18.60342088,5.92499701370694,4.735039795454039,8.70443947914541,50.792160479349896,-14.78389837950928,6.33332544756618
18.61346688,5.678400797682143,4.90999849829846,8.708386033131276,50.85751661301964,-14.739639864068238,6.42143127083489
18.62351288,5.480185921097004,5.081514988972928,8.687296414290747,50.92063846057121,-14.693641003730148,6.509450984488835
18.63355888,5.305693626891657,5.2489971019452035,8.649647152753587,50.981888200003894,-14.645939353405943,6.5971756527466425
18.64360488,5.140688889464335,5.405480832783067,8.61366334910833,51.04143264584671,-14.596610422648261,6.68453046211807
18.65365088,5.006776167483554,5.53990596015776,8.571295877823442,51.0994756292909,-14.545820256695796,6.771491713035491
18.66369687,4.866479691880652,5.662135366154212,8.49554151377143,51.15614120352946,-14.493740966863085,6.857859552001559
18.67374287,4.683897016530339,5.780285021835413,8.424028434310832,51.21118501219897,-14.44045420116267,6.94348775257135
18.68378988,4.480712519452502,5.894562744207703,8.381956019236064,51.26429645151734,-14.38599447804683,7.028553964688931
18.69383588,4.285365719569834,6.007075625489895,8.334107302363243,51.315400728975106,-14.330401060424297,7.113159951473898
18.70388188,4.120874010674415,6.117433814517286,8.262308186537583,51.36469753760326,-14.273688161415619,7.1971649471951915
18.71392788,3.967540068690837,6.22260296969055,8.194183055347436,51.41239790798706,-14.21589266855702,7.2804671034237245
18.72397388,3.8246090586119035,6.333032798810433,8.120259771915876,51.45861013951664,-14.157014222000317,7.3630557504656124
18.73401988,3.69521664785912,6.446457790148212,8.01403483154903,51.5034544905034,-14.097011352680433,7.44473951297939
18.74406588,3.538817709998786,6.551533240384521,7.9040063420671105,51.54686331154606,-14.035910955642542,7.525337034515009
18.75411188,3.369813953146971,6.646048069682063,7.8119605699133485,51.588637634853185,-13.973808016630556,7.604919537034432
18.76415788,3.211371262923019,6.7334360096332855,7.730056092802594,51.62876719465664,-13.910791380008632,7.683628287451799
18.77420487,3.0525190745335227,6.815571853100228,7.630174706139846,51.667306779858954,-13.846916931427671,7.761431593977884
18.78425088,2.9028794730751635,6.8935726016102485,7.51958982838463,51.70429305004361,-13.782244346363743,7.838170138342439
18.79429688,2.768082105069939,6.970670553577218,7.420601063634149,51.73985055651379,-13.71679276490369,7.913855917913621
18.80434288,2.645211730520108,7.0492897611800664,7.324905606977799,51.774113797913095,-13.650559016151142,7.988563798640651
18.81438888,2.527383496591234,7.131565074339831,7.234266737366338,51.80716801020202,-13.583517094220802,8.062335722046836
18.82443488,2.4040458515165732,7.2160762551219015,7.142894793681006,51.8390108462807,-13.515637403731397,8.135193405137832
18.83448088,2.2797116209358754,7.297333353002878,7.041391665256119,51.86960962652798,-13.446925059178238,8.207082276741644
18.84452688,2.1611592624257447,7.3682239508289875,6.931739066772153,51.898988387438244,-13.377448476749569,8.277910513129168
18.85457288,2.046256884539469,7.429215581682893,6.824858035980499,51.927194505207595,-13.30730944988624,8.34765110109684
18.86461888,1.9357618226118183,7.487461484472754,6.721913487274529,51.95426845163676,-13.236571492891418,8.416337735178695
18.87466587,1.8247688855541888,7.547509918901782,6.624527142482909,51.98023242225815,-13.165232313893839,8.484024776858854
18.88471187,1.7189331582986904,7.6068966509349885,6.531421181824685,52.00510470408756,-13.093300241602027,8.550748306012398
18.89475788,1.6152110576590488,7.6669839159466875,6.453977823792221,52.02892440065806,-13.020767979222981,8.616615231503422
18.90480388,1.5015418857154998,7.73281073508332,6.38390024744505,52.05165211715578,-12.947603322599337,8.681741093775793
18.91484988,1.3751276006504374,7.792837102178418,6.307461946975456,52.073173894448935,-12.87380650542125,8.746131006798914
18.92489588,1.2311268089406306,7.841573738373692,6.220378515470785,52.09333737681146,-12.799463371677607,8.80969955016235
18.93494188,1.093702435059874,7.8921846053445215,6.130990716112327,52.112087260567215,-12.72462121542559,8.87238167853314
18.94498788,0.975331285157867,7.945111208130037,6.055222344069335,52.129552283407016,-12.649258990462986,8.934234227454978
18.95503388,0.863740425171859,7.9914471712730535,5.975759739917973,52.14586220707114,-12.573398169631721,8.995307051183394
18.96508088,0.7520657723186984,8.02808023583192,5.882271484402611,52.16105217995568,-12.497113002543898,9.055517135585792
18.97512687,0.6405749788161448,8.053827846632538,5.789017268519293,52.17511966690869,-12.420522166394344,9.114783160717572
18.98517287,0.5332387074005808,8.068555627551014,5.706607983079645,52.1880879995177,-12.343727946111997,9.1731668870769
18.99521888,0.4268459692764931,8.067067703427607,5.627746375878993,52.199982783152095,-12.26686714552018,9.230740607052537
19.00526488,0.31942479523943285,8.053874696562401,5.540109348324404,52.21080356766541,-12.19008016375351,9.287477947075757
19.01531088,0.22202666753816241,8.041929235590992,5.458035987348112,52.22059554482609,-12.113419452510755,9.343362831817409
19.02535688,0.1327694433001827,8.034711184215661,5.3846241807238,52.22944995215397,-12.036854999590545,9.398466714562181
19.03540288,0.04623654601009031,8.036499347869922,5.30095518049814,52.237421365701415,-11.960317820996357,9.452781580414147
19.04544888,-0.017096568004836776,8.050704751331608,5.215769764930692,52.24464000227408,-11.883700306714548,9.506248290535583
19.05549488,-0.0704597572349801,8.066858042301336,5.137204208902975,52.25127247331555,-11.80693030071058,9.558892479526715
19.06554188,-0.1571041463851608,8.076442923122926,5.064568003011065,52.25720227649715,-11.73002335715254,9.610782346780287
19.07558788,-0.2516916688510662,8.08532909033174,4.990225999766014,52.26222116158037,-11.653031288237436,9.661928777776785
19.08563387,-0.3075546476275519,8.094600204423624,4.904519496876454,52.26648432955219,-11.575948092028678,9.71227123501497
19.09567987,-0.3447628844259026,8.102710852537022,4.826632143726892,52.27028000505182,-11.498777510498016,9.761792010426287
19.10572588,-0.4022906360126362,8.115306943246974,4.753324218956593,52.27359982498642,-11.42150284209751,9.810553380494644
19.11577188,-0.460718382401949,8.126935209090096,4.6610876500548395,52.27633719715007,-11.3441065716748,9.858483172033235
19.12581788,-0.4932154974055207,8.136995715918042,4.577536631787293,52.278617853734936,-11.266601358546962,9.905529982521477
19.13586388,-0.5341146262043802,8.144311437488758,4.502860206932027,52.28052984098719,-11.189008864623878,9.95178201656291
19.14590988,-0.5922710702880611,8.146148483877193,4.4114245897757165,52.28194427209685,-11.111370396347308,9.997199669817338
19.15595688,-0.6371164697838182,8.148601466368623,4.323196302401671,52.28284141424075,-11.033702648814018,10.041719302416213
19.16600288,-0.6799354253794956,8.144102585259015,4.245219894665604,52.28329812903449,-10.956052908271168,10.08539965769463
19.17604888,-0.7484534956582838,8.135946692552833,4.166413170408128,52.28319559794726,-10.878466732657198,10.128292491301043
19.18609487,-0.8095835078233002,8.135316444770442,4.086918291038039,52.28244184529222,-10.800924767013864,10.170390134047526
19.19614087,-0.849319957523862,8.126525387003745,4.005607930361066,52.281181439648925,-10.72343004740134,10.211680093978162
19.20618688,-0.9015867779892084,8.107032764340458,3.921378656781583,52.279458899864935,-10.646077319717154,10.252138588599129
19.21623288,-0.9560789141466419,8.095701296043558,3.8372795690497115,52.277200111556475,-10.568879498440323,10.291751529588026
19.22627888,-0.9939393219179502,8.086864170401896,3.753203636654294,52.27447743641987,-10.491782984010847,10.330519727450827
19.23632488,-1.0227022140227278,8.074223083036781,3.67768136636024,52.27142011244798,-10.414794354645274,10.36848626354153
19.24637088,-1.0455930380120333,8.065190070788299,3.6078266400885406,52.268103331860154,-10.33791459428209,10.40572257097847
19.25641688,-1.0695008988861172,8.052541921135127,3.525964598451224,52.26455148147826,-10.261143738395138,10.442196805090205
19.26646388,-1.1047280147949214,8.035221517017407,3.445460669585285,52.260702212981826,-10.184515787605346,10.47785902447121
19.27650988,-1.1428527666581005,8.021412457965265,3.3735786657739335,52.25648488117973,-10.108051827057487,10.512752259773267
19.28655588,-1.1812612087126368,8.005044901209025,3.2983538306039675,52.25188312314459,-10.031739443650807,10.546906577423135
19.29660187,-1.2182107760723144,7.990706353118521,3.2236080386224795,52.24690284678564,-9.955581372818227,10.580307559364732
19.30664787,-1.2458166733142657,7.988446741243568,3.1565767077298665,52.24159830337051,-9.879506598733725,10.612996428066207
19.31669388,-1.2651653617803351,7.984568545415414,3.077610143893499,52.23605790155634,-9.803462579161565,10.644951981151664
19.32673988,-1.2819940982749325,7.974497265052875,2.9871472658640728,52.23033578605163,-9.727488703504035,10.676056458341435
19.33678588,-1.3053340668896367,7.971038750050001,2.9127426148952758,52.22441190314116,-9.651582788008652,10.70633280593304
19.34683188,-1.3380567592431494,7.965834747499511,2.840608819675812,52.21820641748464,-9.57572038433894,10.735873090909438
19.35687788,-1.3666038396831803,7.955116469171704,2.763444163291613,52.21169317375937,-9.499937958286079,10.764663449763432
19.36692488,-1.385034216563238,7.947500368833223,2.6997238242207646,52.20494329043527,-9.42424009144213,10.792748938695723
19.37697088,-1.4087304910208203,7.938150489339412,2.64485663507066,52.19798247677221,-9.348634979090006,10.820235967063295
19.38701688,-1.4396529072657256,7.919295384602392,2.589577965316709,52.19074731342576,-9.27317154037365,10.8471697327816
19.39706287,-1.468722621414364,7.888251379336512,2.5362654997484486,52.18321081711034,-9.197958819755268,10.873558018959686
19.40710887,-1.4962471982781487,7.863644015575441,2.495070714290053,52.17539004016918,-9.123025561095105,10.899471621483352
19.41715488,-1.5298267838183364,7.847473794618372,2.460383864853547,52.167262328929766,-9.048297053856718,10.925004095970479
19.42720088,-1.5631639480187611,7.823545804206152,2.412325629068016,52.15879850294689,-8.973770034320275,10.950120916479007
19.43724688,-1.5821766906361419,7.7994061222629405,2.3578560978809877,52.15007172338207,-8.899484458702098,10.97472274001402
19.44729288,-1.6026965105128559,7.786271454166194,2.310320203150795,52.14114637175584,-8.825386112144173,10.998812190294654
19.45733988,-1.6348661616921287,7.783089584690728,2.263773117654784,52.13195544612346,-8.751362355807244,11.022431412638744
19.46738588,-1.6716184049815932,7.782846272368001,2.2089961625878596,52.1224192406082,-8.677363171905714,11.045539333453952
19.47743188,-1.7005719799083077,7.785760552581921,2.1484899465619787,52.112552994768045,-8.603350571732443,11.068068186900769
19.48747825,-1.7117832126055896,7.788339689069749,2.086794826909376,52.102484630289155,-8.529307651183892,11.08998403018194
19.49752425,-1.7212180095571852,7.777956287902226,2.0236044838118192,52.09231293161337,-8.455306658400012,11.111271766640249
19.50757025,-1.7354839129939623,7.771081354038087,1.9662352144895947,52.08202218431954,-8.381392354233025,11.131953932165368
19.51761625,-1.7376313862657722,7.769479032339873,1.9121290172596181,52.07164899263451,-8.307520631320727,11.152076156421995
19.52766225,-1.7379318832180295,7.753479675476769,1.8471928866880225,52.06126350479503,-8.233737321639842,11.171600431066075
19.53770825,-1.747359235139692,7.740358735286337,1.778897890179877,52.05082915397066,-8.160100283211031,11.190455485758838
19.54775425,-1.7457617732046804,7.730062383835234,1.71084591312116,52.0403554736089,-8.086580869838162,11.208625669603368
19.55780125,-1.7430069016826435,7.705708417917241,1.6435648445411761,52.02990261462204,-8.013228204057327,11.226117816591508
19.56784725,-1.7498205915624712,7.679135674598775,1.580638176215793,52.019430408586615,-7.940138644089098,11.24295418908532
19.57789325,-1.760527618544598,7.659864467727999,1.5099129622565934,52.00887019599039,-7.8672793582826674,11.259119228174418
19.58793925,-1.7572316209658567,7.633710128965042,1.434245018011536,51.99827275779347,-7.79464824499193,11.274548934429863
19.59798525,-1.7573508445634132,7.600164123831327,1.3810086829745947,51.98769127653226,-7.722317006528613,11.289331154490466
19.60803125,-1.7740226149898408,7.572468876837153,1.3423197846490615,51.97702545410807,-7.650293382874733,11.30365163410389
19.61807725,-1.7917844166382846,7.544610597806044,1.2928839517458877,51.96618667185135,-7.578548804582079,11.317529463192354
19.62812325,-1.832411308573937,7.512073514707763,1.2350169916306903,51.955054603186746,-7.507107592193373,11.33086831035149
19.63816925,-1.8587145549336364,7.484710672060763,1.1854348985666825,51.94358634443749,-7.435967257131715,11.343667440916503
19.64821525,-1.8870947826862974,7.459422174460276,1.1428519034398463,51.93184341059778,-7.365091389752117,11.356003626243533
19.65826125,-1.9334411844486294,7.4443957398973435,1.0955306070084179,51.919725124898,-7.294418024276776,11.367888222314066
19.66830825,-1.9704854237827396,7.437424701316098,1.0506694274960735,51.907186720032996,-7.22384812813211,11.379310922734422
19.67835425,-2.004762385408036,7.419967033307491,0.9930818123590838,51.89429131675057,-7.153407961357548,11.390217885932769
19.68840025,-2.032280805541574,7.416811491937006,0.9288390524143703,51.881085515265575,-7.083071334733722,11.400512895157076
19.69844625,-2.046892288961093,7.423056745319172,0.8657233796607018,51.86766809527503,-7.012719188486463,11.410168182973942
19.70849225,-2.0615038632464997,7.424818415423678,0.8094552791102351,51.85410388786564,-6.942326823462531,11.419223806097499
19.71853825,-2.0803835360969702,7.440550876251673,0.7624879606149257,51.840371453921875,-6.871846585418898,11.427760877711194
19.72858425,-2.0886140656315715,7.45326654370967,0.7002286399174389,51.82650284543154,-6.8012234524269095,11.435749303916218
19.73863025,-2.1031472138912735,7.45938822192929,0.6400097415723377,51.81251989498764,-6.730505699447583,11.443122522026991
19.74867625,-2.125968161322839,7.4625478506146266,0.5783637562843312,51.79834931492109,-6.659741326463674,11.449883612827279
19.75872225,-2.1411277619708127,7.453193122398755,0.5068309391563856,51.783987958561525,-6.58900807146468,11.45597574650303
19.76876925,-2.1679125814846656,7.439508651311603,0.44103143209859486,51.76941446484762,-6.518383512946238,11.46137859767205
19.77881525,-2.196410070190388,7.425905035007595,0.37893258420671955,51.7545647386314,-6.447903051908311,11.466138477646506
19.78886125,-2.222975196123486,7.422975888620262,0.3143907194836128,51.73943843290185,-6.377505634937406,11.470262241321494
19.79890725,-2.2596556026155277,7.423415664897113,0.2434169677973437,51.723994444862925,-6.3071207220725665,11.473705310055257
19.80895325,-2.3060161727912543,7.416040823941864,0.17206933390751994,51.708133341998206,-6.236770644037605,11.476433498469273
19.81899925,-2.3646680124439734,7.402834552976816,0.09459194554848328,51.69174476179891,-6.166523944927796,11.478414138796532
19.82904525,-2.4163594844222485,7.385400198067013,0.003756269410076403,51.67480192714529,-6.096431153681781,11.479549342600823
19.83909125,-2.448981814340209,7.370843075572536,-0.08658821080881528,51.65743558426475,-6.0264990556267675,11.479774478479728
19.84913725,-2.4488950604040784,7.353072945797218,-0.14886339045860927,51.639905815186054,-5.9567293373599055,11.479233005807112
19.85918325,-2.4642848940914166,7.331843176889802,-0.1961287136684835,51.62229917873776,-5.8871555155841016,11.478141311188635
19.86923025,-2.4942948101848232,7.315974575248726,-0.2537555164471621,51.60446272404478,-5.817761131948003,11.476522582305671
19.87927625,-2.510553983520389,7.3037816449271515,-0.3244145819433951,51.58639563501714,-5.748514608362537,11.474259634622006
19.88932225,-2.5285965694140473,7.294054184942644,-0.4029038404005897,51.56815624825289,-5.6793781908975784,11.471247514907127
19.89936825,-2.554251142781825,7.301515404544721,-0.47446257493572175,51.54969737065768,-5.610253156758062,11.467481704123443
19.90941425,-2.5637441361048063,7.300811355575908,-0.5416175947128429,51.531061946834974,-5.541094181350429,11.46301913415185
19.91946025,-2.5779919854848647,7.2892377748549855,-0.60478529847432,51.51230727275937,-5.471996876476752,11.457901953139922
19.92950625,-2.6166479463497305,7.294711331559442,-0.6679997483395608,51.49328686284491,-5.402930212023711,11.452149954570327
19.93955225,-2.644924525039757,7.290388912059052,-0.7467423083967515,51.47393025078427,-5.333857765408492,11.445684905939894
19.94959825,-2.670479280604524,7.279987968844893,-0.831572753317128,51.45430324393166,-5.2648592742441656,11.438398230105454
19.95964425,-2.6976530518582376,7.271481923426357,-0.921576719356144,51.43441138168885,-5.195955752883765,11.43023336102477
19.96969125,-2.735097289659325,7.245141107619655,-1.026554200370182,51.41419293079968,-5.127220425929075,11.421088189896548
19.97973725,-2.7849119391241244,7.22198825009745,-1.1359655290365835,51.39353819090664,-5.0587405470737385,11.41086705401629
19.98978325,-2.8323647321786676,7.215834334838193,-1.2448960625192314,51.372394876649835,-4.990407876138085,11.399549186962457
19.99982925,-2.8685347393916563,7.2018003213106345,-1.3579021540714318,51.35083152506728,-4.9221766091687025,11.387116532241071
20.00987525,-2.898481263789566,7.1810412069453635,-1.4700292964602462,51.32893607014644,-4.854120108080751,11.373553033285603
20.01992125,-2.923963274819095,7.1718289995943065,-1.577660372355807,51.30676219769215,-4.786214152941779,11.358885688799694
20.02996725,-2.933349089428256,7.160882670430745,-1.680542345105504,51.284413184149685,-4.718409454131721,11.343160937270438
20.04001325,-2.9631237571116307,7.131547956553517,-1.7950342234848342,51.26186746750466,-4.650807087000833,11.326344316886956
20.05005925,-3.0075413170679357,7.091464845011935,-1.9206260891872056,51.2389490833002,-4.583553405607049,11.308321755856959
20.06010525,-3.0265829526728383,7.063003605580993,-2.02123076316818,51.21571194355644,-4.516644022488197,11.28916300960813
20.07015225,-3.0379759956769816,7.042070904958318,-2.098606402896407,51.192319602130844,-4.449976109526272,11.269108272151426
20.08019825,-3.0716775688547715,7.011289530117224,-2.1874307974608325,51.16870307873935,-4.3835745919693645,11.248220708014587
20.09024425,-3.0997780400025996,6.975754621152704,-2.293677005825381,51.14477612367919,-4.31750618110599,11.226353304239225
20.10029025,-3.1006467899199484,6.942222247066528,-2.4019814793399124,51.12070365622164,-4.2517846952054015,11.203408212388794
20.11033625,-3.125583581356695,6.914037862598859,-2.5191473308752745,51.09650156752986,-4.186373212583032,11.179330583095638
20.12038225,-3.1412669472194668,6.880128460292169,-2.630177766169198,51.07209544378797,-4.121273627051627,11.154106723853737
20.13042825,-3.1321807344258055,6.847558338765671,-2.721206229288704,51.0476561825462,-4.056507968168414,11.127867922765097
20.14047425,-3.1304197362772244,6.8271389014499295,-2.8203535632586165,51.023271406845005,-3.992008475839288,11.100673868647686
20.15052025,-3.1212440159574006,6.801336280673975,-2.938401223383795,50.99894156628067,-3.927741156907957,11.072388844074935
20.16056625,-3.1064504684921768,6.772113817696351,-3.0589027873752497,50.97473212334843,-3.863750228972321,11.042905586749448
20.17061225,-3.1077539491471904,6.7673586794912435,-3.1795880970612194,50.95059044102176,-3.799929970527402,11.012210847757467
20.18065925,-3.1045136869999865,6.767617978413011,-3.306009536555933,50.92645608500302,-3.7361259441281884,10.980271712592014
20.19070525,-3.08508503554603,6.750178449960264,-3.432309358103436,50.902437997082814,-3.672414564576947,10.947066337504696
20.20075125,-3.097872550705293,6.759383877297267,-3.570964080665042,50.878453267590224,-3.6087445449156097,10.912530095742316
20.21079725,-3.1067527189879494,6.772296257141509,-3.7190257318511994,50.854359701323695,-3.544963427508801,10.8765536776346
20.22084325,-3.08599476676174,6.7453388093586435,-3.867874665795548,50.83032579716591,-3.481252858478226,10.839085877657764
20.23088925,-3.074567491704422,6.72925013889986,-4.016917351060777,50.80645355940479,-3.4177585100996004,10.80012176807765
20.24093525,-3.0627073083074885,6.715002256016607,-4.160453354532946,50.78269829454747,-3.354416542228412,10.75968803574401
20.25098125,-3.0467410812011573,6.662259365370794,-4.307573143414933,50.75908280175011,-3.2914110690126606,10.717794339365373
20.26102725,-3.0521597097315865,6.62254747540939,-4.450372698636181,50.735520289540396,-3.228869996159877,10.674444378121292
20.27107325,-3.0642464666756934,6.596105744112611,-4.5901109428628555,50.711869847779454,-3.1666612129466953,10.629675229510598
20.28112025,-3.0687236017299138,6.539138266925095,-4.747583326334926,50.68813384309226,-3.1048652434990163,10.583408586896304
20.29116625,-3.080202105311842,6.481599601468096,-4.91635959073009,50.664320055728936,-3.0436505890945544,10.535507802344442
20.30121225,-3.0974302705042125,6.442369240234642,-5.0834160093707625,50.640362074768355,-2.9829220055111585,10.485920130225693
20.31125825,-3.109869569600731,6.391715165850896,-5.254700733021937,50.61625507413465,-2.922644911447847,10.434632970549192
20.32130425,-3.108033179481956,6.3314097707171415,-5.423610125202025,50.592094815089155,-2.8629251667999425,10.38163701582889
20.33135025,-3.1010777311331106,6.281554859203179,-5.5874099100173105,50.56797871744828,-2.8037587573723295,10.32696986291254
20.34139625,-3.0891187272681977,6.230179856960485,-5.743204840736132,50.54395762710087,-2.7451008258015164,10.27069738574006
20.35144225,-3.06285221755956,6.175410054393376,-5.8878632529577235,50.52012854350814,-2.6869760595852425,10.212915731425975
20.36148825,-3.0423716393394615,6.128732730136005,-6.0317012134961665,50.49653427053809,-2.629360862287028,10.153684959831534
20.37153425,-3.0403264710698297,6.068212893075408,-6.190855514511038,50.47305314439265,-2.572284116330114,10.09293225810731
20.38158025,-3.0315918434640707,5.984029190469547,-6.359232383358785,50.44962616516189,-2.515934216252944,10.030534367316868
20.39162725,-3.018311626204665,5.893285835164255,-6.521584401425478,50.42630744553345,-2.4604574530634418,9.966468848745526
20.40167325,-3.0231012854620696,5.80482809990622,-6.691941374756471,50.40303369494129,-2.4058863386760394,9.900738509492298
20.41171925,-3.0305632008036545,5.716713525600822,-6.869088140117427,50.37969840468993,-2.352202146999595,9.833262658959645
20.42176525,-3.016376975301404,5.6171628526153174,-7.039615136134453,50.3563968906485,-2.2994605978602913,9.764040443123589
20.43181125,-2.9980230970321964,5.523941636104625,-7.210586842236297,50.333258825548306,-2.247687341921927,9.693102879306792
20.44185725,-2.9727388424606023,5.4329046427914385,-7.373900625791625,50.31033995478937,-2.19683961497149,9.62048619947542
20.45190325,-2.927319647256578,5.327987550641313,-7.517723533200086,50.287776227458664,-2.146976165392355,9.546326772045365
20.46194925,-2.9001533447651506,5.2305889839124164,-7.671358817326102,50.26557709708289,-2.0981289473677673,9.47067321211923
20.47199525,-2.8762159504702467,5.134107581248315,-7.834819296470177,50.24363466057606,-2.05025558842944,9.39342688017419
20.48204133,-2.8283045784838015,5.015596711394621,-7.992813149938664,50.22205294856052,-2.0034617630424476,9.314565255117234
20.49208733,-2.7848032062884913,4.890912262410447,-8.16711959618656,50.20093057462075,-1.9578898803755012,9.234035113654006
20.50213433,-2.7430289039140874,4.788057016511311,-8.344393298032555,50.180234480466595,-1.913456507044606,9.151730793176917
20.51218033,-2.68704592535081,4.683954993177318,-8.511120949216503,50.16003148106234,-1.8700671026284152,9.067706745833544
20.52222633,-2.6269299887133637,4.579243511201821,-8.673979629975491,50.14041164650914,-1.8277265684493953,8.982027186344823
20.53227233,-2.5590315300943236,4.4941761229908295,-8.826239478154985,50.121434828263304,-1.7863392935353057,8.894764786485212
20.54231833,-2.481963143553816,4.392730795961616,-8.968576258066548,50.10318617848072,-1.7458888719898829,8.80602262776273
20.55236433,-2.4119845910626383,4.271098210632109,-9.11291633955458,50.08567614547288,-1.7065589707982376,8.715840491165439
20.56241033,-2.3441564284665857,4.143433905054672,-9.262053932200386,50.06885831559494,-1.6684812878896187,8.624184216210974
20.57245633,-2.266847286885613,4.016732049812843,-9.405792693186541,50.052769510395855,-1.6316812862067813,8.531056823332182
20.58250233,-2.1923742084532134,3.8929450049933036,-9.554591557180274,50.03744310728792,-1.596139490268964,8.43646001396315
20.59254833,-2.1218701075425073,3.77168933637229,-9.705613431284004,50.02284492455182,-1.5618285438807593,8.340357205026653
20.60259433,-2.047730592444372,3.637658537330151,-9.85669772890412,50.00897328669893,-1.528799901419628,8.242736916789589
20.61264133,-1.9636350132891676,3.4906636520216225,-10.006781688001292,49.99589516202997,-1.4971797037431869,8.143593992485785
20.62268733,-1.8729496681664697,3.3319582125139986,-10.151926708808226,49.98369626363816,-1.4670981860260892,8.042978000929137
20.63273333,-1.798846685691982,3.142671709427771,-10.31385436764458,49.97232509701587,-1.43876463183665,7.940819583302675
20.64277933,-1.7363858242990453,2.9524861352766356,-10.487329328679216,49.96163989058133,-1.4123371658911728,7.836976438316602
20.65282533,-1.6811949960810513,2.7705237462068535,-10.656486430498756,49.9515456485837,-1.3877789991649552,7.731412252478812
20.66287133,-1.6299660478879705,2.553532532167782,-10.835906107030336,49.94198595312299,-1.3652247763871461,7.6240971654833265
20.67291733,-1.567457977304129,2.3242911053922573,-11.01550488220349,49.9329975587076,-1.3449119801641554,7.514978728804967
20.68296333,-1.4864926506715688,2.108791269611355,-11.169981325735593,49.92472983116642,-1.3268331193029854,7.404182232303051
20.69300933,-1.4029450300953448,1.884320324854222,-11.31819254536403,49.91728845215907,-1.310964231672458,7.291865335669079
20.70305533,-1.312425796945444,1.6767414527728732,-11.447538102409931,49.91072141095798,-1.2972655302719054,7.178154271345832
20.71310133,-1.2165695765245392,1.464873170497966,-11.550820697723697,49.90509053366019,-1.2856737119276884,7.063274715813323
20.72314733,-1.1284150571593208,1.240658121687019,-11.656590325610846,49.90038394230834,-1.2762723401555158,6.947345090963676
20.73319433,-1.042200323456862,1.0195663134760078,-11.748541425296237,49.89655282639526,-1.269107031547244,6.830410676160015
20.74324033,-0.9506297228068419,0.7822611822446986,-11.813917014996935,49.893615107536014,-1.2642449639447104,6.712697648134984
20.75328633,-0.8567903368339375,0.5583079845413061,-11.876258774403222,49.89160870303959,-1.2616997969284158,6.594343095865348
20.76333233,-0.7810184849151987,0.34864122341184334,-11.944575225112517,49.890454255791084,-1.2613327029653387,6.475332247406342
20.77337833,-0.7026518446409128,0.11801382138281913,-12.01280550477667,49.89007404618887,-1.2631772065838067,6.355635524720672
20.78342433,-0.6035707672286219,-0.11991848046051223,-12.075868262649879,49.89058515647259,-1.2673752855948255,6.235279317107451
20.79347033,-0.4902292603518624,-0.33525065458321546,-12.13387252782859,49.8921632653972,-1.273850112068624,6.114314989837397
20.80351633,-0.38322550128876015,-0.5598700611580838,-12.184728457751126,49.89484816859263,-1.282534815332263,5.992803857807393
20.81356233,-0.27314272773918613,-0.7979186516587833,-12.229639307158433,49.89862349744136,-1.293543499945213,5.870811689244816
20.82360833,-0.14092178932600763,-0.9979156221862924,-12.276388528495211,49.903615917835296,-1.3067524874112069,5.74835911214689
20.83365433,-0.0009602079102390415,-1.1904015480456098,-12.318339430989388,49.90997551102632,-1.3219329164657578,5.625460994326918
20.84370133,0.13669359208127235,-1.4193589794862889,-12.353930386938902,49.91773033813314,-1.3392319773175778,5.50216111144362
20.85374733,0.2849945561997161,-1.658448778256878,-12.38655781889723,49.9269207441651,-1.358880317593198,5.378530839906224
20.86379333,0.4548707356066396,-1.8653981254195007,-12.441069105658238,49.93770935398899,-1.380769112498835,5.254462870584745
20.87383933,0.6482666614446772,-2.0768641543885784,-12.496586725095577,49.95032267959752,-1.4047596078387805,5.129842226067431
20.88388533,0.849753504093208,-2.336355570889278,-12.507292027218046,49.964919501352156,-1.4311157224273203,5.004888943815122
20.89393133,1.0158664377207014,-2.5763164626890926,-12.508942298736564,49.98136277678304,-1.459980585960463,4.879873599516371
20.90397733,1.147135092376526,-2.802059038128224,-12.494469665971103,49.99929979993186,-1.4911846780095384,4.754922661938208
20.91402333,1.2612212037562183,-3.0833890347285164,-12.457957645743898,50.01846924007047,-1.5249357955879663,4.630227820272026
20.92406933,1.3863901583739702,-3.366454534050778,-12.439280117906016,50.0388404584056,-1.5615218717424133,4.5058101957057755
20.93411533,1.5356728720005346,-3.617384023180421,-12.429018462940737,50.060590247470316,-1.6007902047238671,4.381537932654701
20.94416133,1.704398936561519,-3.8658424463712455,-12.405055936958712,50.08393739462787,-1.6425669631888948,4.257437577664569
20.95420733,1.8749329460394177,-4.11848016839873,-12.362667297625428,50.10898864513731,-1.6868607275913514,4.1336705045778155
20.96425333,2.029589354461383,-4.355370572682635,-12.291863296433043,50.13567332711587,-1.7336133917722707,4.010471998124423
20.97430033,2.165537018173714,-4.581080388786953,-12.210540518252872,50.16382051490024,-1.7826945820189835,3.888025437108369
20.98434633,2.297723987347769,-4.821339613191124,-12.13301662021298,50.193311741394126,-1.8341114495974038,3.766388950322374
20.99439233,2.453093474987109,-5.071096171227543,-12.04823985907268,50.224247363970576,-1.8879896664510056,3.645567699747485
21.00443833,2.627198567645353,-5.325626471134051,-11.97422027172375,50.256837937363855,-1.9444009161920546,3.5255440832310567
21.01448433,2.823768368948508,-5.577172808324094,-11.889447245769762,50.29129041074951,-2.0033541888812403,3.4063180820112495
21.02453033,3.019102714085911,-5.822236143344008,-11.764826728271869,50.327711418662744,-2.0648019319539572,3.288143864560159
21.03457633,3.1917691567570348,-6.062892275422208,-11.631836601000334,50.36598089453312,-2.128689443909886,3.1712636253777866
21.04462233,3.3425015140134007,-6.305456582251376,-11.503270266155754,50.405874802575546,-2.195004172130446,3.055697184304624
21.05466833,3.4979945977459024,-6.549668323235719,-11.3799887781698,50.44730688100806,-2.263763976439174,2.941395774845539
21.06471433,3.6793808890777786,-6.793704698378618,-11.254185570777736,50.49043110454153,-2.3349762510352328,2.828345517811297
21.07476033,3.864148228673929,-7.049918021496086,-11.111233653868586,50.53539451776314,-2.4087012798656287,2.7166452177664606
21.08480633,4.042982823545341,-7.299700318138973,-10.957572209833062,50.58218430350157,-2.4849679246940806,2.606434806633649
21.09485233,4.207348486686943,-7.535768440864007,-10.787117045003011,50.63069798413601,-2.563674996179018,2.4978524332271688
21.10489933,4.35747624497192,-7.776723052125753,-10.60707741109697,50.68079635162694,-2.6447862260358224,2.391019961923971
21.11494533,4.4991497392091,-8.03285849812381,-10.425059803359423,50.73235545040864,-2.72838626607122,2.286016737416281
21.12499133,4.636288502028147,-8.292511262242009,-10.225462345042624,50.78531502315751,-2.8145771102860015,2.1829303653854186
21.13503733,4.769533964610573,-8.549709434621509,-9.999085751543054,50.83963273587058,-2.9033640967548107,2.0819836610168294
21.14508333,4.899168776090428,-8.792426879913677,-9.775305064723737,50.89527089620026,-2.9946621593711846,1.9832980966672822
21.15512933,5.023311198981408,-9.00674791527398,-9.575873191562934,50.952183779578206,-3.088255926275909,1.8867383290064805
21.16517533,5.150343355093572,-9.212686478366825,-9.36210579074887,51.01035831286646,-3.18396065714363,1.7922540612988886
21.17522133,5.282562385910707,-9.43834924730834,-9.136186121931056,51.069835064866666,-3.2818333215021593,1.6999783417420575
21.18526733,5.415239842142489,-9.677214253100907,-8.893622097234724,51.13064239192131,-3.382039308873178,1.6100558157777476
21.19531333,5.549295490483365,-9.897609979079526,-8.60624413822588,51.192789519360254,-3.484552162899919,1.522795188397558
21.20535933,5.659373267034313,-10.123504923365578,-8.307582219544928,51.25616292899241,-3.5893067349633636,1.4384782393230344
21.21540533,5.750616646833965,-10.359629729304507,-8.017100887465004,51.320547574792904,-3.6963820322321874,1.3571205567970825
21.22545133,5.8463248386828806,-10.562003328662986,-7.732194681223769,51.38587127833779,-3.80565990699082,1.2786530458761178
21.23549733,5.931123204831515,-10.752554709328646,-7.468992468604773,51.45210166632352,-3.9169114439241532,1.2029386835430609
21.24554433,5.996389949538759,-10.963368200440998,-7.198120993772152,51.519092499105945,-4.030190311503152,1.1298997036118317
21.25559033,6.065000083092356,-11.128241886007936,-6.901161392523191,51.58674912770299,-4.145344980875847,1.0597202089060282
21.26563633,6.134265363055088,-11.260277181072041,-6.621204307619916,51.655098304502125,-4.261991024058251,0.9924385667147673
21.27568233,6.193500228536505,-11.408315754827042,-6.348797221245259,51.72409293753182,-4.380043878283733,0.9279314497558352
21.28572833,6.27285963496821,-11.53686197222454,-6.078567831959518,51.79378372958937,-4.499486017915218,0.8661499958141232
21.29577433,6.375379548688768,-11.652086352827821,-5.78742513873663,51.86438810147202,-4.620152617260416,0.8071883138428736
21.30582033,6.481202464338286,-11.741232644618812,-5.471659969668962,51.936038979386595,-4.741845770493051,0.7512751300639091
21.31586633,6.596922256791936,-11.793671408174768,-5.178159992577828,52.008802666323966,-4.864250105458694,0.6984222851141001
21.32591233,6.700513411837715,-11.838465458533616,-4.887307756489343,52.08266795215066,-4.9871428408486755,0.6485046413310744
21.33595833,6.7765224357391,-11.919319065869365,-4.600516064761666,52.15743536967618,-5.110666704423212,0.6014885029974867
21.34600433,6.839083148827317,-12.04337138420014,-4.321841403221008,52.23289882299059,-5.235219810462373,0.5573127021563655
21.35605033,6.895765480104447,-12.145051556073632,-4.002708801656798,52.30896123411685,-5.360906770799828,0.5161396871978199
21.36609733,6.939697314654139,-12.23054115342488,-3.663194391255379,52.38553665191777,-5.487546489617764,0.47827128705524735
21.37614333,6.965101118247584,-12.337780087938295,-3.345176329344337,52.4624527209094,-5.6151416791216375,0.4437094416462176
21.38618933,6.99568505312827,-12.44856360799709,-3.0439636591894543,52.53965001631135,-5.743831995414781,0.4122579922043671
21.39623533,7.0312953141979815,-12.577134838947531,-2.741436058846271,52.61717980515957,-5.873724590622245,0.38383913014122817
21.40628133,7.0498380219097205,-12.714752187729404,-2.423733345239638,52.69498160436998,-6.004954251065703,0.3585356849450588
21.41632733,7.036665851248548,-12.817615710440075,-2.0998229786954203,52.77281037978802,-6.137391846926715,0.33645506225047905
21.42637333,6.996923155459522,-12.911449806953243,-1.7827179952316075,52.85037336383185,-6.270817454929041,0.3175942596589971
21.43641933,6.950662555707913,-13.010487861932319,-1.4702316673038958,52.927504353322185,-6.405211859748314,0.3018958942246347
21.44646533,6.914903193986608,-13.098006929212941,-1.1621701592679048,53.004223356546035,-6.540543340992696,0.2893145405703176
21.45651133,6.877262208985933,-13.15722867032905,-0.846056904960523,53.08057366982833,-6.6766119013177025,0.2798684167472476
21.46655733,6.815334291115214,-13.189224469646014,-0.52458103440026,53.15642384851147,-6.813138647348257,0.2736249030983908
21.47660333,6.7478429193130545,-13.207715541681583,-0.21682521653413506,53.231623954102595,-6.949918988933616,0.27054202022049967
21.48664946,6.67516735275329,-13.202374139914129,0.0911014367750437,53.30612096517647,-7.08676715216989,0.27055171052071714
21.49669646,6.605557200908412,-13.199851618413458,0.3950412228561492,53.37990965542323,-7.22358766210862,0.2736351127183966
21.50674246,6.546167431916864,-13.2242301553043,0.6937708488830965,53.453043034717076,-7.360504336766512,0.2797454164752965
21.51678846,6.479855280860517,-13.235895984401855,0.995216309849697,53.525545013266495,-7.497602062274716,0.2888703996941624
21.52683446,6.387109952734461,-13.236218789134698,1.3027589464786664,53.597248046097974,-7.634760006690649,0.3010543301272506
21.53688046,6.259779170432396,-13.240259732674833,1.6239598858115591,53.66784563662678,-7.771939870214158,0.31639643954239494
21.54692646,6.145945996061121,-13.247054275728997,1.9251700147699125,53.73723186060124,-7.909174160386879,0.3348649197535726
21.55697246,6.043103968928012,-13.265192224448779,2.2107603344952866,53.80552972503852,-8.04653368646573,0.35628089861848167
21.56701846,5.922134269735668,-13.275383298941138,2.51293171553002,53.87270338317447,-8.184035509228178,0.3806492045063085
21.57706446,5.792214448100092,-13.269452990311121,2.8219076020334715,53.938616823247294,-8.321558733817552,0.4080873031189794
21.58711046,5.661983021786049,-13.228287732665315,3.1126630821836376,54.0032235236017,-8.458845397377571,0.438537852386362
21.59715646,5.534806291729681,-13.179484889459768,3.3738478829011505,54.066537262786625,-8.595680151166965,0.47176079768453183
21.60720246,5.392615941030261,-13.150212716028824,3.6375662041393113,54.128497971124915,-8.732122734147794,0.5076203313642849
21.61724846,5.232464493330165,-13.129029821575829,3.912986639413291,54.18894001660985,-8.86831188132264,0.546187959017998
21.62729546,5.080674786184049,-13.11827035049921,4.178126269626848,54.247821042231934,-9.004354122578832,0.5874749292635839
21.63734146,4.907174118586916,-13.102970271526877,4.444638704632737,54.30506227374374,-9.140251926131729,0.6314282784498378
21.64738746,4.697307970278944,-13.076367091583197,4.725431175734154,54.36037785373927,-9.275939249615138,0.6781307401794852
21.65743346,4.50943605094157,-13.075656551402062,4.991197665551279,54.413695595421,-9.411489376282313,0.7275785675698094
21.66747946,4.340629763474778,-13.089053970744223,5.232054360001641,54.46522174246995,-9.547103229143513,0.7795711632147091
21.67752546,4.123443712482171,-13.067671746326859,5.48885840675337,54.51480905000282,-9.682676974328821,0.8340635087626666
21.68757146,3.8578651439368126,-13.01064279438094,5.7645446734072605,54.56197143085177,-9.817856860175304,0.8912305531548805
21.69761746,3.6364893283728925,-12.933043249959104,5.998681194422087,54.60668783982932,-9.952360507084485,0.950958437409534
21.70766346,3.448499495219737,-12.83736944363011,6.186318956876757,54.64934800515337,-10.085993801952842,1.0128048938900545
21.71770946,3.235875884032886,-12.737646341625798,6.3693150802830845,54.689995889146495,-10.218645618150642,1.0765130443792545
21.72775546,3.0508151848005687,-12.665231781263085,6.534220891511551,54.7286462048484,-10.350432786870421,1.1419687062861483
21.73780146,2.916893576838437,-12.580525669336893,6.675718563696726,54.76569427242126,-10.481430738453245,1.2089634328902055
21.74784746,2.751344221079466,-12.463653364124228,6.839176674252278,54.80123809734334,-10.61141616164678,1.2774899523909693
21.75789446,2.5526347951988946,-12.347100956930888,7.025721787143822,54.834955606383055,-10.740241914820372,1.3477815343588158
21.76794046,2.391061095374365,-12.240296918360935,7.190268598685975,54.86686005730454,-10.867932926256422,1.4198296547873843
21.77798646,2.2472079676761396,-12.16824854507843,7.340020877319086,54.897230349271396,-10.994725562027783,1.4934564995459292
21.78803246,2.10726944670869,-12.102897507799858,7.505305255040117,54.92617515578699,-11.120828040559852,1.5686657734293148
21.79807846,1.9862820609312903,-12.011497498063003,7.670091265740686,54.95380933147302,-11.246143158582761,1.645532990873742
21.80812446,1.8551235442396443,-11.918062096938396,7.8147921836148955,54.98017697829093,-11.370529848336915,1.7239547611604
21.81817046,1.6895419540479448,-11.815998104057922,7.950073071006954,55.00505409955198,-11.493934544635021,1.8037828800549383
21.82821646,1.518341450840421,-11.710304821752393,8.072971184191209,55.028239564357875,-11.616295676139828,1.8849078320693438
21.83826246,1.341727403596161,-11.6453048805261,8.197617064682069,55.04967795667685,-11.737799415582835,1.9672761975639785
21.84830846,1.1525124359128744,-11.584412950318008,8.338173742953494,55.06927878985385,-11.858670800155625,2.0509766755112766
21.85835446,0.9322425041385088,-11.494240477772811,8.477024155175103,55.08682278038088,-11.978783388233428,2.1360806152741505
21.86840046,0.6687250888778897,-11.408892187331455,8.600756784407933,55.10193670706374,-12.098014335518709,2.2225035096542207
21.87844646,0.401862419095414,-11.313479707844822,8.691936584111076,55.11438653457943,-12.21633732145664,2.310005909164836
21.88849346,0.14961425311384657,-11.20689244303314,8.750803603692239,55.12422984809371,-12.333657339798346,2.3982707790452893
21.89853946,-0.101411249545519,-11.113795652505711,8.811561076132675,55.131544238243784,-12.4499626680107,2.487127737552594
21.90858546,-0.34374434993420333,-11.030538752835922,8.891583197363072,55.13638048813075,-12.565382171637232,2.5766918319589385
21.91863146,-0.5598682889311154,-10.92785674916711,8.964029168771226,55.138913908308865,-12.679867704152255,2.667021773594575
21.92867746,-0.7432746807881423,-10.798142079644705,9.013435651451555,55.13944048763511,-12.79318590817784,2.757963780107098
21.93872346,-0.8863631480784213,-10.677672210801846,9.032609603036509,55.138327083283855,-12.905247435267214,2.8492502661409356
21.94876946,-1.0070300861004517,-10.601365419615806,9.03646980597403,55.135888835531716,-13.016320553193303,2.9406524527329716
21.95881546,-1.14205270747065,-10.533537601078313,9.06465121704204,55.13216625912275,-13.126669682974711,3.0322155843521252
21.96886146,-1.2851167513433923,-10.444376954638997,9.1179162513888,55.127046853394276,-13.23623025969654,3.124187821466597
21.97890746,-1.4248624307682691,-10.362842430091133,9.17992855405787,55.120506894425674,-13.344933434574504,3.2167390966448997
21.98895346,-1.6050542758037238,-10.277501909386078,9.243726076838389,55.11235988927171,-13.4527983961002,3.3099223145764682
21.99899946,-1.8131702903547307,-10.181040340518761,9.29355226518863,55.102262413739034,-13.559750165729932,3.4036762644090137
22.00904546,-1.9928178598588178,-10.095717050562804,9.325973927299685,55.09021720172366,-13.665788830013797,3.497843345194426
22.01909246,-2.1485492377739868,-10.012597897743515,9.358094702111735,55.07648601456014,-13.770991878998384,3.592344028501298
22.02913846,-2.296464108131156,-9.918567377512293,9.391141353202194,55.061230978986806,-13.875294634084456,3.6871626419276833
22.03918446,-2.425766166797635,-9.821677385561786,9.403623791088974,55.044583482778975,-13.978638395437878,3.782209947968035
22.04923046,-2.5484936751231495,-9.71961793221991,9.38499447942271,55.02667004205615,-14.080982833727557,3.877226378261359
22.05927646,-2.6993385607056513,-9.612875912055319,9.351842058567215,55.00738244719873,-14.182278462215814,3.9719827089122255
22.06932246,-2.874781994959624,-9.520646934021068,9.32721600424254,54.98645590611077,-14.282574659380117,4.066448818282263
22.07936846,-3.0374803544891367,-9.427885578905691,9.309420363025003,54.96383087879263,-14.381941650101048,4.160701843475625
22.08941446,-3.189358580702722,-9.342943892987996,9.283594575963077,54.9396257332843,-14.480416038446833,4.254735758234705
22.09946046,-3.3503588595096385,-9.27321525218599,9.24524504406795,54.91384899904526,-14.578113517741505,4.348447320366665
22.10950646,-3.517987777125075,-9.204223405258073,9.20416102669355,54.886421560352595,-14.675114204026311,4.441759887780643
22.11955246,-3.6694685730893783,-9.127405587440121,9.15034860797483,54.857391233568606,-14.77138248836513,4.534595790396159
22.12959846,-3.811089239244854,-9.044343238403863,9.088820115057045,54.8268886581404,-14.866847694625807,4.626852335612492
22.13964446,-3.9658976779224657,-8.977305804218533,9.046772326691997,54.79489711931862,-14.961558949675364,4.718588617167941
22.14969146,-4.132625706410112,-8.90400925914271,9.011093442778206,54.761287157548864,-15.055574664737932,4.809943570407898
22.15973746,-4.279171954046273,-8.831811859488125,8.969891162019678,54.726106964363545,-15.148850206125278,4.900903256798342
22.16978346,-4.406134408706268,-8.769348072134132,8.921090251648986,54.68955293696658,-15.241449344370313,4.991410857159776
22.17982946,-4.560115510389848,-8.689166797480652,8.868576992859099,54.6515877300861,-15.333331976468852,5.081409556449484
22.18987546,-4.721274477555228,-8.586971252956241,8.823323653348803,54.612039574639795,-15.424298529804659,5.17091717411593
22.19992146,-4.85766502990844,-8.48471149527591,8.778577386024743,54.570996827956954,-15.514238104157494,5.259972723757247
22.20996746,-4.982725495763621,-8.405740934400452,8.736051580743732,54.52864081280963,-15.603267358620254,5.348589905777901
22.22001346,-5.109081418116298,-8.324207402772155,8.696385767092531,54.48502193314436,-15.691490401026336,5.436794239296627
22.23005946,-5.2232373570724935,-8.233917967373396,8.646396844235447,54.44019496239973,-15.778850376669041,5.524548237073871
22.24010546,-5.329331362274257,-8.151404634112486,8.583795464483234,54.3942616761856,-15.865342364004768,5.6117366937611095
22.25015146,-5.446520224795376,-8.080754470392389,8.51288965529359,54.34720684012688,-15.95106501109519,5.698254543838323
22.26019746,-5.572181126257208,-8.007741732508924,8.441194358030792,54.29893216970369,-16.03606603943083,5.784056108557796
22.27024346,-5.680974642708969,-7.931734906913379,8.370479319682387,54.24947983473932,-16.12031854249911,5.869142346161494
22.28028946,-5.772924823558765,-7.868149915321036,8.298225127114312,54.19901916418341,-16.203869875869657,5.953510449318298
22.29033546,-5.857477906440745,-7.819416574328564,8.22407406018376,54.147671917733746,-16.28685703425566,6.03714315885667
22.30038246,-5.933568180242307,-7.786807949600075,8.148481735264197,54.095512568168736,-16.369443831993387,6.1200319574421265
22.31042846,-6.018274917787259,-7.750204669970483,8.072591691286958,54.042550726750484,-16.451674758289954,6.202151609984238
22.32047446,-6.103970427004677,-7.701966981781303,7.9990113775294125,53.98873295484674,-16.533479528405167,6.283520472919448
22.33052046,-6.189222970427554,-7.6349050355072485,7.921890910580743,53.93405651087459,-16.614705148456473,6.3641323658331705
22.34056646,-6.292605557165985,-7.5511456034280116,7.842189598146734,53.87843255264361,-16.695173192724337,6.443956542949082
22.35061246,-6.387818112874817,-7.475182474314029,7.767798778329269,53.82181105101215,-16.7748389505673,6.523006715284666
22.36065846,-6.452534603308086,-7.419493929428678,7.698379679634076,53.764386225781905,-16.853843422051764,6.601334530399561
22.37070446,-6.51205233403701,-7.3734763644657875,7.6281330329592265,53.706337372058776,-16.932337023746463,6.678960804475462
22.38075046,-6.575544414858889,-7.313009535695311,7.549668700288306,53.6476706400522,-17.010295754331462,6.755840103302137
22.39079646,-6.637738093399924,-7.257413086312557,7.469390276730037,53.58837258847637,-17.08767149907027,6.8319220372642455
22.40084246,-6.706960774136588,-7.225773618519753,7.380755711315358,53.52841443252788,-17.16460905779711,6.907155521282743
22.41088846,-6.800929964907839,-7.183914187559736,7.274479491907971,53.46763656380882,-17.241177431555514,6.9814099684290785
22.42093446,-6.899636559356629,-7.12414676887217,7.160241468141932,53.40589088462056,-17.317235333648163,7.05455677253198
22.43098046,-6.975034807835833,-7.075781358232318,7.046601021498228,53.343270676806306,-17.392750084539074,7.126558943077988
22.44102746,-7.068658944798933,-7.033149907026203,6.940539879001128,53.27979515169139,-17.46781522959187,7.19746460993867
22.45107346,-7.194320548685082,-6.98364323980692,6.8532912880672585,53.215224472158766,-17.542410093476878,7.267392224611401
22.46111946,-7.300955814357993,-6.935192023826801,6.777604621780391,53.14948696545035,-17.616512914914576,7.3365014154871115
22.47116546,-7.386687906788793,-6.872240309593467,6.697237214653986,53.08278319750216,-17.690056159433837,7.404826746752091
22.48121146,-7.484047067012886,-6.809126265448139,6.605436350395722,53.01515976219191,-17.762966175648735,7.472287276789881
22.49125737,-7.564198170042367,-6.769007657636855,6.50333675247373,52.946645306641415,-17.83535700571283,7.538773249166967
22.50130338,-7.606916581053386,-6.729343847494236,6.388135843281658,52.87751299489411,-17.907347808892666,7.6041683818316255
22.51134938,-7.6544495228388945,-6.700174681673657,6.270179027159528,52.80792741941741,-17.978992792373145,7.668392298146397
22.52139538,-7.698325408330281,-6.671498821209619,6.167263740154765,52.737882697401275,-18.050347220286618,7.731506773887186
22.53144138,-7.7236109051127055,-6.626243194839589,6.0722664994903734,52.667490577761995,-18.121330290341696,7.79362713500147
22.54148738,-7.772453925915881,-6.592673374743668,5.980571227062761,52.59672611057889,-18.19191742017918,7.854809739622493
22.55153338,-7.839082926178889,-6.550654909342081,5.893487835083696,52.52538162743397,-18.26212487005861,7.915094339012202
22.56157938,-7.884400699513213,-6.4997308092682164,5.807130053243447,52.45347483564524,-18.33186546943168,7.974507743385837
22.57162538,-7.9168940941479224,-6.482464103766937,5.7175716175747855,52.381177198359836,-18.40126354638832,8.033037520598905
22.58167138,-7.955308133464058,-6.466102631762675,5.622590586248264,52.30852339303369,-18.47049270900935,8.090640356069255
22.59171837,-8.007193443887349,-6.423258739522741,5.519952898375577,52.23540880958394,-18.539431276083626,8.147256131460297
22.60176437,-8.061404133156733,-6.379085273714658,5.4163249680087535,52.16176851041757,-18.607925961970608,8.202830255903713
22.61181038,-8.11101493446323,-6.329489164074816,5.313235599475267,52.08760664208185,-18.675949710992302,8.257366093640805
22.62185638,-8.166358723413488,-6.2710419602422665,5.211046375756191,52.012917660661486,-18.743430690738215,8.310870762722939
22.63190238,-8.22038906963758,-6.221843490595305,5.113127024890953,51.93767929296015,-18.810370966266238,8.363370286434938
22.64194838,-8.264121685963506,-6.171944500298558,5.013718064816231,51.86194986189791,-18.876813475252963,8.414878630041084
22.65199438,-8.312392147776874,-6.117798036813918,4.907830722830316,51.78575829937416,-18.942733363925367,8.465355770321999
22.66204038,-8.364648700966097,-6.071820748551805,4.8024562250047875,51.70906178965407,-19.008150330992727,8.514771742381521
22.67208638,-8.421063601209013,-6.019595595065128,4.699476671601876,51.631819423223405,-19.07307402719518,8.563141152041723
22.68213238,-8.482374367172946,-5.958339085248551,4.601787758533982,51.55398572077137,-19.13742770500286,8.610502603994844
22.69217838,-8.536415331861779,-5.913036009687992,4.507291077860866,51.47557260657624,-19.201246134013214,8.656898707710619
22.70222437,-8.588138531534812,-5.8833669604476135,4.4029278083723415,51.396628317566446,-19.26468791488932,8.702295892707355
22.71227037,-8.634664636384873,-5.841634013602859,4.293759992057987,51.31719044371713,-19.32777110669044,8.746620556249463
22.72231638,-8.67678065832338,-5.790781155181229,4.183367242959669,51.237307240947615,-19.390389302323122,8.789842410095408
22.73236238,-8.721954082879295,-5.747011872581119,4.074081946550212,51.15698566280568,-19.45253214861006,8.831960778094881
22.74240938,-8.764293676608274,-5.704961098680468,3.969871311024574,51.07621646763734,-19.514250063672964,8.87301084183133
22.75245538,-8.805142145340142,-5.661646583252663,3.8707659845737723,50.995037457966845,-19.57553304596778,8.91303556368767
22.76250138,-8.841688355369907,-5.622923651214581,3.7762129965012874,50.913469694824926,-19.636403954163974,8.952087539830158
22.77254738,-8.875575781915781,-5.579801878336155,3.6856843701328446,50.83154814352649,-19.696863756407375,8.990209851023309
22.78259338,-8.911696728548218,-5.531658189205871,3.5990323064213268,50.749274940169556,-19.756865132235127,9.027442183610203
22.79263938,-8.939716617524226,-5.487416178539736,3.509155617258236,50.66667955739538,-19.81640245469278,9.063787812271393
22.80268538,-8.964778851688417,-5.442513066693024,3.414119900433326,50.58381754311668,-19.87549200120005,9.099204625917306
22.81273137,-8.99971888286298,-5.397088421637203,3.3166785797907194,50.50065422024176,-19.934127773017075,9.133654593111773
22.82277737,-9.036031807219574,-5.355040046735937,3.223757374846992,50.41713291098863,-19.99232422622218,9.167148403632467
22.83282338,-9.05939693243107,-5.317210542828204,3.1341249931942325,50.333311755455256,-20.050119510372618,9.199725279915368
22.84286938,-9.083368256569878,-5.2823916817457715,3.0393011711298987,50.249252912374054,-20.10754982425512,9.231375600259316
22.85291538,-9.118302385115314,-5.245069113351313,2.944373359847668,50.16489818720402,-20.16461777173736,9.262072798148965
22.86296138,-9.151590766402093,-5.1976588144947735,2.8540880332219096,50.080200780367065,-20.221260106027415,9.291839670446915
22.87300738,-9.192538079318284,-5.14696993047747,2.761359454311075,49.995130487638164,-20.277409688121878,9.320687263897343
22.88305338,-9.237322625087456,-5.102022258618677,2.6691996587012863,49.909629563783085,-20.333078887796177,9.348606163042554
22.89309938,-9.270985912138972,-5.0483977171211585,2.579923868826982,49.823734596463744,-20.388252959242784,9.375613711241877
22.90314638,-9.310301357951698,-4.990102601381656,2.485923414632936,49.73746447031389,-20.442870294434556,9.401703259617362
22.91319237,-9.351745597023395,-4.940151247583424,2.3913480203473187,49.650797361192524,-20.496938417605783,9.4268429697312
22.92323837,-9.386385734615493,-4.880721178703684,2.301283968940904,49.563747993976854,-20.550457171711493,9.451055260933947
22.93328438,-9.425010287176697,-4.828506333382569,2.209467333354565,49.47633053120544,-20.603415186128643,9.474353988637949
22.94333038,-9.464305923722721,-4.787868166925223,2.1138078898364454,49.38852176234124,-20.65590674715216,9.496711000804588
22.95337638,-9.495512075832153,-4.734392246311864,2.0213250991463205,49.3003588629926,-20.70792557311633,9.518122974528804
22.96342238,-9.529016861185584,-4.6747582304729605,1.9260255156778006,49.211870920605115,-20.75937624786969,9.538591717387616
22.97346838,-9.566316995890267,-4.6160340769199335,1.8296136131572864,49.12302732510418,-20.81023240953819,9.558097493452305
22.98351438,-9.591968976240038,-4.558664056015848,1.7380626294717711,49.033867521129324,-20.860505430168395,9.57665913193958
22.99356038,-9.615385543014778,-4.498757881726422,1.6415173000745789,48.94446124584223,-20.910189372470157,9.594275962646249
23.00360638,-9.650054131295978,-4.4372158912171304,1.5404918634748146,48.85476320882131,-20.959263280640123,9.610900395395307
23.01365238,-9.68412875876888,-4.382041796167032,1.443745190958593,48.76471987462767,-21.00775092391232,9.626531418840278
23.02369838,-9.707285076255685,-4.344035346828963,1.3482256815688825,48.67438906939749,-21.055770521310055,9.641196689253533
23.03374437,-9.731413642353646,-4.306836533144768,1.2497527515229645,48.583820842350654,-21.10341231524795,9.65488752201535
23.04379037,-9.769345032468943,-4.248824611500664,1.1527294908743355,48.49294079799018,-21.150575913085973,9.667596391039464
23.05383638,-9.806643843752994,-4.194637617885381,1.0594843405492331,48.401682781488,-21.197175982159294,9.679349553534589
23.06388338,-9.83427063173103,-4.1462408492799145,0.97060613359592,48.31008961807184,-21.24326531398087,9.69018897757848
23.07392938,-9.869449338776583,-4.090293340174703,0.8780182907528962,48.21819009912314,-21.28882593712297,9.700115818782535
23.08397538,-9.913915550713277,-4.030454967187744,0.7854414677157497,48.12589052374639,-21.33380496777932,9.709112577869874
23.09402138,-9.938938505556884,-3.9712752721303635,0.7004125585365051,48.033241904284864,-21.378186170679896,9.717217223364294
23.10406738,-9.956340103625779,-3.90619786488323,0.6167783656190176,47.94038018629409,-21.421943230155584,9.724474674096879
23.11411338,-9.987507105274318,-3.8354399969065947,0.5303881533121562,47.847274508226945,-21.465017989043822,9.73087809224202
23.12415938,-10.015661515380012,-3.770501176859609,0.4448780343414071,47.75387085870855,-21.50741114346812,9.736418055023158
23.13420537,-10.030170626747559,-3.7189870028695418,0.3595761081871833,47.66025300351105,-21.549219312886603,9.741100024241096
23.14425137,-10.048451287917526,-3.676434383610253,0.26665223000943955,47.566470352096836,-21.59055502641936,9.744886769904408
23.15429738,-10.078511094536236,-3.624123014168419,0.1839780422674731,47.47244479291799,-21.63141427880899,9.747791489374023
23.16434338,-10.085839264239668,-3.5801138103656953,0.11146268547895052,47.37823152752901,-21.671789672287094,9.749916688870044
23.17438938,-10.081393039077398,-3.544407455654034,0.02972092535524086,47.28400378613257,-21.711764654514795,9.751267054867817
23.18443538,-10.090371583996665,-3.4846128999269492,-0.05603723815613212,47.18975327889403,-21.751259935669346,9.75177606874917
23.19448138,-10.116046726498299,-3.421350536605724,-0.14400770634283583,47.095328706183565,-21.790137101919516,9.751412443713503
23.20452738,-10.140532275694973,-3.395886728010762,-0.23283084735373913,47.000652176318695,-21.828568596608154,9.750160784378837
23.21457338,-10.155103920448106,-3.351205763458766,-0.3109617563986111,46.90577946216859,-21.866647754101287,9.748070514850738
23.22461938,-10.191549414309529,-3.2759683340001473,-0.39633404222948626,46.81065048893126,-21.90412456150129,9.745158968774783
23.23466638,-10.229353332987422,-3.2341305327819474,-0.4917807985678034,46.71513905443166,-21.94101697200034,9.74133878841906
23.24471237,-10.245176350799605,-3.1810618913064648,-0.5821523203645448,46.61936785362592,-21.97742895920971,9.736585627814616
23.25475837,-10.276603749017672,-3.1093988965176442,-0.6755683623516419,46.523359218647656,-22.01321445565543,9.730909297545884
23.26480438,-10.325021200575334,-3.066195507549444,-0.7664341914857369,46.42694942702075,-22.048423013302838,9.724307312866761
23.27485038,-10.348586031625771,-3.0338996665880607,-0.8461669941105414,46.33017816435655,-22.083252303270996,9.716848417832065
23.28489638,-10.362832532827417,-2.9913347791986946,-0.9231717249680736,46.23321697537046,-22.117705567800652,9.708602230166685
23.29494238,-10.397941699479166,-2.9305931785026553,-1.0123106247869245,46.13600787286473,-22.151639923840655,9.699521503044418
23.30498838,-10.438042819610072,-2.8694134115759438,-1.1047918285551235,46.038420989088465,-22.1849618688511,9.689528498141831
23.31503438,-10.46132497548362,-2.82679951522428,-1.1916739692207103,45.94051573111687,-22.217762458290885,9.678634551160155
23.32508038,-10.477987600759283,-2.7714535358832952,-1.2800099257314788,45.84240983050955,-22.25007099527507,9.666860483676365
23.33512638,-10.498155833806537,-2.705250064964358,-1.3716591826645306,45.74411892850088,-22.281768989370597,9.654182350465444
23.34517238,-10.511981273570058,-2.6618537553391897,-1.4720494854630783,45.645657276273646,-22.31291646376846,9.640539602545989
23.35521837,-10.519454564596353,-2.609480328002288,-1.5793590639541142,45.54708873863899,-22.343582856251547,9.625853592741597
23.36526437,-10.535998975601558,-2.535214338812466,-1.682806656221627,45.44839946196973,-22.373613169471426,9.610108935049707
23.37531038,-10.561506384404149,-2.4702631821074927,-1.7781716345929248,45.34949886056192,-22.4029442241642,9.593365625148872
23.38535638,-10.58200338274406,-2.4089157677116004,-1.8653682018287034,45.250367277464655,-22.43164085193762,9.575705325271072
23.39540238,-10.607121162857002,-2.3483477075685824,-1.9533392711229889,45.15100657133526,-22.45972509828242,9.557165158354989
23.40544938,-10.638001603387618,-2.2983482078214585,-2.045410687672376,45.051354667570465,-22.487256704055152,9.537718702484002
23.41549538,-10.657940550976779,-2.243835313687264,-2.131600265931301,44.95145741659225,-22.51426060379216,9.517378777184605
23.42554138,-10.671705522311571,-2.1940302135001755,-2.219828783450828,44.85139087082927,-22.540740514243694,9.496162749790113
23.43558738,-10.689270516756936,-2.152952539300408,-2.319934270533256,44.75116695464815,-22.566763920519488,9.474000720690498
23.44563338,-10.703455732796362,-2.103560728886147,-2.4218381712229653,44.6507835571598,-22.59233289857406,9.450823998436109
23.45567937,-10.713567085665776,-2.0522543694925375,-2.523857344379566,44.55027821805105,-22.617396044773276,9.426622994672005
23.46572537,-10.722649754061983,-1.9966450552123858,-2.625337405814352,44.449676367328216,-22.641922178492045,9.401399790162328
23.47577138,-10.729732967743821,-1.9294282193319265,-2.7195313972443436,44.3489932151577,-22.665831380258254,9.375193688799037
23.48581713,-10.73890866606728,-1.8612054214711011,-2.811247467692218,44.248231002277336,-22.68905966688195,9.348054462671755
23.49586313,-10.748279341336715,-1.8037810920042676,-2.9045742203315505,44.1473731233793,-22.711657406047603,9.319985091053365
23.50590913,-10.757185209593027,-1.7480588574951972,-2.999390880031318,44.046423441403135,-22.73368681002241,9.290970675074796
23.51595512,-10.770126975343082,-1.6834754373050047,-3.0943559359610644,43.945364119358004,-22.755111897366664,9.261003015369083
23.52600112,-10.785610470408066,-1.6239128112686825,-3.1891288376266407,43.84416191663115,-22.77591342044772,9.230082272071906
23.53604713,-10.802652459797223,-1.5695511761222476,-3.2864812137207235,43.742796237494446,-22.79614272210151,9.198196451764755
23.54609313,-10.818646006074145,-1.509283713553282,-3.3840948452111683,43.64126472176353,-22.81579622166082,9.165331348941294
23.55613913,-10.829841602195529,-1.4492530491795126,-3.482502049934704,43.53959663497034,-22.834845463728495,9.131481633457533
23.56618613,-10.838099378937626,-1.393489927028662,-3.5854290671415154,43.43782070390306,-22.853314911911248,9.09661714603792
23.57623213,-10.847166452783549,-1.3312019317151798,-3.6896348527904985,43.33596788009344,-22.87118955102619,9.060715700688645
23.58627813,-10.856032744191745,-1.265467753955817,-3.7909088899941974,43.23402497699019,-22.88842113476579,9.023782130189192
23.59632413,-10.863512539896314,-1.207823896494837,-3.893702327391668,43.13199996749137,-22.90503299063447,8.985823528764818
23.60637013,-10.872918158078432,-1.1494285932473325,-4.000697527725719,43.0298901425586,-22.921061981798914,8.94681115901312
23.61641613,-10.883256561467423,-1.0905975820280103,-4.106226230331139,42.92768114340544,-22.9365021451858,8.90673128169694
23.62646212,-10.889401985169254,-1.0332431014053451,-4.2065906598436715,42.82538944781225,-22.95135869405862,8.865617244103971
23.63650812,-10.895572391472156,-0.9701270523992411,-4.3080939000304275,42.72303578798153,-22.965610134249648,8.823489184280279
23.64655413,-10.904323644400886,-0.9098215527008033,-4.411950273138847,42.62060707469689,-22.979241641570614,8.780329560157046
23.65660013,-10.909435465993969,-0.8558184351064773,-4.517430178622283,42.518108829148495,-22.99229896313784,8.73611848286839
23.66664613,-10.913732448002214,-0.788195529209635,-4.623652060320636,42.41556332317965,-23.004745357189073,8.690844027502735
23.67669213,-10.919517658198217,-0.7112783471421076,-4.729202739176334,42.31296717435936,-23.016465726378456,8.644505838565419
23.68673813,-10.92288002849847,-0.6467220644932327,-4.838595469163695,42.21032507724223,-23.027475474354574,8.597087988885482
23.69678413,-10.918260747463275,-0.5915784032374933,-4.94698964787319,42.10768929358769,-23.037883969512457,8.548576195563145
23.70683013,-10.914675395571594,-0.5238698358963622,-5.0579634596415435,42.00509472180438,-23.047675377926097,8.498962516824655
23.71687713,-10.917333405986719,-0.44598350148244953,-5.17240858726665,41.902494596041194,-23.05673636500819,8.448211507394033
23.72692312,-10.916637727898483,-0.373220861294925,-5.283012045967061,41.79989492762883,-23.065039732165538,8.396335181912699
23.73696912,-10.91322493819384,-0.2998208928065211,-5.390094342047088,41.69731579392016,-23.072608932804865,8.343365369246243
23.74701513,-10.909807690139406,-0.23228688110344675,-5.496976300492195,41.59477086541591,-23.07947022889156,8.289320760332231
23.75706113,-10.907252780016083,-0.1726596536845869,-5.607640188904703,41.492256037137466,-23.08569278724427,8.234183472426547
23.76710713,-10.903944014511216,-0.10332616265066152,-5.716548401416419,41.38977066210171,-23.091267575908194,8.17794327385792
23.77715313,-10.898155172324694,-0.02894301861095694,-5.82074476832604,41.28733098434939,-23.09612047591414,8.120632650986861
23.78719913,-10.890640298738903,0.026686419953406815,-5.928324600632861,41.18495813116135,-23.10032032271767,8.062258276267118
23.79724513,-10.878474977253381,0.079107409629807,-6.039665721171452,41.0826841315932,-23.103977432220145,8.002784261601253
23.80729113,-10.87048986172462,0.1465364228802486,-6.153529974969496,40.98051134767016,-23.107032535157916,7.942179040340093
23.81733713,-10.86566650309239,0.21180843676410577,-6.265232507834051,40.87840290071284,-23.1094210808364,7.880440797109529
23.82738313,-10.85410940222462,0.2687794756580997,-6.373326426018464,40.77637673280355,-23.11119559966077,7.817598516305322
23.83742912,-10.847174096657685,0.3248201820372524,-6.489146356232633,40.674443553718355,-23.112402459287303,7.753631579914737
23.84747512,-10.842338723287341,0.3918547913200997,-6.60097157371645,40.57256939728693,-23.112991112804604,7.688521118273161
23.85752112,-10.828713553912294,0.461928226654182,-6.699632905204174,40.470787968161666,-23.11289107261379,7.622353382696077
23.86756713,-10.816650511649978,0.5220278860948092,-6.805908769030456,40.369135469736555,-23.112137172217476,7.555156180697505
23.87761413,-10.803615533716847,0.5771370920332031,-6.912812467147463,40.267599033709104,-23.110804445791622,7.486881449114587
23.88766013,-10.784973512138507,0.6321276051864447,-7.013256286692981,40.16623181739492,-23.108918821125958,7.417572006484605
23.89770613,-10.773410794809601,0.6843251037724167,-7.122637679234181,40.06501631948427,-23.106494791077328,7.34720861181431
23.90775213,-10.758589325868433,0.7320278525892541,-7.220771659729466,39.96393334934126,-23.103568962085994,7.275802867425254
23.91779813,-10.737963210070996,0.7713249895392958,-7.314261143004941,39.86302843241636,-23.100206132668454,7.203434598377652
23.92784413,-10.724499821563885,0.7996580934591384,-7.429310249041166,39.76229474707161,-23.096503596551024,7.130018839995963
23.93789013,-10.708705013688014,0.8410492785279887,-7.538252297443288,39.661708025647286,-23.092450835330006,7.05547797404553
23.94793612,-10.685430247994834,0.8902528793985407,-7.6285812066082554,39.561317650621774,-23.087943020986387,6.97993624527112
23.95798212,-10.660347762942102,0.9213234304056692,-7.720037677210339,39.46117007413599,-23.083031985090717,6.903481333338258
23.96802813,-10.634622848456692,0.950622673051153,-7.826957967538959,39.36127760378311,-23.077817706531125,6.826029897838522
23.97807413,-10.616334343482134,1.0052116182893576,-7.946799610882699,39.261606312271155,-23.07218206279419,6.747439514242668
23.98812013,-10.599158496214127,1.0786995658201357,-8.050800384015792,39.16211315820051,-23.065903088824882,6.667724770188852
23.99816613,-10.58102000300785,1.15322651277615,-8.146549522179312,39.062797388062044,-23.05888063604056,6.587006682330564
24.00821213,-10.57015401959377,1.233137156390653,-8.240949482943776,38.963627307409666,-23.05108244323881,6.50533347554839
24.01825813,-10.561615549131112,1.329420722575963,-8.329959830635978,38.86455469532911,-23.042399226921226,6.422738998786839
24.02830513,-10.54713933433886,1.4127236843680948,-8.420479184375415,38.76558783562345,-23.032812993334712,6.339234432941949
24.03835113,-10.52472146685491,1.4676367782223967,-8.512066889379977,38.666816145282205,-23.022533454639596,6.254823454734035
24.04839713,-10.501917752281411,1.5213053151520102,-8.604217777542589,38.568271602947604,-23.011708510413044,6.1694895575726125
24.05844312,-10.486299056764631,1.5892497977526094,-8.686782643842594,38.469920154280125,-23.000272715372844,6.083278148993299
24.06848912,-10.475562768008386,1.6516574895753342,-8.766864152210976,38.37170098879744,-22.988182149977067,5.996249681857282
24.07853513,-10.462380493263536,1.6822973566856372,-8.867796190297378,38.27360186860939,-22.975624194192328,5.9083118961423775
24.08858113,-10.438680809329737,1.7129144310616686,-8.969618828961181,38.17568810414958,-22.962758557290943,5.819355761221171
24.09862713,-10.40905918307876,1.7661651320175307,-9.043407184439268,38.07804217263086,-22.949471652554067,5.72951753227642
24.10867313,-10.369476643099938,1.8180079822725492,-9.103436230935175,37.98074385363911,-22.93565686290946,5.6390071385215546
24.11871913,-10.33689380087559,1.8968572623152173,-9.158916505869177,37.883808021362185,-22.921185606694372,5.547916541445146
24.12876513,-10.335453214175645,2.010694711004893,-9.197498858284467,37.7870430887687,-22.905746485040854,5.45635346779153
24.13881113,-10.341783178326857,2.0960446113606177,-9.223245636007354,37.69025359683231,-22.88930684533308,5.364467268917261
24.14885713,-10.32922559455309,2.1447166526029484,-9.247116652116821,37.593495386229286,-22.872194013412667,5.272331839864575
24.15890313,-10.31985505866245,2.240542666779026,-9.25882423583564,37.496847320571334,-22.854355367759883,5.1800176995049485
24.16894912,-10.32749331502468,2.363994133125896,-9.273968922206862,37.40020805235029,-22.83541531017578,5.087568772218337
24.17899512,-10.328176125119034,2.4477521252347083,-9.284204662472053,37.3035268912156,-22.815434420628506,4.994992267023055
24.18904213,-10.325053131950376,2.528798561826993,-9.28930238404547,37.20684826826788,-22.7946236263804,4.902329426692617
24.19908813,-10.331049701479195,2.630952170050346,-9.310349309995091,37.11016493019872,-22.772894710362653,4.809544576954012
24.20913413,-10.33680913772878,2.7302293687342742,-9.325457836835358,37.01342254171253,-22.75015400740181,4.716578118376043
24.21918013,-10.33989944954093,2.8109947607198857,-9.32951074235463,36.9166357009418,-22.72650895050803,4.623515411923298
24.22922613,-10.356656442557497,2.8849279437721385,-9.338798917419165,36.81974916715893,-22.70208684267184,4.530385693222815
24.23927213,-10.386181050242595,2.9560304543851617,-9.339613564372614,36.722630160895754,-22.67693622054637,4.437205228047335
24.24931813,-10.41375564642126,3.02996625600471,-9.316558374350965,36.62522434533156,-22.651057070978553,4.344136477119687
24.25936413,-10.448858940864115,3.1247209800088083,-9.296423481679275,36.52750369872275,-22.624330588900524,4.251284669977374
24.26941012,-10.487181241474746,3.207082326970295,-9.289219465064802,36.42941433299033,-22.596714480287726,4.158570278466397
24.27945612,-10.517568844751274,3.293893801766326,-9.258735945060657,36.33097973977037,-22.568248589101557,4.066045099161896
24.28950213,-10.571056517130923,3.4266172960208436,-9.19618191876642,36.23212374263754,-22.53867994433262,3.973987155816121
24.29954813,-10.6623626608601,3.541432405462949,-9.12526262295707,36.132540544569615,-22.507867942590533,3.882599740603572
24.30959413,-10.770014090855856,3.6195115035273835,-9.050159083456485,36.031957982608894,-22.47608703324415,3.791945798092816
24.31964013,-10.860191939357609,3.7072691428638866,-8.982117477042,35.93038172418228,-22.443473125965802,3.702010873649993
24.32968613,-10.928892362423698,3.829379660732542,-8.925473663503338,35.82800742019759,-22.40980505093381,3.612702244071593
24.33973213,-10.984362060573527,3.93049288065514,-8.877366749895824,35.72500940969399,-22.37501572306688,3.5239197773956175
24.34977813,-11.0438518739114,4.0006742201103584,-8.833577811874123,35.62143395756423,-22.339365982628212,3.435598903582407
24.35982413,-11.128670901317099,4.089135072600083,-8.76259978490102,35.517133642127405,-22.3029193824594,3.347854504234365
24.36987113,-11.227187912116943,4.166507760793166,-8.668288382180478,35.41190195582956,-22.265636089527618,3.2609317020740516
24.37991712,-11.313043315066428,4.231596104931576,-8.587702966234295,35.305754746499815,-22.227640963539734,3.1748961438931924
24.38996312,-11.387890813765951,4.309977909436065,-8.510685416944012,35.19880022083385,-22.188925149174043,3.0896521397650476
24.40000913,-11.466797827807547,4.400760174977467,-8.407490772098367,35.09107327901681,-22.149359584300147,3.0053132575354238
24.41005513,-11.544598296103949,4.493219840014178,-8.281122933662699,34.98255930274956,-22.10887363459332,2.922127551611945
24.42010113,-11.619143604586656,4.580597881113918,-8.151559950823673,34.87328009364555,-22.067484360088567,2.8402273862037295
24.43014713,-11.701022118448792,4.685684209199651,-8.001056868559024,34.76321516768185,-22.02512833705738,2.7597339926405002
24.44019313,-11.794580223341752,4.816571126052126,-7.836982706700197,34.65226902358219,-21.981587020416892,2.6808207205745327
24.45023913,-11.89513635270373,4.949377972949893,-7.71064538827996,34.54034784368387,-21.93672117000108,2.603366185374006
24.46028513,-11.992899434999815,5.0692716820088695,-7.5859362960784535,34.42743050638539,-21.890586004692697,2.5271726562940326
24.47033113,-12.077036354890286,5.178561627763939,-7.434856202648812,34.31359948537589,-21.84329964988617,2.4523644162934577
24.48037713,-12.157257825801837,5.281271227939922,-7.277739388501825,34.19894289216942,-21.79494842136044,2.379104249359666
24.49042333,-12.250266093280189,5.385275575359497,-7.122385055159897,34.08341386603231,-21.74555788540793,2.30741219775257
24.50046933,-12.349376243825152,5.473328173246074,-6.97417960278882,33.96692212903614,-21.695203630687143,2.237246354196227
24.51051533,-12.447192178525679,5.556931023763951,-6.817909454260422,33.84944123231383,-21.64398715064904,2.168609891583227
24.52056133,-12.550835217300312,5.6522091845365905,-6.655797148715444,33.730948407167745,-21.59187215129122,2.101572664037037
24.53060733,-12.649759649947253,5.741484143250381,-6.470708718980506,33.61143808561272,-21.538830141614227,2.036279425784158
24.54065333,-12.721220406598432,5.83645159550046,-6.252951726110844,33.4910719192518,-21.484862682306936,1.9730096800889994
24.55069933,-12.775013282910363,5.961831331786884,-6.036736803311849,33.37007660389255,-21.429788419071645,1.9119197753262662
24.56074633,-12.832111658093424,6.127693720897087,-5.801532257041267,33.24851218220286,-21.373245618811257,1.8530914952486037
24.57079233,-12.887445039432217,6.299305087896893,-5.536245070162319,33.12639511537435,-21.315013315703162,1.7967830404546172
24.58083833,-12.93396937702273,6.475796275875675,-5.30387195083806,33.003766417223645,-21.255032493461407,1.742974333378689
24.59088433,-12.993799793713952,6.648377925808596,-5.097511326555098,32.88060349914215,-21.193298278354803,1.6913693858968815
24.60093033,-13.072166615644356,6.80049954260912,-4.876911449341065,32.7567464163311,-21.12993307873942,1.6419090610141112
24.61097633,-13.147269475775014,6.930217900962335,-4.641650286982333,32.63211845530705,-21.065152196928835,1.5947385261331148
24.62102233,-13.21177094708614,7.03600223532618,-4.405200822012949,32.50678926172618,-20.99918838509274,1.5499373937331877
24.63106833,-13.275316258598648,7.121828509223949,-4.165624481790445,32.38081688915514,-20.932262113171316,1.5075273389527237
24.64111433,-13.316630995662758,7.223310293722255,-3.904317499682646,32.25431780456013,-20.864394992872594,1.4676332211003398
24.65116033,-13.340504541160277,7.3519292945177686,-3.640881304518377,32.12749127922183,-20.795372076329343,1.4303748882273934
24.66120633,-13.371461459736244,7.439035710127747,-3.381669101435362,32.000389340462476,-20.725265571019488,1.3957418182588426
24.67125233,-13.384523425515104,7.508062144094504,-3.1118335661355587,31.87306629484697,-20.654374810406182,1.3637661550801774
24.68129833,-13.379024180967338,7.5953666242611,-2.855449330329127,31.74570526168277,-20.582698799611208,1.3344336938117898
24.69134433,-13.368096175775845,7.673931206041805,-2.5973726818346585,31.618426742594,-20.510189628518077,1.3076853695652455
24.70139033,-13.363314087169753,7.745018993949727,-2.3333278358613048,31.491227135306385,-20.436928753571998,1.2835596615854128
24.71143633,-13.3656335807135,7.820832506607808,-2.077848545151867,31.364039897633717,-20.36292999339315,1.2620435233441298
24.72148233,-13.367349742300814,7.887228592337445,-1.8093229279870522,31.236832388865373,-20.288216914401623,1.2431594617551065
24.73152833,-13.359941971428531,7.953399295148451,-1.5293234383975882,31.109653469050464,-20.21283795243126,1.22703064177731
24.74157433,-13.34931670359433,8.026853956084748,-1.254889552171039,30.98256512918898,-20.136757652258794,1.2136867406462366
24.75162033,-13.347581220851366,8.08030600517757,-0.9998946503118483,30.8555388773776,-20.060039899681826,1.2030021603177141
24.76166733,-13.328838978247164,8.143215389777964,-0.7334956356607154,30.728602850958872,-19.982729968796036,1.194935738763153
24.77171333,-13.293790456607054,8.226918369833664,-0.45545605772667697,30.60194964977076,-19.904691298829984,1.189604835127821
24.78175933,-13.26418420359304,8.301493458768599,-0.19939951204713807,30.475621209515726,-19.825857598123395,1.186956696321399
24.79180533,-13.224799335249473,8.375575944021273,0.06112376079773035,30.349639311663275,-19.74627719042166,1.186903337943425
24.80185133,-13.170868742229487,8.462778090990277,0.3457003002175024,30.22412613737321,-19.66588665001225,1.1895880159224574
24.81189733,-13.109680556245898,8.548312998947232,0.6277143943519772,30.09919120471012,-19.58462845137597,1.1951186786538313
24.82194333,-13.030677680759176,8.626861042693935,0.8936028404214738,29.9749604517488,-19.502546064073286,1.2034014558446495
24.83198933,-12.93262593514039,8.708918282973118,1.1624454784894718,29.85161904414929,-19.419656956428938,1.21437018727109
24.84203533,-12.826921593824729,8.789330254761454,1.456215792290272,29.72930110337441,-19.335951765932347,1.2281649235547722
24.85208133,-12.726021894614789,8.856971754114538,1.7483507492404307,29.608020934695137,-19.251502902850245,1.2449026620134316
24.86212733,-12.626326847832026,8.901927878061592,2.0076621064391698,29.48774835342498,-19.1664884619063,1.2644103153080604
24.87217333,-12.503142439573555,8.942206652523026,2.260716609914209,29.3685952956575,-19.081045886067656,1.2864915823208534
24.88221933,-12.368242164703208,8.995884174906863,2.519814535649624,29.250738597253328,-18.995131367749924,1.3111453909855793
24.89226533,-12.254634458892427,9.037005404695199,2.7668708997219786,29.134130154436157,-18.908740675300063,1.3383416126480001
24.90231133,-12.14937221664378,9.063356047591844,3.0057695342574826,29.018621095368097,-18.822011071633703,1.3679787862684285
24.91235733,-12.024717561019491,9.096360467487566,3.242322952354586,28.904266908878046,-18.73498332748694,1.4000041555492295
24.92240333,-11.896356063468403,9.132763755982564,3.4666600479220953,28.79118362252536,-18.647606948420897,1.4343445778801804
24.93244933,-11.788236577470524,9.156353786943377,3.6850053121137094,28.679288180153076,-18.559929222911258,1.4709085937041892
24.94249533,-11.6662480174473,9.183408755456332,3.916262381180711,28.568548570495956,-18.471997107569265,1.5097309620481556
24.95254133,-11.53041822557023,9.247852210007924,4.1469308286723106,28.459103982420437,-18.383605395648217,1.5508735822617956
24.96258833,-11.39938381901216,9.294025610488907,4.3766328795948795,28.350989092300917,-18.29464920125872,1.594332969097299
24.97263433,-11.248251472035301,9.314763950115468,4.603906425611635,28.2443022866971,-18.205365763204252,1.640083418747915
24.98268033,-11.095465436995811,9.352880957993108,4.815177822394506,28.139142063126187,-18.1157866947393,1.6880366796461974
24.99272633,-10.935988830664032,9.388213712981834,5.025526401186795,28.035550334802892,-18.025838688115474,1.738107737681794
25.00277233,-10.772537793492996,9.409285342388502,5.212127682017482,27.933580672032903,-17.935607362268826,1.790172674862276
25.01281833,-10.620085403068522,9.434178851203118,5.372172720353759,27.83319779217969,-17.84514515353286,1.843978816503953
25.02286433,-10.47971908803579,9.469898011934516,5.520636036806537,27.73428574068403,-17.754378487357805,1.8993345956117165
25.03291033,-10.37062596431562,9.482820168501084,5.641169656997745,27.636626723949217,-17.663367495845954,1.956041546332242
25.04295633,-10.24586216739416,9.44979736641537,5.762754504408393,27.540142370526794,-17.57245746987655,2.013964658115532
25.05300233,-10.10379458785096,9.404521703930978,5.889080369952919,27.444998311108314,-17.481940737094646,2.0731330254100166
25.06304833,-10.020500208518042,9.397209416324873,5.98518493480372,27.350986244809306,-17.39168815358608,2.1334186607563552
25.07309433,-9.953749530627292,9.41772004163872,6.081645810222671,27.257727854832734,-17.30136927482721,2.19467155230917
25.08314033,-9.865711166613425,9.425549731403196,6.209760685591538,27.16524697021364,-17.2109080426657,2.257052487858191
25.09318633,-9.803000339413856,9.425733824184022,6.3255607533102225,27.073523298781986,-17.120406557274432,2.3206586081663634
25.10323233,-9.749611160951579,9.455404879416667,6.4208633987453165,26.982382797678806,-17.029755109474728,2.385325097402685
25.11327833,-9.687296598742025,9.497074114994689,6.509685256081656,26.891823476465014,-16.93874531939428,2.4509164440164266
25.12332433,-9.577283694684848,9.534356071289439,6.601995416224121,26.802129756114283,-16.847338957477056,2.5174176167539644
25.13337033,-9.416732155701482,9.60239748663847,6.717758736046055,26.713795080960914,-16.755403556264028,2.5849639425813873
25.14341633,-9.299765055667965,9.680351836536424,6.821763051676479,26.626854381931356,-16.6627348183222,2.6536141612416637
25.15346333,-9.218291998266285,9.731538453359306,6.88367755722139,26.54090189277236,-16.569408116292678,2.7231047066874856
25.16350933,-9.119367381469539,9.766681769754392,6.928068413378344,26.4558640961711,-16.47565706802046,2.7931223074183533
25.17355533,-9.044219421684554,9.803813340502321,6.957700269799741,26.37170066612201,-16.38154298299012,2.8635117242345025
25.18360133,-8.978879069924146,9.834837818837608,6.958137957166422,26.28824290886181,-16.287086550125235,2.9340521803690995
25.19364733,-8.858709300936367,9.861378691716416,6.967647149598758,26.2057169689381,-16.192340966501167,3.0046425996809516
25.20369333,-8.722211238589415,9.897371151090573,6.975366236942759,26.124480271531212,-16.097281277949225,3.075319556642095
25.21373933,-8.602510693133755,9.988856570204696,6.93587593294159,26.04453045973132,-16.00158126801364,3.1458369267819704
25.22378533,-8.43016752387436,10.138869327724073,6.869856630092656,25.966047583510434,-15.904668212736823,3.2158243221666365
25.23383133,-8.207176340563082,10.28382537727461,6.81818944899974,25.88955047174249,-15.80627352914206,3.2852205783424884
25.24387733,-8.096997692597641,10.396133861674432,6.78156725348812,25.814726872037077,-15.706586605793301,3.3541733569796306
25.25392333,-8.088141326604621,10.45957502336713,6.751047319465432,25.740501185206774,-15.606016891972217,3.4227888807001223
25.26396933,-8.060217942599605,10.460594876786082,6.73822302623515,25.666460243060715,-15.505123390472232,3.491186686367122
25.27401533,-8.065786842075315,10.453552044166257,6.7056404431826016,25.592531587490416,-15.404260142396732,3.5593564132945774
25.28406133,-8.10051999432087,10.468675917868234,6.625655403368883,25.51840049471435,-15.303356303251912,3.626960713052352
25.29410733,-8.079586193615599,10.496580333420534,6.520293240915928,25.444200087795494,-15.20223633301017,3.6936340138131403
25.30415333,-8.043597115165934,10.5376677258593,6.402977303959318,25.370285604498633,-15.100769816916888,3.759188802480595
25.31419933,-8.042937689966445,10.583995797692268,6.29238947458132,25.29655520663558,-14.998864212946533,3.8235988305297735
25.32424533,-8.057389253734948,10.637395246630724,6.202671352705242,25.222755530860518,-14.89645767763938,3.8870027217857803
25.33429233,-8.090598671927994,10.702660456588253,6.125775829691684,25.148709083967393,-14.793444836656027,3.949575940753574
25.34433833,-8.136665399237017,10.759702681770912,6.035133052325515,25.074271803001082,-14.68982789852053,4.011301386788493
25.35438433,-8.16507563637253,10.809563751361768,5.912751866561556,24.999460424242365,-14.585673985135386,4.07195681345661
25.36443033,-8.159173606130107,10.875288029976028,5.764202504844562,24.9245359867604,-14.48093948654617,4.13125135598475
25.37447633,-8.154946071447368,10.935122631518562,5.5866886524025405,24.84966243008308,-14.375574305701964,4.188908082988149
25.38452233,-8.158242130263131,10.993616876238713,5.392757641157711,24.77479355220904,-14.269614759062978,4.244699042441249
25.39456833,-8.13886130962532,11.072324753191163,5.231774220176928,24.70000546809363,-14.162966046166833,4.29870726670128
25.40461433,-8.103205555438045,11.167690219284646,5.113881362645243,24.62549383269354,-14.05544296286853,4.351314695414362
25.41466033,-8.071836382776159,11.249352958069693,4.997283540914688,24.551318863501045,-13.947030666897163,4.402744277445491
25.42470633,-8.062411890983048,11.28898770583102,4.847783889639939,24.477348800885096,-13.838009093650868,4.452837251869715
25.43475233,-8.018583634045566,11.323405488340194,4.691616382063032,24.403646226826034,-13.72861555454503,4.501394860155026
25.44479833,-7.940028970691811,11.373284717498308,4.5522856009145345,24.33055838217556,-13.618798591549545,4.548468180536087
25.45484433,-7.924099712344187,11.412758658874676,4.368988571988974,24.25794513026382,-13.508532807578504,4.593920941427129
25.46489033,-7.907358648976193,11.431154760787344,4.1575323707670755,24.18549598137806,-13.397976342380026,4.63739085684314
25.47493633,-7.828235947688819,11.464327783163597,3.9771727287535175,24.113528356182158,-13.28716084547024,4.6788926812785805
25.48498196,-7.75733034874622,11.510276967946318,3.7946627675924023,24.0423169459924,-13.17595201375044,4.718570350291919
25.49502796,-7.698187443382514,11.530015890473877,3.5947172544331947,23.971756146585665,-13.064409134631038,4.7563284068631155
25.50507496,-7.6443424197813705,11.584068812410111,3.3975522854224294,23.901755918269505,-12.952484458967868,4.792095337443603
25.51512096,-7.596650572910625,11.680599661276359,3.2345245361379398,23.832272676930366,-12.839814541133023,4.826049460038849
25.52516696,-7.55854549766359,11.733433516267507,3.092998083518113,23.763220393531018,-12.726394364390702,4.858473806877931
25.53521296,-7.537406032977101,11.745973015050808,2.930335714541589,23.69446569545576,-12.612645817292371,4.889370213266134
25.54525896,-7.503427112730763,11.755728642019491,2.777984197552645,23.625987857027997,-12.498785281777351,4.918684304905144
25.55530496,-7.495736379514029,11.77202594031233,2.6295314588569494,23.557719325269602,-12.38479388241878,4.946487456767838
25.56535096,-7.520456499280065,11.792338290678224,2.4463074719776423,23.489365254902566,-12.270618592794996,4.972624596437969
25.57539696,-7.516238205176257,11.793642265170691,2.250390495018973,23.42090820386523,-12.156334724371447,4.996857311046743
25.58544296,-7.50584620171579,11.790999439192543,2.0561541476480265,23.35252454035254,-12.042057580998872,5.019130285507417
25.59548896,-7.52534867000199,11.804144017597139,1.8674102531030137,23.284095114975052,-11.927727687323902,5.03947955021294
25.60553496,-7.536394596570089,11.83048945975227,1.696247104339658,23.21551224501021,-11.813199435275656,5.058021001839925
25.61558096,-7.521374593425506,11.854741703888799,1.5166545174669208,23.146949336832016,-11.69841703104917,5.07480060740681
25.62562696,-7.518263950065948,11.859061870349464,1.315977454359259,23.078477498891182,-11.583491107604212,5.089670118521848
25.63567296,-7.519842719021525,11.877964402358005,1.1293550519959987,23.010013355555504,-11.468448536544884,5.102594224421821
25.64571896,-7.486966961062333,11.92612143489481,0.9719470877876931,22.941706416995594,-11.353069125292846,5.113790265790506
25.65576496,-7.441809135856083,11.969118836429121,0.82498589228728,22.87379144112392,-11.237231845318465,5.1234574608699734
25.66581096,-7.424817475611673,11.97029614800223,0.6634988885922272,22.806188642117647,-11.121172675760109,5.1315753206448855
25.67585696,-7.418482534823807,11.948664755528185,0.46639874198180686,22.738703012628378,-11.005216247050159,5.137891997163811
25.68590396,-7.393229003030295,11.93829677015241,0.26342623154322165,22.671369350169414,-10.889409024667671,5.142199537465336
25.69594996,-7.3388375210463375,11.925190261331759,0.10879436024548547,22.604442446482125,-10.773731241217007,5.144710402218442
25.70599596,-7.267681348862687,11.919506106455001,-0.03293128448640596,22.53814616866172,-10.658147843270097,5.145732663168531
25.71604196,-7.233785047976929,11.917005737820691,-0.1992586985163866,22.472377569413545,-10.54260555618478,5.145207573604461
25.72608796,-7.195107690758463,11.92034616806737,-0.3433101007483164,22.40697350765,-10.427059049469944,5.143123451246305
25.73613396,-7.101820265089464,11.945933070321328,-0.4617169369130894,22.34223230499093,-10.311367240764001,5.139721001156684
25.74617996,-7.036413539125775,11.951382784017856,-0.5886494317692718,22.278288223055505,-10.195519535136137,5.135086211607344
25.75622596,-6.980063647624898,11.93735252989314,-0.7270156533524579,22.21495572460961,-10.079714929562845,5.129118826605331
25.76627196,-6.897456266714252,11.953660336697265,-0.86224349203899,22.15232120854301,-9.963898883842404,5.121777178638579
25.77631796,-6.82117527726665,11.977685216663257,-0.9759035751893177,22.09048478876074,-9.847880247036354,5.113185366640444
25.78636396,-6.7607086318317995,11.975238370350281,-1.1024576994019963,22.029335252348492,-9.731753223767267,5.103386958678725
25.79640996,-6.70525027948264,11.963139671124065,-1.2570827267654632,21.968768007200104,-9.615699262773424,5.092176187838639
25.80645596,-6.636108932351096,11.972560771064883,-1.3737240564656816,21.908826626342194,-9.499658751360748,5.079602846087017
25.81650196,-6.590725984583988,11.991558885498485,-1.4935596343982935,21.84946050101758,-9.383475490234314,5.0658416808283615
25.82654796,-6.564491664773047,11.992534583957493,-1.6537786110628978,21.79045410922801,-9.267191900645718,5.050673801541962
25.83659396,-6.517023658597977,11.988767930559877,-1.8032094331904518,21.731817924221865,-9.15092233002378,5.033950551316231
25.84663996,-6.482821589313544,12.000641353932618,-1.9655009590253343,21.673591968004736,-9.034612039096217,5.015661519736678
25.85668596,-6.469492283885982,12.020435406207321,-2.1260355917272062,21.615604761882803,-8.918142682438514,4.995750932362802
25.86673196,-6.438484072037305,12.032835723768871,-2.259520112125631,21.55784026311015,-8.801511613461127,4.974363486782903
25.87677796,-6.403052903019485,12.034758190819737,-2.3958145238242983,21.50040948934759,-8.684808601136629,4.95162094162708
25.88682396,-6.377409514791236,12.028537038371915,-2.5324721027928203,21.443285493086055,-8.568127181108839,4.927507358622129
25.89686996,-6.363594602969149,12.028018565130683,-2.6525318569115814,21.386359695865696,-8.45147961422093,4.902104284453087
25.90691696,-6.349107624379508,12.031243687944329,-2.7590513857346988,21.32957040667805,-8.334806839134375,4.875560460580676
25.91696296,-6.342050349491139,12.019187121961878,-2.878244100034324,21.27289498663845,-8.218190037084696,4.847885526076212
25.92700896,-6.3392966845321235,11.990256774292726,-3.000580848235216,21.2162688469497,-8.101779112302294,4.818997389081609
25.93705496,-6.3177930958553965,11.973750704329385,-3.1024676298454383,21.159764551445946,-7.985596414645616,4.7889829772967545
25.94710096,-6.308636051346302,11.969551780931335,-3.218111153935096,21.103414264302693,-7.8695177181706315,4.757875910786379
25.95714696,-6.315128161751714,11.927097366485,-3.352659951647454,21.047077363123456,-7.753673361411643,4.725512128243593
25.96719296,-6.296427485132993,11.870678776909822,-3.492776224418094,20.9908017855723,-7.638325643751852,4.69176870305177
25.97723896,-6.259933988460861,11.837806246120028,-3.6448992038310695,20.934803448353566,-7.523426435389613,4.656557360096217
25.98728496,-6.236723881035199,11.81345932339406,-3.788409432754861,20.879105002338243,-7.4088146403424275,4.619861051535201
25.99733096,-6.220227652145644,11.77591845209136,-3.9206030992391763,20.82360600125022,-7.294513707684644,4.581779882307551
26.00737696,-6.154477668958607,11.759216333897989,-4.008905325886598,20.768520122885462,-7.1804852375631025,4.5425911622087
26.01742296,-6.061303005447425,11.776967389263088,-4.03239576845524,20.71423252302105,-7.066451498630106,4.502840907532362
26.02746896,-5.993856794766668,11.815933947155981,-4.06368941004355,20.66075172180772,-6.952132867125753,4.462815472401318
26.03751496,-5.9367599974847485,11.84832618179323,-4.127144086193036,20.607896500123395,-6.837455800406525,4.422314116470277
26.04756096,-5.875799667688599,11.869934165186542,-4.20435228653354,20.55563427938837,-6.722507490592125,4.381106210910627
26.05760696,-5.832786734403858,11.912837585177037,-4.333526006575923,20.503894316353794,-6.60723513999849,4.338861648964879
26.06765296,-5.806755387734162,11.942753897962582,-4.486970513148931,20.45250116273745,-6.491597015887165,4.295197495666857
26.07769896,-5.7688217657155,11.946976564229692,-4.602385088640343,20.401429305158814,-6.375787411684052,4.250182863199624
26.08774496,-5.725816107519789,11.95739672794675,-4.716939210678147,20.350764005584704,-6.259904256545934,4.204013097964705
26.09779096,-5.679656214986409,11.973500162187346,-4.810617111223385,20.300546584571887,-6.143887873375231,4.156797383280332
26.10783696,-5.6201797856519775,11.980706021576513,-4.851888270054702,20.250859774803825,-6.027754407622666,4.1089038194707275
26.11788396,-5.5588498048740425,11.985102912114817,-4.884335256186892,20.20177489010726,-5.911551095286035,4.060635165133675
26.12792996,-5.52105932415006,11.987376031683024,-4.948119896058817,20.153192773015324,-5.795325845459821,4.011887943624501
26.13797596,-5.503391626650597,11.977668499309083,-5.041524514766104,20.104889222352597,-5.679137938689129,3.962351160469484
26.14802196,-5.473972907989126,11.971685897208028,-5.1154191795981365,20.056822186758232,-5.563028843463866,3.9119740330132307
26.15806796,-5.4411384840846315,11.958133100686252,-5.173086499078399,20.009067848698997,-5.447017874545926,3.860936069709795
26.16811396,-5.429253802124816,11.917654661612485,-5.265008517040688,19.961538134708512,-5.331278304524379,3.809146719164385
26.17815996,-5.411038150455094,11.893321421283824,-5.356953223190569,19.914159614693858,-5.215864283568475,3.75643380606376
26.18820596,-5.383680470909145,11.891473742676716,-5.417316771407019,19.867010009521874,-5.100581769368342,3.7029558486014342
26.19825196,-5.377872097763555,11.871010382220462,-5.476996478691775,19.820026997432578,-4.985411323517464,3.6488749138667447
26.20829796,-5.379741161840816,11.844685636354043,-5.533336771645818,19.773063772492737,-4.870475894324648,3.594211210670856
26.21834396,-5.374930154676692,11.860713342177686,-5.578786090823989,19.726115324933012,-4.755592187163964,3.5390362182532265
26.22838996,-5.3883500945702565,11.884134577867783,-5.628048800892279,19.67912363470418,-4.640510327970016,3.483385487312673
26.23843596,-5.411368871779726,11.88593188689383,-5.704065839906127,19.631948912799352,-4.525301796026001,3.4271054761924997
26.24848196,-5.415336761128113,11.898034918377103,-5.774613356519393,19.584638636868405,-4.410023442671607,3.3700892713094106
26.25852796,-5.416316421314467,11.924534120608785,-5.808381320954177,19.537303509396146,-4.294551190297264,3.3125490897650183
26.26857396,-5.4332683884736435,11.936464158511217,-5.847208649193339,19.48987831135971,-4.1788859078496845,3.2546442620655043
26.27861996,-5.438168355292771,11.942396661266116,-5.89398267761091,19.442343351058916,-4.063130901860424,3.1963094587515233
26.28866596,-5.434905027048241,11.947965789809967,-5.924678921951073,19.39480016992257,-3.9473181231771517,3.1375855222574804
26.29871196,-5.423683426135449,11.95834374893571,-5.950056765931175,19.347329746585373,-3.831425242272513,3.078579925617805
26.30875796,-5.398410295759919,11.972383485502425,-5.9687050151500936,19.300042636283425,-3.7154097112823714,3.01935318591197
26.31880496,-5.385838745740287,11.983658070571456,-5.994661328156958,19.252940931674893,-3.599255465367201,2.959896479633388
26.32885096,-5.379179821954512,12.00192270636829,-6.026915781592675,19.205940509872512,-3.4829644050331163,2.9001532985316736
26.33889696,-5.368002808378873,12.00498742738081,-6.032147726456768,19.159029677983494,-3.3665662073397753,2.840221823251298
26.34894296,-5.363375622930061,11.991607801092973,-6.024892042055061,19.11219823058618,-3.2502198214156346,2.7803005132146206
26.35898896,-5.345644401159123,11.99620923269112,-6.018563758268742,19.06547908946831,-3.133917528363379,2.7204474354501302
26.36903496,-5.334852702215431,11.990039988309926,-6.001938130240999,19.018903218981208,-3.017623110434771,2.6607096551847027
26.37908096,-5.354330917428129,11.95880001821371,-5.982534296059295,18.972283716122888,-2.9015165989904865,2.601152850907954
26.38912696,-5.370696123699563,11.952813652769628,-5.97386174274058,18.92548417175845,-2.7855970754296173,2.541737074325619
26.39917296,-5.39719550336792,11.945929576603005,-5.968808361794046,18.87846931857882,-2.669742200096919,2.4823902431110776
26.40921896,-5.419217927739344,11.927352527385425,-5.955611820086397,18.831210740377518,-2.5540152159970697,2.4231350812580494
26.41926496,-5.417229661875003,11.943061014014907,-5.937367487200353,18.783851530598035,-2.4383026406870965,2.364037846918105
26.42931096,-5.4203630540778835,11.988132835487454,-5.912754183915734,18.73648656884895,-2.3222847658895285,2.305155886484646
26.43935696,-5.41851744224707,12.049463337149236,-5.8712318751781325,18.689115138579044,-2.205732432222815,2.246606125230354
26.44940296,-5.431333495619279,12.129436882560997,-5.816643179128459,18.641688603781287,-2.0884703283276913,2.1885391295531287
26.45944896,-5.498230147433262,12.242394127808645,-5.758822641101325,18.593861672065383,-1.9702391330710878,2.131036765458672
26.46949496,-5.604906835692744,12.377867719911222,-5.727009896828261,18.54516288146229,-1.850760069718472,2.0739846293412083
26.47954096,-5.680405526107585,12.490986016936132,-5.710213006010441,18.495549023932092,-1.7300323293067272,2.0171766594207865
26.48958746,-5.681523737184955,12.576160584020368,-5.675570772943905,18.445547831217567,-1.6083025055186209,1.9606242536869534
26.49963346,-5.643975280124035,12.652982745537598,-5.626864681179674,18.395732116116772,-1.4857650304827317,1.9044933211214474
26.50967946,-5.607000329770887,12.71901458721008,-5.560150588205089,18.3462907320914,-1.362509999788779,1.848942144143865
26.51972546,-5.570183251773245,12.781710120952614,-5.470356977216094,18.297220005424453,-1.2386083714881622,1.7941771053633113
26.52977146,-5.5237227971250125,12.850897921292734,-5.372361641947475,18.248567581803982,-1.114044293200445,1.7403553304598092
26.53981746,-5.48117982127721,12.93512172791835,-5.306306101592584,18.200362222414903,-0.9887096284109429,1.6873575831045646
26.54986446,-5.441322547634515,13.022567172869172,-5.262438626971144,18.152566002216115,-0.8625001070596028,1.6349067585076458
26.55991046,-5.403779395048291,13.066816132613708,-5.185118982988596,18.105163321621152,-0.7356416466246012,1.5830698773533565
26.56995646,-5.3753902079115665,13.068597408450346,-5.0869566011944345,18.05809181916863,-0.6085519763163179,1.5321144424145612
26.58000246,-5.34950650650272,13.069474078051323,-5.031139357047357,18.011292929435278,-0.48144895514810493,1.4819324471368693
26.59004846,-5.323918695199996,13.086499659931096,-4.99839815316933,17.964752581110268,-0.35425601097070025,1.432195280943607
26.60009446,-5.296415428411321,13.12054171792893,-4.945324875538597,17.918478909270505,-0.22680655403814853,1.3828891608909462
26.61014046,-5.264546922380216,13.17937190792546,-4.866725446092035,17.872503461845625,-0.09889059980396553,1.3342444328459517
26.62018646,-5.240936928944743,13.24502287720253,-4.770572260293149,17.826806682923568,0.029650623293250078,1.286477487187335
26.63023246,-5.233106863937426,13.28952707921343,-4.6880635095893,17.78126782741507,0.15874515581584348,1.2396079604357715
26.64027846,-5.237512988536908,13.317970776441705,-4.617468843159952,17.735746170359224,0.2882061056363625,1.193507472148452
26.65032446,-5.271946047968429,13.36485227220284,-4.523349494534684,17.690029424082006,0.41804541390122196,1.1482343423587675
26.66037046,-5.370281559546872,13.430447652462842,-4.403624332173427,17.643645781272603,0.5484496935143337,1.1040353535477687
26.67041646,-5.499539454324184,13.491667781084407,-4.3022654235180005,17.59611893678308,0.6794909674285599,1.060946870025486
26.68046246,-5.58757228069509,13.540572034017615,-4.234679704498685,17.547500641001204,0.8110853961113804,1.018706995367999
26.69050846,-5.619058648872708,13.578240685519015,-4.162223856053453,17.49828200030514,0.9431146804931272,0.9771705495039014
26.70055446,-5.631080301287843,13.607108530061081,-4.092954545585943,17.448844818821627,1.075478177694504,0.9363459891130222
26.71060046,-5.656514873199401,13.636462169348455,-4.06213410468603,17.399219494723326,1.2081341214091532,0.8960241795432615
26.72064646,-5.684999345255351,13.695558152531365,-4.014468779257727,17.349323335267158,1.3412343475775188,0.8560966039777536
26.73069246,-5.70827818772111,13.779338081949506,-3.92242546275924,17.299167168682168,1.4750522394548344,0.8168707849206576
26.74073846,-5.729076235241571,13.858270811646735,-3.843478413942104,17.248789603878777,1.6096874370188843,0.7785038504685422
26.75078446,-5.727871645438466,13.92109032750092,-3.758683061858938,17.198313621137267,1.74503465611234,0.7409593940961486
26.76083046,-5.683296063146394,13.993996856426497,-3.6179689000525475,17.148067592200174,1.881063627128773,0.7045476720120095
26.77087646,-5.6270787775828115,14.070101925441564,-3.464733143245217,17.09832784583834,2.01784108340161,0.6696124603690801
26.78092246,-5.594179413074861,14.108507976107273,-3.351120560409906,17.049035732409816,2.155193729028608,0.636017627936175
26.79096846,-5.566339949214389,14.136813426530605,-3.253533295604558,17.000048710116186,2.2928814665255723,0.6034836523379694
26.80101546,-5.5317714031255,14.182622756409724,-3.1357943380386706,16.95137031818915,2.4309552253488054,0.5720281295173844
26.81106146,-5.502542687434076,14.224252439645452,-3.025217422946375,16.903017224975404,2.5694544475501537,0.5417225681625005
26.82110746,-5.493209839197344,14.235934712356567,-2.943177709560258,16.854857826497277,2.7082214557061786,0.5123845201324738
26.83115346,-5.491469601048581,14.220821720792653,-2.8521729013660027,16.806754048132074,2.846971231361401,0.48391567473434605
26.84119946,-5.476687832998131,14.20261750291506,-2.7202071795271494,16.758733259804004,2.985553654673603,0.4565668103085738
26.85124546,-5.450908717633748,14.212945076518357,-2.5790282045035546,16.71091620879331,3.124096513601663,0.4305899516951326
26.86129146,-5.429682588972316,14.23928263325225,-2.444649928068307,16.66333526512338,3.262823541479354,0.4059972171557784
26.87133746,-5.416674165981308,14.253620528151272,-2.2918322194457996,16.61592628160639,3.4017548821506027,0.38284706804936874
26.88138346,-5.412907453569156,14.255697744648696,-2.121955109896714,16.56860155959454,3.540768675926391,0.36131781501463534
26.89142946,-5.425971600421703,14.247931876907165,-1.9407218944306608,16.52123013656948,3.679753895607032,0.3415521891424458
26.90147546,-5.472614489959477,14.237458509063098,-1.7925153906285805,16.473558805100637,3.8186474996072777,0.32344133898014626
26.91152146,-5.551041781693961,14.21813199993169,-1.6957152063945216,16.425259246111274,3.9573914188254733,0.3065611574118531
26.92156746,-5.6038698073653155,14.203137513986595,-1.5758124095366204,16.376300391662575,4.095962943685402,0.290769474917584
26.93161346,-5.644292701216186,14.201766818347789,-1.4384627236474543,16.3268731378451,4.234452266238284,0.27626997164414846
26.94165946,-5.698921395027342,14.17518503042914,-1.3097600497013027,16.27696843990282,4.372801183466206,0.26310684937417095
26.95170546,-5.739214736841839,14.13000891784678,-1.1764827104989142,16.226586948575587,4.510789660759913,0.251259652710238
26.96175146,-5.777059244654325,14.110282426690706,-1.051244771739932,16.175812970829682,4.648452132275039,0.24071097828750532
26.97179746,-5.829906435317149,14.091519795043123,-0.9183919881417975,16.124583448682316,4.785921272926374,0.23145869356316884
26.98184346,-5.888078950823903,14.056330944184474,-0.7752397314030811,16.07279627455088,4.923119415281032,0.2235927821564473
26.99188946,-5.939778491529475,14.00768506058483,-0.6322810024886786,16.020457213081087,5.059896455764502,0.2171640062306619
27.00193546,-5.983721223951511,13.940117467515867,-0.4825154654904519,15.967637740473375,5.196089755954668,0.21220558429255476
27.01198146,-6.032456782082665,13.861757146911984,-0.31490768594747387,15.914352744812192,5.331550060234504,0.20884132852343318
27.02202746,-6.095355202846199,13.778902266714885,-0.14807412503906103,15.860507011675047,5.466200580560665,0.2071569716074
27.03207346,-6.169847795984376,13.721553541828596,-0.01762291494249313,15.805971163475066,5.600146858178498,0.20696587609612438
27.04211946,-6.262573268816851,13.675067176761866,0.09042410736571371,15.750595378929722,5.733571572139492,0.20797275720621822
27.05216546,-6.360335620010251,13.603309336923616,0.21612572345303938,15.694262774044272,5.8664023454592975,0.2101537577269732
27.06221146,-6.464423634579793,13.534550634415496,0.3281909437911405,15.636916274771613,5.998527304186852,0.21352906106709213
27.07225746,-6.543060488613153,13.489820926336899,0.4438776807015803,15.57865194848397,6.130082210628026,0.21804836248847104
27.08230346,-6.604128419920354,13.451550096461917,0.6183103405364656,15.519685885059548,6.2612202053670645,0.22402493363970066
27.09234946,-6.686603361864266,13.38763414574686,0.8141208655831548,15.459998805782774,6.3918449159072415,0.23186123630859368
27.10239546,-6.766494610231038,13.321592586483764,0.9796988040512455,15.399496161132092,6.521816849874751,0.24151279322971853
27.11244146,-6.836426735683254,13.271646356494266,1.141750622205326,15.338240953674712,6.651206177176849,0.2528100344183559
27.12248746,-6.911838981320204,13.17037335941244,1.3351187041627404,15.276255681441354,6.779835930301363,0.26589254976525367
27.13253446,-7.011340929233766,13.017925498833867,1.5110736376141098,15.213385557612131,6.907203920773996,0.2808316615411921
27.14258046,-7.099576779178983,12.866921912921455,1.659964485848682,15.149578684425899,7.033034997414805,0.297400986755902
27.15262646,-7.1690844421853335,12.69262469747249,1.8255515931204043,15.084979465574136,7.157232088130331,0.3155499347411138
27.16267246,-7.224237245491474,12.520624374334988,2.0004870263784555,15.019754077200085,7.279689726309537,0.3354093274474069
27.17271846,-7.271194341192701,12.374810123005272,2.1635166888120327,14.95401579080332,7.400550981881198,0.3569663188293585
27.18276446,-7.335675858774638,12.23512966714187,2.324959325561591,14.88771774825201,7.519978197538666,0.38015313457011546
27.19281046,-7.380180106855452,12.102233747682506,2.5173666795233727,14.820872270199802,7.638036262062846,0.4051173388142072
27.20285646,-7.40431858884093,11.957442140073896,2.732516152813933,14.753681999714466,7.754699502138566,0.43212870100158673
27.21290246,-7.435503318090503,11.80008716859075,2.9511035867940203,14.686213840739104,7.8698450599475045,0.461318723674187
27.22294846,-7.492000694957619,11.645448811877145,3.168207310070402,14.618305254544689,7.983423475268953,0.4926972230296972
27.23299446,-7.578951527095069,11.48224730029961,3.396144970372214,14.549676127996465,8.095405380931938,0.5263111652549092
27.24304046,-7.713591630919833,11.281124868794816,3.6221836758644637,14.479933950176909,8.205557287428816,0.562205430765505
27.25308646,-7.876456655237133,11.041814649866954,3.7960638005748457,14.408697404098689,8.313496900722576,0.6001084885602079
27.26313246,-8.002770127083666,10.770721973281015,3.9486914878936417,14.336008314434219,8.418872760272205,0.6396515950947478
27.27317846,-8.092786618815698,10.473908757754606,4.116699278236559,14.262232599362717,8.521396028525716,0.680805253633568
27.28322446,-8.179710240731417,10.173114771438408,4.227143641708301,14.187568114100362,8.620917515804374,0.7233575773409991
27.29327046,-8.259576885350377,9.915496059452638,4.259169731410567,14.112065841329208,8.717634096099458,0.7666255301347236
27.30331646,-8.313526329950992,9.68297900231231,4.307060461730731,14.03589141034187,8.811888724426257,0.8102949051154358
27.31336246,-8.375060442204763,9.414692485988663,4.393121692887732,13.959136905448482,8.903627816403514,0.8546371207986321
27.32340846,-8.44694313571112,9.125094671317736,4.501896722387734,13.881712247939761,8.992564655386184,0.8999579990191088
27.33345446,-8.50652036314968,8.835079816320048,4.65254589543255,13.803627267248133,9.07859009992911,0.9465819650089676
27.34350046,-8.576294614900052,8.546946953989353,4.823839309751374,13.724892554076513,9.161711508487926,0.9948230486151715
27.35354646,-8.6814580159325,8.26839496554287,4.962930872731335,13.645279129074995,9.241986459041255,1.0446231959623296
27.36359246,-8.795633464310999,7.997381693515108,5.085629112428367,13.56456396503288,9.319500943291226,1.095738313488334
27.37363846,-8.911914147956752,7.722241001017956,5.201746678387853,13.482691219839612,9.394272096177385,1.1480530028061513
27.38368446,-9.018864070434462,7.433290540774738,5.290099435088369,13.399697187311757,9.466209819203357,1.2013947465547086
27.39373046,-9.08152385579056,7.140431504107147,5.377425016159648,13.315851205221477,9.535225113126323,1.2556189225938743
27.40377646,-9.116434591624357,6.8458764675070105,5.494526336919198,13.231515126403266,9.601289826159261,1.3108699349609365
27.41382246,-9.159589618107802,6.555132315349368,5.6095449399720305,13.14678692326093,9.664414581367074,1.367286885705308
27.42386846,-9.216434808729074,6.289510552183977,5.68859186294414,13.06155641902805,9.72474471058224,1.424678627586923
27.43391446,-9.25579631305215,6.009173675244979,5.785148746115131,12.975842668566496,9.782332489548136,1.4829524273867747
27.44396046,-9.290957387950588,5.68321607468374,5.894226782513322,12.88975459118951,9.836874851353555,1.5422591313876217
27.45400646,-9.338651094823339,5.360268774721761,5.9765775312517855,12.803250334243689,9.888157763843639,1.6025273821762107
27.46405246,-9.385636896713587,5.060391524746962,6.0439241186011445,12.71627050212532,9.93631222861941,1.6635475626839904
27.47409846,-9.416854078510589,4.747583373205357,6.1057254839407324,12.62889785641992,9.981389174623349,1.7252164533581045
27.48414446,-9.439829819592639,4.438240580747696,6.158275851342015,12.5412529996629,10.023341056435578,1.7874597327857762
27.49419033,-9.466588843828378,4.1566876769777945,6.1956021908941645,12.453359462578424,10.062324364696648,1.8501536516129602
27.50423633,-9.480322383448325,3.865666084301275,6.2271783520757245,12.365261393946934,10.098432135731091,1.9131944790008668
27.51428233,-9.492874792332536,3.581604784775968,6.249312640103192,12.277031290996137,10.131651265397991,1.9765050939751276
27.52432833,-9.49923479189036,3.3097300107759775,6.266672265959587,12.188706191017738,10.162077928167575,2.0400140868788275
27.53437433,-9.492980997243436,3.018559996925491,6.276318359430911,12.100380557572068,10.189676416967787,2.10365872951071
27.54442033,-9.491419282279876,2.7409286111752493,6.265587817347799,12.012094181431145,10.21441781633781,2.1672979249572384
27.55446733,-9.496160918240335,2.4876715127132023,6.251752012080739,11.923783042745274,10.236494760218397,2.2308200461373957
27.56451333,-9.505869106481093,2.225508406489097,6.245848614069757,11.835408112394251,10.255980551044074,2.294236694803096
27.57455933,-9.525526033486805,1.9556275414130164,6.226071867001162,11.746885681069344,10.272793885001915,2.3575243521000617
27.58460533,-9.562859353620787,1.718664935141078,6.168644616198189,11.658076987733057,10.287061344203174,2.4204242137157186
27.59465133,-9.579142374552541,1.4944231873761766,6.0999413008847005,11.568998979515563,10.299012173934111,2.482690521497794
27.60469733,-9.580333942415738,1.2554472607576916,6.034140995662631,11.47983319643858,10.308636261286617,2.544281217593898
27.61474333,-9.602952998148888,1.046807186646145,5.938346798943648,11.390547812599277,10.316011973467454,2.605060224506752
27.62478933,-9.608341089400941,0.8439446832690165,5.8516445507287305,11.301121748860666,10.321320708201565,2.664922551776703
27.63483533,-9.590966393227218,0.6086990515076738,5.806942502139898,11.211755893838543,10.324428825772879,2.7241248352638294
27.64488133,-9.562266584980781,0.36739490544636244,5.757224537687467,11.12262147105216,10.325143233810186,2.7828528470254295
27.65492733,-9.520580377797817,0.13864223027270395,5.69223503397325,11.033840597221273,10.323496546434432,2.8410046831744276
27.66497333,-9.471714313044874,-0.08058165254792449,5.634302751408025,10.945514567452323,10.319599672807872,2.8985390831909448
27.67501933,-9.424327090085011,-0.28857848134669034,5.586340793772921,10.857672017947523,10.313556869546844,2.9555415764389554
27.68506533,-9.38669940565196,-0.4818965193319561,5.53257525163105,10.770256498322585,10.305498261709966,3.0120330924555665
27.69511133,-9.344550861103505,-0.6787327444591549,5.478743056067195,10.683241694695827,10.295479909009472,3.067984145035682
27.70515733,-9.30782989164275,-0.8716133493314746,5.434163884228954,10.59662305263793,10.283504008671894,3.1234408773173366
27.71520333,-9.278325459557008,-1.054764474366831,5.414420135790743,10.510337060771976,10.269639300954983,3.178574515570462
27.72524933,-9.236819353340774,-1.2379519521427216,5.405933018420373,10.424407754839944,10.253934474436152,3.2335663501846117
27.73529533,-9.170908599597333,-1.4348436243978502,5.383241639469336,10.339018003795486,10.23632051034672,3.2884015752117386
27.74534133,-9.101321183710134,-1.6333059856383305,5.3569702170380085,10.254308860057087,10.216720682947038,3.3429908600875224
27.75538733,-9.046813862324305,-1.8125691737441652,5.325657931256676,10.170223044183977,10.19522354011298,3.397290901996973
27.76543333,-8.989081466280043,-1.985961069300915,5.279028942294477,10.086701008411547,10.171955010793697,3.4511994448833674
27.77547933,-8.924400915599266,-2.159151711759013,5.217391683492694,10.00379385287052,10.14694559738596,3.5045641664072438
27.78552533,-8.869621815992543,-2.3122076557029163,5.144206047981909,9.921486743152885,10.12029744737473,3.557251672532988
27.79557133,-8.812466978990031,-2.4550200753115647,5.057894599347855,9.839741877598808,10.092163150573366,3.609138024805091
27.80561733,-8.741024823120854,-2.6120018322051157,4.976358334974884,9.75864295473996,10.06252298762344,3.6601812780147416
27.81566333,-8.674831385460447,-2.7568640060631195,4.891899477180319,9.678235375467406,10.031366662609353,3.710390737725745
27.82570933,-8.609537357725475,-2.869379565501406,4.79054751105636,9.598488257733536,9.998917529240913,3.7596668696682047
27.83575533,-8.52737200675862,-2.9825784786599154,4.703039736977056,9.519481828458858,9.965334632076608,3.807994359135641
27.84580133,-8.429066145834877,-3.1002675561938036,4.631641749061578,9.441381906081526,9.930591984535072,3.8555236649605606
27.85584733,-8.316873502734685,-3.206010653500077,4.569608551438418,9.364339317689916,9.89472703717931,3.9023827459405203
27.86589333,-8.212734349320419,-3.3150960332565305,4.517761929266566,9.288383363912192,9.857783006383263,3.948669808585649
27.87593933,-8.141205602445842,-3.4342066002856404,4.4556743006101165,9.213309789997593,9.819692747346501,3.9943845794888837
27.88598633,-8.074679975139425,-3.569466870278437,4.378134127191891,9.138922259250037,9.780320864825354,4.03940248067297
27.89603233,-8.010908841857692,-3.7033268722138226,4.304655622484979,9.065196613085416,9.739601109948344,4.083657334306145
27.90607833,-7.949494756928226,-3.822453796357255,4.240659730572506,8.99209977227186,9.697610601741648,4.127221654045101
27.91612433,-7.872802206187977,-3.9327943201865923,4.166854389812323,8.919696641089281,9.65446747854378,4.170093798192342
27.92617033,-7.800771691906525,-4.032842669611314,4.0952505632381495,8.848040545862276,9.610267572035541,4.212235552092078
27.93621633,-7.730042222241921,-4.125358633216926,4.03286121338326,8.777101534034657,9.565100414982966,4.253704258266595
27.94626233,-7.637083160949423,-4.237734608552066,3.9743009386845363,8.70698472969804,9.518904085721093,4.29456543447698
27.95630833,-7.554754255734022,-4.3467826359874575,3.9070256368125933,8.637748396817186,9.471595543693304,4.33479453858625
27.96635433,-7.4954749061097266,-4.4233703760421275,3.8401127842225176,8.56922336220037,9.423354553205394,4.374349615595672
27.97640033,-7.417375243416952,-4.516614168752349,3.7941078205607823,8.501388382362451,9.37426049892842,4.413337506414047
27.98644633,-7.332701862778161,-4.614899063673311,3.7399876196291175,8.43437101152118,9.324204396053482,4.451822468530669
27.99649233,-7.283210444592772,-4.682284160213022,3.6895823345140126,8.368027550464408,9.27331613281143,4.489782399130879
28.00653833,-7.225876265213659,-4.755298173676042,3.6479960211657048,8.302220674384177,9.22172264483982,4.527280255932021
28.01658433,-7.122151229412043,-4.850114381893457,3.578107301815252,8.237222798741819,9.16928614566473,4.564218173643902
28.02663033,-7.028083583555842,-4.93238372507891,3.5027424042968045,8.173218435739434,9.115960145764939,4.600426482438252
28.03667633,-6.955300562647155,-4.988280288123594,3.446229407019995,8.110052163636201,9.06194013851816,4.635972368567045
28.04672233,-6.871557030810844,-5.049142465246884,3.3894656121569073,8.047672124407391,9.007333652119492,4.670949265368932
28.05676833,-6.79036914828902,-5.125673888656574,3.320178783224228,7.9861205356729235,8.952037037665368,4.70529300988748
28.06681433,-6.731583496399783,-5.178674552225482,3.2437980005308957,7.925272034001798,8.896089783538352,4.738905065992832
28.07686033,-6.670322789647384,-5.2232632969245065,3.1809729450465523,7.865026525190137,8.839652337813604,4.771817891173016
28.08690633,-6.5937164086225675,-5.288231764312033,3.125801538537483,7.805473522760353,8.782664586212528,4.804138020124618
28.09695233,-6.519611899500589,-5.351417263402843,3.0587877032379596,7.746677541131799,8.725033117237851,4.8358444126066065
28.10699833,-6.445237171678421,-5.417308823117654,2.9905446833647025,7.688627370710418,8.66675329419679,4.866871409905061
28.11704433,-6.368994620463081,-5.491642876809816,2.9340053209829198,7.6313337508816375,8.60776911789959,4.8972716252974475
28.12709033,-6.287141591162456,-5.559784700431584,2.8865029623693204,7.574834245153771,8.548069285270618,4.927149239125287
28.13713633,-6.20441808192627,-5.621517804948489,2.842914774010296,7.519161407378998,8.487717090877625,4.9565693051356705
28.14718233,-6.140007360460199,-5.68889996670549,2.8123319276952645,7.464227624845038,8.426716350502142,4.985616810038887
28.15722833,-6.079917025551187,-5.753237063072114,2.7790042164641706,7.409919211117254,8.365053984293102,5.014343292211549
28.16727433,-6.004783513093232,-5.800151519556943,2.731767903701678,7.356290026774772,8.302832801534068,5.042665101291702
28.17732033,-5.930595232821446,-5.841943041136295,2.6901182915384814,7.303410885797189,8.240166048647241,5.070540436370942
28.18736733,-5.860942948346849,-5.876907065561378,2.648564959061471,7.251249064195534,8.177107476294475,5.098000576227354
28.19741333,-5.793824278949869,-5.903113327666881,2.595895928742808,7.199779434875973,8.113747921950822,5.124984703987344
28.20745933,-5.750467458374143,-5.933952346073053,2.5426597541055176,7.14886472394254,8.050101829163161,5.151436869902841
28.21750533,-5.718608603524654,-5.95350286944204,2.4834028569375377,7.098327821346754,7.986202629707142,5.177323983118669
28.22755133,-5.678334207965001,-5.964130290055126,2.4235250972040605,7.048153244067793,7.9221518464385206,5.202612682952872
28.23759733,-5.644112565328079,-5.985099252024742,2.373747941894382,6.998352860388687,7.857942354540189,5.227350586148813
28.24764333,-5.614419069729828,-6.001336927904818,2.3140392010329727,6.948873522448942,7.793545973699937,5.251538541688287
28.25768933,-5.577239322669086,-6.014804700956908,2.2570340072295427,6.899730088807053,7.729000382389673,5.275140243133948
28.26773533,-5.543601248399634,-6.035559519115301,2.222137469120564,6.850942373081722,7.664282891003785,5.298280322180204
28.27778133,-5.5110242342688895,-6.049638430747557,2.1848705079564303,6.802487255745427,7.599390429793157,5.3210579239696125
28.28782733,-5.466483447165907,-6.057872849176055,2.137142729335194,6.754419501124727,7.534385888725636,5.343408597181078
28.29787333,-5.423187909297715,-6.075078813817459,2.1048295268948225,6.706792948364344,7.469253560613929,5.365357224544679
28.30791933,-5.380054698803273,-6.101422716129567,2.084883030191631,6.659600527207001,7.403902481520538,5.387043351439475
28.31796533,-5.328676288957324,-6.122622291745186,2.057448409493454,6.612882837918626,7.338312591537518,5.408491482981563
28.32801133,-5.270097312470893,-6.154595262933707,2.031417507122218,6.5667174645818,7.272455615851898,5.429671057201274
28.33805733,-5.221450717297493,-6.173554787372675,2.0062473772790637,6.521090685291407,7.2063428062407215,5.450593448636179
28.34810333,-5.160586528661794,-6.181027177715969,1.966006090623894,6.476013978668099,7.140097229121617,5.471187278526006
28.35814933,-5.095524775183575,-6.224926142800183,1.9236352105965595,6.431569798052034,7.0735936136841975,5.491366147502587
28.36819533,-5.065050216219545,-6.2670528818754025,1.8938094925189848,6.387605496333361,7.006657891134788,5.5111823729668865
28.37824133,-5.024325592942091,-6.290090175573797,1.8636434301218894,6.343998828107076,6.93939484964873,5.5306972597178685
28.38828733,-4.973434863170879,-6.3131067690002345,1.83470807430574,6.300852343799171,6.8719004794876675,5.549915280045159
28.39833333,-4.928559647076093,-6.325060616861512,1.807069169704459,6.2581868918373456,6.804230452800018,5.568849127862372
28.40837933,-4.871134268610483,-6.3397853924655285,1.771564650345274,6.216035295762001,6.736426419386703,5.587465806261033
28.41842533,-4.812977121052978,-6.365403715040108,1.7383960517987915,6.174464270714855,6.6684197425912135,5.60573753958846
28.42847133,-4.756341781131197,-6.3892081247393175,1.7097123184683538,6.13346984833233,6.600164815411537,5.623698588652861
28.43851733,-4.694717365824355,-6.408410460638306,1.6722792102412314,6.093069444700321,6.531693865348718,5.641327532822119
28.44856333,-4.631986465377473,-6.422527030272882,1.632551029249487,6.05329367781934,6.463055554423406,5.658568895835632
28.45860933,-4.580910098098356,-6.443600176208237,1.610349742757316,6.014089564844133,6.394240485556761,5.675499187133979
28.46865533,-4.539429163658785,-6.450617575780492,1.5901988356637773,5.975350367195478,6.325284317880053,5.692216743363939
28.47870133,-4.487964567468099,-6.4557166075894825,1.560326814286642,5.937078034947174,6.256267289368521,5.70868303442419
28.48874858,-4.439423171758586,-6.486654367372388,1.5314485804873808,5.899303333164221,6.187060637904338,5.7248562350954
28.49879458,-4.409635875284947,-6.4958689849105005,1.5060328020705007,5.861926776034071,6.117660911197353,5.740754704800539
28.50884058,-4.370403590146665,-6.491762895020996,1.476399580582857,5.824896904262342,6.0482355243559685,5.756376663379163
28.51888658,-4.322954678171885,-6.50167537263226,1.4411537140173651,5.7883024321437215,5.978780972029083,5.77167273429849
28.52893258,-4.2942899411283815,-6.500103063373236,1.4076890800881614,5.752090278884127,5.90928452703656,5.786623672373833
28.53897858,-4.2532667510386615,-6.5147026388602605,1.3721316004003228,5.716228168082516,5.839722646085779,5.801227912372477
28.54902458,-4.20315876669652,-6.528935907325098,1.3346050251008246,5.680823809170066,5.770015937759798,5.815465051162924
28.55907058,-4.159875486896286,-6.51193409477321,1.3016815643447361,5.645888554577422,5.700323135830789,5.8293483194222615
28.56911658,-4.122045919126643,-6.501949671043688,1.279157342816175,5.611360729818111,5.630765885766628,5.842953073973481
28.57916258,-4.08997600275051,-6.5052634409538275,1.251370870007927,5.577184010167674,5.561242142396596,5.8563051179070476
28.58920858,-4.0463838166014,-6.501489727635132,1.2213415530027554,5.543387341258203,5.4917207093222835,5.869366753128386
28.59925458,-3.9990882696204415,-6.512755419836207,1.1987291400866251,5.510047201432256,5.42216164403807,5.882163968940325
28.60930058,-3.972718758940926,-6.5237928494847965,1.180673842320771,5.477077081190943,5.352490550172805,5.894756910841508
28.61934658,-3.9393292902372625,-6.52866488494361,1.1618120638443457,5.444407130303063,5.282739543064306,5.907164418268725
28.62939258,-3.89709751340789,-6.53870514856748,1.1339253200991026,5.41211702493149,5.212913631477489,5.919337107868828
28.63943858,-3.8841156359248092,-6.534583685032535,1.1191614129344907,5.380104257745542,5.143057989757848,5.931295563249407
28.64948458,-3.860879507564084,-6.5523313817694495,1.1033021205275493,5.348273413602941,5.073133903468838,5.943100198298538
28.65953058,-3.830653060333126,-6.574302302182056,1.0785035907970912,5.316711111977543,5.003010310565882,5.954700609107072
28.66957658,-3.796592420614532,-6.582944214155921,1.0567051014314819,5.285471724389879,4.9327329494058265,5.966066963088691
28.67962258,-3.755167710426602,-6.58619942572291,1.0311694399037754,5.2546114997148035,4.86239582899425,5.977195557630369
28.68966858,-3.7424394932490155,-6.581972042267031,1.017305848233534,5.224023285193892,4.792063591802069,5.9881262497232335
28.69971458,-3.729764606268818,-6.610566154324483,1.0199111181327438,5.193562670465157,4.721608960532128,5.9990003912658425
28.70976058,-3.6873241467720126,-6.654872607729155,1.006933779819301,5.163378900121769,4.650788149721842,6.00982243390881
28.71980658,-3.658376792169326,-6.656533528395556,0.983959628035488,5.133553710768616,4.579736444791619,6.020463892217016
28.72985258,-3.6448056822108112,-6.6463789614458735,0.9761019189602526,5.103942091662949,4.508727403446683,6.030950482088127
28.73989858,-3.6071728336485305,-6.67471723726973,0.9477157555500575,5.074587670040939,4.437627025332066,6.0412550189877425
28.74994458,-3.581856941190889,-6.693715606007417,0.9185867440226986,5.045549439945056,4.366288875251795,6.051270657163652
28.75999058,-3.5499775230615285,-6.704300637666873,0.9129385196035411,5.016798501894261,4.294802127751355,6.061111609283397
28.77003658,-3.4978509004933613,-6.744160167657209,0.8986139430527911,4.988469526185895,4.223061997217744,6.070852238023871
28.78008258,-3.4582533049270667,-6.770914485450183,0.8792817903954809,4.960601281225211,4.150987265326723,6.080423809013533
28.79012858,-3.3974381585434505,-6.776476662716416,0.8494060849599571,4.933237409467337,4.07875020768099,6.089748208931998
28.80017558,-3.3330997586625273,-6.782385882586957,0.7913408603328008,4.906499522691696,4.006448332842888,6.098631765758698
28.81022158,-3.3035952520149503,-6.786522550676319,0.7489062784024985,4.88023567011621,3.93410319387414,6.107009627857117
28.82026758,-3.2692093542397433,-6.79766092636555,0.7338561001555832,4.854292739042139,3.861681328360495,6.115098744005165
28.83031358,-3.221187514057555,-6.816285166500875,0.7093932852625403,4.828763742035829,3.7891099652275617,6.122989386388672
28.84035958,-3.1952397714662806,-6.826358684315744,0.683765074333945,4.803606294243782,3.7163944532564184,6.130628421549479
28.85040558,-3.182996950625014,-6.829741923204416,0.6649796009154042,4.778640677651863,3.64361134799638,6.138044366773808
28.86045158,-3.1620555693594983,-6.821202095075997,0.6576954180785913,4.7538417453071276,3.570854144284091,6.145329364114765
28.87049758,-3.1064687619298557,-6.81947996837616,0.6447887505175289,4.729427214054207,3.4981484863709067,6.152512942814175
28.88054358,-3.046603062015733,-6.842106661189125,0.6189710730302904,4.705592600745666,3.42533782482211,6.159502009128409
28.89058958,-3.0344869613346375,-6.848380022900992,0.6257169118786201,4.6821195520215255,3.3523819982994585,6.166395277597158
28.90063558,-2.9860605141796928,-6.8519006685176045,0.5947000629041909,4.658950608515161,3.279376976477998,6.173166632782044
28.91068158,-2.9202748735398796,-6.8675116953832145,0.5208516831882298,4.636355352325793,3.206275856265659,6.179411249923217
28.92072758,-2.907424340781117,-6.876442702042298,0.5103386913156613,4.614155085635398,3.133051461418898,6.185232119894904
28.93077358,-2.8672275188695036,-6.88115291928723,0.49963804556187175,4.592221275807518,3.0597585467044954,6.190946433764791
28.94081958,-2.8071023953072993,-6.883796945490177,0.46916847279177715,4.5707913831117555,2.986428691625253,6.196453949627033
28.95086558,-2.7681277664414763,-6.886635659579695,0.452582982155282,4.549859268472435,2.9130712967415224,6.201725107905784
28.96091158,-2.7302308142894383,-6.880517823900888,0.42031301288221745,4.529313279784564,2.8397303728855086,6.20675086520941
28.97095758,-2.6990368684225325,-6.8754759115219395,0.3794749124489759,4.509114334677447,2.766445504444011,6.2114094006789005
28.98100358,-2.6729372454458913,-6.891765406905433,0.3535146509204865,4.489203175166631,2.6931041393930872,6.215732407976256
28.99104958,-2.640202118821342,-6.914606387842373,0.3396743622227118,4.469587542603064,2.6195662219596016,6.219855497109826
29.00109558,-2.615997330138756,-6.930680330335288,0.3236471481961586,4.450257919234078,2.5458328348657044,6.223828561777214
29.01114158,-2.594854707423682,-6.945312894599992,0.2962245153421354,4.431156075912547,2.471945208988391,6.227583377863718
29.02118758,-2.5699374161340587,-6.942475113625898,0.2725414553057459,4.412285591539062,2.397998337914606,6.231081490054835
29.03123358,-2.5586135123836775,-6.927789615669884,0.2675844108631723,4.393597146688261,2.324139486270889,6.234435743001152
29.04127958,-2.5497000906787726,-6.941128822134299,0.275254098222666,4.3750103539232175,2.2502873970493056,6.237803621552843
29.05132558,-2.5315867996664787,-6.966152723477677,0.28528059489354224,4.356559316336162,2.17624260993723,6.241260388036917
29.06137158,-2.5140794237013226,-6.973506104265422,0.2920433163689397,4.3382872013593285,2.102035191737013,6.24480148676374
29.07141758,-2.4830166135360647,-6.9824478111450405,0.27807837807974445,4.320259054427433,2.027745923311441,6.248306408755508
29.08146358,-2.4433140593862754,-6.984661350949773,0.22767331750249237,4.302586361920483,1.9534006220817481,6.25148800024297
29.09150958,-2.410107899302969,-6.9757484597383845,0.16086944793103214,4.285279889885132,1.8790889716941965,6.254080851274295
29.10155658,-2.3843133173675346,-6.979941388261808,0.11936454388630016,4.268268085354631,1.8047936349009976,6.25612987127921
29.11160258,-2.3669450452025425,-6.983472123625555,0.1185952469037376,4.251474781062591,1.7304668969223194,6.257966344028901
29.12164858,-2.3447150691961616,-6.987820307724941,0.13378058111123267,4.234880378771109,1.656100583131181,6.259875228533572
29.13169458,-2.3158970438718347,-6.995688455608377,0.1301029346014088,4.218542390590308,1.5816729067044673,6.261841916153549
29.14174058,-2.2838889696633453,-6.997202151437067,0.08032865835612227,4.202509931907468,1.507198105276812,6.263540114765527
29.15178658,-2.2602186472699697,-7.009766170319084,0.047865947737946155,4.1867571458107555,1.432652591488166,6.264825236992489
29.16183258,-2.2485498536821384,-7.0322268482100725,0.057055208560887846,4.171181868093619,1.3579311486476282,6.26599345668113
29.17187858,-2.2355380725187852,-7.047821962025733,0.059449106270788664,4.155730560903454,1.2830185515653216,6.267219858575082
29.18192458,-2.203063274244287,-7.060696156649744,0.04084100160360861,4.1405077328018045,1.2079629531467528,6.268364816507487
29.19197058,-2.1724229863958167,-7.076361714209897,0.016325398105143024,4.125601931777757,1.1327639995529566,6.269293164053775
29.20201658,-2.154826583405521,-7.09420262872318,-0.0077369197950502705,4.110938423651788,1.0573967429499405,6.269977504700879
29.21206258,-2.1289512194150912,-7.1331444674725555,-0.03501331931062583,4.096493274211358,0.9817442665772589,6.270403970970404
29.22210858,-2.102182714135701,-7.173258169510321,-0.057706065639529694,4.082312554926283,0.9056946942232269,6.270579442220351
29.23215458,-2.079553145709025,-7.177975709673011,-0.08096171274661132,4.068379962165423,0.8294199345396276,6.270524114690068
29.24220058,-2.049337957521324,-7.163808918389019,-0.1079386821657975,4.054712808617046,0.7531926384444052,6.270216468726975
29.25224658,-2.0203076341181583,-7.1529071012247085,-0.15851791850329683,4.041343245273383,0.6770912619693945,6.269519257942367
29.26229258,-2.00698467536746,-7.148698142298019,-0.2218215566626635,4.028186422465977,0.6010657869227174,6.268250013479159
29.27233858,-1.9958012247662906,-7.1670977253020585,-0.2613487007811459,4.015152695352754,0.5249690323712954,6.266464249996571
29.28238458,-1.9863099177402366,-7.188818060413931,-0.2678233028596697,4.002222817547086,0.4486707554711806,6.264447419742835
29.29243058,-1.9785348514355203,-7.176619496348948,-0.274244468147784,3.9893796687346565,0.37232465071507015,6.262365814049616
29.30247658,-1.977286712750141,-7.139235225892943,-0.30209292646947694,3.976581843480899,0.2962276005367812,6.260112072037007
29.31252258,-1.9743788785426903,-7.122948817681855,-0.33772887649308,3.9638048936789776,0.22040013817744253,6.257539447841277
29.32256858,-1.947358296197315,-7.150431190221476,-0.33867064104563177,3.9511782743134063,0.1445164384892763,6.254783093785233
29.33261458,-1.9157009440836048,-7.179876396269421,-0.3173179044893145,3.938846394212618,0.06834679157384116,6.252129264041562
29.34266058,-1.899033253376409,-7.186533095527958,-0.3251034734341532,3.926757250801918,-0.008004195211920972,6.249543582180804
29.35270658,-1.8965691962760913,-7.206541082081063,-0.3335477898637614,3.914764206160461,-0.08448911871451692,6.246876377605812
29.36275258,-1.89220862600311,-7.20295447775549,-0.32300857338683997,3.902805441622297,-0.16105652682004035,6.244219695713755
29.37279858,-1.865369964797086,-7.17839114274354,-0.3258416927939664,3.8910033908238457,-0.23748253778029849,6.24160172154728
29.38284458,-1.814619260363135,-7.220275743285533,-0.34156492327827503,3.879591071409015,-0.3139955534572909,6.238890538835301
29.39289058,-1.7740036951033777,-7.2561810529172925,-0.3403965491904255,3.8686376847668473,-0.39089930785307914,6.236106247079643
29.40293658,-1.763032305836597,-7.247019629971668,-0.35202604599417664,3.857943419397275,-0.4679373967916973,6.233269409104583
29.41298258,-1.7605446761789625,-7.2651497443928115,-0.3796408068715454,3.847316758679751,-0.5450205354676214,6.23023544722319
29.42302958,-1.755683673349219,-7.271226855231815,-0.4054788097231055,3.8367259560173412,-0.6222329521576064,6.226932663376248
29.43307558,-1.742415683577302,-7.270278132710529,-0.43140115105131843,3.8262272694106407,-0.6994634436205054,6.22337021605383
29.44312158,-1.7107865001396165,-7.320491831715568,-0.4347607671080669,3.81595410130498,-0.7769413930602855,6.219660685459468
29.45316758,-1.6887784036949391,-7.349258053798301,-0.43265727109171503,3.8059503532561596,-0.8548160586436833,6.215944845374143
29.46321358,-1.6929252709432243,-7.3581792680350215,-0.46117635609568797,3.7960363221615943,-0.9328800282197456,6.212096319785331
29.47325958,-1.698163873533724,-7.382646957094355,-0.47023307961204963,3.7860751478520314,-1.011111710257036,6.2080590509103235
29.48330558,-1.7036189471417778,-7.388078917108568,-0.4802678082465745,3.776060259206922,-1.0894935782316209,6.203925885671161
29.49335087,-1.6898679857561398,-7.403984750195294,-0.501868327301694,3.7660877456622863,-1.1679770787357233,6.199634119924388
29.50339687,-1.6575405989884253,-7.427424969470094,-0.48595608279377484,3.756345978804262,-1.2466637616660678,6.1953134786330315
29.51344288,-1.6333801626898412,-7.427945727430794,-0.49480047805263694,3.746887940866774,-1.3254708790312577,6.191028334882934
29.52348888,-1.6210076455314515,-7.40865114663378,-0.5167065080593168,3.7376134173692233,-1.4041836170381492,6.186588736012246
29.53353488,-1.6136350895554674,-7.386800175719749,-0.5415028171180104,3.7284380733740257,-1.482689680938825,6.181914551292431
29.54358088,-1.5971202913095377,-7.394720842425267,-0.5892289963519655,3.7193827155590817,-1.5611257729214296,6.176876086113923
29.55362688,-1.5558290853338184,-7.430341547337218,-0.6014569991060617,3.71061771730335,-1.6397805732136739,6.171536471079291
29.56367288,-1.5137353420016098,-7.463102539111273,-0.6078148253567965,3.7022715616479864,-1.7187788547683667,6.1661034994255655
29.57371888,-1.502315964898914,-7.481389067841356,-0.6526497483537046,3.6941942023965684,-1.7980335480185836,6.160413386592368
29.58376488,-1.5032340092703746,-7.479958608574311,-0.704316573449781,3.6861695913394623,-1.8773729093056852,6.154238545478502
29.59381088,-1.4958245801607206,-7.493523464563177,-0.7606098422576615,3.678177586507891,-1.9567732216675182,6.147521420812956
29.60385687,-1.4665404395033486,-7.532518426395271,-0.8088599277582493,3.6703699012492024,-2.0364374626947477,6.1402791820878
29.61390287,-1.4366442461584252,-7.54599645938348,-0.8417494006620349,3.6628594710362705,-2.11636535487448,6.132629372151699
29.62394887,-1.426736858715146,-7.54683079409912,-0.8949368174411885,3.6555489742096334,-2.196365138077187,6.1245471979987185
29.63399488,-1.430446597657986,-7.537988035170839,-0.9481761380924164,3.6482696009253814,-2.2763247745585096,6.115930433766325
29.64404088,-1.4477859682186982,-7.525590156994364,-0.9987415773530771,3.640884505210126,-2.3561776397262193,6.106792266802195
29.65408688,-1.460971071194364,-7.552195745079071,-1.0560739065706801,3.6333460850642982,-2.436101870220827,6.097112129346995
29.66413288,-1.4494702165136277,-7.576466850598078,-1.074585829206261,3.6257992049392858,-2.5162816543473783,6.087051026214741
29.67417888,-1.4365762962290933,-7.583843270030799,-1.0780337352776588,3.618374859768922,-2.5966204039917606,6.0768796188628915
29.68422488,-1.4304867051865702,-7.595422910931596,-1.0862367049589436,3.611045868775957,-2.6770543699272,6.066649689162135
29.69427088,-1.4328951818489,-7.61604000996693,-1.1150192575000477,3.603735368020521,-2.757650060087368,6.056233981183253
29.70431688,-1.436451447397294,-7.64626805201047,-1.1630393310901483,3.5963949063649583,-2.8385011453911444,6.045432493613317
29.71436288,-1.4320342727430813,-7.665359729605662,-1.19454702664233,3.589058769055841,-2.919599963646667,6.03423153805898
29.72440887,-1.4340262633626164,-7.680591979553052,-1.2252418507157128,3.5817348207365445,-3.0008711100911674,6.02271815070924
29.73445487,-1.4293622043535386,-7.685114530428375,-1.252136793337111,3.57442428692635,-3.082241565799266,6.010915478500715
29.74450088,-1.4321322169538577,-7.67805631045395,-1.2907238677216823,3.5671232596436795,-3.1635993658266788,5.998783878044732
29.75454688,-1.4472421498405765,-7.689603995208221,-1.3447280883463149,3.5597324286624126,-3.2449796354504814,5.986187203589954
29.76459288,-1.4386721405971477,-7.703780286736734,-1.374674966765732,3.552308747644691,-3.326489116607158,5.97316884276468
29.77463888,-1.4345433943380415,-7.707870185717414,-1.4116694047430947,3.5449488524758532,-3.4080903488387877,5.959814235707139
29.78468488,-1.4406325859371878,-7.7162922477769875,-1.4562910507682438,3.537579109990075,-3.489754428650693,5.946049671059659
29.79473188,-1.4471659699168957,-7.707789051516093,-1.495395096625194,3.5301452243961844,-3.571426229899462,5.931863140245249
29.80477788,-1.4649487870653495,-7.705514092256597,-1.5425895153288283,3.5225899384350097,-3.6530357634990995,5.917244544259958
29.81482388,-1.4662899636046314,-7.735335574988719,-1.5845227512259663,3.5149385926535377,-3.7347836632861346,5.902178260065606
29.82486987,-1.4809763518005954,-7.7454828518047885,-1.624011756588314,3.507206748110846,-3.8167322445789793,5.886703007357812
29.83491587,-1.5193529293372028,-7.750209612340992,-1.6666462525099468,3.4992083605948405,-3.8987556197348505,5.870815232898665
29.84496188,-1.545372789935121,-7.77400031742072,-1.7168996134518348,3.490886501486333,-3.9809223199108965,5.854460866455026
29.85500788,-1.5607460255754253,-7.785597452952639,-1.7622170300622233,3.4823567331391683,-4.063266691419948,5.837626464275209
29.86505388,-1.5680383430131573,-7.795686559601992,-1.802897394792433,3.4737131157188905,-4.145719992923504,5.820360095239711
29.87509988,-1.5796732100216715,-7.818530190342995,-1.8594651961153108,3.4649744270511373,-4.228338715566939,5.802605248666135
29.88514588,-1.6199985997215236,-7.832927829384196,-1.9140030137090327,3.4559747420139466,-4.311144501108496,5.784292318568741
29.89519188,-1.6691475495493124,-7.8360627528806805,-1.9504612909146937,3.4465256273693026,-4.394038352711676,5.7655223150871695
29.90523788,-1.7056084423173974,-7.852192131032208,-1.9884792504570084,3.436646494485295,-4.477028968902063,5.746378217468406
29.91528388,-1.7312891989368349,-7.87784184169517,-2.0260492517933737,3.426455224096424,-4.560229441455538,5.726854441522156
29.92532988,-1.7789822144655059,-7.905064741532768,-2.05648586769725,3.4158953972500434,-4.643695493131556,5.706989068337507
29.93537587,-1.8295490316673708,-7.929138054544816,-2.069733528111466,3.4048420222666334,-4.7274191223443935,5.68690428902574
29.94542187,-1.8591960809176764,-7.937192724044144,-2.0717511757943066,3.3933857220292687,-4.811304213753713,5.666742812078575
29.95546787,-1.8978561619596355,-7.934657640531054,-2.087811056487088,3.3815863150764383,-4.895217030043436,5.6464905317063785
29.96551388,-1.9240963142076808,-7.937194685092781,-2.1120435716279222,3.369460902181917,-4.979129939712113,5.626035842268902
29.97555988,-1.9317514130803288,-7.93520730320016,-2.1243313435602538,3.3571652455108936,-5.063045526807771,5.605397731790465
29.98560588,-1.943136189796518,-7.923831505668828,-2.12557710946126,3.3447739515447843,-5.146893990653213,5.584691642351485
29.99565188,-1.9726461735404697,-7.91718281298299,-2.138227157053488,3.33217724319689,-5.230651917484268,5.563915754241336
30.00569788,-2.0165083879477512,-7.913130211952743,-2.1631191389330766,3.3192119862976774,-5.314356091716982,5.542951292517149
30.01574388,-2.045756996278701,-7.9135908843812395,-2.1830896218713387,3.305879493735855,-5.398042223692334,5.521761486632182
30.02578988,-2.0876242956188644,-7.918533604078676,-2.2091455735350745,3.292189785969793,-5.481755496906361,5.500340489966202
30.03583588,-2.183660553070589,-7.913368801213662,-2.233545506126911,3.2778073886379673,-5.565467654596606,5.478666053393614
30.04588188,-2.264935544481374,-7.917017811633711,-2.249831515473418,3.2625343569031138,-5.649172198461406,5.45678725133467
30.05592787,-2.3069301754832385,-7.9304673321792505,-2.274451342672847,3.246642157674316,-5.732962544840506,5.434703001241898
30.06597387,-2.3850623744918917,-7.915591078335985,-2.2815364542905248,3.2301465455589344,-5.816745808144987,5.412459475258305
30.07601988,-2.493925002111484,-7.891780673986815,-2.286000624627563,3.2127116410743497,-5.90033483157157,5.390157915032031
30.08606588,-2.5744440088321325,-7.901717702802357,-2.3243113832870166,3.1943254899955207,-5.9838540858266445,5.367641518536829
30.09611188,-2.6409397096724683,-7.91729990915132,-2.3478790508489475,3.1752008840406223,-6.0675015231999545,5.344814306706719
30.10615788,-2.7405552868778535,-7.92681753427042,-2.3505698141668243,3.155241901136087,-6.151275037026755,5.32185519877829
30.11620388,-2.8507116385176854,-7.96133934554567,-2.365290702272797,3.1342292338329703,-6.2352697609425345,5.298808632124768
30.12624988,-2.9220511811321015,-7.986972120972435,-2.3638952359345584,3.112304912653018,-6.31956664134732,5.275695131877706
30.13629588,-2.9812111736268365,-7.989696093009136,-2.348183072477279,3.089725092308207,-6.404005957694612,5.252667563255107
30.14634188,-3.0634085414700403,-7.9958075867625515,-2.3384346117481756,3.066435233942414,-6.488489654586599,5.2297678833477885
30.15638788,-3.1465815123323417,-8.009381016837981,-2.3129662697138342,3.0423147203653134,-6.57307222885095,5.2070450974407585
30.16643387,-3.206197936320085,-8.021652389652088,-2.2677636675932713,3.0174770003818896,-6.657784537235705,5.184677313951606
30.17647987,-3.2487692961129797,-8.027776283092534,-2.2388233225603162,2.992125966436518,-6.742589329367396,5.162681928220611
30.18652588,-3.2893397647100415,-8.034308310559881,-2.2162371766651088,2.9663572854364872,-6.82745777666954,5.140945338416516
30.19657188,-3.3233702836263075,-8.043480809506756,-2.1866376381371646,2.940213909326838,-6.912405023328098,5.119470898942318
30.20661788,-3.3566413957335994,-8.053643885716376,-2.1682817229332882,2.9137324771245634,-6.997449392580672,5.098237339712215
30.21666388,-3.3957486060629805,-8.064028139506751,-2.1575198490548404,2.8868874886086804,-7.082596971071828,5.077150039136672
30.22670988,-3.424037088624324,-8.079376458662901,-2.143460533371384,2.859703971527404,-7.167873804276928,5.056187415396291
30.23675588,-3.4399589937979886,-8.089697254270659,-2.1234799595474656,2.8322983856685475,-7.253279573445461,5.035395774020914
30.24680188,-3.4793230806315796,-8.0843186085749,-2.1026095063797294,2.80461509827183,-7.338710167032995,5.014809327354115
30.25684788,-3.525329160173172,-8.079679924109099,-2.0810750358911703,2.776502996529418,-7.424090443571133,4.994435880618842
30.26689388,-3.5472880479380713,-8.08348049793271,-2.054287886345677,2.7480495067562103,-7.509466510279543,4.9743051533809926
30.27693987,-3.5877169374059052,-8.08336870724713,-2.0184376787791973,2.719282671813117,-7.594861020742039,4.954489073313289
30.28698587,-3.658602874244309,-8.078789596463007,-1.9805503446501056,2.6899566738623477,-7.680232053810041,4.935043357192158
30.29703188,-3.721900812909136,-8.090296451316863,-1.9546859848547982,2.6599566404422816,-7.765637969951271,4.9159178467916895
30.30707788,-3.779075028920653,-8.115957905855593,-1.930500145902024,2.6293515052519076,-7.851230497495844,4.897043757577445
30.31712388,-3.8546983314259444,-8.127382505246539,-1.88758283959684,2.5980793281260333,-7.937009308289275,4.878506727461838
30.32716988,-3.9237917079477085,-8.131906103596245,-1.8447928389918617,2.566080239121405,-8.022868226879956,4.86040020514884
30.33721588,-3.9563075184030536,-8.1352973920853,-1.8149671225137045,2.5335707671705947,-8.108766901947229,4.842658431582752
30.34726188,-3.9908049436787985,-8.124410605403968,-1.780483567092998,2.5007246877366924,-8.194627927127112,4.8252396834894045
30.35730788,-4.033399642340379,-8.127559952909861,-1.7550167275768138,2.4674913745642613,-8.280450087149985,4.808122066229831
30.36735388,-4.042032790908287,-8.144707868999584,-1.7374887518492415,2.4340007439152043,-8.366374200327902,4.7912204119272275
30.37739988,-4.0332414063664626,-8.148216894282928,-1.7067434590415151,2.400510908085435,-8.452402073322332,4.774561234252477
30.38744588,-4.0333111502393235,-8.159525541687715,-1.6746913900619007,2.3670648810567414,-8.538504375486708,4.758217487725978
30.39749187,-4.032991139356788,-8.178507121430492,-1.6346837759067574,2.3336201444108813,-8.624758739602512,4.742235712896483
30.40753787,-4.037076060796555,-8.189126790441197,-1.5881497660842667,2.3001564633276548,-8.711161876650307,4.726688620735615
30.41758388,-4.044277310763343,-8.203222924772302,-1.551657174935037,2.266636058438573,-8.797689247309378,4.711558556130658
30.42762988,-4.04338050943791,-8.225599964402766,-1.5302271305511645,2.2330840196708355,-8.8843997365902,4.696719451984748
30.43767588,-4.043785595264293,-8.240333329697142,-1.5140014077438455,2.199534450790063,-8.971296631434925,4.682069492757446
30.44772188,-4.036574686841964,-8.242722700035511,-1.4909023559043135,2.166019067556192,-9.058279533780738,4.6676170618731945
30.45776888,-4.0188554982485085,-8.261299314259514,-1.4717383741952195,2.132625584472832,-9.14537641721132,4.653375500712562
30.46781488,-4.000474733617106,-8.292239436682129,-1.4544793941064467,2.0994167551813163,-9.232713354265762,4.639318309582935
30.47786088,-3.978895819049887,-8.304298324346789,-1.4454941959970145,2.0664086433584075,-9.320266275347905,4.625392942960394
30.48790688,-3.965330458453095,-8.312981512952321,-1.4597821477205704,2.033577061229657,-9.407923383879124,4.611440940606453
30.49795358,-3.9586474413494988,-8.329714098772447,-1.4604218541391871,2.0008449061016353,-9.495714272642061,4.597412979232792
30.50799958,-3.93790741347629,-8.348680314505367,-1.4352148156784272,1.9682527775289937,-9.583678359688422,4.583509396960851
30.51804558,-3.9067633106784374,-8.358788519427517,-1.4114895654237753,1.93592126294471,-9.67178848754973,4.569851601575128
30.52809158,-3.8709822381385575,-8.357793703472446,-1.399385168493728,1.9039259135161384,-9.759944391963852,4.55637377850721
30.53813758,-3.820600776123591,-8.356405419319954,-1.3949312821885431,1.8723633584986494,-9.848088326066103,4.542979127695985
30.54818358,-3.7729214622233767,-8.350294839041915,-1.3813886429723052,1.8412933627585772,-9.936194593372317,4.529674873432455
30.55822958,-3.7415355995842856,-8.346442727079554,-1.3575112412500163,1.810620511400268,-10.02425081807541,4.51655858003456
30.56827558,-3.7014562214567963,-8.34805419860808,-1.3364443833683335,1.780306629946315,-10.112295788041633,4.5036680416526504
30.57832158,-3.6519940389838315,-8.351116042734589,-1.3187756399082502,1.7504425157512653,-10.20036423207236,4.490972072196286
30.58836758,-3.620934874508462,-8.346051543926391,-1.2987524547111287,1.7209828602819428,-10.288422616768624,4.478465429297565
30.59841358,-3.5963791280212085,-8.327141472754352,-1.2808869662165143,1.6918025585103802,-10.376360577199874,4.466149101206799
30.60845958,-3.5553531729716856,-8.30801858404773,-1.277780117354365,1.6629516736256313,-10.464107498073687,4.453938117166571
30.61850558,-3.5123332307281188,-8.29697129891964,-1.287882841780662,1.6345229512829942,-10.551702874164297,4.4416919928433884
30.62855158,-3.480540595676956,-8.295161843329241,-1.2881025906545904,1.606470012516107,-10.639233670846275,4.4293940187368195
30.63859758,-3.461809457422727,-8.310636551302755,-1.2797878287272466,1.578670854662537,-10.726833108090977,4.417136705880817
30.64864358,-3.438048753873554,-8.334254491076802,-1.278459287302083,1.5510851333303322,-10.814628907705346,4.404927831337551
30.65868958,-3.4125602834365294,-8.36476252915475,-1.2864796186952305,1.523746790599068,-10.90269658210643,4.392685343933279
30.66873558,-3.398307980458962,-8.398747878047446,-1.2825589328282874,1.4966080657726675,-10.991088206790272,4.38042226400953
30.67878158,-3.3806617149304463,-8.414710431340229,-1.2537759510697473,1.469629567455872,-11.079730719786788,4.368323454608262
30.68882758,-3.358475416880105,-8.421321354167913,-1.2232400732803315,1.442851148105925,-11.168486619353892,4.356522603838501
30.69887358,-3.330203435589138,-8.42942672037398,-1.2033300861851208,1.4163261806931207,-11.257316438840782,4.3449751426480585
30.70891958,-3.2955498027653753,-8.425330326338301,-1.1835597521815244,1.3901172886400097,-11.34616639539488,4.333626995710496
30.71896558,-3.2666227934546237,-8.412863957619637,-1.1592774556033305,1.3642277621523462,-11.434933157191665,4.3225001251363455
30.72901158,-3.2209749224238053,-8.412137116497016,-1.149459608570041,1.3387128252886278,-11.52363364949545,4.3115445395835525
30.73905758,-3.1449162224397824,-8.423085421637786,-1.1623488025933426,1.3138092205311231,-11.612385484212963,4.300573526654832
30.74910358,-3.0710041405593067,-8.429301608866695,-1.1593427058515402,1.2896589190109253,-11.701223536175652,4.289552870928466
30.75914958,-3.0022226724763783,-8.421235841289544,-1.1479779191602344,1.26622536719219,-11.79005229769625,4.278604400149584
30.76919558,-2.9317339589486893,-8.41247171146955,-1.1826219271318967,1.2434913694956808,-11.878796522642252,4.267538997842208
30.77924158,-2.862407551949379,-8.397369107780639,-1.2287371112136367,1.2214596631495862,-11.967420864985812,4.256067942113152
30.78928758,-2.80567471539926,-8.378425474651156,-1.247422630406445,1.200061152383837,-12.055874193081829,4.244271392451546
30.79933358,-2.7426410200357374,-8.360378307288542,-1.2609212113268706,1.179264228907897,-12.144141716386976,4.232313182055074
30.80937958,-2.6547826709794515,-8.324928553209224,-1.2864979350266996,1.1592252361710678,-12.232140524655753,4.220158696403488
30.81942558,-2.571610282320864,-8.296169200078866,-1.330828822944348,1.1400453308297838,-12.319816810578983,4.207653064818753
30.82947158,-2.5118732016773646,-8.293185258838585,-1.3594868689453565,1.121583259752807,-12.40733364993459,4.194780809818944
30.83951758,-2.460973219797359,-8.303127589444978,-1.3671919396690955,1.1036769186408826,-12.494885441279981,4.1817259028838265
30.84956358,-2.395385222920458,-8.31714930637626,-1.4024348442608618,1.0863556966462529,-12.582557604036186,4.168455268268694
30.85960958,-2.329354376906641,-8.332725492073312,-1.4433363294689967,1.0696955960994678,-12.670378437057263,4.154802160383603
30.86965558,-2.2717635730686117,-8.353191979510294,-1.4457708105871427,1.053656447099888,-12.75838031242549,4.140931375939654
30.87970158,-2.2039730839742075,-8.376517596939625,-1.4401748816141955,1.0382470883347086,-12.846602155536463,4.12707647144828
30.88974758,-2.1232139012452875,-8.391041747467224,-1.477009670296926,1.0235838945710931,-12.935014118031914,4.113064654164578
30.89979358,-2.047439275024839,-8.384538993766164,-1.528936836109754,1.0097069701298302,-13.023466372003593,4.09860698558345
30.90983958,-1.9797444737386296,-8.365057421679552,-1.55907781440439,0.9965506926229377,-13.111788106706841,4.0837370887144715
30.91988558,-1.9047251633029754,-8.348756638943442,-1.58931657242677,0.9841112680992232,-13.199930106641814,4.068563904429971
30.92993158,-1.8209591867494415,-8.343114084758946,-1.607582275195102,0.9724694220720487,-13.287961885195465,4.053147082238914
30.93997758,-1.7393967148351184,-8.341150590913225,-1.6060157106905448,0.9616580208415382,-13.375955458569832,4.037646380276365
30.95002358,-1.6710670939354253,-8.331562731280068,-1.6117607069994508,0.9515995275932259,-13.463891009495672,4.022124690050861
30.96006958,-1.6123590542491768,-8.31733273857298,-1.6241791651226274,0.9421791445140393,-13.551706923349208,4.0065117647937445
30.97011558,-1.5531776972008786,-8.302048775091096,-1.6271268507369345,0.9333509198746484,-13.639374588600838,3.99082165539663
30.98016158,-1.4820096338541844,-8.275437238799109,-1.627422905415818,0.9251774403739006,-13.726831812757071,3.975115252692028
30.99020758,-1.4109216644621982,-8.251436728707532,-1.6385533027374506,0.9177185129256067,-13.814034812604323,3.9593514549190276
31.00025358,-1.3572813610787433,-8.249495682873444,-1.6507624203953801,0.9108860955914526,-13.901107508016157,3.9434704227622843
31.01029958,-1.2999878458676641,-8.249659571454238,-1.6631395164009013,0.9046108988281087,-13.98817127676714,3.927465894054304
31.02034558,-1.2271919469813004,-8.236721009507177,-1.6967695290043137,0.8989891411917732,-14.075170878333774,3.911230271639787
31.03039158,-1.1537042122540324,-8.223291269585143,-1.7358928316498294,0.894102166247075,-14.162038031920117,3.894629209322775
31.04043758,-1.0771475173964749,-8.216186115314466,-1.750679520912683,0.8899688644721859,-14.248802038732933,3.8777573571164066
31.05048358,-0.9863719826158992,-8.20274306654002,-1.766265260847948,0.8866760724867682,-14.335462831921882,3.860732944198171
31.06052958,-0.8986233187812953,-8.191740643917015,-1.800693087859279,0.8842800075509913,-14.422000835507971,3.8434573131331673
31.07057558,-0.8096874889974985,-8.181557841045432,-1.8343570103142708,0.8827714288266666,-14.508432425706404,3.8258396572105955
31.08062158,-0.7121814330891021,-8.15069236676398,-1.8627748768386097,0.8821993476941667,-14.594657830408693,3.8079101644619797
31.09066758,-0.619393758026552,-8.109233964450555,-1.8971197061598635,0.8825831119723393,-14.680519952278878,3.7896654146921254
31.10071358,-0.5220278154695552,-8.07109341646745,-1.9369530849460141,0.8839220178718126,-14.765982248621695,3.7710480677829543
31.11075958,-0.41799571411920505,-8.037981525394054,-1.968248412822718,0.886272546145829,-14.851086643963129,3.7520734413802153
31.12080558,-0.32115854864615667,-8.008958494693356,-2.0035757502891887,0.8896320407471059,-14.935878935592493,3.732764169329458
31.13085158,-0.23401444880495603,-7.982517866883999,-2.0544472248972365,0.8939156732440523,-15.020392633265189,3.713021920645643
31.14089758,-0.1472744151803811,-7.9548347516954365,-2.1070606491375976,0.8990727257433946,-15.104634467376776,3.6927598673149196
31.15094358,-0.06011041858809829,-7.925527709012765,-2.160190312488871,0.905103298186523,-15.18859003992538,3.6719666664552237
31.16098958,0.027879820432059055,-7.892461132793985,-2.206823024116961,0.912013670355126,-15.272232309786238,3.6506723591860064
31.17103558,0.12191657035120651,-7.848852494268541,-2.2491410792307507,0.9198383640891787,-15.355489440043467,3.6289312522154376
31.18108258,0.21126117896725738,-7.8138040634975,-2.294810861572237,0.9285850529643263,-15.438359724103178,3.6067459741878354
31.19112858,0.3063377595498742,-7.782801713737106,-2.3366685187963308,0.9382572188956413,-15.520889986830692,3.584123253980798
31.20117458,0.4090213627815369,-7.741758639723514,-2.3606869904886416,0.9489227342302513,-15.603058365394588,3.561169637978214
31.21122058,0.5112762701153081,-7.703090648175672,-2.3754728781366423,0.9606176557034392,-15.684826355276172,3.538021107678663
31.22126658,0.6134525307171518,-7.672820451402476,-2.4093336300900847,0.9733394349331661,-15.766248068637845,3.514628225308386
31.23131258,0.714576444686733,-7.646310435383087,-2.450734632363734,0.9870823909397597,-15.847384574990631,3.490857303146634
31.24135858,0.8237887891099361,-7.619614564797366,-2.4882067111001254,1.0018818659722637,-15.928253828175004,3.4666902014989693
31.25140458,0.9396585683151294,-7.587521220393276,-2.523990715190726,1.0178119285117528,-16.00882778313248,3.4421551345472645
31.26145058,1.0578875233515386,-7.54439012446369,-2.554207355343788,1.034917868993345,-16.089023885726192,3.417288546359515
31.27149658,1.1712562659659558,-7.504027664717558,-2.5953110168050433,1.0531871247102291,-16.168800600189712,3.392063716296766
31.28154258,1.2763742717513376,-7.470433522105811,-2.643663005468521,1.072553839364323,-16.24820583063959,3.36638955050344
31.29158858,1.3811158283296385,-7.432775643444526,-2.680822589760712,1.0929746786001768,-16.327253162186615,3.340285860079158
31.30163458,1.502098216738501,-7.367596714327425,-2.7056597880197253,1.1145293292117024,-16.405783944448196,3.313870759816112
31.31168058,1.62587053124397,-7.295565743221627,-2.7389037348984817,1.1373133826959574,-16.48362552138093,3.2871639179610477
31.32172658,1.7324840281272267,-7.243529736785818,-2.7814986331159295,1.1612546641108246,-16.56084390988547,3.260076137587066
31.33177258,1.8419480293628046,-7.1943374751175035,-2.8003034807388727,1.1862813027987364,-16.637553828799327,3.232679946289727
31.34181858,1.9565097001311558,-7.13417249834727,-2.8471570599119915,1.2124332224371344,-16.713714446304532,3.2049539527145825
31.35186458,2.064510189241952,-7.066352155195414,-2.9155931664544186,1.2397030718046018,-16.789232193547743,3.1766488590480986
31.36191058,2.179045027750954,-7.002413797498235,-2.9464348615724725,1.2680907161226997,-16.864088116836587,3.147845092983874
31.37195658,2.2966836338757757,-6.953468010720261,-2.978367353647189,1.297644567653192,-16.938377023067737,3.11872601217738
31.38200258,2.4184353237377847,-6.914957311339973,-3.0205784040425905,1.3284008766404352,-17.012226635368933,3.0892345083570483
31.39204858,2.5472046467911147,-6.87418607775953,-3.058768177875416,1.3604155526755441,-17.085678014520845,3.0593391511966286
31.40209458,2.6694725942964546,-6.834094416475192,-3.1020466940751157,1.393691188920668,-17.158723219351852,3.029034578815376
31.41214058,2.781862123556223,-6.786812950195909,-3.163787100116421,1.4281455096715803,-17.231329548963107,2.998202496387706
31.42218658,2.896202908619807,-6.739720748235269,-3.2097212259129653,1.4637386967913528,-17.303461839638814,2.966829564786604
31.43223258,3.0272656566004565,-6.706337350004461,-3.2361705672064267,1.5005645458576033,-17.375189901374743,2.9350930510303206
31.44227858,3.156943207424231,-6.663663107684881,-3.2803803932150366,1.5387000934447368,-17.44653592558218,2.9030016162766783
31.45232458,3.281021986517735,-6.6030177198214535,-3.2962730054622162,1.5781102590770484,-17.51736297528721,2.8706082869756773
31.46237058,3.421458018813141,-6.565805364342475,-3.2899295184069186,1.6188490826069817,-17.587698485547456,2.838166992418826
31.47241658,3.5646644491016195,-6.527143590775588,-3.311621118591423,1.6610126422264546,-17.657652880057476,2.805648604289738
31.48246258,3.695234737054183,-6.46730586391725,-3.3423974217691943,1.7045513823016556,-17.727112511576866,2.7728666698820614
31.49250871,3.8219066819794585,-6.393602258571828,-3.373700798363607,1.749382830245274,-17.795902255144952,2.739772480993946
31.50255471,3.9446845673058624,-6.307937956052384,-3.401441847525217,1.7954666845535705,-17.863890603551475,2.7063821402042008
31.51260071,4.0654676166174175,-6.222439795155152,-3.4238937664527365,1.842773945436571,-17.93101920290428,2.6727396801357326
31.52264671,4.177163278442474,-6.12516507971349,-3.4698353406865325,1.8912489468856037,-17.997229734099214,2.6387536795511277
31.53269271,4.286136261775406,-6.0364018180856975,-3.5212995220954286,1.9408323669392544,-18.062505796535323,2.6042784098559286
31.54273871,4.409461334992841,-5.9590155261040305,-3.545507109444734,1.991582620130961,-18.126947289763656,2.5694230408662575
31.55278471,4.528115719721761,-5.8685661187499445,-3.5614959784995515,2.043548336139949,-18.190545744274246,2.534365765076056
31.56283071,4.63192050373142,-5.775205584157571,-3.5860404794476852,2.0966314645534947,-18.253220921446413,2.4991048901683417
31.57287671,4.737277117500919,-5.689079269835488,-3.6116946952422335,2.1507652106680837,-18.314994536176485,2.4635918671064294
31.58292271,4.851343373296456,-5.603621936336922,-3.6265894337161635,2.206001117856495,-18.375906286243556,2.4278751666472265
31.59296871,4.966749144096009,-5.521261380497888,-3.6346296999403016,2.2623896630345186,-18.435975087052505,2.3920432636594122
31.60301471,5.089673551421816,-5.44650513757899,-3.646980991535913,2.3199753406972476,-18.495254690181273,2.356108933876683
31.61306071,5.229344178049631,-5.382745794318949,-3.656128114765764,2.378880033215518,-18.55383852952066,2.3200666175562845
31.62310671,5.371411788506672,-5.309242441831355,-3.6535172884491876,2.4391998968986695,-18.611732898339312,2.283991469416491
31.63315271,5.502703744773962,-5.222389581890019,-3.6569138255947164,2.5008928456855006,-18.66882179790295,2.247912374651191
31.64319871,5.635450448412895,-5.13792190009537,-3.6611361483737848,2.563912060661014,-18.72505015438543,2.211795010352502
31.65324471,5.773317767693373,-5.041557546205447,-3.650050583749431,2.6282905698736556,-18.780370191552663,2.175712120117602
31.66329071,5.900861352210364,-4.9296574916766165,-3.6500494916080615,2.6940022380560666,-18.83464411659641,2.1396849181596362
31.67333671,6.020005190193424,-4.818281530319568,-3.6658166495406963,2.760953017161725,-18.887796526212384,2.1035785232531885
31.68338271,6.142395719264497,-4.7119635250877945,-3.6781668624716777,2.8291170233930742,-18.939855459034163,2.0673308947929057
31.69342871,6.263853148414878,-4.607690870999406,-3.6964882532375447,2.898505877918563,-18.990856594974176,2.030929202867253
31.70347471,6.379673864804725,-4.496470366750342,-3.7124369621030415,2.9690865805691065,-19.040775308779864,1.994355372231153
31.71352071,6.492979417957194,-4.383064250224087,-3.714555849873264,3.040818184471581,-19.08956572306941,1.9576907880571381
31.72356671,6.5986035893892785,-4.2719281247343295,-3.7197704820914734,3.113649472380617,-19.137228261677294,1.920989367612234
31.73361271,6.702128191301544,-4.15847465148531,-3.713056642456048,3.1875313145781643,-19.18376268673071,1.884295477686187
31.74365871,6.813590347233516,-4.047448884232818,-3.6910105406774387,3.2624930352603645,-19.229169552559092,1.8477460489458628
31.75370471,6.929764017821989,-3.9426559398516936,-3.679495980883645,3.3385981706992,-19.27349236099895,1.8113651954086034
31.76375071,7.045788291027343,-3.8396290108001887,-3.660177846562455,3.415869636409692,-19.316771290214547,1.7751392144938976
31.77379671,7.172861899144112,-3.745471643846634,-3.6230356152859677,3.4943621827780564,-19.3590597627113,1.7391968339955872
31.78384271,7.304482043463343,-3.647130128354282,-3.6043547831839398,3.574154147864915,-19.40038131332154,1.7035348527446286
31.79388871,7.423831143966817,-3.540251216477704,-3.5890096351271503,3.6552067314685406,-19.440672041725108,1.6680437839919944
31.80393471,7.540042158760253,-3.4320832755581874,-3.556441418456802,3.737442533531272,-19.479882589787074,1.6327933840703972
31.81398071,7.655814055872049,-3.3132253734672443,-3.5200340370366687,3.8208435857605103,-19.517952787039597,1.5978894485780084
31.82402671,7.766146215569214,-3.195216391138862,-3.490623754515241,3.9053803586670934,-19.55483320193168,1.5633161152115982
31.83407271,7.872499062589569,-3.087043553135169,-3.4864819514978453,3.9910055403624494,-19.590577505540246,1.528911313970837
31.84411871,7.977754532142514,-2.9739084959389865,-3.4822731191325245,4.0776936306319325,-19.625210179591217,1.4945484579716162
31.85416471,8.080583315757913,-2.850726908201263,-3.461208539331896,4.165426928105067,-19.65865583513468,1.4603125503217038
31.86421071,8.176014380537849,-2.7199620802470226,-3.4517387870450142,4.254156084796701,-19.69082591783213,1.4262300166218682
31.87425671,8.254172778768229,-2.5744369401040035,-3.4520066510026006,4.343757181361061,-19.72160819601983,1.3921937040070975
31.88430271,8.323286500695435,-2.424703099516775,-3.4322299543018597,4.4340980257849445,-19.750907388347315,1.3582553842592082
31.89434871,8.38973159214737,-2.26941129094304,-3.410584420878598,4.52511978212843,-19.77867443683906,1.3245251283732316
31.90439471,8.449029518736586,-2.112783417331464,-3.4001173078736118,4.616773145651532,-19.804874712767194,1.2909561743102642
31.91444071,8.51649501011951,-1.9734161958820335,-3.3784573054979856,4.709063241823147,-19.829588205332843,1.2575485947478415
31.92448671,8.60149679694763,-1.8432364700202708,-3.3426617997056045,4.802119181133184,-19.852947763582144,1.224429614202959
31.93453271,8.678577198166515,-1.7071601102876088,-3.305391850838274,4.895989259273772,-19.874969917513496,1.1916776414368315
31.94457871,8.743618903763277,-1.581451723519396,-3.2881347892463446,4.990573216756905,-19.89567712666318,1.1591995578442418
31.95462471,8.825363784858158,-1.471877740753356,-3.268035708599175,5.085894483265022,-19.9152025124707,1.126909114154107
31.96467071,8.921647043523013,-1.3427043223316053,-3.234602948207153,5.182109985119114,-19.933528670082048,1.0948875609015234
31.97471671,9.0035400842047,-1.1937844180089734,-3.23116968731825,5.279220466524826,-19.95045796493325,1.0630511856738343
31.98476271,9.085298528086266,-1.0623098896963714,-3.2238781774726126,5.377152969337496,-19.965978838549322,1.0312686809695442
31.99480871,9.188138423056738,-0.9397294318408156,-3.1951703894209698,5.476012709606259,-19.98022359396988,0.9996670007385812
32.00485471,9.278778006180959,-0.7925303222127734,-3.1845847116503343,5.57584429729342,-19.993113246622954,0.9682626915864658
32.01490071,9.364613650045797,-0.6560528964491152,-3.166276450255665,5.676562320045816,-20.00457799203877,0.9370035166907557
32.02494671,9.455036071583606,-0.5296851942751755,-3.1100091006541373,5.778165687060737,-20.014722466376952,0.9061189350890797
32.03499271,9.537390912528311,-0.379328666247019,-3.0405168433764715,5.880636914265029,-20.023476954906823,0.8758660439927795
32.04503871,9.619983796638508,-0.2406324483995298,-2.985679196998983,5.983936673892343,-20.03077953149417,0.8462376620025174
32.05508471,9.68980377367261,-0.12416973963051914,-2.916734641562264,6.088002003321185,-20.036800444793116,0.8172310380119684
32.06513071,9.730644097751082,0.001810225868251636,-2.841378241576414,6.192623179442446,-20.04160356853921,0.7889492377205273
32.07517671,9.784677847265435,0.11805454202610144,-2.781059664244467,6.2977209080354335,-20.045189999718552,0.7613489328401336
32.08522271,9.844948120104405,0.22847806619304056,-2.7106390226255708,6.403392785732629,-20.047637878335934,0.7344053310565493
32.09526871,9.887812411607177,0.34424209152898244,-2.643895502634381,6.50958270834659,-20.048949616892173,0.7081507048567135
32.10531471,9.932909190035701,0.4540225474223408,-2.5733763153669615,6.616214459414817,-20.049128445519194,0.6825855492354381
32.11536071,9.978133631627573,0.5637728487802983,-2.4839412200631372,6.723299893971127,-20.04820457115254,0.6578238439755356
32.12540671,10.030103677890837,0.6732887007765441,-2.404679633127142,6.830873536440009,-20.046179322897586,0.6339095021505065
32.13545271,10.0879274715858,0.7850812338701779,-2.3209729418228866,6.938998673367005,-20.043042442624326,0.6108137499870783
32.14549871,10.154536159776658,0.8926844113020478,-2.2272779906497697,7.0477488346504344,-20.0388035376971,0.5886090862738298
32.15554471,10.210518651169703,1.0028927157998355,-2.13251025846218,7.15711477142899,-20.033470565696135,0.5673510706190867
32.16559071,10.253227929733887,1.105579900016864,-2.023472554682839,7.266976436967967,-20.027068219655362,0.5471167696692202
32.17563771,10.307702616421562,1.2062458018024382,-1.9284339164477975,7.377337242018024,-20.019643692084045,0.5279056320585174
32.18568371,10.366497214753638,1.313616044516794,-1.8409536136015272,7.488256014233189,-20.01117493793845,0.5096131992156268
32.19572971,10.414341937425597,1.4135174281368652,-1.7452413816428414,7.599710435757764,-20.00166505841378,0.4922409424750618
32.20577571,10.456094626022248,1.5082928270140614,-1.6638164318539628,7.711614905079053,-19.99117731741063,0.4757584457984263
32.21582171,10.49704636040483,1.6075388734901563,-1.5859963857846604,7.823934798717051,-19.97971500668747,0.4600758367359754
32.22586771,10.52946711115826,1.7027399638862302,-1.5039973761850376,7.936623242347885,-19.967275987995798,0.4451959987901495
32.23591371,10.554187359564981,1.7849692774875523,-1.4043031433848228,8.049598705217425,-19.953945736384853,0.4312288060009082
32.24595971,10.570596599471266,1.8719851145282913,-1.2868891900459172,8.162780761506836,-19.939765366382225,0.418352147630634
32.25600571,10.579840274533025,1.9631044650445881,-1.1704606491015166,8.276091672388054,-19.92469022333251,0.4066500801091535
32.26605171,10.596488181620986,2.044789133147971,-1.0557714522491217,8.389532636686491,-19.908747085697257,0.39610891698461836
32.27609771,10.609032759363977,2.1266773742410026,-0.9420535884987794,8.503120234836231,-19.891982321339107,0.38671504252549105
32.28614371,10.60205810884487,2.2069843246481464,-0.8207836762325398,8.616735810730338,-19.874402850534068,0.3785015116653012
32.29618971,10.603039142848173,2.277083813101255,-0.7195992848263668,8.730321280688768,-19.856067888186622,0.37140536877245256
32.30623571,10.604974967279798,2.3444370919903035,-0.6400735765713292,8.843921402027117,-19.83704250058881,0.36521693271020217
32.31628171,10.597588373820725,2.4038037928539318,-0.5376679642386474,8.957494144152559,-19.817380598532722,0.3599423376712678
32.32632771,10.613707133140228,2.4588161338413626,-0.4311708073986521,9.071110747947197,-19.797144170549394,0.3557170612418845
32.33637371,10.6368857800339,2.52854601803527,-0.34019659896622667,9.184924742613166,-19.776281162369,0.35248368348026715
32.34641971,10.657452192593087,2.596196140752996,-0.24825332093865593,9.298958468712843,-19.75472809441387,0.3501691002531362
32.35646571,10.698418659743504,2.6517262368626717,-0.16128154937118439,9.413301274467305,-19.732556292219574,0.3487532073201214
32.36651171,10.73543466618856,2.711647099862775,-0.061235813091959745,9.528035786186553,-19.709804579857682,0.34827670332902105
32.37655771,10.753680797941323,2.7777699723257996,0.06366847000485651,9.643047879626057,-19.686419749812547,0.34893012328524686
32.38660371,10.78779217225331,2.841223112458048,0.17565982216975629,9.758322964818518,-19.662384059456144,0.35077347001739234
32.39664971,10.805789835597224,2.905550898086635,0.27370474645164217,9.873859793707044,-19.63770652550966,0.35367182896612825
32.40669571,10.79371052873459,2.9652226163160806,0.36261531067519026,9.98942635050026,-19.612406142055278,0.35750926533362914
32.41674171,10.791188365107775,3.014521316867008,0.42384562215366517,10.10491956410712,-19.586558400187386,0.3621008593197783
32.42678771,10.785316807339376,3.051564446626937,0.5104667450046256,10.220370616051497,-19.560276963305817,0.3674351110605678
32.43683371,10.779102397913602,3.0817214887115645,0.6290817899076582,10.335760960182654,-19.533657979961077,0.37380026407198574
32.44687971,10.76790510168109,3.1066995402310433,0.733444100760967,10.451063845316215,-19.50676205304118,0.3812854323413628
32.45692571,10.728341168924613,3.110772556755484,0.8532722781035764,10.566111756796644,-19.479720202606483,0.38989670943295374
32.46697171,10.68568104031597,3.103115018545566,0.9794750926923552,10.680746656816831,-19.452696357224212,0.39974380019701616
32.47701771,10.65675065298044,3.098898717873424,1.0885323084954555,10.795021957675353,-19.425732154134664,0.4107726020937297
32.48706371,10.631052283815293,3.100242268478094,1.2082108434069805,10.909022858290054,-19.39878238086868,0.4229503436662907
32.49710883,10.608958774082392,3.1165791253057518,1.3218063867639955,11.02277373518246,-19.371746167416287,0.4362986515591176
32.50715483,10.593088175383931,3.149708771962991,1.4133662629663777,11.136343883472723,-19.34445911521679,0.4506786244992589
32.51720083,10.57469489648427,3.180854802384114,1.505016051694852,11.249741924305889,-19.31684920629131,0.4659788595863581
32.52724683,10.55365289150523,3.2053663055811263,1.59514787427399,11.362941881708132,-19.28895972957446,0.4821921837070555
32.53729283,10.538539741565932,3.232092527824479,1.672137891367698,11.475960231767147,-19.26081288576275,0.4992449608284184
32.54733883,10.526938521329981,3.257338101981035,1.755050515826593,11.588844395544843,-19.2324049876177,0.5171009289183117
32.55738483,10.514415085175907,3.2863883383424155,1.8507808845508789,11.701607381173417,-19.20372436161644,0.5358542207629515
32.56743083,10.501834774590156,3.314689027151504,1.94402750941084,11.814244270682197,-19.17475566191803,0.5555567440463787
32.57747683,10.494839473860427,3.3295006276890367,2.0354459306690105,11.92678283189534,-19.145570409190228,0.5761868398564571
32.58752283,10.490824538559957,3.3340382362990493,2.1214767939504986,12.03926608869282,-19.116287965384902,0.5977082634227633
32.59756883,10.467496453484438,3.321418666064771,2.214316199775862,12.151612001499032,-19.08704611727279,0.6201281523508086
32.60761483,10.433397643661714,3.2981837691089217,2.3106871608900654,12.26366945901217,-19.057984366149377,0.6434984449519915
32.61766083,10.403768915301008,3.2687924875377226,2.4001449370712113,12.375406813100936,-19.029186956320725,0.6678021553005924
32.62770683,10.379663017772561,3.2210550024795017,2.50600876791767,12.486874258163937,-19.000776964286832,0.6930869660813099
32.63775283,10.365219656035908,3.1856974613666407,2.5980280811020244,12.598148070297569,-18.972784358569417,0.7193657438944764
32.64779883,10.34664138949569,3.159293808805773,2.6714394061436604,12.709256014792453,-18.945101979327806,0.7464754798034707
32.65784483,10.32613142599512,3.1169775441726815,2.75844050705198,12.820167619107835,-18.91776478023026,0.7743909673280115
32.66789083,10.307777880228777,3.0864042890151158,2.8306190002265565,12.930884012016092,-18.89079370519064,0.803106013953611
32.67793683,10.2863903088253,3.0639594734610225,2.882330507993136,13.041400785292886,-18.864088939920187,0.832443360053958
32.68798283,10.260106448264441,3.0250205136360035,2.9443059611784568,13.15167810496692,-18.837692505353466,0.8623517557591668
32.69802883,10.240347317540333,2.973697354377477,3.020733697819475,13.26172415069565,-18.811749457410915,0.8929553506868517
32.70807483,10.222905990470927,2.938314705107087,3.0873637080514778,13.371583338524962,-18.786241932744588,0.9242775246771018
32.71812083,10.208301813608873,2.9094476813438317,3.14506151360499,13.481281561787954,-18.761057134185926,0.95622419728602
32.72816683,10.200376364370914,2.870748914582988,3.203891508235487,13.59086661873912,-18.736211718593054,0.9887561890352857
32.73821283,10.183150716360336,2.8302894215447716,3.257356940576811,13.700325341728805,-18.711763914939148,1.0218522407142303
32.74825883,10.156212543750792,2.7777320141631683,3.317677764183483,13.809562229847442,-18.68778333517607,1.0555198407567785
32.75830483,10.127150775764031,2.717376735889637,3.3828542415239933,13.918517830264536,-18.66436991583302,1.089817813742008
32.76835083,10.102122923189901,2.6611508555047902,3.439863072022219,14.027201738517553,-18.64154208364991,1.1247295235285117
32.77839683,10.084330307135708,2.6108005015846603,3.4865064665306025,14.135670559556573,-18.619249583891733,1.160161878441199
32.78844283,10.067533066534551,2.560282355732606,3.517464522001262,14.243965635745694,-18.597463746607893,1.1959840254371557
32.79848883,10.045325251516138,2.5006111321401416,3.548055186075666,14.352064789540357,-18.57623139052679,1.2321153316513622
32.80853483,10.028098399374457,2.441015390532764,3.577922921911445,14.459965863001955,-18.55559811241187,1.2685503204083433
32.81858083,10.00907293914722,2.380690250657135,3.5981602302204183,14.56768484109852,-18.535567196884642,1.305236986802063
32.82862683,9.970675454365711,2.3016869467382097,3.6286333065576244,14.675115383742234,-18.516236128130604,1.342178371457835
32.83867283,9.933249097383415,2.225927587459,3.659205797722881,14.782165063228842,-18.4976824322338,1.3794263879991975
32.84871883,9.906431460058068,2.16544157219926,3.673321826341273,14.88889204513204,-18.4798130968533,1.4168988749754337
32.85876483,9.879999231837214,2.091717839555411,3.6910094722814186,14.99535155296053,-18.462617897036537,1.4545311118089508
32.86881083,9.859401260371754,2.021575667781439,3.7072059874148624,15.101574828096066,-18.44614533565765,1.492333548783567
32.87885683,9.842025901297935,1.97025962703648,3.7075098538830793,15.207607363192231,-18.43028285888026,1.5302188671749417
32.88890283,9.81732148434301,1.9062922196267564,3.7112786675085805,15.313428531573479,-18.414999450862936,1.5681246426384543
32.89894883,9.796350296040963,1.8276266458455894,3.721378023920945,15.41902027138952,-18.400432488310138,1.6061000779200667
32.90899483,9.772848816594733,1.7552322675101046,3.7256291303714484,15.524388624995387,-18.38662429989683,1.6441475955766125
32.91904083,9.743718711998518,1.6850156489808679,3.725529617296027,15.629492610154681,-18.373532446520763,1.6822159666867083
32.92908683,9.71946112817478,1.6118303873300235,3.7225124228068327,15.734328428955045,-18.361160900788843,1.7202686825747069
32.93913283,9.690884037675376,1.532321158536503,3.722307097136768,15.838898859186207,-18.349556339482433,1.7583052117439186
32.94917883,9.66701710616492,1.4600646827455748,3.722582236806815,15.943205863094887,-18.338714097310138,1.7963420915888793
32.95922483,9.654262061667124,1.4073937451660763,3.7148045349969365,16.047328914818003,-18.328499365535215,1.8343412860641846
32.96927083,9.632414245416372,1.3596607092978523,3.7020930809319395,16.151278156371657,-18.318788962918912,1.8722375635095574
32.97931683,9.602562346587142,1.3155439504169228,3.680131531434075,16.254967710256466,-18.309539921821635,1.909959678458034
32.98936283,9.580648209651121,1.2781861060067596,3.644623037737109,16.358397243343546,-18.300700127656697,1.9473931213795161
32.99940883,9.560637059556727,1.2446973807770103,3.606400226516155,16.46161618571395,-18.29221619581105,1.984456211956422
33.00945483,9.55017180912761,1.2120599149277547,3.5717791540476345,16.56468204512452,-18.28406441582319,2.0211534077055555
33.01950083,9.544278816068044,1.1803978002623163,3.5413920373016285,16.66766573707798,-18.27623561262827,2.0575240673202386
33.02954683,9.533201880677321,1.1453499206761881,3.512376063179495,16.7705641890809,-18.268741893734465,2.0935963452095168
33.03959283,9.520061454124198,1.0976940671805466,3.480421183307996,16.87334099727471,-18.261663595691935,2.1293623664991594
33.04963883,9.508115751520775,1.0457330638003084,3.4481222819017923,16.975991797841832,-18.255085673121485,2.1648056410454695
33.05968483,9.495526953785191,0.9979506356428479,3.4162730011854454,17.078519361613758,-18.24900876180766,2.1999266992729782
33.06973083,9.473287157971269,0.9389138518617427,3.3821442731982425,17.18087198136021,-18.243468403395394,2.2347163499627443
33.07977683,9.44942966344544,0.8767592594669178,3.3465858222874467,17.282993054417357,-18.23853678926566,2.26915596195293
33.08982283,9.41915346125174,0.8293820737199558,3.307415289079236,17.38484221391588,-18.234155353257535,2.3032202102558856
33.09986883,9.390590575422847,0.7730850051464706,3.2646400906979194,17.486395824675196,-18.23029467302886,2.3368728451490433
33.10991483,9.384352727313587,0.7153625052660748,3.220983754394255,17.58777463134801,-18.22700671309253,2.3700913344435017
33.11996083,9.371680056292156,0.6748561197389221,3.1776483141558165,17.689058450483163,-18.224212156847603,2.402872864044366
33.13000683,9.343491355152818,0.634041981244959,3.1341806720345087,17.79013702294602,-18.22182607359483,2.435218381762561
33.14005283,9.33101241940802,0.595834897778385,3.0809912271190516,17.891011321868813,-18.21983691393997,2.4670783909325698
33.15009883,9.321922689640887,0.5675169313832232,3.014090916057594,17.991777281384667,-18.218181909610564,2.498335189258284
33.16014483,9.310542638778955,0.5346179890688059,2.9378675711739453,18.09244042119249,-18.216834397813606,2.528873077460208
33.17019083,9.309099414625729,0.5010967147990089,2.8604626082881563,18.19303914968991,-18.215820514764548,2.5586392906722057
33.18023683,9.302029494270027,0.4808219566148617,2.794115289838526,18.293595116662395,-18.21507684918651,2.5876834361750354
33.19028283,9.293822393984561,0.4634451846981973,2.740860781601163,18.394074347160267,-18.214522307244163,2.6161268217024363
33.20032883,9.28937615203535,0.4414876089638323,2.691466002564639,18.494490019920026,-18.214165341730073,2.6440545998598406
33.21037483,9.277854850871393,0.42666511840694,2.6482433589433523,18.594825487710793,-18.213993122488958,2.6715171607032544
33.22042083,9.258980592223944,0.4606397765198055,2.6113998917588646,18.695008278604636,-18.213724701910216,2.698577549472091
33.23046683,9.262044929509157,0.4948613182329956,2.5634328949735643,18.7951116562634,-18.213113731819746,2.725211935280388
33.24051283,9.266883725085197,0.4909510564657438,2.5171438598480544,18.895254731358598,-18.212350508170104,2.751372873040416
33.25055883,9.245474037323746,0.4792261579200363,2.4782491718536135,18.99531457086235,-18.211665819930715,2.777105932959212
33.26060483,9.212714396134292,0.4723400538443612,2.4397166272830204,19.095102317826708,-18.211074614757493,2.8024500758888164
33.27065083,9.200565436483894,0.47607563910217787,2.3920512000508096,19.194664488889117,-18.210499234640295,2.8273612464060722
33.28069683,9.189749281113885,0.4833580590247778,2.332727035247108,19.294111306178714,-18.209868511083076,2.8517350082025152
33.29074283,9.168134580947301,0.48057546224174275,2.2522705611357887,19.39339522328102,-18.209215184914225,2.875406651849705
33.30078883,9.158146065209102,0.4461317169446285,2.1503491953707576,19.492520397429832,-18.208748846661646,2.898162211607195
33.31083583,9.154215093751297,0.40048067504978757,2.0515760228771773,19.591585514163317,-18.208684818152232,2.9199118474880863
33.32088183,9.144476912510468,0.3660313678965703,1.964295980841481,19.690572110573868,-18.20902314006898,2.9407247732833075
33.33092783,9.111445858780321,0.3338190171469968,1.8819717698111804,19.789343877117233,-18.20969630349338,2.960685776915393
33.34097383,9.071296635468665,0.28816932660493333,1.7935164079909525,19.887748059129013,-18.210760567951187,2.97978895475305
33.35101983,9.027644985707113,0.2503108355705602,1.717023199030731,19.985731309355284,-18.21224429400505,2.998063595919664
33.36106583,8.990661903785483,0.2359307281732751,1.6539123741947876,20.08330953132437,-18.213990414538834,3.0156370060245323
33.37111183,8.968689125686645,0.22544667576182364,1.58616682831742,20.18059161800851,-18.215861427747342,3.0325531245792954
33.38115783,8.951568597481915,0.22100338170106415,1.519561151121007,20.277677339015156,-18.217807421017177,3.048794396940571
33.39120383,8.923009374995413,0.2468483828960819,1.4837563983659552,20.37453361063408,-18.219645913512082,3.0645212617122004
33.40124983,8.91100680623487,0.2830321825361122,1.4565376320246142,20.4711861403755,-18.221172835340383,3.079931559347397
33.41129583,8.917417636686931,0.3212293926115297,1.4320768475001633,20.56781058281547,-18.22232614135689,3.0950822705986063
33.42134183,8.908119780591463,0.3736726024949284,1.412240399280938,20.664420523725628,-18.223024160543943,3.110010476849743
33.43138783,8.881404798096936,0.41415480466592114,1.3977637504191585,20.76084957214748,-18.223255415386244,3.1247663284142324
33.44143383,8.862159508839154,0.44258333766517777,1.3894050363478263,20.857047762124388,-18.223140531605786,3.1394074779507184
33.45147983,8.853726448210708,0.4649557680213394,1.3513990588625244,20.95310692374975,-18.222770474586397,3.153815737641506
33.46152583,8.829843578780073,0.489309830732815,1.3070418593421997,21.049003762458497,-18.222165710392325,3.1678102870942038
33.47157183,8.801703903268468,0.506521264327529,1.265344730337832,21.144639291923998,-18.22135216271031,3.1813725856547226
33.48161783,8.763244702225752,0.5100162956119931,1.2308902403156294,21.239940295232493,-18.220434606455203,3.1945523746328606
33.49166383,8.715089636792587,0.5171299279051371,1.2179981807228515,21.334806235080556,-18.21946376288295,3.2074943418922923
33.50171033,8.684233218373535,0.5148365689802314,1.2039108961370018,21.429280002070076,-18.218468657552588,3.220301429296417
33.51175633,8.674890939176318,0.5017250723589861,1.1627944728253437,21.52354714917655,-18.217550980336615,3.2328305910852615
33.52180233,8.650249939419727,0.49116263026069973,1.118343744549735,21.61764359827291,-18.216752217314827,3.244929949071692
33.53184833,8.606350981718286,0.4962779048760628,1.0898754001080486,21.71139577116295,-18.215980815415307,3.2566630345558627
33.54189433,8.586871473577864,0.49744890407891584,1.0286356883836882,21.804829594019008,-18.215177837562397,3.2679455164739037
33.55194033,8.57606905673607,0.498251899770914,0.9637159575705943,21.89811131076594,-18.21436494433313,3.278594299512087
33.56198633,8.557804702994686,0.512465522118845,0.920642019842899,21.991247025124242,-18.21347662263145,3.2887006303531896
33.57203233,8.538385541158192,0.5152072859598187,0.8638575094928461,22.084193455183723,-18.212503134024942,3.2983053722095903
33.58207833,8.520515635733123,0.5159471203492794,0.8048086241343817,22.176952582258416,-18.211512157350526,3.3073282829193547
33.59212433,8.49867187103859,0.5241293763503123,0.7540874983439322,22.269512227568033,-18.210476365016074,3.3157998188631117
33.60217033,8.471583893613932,0.5397829715953217,0.7164792434489327,22.361826088737054,-18.209320845200814,3.3238276763276913
33.61221633,8.457368852531658,0.5479334740558179,0.671492592006908,22.45393248484411,-18.20804575740278,3.3314406595777397
33.62226233,8.432807356013251,0.5476466815345469,0.6375425432160575,22.545844106402733,-18.206731170189723,3.3386571437825134
33.63230833,8.40521651965787,0.5505209173838232,0.6163114401048599,22.637493766793398,-18.205403586248828,3.345596453061288
33.64235433,8.374203110434928,0.5514755738274002,0.599415246050493,22.728849058058525,-18.204056769781946,3.3523442489264004
33.65240033,8.34113160571115,0.5559911899176757,0.5899933072421522,22.819882450800826,-18.202682476136125,3.358959848810138
33.66244633,8.319997019701768,0.5552121470980178,0.5681927230399947,22.910643566349446,-18.201289413682765,3.365418617960799
33.67249233,8.285779868381116,0.5532466580702402,0.5626952463323479,23.001126650121392,-18.19991013701288,3.3717402689515055
33.68253833,8.25264249183979,0.5483513899218837,0.5468071320224239,23.09127141209995,-18.198565321926285,3.377954500118535
33.69258433,8.213259340466118,0.5372873796536106,0.5264493149149089,23.181051903466788,-18.197300670295178,3.3839866679720547
33.70263033,8.169719079916813,0.5315394147545007,0.5110248427365011,23.270415870535476,-18.19612046521534,3.389839101386487
33.71267633,8.132636930407635,0.5226702791275586,0.47299153961376683,23.3593748712385,-18.19501368183144,3.395423016395586
33.72272233,8.100661540825994,0.5104307287113945,0.4346656641483806,23.447986995922676,-18.19401292737754,3.4006233792506366
33.73276833,8.081102313598539,0.49463200917211814,0.38866601120795996,23.536340262226553,-18.19315300915362,3.405400174976501
33.74281433,8.055430027909653,0.4750523948528309,0.34425381438382624,23.62446633064112,-18.192470796300675,3.409722831981002
33.75286033,8.025739602786329,0.4593267036467734,0.3084911252795552,23.71231431215921,-18.191965921997387,3.413642770533481
33.76290633,8.00503024076263,0.44101003361127344,0.2672501206818162,23.799909135546525,-18.19163204247461,3.417175919532498
33.77295233,7.9875859281989,0.4179821554342147,0.2254567897543725,23.887312313026385,-18.191505836617505,3.4202919870641715
33.78299833,7.968800352474382,0.39244925301010114,0.18387168248566793,23.974533507777313,-18.191623551561364,3.4229892447007844
33.79304433,7.950075321399659,0.37250698054742903,0.1600599122689835,24.06156628675035,-18.191969688308674,3.425358013821789
33.80309033,7.935490557895284,0.35926379310020606,0.1388074073916018,24.14843175062521,-18.192482515621112,3.427500425088996
33.81313633,7.91329789885821,0.3395475506713801,0.11054872285219168,24.235112481506594,-18.19316089814982,3.429394141651762
33.82318233,7.884380953336041,0.3110833166649565,0.07278196953916934,24.321536488844334,-18.194081291211663,3.4309562124401967
33.83322833,7.849227482597723,0.2814136030795851,0.036140318560372475,24.40763867048113,-18.195293691092257,3.4321445298138715
33.84327433,7.814051277951878,0.26270390310280156,0.027309401605463107,24.49338758615854,-18.196749100767175,3.433104438478817
33.85332033,7.794837888739351,0.2501606990212406,0.013118070911685056,24.578863302905997,-18.198361493779178,3.4339487063938225
33.86336633,7.766006367339673,0.22664126792084138,0.0051889215535132205,24.66409769006739,-18.200155029407696,3.434681863137527
33.87341333,7.739311967621396,0.1931827994445252,-0.003516487937483992,24.749061627174513,-18.20223497204706,3.4353315291548197
33.88345933,7.70775008543753,0.15163052347613326,-0.01670450864359825,24.833724486330194,-18.2046914866345,3.435871159809545
33.89350533,7.672646691015014,0.11637407458102711,-0.01745260629092507,24.91805248580148,-18.20753381144693,3.4363407893417808
33.90355133,7.65041690872485,0.09180298939407705,-0.02396731580322138,25.00209250072608,-18.21067664996305,3.436773937793654
33.91359733,7.616382640249086,0.05964432226317107,-0.024037335679012783,25.08584990132374,-18.214104442025068,3.43717401114981
33.92364333,7.588719217330593,0.017627674219672818,-0.04288637329788607,25.16929739441747,-18.217904816695206,3.437479054080171
33.93368933,7.5595990564260855,-0.031418046705583014,-0.07675636591612986,25.25245966356972,-18.222162597644676,3.437519289321651
33.94373533,7.529810047476721,-0.0712872648881906,-0.08806829211339447,25.33532603196179,-18.226866998333286,3.4373325757849207
33.95378133,7.5121290580287265,-0.1009332150872061,-0.092152764782727,25.417953958551852,-18.23192057371267,3.4370685261366836
33.96382733,7.488814989874412,-0.1380691019073571,-0.10355695701885795,25.50037596696763,-18.237309594259408,3.4367266769246263
33.97387333,7.473056234536341,-0.18546779115920953,-0.14296271017879691,25.582601712591014,-18.243123231981755,3.4361296093568443
33.98391933,7.448765388795394,-0.2377413417434462,-0.1816764739748889,25.664626289068117,-18.249437523364794,3.4351401474553924
33.99396533,7.423214775041245,-0.28116065708460514,-0.1989553848478787,25.746400511894233,-18.25623248001338,3.433869434349077
34.00401133,7.411309363680925,-0.31618698415713864,-0.2295207142023783,25.827986593106143,-18.263421469123806,3.4323583996241007
34.01405733,7.391528566281502,-0.35529302096192916,-0.2711565388563032,25.909413514491515,-18.270982825097995,3.4304846985025383
34.02410333,7.374404278260803,-0.3987709381502935,-0.31814318354420984,25.990655061632815,-18.27895900027309,3.4281658467174716
34.03414933,7.350152631792625,-0.44360452533851835,-0.36682977982863296,26.07168877745512,-18.28737876413466,3.425366428243003
34.04419533,7.322420246159705,-0.4873269484739444,-0.42001428843142635,26.152461377484236,-18.296243344836096,3.422055311208684
34.05424133,7.305317579446839,-0.531761243252266,-0.4736581727566798,26.233008771045426,-18.30555073673161,3.418207595156687
34.06428733,7.286349942284407,-0.5786190648425035,-0.5144260309378197,26.31337498347019,-18.315316688927638,3.4138856489220832
34.07433333,7.269263313275917,-0.6272889512212316,-0.5598675938611182,26.393560095316033,-18.325562476800798,3.4091306727652686
34.08437933,7.24961925379584,-0.6799800096238294,-0.61820582388326,26.473560708913542,-18.336317400699592,3.403854410708493
34.09442533,7.223204919401667,-0.7330067508243794,-0.667177529116604,26.553329971198686,-18.3476033451058,3.3980391308469255
34.10447133,7.2004324012846626,-0.7801889288524844,-0.7020527927846063,26.632852167923655,-18.35939263891329,3.391802687660566
34.11451733,7.1833514452325575,-0.8244944512777376,-0.7381884995107277,26.71217418064782,-18.37164147544015,3.3852095563699214
34.12456333,7.171740922515189,-0.8738659512229097,-0.7806308810166425,26.791352076074183,-18.384360851650385,3.3782217273420825
34.13460933,7.148917888732052,-0.926733678698854,-0.8181113398196774,26.870357011746243,-18.397593775499956,3.3708324458873715
34.14465533,7.122872993542089,-0.9761145999363058,-0.8425918478712354,26.94911648381101,-18.41134029431201,3.363131934496155
34.15470133,7.100731563535373,-1.027001700582435,-0.8595242783301046,27.027633915964376,-18.425590459397988,3.3552234059147956
34.16474733,7.067110531326716,-1.0856253656801114,-0.8699652297108658,27.10587125326998,-18.44039069706029,3.3471773808364613
34.17479333,7.037128788767941,-1.1489118002186225,-0.8882688049734786,27.18378911383798,-18.455803289153074,3.338986972000792
34.18483933,7.007552217582358,-1.2134580203644871,-0.9268704659164256,27.261407812996044,-18.47185798467034,3.3305107281636612
34.19488533,6.983147884041008,-1.2735142005968203,-0.9593482689655226,27.338755366069613,-18.488538558044695,3.321677452178905
34.20493133,6.96356412871723,-1.329541166011086,-0.979170582279314,27.415881966972858,-18.505802217059642,3.3125814727096516
34.21497733,6.935188272849993,-1.3892297076938793,-1.0161885858073298,27.492767666749092,-18.523647115066737,3.303199984328902
34.22502333,6.908770994900303,-1.458595546651551,-1.0734657962619176,27.569378140614113,-18.542140253227778,3.2933448510883245
34.23506933,6.878518877742974,-1.5262118612911404,-1.1271050869446633,27.645703964107565,-18.56132145274635,3.282932584262527
34.24511533,6.8574688598042375,-1.5857907613792057,-1.168176981842738,27.721772096976373,-18.581141553828488,3.2720445831515645
34.25516133,6.841338491856435,-1.6401019322540806,-1.1974137888553187,27.79765347276693,-18.601533724737084,3.2608034214308974
34.26520733,6.821036954482748,-1.6958692961168589,-1.2509691583523694,27.87335185109706,-18.622478820125668,3.249146394607622
34.27525333,6.801053482577128,-1.7621200423449634,-1.326966777109352,27.94884787782552,-18.644036812481225,3.2368386231243553
34.28529933,6.7706047474303945,-1.8276754828725736,-1.3950449204971909,28.024090583578012,-18.66625686731287,3.223807159087826
34.29534533,6.74467990726024,-1.8864415777836183,-1.4574071571345382,28.099050124861684,-18.689101389217022,3.21012049302243
34.30539133,6.726768904156328,-1.9446856959548446,-1.5114580063321759,28.173789478704546,-18.712533653421474,3.1958490840268947
34.31543733,6.702706705017365,-2.0067358474584305,-1.5753702152225797,28.248318001152587,-18.736570155742516,3.180985146590573
34.32548333,6.6799968624216675,-2.0729482060954725,-1.64980224633929,28.322611587634945,-18.761250920651978,3.165426306036707
34.33552933,6.658860383984955,-2.1395542070144797,-1.719300744064641,28.396684934046814,-18.78659883218151,3.1491445024364557
34.34557533,6.642547156911009,-2.201947698871775,-1.7873484734987324,28.470570170587898,-18.812594708163253,3.132171804137182
34.35562133,6.618936170419349,-2.268780896142144,-1.8409015303923975,28.544254867804188,-18.83923968980447,3.114588305088197
34.36566733,6.582357819210141,-2.3417656846727777,-1.8957743484951957,28.61763723397726,-18.866586977188383,3.096460182869092
34.37571333,6.539858198337403,-2.416686294150429,-1.9534922439877733,28.690622391496568,-18.89467719338649,3.0777665174955966
34.38575933,6.498251028738742,-2.494481701853714,-1.9887103985139463,28.76318508060728,-18.923534502138878,3.058606034342871
34.39580533,6.4643831040848045,-2.569649192367262,-2.014534857702388,28.835368658319616,-18.95316014352903,3.0391389341414428
34.40585133,6.423970170794634,-2.6471688107937514,-2.03746929557037,28.907179123282447,-18.983552732267363,3.0194269180001143
34.41589733,6.384377709126434,-2.734380530501298,-2.057277282373469,28.978587721146454,-19.01477276651717,2.9995002066596492
34.42594333,6.344381012185917,-2.8178509394703153,-2.0839074880694852,29.04959654266677,-19.04685013709932,2.979340236278261
34.43598933,6.30990342112191,-2.8955737407091293,-2.112826536421868,29.12023127983839,-19.07973718117632,2.958901241993802
34.44603533,6.285578094217373,-2.9676381562799374,-2.119450332443918,29.190570649953102,-19.113376606443374,2.9382837160020356
34.45608133,6.250269625480467,-3.0288776260513477,-2.1618245861851118,29.260610479512305,-19.147685617126506,2.9174200728063084
34.46612733,6.207167008774583,-3.100108678739762,-2.248661233403914,29.33025645018928,-19.182660027243926,2.895907403255074
34.47617333,6.16994328669522,-3.177272282003692,-2.315749842997182,29.399498941666586,-19.218379823718223,2.873621567138857
34.48621933,6.133222709128281,-3.247418172260219,-2.3742890962505503,29.468370010926726,-19.254839555778442,2.8507047022675778
34.49626562,6.079889910332534,-3.3176937825682664,-2.44082394237411,29.536790717135396,-19.29200569788793,2.8271589105133916
34.50631163,6.022529594318186,-3.3925700267443277,-2.5346732721739276,29.604653504322357,-19.32989990263122,2.8028081644860556
34.51635763,5.972373812464453,-3.4782263319977806,-2.6382666452088457,29.671976170597787,-19.36860042464966,2.7774656880015876
34.52640363,5.9265280363353865,-3.567991800426875,-2.7226019657175193,29.738816621047423,-19.408182090237283,2.7511792456894675
34.53644963,5.874008675265147,-3.6549692645119976,-2.812373027664376,29.805162983412952,-19.448651535574953,2.724018267018255
34.54649563,5.8022926193948665,-3.7480848028533593,-2.8979397644549434,29.870885311279196,-19.490025588063816,2.6959765665839845
34.55654163,5.734195274112301,-3.8453482011872273,-2.9563491840111777,29.93590535643139,-19.532355913951562,2.6672116739164036
34.56658763,5.668079796256421,-3.9336074537911427,-3.0176669194226755,30.000251250573015,-19.575618120115003,2.6378453917493996
34.57663363,5.583957578134148,-4.024288551162693,-3.1181378626584797,30.06384250076774,-19.619779143656366,2.6076664450495497
34.58667963,5.486291369650381,-4.126736008088425,-3.215464023289693,30.12652062769558,-19.66491025192594,2.576493963496998
34.59672562,5.396419444326727,-4.2215670585082705,-3.272476700805651,30.188256689123904,-19.711032244227084,2.544546269761852
34.60677162,5.308705763567388,-4.303027402658253,-3.3292740173684683,30.249100799506316,-19.758039794114005,2.512026876625007
34.61681763,5.212155181889243,-4.3835293868036,-3.3921438369493475,30.309019410142653,-19.805860928378046,2.4789063624945076
34.62686363,5.12773015510076,-4.465234083655343,-3.436750111129291,30.368028920653515,-19.854496779198644,2.445246028913852
34.63690963,5.055162177469869,-4.54948863262452,-3.479474791645387,30.426249855303134,-19.90396624331097,2.411147031947781
34.64695563,4.975804317973037,-4.639364892328722,-3.5345413413403133,30.483707666472903,-19.95431036647529,2.376556829632337
34.65700163,4.89532032446077,-4.734428134619929,-3.591794023968978,30.540362592015008,-20.00558344075814,2.341402447812931
34.66704763,4.819307880271769,-4.825700087262995,-3.635363891928612,30.5962314359505,-20.05779247672511,2.3057416343219455
34.67709363,4.749867968456217,-4.912213674317826,-3.6702115604147925,30.65136967270182,-20.110894529458015,2.2696869295453665
34.68713963,4.676147378067471,-5.010536038240158,-3.718015147120876,30.70578881425053,-20.164925013172642,2.233217067513983
34.69718563,4.587140060106915,-5.1184913349915115,-3.7716906835448825,30.759390573515635,-20.219991629576867,2.1962374758470906
34.70723162,4.500770833178737,-5.224616968373612,-3.819207780979463,30.812111363916326,-20.276133518608283,2.158749630896558
34.71727762,4.416633812966589,-5.3306552094186,-3.8584654898398436,30.863975753917035,-20.33334116266578,2.120825878777801
34.72732363,4.312998876041508,-5.4405746741946475,-3.895870721882064,30.914897016065133,-20.391633620305143,2.0825170105734445
34.73736963,4.1944891285845705,-5.554807280719072,-3.9244459068405306,30.964702394775525,-20.45105193577316,2.0438767608679123
34.74741563,4.091378310737216,-5.667507985568264,-3.932869120778955,31.01339457338636,-20.51161013726417,2.0050506682047486
34.75746163,3.9975187769035383,-5.771938011896607,-3.94053223989763,31.061097369920738,-20.573258986417923,1.9661437738906118
34.76750763,3.8902582607398024,-5.868321713838223,-3.975435662847087,31.107789940443944,-20.63591652292873,1.9270230678356943
34.77755363,3.773305779129666,-5.957192364660213,-4.01760267617899,31.153356289079362,-20.69950459205352,1.8875152369793078
34.78759963,3.644527338029966,-6.041221359258728,-4.06628472230405,31.19768833129001,-20.76396113609725,1.8475510712972687
34.79764563,3.50158637526592,-6.126469024328393,-4.13032064043977,31.240655526935022,-20.829267956802454,1.8070207232807765
34.80769163,3.3575196491964467,-6.212247928949671,-4.205517699602772,31.282181082959053,-20.895433843967258,1.7657910080192838
34.81773762,3.1973863059038665,-6.301277000894662,-4.289851906189574,31.32217860222026,-20.96247772486139,1.7237600090485161
34.82778362,2.9813872800726395,-6.39326213504371,-4.367228994457479,31.360286848405746,-21.030430906849652,1.680916692405137
34.83782963,2.7502908023063006,-6.479534314504787,-4.445977459473065,31.396149369574967,-21.099279543857545,1.6372891136798131
34.84787563,2.5780137803733174,-6.565083745417499,-4.530856510552577,31.429985709956895,-21.168991172280975,1.592839677368946
34.85792163,2.4195985969250424,-6.658775051419745,-4.61503646492106,31.462160983391215,-21.239603126925978,1.5475410576736819
34.86796763,2.220577828651787,-6.759479690975057,-4.69387052386038,31.492540856040044,-21.311191532405516,1.5014236185895724
34.87801363,2.037039746752334,-6.864633001619803,-4.747470481818308,31.52099913558443,-21.383813962368862,1.4546409634386208
34.88805963,1.8841523914746379,-6.96567622157272,-4.766865533775375,31.547767550157896,-21.45747211750545,1.4074916543528333
34.89810563,1.715610033132796,-7.050766281254626,-4.783408905021254,31.57292142327985,-21.532065220105643,1.3601618265672972
34.90815163,1.5226825146872998,-7.137044636817452,-4.823332459625813,31.596259633210686,-21.60751910625556,1.312548365413248
34.91819763,1.3276813040673143,-7.237916204563635,-4.854427550632111,31.61764927713544,-21.68391304647031,1.2645781776022615
34.92824363,1.143205233220264,-7.332029015150891,-4.845378416078384,31.637132806675368,-21.76128639321737,1.216497252952048
34.93828962,0.961563832144027,-7.414933295858347,-4.839736872591712,31.654777310590113,-21.83954881890991,1.168490167364913
34.94833562,0.7799386752314619,-7.496604481059854,-4.848291889176117,31.670597144147806,-21.918637985071864,1.1204683996150924
34.95838163,0.6234958415596825,-7.586080036901155,-4.839925751575341,31.684718876245842,-21.998586900896782,1.0724456353233434
34.96842763,0.4683500812347561,-7.6637093133716405,-4.8171142038664225,31.697275484779187,-22.079375104711694,1.0245795243476987
34.97847363,0.27405469697327,-7.727842973705768,-4.81357498160605,31.708076850443277,-22.160875383758178,0.9768457732896099
34.98851963,0.08744347516137063,-7.800952654367071,-4.810959723089975,31.716964922225046,-22.243065036106422,0.9291429361884948
34.99856563,-0.09331773573648572,-7.854773642153319,-4.783113994839666,31.724007682277325,-22.32589226120234,0.8815931046238734
35.00861163,-0.3136364337796035,-7.908444471758049,-4.782851331627499,31.729035817946986,-22.40925941769695,0.8341844615096017
35.01865763,-0.5497398152142966,-7.9743557243581495,-4.799078797684335,31.731771345511433,-22.493227234990535,0.7866956271906076
35.02870363,-0.7806381317525191,-8.030292685990014,-4.803694064752138,31.732161123546963,-22.57780709586421,0.7391020998231285
35.03874963,-0.9990515999754401,-8.094263982508641,-4.809856209937173,31.73029400848764,-22.66298925591851,0.6914544375139371
35.04879562,-1.221541080032526,-8.15307132023155,-4.814157279219945,31.726212241982182,-22.748788047646656,0.6437542659602469
35.05884162,-1.4610458191357023,-8.200429194102643,-4.812061573519069,31.719809874450803,-22.835120192638648,0.5960429693834781
35.06888763,-1.6677088982134938,-8.255693872162695,-4.7945828684957,31.711166397364817,-22.92196789715889,0.5484299476768497
35.07893363,-1.8700453020764836,-8.293260349838365,-4.768001714122698,31.700468524479902,-23.009281806124495,0.5010382860388969
35.08897963,-2.0990222361824697,-8.327548133129728,-4.75038312435214,31.687604164698378,-23.09695663904288,0.4538686397158105
35.09902563,-2.3044940285751707,-8.381356412110033,-4.726837609616664,31.67255756896364,-23.185073978482112,0.4069057606896247
35.10907163,-2.502498374994323,-8.424768911648554,-4.670902102469515,31.655484312583646,-23.273679657891847,0.36034211483635525
35.11911763,-2.7013121644460005,-8.468455563107458,-4.597947647282415,31.636417838707192,-23.362722836336978,0.31442588326392373
35.12916363,-2.890278497801326,-8.50464668164486,-4.5237515142670786,31.61540354527386,-23.452167240820863,0.26924878909600025
35.13920963,-3.0890064570267155,-8.53331993100953,-4.455335304279999,31.5924418634089,-23.541937459024723,0.22478803672697878
35.14925563,-3.273122495961006,-8.57433323189669,-4.391704040460346,31.5675571561412,-23.632057712770433,0.18099055881891934
35.15930162,-3.4635751822763137,-8.593470300950635,-4.331280192725837,31.540791016810154,-23.72248001181606,0.13781625271282527
35.16934762,-3.682758812827016,-8.601076865454738,-4.290376367560358,31.511967247615885,-23.813036734141413,0.09515087253104859
35.17939363,-3.8909349110958145,-8.612336568729667,-4.2434085565209765,31.48099681967519,-23.90368831196616,0.05292682954729533
35.18943963,-4.097230585194591,-8.615884111836666,-4.187198972726109,31.447944530850464,-23.99441417635314,0.011221088648427857
35.19948563,-4.319868666804901,-8.60964645173604,-4.135227140650751,31.412737707770827,-24.085126528282395,-0.029941256998493815
35.20953163,-4.550090470433515,-8.58765374154522,-4.072719858279367,31.37525616948761,-24.175697079061745,-0.07052857405357882
35.21957763,-4.775004798808781,-8.57937312174667,-4.010201597879146,31.33548848241334,-24.266115566904556,-0.11048788780732144
35.22962363,-4.999869817502789,-8.570301027564627,-3.929835815199331,31.293461553678775,-24.35644689206498,-0.1497294950126451
35.23966963,-5.237268712255935,-8.537802377878343,-3.8383058686825113,31.249112673306925,-24.446569407379013,-0.18810766997024198
35.24971563,-5.458614204652221,-8.511129180785254,-3.756773773008497,31.20245951987846,-24.536394702506612,-0.22561655428988714
35.25976163,-5.657843870749514,-8.487977151607279,-3.663660366831451,31.153693817428852,-24.625969725522715,-0.2622481942537611
35.26980762,-5.852647386677656,-8.450666182139214,-3.5574890596247863,31.1029489368185,-24.715240954034062,-0.2978787916348229
35.27985362,-6.038692783575906,-8.39660823126979,-3.4585825271660546,31.05029100160649,-24.80405332532105,-0.3324793184947059
35.28989963,-6.203133954423611,-8.356072845421853,-3.376053290975556,30.995872518195384,-24.892390642210508,-0.3661685270236057
35.29994563,-6.343183283686576,-8.32857425068873,-3.2757588885303304,30.93992463317149,-24.98038613648277,-0.3989393788807203
35.30999163,-6.480736725863864,-8.284705952011038,-3.1449218372469288,30.882582349426688,-25.068023154849364,-0.43054925744573325
35.32003763,-6.627186587698766,-8.25341667217391,-3.0322406449429264,30.82381351708579,-25.15528265669914,-0.4609359438732292
35.33008363,-6.777193650136129,-8.224270415194194,-2.9259332867102192,30.76355558161432,-25.24223859084742,-0.49022265081135785
35.34012963,-6.927842169691101,-8.189972592912818,-2.8046738314639956,30.701787453154452,-25.32887584538564,-0.5183662896454029
35.35017563,-7.076348335900256,-8.163703521906964,-2.6835837285059094,30.638516670707993,-25.415208872418873,-0.545292606648587
35.36022163,-7.247917291567434,-8.128084198659002,-2.5686601596566327,30.573638150924396,-25.50123103404771,-0.571033426978264
35.37026763,-7.433024166361449,-8.09117936266376,-2.453292090546125,30.506968048444342,-25.586888906824726,-0.5956174924104871
35.38031363,-7.597616624518116,-8.045091456223528,-2.327186571348535,30.43854140621488,-25.672129907056494,-0.6189886360086381
35.39035962,-7.7641918743837985,-7.980324120028662,-2.208288170687853,30.36845137835724,-25.756813997108026,-0.6411291028782145
35.40040562,-7.932423811867178,-7.911360278235305,-2.093740887966089,30.296679544228326,-25.840826439748998,-0.6620969941192869
35.41045163,-8.101744783047113,-7.836884747305971,-1.968611332567688,30.22321210870828,-25.924118469331294,-0.6818610082759653
35.42049763,-8.273041403813664,-7.7612521487459825,-1.8433935856877695,30.148033824154805,-26.006656422868655,-0.7003675082598155
35.43054363,-8.425383368944988,-7.690386660262986,-1.7274997305495492,30.07122990298436,-26.088458516514798,-0.7176629046667284
35.44058963,-8.57725525568661,-7.614355595384458,-1.6168696910380267,29.992897915636018,-26.169522748773353,-0.7338204715508039
35.45063563,-8.731197913013434,-7.529903979752353,-1.5009092463264142,29.913029821832758,-26.24978087652776,-0.7488398744326377
35.46068163,-8.867763362388253,-7.45081520853366,-1.3885686533685837,29.831702505809538,-26.32921754091901,-0.7627125212022572
35.47072763,-8.996517740520945,-7.394571318309925,-1.2948030139637348,29.749042488292808,-26.407974429351786,-0.7755498963667098
35.48077363,-9.112973922486654,-7.331220409763755,-1.1837880507137775,29.66515077813264,-26.486130593110392,-0.7873586585640362
35.49081963,-9.21527684589127,-7.237957503320818,-1.0493319749917174,29.58016024098626,-26.563500085676253,-0.7979344197325984
35.50086538,-9.312405176286973,-7.155575232885043,-0.9265859832269867,29.494170100615154,-26.639985409093796,-0.8072180238830546
35.51091138,-9.414829987930501,-7.093723219137994,-0.8077916567502998,29.407175464848414,-26.7157481471268,-0.8152886020481109
35.52095738,-9.529120168091612,-7.0145176520373695,-0.6725243265318109,29.319092269677896,-26.790802352931152,-0.8220830285115819
35.53100338,-9.634932686169021,-6.925341573367303,-0.5369704334297499,29.22990349865406,-26.86501077772885,-0.8275171199703182
35.54104938,-9.726203590577663,-6.841100710764584,-0.4145596252448456,29.13972477759915,-26.938348129230484,-0.8316554547344868
35.55109538,-9.83481523564122,-6.742778698391482,-0.2925084550332918,29.04854204649817,-27.010768467411165,-0.8345658569811729
35.56114137,-9.94424681715688,-6.6392886272287575,-0.17733965337648233,28.956264176125522,-27.082175032416572,-0.836284701598188
35.57118737,-10.041415907993867,-6.523632178687194,-0.0708460641222244,28.862948458720275,-27.152480895533127,-0.8368901377366318
35.58123338,-10.164291562073702,-6.381620452464084,0.03463021006211994,28.768527362572584,-27.221492560103492,-0.8364308487938379
35.59127938,-10.309333879561688,-6.245447265191752,0.1334964298456272,28.672760608442367,-27.289106833157767,-0.8349451479610293
35.60132538,-10.428537152848222,-6.1477784445723245,0.22114525534766966,28.575666548709762,-27.355546517806356,-0.8325225820557525
35.61137138,-10.512702744948855,-6.062706666651389,0.30904353559307435,28.47755096716624,-27.421068296428523,-0.8292182430383044
35.62141738,-10.599338576660205,-5.97237840798911,0.4005845033246046,28.378577450070992,-27.485709040666883,-0.8250125806782704
35.63146338,-10.680907341492137,-5.905990741921547,0.4919608205714559,28.278759041287227,-27.54956260081537,-0.8198881247957874
35.64150938,-10.724185009260145,-5.841019480044541,0.5953721111371459,28.178313528872515,-27.612756345068796,-0.8137852507592618
35.65155538,-10.750272914616446,-5.781041976525177,0.686020762866819,28.07751959318407,-27.67532247167359,-0.806707613632591
35.66160138,-10.771817236203002,-5.751426927565158,0.7570376468212551,27.976486400819624,-27.73743857488732,-0.7988179305201737
35.67164737,-10.771036134069725,-5.707181365639623,0.8419057157660332,27.87534901547825,-27.799183614790202,-0.7901452459223257
35.68169337,-10.778216276532694,-5.657444460481981,0.9360218525466371,27.774179387082988,-27.86045664222325,-0.7805735150261437
35.69173938,-10.796838856967021,-5.614541925306635,1.0186820930838802,27.672880050775134,-27.921264402276826,-0.7701138259749016
35.70178538,-10.837637015349667,-5.536792923729833,1.0927199293155077,27.571282344931674,-27.981466069131983,-0.7588670528958426
35.71183138,-10.895772188340635,-5.458379945276999,1.1659004952535292,27.469187696964653,-28.04088333436149,-0.7468808017826776
35.72187738,-10.935597563022682,-5.398543004345202,1.233139600777793,27.36660099316667,-28.09960617024593,-0.7341892226597571
35.73192338,-10.999193764627128,-5.331017398648029,1.2989363914217293,27.26349480279108,-28.15768926405861,-0.7208294042303929
35.74196938,-11.088202909308153,-5.2579035616546195,1.3829165430901942,27.159622075761018,-28.215065925950697,-0.7067172562197839
35.75201538,-11.160873807726116,-5.17820037653762,1.4693625659636274,27.054937229874472,-28.271674987940727,-0.6917490575344505
35.76206138,-11.217654819554081,-5.093647649232657,1.5367346482142372,26.949602147042835,-28.32745899248262,-0.67600823050709
35.77210738,-11.26898261079634,-5.008146134391044,1.592682550812712,26.8437240336933,-28.382388814566244,-0.6596479671958215
35.78215337,-11.335075521066063,-4.9199303591233985,1.6412876034817703,26.737256222140484,-28.436446000891934,-0.6427625511983608
35.79219937,-11.397685282840076,-4.841480108062065,1.6795877871566107,26.63014183108566,-28.489666077577056,-0.6254405933906397
35.80224538,-11.43424240987938,-4.769260787446887,1.7044819281623427,26.522529217628477,-28.542129393226723,-0.6078011929314215
35.81229138,-11.466572885477138,-4.680540461740427,1.7284813611948766,26.414570688863094,-28.59378425680984,-0.589916217608436
35.82233738,-11.492615571869141,-4.5831777751828096,1.754472113955681,26.306318951704956,-28.64450442542239,-0.5717801415821981
35.83238338,-11.508053651292165,-4.491101935920648,1.778993582705879,26.197858856660137,-28.694273044319754,-0.5533903426673099
35.84242938,-11.531071714209517,-4.392597677304686,1.8125268975015407,26.089205596412413,-28.743084379385436,-0.5347089345746845
35.85247538,-11.547030631906638,-4.303372195240721,1.849522675395105,25.980356554790987,-28.790952747963715,-0.5156732588494677
35.86252138,-11.552304888683908,-4.2352872588103825,1.8765388139901134,25.87140085893425,-28.838030946309864,-0.49631605126774225
35.87256738,-11.550511833925096,-4.1762101895874055,1.9001901121048432,25.762427676999703,-28.884470409901652,-0.47670434115141
35.88261338,-11.554721012414138,-4.134346129023076,1.9143950635061406,25.653442358875655,-28.93040284619852,-0.4569024790937588
35.89265937,-11.58398676699166,-4.11384329177052,1.9094470102232972,25.54428900481656,-28.976021968157333,-0.43705413939434923
35.90270537,-11.61346018960911,-4.091588950782409,1.9084669914634678,25.43484049521667,-29.021426366220158,-0.41723555664331946
35.91275137,-11.632249439419102,-4.060872897706436,1.9178084601981409,25.32514956221317,-29.066564693993598,-0.3973749743290662
35.92279738,-11.655675978782691,-4.021662328061443,1.9320414588507517,25.215246469900986,-29.111351824923098,-0.37739595757762445
35.93284338,-11.682010296106359,-3.964252626060018,1.9629189707378378,25.10509353820533,-29.155653587646135,-0.35719037061924364
35.94288938,-11.70360301805161,-3.919250722814202,1.9858953105008366,24.99469986899151,-29.19944093687598,-0.3367142757640391
35.95293538,-11.726947497281165,-3.8940377912950854,1.9803868479958373,24.884080480216106,-29.242875596990835,-0.3161504397613528
35.96298138,-11.748827893083275,-3.860725023553176,1.9673746741362244,24.77323392689342,-29.286016282518304,-0.2956796329151261
35.97302738,-11.772663759873968,-3.8192811107825646,1.9523440172255682,24.662157740783808,-29.328781465239523,-0.27534968520787273
35.98307338,-11.787695776299827,-3.7898745750107,1.926694971271457,24.550886321296723,-29.371190766157746,-0.2552240716480949
35.99311938,-11.785800370280985,-3.7652762647800038,1.8998143730217156,24.439548916615564,-29.413328800734497,-0.23536231449115297
36.00316538,-11.783280391982649,-3.7293205288465026,1.8808460142393337,24.328233690409906,-29.455162672337337,-0.21573085664539748
36.01321137,-11.787183878206655,-3.691557173675183,1.862580654382437,24.21691162565631,-29.49662621167186,-0.1962864431237532
36.02325737,-11.796178223220801,-3.664419350800973,1.8355726801807435,24.105524664283955,-29.53776379366279,-0.17706941820368516
36.03330338,-11.803483845125001,-3.638643644920095,1.8024606116597457,23.99405571721941,-29.5786356316834,-0.1581543574297941
36.04334938,-11.817619530423393,-3.6017928854343744,1.774139723085266,23.882479181427144,-29.619192856283853,-0.13954789322781314
36.05339538,-11.830926800825775,-3.5646388032048306,1.7522005472725901,23.770764799668473,-29.659378354564346,-0.12119388532926179
36.06344138,-11.83641963289755,-3.5161246139899607,1.7356465244928683,23.658955984994993,-29.699133541117394,-0.10303322876722709
36.07348738,-11.844680483472278,-3.4406961192179812,1.7289200231641733,23.547078085573585,-29.73826616356878,-0.0849895102777889
36.08353338,-11.856848351846002,-3.357797711724817,1.7201052567881354,23.435097572696975,-29.77660350999006,-0.06702385557604496
36.09357938,-11.87299865639369,-3.277295610202761,1.701092888565657,23.3229748176377,-29.81412009565458,-0.0491979765713757
36.10362538,-11.888881130155148,-3.193501302241128,1.675886590168776,23.21069116193306,-29.850811420454242,-0.031594207929148466
36.11367138,-11.908586187493523,-3.1257805038536453,1.6460779657551867,23.098228750059622,-29.88674168487474,-0.014266779244185956
36.12371737,-11.934772234996375,-3.0880620080902874,1.6126038804619776,22.98553593934349,-29.922142292482167,0.0027427634582439797
36.13376337,-11.957335057959538,-3.0433671403540448,1.579798710078678,22.872598150874165,-29.95712897300326,0.019419402391074314
36.14380938,-11.97070513638321,-2.9750534635278574,1.5581495720766587,22.75947975884077,-29.991548045866477,0.035822533660904154
36.15385538,-11.982618967292447,-2.9020870320816283,1.5459413987535167,22.646234478331124,-30.025257434484406,0.0520555833279408
36.16390138,-11.994683959959092,-2.8224798808978884,1.5359019950099897,22.53286875219073,-30.05820044599676,0.06817688341535932
36.17394738,-12.003534545644445,-2.7437895328107142,1.5253519313565012,22.4193979671002,-30.090348329170297,0.08419476260805481
36.18399338,-12.021975425793714,-2.6746695803495255,1.5050311152304479,22.305790096976857,-30.12175376120416,0.10005757737160592
36.19403938,-12.039545624428712,-2.6150902696703504,1.480224959525097,22.192001343204705,-30.152512736839288,0.11569371935565909
36.20408538,-12.044842122741441,-2.5726558270080067,1.44809237360876,22.07809773001378,-30.182759297391385,0.1310438580405462
36.21413138,-12.04028403533806,-2.5353525770396166,1.4081329138473921,21.964190407784944,-30.212605335513373,0.14603187837998388
36.22417738,-12.023950402731241,-2.4861398406416235,1.3784761742830849,21.850388024665634,-30.242016803835867,0.16067021655021874
36.23422337,-12.006340575139491,-2.435135838629717,1.3543517613275324,21.736756252658484,-30.270924854705612,0.17503839768894114
36.24426937,-11.997688111071753,-2.39613908272225,1.3244888344432495,21.62325628303084,-30.299380860544023,0.18913541472204343
36.25431538,-11.996530774803805,-2.3550066224970903,1.2972426826772367,21.509805475098982,-30.327434405254884,0.2029455866000187
36.26436138,-11.995109989889896,-2.3057868196303373,1.2808810747961155,21.39636773000112,-30.35503408262315,0.21653670295435345
36.27440738,-11.998513458763973,-2.264583104116449,1.2573445096554847,21.282920025881644,-30.382179562658607,0.22992741078560908
36.28445338,-12.00017285394232,-2.22404671665834,1.2327785167578156,21.169446890996035,-30.408914462156837,0.2430764994678385
36.29449938,-11.991180237299226,-2.1705923391273396,1.2275272427378607,21.05601059088192,-30.435177246042507,0.2560758160183314
36.30454538,-11.983558442071486,-2.1222478982312167,1.2323636471224866,20.94265774495856,-30.46092869446324,0.2690730486786552
36.31459138,-11.985207140638957,-2.0735815949854888,1.246528010554393,20.829334901899717,-30.486192857916144,0.2821657221957219
36.32463738,-11.985508976882642,-1.990469749765463,1.2804068860905113,20.7160022613046,-30.510795099729286,0.29549971690211496
36.33468338,-11.988062445962433,-1.8811709663943756,1.3087997451456082,20.602655278510767,-30.53443086295504,0.30914650253136977
36.34472938,-12.00095789031188,-1.763488661944317,1.310846066817788,20.489230695824855,-30.556926500176647,0.322946184165408
36.35477537,-12.004942379031132,-1.6437971801688442,1.3102319973861263,20.37572143822468,-30.57822978766429,0.3367530462588033
36.36482137,-12.011505100183816,-1.514774413941884,1.3145864990321008,20.262159088999702,-30.598283804689988,0.3505787102868678
36.37486738,-12.029782527612864,-1.391393604524206,1.3118483780247048,20.14847185454191,-30.617070017255383,0.36441250716530993
36.38491338,-12.038835953451768,-1.3042069122979036,1.2977153494599525,20.03464745037463,-30.634798530559856,0.3781615464890209
36.39495938,-12.035655940637543,-1.2011615004582767,1.2912463521751345,19.920793544053737,-30.65157150800561,0.3918071018368896
36.40500538,-12.025511920420827,-1.0877595905080257,1.3008692724515318,19.807006564350836,-30.667257270553996,0.4054684993399349
36.41505138,-12.01400034078051,-1.018077183536653,1.2942282112683343,19.693328360725936,-30.6820234005785,0.41914487472121564
36.42509738,-12.010152302520613,-0.9403314275243304,1.281263777185884,19.57972730846183,-30.696048998940327,0.43272277169976703
36.43514338,-12.011816317903108,-0.8327561379256609,1.2919620267805119,19.466137226544554,-30.709143729690055,0.4462892856336458
36.44518938,-12.010535128145802,-0.751699747520825,1.3174993935776165,19.352545221694164,-30.72129096351113,0.46003781106866026
36.45523538,-12.00419711487128,-0.7040146806655165,1.3499487593643473,19.238991488100684,-30.732791528992376,0.4740776038614334
36.46528137,-11.991631434136343,-0.6304740986986781,1.3966982987334962,19.1255328207014,-30.743683167197815,0.4885151983833136
36.47532737,-11.975121250531915,-0.5184218048225656,1.4436344753523593,19.012220088429427,-30.753642583229677,0.5034233906281025
36.48537338,-11.96716645142014,-0.4045546085199725,1.4608089863597722,18.89903013109415,-30.76246721444658,0.5186536260173109
36.49541938,-11.97470104293164,-0.2748575160692115,1.4641443657326203,18.785842397133138,-30.770068413456865,0.5339868674254271
36.50546508,-11.98286169213155,-0.10633943790546985,1.4853287903966987,18.672579208415986,-30.776171495405617,0.5494428102403006
36.51551108,-11.983219943176893,0.05534973073483762,1.5201989307700137,18.559269846824947,-30.780616128613207,0.5651807767042774
36.52555708,-11.980829181757848,0.18444943900957855,1.5414734782688282,18.445970694533596,-30.78360012929205,0.5812007579354244
36.53560308,-11.97297910055599,0.32707838871286343,1.5492221215528417,18.332722981994646,-30.785219236921876,0.5973665226538849
36.54564908,-11.966464727219066,0.49216749508833524,1.5642871694358087,18.219547422110924,-30.785292676756015,0.6136468805430657
36.55569508,-11.95906398639588,0.6399610034389565,1.5892023628018945,18.10644175784555,-30.78379450721638,0.6301280591840519
36.56574108,-11.940396325190195,0.7711017275445431,1.6077379134388388,17.99346703516357,-30.78089525102712,0.6468274909121654
36.57578708,-11.924243042713815,0.9092173648981452,1.6177284852143596,17.88066721808178,-30.776643520134257,0.6636702093531448
36.58583308,-11.910592851901194,1.0415749528930918,1.6302832792012067,17.76801710384624,-30.77103320223046,0.6806261731663605
36.59587908,-11.887724507027897,1.1512094010605645,1.6400421944792862,17.65555042221546,-30.76420735832902,0.6976942187412143
36.60592508,-11.859302378477578,1.2575226692105457,1.6482165547308212,17.543341372632753,-30.75629680904852,0.7148523431590408
36.61597108,-11.828165568619443,1.379790073072695,1.6652976420914887,17.431431487597603,-30.747238099052502,0.7321373256902359
36.62601708,-11.799233917995483,1.5048985156872652,1.6837505598995912,17.31982332643953,-30.736936820179636,0.7496007955293813
36.63606308,-11.776268006156043,1.6126351205960059,1.6907328357756641,17.20847584673763,-30.725465960633056,0.7671920263464147
36.64610908,-11.742212650501049,1.705323147020724,1.7021645304238127,17.097414784862355,-30.712988368163288,0.7848757505373911
36.65615508,-11.70494616174529,1.8018591278188643,1.7349983830463667,16.986711972611634,-30.699560303505244,0.8027818205722961
36.66620108,-11.681722306874656,1.8987558600768162,1.7721401778452825,16.876313003356874,-30.685160626329512,0.8210393782842114
36.67624708,-11.656534819346026,2.0078060175873933,1.7927189653995834,16.766157204274982,-30.669726477926474,0.8395868664812876
36.68629308,-11.615300446135244,2.140768381819172,1.8092864508310342,16.656335042199657,-30.653076700626734,0.8583209404075571
36.69633908,-11.57823838160371,2.2746817952289686,1.8196539892017314,16.54690616313104,-30.63508640629589,0.8771903089583991
36.70638508,-11.5445249976675,2.394065547874291,1.827767488566841,16.43783278914016,-30.615823800299964,0.8961525077617741
36.71643108,-11.497293202307091,2.546338923423722,1.855093111427834,16.3291660027848,-30.5951966605491,0.9152927172761044
36.72647708,-11.457231436617107,2.695938474032899,1.8828457469265352,16.2209376919866,-30.57305321309014,0.9347095848821753
36.73652308,-11.425354689470838,2.803492929663385,1.888859327695156,16.113070728338453,-30.549618081057858,0.9542960601925435
36.74656908,-11.385497358991689,2.9339051576837116,1.9022193655814394,16.00556408496214,-30.524987642373578,0.9739798491894288
36.75661508,-11.342979144384795,3.067128361934312,1.933568842597233,15.898471213948795,-30.499032962913002,0.9938882140796679
36.76666108,-11.30388948771994,3.165611050741054,1.9480852784327225,15.79178825927292,-30.471914424751617,1.014026963450144
36.77670708,-11.261003431588133,3.2681324211896854,1.9475279674126027,15.685517068602358,-30.44378624320057,1.0342358295045826
36.78675308,-11.212046772177096,3.38335826095289,1.9560239830828874,15.579707203892035,-30.414564317412655,1.0544845716724645
36.79679908,-11.161575098535842,3.489254197407229,1.967485159524808,15.474396767698558,-30.384231696942777,1.0748335588163402
36.80684508,-11.12874315162866,3.5768026863023947,1.96473977294256,15.369504765591095,-30.35292740512437,1.095226325372681
36.81689108,-11.101510389627714,3.664321419617197,1.9689896155941131,15.264914468516558,-30.320743750648816,1.1156266488118436
36.82693708,-11.051761718131798,3.7575714006308587,1.9945533394762083,15.160710849182397,-30.287652094921174,1.1361767257957192
36.83698308,-11.01108700838549,3.834506960061743,2.014029645825983,15.056961426492219,-30.253705597223885,1.1569530388514497
36.84702908,-10.991907353627266,3.899883809723651,2.0146277696092763,14.953512652275016,-30.219044264295732,1.1778301857697235
36.85707508,-10.95740672341311,3.9816961483183766,2.0202552534323415,14.850333514129161,-30.183643600074955,1.1987386039150194
36.86712108,-10.923552070766501,4.069452468452583,2.0289309854238566,14.747497724569186,-30.1473911924814,1.219718867113337
36.87716708,-10.902895706587879,4.132105930071512,2.0208122216328284,14.64493574384665,-30.11038327655408,1.2407019279629399
36.88721308,-10.870005676930349,4.20584661237668,2.0084225650775402,14.542642726660358,-30.072690252841824,1.2615819750171435
36.89725908,-10.844533021426628,4.293066794492689,1.992046190191364,14.4406428652417,-30.034188722707608,1.282317530295402
36.90730508,-10.82589063846927,4.374505111022993,1.9709725248202854,14.338864593661157,-29.99484002093466,1.3028649740214628
36.91735108,-10.796866914920466,4.471926236581476,1.9555907924860945,14.237325748933602,-29.954592908184104,1.3232293022848505
36.92739708,-10.76053579238586,4.592252257725658,1.9502762943869065,14.136115181597987,-29.91325205151569,1.3434896733827562
36.93744308,-10.710091186374722,4.712975715878414,1.9566427575957586,14.03534048874679,-29.87070040331274,1.3637553285014226
36.94748908,-10.654881990773355,4.83878931429855,1.963345593152595,13.935096494941163,-29.826910399474652,1.3840866307077746
36.95753508,-10.611102033749326,4.964315340757054,1.9560621798963038,13.835349723649106,-29.781857916700766,1.4044150166723564
36.96758108,-10.571026106974614,5.080047924254586,1.9408407244658459,13.736024160461366,-29.735593591929074,1.4246303606815247
36.97762708,-10.538372764209194,5.181638013747323,1.9176914579466091,13.637063916394595,-29.688237655370983,1.4446529685543255
36.98767308,-10.514132785155748,5.259024518581255,1.8802488771210724,13.538389447483254,-29.639982719379553,1.4643712235779276
36.99771908,-10.48109930811467,5.333288784342573,1.8427244063078194,13.440002663141874,-29.590966041567427,1.483712919101148
37.00776508,-10.441397574294628,5.4047959685180835,1.8089835313260245,13.34198122776472,-29.5412171537623,1.5026966487924263
37.01781108,-10.405918466935208,5.459337723657919,1.7667427450928037,13.244337425752741,-29.49083512213496,1.5212987225994352
37.02785708,-10.374157976854184,5.511685338774645,1.71762239100549,13.147031368238775,-29.439916185200858,1.5394418893986006
37.03790308,-10.342276841498098,5.571418245591599,1.6714801005745166,13.050044982609311,-29.388434267805046,1.5571065519343636
37.04794908,-10.30724689435394,5.634165696737864,1.6304574855184215,12.953394691347242,-29.33633713157118,1.5743333851498649
37.05799508,-10.273195557594319,5.700053214421156,1.588775233522608,12.857091395374292,-29.283593861888924,1.5911447918181525
37.06804108,-10.239720251672118,5.76555397132652,1.5411410696950714,12.761127285727467,-29.230190628903372,1.6075075621297712
37.07808708,-10.199145763217423,5.828362547543679,1.4924564160711062,12.665535128197792,-29.17614289813754,1.6233865230213307
37.08813308,-10.158277639691287,5.8954850537548,1.444534700997074,12.570352056908169,-29.121442523544715,1.6387802301229093
37.09817908,-10.116630895175028,5.964677996960381,1.40256782066488,12.47558345780066,-29.06605743644943,1.6537224268097734
37.10822508,-10.070804139476731,6.024470904660228,1.3646679899328875,12.381254238084786,-29.010024453425082,1.6682634530069513
37.11827108,-10.030718837055588,6.078182594971857,1.3175469616587894,12.287356554636785,-28.953421336804887,1.6823774194293522
37.12831708,-9.990983334110634,6.136436760022702,1.2676751358839513,12.193859811094134,-28.896255815693205,1.696004190745865
37.13836308,-9.940993836418228,6.197643304275468,1.2262016839404855,12.100813756229755,-28.838490243438734,1.7091721347323892
37.14840908,-9.895107054453698,6.254661354321697,1.177520154749957,12.008249287918023,-28.780130829047053,1.7218872302486865
37.15845508,-9.855860420474993,6.3088417565807475,1.1142585582082227,11.916112444754575,-28.721212864829447,1.7340400354444303
37.16850108,-9.80986709341402,6.371284250152004,1.0485105199241609,11.824403761915498,-28.66170910380613,1.7455448252444363
37.17854708,-9.757453543838409,6.435497360050403,0.9885157423964589,11.7331893768177,-28.601569151686537,1.7564180088806278
37.18859308,-9.712544530024575,6.491081353119148,0.9273825276173787,11.642463842955866,-28.54082745871878,1.7666827666114544
37.19863908,-9.685735670918564,6.54069386361923,0.8610382407195283,11.552098547969651,-28.47955736371356,1.7763072048513655
37.20868508,-9.661867344616741,6.5759971864866165,0.8023501165449324,11.461987804485739,-28.417860736477333,1.7853036052904592
37.21873108,-9.62720691773789,6.6041553403130155,0.7529328776579447,11.372171050929115,-28.355845342243718,1.7937569924908883
37.22877708,-9.596481448919803,6.639255106862063,0.6977770371139611,11.282682730726512,-28.293512203476013,1.8016851091133417
37.23882308,-9.570754630502167,6.678965298942303,0.6372855319122095,11.193477970362697,-28.23080329428611,1.8090323291181136
37.24886908,-9.537687041015499,6.722336086368033,0.5818881092193635,11.104568534309847,-28.167677069336193,1.8157974390380667
37.25891508,-9.49835028284032,6.759022507281151,0.5340752854496982,11.016022785295242,-28.104148717028753,1.822044123890043
37.26896108,-9.455735514382447,6.78853238887348,0.49413151982720627,10.92788867879897,-28.040287860693866,1.8278500073934982
37.27900708,-9.426150305323956,6.820348463840059,0.4439886645750787,10.84011723278971,-27.97611896407914,1.8332033858003045
37.28905308,-9.402874292104356,6.8457612032729385,0.38890062204863374,10.752611308699947,-27.91166260712969,1.8380281894075683
37.29909908,-9.371007785127295,6.87054091235799,0.33681001258929444,10.665382365489195,-27.846954133511375,1.8423146346459047
37.30914508,-9.343811107832025,6.903073702637015,0.27265606643924045,10.578450096652983,-27.78195777920871,1.8460171834814179
37.31919108,-9.308854250131638,6.928350455931523,0.20964172849395105,10.49183002502305,-27.716671047568674,1.84908096602592
37.32923708,-9.263425159573094,6.961639464754409,0.15695635324133128,10.405613732011286,-27.651090140105566,1.8515635889110271
37.33928308,-9.226252770475153,7.012687908235209,0.10901048687129715,10.319812346231776,-27.585085605619497,1.8535407410694658
37.34932908,-9.189670220116412,7.05077968393036,0.06571954527939859,10.234381431513217,-27.518633319812547,1.8550596107415094
37.35937508,-9.15667166472296,7.0777659648223885,0.008135986204259843,10.149300022688792,-27.451854146927317,1.8560717877967046
37.36942108,-9.131026905282738,7.108986606878267,-0.06043033058954676,10.064513179234773,-27.384782600668117,1.856450314025409
37.37946708,-9.097603384008256,7.144920748844114,-0.1132694767439519,9.980023035754845,-27.317373735928825,1.856219020613725
37.38951308,-9.06589185042957,7.181884263806377,-0.16193560153053535,9.895860065655388,-27.249598706258737,1.8554778662261038
37.39955908,-9.041026206170178,7.214506745534256,-0.21817838819498225,9.811981282720208,-27.18147414612727,1.8542097543762641
37.40960508,-9.004553369600593,7.248216828017208,-0.2570483567360292,9.728410602974291,-27.113016397525826,1.8524638911570281
37.41965108,-8.957470308097927,7.281703892901456,-0.27153745842833044,9.645259624504336,-27.0442211176531,1.850450005328009
37.42969708,-8.912265035108282,7.3053290757893805,-0.2908729152796812,9.56257221033859,-26.975138962959875,1.8482662187414265
37.43974308,-8.871268723765448,7.325939550295955,-0.32042231234107044,9.480317786730891,-26.905834612559502,1.8458368835336392
37.44978908,-8.833273702937253,7.342999463061327,-0.344543806496734,9.398460136584685,-26.83634104380386,1.8431379594392678
37.45983508,-8.794622689127578,7.340147931159126,-0.3703134145865713,9.316987479470527,-26.766776106351195,1.8401884323383197
37.46988108,-8.755639117916841,7.329082030969874,-0.4183795773937776,9.235904780876863,-26.69728107615987,1.8368680281601535
37.47992708,-8.71583356021003,7.3338049743806355,-0.46974112770739007,9.155217840077754,-26.62781790664045,1.833048198578981
37.48997308,-8.684007242554724,7.331101314918955,-0.518334275540499,9.074890706188649,-26.5583445942578,1.8287262965490207
37.50001971,-8.65753673929322,7.314234728570834,-0.5683504170297186,8.994851378157259,-26.48896523260696,1.8239087779637917
37.51006571,-8.621967007371795,7.308195395128264,-0.601449840474278,8.915128697300885,-26.419705278004074,1.8186740719908996
37.52011171,-8.586083493609474,7.329908063876312,-0.6189040345620533,8.83576492609758,-26.350366596237947,1.8131854351971428
37.53015771,-8.565286721671127,7.349315661371186,-0.6432269288837945,8.7566858599694,-26.28082136737453,1.8074869520883086
37.54020371,-8.548824713892037,7.357487756004172,-0.6707400658715713,8.677793944691691,-26.21113760571751,1.8015280965942029
37.55024971,-8.52326564535275,7.395699330095292,-0.6814320866191289,8.599113101280329,-26.14122085889248,1.7953773365927923
37.56029571,-8.511668901247738,7.434687708264584,-0.6898134276942339,8.520618891515934,-26.070916336707306,1.7891307710949511
37.57034171,-8.512519398192296,7.441840576852321,-0.7095575114619832,8.442178660150967,-26.000380047039613,1.7827429315881196
37.58038771,-8.50281266186177,7.449200101662839,-0.7369271172052083,8.363782913676497,-25.929770861619936,1.7761184400188792
37.59043371,-8.48636247508995,7.471631915756708,-0.7609712680230382,8.28551855342671,-25.85901203430489,1.7692356971504277
37.60047971,-8.4734117873915,7.483053514828363,-0.7758760444502618,8.20740187376939,-25.788083161295518,1.7621573138204245
37.61052571,-8.460827752160185,7.474325525532546,-0.7884576075872394,8.129413455025396,-25.717140758284284,1.7549408666067952
37.62057171,-8.443841592614278,7.4741334795481436,-0.800713143593862,8.051573567369722,-25.64624316061022,1.7475996626441626
37.63061671,-8.41974378977573,7.48737434586976,-0.7914020701513351,7.973947772261527,-25.575287082532242,1.7402444008772102
37.64066271,-8.388994269407695,7.504463846470307,-0.7575185790835732,7.896589747453369,-25.504171591200574,1.7331053731766533
37.65070871,-8.370227302456701,7.538017428075051,-0.7438603500917816,7.819480443961016,-25.432801719666983,1.7262051475359554
37.66075471,-8.364670732883326,7.563443324823788,-0.751549355141674,7.742493317592684,-25.36113559421368,1.7193349053071227
37.67080071,-8.35629883593306,7.577432667472732,-0.7570275175038979,7.665576153911644,-25.289271486012822,1.7123985243963744
37.68084671,-8.335647060557147,7.6119564176495125,-0.7677615277192961,7.588804776136747,-25.217163696546756,1.7053807097427731
37.69089271,-8.31507786962223,7.645083486964365,-0.7656743413404581,7.5122404512755825,-25.144716097014335,1.6983194620930362
37.70093871,-8.310542095472432,7.662014680052463,-0.7547189176084198,7.435802228654037,-25.07201705482986,1.691323727473886
37.71098471,-8.311771236846429,7.681764778718415,-0.7480337057596116,7.359380615248977,-24.99913376251696,1.6844166017672633
37.72103071,-8.310128482970425,7.706825389036926,-0.7431213421270211,7.282961079419458,-24.926025386012775,1.677567730682279
37.73107671,-8.299341195523166,7.751111394249519,-0.7554903578469976,7.206603979687509,-24.852568681458777,1.6706814048338594
37.74112271,-8.287157415334702,7.792519964081163,-0.772719522354402,7.1303622636283475,-24.77868153305439,1.6636464073261628
37.75116871,-8.277740714458591,7.806488100232619,-0.7723858853434423,7.054229046785521,-24.704516227455798,1.6565265435838468
37.76121471,-8.263315624034979,7.81422900091343,-0.7794925412663412,6.978215587260442,-24.630241877365243,1.6493726589675406
37.77126071,-8.250711260585504,7.830674014827149,-0.8118248411893707,6.902337896682122,-24.55584604142563,1.6420206724760158
37.78130671,-8.232579055616123,7.850644037059984,-0.8346410504617962,6.826614595886962,-24.481267292759455,1.6343916750228018
37.79135271,-8.211175903723296,7.846611318682752,-0.8305249380667482,6.751089881189378,-24.406608491016062,1.6266687469829784
37.80139871,-8.195735409073784,7.834985675256788,-0.815988043246782,6.675750232128321,-24.332028341223953,1.6190395129983903
37.81144471,-8.182370521101051,7.833083268290644,-0.8078109652683418,6.600555272504179,-24.25751614282897,1.6115243712991687
37.82149071,-8.171406577696686,7.807059802687121,-0.7953112714930484,6.5254825166000945,-24.18314421609195,1.6041130890244715
37.83153671,-8.162769392100802,7.766579655700097,-0.7838675495952517,6.450508217166927,-24.109106337000924,1.596822074526695
37.84158271,-8.170670414553749,7.734461834888304,-0.8084580412495278,6.375537615481278,-24.0354331175022,1.5894650238044368
37.85162871,-8.18507544048824,7.703679423176032,-0.8241472562821704,6.300454970514528,-23.962075845871396,1.5819056481154852
37.86167471,-8.173146581251736,7.672754980755771,-0.7868782873955632,6.225359887762449,-23.8890285277689,1.5744546675301418
37.87172071,-8.148501368749965,7.6353555325418965,-0.764634797983103,6.150448516572768,-23.81632440056911,1.5673026180228398
37.88176671,-8.132391991614657,7.601214326323633,-0.7989416772986547,6.075741855686783,-23.74397962207648,1.5600899741080496
37.89181271,-8.109120199240063,7.583407214474362,-0.8345873228199142,6.001233006415241,-23.671895779985505,1.5525259586610036
37.90185871,-8.078569687255698,7.561173111724788,-0.8435887757258644,5.9269945065785485,-23.600013064915508,1.5447376808385638
37.91190471,-8.050765659629048,7.521944618730094,-0.8384952486026092,5.853049121594273,-23.528439076463883,1.5369297735049114
37.92195071,-8.019647496337033,7.476950885254999,-0.8257584300043481,5.779399702775031,-23.45728813625587,1.5292114279978244
37.93199671,-7.979587113221424,7.439398324654196,-0.808622388637077,5.706107813794345,-23.38655182608295,1.5216431338663385
37.94204271,-7.939722803078159,7.39941352469388,-0.7884146065294004,5.633217386547894,-23.31620498607213,1.5142624177601673
37.95208871,-7.903996857704356,7.353848996138079,-0.7778284586993129,5.560706649154962,-23.24628786033849,1.5070363795640787
37.96213471,-7.865822970332225,7.311929757594638,-0.7893963871359934,5.488567110621858,-23.17681016556695,1.4998054098839977
37.97218071,-7.821867273478924,7.272458861208484,-0.7966526506197213,5.416840108990318,-23.10774129344315,1.4924798862879005
37.98222671,-7.766919039901131,7.229744751011742,-0.7720353354968391,5.345609901801389,-23.03908523660747,1.4852415672541923
37.99227271,-7.696986111023776,7.181059841262153,-0.7395637474937176,5.275006972691417,-22.97088827704893,1.4782900057808808
38.00231871,-7.619028843550327,7.129311994203159,-0.7244313616085026,5.205146896037766,-22.903195791227894,1.4715775590684155
38.01236471,-7.542754903876402,7.076159273846961,-0.7228182380674749,5.1360615227375686,-22.836030220956932,1.4649492250497933
38.02241071,-7.463539125454921,7.029271512151051,-0.7240097661136237,5.067757174291366,-22.769367154027318,1.4583230087053416
38.03245671,-7.385444270618935,6.980409261546575,-0.7231267510404342,5.000242997156061,-22.703185039409536,1.4516952427002319
38.04250271,-7.317829379671188,6.917888891782088,-0.7163544723189915,4.933460720073779,-22.63756239969382,1.4451059292358472
38.05254871,-7.253651157038203,6.85170108256702,-0.7053140935430304,4.867340439801012,-22.57258626116112,1.4386060887500727
38.06259471,-7.182485429202634,6.799200193970978,-0.6977383612904456,4.801899992191501,-22.50820629595757,1.4321997569899987
38.07264071,-7.112721216321354,6.753473614122205,-0.6973495613613337,4.737167435674159,-22.444319727327972,1.425833431075069
38.08268671,-7.056869507471892,6.69425881417396,-0.6991060240749208,4.673065847931717,-22.380960279249138,1.4194602353899775
38.09273271,-7.006502247918411,6.622562956734336,-0.6936574979440967,4.6094977980675225,-22.318258395402324,1.4131055849394265
38.10277871,-6.944550177786892,6.555089281475767,-0.6784094116200049,4.54649392819633,-22.256255560118248,1.4068548935732361
38.11282471,-6.870464728481069,6.496000904662253,-0.6601094296915337,4.484173374785318,-22.19488844602178,1.400772714153883
38.12287071,-6.785507705395859,6.443028493596159,-0.6522780899933137,4.422651691713078,-22.13408421326278,1.3948217923630561
38.13291671,-6.6965462574947425,6.3960776716952585,-0.6601146836260356,4.362003601120609,-22.073781894902975,1.3888708441817164
38.14296271,-6.613940407208236,6.349063419479853,-0.6696269948531979,4.3022172930669775,-22.013951563110503,1.3828327524512698
38.15300871,-6.535478252635848,6.290434298474121,-0.6658206272513589,4.243240029601708,-21.954651877981675,1.376765999765989
38.16305471,-6.456963270649183,6.22507161891757,-0.6454081014136573,4.18505126229342,-21.89597500366711,1.3708208985824593
38.17310071,-6.379827818450366,6.172353869021162,-0.6184097191845959,4.1276443271160055,-21.837891247349656,1.365113942390145
38.18314671,-6.316727991846779,6.128170830799261,-0.6033732342856872,4.070941793744009,-21.780294223690916,1.359618127335414
38.19319271,-6.266318033312158,6.073929769812371,-0.6069932234436076,4.014809420022804,-21.72319158428254,1.3541796573387943
38.20323871,-6.210758170737138,6.015881271662767,-0.617891282867603,3.9592093327129945,-21.666652975329665,1.3486682631841433
38.21328471,-6.144123207310181,5.962916209709148,-0.61869814654833,3.9042230300141902,-21.61067198748919,1.3430980752007375
38.22333071,-6.076363118507649,5.906467860154966,-0.6082676107455879,3.8499117936627734,-21.555240583214758,1.3375762269224045
38.23337671,-6.013142249212274,5.853798016969116,-0.5945704732425303,3.7962584746638477,-21.50035727962242,1.3321755719470827
38.24342271,-5.955277745880641,5.808331235560125,-0.5867722972754716,3.743213367491663,-21.44596691629546,1.326882887931325
38.25346871,-5.903266690164463,5.763899436821946,-0.5931599137311628,3.6907201652525394,-21.392028113536547,1.3215972891559895
38.26351471,-5.852352822481757,5.714547310475126,-0.6017699619345571,3.6387439549036458,-21.338560387433333,1.316236357111071
38.27356071,-5.794793345156714,5.6605519067500385,-0.5961394801540484,3.587312606166769,-21.285611775973706,1.3108604587040142
38.28360671,-5.730288496748126,5.606001643265622,-0.5766746942642579,3.53649438653801,-21.233208389400435,1.3056106138264616
38.29365271,-5.6660430981652254,5.556352797681841,-0.5529126600238954,3.4863228793998893,-21.18132839495201,1.3005778972664228
38.30369871,-5.6118293864210695,5.507440184547142,-0.5432511402555221,3.4367463923729815,-21.12994347471077,1.2957130672181734
38.31374471,-5.566132783341847,5.459219342375912,-0.5533464012282311,3.38767175485739,-21.079046455815494,1.2908460584878512
38.32379071,-5.519412486497184,5.416456838925141,-0.5622776658077251,3.339061327430155,-21.028606446265314,1.2858834795196836
38.33383671,-5.467203888402881,5.3692947981550745,-0.5538037513009304,3.2909478198421667,-20.97861812770072,1.2809186032820974
38.34388271,-5.40991716935974,5.318622523157917,-0.5328654845249023,3.2433843072321586,-20.929121230904222,1.276101464431095
38.35392871,-5.354088466266482,5.2669815089262,-0.5199086585517501,3.196388973387574,-20.880138253759554,1.271454580630975
38.36397471,-5.29970870801887,5.2166276763886295,-0.5251854305635724,3.149947216644268,-20.831667596730178,1.2668462737418995
38.37402071,-5.243547807523205,5.171954105801355,-0.5351182401542652,3.1040607056298306,-20.783674262346693,1.2621615691244343
38.38406671,-5.1894432522602925,5.129467972713659,-0.5355662405640835,3.058728057999705,-20.736118731154807,1.25742472169834
38.39411271,-5.138008005904211,5.084280120171904,-0.5286942589128549,3.0139255367930744,-20.6890035863927,1.252720141930018
38.40415871,-5.085582615833863,5.037220949783306,-0.5219810365668939,2.9696447075632477,-20.64235179842681,1.2480838006413773
38.41420471,-5.031977443750882,4.991753621470128,-0.5149793196170606,2.925896469847089,-20.59616477106386,1.243516349492816
38.42425071,-4.97588136491321,4.944067143708118,-0.505999377600551,2.882699261514304,-20.55044565526883,1.2390291742172428
38.43429671,-4.917216501035808,4.89481473725564,-0.49693142513056765,2.840078497396803,-20.50521346348924,1.2346326535156782
38.44434271,-4.86147882790415,4.850996676261402,-0.493125818458079,2.7980323772226683,-20.460448764667607,1.230300796701683
38.45438871,-4.810105844551928,4.807204867909481,-0.4920177997647066,2.7565242738760567,-20.416124130219696,1.225993621027901
38.46443471,-4.757009143195211,4.761381528684286,-0.48647145802575503,2.715540921755764,-20.372249632658097,1.2217198702065732
38.47448071,-4.70452125608253,4.71697815695321,-0.48244487243696216,2.675087921023323,-20.3288283438656,1.2174942041992098
38.48452671,-4.653255742293865,4.669176094677054,-0.4826099601106584,2.6351560736236443,-20.28587020296815,1.213287934495877
38.49457271,-4.597102025504098,4.62040091231899,-0.47428140832131416,2.5957637930191275,-20.24339716957047,1.209122669872794
38.50461813,-4.538955175079245,4.573362915704024,-0.45670951144676275,2.556947885307128,-20.201407830140994,1.2050877361713659
38.51466413,-4.481684093202085,4.526185277191662,-0.4444933611956656,2.5187094807256827,-20.159889311476537,1.201202194862634
38.52471013,-4.424937593031331,4.482965792240595,-0.4420538346972879,2.4810437864588657,-20.11882485756324,1.1973902690182145
38.53475613,-4.374368552421469,4.443686059767173,-0.44465207085808506,2.44391713815342,-20.078174797219095,1.1935775459751636
38.54480213,-4.329588034384603,4.403441337555134,-0.44153994299977045,2.4072694306810263,-20.037924188210805,1.1897674042101065
38.55484813,-4.28090000938101,4.359821425567979,-0.4295117503482241,2.371091215700325,-19.998094831260097,1.18603331227497
38.56489412,-4.229326570989167,4.318570578078605,-0.4202006800722968,2.335416649561541,-19.9586918193569,1.1824064110678192
38.57494012,-4.184247567598228,4.282133900918593,-0.4182191356605441,2.3002275331265487,-19.919678992667357,1.1788362290539443
38.58498613,-4.142893318499608,4.243532013517834,-0.41610257756776364,2.2654725363230135,-19.881043046228633,1.1752866282756078
38.59503113,-4.0967889829790645,4.203180391159652,-0.4107307893054147,2.231160294438663,-19.842807528151297,1.171774994584567
38.60507713,-4.049127184809316,4.163011150318202,-0.40533545244299496,2.1973156239910203,-19.80497265994694,1.168317094572818
38.61512313,-4.003890190378762,4.122840047782654,-0.40120375410443465,2.163937584178587,-19.76754134128734,1.1649070488588813
38.62516913,-3.9594498417555624,4.0826873949958165,-0.399663122152491,2.1310099936603137,-19.73051348885073,1.161525495259994
38.63521513,-3.913172749220686,4.042816876344173,-0.3990063119484668,2.098538076848996,-19.693887592804273,1.1581549794130581
38.64526113,-3.8661982084929556,4.004945976070024,-0.39662388807210736,2.066534562991542,-19.65765219190506,1.1547997296389059
38.65530713,-3.8215647441660083,3.9654165654518243,-0.3953953784296424,2.034991196143494,-19.621805572767485,1.1514626175838214
38.66535313,-3.7777655909497394,3.930507686031559,-0.3949478150956354,2.003892026333343,-19.58633285716075,1.1481339244432947
38.67539913,-3.7357491257959987,3.9038810508255586,-0.39327202551465285,1.973223908374262,-19.551169234443975,1.1448158969044602
38.68544512,-3.695172428491521,3.870743838165085,-0.39018987546358536,1.9429706859849638,-19.516305840238857,1.1415217717754451
38.69549112,-3.6512180837237747,3.8327270810725906,-0.38099100498468813,1.9131420329052418,-19.48179981771999,1.1382893309335045
38.70553713,-3.6067964790625444,3.798401428045775,-0.37183201289382495,1.8837572629693113,-19.447657137140837,1.1351490985094013
38.71558313,-3.5644590229795927,3.7641276271071415,-0.36898638721618543,1.8548083130457051,-19.41385906560529,1.1320691684062016
38.72562913,-3.5212771544623642,3.7284099470906593,-0.36612532355020444,1.826288926689557,-19.380412561278558,1.1290179030035734
38.73567513,-3.478118577968731,3.692529909468173,-0.3608624319540085,1.7982032283887115,-19.347325692287548,1.1260074442282288
38.74572113,-3.4366981575122733,3.6585625606421828,-0.3557969496810074,1.7705423703895242,-19.314589666718646,1.1230488648748274
38.75576713,-3.3966816467606673,3.626668758270158,-0.3516524933876062,1.7432905700957981,-19.282184461712212,1.1201365470428448
38.76581313,-3.358748392954726,3.594146482535683,-0.34809118459778354,1.7164303114694626,-19.250102818666132,1.1172629352688774
38.77585913,-3.321401229934645,3.560950195969952,-0.3433401942359925,1.6899481863768244,-19.218351279958462,1.1144310761735465
38.78590513,-3.2829849199323853,3.5268115370359645,-0.33586802442272423,1.6638466212091778,-19.186937964682038,1.1116606140117749
38.79595112,-3.2477838012195543,3.4904258644006747,-0.3292242032557715,1.6381148619999522,-19.15587892403996,1.108961059159896
38.80599712,-3.217164370646688,3.453625048751298,-0.32482515736672196,1.6127136937958042,-19.125187468211664,1.10631696994204
38.81604312,-3.1862790492204143,3.418543850532038,-0.32346594935763007,1.58762146396095,-19.094857075739025,1.1037018044335147
38.82608913,-3.1508046082357266,3.386246270505371,-0.32361830603832353,1.56286253456717,-19.064865097014923,1.1010926983420575
38.83613513,-3.1135869665413507,3.3546738399689486,-0.32097216584216,1.538468762150199,-19.03519396720847,1.098496121122353
38.84618113,-3.0788228332408725,3.323289263382294,-0.31470519026975974,1.5144365541890465,-19.005839070448825,1.0959443144831558
38.85622713,-3.0436778930396073,3.291663377834916,-0.30630261709159534,1.4907554995040755,-18.976800675240455,1.0934661929873308
38.86627313,-3.0056836806904412,3.259150061128709,-0.29679313518415756,1.4674418227823693,-18.948084451245002,1.091078043744201
38.87631913,-2.9694518559611995,3.2283789019395948,-0.2915405491134288,1.4445009834449216,-18.919686105171994,1.0887640443685274
38.88636513,-2.936128395201113,3.198791284596735,-0.2914109277657375,1.4219095203064747,-18.89159094123349,1.0864770798207148
38.89641113,-2.9027041732238903,3.172021889042453,-0.29044944180378773,1.3996533307784276,-18.863778858570782,1.0841955959049197
38.90645713,-2.8730716663537805,3.1474333547195013,-0.2894467590578983,1.377713875199369,-18.83622474678983,1.0819239780085428
38.91650312,-2.847371123003814,3.1231146384747115,-0.28908320803686754,1.3560523790938959,-18.80891632331189,1.0796592249587627
38.92654912,-2.8208403703968705,3.10145043748095,-0.289755196020662,1.3346532192256966,-18.781838844843847,1.0773929203757344
38.93659513,-2.79519229087792,3.076302709715125,-0.29127523536023786,1.3135161325909728,-18.75499647597451,1.075115602972572
38.94664113,-2.7694888794453854,3.0493738396208574,-0.28801291375393717,1.2926370055355747,-18.72841571457566,1.0728470393201226
38.95668713,-2.743120972674264,3.024307029319943,-0.2833784759285626,1.2720194327115308,-18.702096127479454,1.0706181410903004
38.96673313,-2.716867435184419,2.997182964176459,-0.27965383665581856,1.2516661774019973,-18.676038695150588,1.0684312305047405
38.97677913,-2.6889772582412115,2.973877398169198,-0.2730130483095573,1.2315848859700722,-18.650234570859006,1.0662963854621124
38.98682513,-2.6620536999114384,2.952517776392364,-0.2705852315753886,1.2117789239304102,-18.62465479980565,1.0642070920228017
38.99687113,-2.6410647693469427,2.9333743536460903,-0.2698461500079189,1.192213626322463,-18.59927847554493,1.0621337059136597
39.00691713,-2.6231748815181692,2.9172017212455152,-0.2667034810834516,1.1728436170193248,-18.574079543829235,1.060079817837241
39.01696313,-2.605301515408311,2.898902672804364,-0.2686366113128029,1.1536532465406992,-18.549053763366388,1.0580320052736858
39.02700912,-2.587164152034214,2.880747137099832,-0.27274770075711186,1.1346437768787219,-18.524211119008623,1.055953834663367
39.03705512,-2.568081229431262,2.8659161500952814,-0.2738730122698159,1.115821245790773,-18.499534141225524,1.0538493595423857
39.04710113,-2.5509763950845397,2.8513693440409122,-0.27290838852448834,1.0971804672505634,-18.475004703679847,1.0517440751911051
39.05714713,-2.5343905307037504,2.83576447584055,-0.2679241474113359,1.0787089356454764,-18.450626742411064,1.0496686740836516
39.06719313,-2.519216587070085,2.8219468516173234,-0.26444021538526064,1.0603969335560386,-18.42639657032171,1.0476358086098763
39.07723913,-2.503074882816347,2.804037283373372,-0.2651257214319136,1.0422422299659395,-18.402325763920118,1.0456169996297948
39.08728513,-2.484077253818587,2.7904772664154516,-0.260813734596397,1.0242640312467728,-18.37841302924501,1.0436164064627174
39.09733113,-2.46912760819009,2.7835855016984143,-0.2549743227034915,1.0064563496880403,-18.354603023869238,1.0416668037714514
39.10737713,-2.4555471075616895,2.7717211979784144,-0.2511944644870377,0.9887919750539567,-18.330887230225226,1.0397655186739447
39.11742313,-2.4392046505766514,2.7599885840111957,-0.24426451403286603,0.9712779034359826,-18.307289963898775,1.0379180289453918
39.12746913,-2.4243702427620004,2.749303746343365,-0.23910311743816476,0.9539204332098841,-18.283805300431872,1.0361312740530648
39.13751512,-2.411178528651372,2.737916929252192,-0.23862815156125278,0.9367037553320756,-18.26043152615359,1.0343728323598234
39.14756112,-2.398648419699361,2.7294946937341007,-0.2395139341297084,0.91961626103366,-18.237157229479813,1.0326123253839505
39.15760713,-2.3890366885031344,2.7217194738273656,-0.24459715485557348,0.9026399682997557,-18.21396426953788,1.030821834322238
39.16765313,-2.379172881246425,2.71215182377286,-0.24945965747788715,0.8857615180940535,-18.190858445918515,1.0289813876744398
39.17769913,-2.367837699818778,2.7022398428472814,-0.2486219849635658,0.8689895504085001,-18.167850468485547,1.0271207243050078
39.18774513,-2.3585276902856345,2.693577128679388,-0.24653695039329665,0.8523212835171456,-18.144935791746033,1.0252747416932617
39.19779113,-2.3483841667114147,2.6849054257156455,-0.24282320518097208,0.8357507317226016,-18.122108185783787,1.023457886352365
39.20783713,-2.3375736320331066,2.6784208464200354,-0.2399742777160516,0.8192854321626477,-18.09935670982732,1.0216739953163247
39.21788313,-2.3306815777519603,2.6742656889117895,-0.24380653982020933,0.8029090527070437,-18.076658677268828,1.0198851649903926
39.22792913,-2.3235989852563685,2.667514937822053,-0.2463262122671232,0.7866028679021966,-18.05401542508921,1.0180644288972096
39.23797513,-2.3138075291427196,2.660871774086913,-0.24307145923470214,0.770381441443508,-18.031439450543758,1.0162473851138074
39.24802112,-2.3066747732712263,2.6559648702250462,-0.24131359270487285,0.7542450413641646,-18.008921514402708,1.0144555215021285
39.25806712,-2.301783962411983,2.6508866855566735,-0.24130804949377366,0.7381690195979687,-17.986453710946485,1.012672513713916
39.26811312,-2.296593090611827,2.6481178322959185,-0.24138031997323375,0.722143638123768,-17.964025323161778,1.0108891707546348
39.27815913,-2.2912215417274027,2.6452219388344815,-0.2413495761347137,0.7061712957894883,-17.941625367102503,1.0091056174316522
39.28820513,-2.2846242313095657,2.640093534605877,-0.23631441570877437,0.6902590889346598,-17.919265739387875,1.0073475119211737
39.29825113,-2.2798718284060904,2.6364171497464985,-0.23193196025830934,0.6744038916898631,-17.896950338128857,1.0056367110952438
39.30829713,-2.2774628966827497,2.6348599687920284,-0.23310186157212168,0.658584665828883,-17.874661225070906,1.0039420469287412
39.31834313,-2.2748636401658495,2.633663849166724,-0.2343302725207942,0.6427905960974307,-17.852385941841764,1.0022353360397438
39.32838913,-2.274139637312997,2.632438415144366,-0.23836468090530455,0.6270132190978082,-17.83012282207661,1.0005021900092372
39.33843513,-2.273638095265851,2.6317837777134967,-0.24338133172254103,0.611241998010204,-17.807869145910352,0.998723580508359
39.34848113,-2.270381248141943,2.629843722371308,-0.23995313146317152,0.595489655311404,-17.78562850288589,0.9969369922203284
39.35852713,-2.267402369251144,2.6265835379820675,-0.23225238348451882,0.57976863466439,-17.763413980665618,0.9952063046392987
39.36857312,-2.2663926850873817,2.6249970768139406,-0.22839565009643506,0.5640676641986815,-17.741223825234535,0.9935336719521488
39.37861912,-2.266187374877359,2.6258961968880348,-0.22816078023705694,0.5483727810206176,-17.719037100229194,0.9918815897231352
39.38866513,-2.266056322921183,2.6261834721952217,-0.23180076171930303,0.5326795717683908,-17.696844393868805,0.9902124019568981
39.39871113,-2.264848848030814,2.6261771360557837,-0.23709597623678397,0.5169931015578406,-17.674650298442025,0.9884983343626961
39.40875713,-2.2639952587655228,2.6267352410264877,-0.23858802065832127,0.5013169840725524,-17.652453431480424,0.9867501743668445
39.41880313,-2.263581575639895,2.625719163477009,-0.23543893461345167,0.485647232096472,-17.630258864915067,0.9850103376910659
39.42884913,-2.2636632264749816,2.627614203975557,-0.23194970035234658,0.4699791479185862,-17.608059883318816,0.9833038452981842
39.43889513,-2.2667473020159,2.6316374868251797,-0.23253602677335392,0.4542951622971323,-17.585831173984406,0.9816119342113845
39.44894113,-2.265711764412311,2.624782129294728,-0.23727054410840887,0.43860088686960097,-17.5636166901611,0.9798932965263969
39.45898713,-2.264416250965221,2.6238399155752865,-0.23752340157377866,0.4229183203115099,-17.541441373538202,0.978149607257788
39.46903313,-2.2733217473555776,2.637783842909431,-0.23188922599809514,0.407197528809089,-17.519200749307803,0.9764329483500465
39.47907912,-2.2838215641652786,2.6457396497163996,-0.2301858711809192,0.3913792801642906,-17.496850144961094,0.9747531475295779
39.48912512,-2.291058588136136,2.648883086129227,-0.2331938799094897,0.3754719236224311,-17.474443766867424,0.9730667917604039
39.49917096,-2.297914245294293,2.6527379749278186,-0.23690878270781196,0.3594940340229478,-17.452002593606554,0.9713466942026063
39.50921696,-2.303932332145112,2.6555075137295896,-0.2395746937069115,0.3434512251276125,-17.429527788425492,0.9695945184211265
39.51926296,-2.308003700657979,2.6560977549690947,-0.23890168955862784,0.3273577368979943,-17.407036107069302,0.9678323322685365
39.52930896,-2.31117088241578,2.6560685701831117,-0.23757088687125277,0.3112278894303522,-17.384541607526526,0.9660802112376807
39.53935496,-2.3157402984088424,2.6599112158679548,-0.24128802703381558,0.29505918103222584,-17.362027952969676,0.9643161036336882
39.54940096,-2.320757091436784,2.6648703579297233,-0.24710565235856924,0.27884232110616836,-17.339470087032954,0.9625041029026518
39.55944696,-2.3247042112608627,2.668262355395103,-0.25015470177824867,0.2625804354458552,-17.316870273322387,0.960647564864374
39.56949296,-2.328072070673656,2.672919262613605,-0.2507310674374346,0.24628180664484844,-17.294230029963614,0.9587728163661564
39.57953896,-2.332316006490796,2.6770359676141786,-0.24971970504665175,0.22994494379639718,-17.271545716750648,0.9569002528565203
39.58958496,-2.336715690602622,2.680640454099649,-0.24723668749412908,0.21356466404503394,-17.248822619992843,0.9550452416173394
39.59963096,-2.3406355620479276,2.6858624807903118,-0.24568186704049003,0.19714259516612032,-17.226055187659373,0.9532105124384647
39.60967696,-2.345893546436161,2.691817703557921,-0.24603350853040737,0.18067442591734562,-17.203231612001858,0.9513818268275234
39.61972296,-2.351848588094596,2.697483891813541,-0.2441046433304328,0.16414993363874686,-17.18034966199679,0.949561063611279
39.62976896,-2.3586532282424773,2.7032828271761398,-0.24051967358443405,0.1475613494784227,-17.157410122675767,0.947767996387967
39.63981496,-2.3662863119707156,2.708989326856244,-0.2402881803198713,0.13090024463106786,-17.134412791554528,0.9459940992583571
39.64986096,-2.372366783029709,2.7126805473031084,-0.24286378498388567,0.1141702565980367,-17.111368255685107,0.9442084276571889
39.65990696,-2.3766510093702307,2.7164949958729165,-0.24685914924065377,0.09738820668995274,-17.0882860188402,0.942389750079131
39.66995296,-2.3815662089306615,2.7209275086493494,-0.2534854489862605,0.08055994806556654,-17.065162357508452,0.9405177198827885
39.67999896,-2.385704106464738,2.7236387122225145,-0.25782502824006587,0.06368621573448507,-17.042002813289496,0.9385906080762334
39.69004496,-2.389825336774992,2.727496847833799,-0.2559507688166815,0.04677099780423433,-17.018810271279797,0.9366511129681687
39.70009096,-2.3966026039278665,2.7305461485914035,-0.25512528395680156,0.029801036721234908,-16.995583033217237,0.9347251786756403
39.71013696,-2.40121170624879,2.7332308147988726,-0.25795381834960407,0.012773881904355022,-16.972326993438593,0.9327891830653066
39.72018296,-2.404585085988141,2.739443458213378,-0.2616275040021559,-0.004293368919910279,-16.949026262473716,0.9308205268036851
39.73022796,-2.41044578033711,2.7447326935491447,-0.2644331522647817,-0.021405298971178155,-16.92567008272667,0.9288195240516666
39.74027396,-2.4146737160872953,2.7484586153095236,-0.2615967219074151,-0.0385696077385802,-16.902266294690737,0.9268184767142504
39.75031996,-2.419209098119393,2.7534294427562607,-0.2571002824093426,-0.0557779346511893,-16.878818822883556,0.9248542623821205
39.76036596,-2.426521211466259,2.7576385604917806,-0.2563640567762427,-0.07304577153309921,-16.855325240211705,0.9229163317269422
39.77041196,-2.4311671900255583,2.761407352853893,-0.25688022830212476,-0.09037367391063711,-16.831791584497452,0.9209795064035469
39.78045796,-2.4351956139518993,2.7662716632187347,-0.25761495097082404,-0.1077451478118796,-16.808214564708184,0.9190363978386098
39.79050396,-2.4429198448786797,2.771299430181692,-0.258016753267174,-0.12517565529844887,-16.7845878570145,0.9170875805087737
39.80054996,-2.450194412673529,2.776093382557825,-0.25845452676966285,-0.14268150175097816,-16.76091181482459,0.9151345459897013
39.81059596,-2.4538381768772566,2.7808225974976155,-0.260083188774996,-0.16024219098515147,-16.73718793776524,0.9131711317650724
39.82064196,-2.456223108422211,2.784779858314444,-0.2635966947547894,-0.17783316235807334,-16.71342042853816,0.9111818884306537
39.83068796,-2.45801090862638,2.7882883182292253,-0.2664525840768954,-0.195445093362558,-16.689615418995864,0.909160651623635
39.84073396,-2.4592654499561832,2.793655251577685,-0.2653230463532982,-0.21307230604857708,-16.665765828353187,0.9071307433525355
39.85077996,-2.4628425630503017,2.801636648430141,-0.26176638447094724,-0.2307237881347568,-16.64184918904793,0.9051243738620582
39.86082596,-2.4700251741047916,2.809163433349844,-0.259457972330824,-0.2484293163153488,-16.617854652145617,0.9031474646383943
39.87087196,-2.4783394982608966,2.8149222711833075,-0.26128440918967644,-0.26621268560150213,-16.59379338156021,0.9011729763765683
39.88091796,-2.484675778768324,2.8207572258917084,-0.264984706724452,-0.28406964487486874,-16.569673875354887,0.8991707273278844
39.89096396,-2.48973847786593,2.8260566571000956,-0.267655558220769,-0.3019838612228014,-16.545498441129084,0.8971364759976159
39.90100996,-2.4936105028257023,2.8297272552621227,-0.2674213344693162,-0.31994295668967965,-16.521277950445754,0.8950899854861849
39.91105596,-2.4958758086604287,2.8338666618318715,-0.26522613290782204,-0.33793287996912014,-16.497018230108672,0.8930556979781024
39.92110196,-2.4971624528343748,2.8401364362801766,-0.2665811975077672,-0.3559406446934723,-16.472706224455322,0.8910256304779762
39.93114796,-2.498005848519128,2.8458446929377343,-0.26786555153756375,-0.3739591086080196,-16.448334053151743,0.8889823051780743
39.94119396,-2.5060824959272807,2.85099525394017,-0.26556479110157705,-0.39202237789903194,-16.42390733800704,0.8869440852875492
39.95123996,-2.5248020664600195,2.8601935478916847,-0.26913344560622116,-0.4102202445927645,-16.3994085485639,0.8848994967651174
39.96128596,-2.5254090871258876,2.861374500307469,-0.26499134453488704,-0.42851518875407635,-16.37485762416628,0.8828577886647915
39.97133196,-2.5239587835912385,2.855901142139407,-0.25472152463794545,-0.4468058971055484,-16.350328260522737,0.8808884716434882
39.98137796,-2.545392270500189,2.8589187358496857,-0.2572034803280553,-0.46519698098710904,-16.325811232184062,0.8789582730640952
39.99142396,-2.5583158118850107,2.860815978197583,-0.253596604111098,-0.483760640221778,-16.301269516623886,0.8770337249605102
40.00146996,-2.559910089210417,2.862432881554592,-0.24435474181025868,-0.5023972224598445,-16.276710149509814,0.8751737160704987
40.01151596,-2.5674367318206626,2.867497339870924,-0.24625044201647822,-0.5210796190787335,-16.252117221916077,0.8733506069526897
40.02156196,-2.581481176721177,2.8695443369314857,-0.25128608968028354,-0.539870367270197,-16.227488573481963,0.8714926816745283
40.03160796,-2.5950546059629174,2.8705126175082416,-0.25239325380851935,-0.5587998400434806,-16.20284477930828,0.8696039010527354
40.04165396,-2.606234020209947,2.8710257968574795,-0.25217293167340904,-0.5778536463495954,-16.178193543761402,0.8677106658236124
40.05169996,-2.6125434460461294,2.873606201601313,-0.25080102732957865,-0.5969952990994578,-16.153526769141607,0.865825428348092
40.06174596,-2.6130724712480076,2.8810456969848772,-0.2516062464267724,-0.616171301388885,-16.128809664563477,0.8639430373325652
40.07179196,-2.609666237183563,2.8874998580188675,-0.25466001623681656,-0.635332851458184,-16.104022772149175,0.8620412626157588
40.08183796,-2.6062783792729447,2.894513826191386,-0.2601516442692312,-0.6544602748035082,-16.07916822932185,0.8600965643655882
40.09188396,-2.6054070290237004,2.904967381497957,-0.27002695294344137,-0.6735663041462274,-16.054225947124113,0.8580746779923418
40.10192996,-2.6040760933402574,2.914828497003813,-0.2793906270148684,-0.692661271406724,-16.02918162433486,0.8559561542087626
40.11197596,-2.6016884250519032,2.9230048621861027,-0.28573155991679233,-0.7117375601194702,-16.004046699280117,0.8537587461843561
40.12202196,-2.6007732195343323,2.929764493913387,-0.28896207238200033,-0.7307972584970699,-15.978836750712912,0.8515132607898721
40.13206796,-2.6027674943558825,2.934251699197647,-0.2885477327937714,-0.7498623770398041,-15.953570309283378,0.8492536297590254
40.14211396,-2.6076159850222673,2.938401394673286,-0.28501461103843306,-0.7689618667935783,-15.928260484701333,0.8470138268265079
40.15215996,-2.615110188999391,2.944326021800967,-0.28118045498878247,-0.7881233539025381,-15.902900056796865,0.8448110297304061
40.16220596,-2.6234047958063216,2.948408737420068,-0.2792239473047424,-0.8073641482080767,-15.877489362009763,0.842637319138237
40.17225196,-2.630295834658562,2.9505027350178565,-0.277646671343035,-0.8266812200117499,-15.85204764159219,0.840481358741322
40.18229796,-2.6357767068648803,2.9533074333332943,-0.2770111186108011,-0.8460604359246844,-15.826581315025026,0.8383365133829352
40.19234396,-2.6406198936368517,2.9571155738799546,-0.2780202029856944,-0.8654915095858655,-15.80108177216826,0.8361897917751069
40.20238996,-2.645668538943223,2.962672467891897,-0.2802389593359653,-0.8849722699195617,-15.775535188742921,0.8340268567233184
40.21243596,-2.652030432551123,2.969910369905997,-0.2854452765264093,-0.9045103453902392,-15.749924337057129,0.8318266255271327
40.22248196,-2.6574936267407723,2.9773779620567815,-0.289481558685298,-0.9241078182769229,-15.724239619674146,0.8295799687544161
40.23252796,-2.6606373285869216,2.984929179231072,-0.28838696692073645,-0.9437485236023768,-15.69847946281194,0.8273185358708499
40.24257396,-2.662898000835378,2.9900687641906396,-0.28500752385627276,-0.9634163750989266,-15.672655560050597,0.8250795760642282
40.25261996,-2.6656707576375807,2.9930222626105953,-0.2827277410273036,-0.9831095095095854,-15.646791005731458,0.8228690425492708
40.26266596,-2.669254536931584,2.996971963828184,-0.28265499644243647,-1.002834572801067,-15.620891776640521,0.8206703257795116
40.27271196,-2.6736171550527885,3.002142699635405,-0.285191787552366,-1.022599550846767,-15.594946735594407,0.8184592321040571
40.28275796,-2.679150697016999,3.008453194857319,-0.2883990415298454,-1.0424142373045626,-15.568944024324853,0.8162192860901301
40.29280396,-2.6841974810529496,3.0148680911204395,-0.2899890775730494,-1.0622820687398722,-15.542877393413852,0.8139552432884276
40.30284996,-2.6867511072590604,3.0204178603036733,-0.28953499871865185,-1.0821880770358199,-15.516750663988315,0.8116854945737657
40.31289596,-2.688167498511142,3.02542540076905,-0.2869497824744177,-1.1021140267294527,-15.49057090519643,0.8094310122383863
40.32294196,-2.6911973932854267,3.0288247268177058,-0.2855301376278495,-1.1220623101178084,-15.464348918714027,0.8071966463202636
40.33298796,-2.6968255423194716,3.0327507160171705,-0.2855083785138436,-1.1420540828601986,-15.43809013717315,0.8049695205742371
40.34303396,-2.7048129140638983,3.0386539860532675,-0.28506310440361293,-1.1621142463634726,-15.411781983263115,0.8027447407360935
40.35307996,-2.7137502218737506,3.0427857879036564,-0.28529000924686676,-1.1822594225321517,-15.385423423186992,0.8005210577667785
40.36312596,-2.7231254246142935,3.046060403051977,-0.2863085167036879,-1.2024965824413094,-15.359027660678306,0.7982911190914819
40.37317196,-2.7313141130129828,3.0488984968302963,-0.2871929724306962,-1.2228219657756725,-15.332601194032662,0.7960516218321112
40.38321796,-2.73565795657483,3.0510073211221087,-0.2872752559284285,-1.2432103000180703,-15.306149879017553,0.7938072686416151
40.39326396,-2.737986164859601,3.0559433623705816,-0.28654485909968175,-1.2636321479768817,-15.279663177642853,0.7915661709243818
40.40330996,-2.7419654276289744,3.0626066424936673,-0.2864461306077092,-1.284085678362814,-15.253118212876883,0.7893292379036327
40.41335596,-2.7481639725497793,3.0676754246840883,-0.28579839817090047,-1.3045903318767564,-15.226514317961934,0.7870960543561307
40.42340196,-2.7558436501577512,3.0711535023099223,-0.2841029289501068,-1.3251646957024796,-15.199867492170107,0.7848746407105531
40.43344796,-2.76391682975769,3.072827727058584,-0.2837777803605367,-1.3458181861299572,-15.173194786363453,0.7826633766282372
40.44349396,-2.77164447522172,3.0739963140147903,-0.285217328006655,-1.366551044101712,-15.146507801113625,0.7804465149194617
40.45353996,-2.779150863440471,3.0772564605238824,-0.2889641989271494,-1.387360422624674,-15.11979857033558,0.7782036018302245
40.46358596,-2.7854936325781683,3.0826625281703057,-0.2937817009664736,-1.408239365465036,-15.093045809163836,0.7759176698956101
40.47363196,-2.7893384353972577,3.08830985104683,-0.2962470108864337,-1.4291694804793273,-15.066237526811511,0.7735951563965258
40.48367796,-2.7924231575640883,3.092333425364873,-0.29671171328365237,-1.4501344024976284,-15.039380667542561,0.7712579254455707
40.49372396,-2.7978732981572794,3.094088899623264,-0.29772824100663664,-1.4711421951315629,-15.012494780112629,0.7689132542757235
40.50377083,-2.8056297977890248,3.0945002002844766,-0.2992319296923183,-1.492218149773393,-14.985595679667966,0.7665557199102089
40.51381683,-2.812354520618396,3.095744105800396,-0.30065678416531316,-1.5133650185416165,-14.958690594426965,0.7641836796210533
40.52386283,-2.816629141205736,3.1004784202769544,-0.30054045775860205,-1.534567137011802,-14.931755480586963,0.7618050665954224
40.53390883,-2.8216971971611793,3.1067348592179482,-0.299200382579205,-1.555816183746284,-14.904765160192524,0.7594337690749569
40.54395483,-2.82934799766352,3.11139338416303,-0.2995767669393187,-1.5771291172967352,-14.877720013934505,0.7570673121734783
40.55400083,-2.837756117985836,3.113617956499792,-0.30060815375633954,-1.5985227148065029,-14.85064029387882,0.7546937840373753
40.56404683,-2.8462982049915677,3.1136517641195782,-0.3009385439098361,-1.6200014532076779,-14.823549229980614,0.7523134156955493
40.57409283,-2.853891884133251,3.1163165027421518,-0.3031425317985197,-1.6415612415621972,-14.796444611284652,0.7499203171728197
40.58413883,-2.860639393704406,3.123099144346548,-0.30857609969775635,-1.6631930657076381,-14.769292538397789,0.7474888552073646
40.59418483,-2.865759698378965,3.1296707889009943,-0.3124172294136701,-1.6848845018840315,-14.742073386931551,0.7450108064357892
40.60423083,-2.868114011683984,3.1350077285394016,-0.3121526675802872,-1.7066134830665263,-14.714794418646932,0.7425147925637416
40.61427683,-2.870726254221296,3.1378850892539223,-0.31170302084679813,-1.7283674112590326,-14.68747418993162,0.7400223661613237
40.62432283,-2.874416387624834,3.13981056240997,-0.31136343750976486,-1.7501529962858697,-14.660129836581797,0.7375339040615516
40.63436883,-2.8793508143249724,3.143932445642534,-0.3090925234735026,-1.771981902478128,-14.632755107360813,0.7350585544900838
40.64441483,-2.8851316858220963,3.1495782889971284,-0.3076864156799734,-1.7938646316132285,-14.605331314849183,0.7326016745992676
40.65446083,-2.891927262198349,3.156503452802027,-0.31092342191797906,-1.8158105322459868,-14.577844378168608,0.7301355981055657
40.66450683,-2.8984265553989723,3.1615723683440855,-0.3167582396513028,-1.8378232130086332,-14.550297195227458,0.7276239538400548
40.67455283,-2.902864899743288,3.1657344815910085,-0.32160696502010583,-1.8598908335246769,-14.522703644828697,0.7250586461375417
40.68459883,-2.907050601138062,3.1717525680756236,-0.3236877233576634,-1.882001772622452,-14.495058959286705,0.7224585316383731
40.69464483,-2.911265224671294,3.177335773988606,-0.32303432463028214,-1.9041549065523569,-14.46735600045298,0.719851247511881
40.70469083,-2.916185397592038,3.182827752755536,-0.32161858875280264,-1.926353924564829,-14.439597410966629,0.7172543566485108
40.71473683,-2.922664497773595,3.187897569182772,-0.32278669929268755,-1.9486102011261153,-14.411785769582997,0.7146587096072095
40.72478283,-2.9290458275262763,3.1909762377859283,-0.3240958826820537,-1.9709310756269574,-14.383933198359058,0.7120506191185014
40.73482883,-2.933661818435837,3.1939493847054186,-0.32243461856411143,-1.9933071896694727,-14.356050228865767,0.7094442971312951
40.74487483,-2.936985050099664,3.1975692065754515,-0.32191309611995383,-2.0157231824269886,-14.328134142890228,0.7068489392809882
40.75492083,-2.9399967006514967,3.203034033283975,-0.3234508111886627,-2.0381709952978753,-14.30017242472488,0.7042484770951283
40.76496683,-2.943471700247658,3.212022741281169,-0.32442065414475074,-2.0606513906124384,-14.272138106454722,0.7016354194453116
40.77501283,-2.949556742227661,3.2195831314589993,-0.3255532460234885,-2.0831798060158526,-14.244020662064413,0.6990118012653177
40.78505883,-2.957559348086612,3.2229584636136694,-0.32557237249265314,-2.105778983674348,-14.215848287540847,0.6963823980040642
40.79510483,-2.964995151771274,3.2248273849936666,-0.321338007971239,-2.1284557084639992,-14.187649571131756,0.6937741678835452
40.80515083,-2.9722060843260047,3.2266851857111316,-0.31763884137522347,-2.1512060038097722,-14.159432135397571,0.6912057878898297
40.81519683,-2.9787271260243173,3.2299610677435235,-0.3197665882070059,-2.1740252748622133,-14.13118891317495,0.6886453011375908
40.82524283,-2.9835681112383456,3.235459537556489,-0.3260069378022913,-2.1969016173758433,-14.102901617382994,0.6860427814369978
40.83528883,-2.987221212923507,3.241062396893418,-0.3306474105148648,-2.219820625687973,-14.074558559614715,0.6833856073659519
40.84533483,-2.9909108070598216,3.246462545792835,-0.3305567127640219,-2.242776516361193,-14.046160233736087,0.6807055797752752
40.85538083,-2.9975009308718383,3.2520664937121677,-0.32898951019707323,-2.265784042057689,-14.017706634279117,0.6780338798178929
40.86542683,-3.00415881677812,3.2545048692076435,-0.32676179292671703,-2.2888581125069827,-13.989212638231656,0.6753812417428551
40.87547283,-3.008462184584576,3.256970388588085,-0.3251249882110361,-2.3119872413336893,-13.960694009920212,0.6727480151617513
40.88551883,-3.013397519605186,3.262026045450125,-0.326838679312823,-2.335162776164694,-13.932137602740505,0.6701144023803303
40.89556483,-3.018640496764333,3.266650712466263,-0.3269571892591555,-2.3583894366577667,-13.903532571293972,0.6674715864530463
40.90561083,-3.0236041818988997,3.2710381563435726,-0.3231292762727874,-2.3816673652155522,-13.874882272014407,0.6648474028572304
40.91565683,-3.0296034097730513,3.2755489983861894,-0.31913217362177476,-2.4050003604853813,-13.846187276644663,0.6622625243149614
40.92570283,-3.036442063748468,3.279816402944221,-0.31815896515334186,-2.428397840435725,-13.817448188142265,0.659702611645447
40.93574883,-3.042767394763188,3.282698756971425,-0.3226973348237878,-2.4518614430826915,-13.788673186402473,0.657124791171213
40.94579483,-3.047012919610634,3.285680389259002,-0.33030507330026787,-2.475378143138638,-13.75986872985944,0.6544859607957589
40.95584083,-3.050840199298843,3.2905210909038423,-0.3336281437069988,-2.498935392891781,-13.731024981733047,0.6517922249672827
40.96588683,-3.055941678513797,3.294115999821218,-0.3300655218249736,-2.522537491800893,-13.7021388615348,0.6490996924058672
40.97593283,-3.0611269319190404,3.29786121399602,-0.3249294166759222,-2.546191260967948,-13.673215871898279,0.6464508535503297
40.98597883,-3.0661591258775127,3.3023978225132895,-0.32465513665396883,-2.5698963523731173,-13.644251282666358,0.6438291910595053
40.99602483,-3.071348072950369,3.3070622563078853,-0.3266066625411387,-2.593652784569695,-13.615240476598903,0.6411991037626994
41.00607083,-3.0761585559222526,3.3110556527140416,-0.32656504719141866,-2.6174594439033676,-13.586186182250371,0.6385594229852658
41.01611683,-3.0806517761661527,3.3149578922042204,-0.32738715719148154,-2.6413128357383115,-13.55709222812271,0.6359158217832017
41.02616283,-3.0862465089220015,3.319254783415745,-0.32811934889025596,-2.665216899361152,-13.527957089761555,0.6332644133237062
41.03620883,-3.0923625607929957,3.3210900038570177,-0.3270088494819473,-2.6891797862551954,-13.498791149803548,0.6306149051038339
41.04625483,-3.096457143375112,3.3223934809207005,-0.32650948335870666,-2.7131939611660947,-13.469609444167974,0.627973483238526
41.05630083,-3.100149755712163,3.326730115770694,-0.3257240597633966,-2.7372472511570507,-13.440399408250277,0.6253385148719768
41.06634683,-3.10578837773249,3.332233289091083,-0.3239313132186661,-2.7613474119382033,-13.411139946976121,0.6227164966540395
41.07639283,-3.110597699589774,3.3352097725608227,-0.32235777598225,-2.785500052741458,-13.381837892385906,0.6201113872795345
41.08643883,-3.1138834135423856,3.3381061272384205,-0.32041557245596863,-2.809693354909566,-13.3525063385297,0.6175239374708823
41.09648483,-3.1188145543311085,3.3424985303137564,-0.3220926074678523,-2.8339279303390548,-13.32313817324328,0.6149378196036761
41.10653083,-3.1265460725210255,3.348873477645018,-0.32830667531930197,-2.858226110304578,-13.293715923555787,0.6123120647267892
41.11657683,-3.1344765819687694,3.3548103608542768,-0.3326489290497093,-2.8826029606349444,-13.26423183154347,0.6096332854465949
41.12662283,-3.1403260874055117,3.3578302914762332,-0.3310499556772384,-2.9070490279800723,-13.234702749455277,0.6069407266691627
41.13666883,-3.1449745299202547,3.360278315604496,-0.32634468441988473,-2.931547826517747,-13.205146201830395,0.604279834112508
41.14671483,-3.1501199375109667,3.3557794621240418,-0.32738995820204964,-2.9560958195645135,-13.17559995552133,0.6016373257231695
41.15676083,-3.1536066111803738,3.3584193475342703,-0.3275826304741487,-2.9806871715554557,-13.146063046808878,0.5989885991307997
41.16680683,-3.1550239837135434,3.368276434241113,-0.32598957726677413,-3.0053031565704487,-13.116463365805506,0.5963469066518705
41.17685283,-3.1597512885895838,3.373386154138869,-0.32956025996781857,-3.0299500063000906,-13.086788506532537,0.593695280539992
41.18689883,-3.170956176831175,3.381240506893647,-0.33691576793617867,-3.054676883435743,-13.057048528722657,0.5909887721723837
41.19694483,-3.1825113000590144,3.388774408714517,-0.34276186900470085,-3.079518084109022,-13.027231255710019,0.5882159521225803
41.20699083,-3.1914226362248157,3.3953859370509027,-0.3462808169338578,-3.104462087807839,-12.997342930201702,0.585396091431662
41.21703683,-3.202637506529772,3.404809540191848,-0.3583693984360301,-3.1295071854417422,-12.967374060227998,0.5824978341204123
41.22708283,-3.2131267077063077,3.4150720819061497,-0.3725177937276099,-3.1546613026267103,-12.937306306748665,0.5794677884747259
41.23712883,-3.221647012592193,3.42377013476705,-0.380412314759982,-3.179910904560632,-12.907143314202777,0.5763270212603437
41.24717483,-3.2317469695469523,3.432065568940979,-0.3826097070880432,-3.205254036069764,-12.876894963371537,0.5731355623651544
41.25722083,-3.2395731777797603,3.436893950043265,-0.37790696815470803,-3.2306872107066518,-12.846580691616143,0.5699566878259612
41.26726683,-3.245134692764086,3.4417419324266216,-0.3764034021958056,-3.256187631877239,-12.816217815486983,0.5668089875562439
41.27731283,-3.2505468505357573,3.4481905376826636,-0.38441492563254864,-3.2817431738060954,-12.785798196598087,0.5636285978161131
41.28735883,-3.255585237730723,3.456652419573021,-0.3957496918236559,-3.307351208822322,-12.755303682332254,0.5603510316631817
41.29740483,-3.264917043928238,3.4686656215271663,-0.4107533198685529,-3.333031425319941,-12.724706321720294,0.5569411677560052
41.30745083,-3.2770492727375524,3.4798186195607377,-0.42141495142425606,-3.3588194556654116,-12.693992597285776,0.5534023872498524
41.31749683,-3.2885463224243967,3.486782878836598,-0.4245945769223465,-3.384726175876775,-12.663187869867789,0.5497940821095184
41.32754283,-3.2968952930933364,3.491503508766761,-0.42876352999864076,-3.4107325826483645,-12.63232444925134,0.5461488650590078
41.33758883,-3.3010932898647933,3.498397173576235,-0.4340417079831932,-3.436802012837429,-12.601402690032398,0.542456195069176
41.34763483,-3.3078503278608866,3.5059743852051164,-0.4436287680652833,-3.4629264701661064,-12.570408243601122,0.538688856988538
41.35768083,-3.3156059831458915,3.513809908893359,-0.4523805390044932,-3.4891238247531575,-12.539336379000328,0.5348294029596774
41.36772683,-3.3231491589650943,3.5223368134514645,-0.45480914341328565,-3.515398025368846,-12.508182325922455,0.5309137899054437
41.37777283,-3.332100388155603,3.5302550321859805,-0.4566973298312912,-3.5417550773808735,-12.476945668990302,0.5269764936108898
41.38781883,-3.339087369590656,3.537711000059824,-0.4593461387026574,-3.568192187024895,-12.445631787518797,0.5230164079889952
41.39786483,-3.346361386750491,3.5466968608911436,-0.4660407390767818,-3.59470092966486,-12.414235318741703,0.51900939042246
41.40791083,-3.353462845118289,3.5538035442965787,-0.47001155963936214,-3.6212818803183815,-12.382758017114933,0.5149488004465625
41.41795683,-3.361740472695023,3.561213379076576,-0.46821169711942856,-3.6479400801206197,-12.351207799017292,0.510877305748414
41.42800283,-3.3737956934097957,3.5698007845876143,-0.47231084533049733,-3.67470041181981,-12.319577226781693,0.5067942617382417
41.43804883,-3.3785882883848153,3.5710703838738125,-0.4733562485213311,-3.7015453700972287,-12.287897142810973,0.5026853766463748
41.44809483,-3.3781681449244303,3.57434392008798,-0.46882001340973034,-3.7284122911986017,-12.256194238670636,0.498594026003246
41.45814083,-3.3849978123997384,3.584900352990196,-0.4713056509604293,-3.755311407339086,-12.22442186659545,0.4945129755116684
41.46818683,-3.394905207948886,3.592869316092804,-0.4734549681018545,-3.7822945937471637,-12.192556441456109,0.49040864364266934
41.47823283,-3.4032705000940315,3.6000593421271274,-0.4699176233007868,-3.8093695638655234,-12.160614872714334,0.4863112838366046
41.48827883,-3.4128541848001905,3.6085197901311714,-0.4705390550267018,-3.836534691694588,-12.128594691641487,0.4822285706619194
41.49832483,-3.420490387822687,3.613469534537153,-0.47405699258459283,-3.8637863150197376,-12.09650715117214,0.47812506543531863
41.50837058,-3.424332715115579,3.617960058746281,-0.47935941618370015,-3.891094915396831,-12.064372991928936,0.4739773587550622
41.51841658,-3.428995596374709,3.624340967377125,-0.4906181369108168,-3.91844691704231,-12.032183425783181,0.46974636222641974
41.52846258,-3.4336536049663358,3.629232841757201,-0.500086388634526,-3.9458457375175087,-11.999937236448362,0.46541125411515627
41.53850858,-3.4357329271821655,3.6316123258322652,-0.5035691070243825,-3.9732783996053342,-11.967654523080046,0.4610110932810154
41.54855458,-3.4357768836666516,3.6323296023264344,-0.506976806721435,-4.0007217269220945,-11.935356254683368,0.45657632187682085
41.55860058,-3.4348766609336163,3.6350453567161223,-0.5140997338282522,-4.028160753213463,-11.903040742172585,0.4520886551341936
41.56864658,-3.434987176249007,3.6419149757735636,-0.5223111221952221,-4.055595812804498,-11.870677082330952,0.44752396412493844
41.57869258,-3.439961352041354,3.6512468255127932,-0.5278075628985193,-4.083056412798964,-11.838232042511553,0.44289041869026335
41.58873858,-3.4516750618224528,3.659882392358245,-0.5315727002274717,-4.1106008360426465,-11.805696752358672,0.4382103523491354
41.59878358,-3.4640596927118663,3.6610750954617117,-0.532041447584805,-4.138263551372464,-11.773115338351255,0.4335094871858276
41.60882958,-3.4716238909725496,3.6594476636109534,-0.5343154102067271,-4.166029223550151,-11.740532864440919,0.4287943774096947
41.61887558,-3.474954879329587,3.660790983012501,-0.5483724018414298,-4.193849622250244,-11.707951817627393,0.42399723725032756
41.62892158,-3.4722379808655823,3.6642139197195345,-0.5611790173432848,-4.221673105523848,-11.675346829909456,0.41906516119231685
41.63896758,-3.469443260853846,3.6664398359182155,-0.565528246303983,-4.249468903937867,-11.64271346800335,0.4140469113275671
41.64901358,-3.472601392619419,3.6707442400487875,-0.5676489751482636,-4.277266527769125,-11.61004730429823,0.4089961628647629
41.65905958,-3.4794742258391236,3.6751580894183666,-0.5721447022604377,-4.3051145371374915,-11.577337348805802,0.4039121799436931
41.66910558,-3.4871717797854846,3.677689741187903,-0.5824763327133743,-4.333035733560607,-11.544592506061132,0.3987537192055701
41.67915158,-3.4930314936318694,3.6836184032671464,-0.594747154264133,-4.361025028139842,-11.511805167159997,0.3934817263510326
41.68919758,-3.4965784142854837,3.685458946110831,-0.6011116832569505,-4.389061572244156,-11.478978803542557,0.3881161281307186
41.69924358,-3.4972560708930027,3.684510611282433,-0.5986465917506449,-4.417119336400074,-11.446147958364234,0.3827309430359058
41.70928958,-3.497577838494032,3.683286562548614,-0.598524241612097,-4.44518212066377,-11.413328025068568,0.3773587546604791
41.71933558,-3.4969496738596595,3.6823361124369,-0.6015841058855802,-4.473243365895183,-11.380519014280576,0.37197181115154865
41.72938158,-3.496048916319814,3.683226728014219,-0.6029653399311256,-4.501296931350517,-11.347710304041456,0.36656256000576226
41.73942758,-3.4984732654030593,3.683512162939994,-0.6060022401706585,-4.529358149806157,-11.314895686500677,0.3611311165714648
41.74947358,-3.5011582857617967,3.6847862510805007,-0.6085072442161901,-4.557445032624518,-11.282073235475519,0.35567183615194065
41.75951958,-3.502167141736825,3.6844247778777515,-0.6091462768952048,-4.585550469783708,-11.249246200385523,0.3501967632359486
41.76956558,-3.5003135120810756,3.6809661588004596,-0.609170207477711,-4.613651663644681,-11.216438353619074,0.34471836025549774
41.77961158,-3.4959281405569667,3.6777594637086253,-0.6090018157644507,-4.641721519002747,-11.183663986725675,0.3392406829033028
41.78965758,-3.491000054803669,3.670351112006789,-0.6060594489389128,-4.669744592864884,-11.15094293921234,0.33377863089125204
41.79970358,-3.483555054550325,3.662684301568107,-0.5988999046054776,-4.697705516716034,-11.118297614238417,0.32836732077894903
41.80974958,-3.475392730143157,3.654924749529566,-0.5953773213237169,-4.725588044975414,-11.085729775883216,0.32300966699365663
41.81979558,-3.4647097204800956,3.6421099476500274,-0.593113824251781,-4.753375913121737,-11.05326528250777,0.3176810766899856
41.82984158,-3.4520221393455577,3.6338698393378754,-0.5942989791312601,-4.781046390790504,-11.020906547946195,0.312357902899143
41.83988758,-3.4427965984079174,3.629797555184835,-0.5982432496969636,-4.808606798847105,-10.98860965853197,0.30700896400428923
41.84993358,-3.4358181720977816,3.6204169104325974,-0.5920711170634163,-4.836085814376201,-10.95638034317966,0.30167121566060606
41.85997958,-3.425098414725684,3.6074336206248936,-0.5826155398692152,-4.863475931928676,-10.92426336187062,0.2964119653033839
41.87002558,-3.410194034448394,3.5932368265426904,-0.5790006062703295,-4.89073733943772,-10.892282906122984,0.2912183681218792
41.88007158,-3.3937785836999486,3.5781404182818894,-0.5772641509355796,-4.917841427435544,-10.860449590130692,0.28605165096698437
41.89011758,-3.375652310015192,3.5633407577175302,-0.5751613371155108,-4.944772012351535,-10.82876644209211,0.2809042184610542
41.90016358,-3.356670921525458,3.546798490250935,-0.5744463026031947,-4.971516205480409,-10.797240724558051,0.2757709400073014
41.91020958,-3.3367483291489677,3.528860560331119,-0.5743173163548247,-4.998064983913409,-10.765888201055441,0.2706419010698262
41.92025558,-3.3158056807738863,3.5108849697943363,-0.5728165743508395,-5.024408496242117,-10.734716071166083,0.2655210482573618
41.93030158,-3.2941957887213222,3.4935691045721904,-0.5712965809670373,-5.050538267160231,-10.703721210259028,0.2604153685987547
41.94034758,-3.2731584979355093,3.4774399266015736,-0.5684253391473872,-5.0764538212789745,-10.672894343803904,0.2553317461145701
41.95039358,-3.2531996283319424,3.459337245506423,-0.564780677299281,-5.10216345168406,-10.642239423976893,0.2502808530145131
41.96043958,-3.2320861461094834,3.439062131590983,-0.5631486697778996,-5.12766677566594,-10.611777275814195,0.24525646462469464
41.97048558,-3.2071394022419915,3.4170113288794166,-0.5606765226418187,-5.152938739132175,-10.581527730730715,0.24025269140372107
41.98053158,-3.1787284407188654,3.393293452005741,-0.5542486239261579,-5.1779426868442116,-10.551508081724814,0.23529362311306423
41.99057758,-3.1504776441389453,3.3713467454201442,-0.545995568993606,-5.2026620225453115,-10.52171780592161,0.23040829725257939
42.00062358,-3.1245112319296555,3.350328403148627,-0.5386397310188347,-5.227109025206666,-10.492143343558812,0.2256013748611676
42.01066958,-3.099132546253784,3.3278302535158444,-0.5329591842422374,-5.251298121441327,-10.46278746453487,0.2208599342303652
42.02071558,-3.0716724069216896,3.3051550851912843,-0.5292141282969645,-5.275221808257992,-10.433658491087009,0.21616583840203152
42.03076158,-3.043391564101033,3.2825951898063956,-0.5239907911858648,-5.298865508121285,-10.404756733364179,0.21151679081202324
42.04080758,-3.0159018341864714,3.2564666083776315,-0.5154406065719346,-5.322229072397743,-10.376099537860364,0.2069369276216364
42.05085358,-2.9858438426858553,3.228214464245653,-0.506196764443238,-5.345303574469536,-10.347715496741042,0.20244644382757793
42.06089958,-2.952144926823957,3.200767604395091,-0.4997962672656333,-5.368057825595631,-10.319611231718744,0.1980345415498581
42.07094558,-2.918835884302424,3.1753048792504655,-0.49925235599016116,-5.390475495746777,-10.291772731541858,0.19365752103579492
42.08099158,-2.8876505855968486,3.1459943434395345,-0.49956732391096326,-5.412569210821946,-10.26420935745475,0.18928165050420231
42.09103758,-2.855096759552346,3.117222037224673,-0.49530379479382336,-5.434342764273477,-10.236937733483156,0.18492561359550197
42.10108358,-2.8224056279497884,3.0931593079881248,-0.49109447632922865,-5.455788592302763,-10.209931499894617,0.18061213580020175
42.11112958,-2.791460591880301,3.0660959846600004,-0.48369278785606545,-5.476914775861815,-10.18318207246813,0.1763569800927529
42.12117558,-2.760007000546648,3.0378751289951538,-0.47299910752108,-5.497727531115437,-10.156710337472703,0.17219271742282416
42.13122158,-2.7284621891011565,3.0108016531846866,-0.4666099438492626,-5.518223845391901,-10.13051634590428,0.16811426187834178
42.14126758,-2.697185850218018,2.9828003121033895,-0.4627876928894725,-5.538404609030245,-10.10459899514112,0.1640870982695568
42.15131358,-2.665095302848929,2.95433815068938,-0.4588586709298126,-5.558267080798959,-10.078965260550977,0.1600988693046439
42.16135958,-2.6335329196348596,2.9264565559457756,-0.4570394440815263,-5.577809823897358,-10.053614540648015,0.15613951379349267
42.17140558,-2.603054715442171,2.9002485555998434,-0.45242619385381316,-5.597040937125197,-10.028535512781204,0.15221246861469728
42.18145158,-2.5742401700896167,2.875808813665388,-0.442979217249681,-5.615974222872083,-10.003710888523848,0.14835604795527546
42.19149758,-2.547665408008897,2.8510256976688453,-0.4361588883962624,-5.634629288127719,-9.9791335106819,0.14458133797116934
42.20154358,-2.5205436179856715,2.827372978847994,-0.4322916244425282,-5.653014635602151,-9.954799426038221,0.140860311765731
42.21158958,-2.4935206381629773,2.8044251657991714,-0.43002853296701626,-5.671128013897643,-9.930699415866123,0.1371700783356138
42.22163558,-2.4672886642905922,2.779789390746167,-0.4293312132959438,-5.688973892560718,-9.906838418057077,0.13349471505068866
42.23168158,-2.4401184489823002,2.7558921286745486,-0.4267774096178144,-5.706551532027547,-9.883221201693495,0.12983568215834396
42.24172758,-2.4136748452240377,2.732337185570274,-0.42085649374860556,-5.723859869281206,-9.859842337756508,0.1262192177822854
42.25177358,-2.387660456015549,2.708246183367626,-0.4126657064453007,-5.74090471003618,-9.836702799402815,0.12267363649126484
42.26181958,-2.3619153877903156,2.6852616138628758,-0.4049227882753258,-5.757689563036479,-9.813799721645792,0.11920809020283407
42.27186558,-2.337724768941185,2.662407607270027,-0.40050962847886573,-5.7742235890805915,-9.791126891056523,0.11580360389403133
42.28191158,-2.313060462239172,2.6393948972110755,-0.39772624474065654,-5.7905122168336725,-9.76868444898498,0.11243526582340069
42.29195758,-2.2880320324451113,2.6164511277542406,-0.39631607767861,-5.80655123797133,-9.746472846310045,0.10908799195843955
42.30200358,-2.2635382756367957,2.5931770932276947,-0.39637828567963657,-5.822341509165675,-9.724493395664535,0.10574748889184438
42.31204958,-2.2389549656971317,2.571473221993241,-0.3918832113063006,-5.837885266253757,-9.702739869039643,0.10242925211303522
42.32209558,-2.2149234406452942,2.550706855605334,-0.3845997304015793,-5.8531848310256684,-9.681199670418334,0.099170179017388
42.33214158,-2.191575049213091,2.529995931185975,-0.3790614534771398,-5.868246406477077,-9.659867812228763,0.09597550961131862
42.34218758,-2.168191912596797,2.509788336860359,-0.373585152135562,-5.883073249463109,-9.638741487758832,0.09283616643187731
42.35223358,-2.1443349676946144,2.4898960564831807,-0.3692788624898976,-5.897662805519662,-9.617816584959549,0.0897459612069671
42.36227958,-2.1207404998307156,2.4706708823553587,-0.36666746475165957,-5.912014013129902,-9.597088169134228,0.08669050352578367
42.37232558,-2.0987811662589815,2.451569648822653,-0.36399296286747496,-5.926136403995532,-9.576552266854586,0.08366159691840336
42.38237158,-2.0770812531009737,2.432052090949072,-0.35955995631233595,-5.940039494464827,-9.556210346764193,0.08066839132591674
42.39241758,-2.054474555365009,2.412723661106976,-0.35382289448365545,-5.953720032827608,-9.536063550070082,0.07772626998691923
42.40246358,-2.0332131028156777,2.3954741756476325,-0.35014523866871555,-5.967180221471509,-9.51610048424453,0.07483143877464649
42.41250958,-2.013607243780573,2.3780576745506803,-0.34807712631827636,-5.980435133609312,-9.496311545669466,0.07196546855587016
42.42255558,-1.9934979668268176,2.3592450359750803,-0.3451273185396574,-5.993490556619054,-9.476704586062962,0.06912470334990006
42.43260158,-1.972748096252381,2.3405544892585946,-0.3418969487744544,-6.00634074413075,-9.457286004956192,0.06631498117573464
42.44264758,-1.9511460555964202,2.321545410124131,-0.3372538071829362,-6.018978197992347,-9.43805678907006,0.06354480764911186
42.45269358,-1.9286512978511476,2.30262396304402,-0.3306153024188357,-6.031394153635574,-9.419018098217101,0.060831301832133367
42.46273958,-1.9072350641211546,2.2844546768914604,-0.3258103125637253,-6.043589544368608,-9.400165714117186,0.05817527668862921
42.47278458,-1.8871880078369832,2.26715008011801,-0.3235742317765471,-6.055575471772677,-9.381493374200272,0.05555487970876083
42.48283158,-1.867268318388816,2.2506265255114646,-0.3209998474364363,-6.067363012676029,-9.362987252263661,0.05295812636885611
42.49287658,-1.8480151207281992,2.2340112673068075,-0.3183503225392016,-6.078951461274148,-9.344651253924408,0.0503881270342359
42.50292308,-1.8291090304857764,2.2169364084236323,-0.315961227867379,-6.090349956709439,-9.326481751387412,0.047843054172442834
42.51296908,-1.8081792271784378,2.1992141202007582,-0.3119415191357224,-6.101547789164538,-9.308487939190613,0.04533029939479949
42.52301508,-1.7864555225411687,2.1819713428311047,-0.3076719365030607,-6.11253137304924,-9.29066975651827,0.04285918172767733
42.53306108,-1.7668248982390806,2.1657811052986014,-0.30401686915262705,-6.123307234139681,-9.27301950787978,0.04042786957741962
42.54310708,-1.7489090644465994,2.1506153856440138,-0.2999568683451184,-6.133894499371099,-9.255526760214256,0.03803531021452189
42.55315308,-1.7320101736674833,2.1361510899049416,-0.2969523665880115,-6.144306890241005,-9.238182844116041,0.035678235848004114
42.56319908,-1.715996004035552,2.1217388012549048,-0.29458642169851534,-6.154553958808464,-9.220983975101223,0.03334813723499375
42.57324508,-1.699685448396504,2.1066172790953654,-0.29224595739139114,-6.164638660280886,-9.203933454418092,0.03104167891537646
42.58329108,-1.6822075256445648,2.091130617137087,-0.2905345656738135,-6.17455364222635,-9.187036678643782,0.028755573068571127
42.59333708,-1.665211448398655,2.0763287929578187,-0.28892574371431046,-6.184295461269819,-9.170292041935355,0.02648614465506771
42.60338308,-1.65029249064051,2.0624851216699365,-0.2883230167414209,-6.193876971092475,-9.153691291550647,0.02422782485184971
42.61342908,-1.6359706868152135,2.0491897691936707,-0.28770429230522765,-6.203311604569691,-9.137226860482306,0.02197564039905986
42.62347508,-1.620489026456292,2.0348436481652374,-0.28434440854848586,-6.2125965352463055,-9.120901272535392,0.019743440495224363
42.63352108,-1.6040380784170507,2.020126065292498,-0.27943726401375624,-6.221721068430941,-9.104721671573163,0.017552765874496057
42.64356708,-1.588094853985352,2.005965307669166,-0.2749511599593362,-6.230682885687255,-9.088687126515254,0.015409273541431734
42.65361308,-1.5724936402701943,1.9917929143983217,-0.2712134346925391,-6.239486255230755,-9.072794898874276,0.013307089503046932
42.66365908,-1.55706130226752,1.9787333762772492,-0.2691051674605262,-6.248133743243983,-9.057039457224679,0.011234269884982773
42.67370508,-1.5429065102990531,1.9665859415804936,-0.2687754818425432,-6.256632615103356,-9.041410630199561,0.009173696104086915
42.68375108,-1.5292601522220712,1.953969982360858,-0.2682858595031081,-6.264991841786056,-9.02590618970207,0.007117237707058521
42.69379708,-1.5151692875787202,1.9415925273318897,-0.26573084554979964,-6.273211744399035,-9.01052729112435,0.005076072518129138
42.70384308,-1.5015766705969706,1.9299839498535816,-0.26232009974655834,-6.281292592883805,-8.995268874387925,0.0030648733404583517
42.71388908,-1.4885205947431106,1.9176628640190811,-0.2595050713006687,-6.289239584984465,-8.980130656350315,0.0010849462268400778
42.72393508,-1.4747178892603348,1.9043379396767295,-0.25692944137403184,-6.297051665426466,-8.965121258221826,-0.0008679036097727355
42.73398108,-1.459835434060501,1.891074548265326,-0.2547428946148644,-6.304719660306361,-8.950245413203364,-0.002796833032892909
42.74402708,-1.4452099469503707,1.8784538506536288,-0.2527969299356888,-6.312239436792037,-8.935499583964061,-0.004705004851059069
42.75407308,-1.4326109120454456,1.8669530281182043,-0.25109616062159845,-6.319622464503624,-8.920874917120468,-0.006594859124375407
42.76411908,-1.421259765330724,1.8560812809684317,-0.24928718917731724,-6.326885190452945,-8.906362627694394,-0.008467083969863953
42.77416508,-1.4094205084827012,1.8448866708476015,-0.24623243877115086,-6.334031431005169,-8.891961177580889,-0.010314878340497824
42.78421108,-1.397374626526102,1.8336710408084496,-0.24383690661448965,-6.341057696505171,-8.877672294103718,-0.01213529594181706
42.79425708,-1.3853278162899263,1.8223704460587091,-0.2432742081544886,-6.347962944412288,-8.863496509623655,-0.013940854350750431
42.80430308,-1.3723479254761037,1.8108612647417326,-0.24226983195701698,-6.3547424832000345,-8.849435298648778,-0.015738541343677692
42.81434908,-1.3593264970301542,1.7997242278961623,-0.24004410478908225,-6.3613914173611406,-8.835487839627728,-0.017520003527402128
42.82439508,-1.3477491738576366,1.7890698589605096,-0.23722509047195225,-6.367916791992865,-8.821649838837915,-0.019276125974646785
42.83444108,-1.3368424877436902,1.7790938147032815,-0.23378315813029166,-6.374329229445941,-8.80791546461358,-0.021000799686823335
42.84448708,-1.3258694224946024,1.7691726713349707,-0.22898518769101991,-6.380631764907928,-8.794281033962678,-0.022684084367332158
42.85453308,-1.3152013818228896,1.7594516830052038,-0.22663160847502736,-6.386825597094873,-8.780745265739295,-0.024331446813922852
42.86457908,-1.3036006214564955,1.7500209650870295,-0.22701132120574513,-6.392907573094195,-8.767305696536404,-0.02596889452915674
42.87462508,-1.2914093497846333,1.7400795245553777,-0.2260999789950678,-6.398870041716599,-8.7539634336854,-0.027603671869513846
42.88467108,-1.2800925260737803,1.7301450263276974,-0.2247713656155258,-6.40471442917589,-8.740721007674791,-0.029227197912940373
42.89471708,-1.2693757272735886,1.721085025001764,-0.22321146180780757,-6.41044814174931,-8.727573991035433,-0.03083621493453581
42.90476308,-1.2593984538932368,1.7125293203187648,-0.2214100280329006,-6.416077907998165,-8.714515458087355,-0.03242834795745431
42.91480908,-1.2495233148572558,1.7033444691327335,-0.21983047324876473,-6.421607955579454,-8.701546035951418,-0.034003498274839394
42.92485508,-1.2388442387808716,1.6937807541881398,-0.21803203811682423,-6.4270347593382375,-8.688670787863146,-0.03556168094887724
42.93490108,-1.228022682167479,1.6844264948676553,-0.21668206433868403,-6.432353565419017,-8.675890564759605,-0.03710404916495991
42.94494708,-1.2177531221895035,1.6752662227425843,-0.21577960642987334,-6.437566430821157,-8.663203340147527,-0.03863510341667764
42.95499308,-1.2079359674664432,1.6664603227644963,-0.21425559653757334,-6.442678400655357,-8.650606359617914,-0.04015396952063144
42.96503908,-1.1986121835233872,1.6580561678941175,-0.21225479182986107,-6.447694225554631,-8.638095825193812,-0.041655130480848346
42.97508508,-1.1896911271364363,1.6497727826655835,-0.21022726194523889,-6.452618406620928,-8.62566911228362,-0.043136057116409
42.98513108,-1.1808497270683793,1.6414656734377553,-0.208409063175495,-6.457453366868457,-8.613325733427082,-0.04459766665693898
42.99517708,-1.171601817517928,1.6328580781969875,-0.20657766312780812,-6.462197464513768,-8.601067317131097,-0.04604094426260774
43.00522308,-1.161597518052607,1.6241898512031268,-0.2042793368158371,-6.466844858313195,-8.58889567729019,-0.04746347825277297
43.01526908,-1.1516711648909281,1.6159086146662895,-0.20216431316733252,-6.471392140444479,-8.576809174604595,-0.04886384398608712
43.02531508,-1.1426439828686084,1.60821756911961,-0.20063780431670594,-6.475844218968529,-8.564802900691916,-0.05024591830165681
43.03536108,-1.133863067584803,1.6008288720226844,-0.19917956594273262,-6.480206847419815,-8.552872372326526,-0.051613000231918615
43.04540708,-1.125489195087302,1.5926407744366113,-0.1984190386333262,-6.4844833073720665,-8.541020086200838,-0.0529689373021518
43.05545308,-1.1169119067485753,1.585206297414923,-0.19724451028103998,-6.488674621643444,-8.529246272267397,-0.05431515458779668
43.06549908,-1.1079259544709985,1.5783187629731503,-0.19492057194165555,-6.49277771575721,-8.517544397797536,-0.055643799075249856
43.07554508,-1.0997074324103544,1.5697761652086388,-0.19352623234374317,-6.496794391796367,-8.505920028881757,-0.05695376665262275
43.08559108,-1.0912963885890168,1.5613033059953019,-0.1923135259039314,-6.500727537526107,-8.494381128606367,-0.058250639037749075
43.09563708,-1.082596573958548,1.5540989701087418,-0.18973703810417206,-6.5045747354138435,-8.482920974881964,-0.059528478300210796
43.10568308,-1.0736776911249248,1.5476318464222725,-0.18779302271342418,-6.5083334345842125,-8.471529492899005,-0.06078361107514452
43.11572908,-1.0667858695768153,1.5391586102510075,-0.18376924274676582,-6.512012716586472,-8.460213056343605,-0.06200876761399998
43.12577508,-1.059759359536,1.5308827091241883,-0.18174139708269582,-6.515622086809159,-8.44898075070486,-0.06320352683731034
43.13582108,-1.0528694870227209,1.5252487291145806,-0.18420941209495065,-6.5191615550422775,-8.43781831439906,-0.06440049703125794
43.14586708,-1.0473727910575454,1.5190730304176425,-0.18378834032833447,-6.522638805541934,-8.426715198109395,-0.06560774902112865
43.15591308,-1.0395432933492188,1.5123178444966443,-0.18066749826122128,-6.526049118570761,-8.415677033653177,-0.06679720997781136
43.16595908,-1.0328543600645936,1.5047074317334412,-0.1790239480018033,-6.529386505520716,-8.404711027599143,-0.06796273939183894
43.17600508,-1.0258413564220146,1.4981830403493825,-0.17846245987792153,-6.532655067641485,-8.393816020666339,-0.06911719289806717
43.18605108,-1.017223711521071,1.493782301855096,-0.17764439569546372,-6.535845117014617,-8.382975890660923,-0.07026471691305991
43.19609708,-1.010801075791424,1.488450776789312,-0.17917747815032262,-6.538959619058147,-8.37218464581536,-0.07141583246483574
43.20614308,-1.0046533904250539,1.4826917923447993,-0.18038105630110246,-6.542010980378809,-8.361449108599075,-0.07258069426283287
43.21618908,-0.9974629378345756,1.4769086029475476,-0.17974098417816609,-6.544995344232511,-8.350771547721994,-0.0737483865516082
43.22623508,-0.9903202913928948,1.469825034989353,-0.1787705932683536,-6.547907712929774,-8.340158616567104,-0.07490798948457078
43.23628108,-0.9822318261034769,1.4630452861653844,-0.17626770739274014,-6.550743575752815,-8.32961532085242,-0.0760501461482388
43.24632708,-0.9748743828888985,1.4572982319427805,-0.1750820519681731,-6.5535018537774405,-8.319134947269433,-0.07717377526895763
43.25637308,-0.9694074369355097,1.4514904987803339,-0.17487271590409714,-6.556195714895274,-8.308712613383477,-0.07829039734742826
43.26641908,-0.963163860145473,1.4472110687545585,-0.17503493840470538,-6.558830754057368,-8.298340947318227,-0.07940678277446889
43.27646508,-0.957015370457865,1.4430283416090877,-0.17654336998597775,-6.561403547869546,-8.288011786668438,-0.08053155989696359
43.28651108,-0.9515589822413828,1.4371145302478041,-0.17623561837562865,-6.5639180503800105,-8.27773334093158,-0.08166236803495153
43.29655708,-0.9458092411322705,1.4309060272480119,-0.1734218272118275,-6.566376264502871,-8.267515785579747,-0.08277749666358591
43.30660308,-0.9411848687206039,1.4238368425440695,-0.17043080935549207,-6.5687823694535155,-8.257364924053249,-0.08386346773651132
43.31664908,-0.9367249191787566,1.4177447775920815,-0.16850300707991295,-6.5711428438549895,-8.247280171483784,-0.08492473157591407
43.32669508,-0.9320236335795503,1.4135952852934164,-0.16725906682295577,-6.5734573013723505,-8.237246862256377,-0.08597006375257665
43.33674008,-0.9283411402531789,1.4090084813353307,-0.16756234943215137,-6.575729420974081,-8.22725842981366,-0.08701056742163615
43.34678608,-0.9239313705297277,1.4043774185006959,-0.16643043068985353,-6.577961119332603,-8.217315304347252,-0.0880470124356374
43.35683208,-0.9184694142517186,1.3995135030620407,-0.16327179925623458,-6.580143232011416,-8.207419872156718,-0.08906190601610442
43.36687808,-0.9131293533874674,1.3940241510166116,-0.16209740573463402,-6.582271086158123,-8.197576444428753,-0.09005503481222155
43.37692408,-0.907184332926007,1.3891426790285515,-0.16184157299480884,-6.58434225534133,-8.187785109349905,-0.09104097958182811
43.38697008,-0.9013548479537616,1.3845037997410448,-0.16158458466327177,-6.586354281183745,-8.178041594995522,-0.09202434845119223
43.39701608,-0.8966308315717348,1.3802231623309074,-0.1623027079853606,-6.588313296788861,-8.168342883373501,-0.09301003360161486
43.40706208,-0.8923000980489795,1.375834258317971,-0.16192918434088266,-6.590226830385202,-8.15868771885805,-0.09399744967621793
43.41710808,-0.8877938763708056,1.3713062058888938,-0.16000409255204998,-6.592095975955569,-8.149077344214817,-0.09497331980549895
43.42715408,-0.8830798550691095,1.3672226528721465,-0.15811054292804663,-6.593918808245451,-8.139510225665727,-0.09593000889896386
43.43720008,-0.8784995708126347,1.3629776833153102,-0.1571754943897017,-6.5956949552385105,-8.129984941285535,-0.09687248994385866
43.44724608,-0.8739742772947325,1.3585810931625184,-0.15734460760493552,-6.597425364914404,-8.120503063459758,-0.09781112369562628
43.45729208,-0.8691675807392312,1.353804380128362,-0.15720528367389847,-6.599108900004168,-8.111067263135887,-0.09874990707896814
43.46733808,-0.864279468664665,1.3489869679831057,-0.15635165500359285,-6.600743738070179,-8.1016796541028,-0.09968370286139283
43.47738408,-0.8599880293508477,1.3448149169909882,-0.15521707101258392,-6.602332467249568,-8.092337199143042,-0.10060751185162031
43.48743008,-0.855819777012948,1.3408300392261903,-0.15357943615585656,-6.603878703397786,-8.08303571643643,-0.10151739598657583
43.49747608,-0.8519432807146278,1.33710768471897,-0.15248094966341505,-6.605384530773609,-8.073772947157533,-0.10241353658399355
43.50752121,-0.847904490726566,1.3338773795871304,-0.15349321061670654,-6.606850472702458,-8.064545900234526,-0.10330916650079836
43.51756721,-0.8430196735355249,1.330186140222148,-0.15436394222809371,-6.608271718316399,-8.055352821082995,-0.10421433225898546
43.52761321,-0.8380513013012587,1.325783236195699,-0.15373064207661102,-6.60964347135986,-8.046200398813724,-0.10512069063539586
43.53765921,-0.8330500604846404,1.321428652829116,-0.15296753498259302,-6.610965147036968,-8.037091965403622,-0.10602003485821276
43.54770521,-0.828512952407608,1.3176705179541242,-0.152015755474681,-6.612238911587578,-8.028024282177253,-0.10691076520562737
43.55775121,-0.8248318026646984,1.3145872668070215,-0.1511258294849548,-6.6134713958291655,-8.018990963232866,-0.10779224466632797
43.56779721,-0.8217250816709408,1.311760680843769,-0.15051683334678984,-6.6146697845960425,-8.009987329400285,-0.10866619504118002
43.57784321,-0.8186044012012049,1.308626042721193,-0.15034714462708393,-6.6158368931253655,-8.001013638796294,-0.10953623408199054
43.58788921,-0.8148343337711613,1.3049577820646985,-0.1500641874415371,-6.616969389427986,-7.992074119152863,-0.11040399948241975
43.59793521,-0.8105807737569848,1.3008012112607388,-0.14924346310288034,-6.618061583049954,-7.98317390363786,-0.11126622109055262
43.60798121,-0.8057640338019652,1.2963765874771098,-0.14801087911448832,-6.61910821655518,-7.974316791463276,-0.11211812893095807
43.61802721,-0.8016219170532635,1.2922524374414421,-0.14685893553118803,-6.620109849723182,-7.965502619779579,-0.11295805928937153
43.62807321,-0.7988982365042415,1.2887183514312446,-0.14650729415908947,-6.621076995991356,-7.9567269154155476,-0.11379043714055337
43.63811921,-0.7964186965799457,1.2855715431201582,-0.1464464242095039,-6.622018006483096,-7.947984769183685,-0.11462074294736713
43.64816521,-0.7938694304049847,1.2822053353911655,-0.14595289296034517,-6.6229337572818,-7.939275337831391,-0.11544826399695962
43.65821121,-0.7911533191474523,1.2786023225931091,-0.14522011310931965,-6.623823060089656,-7.930600912873812,-0.11626962528589546
43.66825721,-0.7883948703866572,1.2751338190801866,-0.14417377487826202,-6.624684864182544,-7.921962008142656,-0.11708205006470518
43.67830321,-0.7855763346225462,1.2716255307346014,-0.1426889949626295,-6.6255186550821605,-7.913358147837007,-0.11788176103706371
43.68834921,-0.7823132945696933,1.2681567771010092,-0.14118816007545285,-6.6263218982264505,-7.904789333213225,-0.11866647526626783
43.69839521,-0.7786273375028128,1.2649175183533632,-0.1400647905942466,-6.627090236558207,-7.896254212935626,-0.11943800811692995
43.70844121,-0.77505627651947,1.2618936222101107,-0.13960759841718887,-6.627822122888297,-7.887750552485052,-0.12020160180638229
43.71848721,-0.7715968103206289,1.2592625751705555,-0.13958661372547218,-6.628518694880352,-7.879275296814078,-0.12096279361342299
43.72853321,-0.7683213719883519,1.2568693981100703,-0.1398109531070344,-6.629181437446945,-7.870825277820758,-0.1217250068710709
43.73857921,-0.765361668238005,1.2544147115236566,-0.14001733018558962,-6.629812860894859,-7.862399609646544,-0.12248938361749762
43.74862521,-0.7625966964757701,1.2517411498943878,-0.13990086449179853,-6.630415529297675,-7.85399970066311,-0.12325421198881026
43.75867121,-0.7597962802886139,1.2487059345977787,-0.1394912371754732,-6.630990242756816,-7.845628466866176,-0.12401639779493312
43.76871721,-0.7567983666835832,1.2453068247958587,-0.13911629650369256,-6.631535831205412,-7.837289552684218,-0.12477464271605143
43.77876321,-0.7538764178463917,1.2416739432338812,-0.1393074082216504,-6.632051684184965,-7.828985960194873,-0.1255319642643351
43.78880921,-0.7513426528234232,1.2380535419649268,-0.1398522770856366,-6.632540133113796,-7.820718800945196,-0.12629298264308142
43.79885521,-0.7488546004939227,1.2344962279835405,-0.1402736336023766,-6.633003357454065,-7.812487695359214,-0.12705885437191577
43.80890121,-0.746353611179859,1.231171621948809,-0.14064265012785165,-6.6334415218381615,-7.804291157657472,-0.12782869614454118
43.81894721,-0.7442635491825305,1.228045056284193,-0.14080244262113947,-6.633856625371518,-7.7961270241911835,-0.12860119412486704
43.82899321,-0.742368626273788,1.224925295247418,-0.1404938228068442,-6.6342517123256926,-7.787994266023909,-0.12937294454556003
43.83903921,-0.7401336961071356,1.2218536060641862,-0.13976492485392564,-6.634626055027862,-7.779892607511093,-0.13013948351450777
43.84908521,-0.737470992599609,1.218656808878266,-0.13872781253317304,-6.634975796916095,-7.771822435605309,-0.1308971518138513
43.85913121,-0.7347038772676132,1.2156343008236299,-0.13776384764531138,-6.635298264824293,-7.7637835032697495,-0.13164476870237563
43.86917721,-0.7319433513712669,1.2129950684883637,-0.1371916132352926,-6.6355929673906004,-7.75577300985617,-0.13238466926182646
43.87922321,-0.7290827545839145,1.2104474758233807,-0.13675173864883677,-6.635859435057672,-7.747788569864561,-0.1331194859977889
43.88926921,-0.7262213171240769,1.2081175819936578,-0.13641083742109186,-6.6360971609467185,-7.739828629487617,-0.13385038089683698
43.89931521,-0.7234721406836744,1.205945738260461,-0.1362746803951312,-6.636306704722145,-7.731891301338455,-0.13457887953227532
43.90936121,-0.720534740976887,1.2037345345036783,-0.13565346292734798,-6.636487684825582,-7.72397598923683,-0.13530357387563274
43.91940721,-0.7173687386123038,1.2015849938282541,-0.13439951326847038,-6.636638007540412,-7.716082581154491,-0.13601884925451202
43.92945321,-0.7143676810234589,1.1994479840338164,-0.1329677579831806,-6.636757353113104,-7.708210704415162,-0.13672063433745718
43.93949921,-0.711623724996175,1.1972444593188913,-0.13175229872078598,-6.636847841482396,-7.700360630180674,-0.1374091224617291
43.94954521,-0.7091109887037239,1.1950773610497374,-0.13133399005250104,-6.636911925486164,-7.692532509585438,-0.13808940416968518
43.95959121,-0.706631912159704,1.192714624908271,-0.13142708814925277,-6.63695093561406,-7.684727142348439,-0.13876805234494105
43.96963721,-0.7039624312889013,1.1902647295142768,-0.13140029885812132,-6.636964084538061,-7.676945948959644,-0.13944703358932742
43.97968321,-0.7013082870151688,1.1878232446377017,-0.13129858449214635,-6.636950492892954,-7.669189324973955,-0.14012536935984343
43.98972921,-0.6987151003003959,1.1850959787685516,-0.13070393801871813,-6.636910543904296,-7.661458663623254,-0.14080020730986398
43.99977521,-0.6961524624500716,1.1824804918625378,-0.1296529288259438,-6.636844697208847,-7.6537548389197445,-0.14146677913147299
44.00982121,-0.6939779612997601,1.1802182400170753,-0.1290422940455309,-6.636755055864203,-7.646075515097987,-0.1421250045154041
44.01986721,-0.6919450193248795,1.1779047119382897,-0.12885159985856587,-6.636644280532732,-7.638419175418786,-0.14277920482393247
44.02991321,-0.6896326912457542,1.1755432456552715,-0.12878601568939016,-6.636511678909784,-7.630786318236269,-0.1434321178462774
44.03995921,-0.6871543541722591,1.1732824952380245,-0.1285890024421107,-6.636355013775773,-7.623176678448231,-0.1440837118418008
44.05000521,-0.6839922300276965,1.170693743009961,-0.12794867637856727,-6.6361700166050674,-7.61559139771198,-0.14473109988196553
44.06005121,-0.6811615820423347,1.1669398163364706,-0.12864402165356845,-6.635954917739955,-7.608037976251858,-0.14537876428362884
44.07009721,-0.6789586968212683,1.1652890292188844,-0.12822275749585743,-6.635714535437543,-7.6005117026691025,-0.1460278053947448
44.08014321,-0.6771966740670424,1.1650948811452395,-0.12652038499713827,-6.635454237402371,-7.592994696195814,-0.146666179478935
44.09018921,-0.6757860433166681,1.1633948638273766,-0.12585684058373467,-6.635178003128644,-7.5854872041152905,-0.1472926695624759
44.10023521,-0.6744328468684493,1.1611534440614748,-0.12515121310373442,-6.634887886150899,-7.577999509873235,-0.14791228229559605
44.11028021,-0.6729279458340603,1.1582483090348061,-0.12546393249187113,-6.634583443257405,-7.570538409543485,-0.14852985997026824
44.12032621,-0.6706015236183125,1.1560526252582168,-0.12529898501848033,-6.634259725319321,-7.563102187859,-0.149148241384371
44.13037221,-0.6687728434225919,1.1544285062651602,-0.12516405618843207,-6.633915136301823,-7.555685153043834,-0.1497651165198013
44.14041821,-0.6672480170908466,1.152090540560957,-0.1259741416935612,-6.63355370262104,-7.548288019780095,-0.15038538296721082
44.15046421,-0.665908951849419,1.1497221871610768,-0.12679483265224384,-6.633177883612884,-7.540914526357218,-0.15101384080479763
44.16051021,-0.6650132896962324,1.1479098433010892,-0.12792342170454668,-6.632790839569026,-7.533562032576681,-0.15165208987587997
44.17055621,-0.663748393797195,1.1462155325583558,-0.1281726479055168,-6.632392943042067,-7.5262271527222095,-0.15229725971297903
44.18060221,-0.662669192558315,1.1446197871840822,-0.1280945386925354,-6.6319832721151855,-7.518908798819612,-0.1529432890707092
44.19064821,-0.6618135972323078,1.143065553434765,-0.12824116973957708,-6.631563882705159,-7.511606267262159,-0.1535896626136113
44.20069421,-0.6605724036330952,1.1417908830045977,-0.1277441445069475,-6.6311339611243625,-7.504317945290393,-0.15423427612651963
44.21074021,-0.6596855978027005,1.1406013175617997,-0.12759129066929006,-6.630693350602428,-7.497042001175424,-0.1548756252968575
44.22078621,-0.6592440468907279,1.1390124188590787,-0.1278276221895784,-6.630246067744583,-7.489780013285851,-0.1555173937755958
44.23083221,-0.6584779073547095,1.1379789711952806,-0.12746803026867312,-6.629792718657615,-7.482531197442079,-0.15615854311734179
44.24087821,-0.6576719395188589,1.1369466211325452,-0.12706525302969343,-6.629331472875318,-7.475292758100291,-0.15679586307879756
44.25092421,-0.656813873986021,1.1357614257437547,-0.1266262888018413,-6.628861868653406,-7.468065457489302,-0.15742895497286513
44.26097021,-0.655731861529672,1.1350576196730802,-0.1258697663831447,-6.628382519419759,-7.460847645332642,-0.15805604193750744
44.27101621,-0.6550173336665849,1.1339890150670127,-0.1257145327440956,-6.627894146164088,-7.453638735994818,-0.1586785491514715
44.28106221,-0.6542778990073099,1.1334867346960686,-0.12569149994680284,-6.627398469654665,-7.446437717212227,-0.15930016093312593
44.29110821,-0.6535449148994258,1.1334337614733567,-0.1256301755812075,-6.626895397185777,-7.439239487468443,-0.159921348988751
44.30115421,-0.6534792702434187,1.132804662881025,-0.1262062424395508,-6.626388313204604,-7.43204468377138,-0.16054512259591736
44.31120021,-0.6531798762813137,1.1324110597778898,-0.12624173267698033,-6.625879395634449,-7.424855017104935,-0.16117196805437572
44.32124621,-0.6526611724599464,1.1317975628436114,-0.12582366014615734,-6.625366368759135,-7.417670409101981,-0.16179689180197476
44.33129221,-0.6523268502443144,1.1310121900758356,-0.1256804000465925,-6.624849057134032,-7.410492827621537,-0.16241899597577092
44.34133821,-0.6517035822288438,1.130431388487659,-0.12553540974724933,-6.624326935533205,-7.403322108434882,-0.16303965226781392
44.35138421,-0.651236570915867,1.1294782071702134,-0.12606823686254587,-6.623799337459307,-7.396159094444368,-0.16366225666418233
44.36143021,-0.651111586281694,1.1288307505274582,-0.12690446158064714,-6.623268765789767,-7.3890041204583214,-0.16429173780791118
44.37147621,-0.6511939080321978,1.1284819217651219,-0.12717770106465803,-6.622737979824564,-7.381854150813871,-0.1649267917903261
44.38152221,-0.6517256489550968,1.1280814243652753,-0.12726548215567524,-6.622210278296166,-7.374707945034728,-0.16556365917909055
44.39156821,-0.6524000350868577,1.127895427270333,-0.12720742969388826,-6.621688635143961,-7.367564685217433,-0.16620067589475873
44.40161421,-0.6530052597423683,1.1275399888268407,-0.127059588846823,-6.621173419476751,-7.3604241450308505,-0.16683665840833717
44.41166021,-0.6533887899656122,1.1268649335879115,-0.12701317617355415,-6.62066317032529,-7.353288781014032,-0.16747166518648227
44.42170621,-0.6533253132550616,1.1261755802376028,-0.12688550928051556,-6.620154528802619,-7.346160270421556,-0.1681057975629665
44.43175221,-0.6531450455457739,1.125370292428023,-0.12690327501690055,-6.619644662951732,-7.339039267411631,-0.1687393779059403
44.44179821,-0.6528302178841756,1.124620841498216,-0.1269187348252351,-6.6191323102368,-7.3319260738543885,-0.16937312514082548
44.45184421,-0.65256107074854,1.1243349851612818,-0.12692548511771892,-6.618617024216459,-7.324818080645553,-0.17000698393704683
44.46189021,-0.6528821484114806,1.1243820570313792,-0.12730769885604384,-6.618101999043155,-7.317711286851089,-0.17064279649959513
44.47193621,-0.6535393911106798,1.1247670940635854,-0.12774612715598052,-6.6175918879730276,-7.310602322573612,-0.17128273114710169
44.48198221,-0.6542811726243842,1.125361916894812,-0.128291942082098,-6.617088804201526,-7.303488436460039,-0.17192760964833242
44.49202821,-0.6548949648231488,1.1256791284106114,-0.12867372224475365,-6.616592529476776,-7.296369969197943,-0.17257714745969466
44.50207421,-0.655229201389445,1.125836989532672,-0.12855790442927886,-6.616101016700522,-7.289249115645982,-0.17322802119992664
44.51212063,-0.655554108855718,1.1257614423198128,-0.1283550947276976,-6.615612794394149,-7.2821275509075765,-0.1738773216187517
44.52216663,-0.655780390399488,1.125507903357775,-0.12831531003029442,-6.615127361120763,-7.275007936892707,-0.1745253763412995
44.53221263,-0.6559265983439635,1.1255107444181216,-0.12832610521491583,-6.6146437988620725,-7.267889582133404,-0.17517328544952404
44.54225863,-0.6563756871025556,1.1255539806476074,-0.12842539855499646,-6.614163226778729,-7.260770995927868,-0.17582174753240842
44.55230463,-0.6571311183393915,1.1255953228168174,-0.12867111244192955,-6.613688704999323,-7.253651984885037,-0.17647194258659482
44.56235063,-0.657937069602333,1.1258866764690645,-0.12892431905266677,-6.613222026044205,-7.246531302711098,-0.1771246437184395
44.57239663,-0.6589461698346777,1.1264260339799144,-0.12911256192151677,-6.612764464092752,-7.239406447874982,-0.17777956225102143
44.58244263,-0.6603561118148341,1.1271566284660879,-0.1290241790565459,-6.612319052990333,-7.232275214069988,-0.17843498238040212
44.59248863,-0.6619459756097312,1.1278807627268597,-0.1290104584799087,-6.611888709912325,-7.225136673162501,-0.17908988964419548
44.60253462,-0.6631702389819378,1.1284260951277203,-0.12916796063009287,-6.611472502609377,-7.217991762836167,-0.17974551847020592
44.61258062,-0.6637824381352686,1.1285925539260957,-0.12903335871876936,-6.61106551944339,-7.210843270070441,-0.1804012629767433
44.62262663,-0.6639844221414318,1.128359569519287,-0.12874747595013317,-6.610662625518366,-7.203695104347423,-0.18105489603937253
44.63267263,-0.664137456851331,1.128032133523731,-0.12887453069863739,-6.610261515253399,-7.196549760731507,-0.18170773065821777
44.64271863,-0.6646283005129241,1.1278965818588076,-0.1299230392781421,-6.6098636391894985,-7.189406742702616,-0.18236647013165896
44.65276463,-0.665798534331991,1.1282655705927713,-0.13145527443814922,-6.60947410671778,-7.182262552119321,-0.18303817268090405
44.66281063,-0.6676877609866922,1.1288624312981927,-0.13269454138798084,-6.609099941916018,-7.1751135100742935,-0.18372379648524717
44.67285663,-0.6697921452299486,1.1296070884446185,-0.13358440954911427,-6.6087458370218,-7.167957729585101,-0.18442011493525134
44.68290263,-0.671888514961195,1.1305027066403537,-0.13444536108261834,-6.608412832514798,-7.160793709992859,-0.18512522775258322
44.69294863,-0.6738587343430542,1.13104871558739,-0.1353855363464506,-6.608100254484906,-7.153622449107484,-0.18583938762981678
44.70299463,-0.6753650107720316,1.1313294754018777,-0.13623420845105966,-6.607805138893472,-7.146447035362614,-0.18656253288738345
44.71304063,-0.6763896410013016,1.1314552157355826,-0.13689553360608492,-6.607522736046185,-7.1392695797675,-0.18729326286118475
44.72308662,-0.6774211217672251,1.1316027987739712,-0.13725297305172682,-6.607250661315259,-7.1320907584150515,-0.1880291093570965
44.73313262,-0.6785317835247717,1.1321887463972131,-0.13754532031157324,-6.606989346295396,-7.124908245392126,-0.1887682204641088
44.74317863,-0.6798274659584307,1.1332134660326734,-0.137844462768526,-6.606740118094315,-7.117717634829882,-0.18951030336265262
44.75322463,-0.6815826889349237,1.1347005878123584,-0.13821937316306215,-6.6065062148392,-7.110514414445893,-0.19025577128998483
44.76327063,-0.6838034681522035,1.1365166268563092,-0.1388370887413735,-6.606292283043107,-7.1032946022850805,-0.19100622517757904
44.77331663,-0.6860137767794042,1.138054681185131,-0.1389073261921694,-6.606100608601253,-7.096057942513264,-0.19176013465323782
44.78336263,-0.6874357011550668,1.1390867361676253,-0.13822860303916762,-6.605927178865773,-7.0888083730823706,-0.1925109877052149
44.79340863,-0.6883548083177407,1.1398110210224919,-0.13764986910122365,-6.605765508131711,-7.081549981556474,-0.19325552455022432
44.80345463,-0.688862883393799,1.1404544150537461,-0.1376889454066944,-6.605611006134033,-7.074284720179538,-0.1939973506949455
44.81350063,-0.6892597655229443,1.1411992487738136,-0.13768530854964295,-6.605461049736398,-7.067012485734601,-0.19473935485201643
44.82354563,-0.6906088457235594,1.142300763206516,-0.1377334393099555,-6.605319877361534,-7.059731701899608,-0.19548150861905933
44.83359163,-0.6922495752102318,1.1436870256597584,-0.13785015474342038,-6.605193708746739,-7.052437697144601,-0.19622456429143753
44.84363762,-0.6935573326991215,1.145124187027427,-0.13758975283937475,-6.605082350492868,-7.045129517606465,-0.19696689748773943
44.85368362,-0.6953382068990903,1.1467376555294093,-0.13784276953727706,-6.60498650632513,-7.037806007479778,-0.19770919432708522
44.86372963,-0.6975331156931984,1.148316860062142,-0.1384165085814069,-6.604910632439843,-7.03046645325049,-0.19845564470355548
44.87377563,-0.699504616613171,1.1497984994159751,-0.1388765934082258,-6.604855686506074,-7.023111531708308,-0.1992072872342967
44.88382163,-0.7016580894091086,1.1511011123303567,-0.1390952835826967,-6.604821460315279,-7.015742624866975,-0.1999623392518708
44.89386763,-0.7039413048359262,1.1520918511288043,-0.13888853873959847,-6.604809519609422,-7.0083621985199915,-0.2007174512708434
44.90391363,-0.7059390610499292,1.1530885272238627,-0.13891978515879333,-6.604819082224122,-7.000971789388002,-0.20147168176123298
44.91395963,-0.7080370719390562,1.1541863237179046,-0.13957735568155177,-6.604849217876982,-6.99357085972019,-0.20222937217912218
44.92400563,-0.7099827741537093,1.1551425863191758,-0.14028783843145184,-6.604899665100763,-6.986159612513543,-0.20299393432860002
44.93405163,-0.7118029701182507,1.1560706698274459,-0.14062795362670916,-6.604969028431093,-6.978738900236394,-0.20376377363155607
44.94409763,-0.7139681293286787,1.157300096295141,-0.14091376956165003,-6.605058410200474,-6.971307350786629,-0.2045367569865797
44.95414362,-0.716398864905718,1.1589428162189386,-0.14133289827548048,-6.605170877037416,-6.9638613819574235,-0.20531328050560482
44.96418962,-0.7191753337799803,1.16091586994601,-0.14213366754292533,-6.605309499774272,-6.956397243685291,-0.20609593234515833
44.97423563,-0.721969998357737,1.1627379973013927,-0.14342088058379013,-6.6054761064803,-6.948914034769642,-0.20688907290935532
44.98428163,-0.7241274223998041,1.1642042108839374,-0.1440660881389022,-6.605667587361619,-6.9414143159664015,-0.2076919192326967
44.99432763,-0.7263107949645692,1.1655047754975982,-0.14399901319509925,-6.605880872064297,-6.9339006996362755,-0.208497669516146
45.00437363,-0.7286682902522524,1.1668504234724137,-0.1438915324026603,-6.606116965546192,-6.926373791380318,-0.2093025430061317
45.01441963,-0.7310042761301629,1.1684905632724618,-0.1436719976545645,-6.6063766343839845,-6.918831885512374,-0.2101057738970571
45.02446563,-0.7337891233609856,1.1706188526834806,-0.14396248984262697,-6.606662025166489,-6.911271050824496,-0.21090936120720372
45.03451163,-0.7367874342992197,1.1728729568314507,-0.14490075997909302,-6.606976464752471,-6.903688203373777,-0.21171912059050602
45.04455763,-0.7396899196906082,1.1750454787169788,-0.1458124919672094,-6.607320544038419,-6.896083120980487,-0.21253817253448082
45.05460363,-0.7424074764305884,1.1770310694777533,-0.14641896328960397,-6.607692852795989,-6.888457152387376,-0.2133648504136838
45.06464962,-0.7447608829153513,1.1786521038455295,-0.1465095634204613,-6.6080906326058795,-6.880813075325333,-0.21419502885641828
45.07469562,-0.7469326870532497,1.1801923631504716,-0.14651010721869262,-6.608511142944689,-6.873153111476082,-0.2150256659414871
45.08474163,-0.7492171163386727,1.1818264766209003,-0.1468275911353516,-6.608954037384848,-6.865477195111618,-0.21585790130819138
45.09478763,-0.7516568223691564,1.1837150922491497,-0.14734977281554187,-6.609420660715834,-6.8577835917196595,-0.21669435348676425
45.10483363,-0.7545015541660204,1.1857975310444204,-0.14816767903308045,-6.609913827778023,-6.850070041721326,-0.2175375369268484
45.11487963,-0.7576824469851905,1.187974243992791,-0.14890748624238698,-6.610437261552661,-6.8423350980037885,-0.21838854476147462
45.12492563,-0.761068834678271,1.1903460444237812,-0.1494840287605154,-6.610993682777316,-6.83457730710354,-0.2192461646207824
45.13497163,-0.7644412965833263,1.192655604983189,-0.14997535144625632,-6.611584053703499,-6.8267960017270415,-0.22010914836700923
45.14501763,-0.7674336223624904,1.1948019711429305,-0.15030110600394814,-6.612206394958218,-6.818992314230632,-0.22097623629222918
45.15506363,-0.7701977699500407,1.1967748920845414,-0.15057589600172094,-6.612857650978658,-6.811167935555114,-0.221846340752752
45.16510963,-0.7729067198554915,1.1988226337470165,-0.1510659228263918,-6.613536398367806,-6.80332336109133,-0.2227202868881739
45.17515562,-0.7758076297870805,1.2014149569363177,-0.15203313758692158,-6.614243323379231,-6.795455487413657,-0.22360155187084718
45.18520162,-0.7791325246363164,1.2040043731843848,-0.1531238222883558,-6.614981521311751,-6.787561578026931,-0.2244931545597484
45.19524763,-0.7827573903804124,1.2065931961658125,-0.1539127684550116,-6.6157546286613,-6.7796416504609045,-0.2253941995314186
45.20529363,-0.7863916803276472,1.2092661390215471,-0.15446611907730512,-6.616564197980328,-6.771695300928728,-0.22630198596294182
45.21533963,-0.7897291525529215,1.2114344671051254,-0.15465716391262754,-6.617408786460736,-6.763724633692625,-0.22721351149284796
45.22538563,-0.7927114401848199,1.2134995132517197,-0.1547137028839531,-6.618285119094917,-6.755732702217765,-0.2281262806362152
45.23543163,-0.7956563454150412,1.215790844151085,-0.15521553066378277,-6.619191224018838,-6.747718888661003,-0.2290418544557733
45.24547763,-0.7990085773188182,1.2184524728034065,-0.15608632953370302,-6.6201289594625905,-6.739680196388409,-0.2299643229789936
45.25552363,-0.8032678275807487,1.221745656142878,-0.15745841421054002,-6.621104927381257,-6.731611593095188,-0.23089805750626846
45.26556963,-0.8080991525261678,1.225069403503439,-0.1588592996867811,-6.622126557259193,-6.723509752959053,-0.2318457206626232
45.27561563,-0.8126948706650142,1.2280969008350526,-0.15963945277102964,-6.623195539174539,-6.715376010520837,-0.23280433917566645
45.28566163,-0.8169224139669214,1.230665928373676,-0.16032652225739186,-6.624308840332098,-6.707214156738191,-0.23377032754768257
45.29570762,-0.8204223769603463,1.2326289434969977,-0.16103192038302352,-6.62546095560694,-6.699029546652396,-0.23474330931598653
45.30575362,-0.8236726539694063,1.2347458500060304,-0.16164018833609323,-6.626646978484153,-6.690824434973106,-0.23572289059753038
45.31579963,-0.8279584487954262,1.2376192997905462,-0.16243699789745694,-6.627870856268469,-6.682594248541655,-0.23670953056555089
45.32584563,-0.8332221609925787,1.241086151229633,-0.16348201124882122,-6.629142700008291,-6.67433222296965,-0.237705421027941
45.33589163,-0.8388403677687053,1.2448788790788368,-0.1649642341061476,-6.6304692036271184,-6.666033732530886,-0.23871400579780655
45.34593763,-0.8443126302531773,1.2483126592582094,-0.1668460253556688,-6.631851414673044,-6.657698943342288,-0.2397394880105317
45.35598363,-0.8491489576694796,1.2510968184245124,-0.16850396397794648,-6.633285405766035,-6.649332921444364,-0.24078275028640217
45.36602963,-0.8535008565108043,1.2535779658406976,-0.1693635635834191,-6.634765549319518,-6.640940451911469,-0.2418386581567913
45.37607563,-0.8578851837265156,1.2559845937713061,-0.16965956456897757,-6.636289574936484,-6.632523431083008,-0.24290037060894853
45.38612163,-0.8626276780406842,1.2589477994619866,-0.17020230738528347,-6.637859444578002,-6.6240794375802725,-0.243966296071223
45.39616763,-0.8678512763586115,1.2626195093438766,-0.17164500051699366,-6.639479373902802,-6.615602116896611,-0.2450421943782639
45.40621362,-0.8732735645371068,1.2667482847067595,-0.1733780314527046,-6.64115277584974,-6.607085622853072,-0.24613404326044597
45.41625962,-0.8786865970743164,1.2712381043078698,-0.1743273242096472,-6.642880605278371,-6.598525829129525,-0.24723936654138567
45.42630563,-0.8843708062659664,1.2751129624084863,-0.17503278051296867,-6.644664177927609,-6.589924011067456,-0.2483530027353913
45.43635163,-0.8892034253836034,1.2784030574027252,-0.17542857649291035,-6.646500574830039,-6.58128621200842,-0.2494721694110793
45.44639763,-0.8929782685270767,1.2821938370546035,-0.17562292846315683,-6.648380207015414,-6.57261284571603,-0.25059430039992225
45.45644263,-0.897669430855764,1.2857950962393885,-0.17615202783657166,-6.650302172610722,-6.5639032162737365,-0.25171995322385543
45.46648863,-0.9031203715479739,1.2894913360897837,-0.1762069297044583,-6.652275273325053,-6.555156064432618,-0.2528486515470325
45.47653463,-0.9083676981136183,1.2940923821494774,-0.17665278983206725,-6.654302111435818,-6.54636723532437,-0.25397986519771276
45.48658063,-0.9134714734074502,1.298424380581448,-0.17852140137886197,-6.656380943131225,-6.537533535533649,-0.25512270443961294
45.49662663,-0.9186655137139697,1.3025895156539227,-0.1807257684489815,-6.658511500754397,-6.528657154641328,-0.2562860022531064
45.50667208,-0.923896408964981,1.3072192310407198,-0.1823682225919667,-6.6606943033179,-6.519737085599246,-0.25746855790326384
45.51671808,-0.9291737683173681,1.3117192067012116,-0.18293572595931742,-6.6629300083552465,-6.510770669734942,-0.2586622789162849
45.52676408,-0.934823096164553,1.3164339719188234,-0.18286310105203882,-6.665220598142394,-6.501757968227205,-0.25985848570381087
45.53681008,-0.9406949013304631,1.3215661342054363,-0.18345586858034665,-6.667569058580668,-6.492695805602612,-0.26105730516772274
45.54685608,-0.946803214260771,1.3268881093167098,-0.18514352319459393,-6.6699776951521415,-6.483581131845876,-0.2622675791920557
45.55690208,-0.9528643491237854,1.3322182190290806,-0.18695282253597031,-6.672447458859878,-6.474412952667063,-0.2634954184161087
45.56694808,-0.9588562387693813,1.3375464674593793,-0.18787689380838765,-6.674977764909723,-6.465191236555299,-0.26473698736075546
45.57699408,-0.9652502680657091,1.3431722640699155,-0.1882835311462841,-6.677570285430409,-6.455914498275304,-0.26598524045475
45.58704008,-0.9715432629679994,1.3490026435731037,-0.18867455327919053,-6.680226532873647,-6.4465802156226815,-0.2672375001922682
45.59708608,-0.9778812754549421,1.3551648428643843,-0.18950664012586543,-6.682946225866996,-6.437185694246782,-0.2684959036061887
45.60713208,-0.984762448987812,1.3617737464484079,-0.19060018911848894,-6.685732318831729,-6.427727023621134,-0.2697639794889315
45.61717808,-0.991897179676954,1.3685522260931704,-0.1918115066582869,-6.688588813683367,-6.4182011081695265,-0.27104363271626664
45.62722408,-0.9995454122017878,1.3758114379843926,-0.19453268160706202,-6.691519563359229,-6.408604681393342,-0.27234303885337097
45.63727008,-1.0085143260763065,1.383938370048102,-0.20021299461386208,-6.694533780961457,-6.398930970016064,-0.27368464566447726
45.64731608,-1.0185929793042083,1.3917773282017316,-0.20758054188042951,-6.697643674493239,-6.389177061972223,-0.27509179187773647
45.65736208,-1.0266325773998828,1.3968740534883692,-0.20846174087411293,-6.700844576001419,-6.37935817799047,-0.2765403715434598
45.66740808,-1.032074776524732,1.3990256292861851,-0.20012590922259796,-6.704113196577037,-6.369502885792363,-0.2779515065893441
45.67745408,-1.0379949735230611,1.4017167457553972,-0.19341906335410536,-6.707438890468385,-6.359623268751006,-0.27928708226604426
45.68750008,-1.043996356216211,1.406384439977925,-0.19457429866041848,-6.710824466454522,-6.349706688403538,-0.2805947722028912
45.69754608,-1.0509081232224158,1.412531368774181,-0.19946242894392557,-6.714274905191601,-6.3397357862046455,-0.28193281796509684
45.70759208,-1.059667461175118,1.4202081699915152,-0.20265398374293545,-6.717804059888881,-6.3296954474099,-0.2833114479854699
45.71763808,-1.0684853971696797,1.428310338822308,-0.20418557711390123,-6.721421505233202,-6.319575850848599,-0.2847138023791027
45.72768408,-1.074756609890624,1.4293678665281897,-0.21061973163960296,-6.725114743371524,-6.309410245131591,-0.28615616872441985
45.73773008,-1.082696570625766,1.4372012754743426,-0.21486743810521206,-6.7288793642341105,-6.299199980239788,-0.28765219005749554
45.74777608,-1.0937983211463884,1.4513532724017555,-0.21311060529137948,-6.732739631612343,-6.2888792826542765,-0.28916072304892504
45.75782208,-1.1030452146753906,1.457785510808439,-0.21255704631642594,-6.736702110229633,-6.278455190454686,-0.2906576509423986
45.76786808,-1.1116005068463302,1.4642968206902407,-0.21271834252877236,-6.740754009225693,-6.267966082812039,-0.2921526085000159
45.77791408,-1.120174184376133,1.4719416962750926,-0.2139691323922673,-6.74489194703656,-6.257405868649791,-0.29365465896599297
45.78796008,-1.1289976610747003,1.480327090173075,-0.21512599668820542,-6.749117270753114,-6.2467651344439385,-0.29516880307881177
45.79800608,-1.1381812455611477,1.4879752269563742,-0.2147179116198838,-6.753433043938003,-6.236043863813466,-0.296686708309692
45.80805208,-1.1455759455876948,1.4948106141708337,-0.21381826516955885,-6.757832089845998,-6.2252498424419525,-0.298198044805154
45.81809808,-1.1509903743417482,1.5017402897598657,-0.21425141232364187,-6.762295476007857,-6.214386679159986,-0.2997070380746498
45.82814408,-1.1577762785036203,1.509241634611396,-0.2171147545693794,-6.766820144441962,-6.203451028862338,-0.301232589610402
45.83819008,-1.1659692262615902,1.5168872725860922,-0.21927283380953824,-6.771420051649255,-6.192439295269962,-0.3027833637462769
45.84823608,-1.1735027009386232,1.5240361713643151,-0.2184556259012113,-6.776098952676435,-6.181353248719468,-0.3043408730788526
45.85828208,-1.1815334254621837,1.5320232422144495,-0.21796679233447241,-6.780856032676208,-6.17019117419353,-0.305891822165099
45.86832808,-1.1898827303636164,1.5404473661539795,-0.2191089797680343,-6.785695389563774,-6.158946666236172,-0.30744605304781736
45.87837408,-1.1977734974955978,1.548849529543214,-0.2206318956302046,-6.790616320333168,-6.147617639837554,-0.30901367074439134
45.88842008,-1.205597842056442,1.557047840408663,-0.22192604451917694,-6.795616188108596,-6.136205229256754,-0.3105954385572103
45.89846608,-1.213290314574987,1.563971166264242,-0.22198791787492914,-6.800693996856211,-6.124716862694713,-0.3121840176697632
45.90851208,-1.2210356378091496,1.5705985558449043,-0.22298303354406715,-6.805849349651897,-6.113160430889026,-0.31377790603818934
45.91855808,-1.229350506190844,1.5776336041539891,-0.22852157985619043,-6.81108537279006,-6.10153537265783,-0.3154046129907462
45.92860408,-1.2386358817034484,1.586299758254535,-0.23177804263229884,-6.816409801953306,-6.089831447286922,-0.317075497273954
45.93865008,-1.2469190891362205,1.5932388525921366,-0.22512852230274022,-6.82182247810869,-6.078049136753107,-0.31872933822907124
45.94869608,-1.2529555750173378,1.595821879961272,-0.215242597443303,-6.827307082083589,-6.066218996601968,-0.3203001216430028
45.95874208,-1.25779949113647,1.6012055960476288,-0.21247299299337696,-6.832846338317733,-6.054348839498443,-0.3218073363332148
45.96878808,-1.2625870162364814,1.609684419673157,-0.21512586879998707,-6.838433973281127,-6.042409050857946,-0.32331396469545126
45.97883408,-1.2678195731550344,1.6188082633309986,-0.21443300857278205,-6.844071939116496,-6.030380844019694,-0.32483043821594215
45.98888008,-1.2743774233087823,1.629366749277559,-0.21248172191363113,-6.849769128166592,-6.018253772839829,-0.32633363018662376
45.99892608,-1.2832227591264938,1.6399825490285351,-0.216612428267663,-6.855543687419818,-6.0060203432229144,-0.32784776938243176
46.00897208,-1.291711021206833,1.6501724548623034,-0.22153667085163167,-6.861405313335293,-5.993682406546839,-0.3294073915867566
46.01901808,-1.298008569834094,1.6592602909817558,-0.21965848054428969,-6.8673412083779475,-5.981247637772933,-0.330982314111667
46.02906308,-1.3042245421803504,1.6671045473374502,-0.21483945549627925,-6.873339361708194,-5.968729065347651,-0.3325234431013486
46.03911008,-1.309631661401681,1.6735664291750314,-0.21039411854687007,-6.879397097895438,-5.956136133538909,-0.3340183394135323
46.04915508,-1.313236449061187,1.6797702588688364,-0.2055823283151476,-6.885498890505392,-5.9434820949983855,-0.33546644422381444
46.05920108,-1.3184294172895608,1.687868742649044,-0.20177201392433325,-6.891645481688933,-5.930754956202229,-0.3368713843643323
46.06924708,-1.3245898311298494,1.6960860832700386,-0.19787356319430718,-6.8978491009105944,-5.917945863020115,-0.3382376033776464
46.07929308,-1.3284446434160313,1.7032145967178147,-0.1941747412533553,-6.904103026613097,-5.905059687613006,-0.3395656612903353
46.08933908,-1.3322038125483682,1.7114875680861446,-0.19474137196456504,-6.910395197344265,-5.892096150547664,-0.34087798620647725
46.09938508,-1.3368212411357794,1.7195855138394807,-0.19583105279532323,-6.916729443725771,-5.879050382365628,-0.34219863077549384
46.10943108,-1.3411191887115912,1.7277507673670287,-0.19359104121061796,-6.923108472041747,-5.865922924133596,-0.34351349723313396
46.11947708,-1.3451775424669237,1.7361272609531948,-0.19019583202003051,-6.9295294740593185,-5.85271237670581,-0.34480005797682
46.12952308,-1.348193547943881,1.7434777741580687,-0.18671191509757654,-6.935986010583303,-5.839422832522924,-0.34605206487003937
46.13956908,-1.3492011341097836,1.7539350650508314,-0.18684019872227445,-6.942462757608116,-5.826043839740045,-0.3472872164172047
46.14961508,-1.3491419204334842,1.7620263665893312,-0.18133393950168597,-6.948944268307937,-5.812571677377395,-0.3484953543929512
46.15966108,-1.357623218350184,1.7659967252481954,-0.17136899443419074,-6.955468083136903,-5.799038929295564,-0.3496257805095593
46.16970708,-1.3684020150333924,1.7738130015796245,-0.17261819058666583,-6.962088641421047,-5.785446976946176,-0.35071242741936803
46.17975308,-1.3676962016829644,1.7812132867322708,-0.1733807172549712,-6.968759796300464,-5.771778591808463,-0.3518091792129039
46.18979908,-1.3677976715514,1.7881754847097597,-0.17176153849734294,-6.975427915562577,-5.758038063917978,-0.3529016280429964
46.19984508,-1.3731238857834438,1.7938546379640437,-0.16999569566375716,-6.982123298081927,-5.744234038520254,-0.3539770739096362
46.20989108,-1.378088422668774,1.7976999493065138,-0.16582689399751657,-6.988870371044133,-5.730382171736872,-0.3550227100569523
46.21993708,-1.3820692699729304,1.8032529092956144,-0.16540056846883888,-6.995662376671131,-5.716483097436582,-0.35604526488036914
46.22998308,-1.3839067136242071,1.8067792994361582,-0.16230844645581274,-7.002483607573591,-5.7025384175606,-0.35705014654178324
46.24002908,-1.38767836901816,1.8111643935437414,-0.15861770107344253,-7.009333012980559,-5.688553998299231,-0.35802095786027044
46.25007508,-1.3927450280449671,1.8168397151190125,-0.15699256316692237,-7.016226813240866,-5.674519045569886,-0.3589650674969982
46.26012108,-1.3966782448431156,1.8215424733027752,-0.15442776181474221,-7.023165819877438,-5.660431963745921,-0.3598881310688289
46.27016708,-1.400094663739867,1.8274821006128603,-0.15218292572059433,-7.030141743734113,-5.64629142521961,-0.3607870358317671
46.28021308,-1.4034994111019932,1.8337268056856457,-0.15030624432428905,-7.037151930308905,-5.63208968479174,-0.3616652382123511
46.29025908,-1.4071875742280442,1.8392503470225505,-0.14903481943155222,-7.044197744573069,-5.617828832462166,-0.3625276276550444
46.30030508,-1.4095569647932447,1.84433535937816,-0.14657466268999664,-7.051273985929431,-5.603514693367382,-0.3633712733631893
46.31035108,-1.4117158451074758,1.850064279865687,-0.14458781167676324,-7.058372972790412,-5.589146235887938,-0.36419258175138136
46.32039708,-1.4147973822533546,1.8564671939818922,-0.1452469035688167,-7.065498282268305,-5.574716840203269,-0.3650072208055084
46.33044308,-1.4176016826623885,1.864132973093989,-0.14632974423683184,-7.072653156308231,-5.560216777472517,-0.3658306095868844
46.34048908,-1.4214395615249316,1.8740954550701938,-0.1483865501040317,-7.07984139401464,-5.545628167986328,-0.3666697688128062
46.35053508,-1.4256297159895972,1.8831842483124204,-0.1531645276919605,-7.087069956532453,-5.530943863944705,-0.3675432591560237
46.36058108,-1.42681310893044,1.8899252431636182,-0.15855682337908047,-7.09432551037888,-5.516180046877487,-0.3684678347819017
46.37062708,-1.424969391975116,1.896893543401993,-0.1581824490396213,-7.101577747417785,-5.501347368021047,-0.3694176154267086
46.38067308,-1.426947431259392,1.909791347124532,-0.1505722698198849,-7.10883065915775,-5.4864149017244,-0.3703272896589884
46.39071908,-1.437616429096946,1.9235370479040932,-0.14279157538047232,-7.116147096965172,-5.47134860510465,-0.37115965553287733
46.40076508,-1.4449795339946883,1.9306677820441982,-0.1338217523027319,-7.123554110024639,-5.456177446152285,-0.3719078835572782
46.41081108,-1.4444716590807734,1.930945968241131,-0.129247051539796,-7.130995556904313,-5.44096907219307,-0.37258807743842715
46.42085708,-1.440316989661025,1.938004492872874,-0.12952858016871424,-7.1384135838237945,-5.425723845935373,-0.3732467067159466
46.43090308,-1.4311675286752055,1.9549518917108106,-0.1250796358561695,-7.145764784096254,-5.4103580379240785,-0.3738844030644879
46.44094908,-1.426039020025619,1.9691686722142965,-0.12532943831957788,-7.153044266127239,-5.394835692239948,-0.37450100712352086
46.45099508,-1.4255019843202466,1.9836460620765517,-0.1253774429927995,-7.160295290128921,-5.379169215738084,-0.3751191070678006
46.46104108,-1.4226718280980661,1.9979068877748307,-0.11678829010507544,-7.167529400725556,-5.363358387179449,-0.37569430482459953
46.47108708,-1.4190095685945905,2.0123951296366105,-0.10929116530979163,-7.174730899917996,-5.34740315205447,-0.3761887012085965
46.48113308,-1.4151345968560305,2.0267950709124536,-0.10382522048021711,-7.181894539597916,-5.3313028115855765,-0.3766179840938677
46.49117908,-1.4094073684248414,2.0383469359140483,-0.09639489101223772,-7.189009947426381,-5.315072115193759,-0.37698248899334263
46.50122508,-1.4045531043124668,2.0468452502043757,-0.09192539751502915,-7.1960722044177885,-5.298740706751362,-0.37728722108206325
46.51127171,-1.403063066268434,2.0534355868510894,-0.09443653486344608,-7.203103034865947,-5.28233247909481,-0.37758213484118075
46.52131771,-1.4014204039379292,2.060784081349662,-0.09785164278204381,-7.210117688873641,-5.265855265609918,-0.3779067976369421
46.53136371,-1.4006664347131608,2.06719344975875,-0.09955972309503819,-7.217120304601046,-5.24930894637963,-0.37825719420719084
46.54140971,-1.4018180516907337,2.0737242062195325,-0.104305282918774,-7.224124917713116,-5.232697628902116,-0.37864000741184656
46.55145571,-1.4008398402969549,2.079162709677107,-0.11200472576525508,-7.231130401841419,-5.216026189832046,-0.3790853318649141
46.56150171,-1.3965519116171756,2.0892856776009383,-0.11459121698318259,-7.2381094341481464,-5.1992765854912175,-0.37958232256478786
46.57154771,-1.3980804384174434,2.1061285165227157,-0.11585319953724746,-7.245074605979223,-5.1823915319026135,-0.380098644148418
46.58159371,-1.406581212467474,2.121291723974859,-0.11671098449311343,-7.25209015498848,-5.1653457119430595,-0.3806256133242507
46.59163971,-1.4151918198202456,2.1354770593701007,-0.11231010220805757,-7.259191654466516,-5.148152474252786,-0.38113478552219915
46.60168471,-1.4208407022194818,2.1464049974894523,-0.11118669872689452,-7.266364065333615,-5.130834816597387,-0.3816161613108129
46.61173071,-1.416891750482543,2.1506252460304744,-0.11185279634048698,-7.273545728980395,-5.113439345592655,-0.38209528797398473
46.62177671,-1.4071585146950105,2.15650782753768,-0.11150971659123438,-7.280658666999237,-5.095993128072601,-0.38257603715588884
46.63182271,-1.401794749928807,2.1694008190239336,-0.1138365812970813,-7.287695772784296,-5.078452600849387,-0.38306675088962994
46.64186871,-1.399404395822315,2.1827724403701216,-0.11200653850657608,-7.294693929630256,-5.060780146475931,-0.3835599601598516
46.65191471,-1.3954483891990184,2.198186406920895,-0.10408610903959761,-7.301660208706274,-5.042963102094456,-0.3840041928079243
46.66196071,-1.3919227540720271,2.2156119998541093,-0.09634596563836562,-7.3085889074957855,-5.024981104605693,-0.38436976239847986
46.67200671,-1.3871864649546053,2.2287223565097607,-0.08802430753023968,-7.315476106639807,-5.006845725042158,-0.3846546535600539
46.68205271,-1.3779756453570948,2.240920558645591,-0.08080560942573806,-7.322293249456759,-4.988583220587797,-0.384861485512372
46.69209871,-1.3701720697349562,2.2539543069975556,-0.07964506612817632,-7.3290249289665255,-4.97019397604614,-0.3850262285351276
46.70214471,-1.3647354059028378,2.2631114639204624,-0.07946078641827672,-7.33569010275351,-4.951693266587299,-0.3851842165119166
46.71219071,-1.3586507032703041,2.2704286633243194,-0.07739261803752343,-7.342297404716746,-4.933109806436612,-0.38533089044194613
46.72223671,-1.3553338922718285,2.280057195834026,-0.07742399851551543,-7.348857482877008,-4.914441227874541,-0.3854673335863401
46.73228271,-1.351877904927238,2.2897235964752163,-0.07482617646358344,-7.355383541271195,-4.895675730863239,-0.3855908854947079
46.74232871,-1.3452710090828959,2.29966516265236,-0.06920167435320063,-7.361859053803123,-4.87681174303461,-0.38567313666880887
46.75237471,-1.3398514237636625,2.311258295999255,-0.06679689334553923,-7.368274157320165,-4.857839586410284,-0.3857150567538077
46.76242071,-1.3354113332248356,2.3235087793786855,-0.06469498758285913,-7.374639735685381,-4.8387476632991255,-0.385734339751159
46.77246671,-1.3293514881223287,2.335992253178046,-0.06113836914235746,-7.380952572873866,-4.819531501521061,-0.3857251999814384
46.78251271,-1.3228861770568803,2.348924762379457,-0.059217882196400645,-7.387202496202914,-4.800187675260396,-0.3856885487113608
46.79255871,-1.3181274899943582,2.362153029263377,-0.05854707311577373,-7.393396041389373,-4.780712443421438,-0.3856388813613423
46.80260471,-1.3141815184170125,2.3738844197298814,-0.057810857561592044,-7.399545863075474,-4.761111839223625,-0.3855821465265823
46.81265071,-1.3080268070626102,2.383837392837802,-0.05438981540567789,-7.40564494903121,-4.741402314467566,-0.3855045297863451
46.82269671,-1.3005476110803376,2.3923214336323646,-0.04805764636404422,-7.4116755518704025,-4.7216001805906735,-0.3853779226662626
46.83274271,-1.2929432418567355,2.3989451961326127,-0.04136814550750223,-7.417630389961559,-4.7017221602178445,-0.3851859076982813
46.84278871,-1.284269408781432,2.4054943733822545,-0.03500096493719773,-7.423503462642575,-4.681777972168636,-0.38492830901949304
46.85283471,-1.2759463006250251,2.414118968181386,-0.03107193256575702,-7.429291159687782,-4.661757566262429,-0.3846189924630985
46.86288071,-1.2683455951089069,2.424566175081867,-0.03085699098612235,-7.434998871416905,-4.641641362696298,-0.3842888607255479
46.87292671,-1.2596492303458642,2.435336207739875,-0.0314473541084144,-7.440624722962021,-4.621418584935848,-0.38396061473040577
46.88297271,-1.2484200448969562,2.4460582294743567,-0.03017287946876926,-7.446150488468415,-4.601087852586202,-0.38362893244311236
46.89301871,-1.2344233999236818,2.455882453580986,-0.026613170002108694,-7.451549544628605,-4.5806539164436835,-0.38327296804905275
46.90306471,-1.2198785987302307,2.463724875203254,-0.022685808631708243,-7.456805237104703,-4.560131240739668,-0.3828793960981782
46.91311071,-1.2062850219344528,2.4724815865027123,-0.020181778040000042,-7.461919590508153,-4.539525187591,-0.3824535192654781
46.92315671,-1.1934626533007164,2.4811849137006297,-0.018736402793624735,-7.466901256617717,-4.518831432668943,-0.3820078045672539
46.93320271,-1.1799485010630955,2.486818009369131,-0.01710168790897401,-7.471750634382946,-4.498065665894831,-0.381546618576301
46.94324871,-1.166094372444194,2.4915141663922507,-0.015587497555069663,-7.476462541273431,-4.477248015284463,-0.38106961563433517
46.95329471,-1.1528447484554105,2.497137650384346,-0.013993166415469493,-7.481038306014568,-4.4563785291172575,-0.38057699858890714
46.96334071,-1.1381655490791673,2.5036886920153743,-0.00955594282779601,-7.485473784275936,-4.435447890307865,-0.38005408504408456
46.97338671,-1.1237906907771404,2.5116234996377464,-0.005140662762384118,-7.489763324005594,-4.414444489077658,-0.3794867053734121
46.98343271,-1.1121123902139765,2.520877522749646,-0.0033670488441909507,-7.493921998718271,-4.3933547483506725,-0.3788882388882593
46.99347871,-1.1008511392778968,2.52894319712867,-0.0018992199546617738,-7.497965448063763,-4.372178010783205,-0.37827349063588445
47.00352471,-1.0881593915794459,2.5353157403258595,-0.0017114182352842844,-7.50188858149712,-4.350928750048839,-0.37765042615096034
47.01357071,-1.0748409924436242,2.540370211881659,-0.002835342280922304,-7.5056810659629285,-4.329622091419363,-0.377032063808481
47.02361671,-1.0614166735713724,2.544553206086003,-0.003172646851807376,-7.509339221756175,-4.308269032999393,-0.376421041217343
47.03366271,-1.0482252929821223,2.5481281833687563,-0.0036821973776031136,-7.512863686891027,-4.286877006288629,-0.37581427237935516
47.04370871,-1.0346227445615108,2.5509745939791877,-0.0040288886377192745,-7.516253566120465,-4.265452724946488,-0.3752118044438584
47.05375471,-1.0198731146091893,2.5549545699213523,-0.0031970449955109337,-7.519501032357937,-4.2439941546646835,-0.3746068995879459
47.06380071,-1.0045743014379789,2.5591877943664247,-0.001520304843910275,-7.522597565265595,-4.222494329477334,-0.37398939411563736
47.07384671,-0.9882585029586163,2.563293766371803,0.0013243159085242484,-7.525535297978937,-4.2009526165062265,-0.373349177847508
47.08389271,-0.9714955311847394,2.567961963617172,0.003978079576229421,-7.528306876029298,-4.179366830882959,-0.372681343194436
47.09393871,-0.9548905020486497,2.5722182623400807,0.005771519887861565,-7.530910846611089,-4.1577362175164385,-0.37199117023577566
47.10398471,-0.9380343278418637,2.5765947236095186,0.007561785101261598,-7.533346741568479,-4.136062241796495,-0.37128299632426387
47.11403071,-0.9209575047925221,2.581525745623006,0.008561556421434302,-7.535612191080663,-4.114341514588007,-0.3705608080592433
47.12407671,-0.9037060192269419,2.5841794555016655,0.009183631820552457,-7.537705209498672,-4.092582689271239,-0.3698304732581521
47.13412271,-0.8866169140609765,2.584327562593265,0.009209599359958548,-7.53962573512943,-4.070809790427813,-0.36909688333738044
47.14416871,-0.86968067372679,2.586003378719744,0.007545831535457681,-7.541375351449741,-4.049027730018064,-0.36837152008744045
47.15421471,-0.8534684004181592,2.5883414490738312,0.006034611675896501,-7.542958462786029,-4.027225507856539,-0.3676621048006381
47.16426071,-0.8390422564731839,2.5908459431054087,0.0032729089222925667,-7.544387677352454,-4.005398961494089,-0.36697415240412123
47.17430571,-0.8263948356780878,2.5954344863233736,-0.0030500119392216085,-7.545680772672938,-3.9835389630124585,-0.3663318960099424
47.18435171,-0.8128180592706964,2.598411235452149,-0.004775174933635051,-7.546842272581124,-3.9616387878604478,-0.3657300012030529
47.19439771,-0.797308591227102,2.598484111994555,0.0009252383467958925,-7.547857672283428,-3.9397232944387053,-0.36510813871397696
47.20444371,-0.7833419056545065,2.596619961776964,0.0052910081320088065,-7.548725013266125,-3.9178167985846137,-0.36443571378736195
47.21448971,-0.7698284067842008,2.594839235784511,0.006330541945567064,-7.549454321282354,-3.8959286109437326,-0.3637361380207702
47.22453571,-0.7549325849319838,2.59578845819407,0.00359438085478328,-7.550040929280598,-3.8740445999453605,-0.3630450844129922
47.23458171,-0.7405000289261455,2.5961369651999924,-0.003829317127766213,-7.550480220836864,-3.8521540704521158,-0.3624050637773397
47.24462771,-0.7261438217444897,2.596268316436657,-0.010120121348129396,-7.550774906435642,-3.8302611306309213,-0.36183393108625195
47.25467371,-0.710694885680858,2.5983976848139774,-0.01003488886280618,-7.550919880799892,-3.808356835215122,-0.3612939689819896
47.26471971,-0.6937575665187502,2.600676090142347,-0.005654777052031268,-7.550902179004147,-3.78643039955198,-0.36073157745332773
47.27476571,-0.6753398341726106,2.6020671962315736,-0.001251921824354768,-7.550706888784674,-3.7644855319330066,-0.3601250690812323
47.28481171,-0.6571748784628452,2.6039637257916732,-0.00034590274504875396,-7.5503278437231,-3.7425241505201505,-0.35949189423349237
47.29485771,-0.6395483008265377,2.6074727905822206,-0.002843760402050255,-7.549769017789522,-3.720535616806872,-0.3588667151909277
47.30490371,-0.6220045272313933,2.6103052353396077,-0.0053117354696690655,-7.549033531181713,-3.6985152296911483,-0.35826647952613966
47.31494971,-0.6056385407299529,2.611602303292743,-0.006302399811843662,-7.548127715848938,-3.6764741000330616,-0.35768361660710646
47.32499571,-0.5900542328909261,2.612489823762596,-0.005869613460461165,-7.5470614141876915,-3.6544219971873293,-0.35710355590922127
47.33504171,-0.5747997588046863,2.612497653029431,-0.006142169510292783,-7.545840209324833,-3.6323653969998855,-0.35652269037453177
47.34508771,-0.5591588720488725,2.611607193626798,-0.0065427373790409304,-7.544463817064468,-3.6103132302635945,-0.35594520594128465
47.35513371,-0.5439879679103036,2.6111451449028147,-0.006516534799558771,-7.54293265717844,-3.5882678571756426,-0.355369601944886
47.36517971,-0.5310436578059788,2.6113226495651416,-0.008280649943597423,-7.541260274571265,-3.5662239133524967,-0.3548027274832988
47.37522571,-0.5187560587772697,2.610603548907573,-0.009857082379217591,-7.539461152084513,-3.5441826899660356,-0.3542526325922042
47.38527171,-0.5054328410037752,2.609731870768188,-0.011317602304840024,-7.537533386464972,-3.522149457061486,-0.35371779231282074
47.39531771,-0.49171190661249775,2.609071026303144,-0.01438211900756553,-7.5354697780691,-3.500123922017961,-0.35320568129242114
47.40536371,-0.4773229261386345,2.6079878968384644,-0.016832819057715553,-7.533264973570869,-3.4781071469554874,-0.3527212732057712
47.41540971,-0.46068846839111144,2.6084626107754354,-0.018654491085917102,-7.530904338342449,-3.456093427964225,-0.35225832524407075
47.42545571,-0.4430687162006255,2.6087761504759026,-0.01855320956508641,-7.528371644217508,-3.434075749574923,-0.3518040188038887
47.43550171,-0.42601689297828704,2.6083925388959273,-0.01600285879432506,-7.525664794769266,-3.41205842315669,-0.35133639321470644
47.44554771,-0.4162702583234912,2.6013647521849723,-0.01752773986939085,-7.522823336667109,-3.390078324192057,-0.35086361669124244
47.45559371,-0.4009719073166216,2.5983228237285667,-0.017765375374241194,-7.519856077601972,-3.36814880540671,-0.3503996932885589
47.46563971,-0.37700090746135184,2.605498789110734,-0.013914197614283391,-7.516691568587458,-3.3461985213539,-0.3499176190631288
47.47568571,-0.3603991480512998,2.6071955706206325,-0.013804912551693,-7.513323262603151,-3.324203669493432,-0.3494156514329405
47.48573171,-0.3455364157987919,2.605153654745468,-0.013437215544433029,-7.509796910477224,-3.3022105512428848,-0.34891128792181547
47.49577771,-0.33039576939869586,2.604210848637683,-0.01230922317391045,-7.50611985138033,-3.2802324252508726,-0.34839941156294607
47.50582371,-0.3154969453417915,2.60383741250188,-0.014372339561557979,-7.502291904023327,-3.2582609107436316,-0.3478922323320144
47.51586896,-0.3001261781427762,2.6027204308291805,-0.016106717322296543,-7.498312209642002,-3.2362985223642777,-0.34740416435439636
47.52591496,-0.2876397955216059,2.601511252422795,-0.017001530899015682,-7.494192291664572,-3.2143461785277694,-0.3469292663646599
47.53596096,-0.276800435115959,2.600544121050839,-0.01968452245990343,-7.489955208479923,-3.19240476629529,-0.34647233969013014
47.54600696,-0.2646818118159955,2.5984860597955843,-0.02162792054149612,-7.485602807343117,-3.170478549605365,-0.3460386513707743
47.55605296,-0.2523913712634023,2.5951994205089206,-0.021539511295836006,-7.481127799478575,-3.148579179346262,-0.34561428066034106
47.56609896,-0.24120083849029283,2.5921773171415614,-0.02246727653712205,-7.476534846685027,-3.126711497901523,-0.34519412603507416
47.57614496,-0.23171411655507046,2.5901116214581466,-0.025734105910637517,-7.47183803204107,-3.1048693724714074,-0.3447950408585574
47.58619096,-0.22068167827644025,2.5885798784757004,-0.028241319309317225,-7.467038149655359,-3.083045316975703,-0.34442495869888523
47.59623696,-0.20620789397049122,2.5871623283668574,-0.0289925522676662,-7.462110149513613,-3.061236075779215,-0.3440712437152649
47.60628296,-0.19190521076015887,2.584985868229781,-0.03074336924247878,-7.4570376051755325,-3.0394448872961775,-0.34373009652845843
47.61632896,-0.17588445117612217,2.5829784111610405,-0.032869212972470696,-7.451812746184295,-3.0176747146292797,-0.3434084218083724
47.62637496,-0.15485215242146544,2.580687529530472,-0.03242700579971844,-7.446401769681021,-2.995926132517649,-0.34309520399471305
47.63642096,-0.13362088168515762,2.5772855346479426,-0.030998455391259172,-7.440778503268188,-2.9742061457247484,-0.34277258936572297
47.64646696,-0.12166640408047957,2.5731360332050652,-0.03274285277930103,-7.4349885448414526,-2.9525240900979046,-0.3424515612361123
47.65651296,-0.11570654062214536,2.566865970739811,-0.032174473371788526,-7.429108602679545,-2.930894371940557,-0.3421364402448166
47.66655896,-0.1003173891923228,2.5646038531396127,-0.02594369076177308,-7.423121424415861,-2.9093075109236732,-0.3417871670627073
47.67660496,-0.07847349208832544,2.5679986733558353,-0.021176871440510725,-7.416947224549389,-2.887714960341569,-0.3413826529260975
47.68665096,-0.061743003688057296,2.568749780918666,-0.01952655527376465,-7.410579265544527,-2.8661015847642144,-0.34094590551793136
47.69669696,-0.04943333832362384,2.5658283076142903,-0.022928998119178784,-7.404065437847308,-2.844499110933995,-0.3405179590420726
47.70674296,-0.03853476886300378,2.562552890936023,-0.03201107548107346,-7.3974350351865645,-2.8229277640821397,-0.34015272231121507
47.71678896,-0.027587968932792473,2.5597166605417163,-0.039345410397044006,-7.390694903235367,-2.801387116033535,-0.3398699452192284
47.72683496,-0.014354329339510086,2.5574675481141296,-0.04077997704111366,-7.383833312936449,-2.779872011661938,-0.33963121431977905
47.73687996,-0.0004031242817998937,2.5556975216177307,-0.038978355224638744,-7.37683586977241,-2.758379235074374,-0.3393906636495019
47.74692596,0.012089840255133266,2.554318244428731,-0.03786746751643985,-7.369704900934938,-2.7369001377900037,-0.3391354594965783
47.75697196,0.02578268936900674,2.5524937349837304,-0.037275143797311866,-7.362442400755491,-2.715437133125878,-0.3388717001126551
47.76701796,0.03774210124981692,2.5492116329580696,-0.03859282612635653,-7.355051049269072,-2.693999778971188,-0.3386115842050299
47.77706396,0.04651797887204712,2.544458397935008,-0.0401995347192477,-7.3475555444234715,-2.6726027863144797,-0.33836615751300547
47.78710996,0.06040691849500357,2.537380988926323,-0.033904708263745226,-7.339946194200849,-2.6512652189827417,-0.3380971824049568
47.79715596,0.07875882953227409,2.534519543307849,-0.03198107604489775,-7.332174898185368,-2.629977574517808,-0.33778692597898763
47.80720196,0.09377456839487519,2.536109045748689,-0.04338983939961691,-7.324235996464431,-2.6086963190234442,-0.3375243133667132
47.81724796,0.10966401630221134,2.530133465645923,-0.0453013152586452,-7.316141857990356,-2.587437094797176,-0.33732860831600986
47.82729396,0.12946827365412106,2.5222950737160956,-0.03553761059518917,-7.3078684300347625,-2.5662472581524423,-0.33709346152002206
47.83733996,0.1447688776615197,2.5160014620517774,-0.027108521406964903,-7.299418670360559,-2.5451284065617443,-0.3367669323205167
47.84738596,0.15368446482405052,2.508484093569977,-0.02168923587252153,-7.290847272758111,-2.5240789275243376,-0.3363708427347798
47.85743196,0.16801102714967886,2.5130591149920827,-0.02868208603327191,-7.2821591298387816,-2.503044227896197,-0.3359826571641604
47.86747796,0.18216412659120285,2.51990434819332,-0.04331234939574069,-7.273327933578393,-2.4819521643290834,-0.3357030844927684
47.87752396,0.18878716909888782,2.5165012651198664,-0.05171499604667179,-7.264392378757002,-2.460842810841889,-0.33553920612837373
47.88756996,0.19711609423075482,2.5124002783729704,-0.05369133859322617,-7.255381720202152,-2.4397711502973927,-0.33542746142671787
47.89761596,0.2088725123646762,2.5015262314291826,-0.04512558232998168,-7.246270172968078,-2.418774709347124,-0.33528261809996307
47.90766196,0.22377056551078578,2.4876295883418953,-0.03262997832141379,-7.237024740324767,-2.397902691572895,-0.3350319835605631
47.91770796,0.24176874724365138,2.4849169192497085,-0.030498283080588218,-7.227614069893651,-2.377114102373726,-0.33470787609703345
47.92775396,0.2610625986295485,2.487554287210245,-0.03669849162306574,-7.218016081580192,-2.3563258914121583,-0.3344042047758182
47.93779996,0.27697132218424336,2.4895310260010395,-0.048584719946660526,-7.208241270732799,-2.335514503792366,-0.3341913816269808
47.94784596,0.2890801862935739,2.4853481894041933,-0.05378023415258029,-7.198325727542564,-2.3147141974018535,-0.3340643600708688
47.95789196,0.30072825538066383,2.474407179587887,-0.04564324071801548,-7.1882908532768965,-2.2939898580918836,-0.3339225634645926
47.96793796,0.3125660216692159,2.4626848443006377,-0.03400328249489029,-7.178138009660124,-2.2733793567643588,-0.3336814272301387
47.97798396,0.3309009016045612,2.455687785329006,-0.024618828093840056,-7.167833608841374,-2.2528628829541972,-0.3333346853710739
47.98802996,0.3534069281135277,2.4570461469095717,-0.02612505769246598,-7.157324064149556,-2.2323747323210448,-0.3329483711888268
47.99807596,0.3673920437121312,2.4567897721814296,-0.03616373133947437,-7.146631224450932,-2.211881046407914,-0.33262004705558246
48.00812196,0.3753776119118464,2.455637006409027,-0.04686646299001776,-7.135828026007591,-2.191394438607535,-0.3323959070011475
48.01816796,0.3849550250911451,2.4516291720844343,-0.04559015399305044,-7.124936608708776,-2.17093375250143,-0.3322191158677015
48.02821396,0.3983511756244871,2.434187854483401,-0.02390913310713294,-7.113929795199439,-2.1505808054854434,-0.33192701006625436
48.03825996,0.41468404903799194,2.4234443248184845,-0.011289092281504015,-7.102773652802824,-2.130369430957291,-0.3314626100318292
48.04830596,0.42935695151537034,2.4227364530263267,-0.014880791383493103,-7.0914617683938985,-2.1102155768186446,-0.3309528606369265
48.05835196,0.4406616932794998,2.4225791246714747,-0.02353417221754109,-7.080019398277948,-2.0900660685803363,-0.3305046182785425
48.06839796,0.4500076287302115,2.430290133504416,-0.04608169877437093,-7.068473299810357,-2.0698786182049993,-0.33021309807798316
48.07844396,0.4581890418752941,2.4272249841237845,-0.054619343886351424,-7.056839161470759,-2.049667831677617,-0.3300777186947159
48.08848996,0.46767361722414513,2.408463016701062,-0.0353758649956796,-7.045116286870961,-2.029566682757954,-0.3298885639083786
48.09853596,0.48203194205113054,2.3940002033070926,-0.018909861717302412,-7.03327364938357,-2.00963242191232,-0.3295200403931058
48.10858196,0.5007967341252719,2.3852652634774127,-0.012846662951205817,-7.021264634479991,-1.989814683381125,-0.3290383526959637
48.11862796,0.5168220430608146,2.3828008152297278,-0.016636664546963303,-7.009080868899048,-1.9700531993762596,-0.3285452467294352
48.12867396,0.5258430971231378,2.3863348363626695,-0.03405416646737622,-6.996771295436748,-1.9502863429067823,-0.328158666053068
48.13871996,0.5343651757782941,2.3904477090689022,-0.05010913391960714,-6.98437360281882,-1.930481076089544,-0.3279402175903603
48.14876596,0.5458128546318961,2.3865838079955535,-0.04416799644360864,-6.9718756021089305,-1.9106745586878109,-0.3277725708956223
48.15881196,0.5566832996470126,2.3687296737516013,-0.01920375586758219,-6.959265497462841,-1.890977130977463,-0.32744968648693007
48.16885796,0.5680741222709342,2.355192656127504,-0.008924693591497751,-6.946543574469409,-1.8714373810229574,-0.32694977496801103
48.17890396,0.5801733035705261,2.3511285598827607,-0.01900242115446399,-6.933703661186261,-1.8519860414634053,-0.32644885214482855
48.18894996,0.5915476577761998,2.347442989364068,-0.02852521446167794,-6.92074584033427,-1.8325736284800058,-0.32604638273797626
48.19899596,0.602504546153233,2.3489238526732765,-0.040690893266584316,-6.90767584965079,-1.8131722897409333,-0.32575285452654335
48.20904196,0.6085769392934428,2.344136307011993,-0.04612616930900712,-6.89452032088624,-1.793787560467301,-0.32554773591130814
48.21908796,0.6150830136001191,2.3291656695189547,-0.03265038786596142,-6.88130161047971,-1.77450207654765,-0.32530222983744617
48.22913396,0.6294013293874492,2.3170998867553685,-0.015845884962942952,-6.867978299161749,-1.7553523965669644,-0.3249046258953139
48.23917996,0.6448298523518281,2.3090108373347733,-0.009035871863218609,-6.854505569472721,-1.7363039543083278,-0.32438840623929943
48.24922596,0.6558632322248603,2.3090177066641138,-0.016950501998637846,-6.840899921645757,-1.7172961088403014,-0.3238777350746558
48.25927196,0.6631174977804952,2.313113862045785,-0.0330441310063512,-6.8272024149757975,-1.6982676538791353,-0.32348765739568774
48.26931796,0.6690420025304338,2.3077641032925973,-0.040645663779593,-6.813438711342588,-1.6792454957677077,-0.32321660051434575
48.27936396,0.6775044674409407,2.294106637425508,-0.03436709672188912,-6.799602741960786,-1.6603188109455616,-0.32295218888979305
48.28940996,0.6899256054960585,2.278394937029465,-0.020398720074801674,-6.785661874241274,-1.6415396474455424,-0.3225860768670108
48.29945596,0.7064121759291144,2.266158981149937,-0.011792950754606485,-6.771575803102031,-1.6229008650229915,-0.3221065749090348
48.30950096,0.723848626842301,2.260285377291811,-0.01660906700211795,-6.757320755745269,-1.604354893207896,-0.32160808714913625
48.31954696,0.7373710414606689,2.2587131716845668,-0.02744773986522836,-6.7429087828882395,-1.5858444754048673,-0.321188183769479
48.32959296,0.7486562667847576,2.2572534685407284,-0.03195673318101275,-6.72837220125578,-1.5673492868794838,-0.3208453717170383
48.33963896,0.7579432975656655,2.2504933225891404,-0.026375958182754067,-6.7137322851809,-1.5488953866561026,-0.3204971761052069
48.34968496,0.7651352896110473,2.237783158937149,-0.013889556390203006,-6.69900959497437,-1.530539285797877,-0.32005822906435455
48.35973096,0.7756082541616731,2.2245513405690014,4.9142553274150735e-05,-6.684198173690852,-1.5123134915153251,-0.3194865487425056
48.36977696,0.7898552172974229,2.2191952779533946,-9.462033330762121e-05,-6.669262584210568,-1.4941810641589548,-0.31884557645684275
48.37982296,0.8000856272928714,2.2185955494432705,-0.01778749997194387,-6.654204044885052,-1.4760785527414217,-0.3182941976265843
48.38986896,0.8066281949836649,2.2116248356212536,-0.03129195828768283,-6.6390612548926065,-1.4580140676557072,-0.31789952302487023
48.39991496,0.8149890223389686,2.2024991670486482,-0.0313993827695995,-6.623843605146856,-1.4400304346987767,-0.31757322091044937
48.40996096,0.821425668593788,2.1938442638871023,-0.024964009314685315,-6.608551627691156,-1.4221361135536537,-0.31721513350833686
48.42000696,0.8287479563738736,2.1810760647467493,-0.015126503181958878,-6.593190539109795,-1.404349400651391,-0.3167753074320556
48.43005296,0.8426642017670769,2.1719049841153373,-0.01076446751554086,-6.577722769376315,-1.386672888751436,-0.3162641570573177
48.44009896,0.8548360246775235,2.1674294480256036,-0.01316615466904919,-6.562123959275738,-1.3690649238072599,-0.3157431598519982
48.45014496,0.8607662169419064,2.1613824078198176,-0.016507533149170306,-6.546434222752939,-1.3515098137638173,-0.31525101006535694
48.46019096,0.8655496106157767,2.156552628014306,-0.023251666247561142,-6.5306906718879745,-1.3340093379873021,-0.3148095198033749
48.47023696,0.8700844819522033,2.151468098046736,-0.027041960514820995,-6.5149003153778615,-1.316558661788763,-0.31442094397005027
48.48028296,0.875139943354559,2.143871286791635,-0.023128770013243705,-6.4990617866264095,-1.2991716839672005,-0.3140317508289412
48.49032896,0.8821583470010055,2.13630269898311,-0.019600805068648364,-6.483162610850805,-1.2818608819451214,-0.3136051807640259
48.50037496,0.8899361198969296,2.125778009403842,-0.01813147856098815,-6.46718911388043,-1.264640962455358,-0.3131535093041453
48.51042146,0.9003334729444694,2.113482895961186,-0.016111114426391127,-6.451123523690892,-1.2475348154876027,-0.3126842857755814
48.52046746,0.9112436465995006,2.1063129499910453,-0.013042054435159794,-6.434951705356291,-1.230527292861865,-0.3121895214222219
48.53051346,0.9175967568258987,2.100606366226471,-0.00950415319931655,-6.418693173546732,-1.2135844490449728,-0.31166157030261754
48.54055946,0.9219581495061373,2.0914584178999864,-0.009974150241144314,-6.4023808227890875,-1.196716219542786,-0.31111820910024734
48.55060546,0.9274425874274446,2.083068013654912,-0.014455499577308822,-6.386019016424321,-1.1799360851855507,-0.3105997185107334
48.56065146,0.9341763170505395,2.0747289760804337,-0.01621614953271061,-6.369595838203978,-1.163239982814579,-0.31011258148366094
48.57069746,0.9448297046092222,2.0627702591731056,-0.011697255019884834,-6.353085324494046,-1.1466458360643799,-0.3096115897941769
48.58074346,0.9569486816239261,2.0522192278351667,-0.009852108497387685,-6.336460425196851,-1.130164755779603,-0.30907863152657233
48.59078946,0.9646201990904355,2.04740806720005,-0.016011642470514204,-6.319736118245878,-1.11376083978511,-0.3085673444271322
48.60083546,0.9732723880022887,2.0420689545423087,-0.01731488792852376,-6.3029298173177715,-1.097407908613377,-0.3080935428687748
48.61088146,0.9846459788868334,2.034024687458925,-0.011323860231225669,-6.28602292689774,-1.081122202158074,-0.307596194580229
48.62092746,0.990763313399533,2.027696962900352,-0.011150006654463113,-6.269028179559452,-1.064908686216798,-0.3070678800930442
48.63097346,0.9953366995250834,2.018699553404903,-0.016990649665791724,-6.251979732731382,-1.0487721484238648,-0.30656802988918885
48.64101946,1.006859205954769,2.003562676823236,-0.01803514394949321,-6.234850436235007,-1.0327568371498934,-0.3061027637299665
48.65106546,1.0216167688038973,1.9890909124067482,-0.013359513545277285,-6.217589134950657,-1.0168902500796708,-0.30561925837401116
48.66111146,1.0317816454889082,1.982551642830694,-0.010031552679720307,-6.200202648252517,-1.0011292014331818,-0.30509555097910734
48.67115746,1.0366733516545277,1.9788953088461567,-0.009224453813267974,-6.182740532338716,-0.9854193653033736,-0.3045510731791694
48.68120346,1.043227620906552,1.9727162551141504,-0.01162658223102006,-6.165220923290409,-0.96975893232608,-0.30401460721266815
48.69124946,1.0502583776267325,1.9677989723728269,-0.01776834580406758,-6.1476330766566285,-0.9541542362468824,-0.3035210572156357
48.70129546,1.0514583562377648,1.96354151517749,-0.022220756139569003,-6.130003887039294,-0.9385956248863927,-0.30308072175414713
48.71134146,1.0535720190379467,1.957405859530332,-0.024976792061002118,-6.1123580530011274,-0.9230892181317074,-0.30267659431820615
48.72138746,1.0606104796276261,1.951019208893948,-0.02851349069008005,-6.0946662478471865,-0.9076457109214786,-0.3023040752879127
48.73143346,1.0679819478925558,1.9438611350329849,-0.025801809008507315,-6.076902061620615,-0.8922702388624124,-0.30193570031774675
48.74147946,1.0737410843932451,1.9386986706265492,-0.020623593635286458,-6.059071920366293,-0.8769566528670545,-0.3015276943946743
48.75152546,1.0706343599797739,1.9338144391342735,-0.01693177633608045,-6.04122845604606,-0.8616935314251926,-0.3010751342974891
48.76157146,1.061449904632278,1.9220286149869563,-0.006547361285786202,-6.023446730321776,-0.8465141436728203,-0.3005518692852118
48.77161746,1.059495675755177,1.9073119000938277,-0.004730653687918057,-6.005720954208339,-0.8314678781740383,-0.29996731803387267
48.78166346,1.0594503483878122,1.904275994386294,-0.03410242333434446,-5.9880052218659365,-0.8165107840885426,-0.29952117585920357
48.79170946,1.059389515831372,1.9160631626396092,-0.08075878309661219,-5.970290022764811,-0.8015097324112688,-0.2994569229785542
48.80175546,1.0565319334837933,1.9243135830329663,-0.09916153961208987,-5.952589482861754,-0.7864080319262214,-0.29971946203896804
48.81180146,1.0553927332915736,1.9101717173030497,-0.06364626784159833,-5.934909018797402,-0.7713359241711117,-0.2998960449352559
48.82184746,1.0601594007471706,1.8958665771331384,-0.014679880661994715,-5.917210333964981,-0.7564067057266293,-0.2996482764586377
48.83189346,1.0575614442646812,1.8925500423096644,-0.0020166302569435135,-5.899500755697343,-0.7415660009556326,-0.2990909423124313
48.84193946,1.0637016245739936,1.8758937873209431,-0.01466016162506803,-5.8817733848394305,-0.7268256195078777,-0.29853350911750276
48.85198546,1.0861795721558751,1.8592592194567055,-0.03883527463768685,-5.863902265125105,-0.712252457863304,-0.29816101597329814
48.86203146,1.1009247590517979,1.846209213478095,-0.05099158779017915,-5.84584417360632,-0.6978284018331529,-0.29797101558272177
48.87207746,1.105852124532201,1.837023247395334,-0.037069371382097954,-5.82768726685693,-0.683516037090655,-0.29777214506009164
48.88212346,1.1131763259602767,1.8374294335124088,-0.017643514989753112,-5.809468820486959,-0.6692477731829207,-0.2974057671677861
48.89216846,1.118610936495324,1.835249486169817,-0.0017009732888668416,-5.791188106486434,-0.6549898382839956,-0.29686178796608376
48.90221446,1.1236297968055158,1.8339976955484103,-0.013603638128918877,-5.77285306481992,-0.640747721598693,-0.29629746230868337
48.91226046,1.13101396639648,1.824237618827355,-0.0361151899225057,-5.754455722734221,-0.6265609175230615,-0.2959059992614339
48.92230646,1.140281516060973,1.8064019553618011,-0.03469962331896287,-5.735974739062684,-0.6125127268503796,-0.29562050134779394
48.93235246,1.1483796608338988,1.7989600375910888,-0.022295313178282622,-5.717406527508,-0.5985915054682565,-0.2952655861932678
48.94239846,1.14702293438969,1.797447066381095,-0.010878038880428736,-5.698804453809046,-0.5847152644934681,-0.29479101522010653
48.95244446,1.1463868372393204,1.7958377216953765,-0.00694946866823512,-5.680212390063009,-0.5708547069114296,-0.2942393620699715
48.96249046,1.1498630807002446,1.7929817806884851,-0.012785230796960256,-5.661606060262063,-0.5570165784594323,-0.2936972887448337
48.97253646,1.1489995110940425,1.7887174595580364,-0.0242771094302196,-5.642986607000328,-0.5432142150841379,-0.2932422521592426
48.98258246,1.1472126918020082,1.78247287068376,-0.03520269791483188,-5.624380466642037,-0.5294646379638017,-0.292899818510985
48.99262846,1.1466436689826194,1.7734660397925541,-0.03660831999065273,-5.605786159678679,-0.5157916687249582,-0.29261932453337236
49.00267446,1.1470646115322871,1.7643748141259752,-0.02579392588497914,-5.587192596522495,-0.502209606024195,-0.2922915702938531
49.01272046,1.1491392721831146,1.7559952841471458,-0.01103487155409491,-5.568586497951458,-0.4887152989290442,-0.2918353606228381
49.02276646,1.1527550188372695,1.7544427466845107,-0.010365459984739894,-5.549951816464514,-0.4752708806086474,-0.2913016537676052
49.03281246,1.1542917317290469,1.7605219360236914,-0.02970127232099401,-5.531291254173272,-0.4618037249158746,-0.29086170824342483
49.04285846,1.143476426981614,1.7624902880958169,-0.05272544685823219,-5.512677298248931,-0.4482961464225994,-0.2906345369333101
49.05290446,1.1398062656790844,1.7552923654751194,-0.06048309430385873,-5.494136102820551,-0.4348148360621771,-0.29056198271501543
49.06295046,1.139711006257736,1.7452466181900494,-0.048143818197601634,-5.475613821100467,-0.42142014065569455,-0.2904664149759584
49.07299646,1.1301203137123532,1.7326579927088825,-0.028738907277689574,-5.457140191917116,-0.4081391377036283,-0.2902113961854691
49.08304246,1.12839481052786,1.7192718726901888,-0.02555726296305924,-5.4387234039849055,-0.39498860589819884,-0.28984292512803655
49.09308846,1.1425591295151538,1.7032439506180992,-0.0289033282531245,-5.420244135880935,-0.3819858208261948,-0.2894752799571636
49.10313446,1.157677469433427,1.6901575691087778,-0.020741765120924238,-5.401617780981269,-0.3691292769010772,-0.28908344654062956
49.11318046,1.1521656172067785,1.6954589291187547,-0.019739307281462448,-5.382943172693928,-0.35631183713895,-0.28864558224675463
49.12322646,1.1472286060975763,1.6948990639052104,-0.021362733099277414,-5.364321049047135,-0.34347058084846793,-0.28821083707503536
49.13327246,1.1588271229636176,1.6775737815438305,-0.015412600986293545,-5.345665464656914,-0.330719161654244,-0.28775435885759526
49.14331846,1.1633718583152861,1.6704195412863947,-0.02110625666416735,-5.326928792710799,-0.3180907031021363,-0.2872965923590214
49.15336446,1.1568554696881643,1.6708965502333863,-0.029786385372220697,-5.308202024379103,-0.30549578428291113,-0.2869110253794185
49.16341046,1.163870498489981,1.6627373063811137,-0.02312250796171922,-5.28947275137779,-0.29293945332960547,-0.28653558603008245
49.17345646,1.1755300045352803,1.6528982040240814,-0.016167689653240364,-5.270649676187965,-0.28047352806931514,-0.286091739972151
49.18350246,1.175085662604971,1.648419838582327,-0.017882062570802548,-5.251770267228768,-0.26807951944977404,-0.2856215711570198
49.19354846,1.1766304691845129,1.6437458821742121,-0.017749146956118955,-5.232885330635639,-0.2557314829428847,-0.2851593460019215
49.20359446,1.183613932541262,1.6361171592502683,-0.013941682139965994,-5.213957556542638,-0.24344524279428725,-0.28467732831591963
49.21364046,1.181605851147004,1.6278570086221804,-0.009845530254288803,-5.195004791106022,-0.23123881245752997,-0.28415561076322415
49.22368646,1.1757314755123767,1.620712639248891,-0.004991830793374952,-5.176091619251064,-0.21910975902474306,-0.28358893810721497
49.23373246,1.1764193335780329,1.614482615254927,-0.0016164734957498095,-5.15720449927387,-0.20704788516984962,-0.28298093089910736
49.24377846,1.1749082563980096,1.6085417913591329,-0.0009674989461606609,-5.138321514326268,-0.19504714548389757,-0.2823527094721312
49.25382446,1.1713887831332224,1.6025707056092569,-0.003681521177347019,-5.119463797833564,-0.18310623932010017,-0.28173486077966015
49.26387046,1.173383608443758,1.596039402356809,-0.008469307922674058,-5.100613739647525,-0.17122813265626036,-0.2811546936736775
49.27391646,1.1751731359659987,1.5894178558889633,-0.010994126996296982,-5.081744672657209,-0.15941609275655821,-0.28061125778672347
49.28396246,1.1742899506682138,1.584376237620429,-0.011187018545379845,-5.062871053109909,-0.1476626369333367,-0.28008147296022745
49.29400846,1.1738127851701337,1.5789130742313862,-0.007739676246347943,-5.044004266604645,-0.1359619466283739,-0.27953534102761424
49.30405446,1.1728647292687633,1.5716055413113819,-0.0015256546523373937,-5.025144638986472,-0.12432540353096755,-0.2789406800641663
49.31410046,1.1716844958120551,1.5668573010098092,0.0008433502392490855,-5.006295701765755,-0.11274941658246718,-0.2783029065586815
49.32414646,1.1707694173316237,1.5632215819881508,-0.00010394465364685357,-4.987457289296881,-0.10121554226163809,-0.27765799180387285
49.33419246,1.1697369631739187,1.5547046217802458,-0.0014706448712685782,-4.968628659284466,-0.08974271084858643,-0.2770247002465047
49.34423846,1.1698002642453285,1.5462976385842813,-0.00666674748839019,-4.94980489732799,-0.07835488840324345,-0.27642437364777495
49.35428446,1.172538828506387,1.5437659583469217,-0.01324387148358211,-4.9309670616019545,-0.06702201086432424,-0.2758831839663194
49.36433046,1.175436653119686,1.5402678251759123,-0.013242779335280258,-4.912100914294609,-0.055719421078165965,-0.27537502569283046
49.37437646,1.1750513485607599,1.5314595287771104,-0.008698759727794991,-4.893222146599022,-0.04447864648772892,-0.27484403732299256
49.38442246,1.1740649435595485,1.5218008062559891,-0.005892463749040067,-4.874350269000555,-0.03333063173332462,-0.27427612831796466
49.39446846,1.173874918842995,1.5118679897201341,-0.0039222735686306465,-4.855484300608566,-0.022281025279614397,-0.2736842270229598
49.40451446,1.172159573266605,1.5002768511797449,-0.0019645600839628685,-4.8366279028915535,-0.011339533652243716,-0.2730725958678448
49.41456046,1.1711422005113408,1.4916713977889193,-0.002559044589202669,-4.817785231618732,-0.000499489506150752,-0.2724541172135666
49.42460646,1.1712763650624862,1.4881075916837738,-0.004227973789123013,-4.798946996700703,0.010279428449500472,-0.27184700768632863
49.43465246,1.168421728373034,1.484322527657329,-0.002268919336594094,-4.780122426714225,0.02102143303048365,-0.2712384408599471
49.44469846,1.1657097016146674,1.4786390452179985,0.0010709563170317182,-4.761325818078259,0.03171587710255963,-0.2706032575076427
49.45474446,1.16591219676743,1.4739758237162335,0.0018457937612500475,-4.742541814819539,0.0423583496807467,-0.2699474059514473
49.46479046,1.164186727352304,1.4696783777593514,0.0005411925107722537,-4.7237654614605376,0.05295581282629058,-0.2692942153988507
49.47483546,1.1620271713444559,1.464508999723298,-0.0026368685105322698,-4.705010489679491,0.06350467395451886,-0.2686636040374779
49.48488146,1.1609338317378235,1.4596159030905662,-0.00546409397485631,-4.686269990097877,0.07400404143287886,-0.2680630944514908
49.49492746,1.1583435352614306,1.454588488017901,-0.00609373321260312,-4.6675479934202855,0.08445357818094834,-0.26747994869690084
49.50497346,1.156236229567254,1.4495123420069682,-0.006759707279299754,-4.648849592798403,0.09485236474169412,-0.2669033108079395
49.51501975,1.1544663797351395,1.4447734654146194,-0.008399862914494932,-4.630170127920252,0.10520214920468618,-0.2663382402969323
49.52506575,1.1518687907622511,1.4379693971331962,-0.0068316639587968075,-4.611513139895692,0.11549365469479511,-0.2657735475358649
49.53511175,1.1550665333433912,1.4325232320497727,-0.0010140171476183957,-4.592853137299571,0.12572362726270825,-0.26517175567151074
49.54515775,1.1640265587490066,1.4357633532101417,0.005263750514647059,-4.574132066234842,0.1359425188719996,-0.26450920854025606
49.55520375,1.163597417662833,1.4393825246180698,0.009214555150906384,-4.555368144538189,0.1461958647078525,-0.2637952832903463
49.56524975,1.1550107645937744,1.4319869159390866,0.004212055535937287,-4.5366495091755645,0.15643024149930085,-0.263086640704314
49.57529575,1.1516270242271975,1.419481649584815,-0.01199252540212345,-4.5179910010991655,0.16656465619545813,-0.26248452128389976
49.58534175,1.15211935184581,1.4055932230441157,-0.013576586453328682,-4.499347016589017,0.17656649537219593,-0.261971754212198
49.59538775,1.1579578972335252,1.3998928765624237,0.003021889082055168,-4.480671232103742,0.18646994014205376,-0.26138356973654187
49.60543375,1.1659530535814795,1.413955513833217,0.00784532452169967,-4.46192596093465,0.19641538869854003,-0.2606877830020582
49.61547975,1.1615263523939534,1.4235156168595768,0.00476092444691531,-4.443162765415302,0.2064794942795345,-0.2599832610929371
49.62552575,1.1538998055181757,1.4172777488690513,-0.006020500423819214,-4.424460113360961,0.2165602874471233,-0.25934838722251685
49.63557175,1.1522431226925727,1.403783111995618,-0.020654475765220143,-4.4058040909694185,0.22654196424277018,-0.2588411749073627
49.64561775,1.1484470669807687,1.3866373254602335,-0.017633870256621803,-4.3871754576835436,0.23636973419164065,-0.2583922965488785
49.65566375,1.1444583434296867,1.3808734559129083,-0.006832129990575725,-4.368585927343904,0.24608242893800636,-0.2578739885475678
49.66570975,1.1440064362715747,1.38316026668916,-0.0028042424999036586,-4.350018702292324,0.255777658418161,-0.2572811913260358
49.67575575,1.1456342465663427,1.3815548844731929,-0.0056417481802731595,-4.331445570679282,0.26547631071398214,-0.2566824148166704
49.68580175,1.146236648635834,1.3783437329415589,-0.012582420025527397,-4.312861236709537,0.2751507695607849,-0.25613275409301606
49.69584775,1.1449344806666149,1.3768030816648127,-0.015515002741232659,-4.294280417663913,0.284801360102076,-0.2556326867270218
49.70589375,1.1417976625051722,1.3752344105215952,-0.012017404453376401,-4.27572189564561,0.2944363325168631,-0.2551297812878084
49.71593975,1.1378569610443137,1.369461386961982,-0.006156296301983638,-4.257198924008385,0.3040344275991451,-0.254579867066151
49.72598575,1.1361901042044913,1.3657100583845265,-0.0032353651072400402,-4.2387041191364965,0.31358468186065025,-0.2539858406608575
49.73603175,1.13620058111378,1.3676546851789055,-0.0056705485802552025,-4.220217634260994,0.32312586105910057,-0.2533893743447577
49.74607775,1.1360525547841087,1.3679102387564943,-0.006742289338127566,-4.20173184029624,0.332678091763551,-0.25281052330907006
49.75612375,1.1361279822649155,1.366037177327512,-0.005674206590741554,-4.183246410995498,0.3422221977260733,-0.25223169064756856
49.76616975,1.1351994375322991,1.3643239583264797,-0.004944065812534343,-4.164765266902712,0.3517482898019928,-0.2516438255092983
49.77621575,1.1322570385092496,1.3612127099271607,-0.005697507035237331,-4.146303566560416,0.3612501485781543,-0.251056077409161
49.78626175,1.1313196965369388,1.3557796563134599,-0.006941528807219682,-4.127861354157133,0.3707090893253131,-0.2504783625656457
49.79630775,1.13371603341259,1.3540128911640732,-0.006307184082375794,-4.109411813222458,0.38013186538281474,-0.24990371012993862
49.80635375,1.136733910775768,1.358937424316858,-0.006640900152618812,-4.09093507668965,0.38957050290900597,-0.2493275476364989
49.81639975,1.1392541679125276,1.3626731472702904,-0.010078562554308806,-4.072430522107247,0.39905264090161907,-0.24877032877712324
49.82644575,1.1395942176118863,1.3624602381619353,-0.01610632919047056,-4.0539116002036195,0.40855247398816985,-0.24826065476780546
49.83649175,1.1348103749288156,1.3570400642611644,-0.01895971717799219,-4.035414999472142,0.4180240120987726,-0.24779559079816238
49.84653775,1.12690238096727,1.3478693039061629,-0.013644290715418284,-4.016982149836128,0.42742225994660643,-0.24731816000925955
49.85658375,1.1299451066215676,1.3431977359945686,-0.006421282212228985,-3.9985737384428326,0.43675097777954974,-0.2467777486615228
49.86662975,1.1361899758202358,1.347268751415978,-0.005063442106951477,-3.980118675460581,0.44607667903734693,-0.24619423571122656
49.87667575,1.1372268542139357,1.3521482347219143,-0.002382697972739961,-3.9616270362601824,0.45544733865024156,-0.24559043695229477
49.88672175,1.1406904255393226,1.3555349051179313,-0.0035299496672134556,-3.943112791300834,0.4648595191531868,-0.2449789354608387
49.89676775,1.1399387440731037,1.355836426363306,-0.011222141316096168,-3.9245849245187188,0.474290225442747,-0.2444118344932953
49.90681375,1.1326367769463785,1.3438199298123537,-0.00998926337504355,-3.9060975112135026,0.4836620874113393,-0.243877178658507
49.91685975,1.1282184344230055,1.3336424814223469,-0.004294558649117097,-3.8876689690236432,0.4929224691945038,-0.24330772557598213
49.92690575,1.1264915684981405,1.3358364528118605,-0.0018477975231445676,-3.8692712942158245,0.5021427499726911,-0.2426973779104835
49.93695175,1.1247675856648232,1.3361462637426893,-0.003793440265844744,-3.850890953021331,0.5113756072494695,-0.24208451312734613
49.94699775,1.1277763238984475,1.3305185081942839,-0.012209344335176592,-3.8325041585004485,0.5205817524904397,-0.24152369439384502
49.95704375,1.1286172395119,1.3299052774209335,-0.020659871303495725,-3.8140980271683027,0.5297565492571117,-0.24104759574344659
49.96708975,1.1248490707195782,1.3300891143591203,-0.018452528257753426,-3.7957065994288612,0.5389291891785533,-0.24060285660589065
49.97713575,1.1221806394668001,1.324405295457914,-0.010403921706212571,-3.7773475027314447,0.5480742026905929,-0.24010660183350696
49.98718175,1.1216143893999384,1.3217480972727664,-0.008234402795519152,-3.7590046538383106,0.5571773192738014,-0.23955902141692764
49.99722775,1.1217909435756177,1.3236617127405736,-0.01085228344354408,-3.7406637623876264,0.5662767008410263,-0.2390136931213549
50.00727375,1.1216812215768066,1.324546239326957,-0.013645157614791431,-3.72232253523892,0.575390137475793,-0.23849554304723908
50.01731975,1.120288223794799,1.325171827508106,-0.013335716702946782,-3.70398885625168,0.5845111594170298,-0.23798986725838533
50.02736575,1.1143406867193082,1.3220673469322484,-0.005028662545795121,-3.6856920487710205,0.5936197298817731,-0.2374409108147999
50.03741175,1.108750296778286,1.3160000954927757,0.0015232674798310586,-3.6674531962977746,0.6026822307365975,-0.23681731769366454
50.04745775,1.1039904070087085,1.310897646242739,-0.004288305249091129,-3.649266333279506,0.6116886261848684,-0.23619000575782767
50.05750375,1.0899923527322988,1.2973758240275748,-0.007310965572044165,-3.631173691414176,0.620601471917567,-0.23560706817460986
50.06754875,1.0645987993894457,1.2700442304920758,0.005150671426162212,-3.6132806948778082,0.6293082441662143,-0.23497678135787625
50.07759475,1.031156172176593,1.2394534755548123,0.015182948796453072,-3.5956814511924833,0.6377249392352162,-0.23423344486294617
50.08764075,1.0021939490640466,1.2138641556292151,0.0037412958291464515,-3.578395667070353,0.6458594417881827,-0.2334971876616403
50.09768675,0.9816292905251411,1.18443108140518,-0.007916030012164482,-3.5613586564747486,0.6537175668553346,-0.2328769566308897
50.10773275,0.9690189920553414,1.1485290972405786,-0.005631427514771636,-3.54448828368821,0.6612475139241951,-0.23230380478949586
50.11777875,0.967894115275757,1.1359907244648537,-0.019265516285178197,-3.5276869026869413,0.6685341450801552,-0.23178766141765106
50.12782475,0.9687552158145794,1.1431284654843965,-0.03601719785490401,-3.5108868466337277,0.6757936488627969,-0.2314241457702244
50.13787075,0.970933137367129,1.139905127737148,-0.021408485524984755,-3.4940715255725614,0.6830728146930731,-0.23107139425728995
50.14791675,0.9727055000302891,1.1393876496197337,-0.004537976377152281,-3.4772363622337643,0.6903331904052692,-0.23056052261487237
50.15796275,0.9636887898517812,1.1443489915043252,-0.008987552439868318,-3.4604375872525424,0.6976158876451635,-0.22998726062556818
50.16800875,0.9533917395580904,1.1401464599464375,-0.018301327343635154,-3.443735825290183,0.7049023963893255,-0.22948313194816894
50.17805475,0.9526386526854471,1.1288269790687908,-0.02353193957525443,-3.4270895681667923,0.712110938065031,-0.22905205972735043
50.18810075,0.9487128374421183,1.1168889246728464,-0.019330302783596848,-3.410466813168746,0.7192026571410501,-0.22862615605016723
50.19814675,0.9329343541361053,1.111625624689066,-0.012406693850484984,-3.3939430328622997,0.7262079738140237,-0.22814437026370804
50.20819275,0.9213721679778788,1.107042499508653,-0.013764471243029597,-3.3775565847385742,0.7331638318933962,-0.2276346273054206
50.21823875,0.9201261316312457,1.0944075064927739,-0.01182029381398994,-3.3612344723164966,0.7400332033650656,-0.2271219388597503
50.22828475,0.9179087971236308,1.0870218562293543,-0.0076656876227495785,-3.344929756406213,0.7468020111455509,-0.22657861622395492
50.23833075,0.9120532582136913,1.0897345732585222,-0.012488513335663393,-3.32866559053911,0.7535473467823977,-0.22603865005481705
50.24837675,0.9076182270949218,1.0856439119063015,-0.012872944853255963,-3.3124531142052653,0.760285761004905,-0.2255248399387484
50.25842275,0.9045093763433631,1.071589181468156,-0.0036455589053672466,-3.2962785307900475,0.7669330309244557,-0.22496661166257592
50.26846875,0.89637796760925,1.0623426115916033,-0.0028702786304767025,-3.280160407198238,0.7734632584125194,-0.2243581399939667
50.27851475,0.8860904403610694,1.0564323466009038,-0.009249251585553064,-3.264134801921859,0.7799173531190497,-0.2237778156736896
50.28856075,0.8837857852332811,1.0454043771948427,-0.010165277564599368,-3.248172447177545,0.7862863670742044,-0.22323413413305815
50.29860675,0.8842157003688225,1.0381126283861113,-0.008044402058356964,-3.232219509252232,0.7925633610847633,-0.22268440063325246
50.30865275,0.8797560496864325,1.039713191182659,-0.0064834952131144485,-3.216286812688555,0.7988117682679885,-0.2221161735406949
50.31869875,0.8772555497395107,1.0409164765748615,-0.005430600592734314,-3.200389076961489,0.8050742591806639,-0.2215348173233762
50.32874475,0.8764589246707974,1.0369226825535058,-0.006782632029897817,-3.1845079026933867,0.8113227333684918,-0.22095496367028744
50.33879075,0.8708737735264769,1.030039138458852,-0.00913219150664804,-3.1686587840871923,0.8175165706869691,-0.22039370310836004
50.34883675,0.8624606189466548,1.020989648443069,-0.010326281358520317,-3.1528799789706596,0.8236303763751032,-0.21985024229700967
50.35888275,0.8546937599120725,1.0110425535889176,-0.01106022724344874,-3.1371824460625035,0.8296487622174382,-0.21931646600916554
50.36892875,0.8474100855168698,1.0029295611253684,-0.008877852089998667,-3.121560511983766,0.8355764322411758,-0.21877541426110492
50.37897475,0.8421301581562932,0.996945041600829,-0.006064361899114162,-3.106001684876663,0.8414332904621986,-0.21820926828142095
50.38902075,0.8398215172883363,0.9931295657508106,-0.009248521157629114,-3.090480975147752,0.8472409233064546,-0.21764498417246259
50.39906675,0.836880073196137,0.9923478776745285,-0.01591781608833262,-3.0749866365956002,0.8530254645963105,-0.217130193963897
50.40911275,0.832746754214559,0.990044024007241,-0.016038144956268208,-3.059527834578379,0.8587945072099821,-0.2166495080356725
50.41915875,0.826747334063413,0.9829065155378611,-0.009478637886831093,-3.044119929309815,0.8645161258616483,-0.2161364781153412
50.42920475,0.8181837964099954,0.9754294905379486,-0.00826836587945362,-3.0287851737783065,0.8701643357116922,-0.21558442059470773
50.43925075,0.8107162094582379,0.9683638896641267,-0.012725021973460537,-3.0135309425856818,0.8757394979519759,-0.21504866966134095
50.44929675,0.8053388885498358,0.959556262751357,-0.013285107460781098,-2.998341231365238,0.8812349289690893,-0.21453811782093712
50.45934275,0.799064907560282,0.9519528251903244,-0.010856936720809451,-2.9832100446342444,0.8866479272093493,-0.21401818258830962
50.46938875,0.7919770408289921,0.9474612562466973,-0.010354432881932218,-2.968145974464335,0.8920001722319348,-0.2134835265772721
50.47943475,0.7875441426964842,0.9423467089499062,-0.010858967070499409,-2.9531397730963427,0.8973041657326455,-0.2129488807646811
50.48948075,0.7848857915337462,0.9355439017721792,-0.011710002532291958,-2.938169191073566,0.9025482983618289,-0.2124210439784444
50.49952675,0.7800527066130918,0.9310578047015621,-0.01425130000112193,-2.9232362385342263,0.9077357268249777,-0.21191024688051785
50.50957271,0.7744504329652626,0.926180696933314,-0.015631858076675248,-2.9083557620505758,0.9128761034427768,-0.21141915121838606
50.51961871,0.7696273440970871,0.9175526142045212,-0.013212524515822333,-2.8935275929132445,0.9179486639561496,-0.210922835831596
50.52966471,0.7631861715417692,0.9099795091614036,-0.010604010403661518,-2.8787560041610547,0.9229398459033433,-0.21040126556594485
50.53971071,0.7563350688249575,0.905078421815489,-0.010967923519873468,-2.8640511825075485,0.9278683699821713,-0.20986842066949052
50.54975671,0.7513383426287374,0.8984020546386835,-0.011393964332354872,-2.849405872498682,0.9327387405069274,-0.20933954371162056
50.55980271,0.7469937342246555,0.8898470268731784,-0.00941670699459346,-2.834807484013499,0.9375326037348906,-0.20880287499314365
50.56984871,0.7413513363824362,0.883043608457267,-0.009216892051901848,-2.8202592602606877,0.942249321487683,-0.20825527084060225
50.57989471,0.737018953942614,0.8773629885429082,-0.012486195268893052,-2.805761139829251,0.9469033319159443,-0.20772308472766277
50.58994071,0.734977943783828,0.8714265879783474,-0.013712444798812007,-2.7912950329488204,0.9514989900503359,-0.20721347977617066
50.59998671,0.7320273672303188,0.8654071513443935,-0.01129899797181294,-2.7768539988084484,0.9560345940144863,-0.20669791153265527
50.61003271,0.726740666338948,0.8594822803581146,-0.009027572794405858,-2.76245434051269,0.9605102017214548,-0.20615881117706225
50.62007871,0.7200802356571754,0.8544083055285041,-0.00861900306432739,-2.7481146926588202,0.9649305622258915,-0.20560624920704873
50.63012471,0.7145874865871635,0.848391737444266,-0.006737279315923356,-2.733836090226845,0.9692952149332719,-0.20504218309289302
50.64016971,0.7105730903553644,0.8408927120830176,-0.003713382977446611,-2.7196066587543015,0.9735915511058515,-0.20445353465017924
50.65021571,0.7060268804160332,0.8355047315269524,-0.005156503579064664,-2.7054188106379833,0.9778235835566313,-0.20385688736980123
50.66026171,0.7012583307521845,0.8312814320878907,-0.008426042320168664,-2.6912777505591343,0.9820073385479979,-0.20328391177730065
50.67030771,0.6982078812128778,0.8248987030423045,-0.008894135080899646,-2.677175965313289,0.986137819458289,-0.20272971030783404
50.68035371,0.6957738065881507,0.819062515364682,-0.009478385082056423,-2.66310172883232,0.9902069247498737,-0.20218079475606077
50.69039971,0.6917893317190507,0.8158794940176706,-0.011715765146077778,-2.649059732725455,0.9942307265545303,-0.20164605225210464
50.70044571,0.6862912101084451,0.8110720007593599,-0.010765611724532803,-2.6350653677007188,0.9982143920043214,-0.20111777548757415
50.71049171,0.6798625786641046,0.8034199998340583,-0.006229425723551896,-2.6211309107565626,1.0021354734148353,-0.20056194084012402
50.72053771,0.6728375508545468,0.796014565506286,-0.004508927508510507,-2.60726403154284,1.0059809213280637,-0.1999746788678567
50.73058371,0.6667478204348929,0.7884997016757764,-0.006822335215755176,-2.5934630277597215,1.0097514245836479,-0.19939039507996892
50.74062971,0.662352904285606,0.7809249181428699,-0.009092774658863018,-2.579714688356301,1.0134461325405262,-0.19882913595631724
50.75067571,0.6577551689614658,0.7748876452001416,-0.009804968575810064,-2.566011519041229,1.0170724671377265,-0.19828285860003314
50.76072171,0.6528013155269679,0.7701780671720826,-0.010123697315559677,-2.5523563273565095,1.0206448203025005,-0.1977417595682538
50.77076771,0.6483069263966303,0.7659080534801423,-0.011303605537988953,-2.538748594194182,1.0241720689780642,-0.19720818818993502
50.78081371,0.643651606594472,0.7612285064225468,-0.011922712469888158,-2.5251868200198295,1.0276543640099831,-0.1966836532647367
50.79085971,0.6383695169023531,0.7557454518224285,-0.013063465112162442,-2.511674961453359,1.0310856122937793,-0.1961679581141791
50.80090571,0.6286045643238893,0.7480055289354919,-0.015723638119119143,-2.4982386841802082,1.0344504415616491,-0.19567135501315747
50.81095171,0.6123744881749811,0.7327747409035748,-0.012809327866987352,-2.484932979936371,1.0376998889485805,-0.19517347538075436
50.82099771,0.5876189294381082,0.7091516018257302,-0.003423399597337534,-2.4718331465365466,1.0407541730596392,-0.19461381165025537
50.83104371,0.5549435069145643,0.6814344544688993,0.000657888747191443,-2.4590217889555994,1.0435505749119365,-0.19398650209070345
50.84108971,0.5198518279577613,0.6482647241989146,0.0009887579728019291,-2.446550825525396,1.0460411419779128,-0.19333703026367743
50.85113571,0.4886491182099493,0.6050176132952574,0.007570192552330296,-2.4344128588096474,1.0481478672506768,-0.1926528379346375
50.86118171,0.46887835965983404,0.5624592253501586,0.005991274637615979,-2.422530931825168,1.0498235915027188,-0.1919435179643907
50.87122771,0.46010795504618374,0.5375819939509883,-0.012094561380243563,-2.410792367103255,1.0511605866387974,-0.19133297405314664
50.88127371,0.459992084625199,0.5296888357291409,-0.021526591741759332,-2.3990984381408396,1.0523329761078095,-0.1908606523847265
50.89131971,0.4595613146165245,0.5270067653515484,-0.00761403293423879,-2.3874072549533096,1.0534522462035696,-0.19036582502192223
50.90136571,0.4465758873928303,0.5264751164386672,0.006716579543414897,-2.375783461324467,1.0545553737873306,-0.1897291322097523
50.91141171,0.42673445840088386,0.5242174762711922,-0.00277593499607362,-2.3643245569944007,1.055644490772039,-0.18906813763163877
50.92145771,0.4107107449225702,0.5068642834594621,-0.018807645240900173,-2.35304580327497,1.0566351025426926,-0.1885353512346173
50.93150371,0.3970769210871681,0.478261650086518,-0.016538099786220395,-2.3419160193654527,1.0573948781984264,-0.18807169219133657
50.94154971,0.37939723995961594,0.45208915118211146,-0.005458777002483456,-2.330943523191376,1.0578795183647252,-0.18754098178289436
50.95159571,0.3572632597712604,0.4276796328161363,0.00010737812821770554,-2.3201710110380844,1.0581100850582743,-0.18692666113888778
50.96164171,0.3396168744612118,0.4055214220475598,-0.0032487524005328783,-2.3095983156606827,1.0581067420483805,-0.18630123954130529
50.97168771,0.3309142135477612,0.39032602088332946,-0.010588113010245953,-2.2991579715424777,1.057915771845753,-0.18572954139571252
50.98173371,0.3235067284580664,0.3754114472421952,-0.009028050016965217,-2.2887985486876374,1.0575735592396747,-0.1851868726620456
50.99177971,0.3105212447649315,0.3588668429775912,-0.0006854280378396083,-2.2785415597149914,1.0570733271829766,-0.18459446274176283
51.00182571,0.2940053277501311,0.3472261756531072,0.002227619381438617,-2.268432756278102,1.0564315205070862,-0.18394551559409233
51.01187171,0.2808485848279483,0.3374640855437816,-7.107838743380945e-05,-2.258472998612074,1.0556822077806096,-0.18329348256812716
51.02191771,0.2721530944498127,0.3218942519982506,-0.0007366352928928344,-2.2486230047139237,1.0548056528016119,-0.18265633899339173
51.03196371,0.2601857288698455,0.30411890883061377,-0.0003159366020813459,-2.2388768003412416,1.0537616049999805,-0.1820204253414679
51.04200971,0.2414900611302706,0.29010106632811783,-0.002718794669258451,-2.2292846163849234,1.0525578600267345,-0.18139446807609216
51.05205571,0.22327677021818748,0.2740460957848969,-0.0030280340435493713,-2.21987782612792,1.0512030593135577,-0.18078213367616458
51.06210171,0.2097238731582476,0.2538752074225241,-0.0007741830370030234,-2.210630597433095,1.049666296111095,-0.180160031492008
51.07214771,0.19675559828532485,0.23525369408452979,-0.0005592235735594475,-2.201516584584887,1.047934678674892,-0.17952552847286096
51.08219371,0.18223420766381282,0.21995309545631714,-0.0023045985035140826,-2.192540652326464,1.0460326704702858,-0.17889871273060232
51.09223971,0.1679711567119102,0.2057767894054574,-0.005538780398704091,-2.183709304318061,1.043982599773475,-0.17829690930227615
51.10228571,0.1542649061913084,0.1901794557312797,-0.006514669349047014,-2.175018446110954,1.041782976084324,-0.17771625305980754
51.11233171,0.1406272654936196,0.17457744689800747,-0.004795698847415625,-2.1664649362694384,1.0394266380977584,-0.17713186431870653
51.12237771,0.12689579768501003,0.1595273393826513,-0.0034905016884426154,-2.1580489014599493,1.0369163345307761,-0.1765322851834461
51.13242371,0.11196981678005624,0.1435587875014026,-0.0038876275123679027,-2.1497768130153503,1.0342502242376455,-0.17592814480587027
51.14246971,0.09602125624775382,0.1260996202840805,-0.00476111652741773,-2.141659807392383,1.03141620651148,-0.1753303867266296
51.15251571,0.08112447753730745,0.1084993795742728,-0.003647618993969398,-2.1336977379084345,1.0284060853792951,-0.17473142308460154
51.16256171,0.06829336009733833,0.09322943563242747,-0.002943507820597435,-2.1258749456468564,1.0252308573096087,-0.17412332959403942
51.17260771,0.05813750928072681,0.08003598091205122,-0.004578322475907948,-2.1181676169268258,1.021912657588441,-0.17351991102706732
51.18265371,0.05186464605666141,0.07065333079588543,-0.00784179399841789,-2.1105428096374226,1.0184810580926786,-0.17294109655156564
51.19269971,0.04959280581044467,0.06664936825212542,-0.008946145701099334,-2.102960922393553,1.0149822176415242,-0.17238422165212475
51.20274571,0.05025482099447531,0.06719534064192412,-0.008092841499875936,-2.0953871213009663,1.0114660077058275,-0.171828607764283
51.21279171,0.05335142563975204,0.07086669168629411,-0.00995638486715228,-2.087794440660982,1.0079709813857427,-0.1712780683077728
51.22283771,0.05848817605773715,0.07479182468484735,-0.011480188818007109,-2.080160403878505,1.0045141122049976,-0.17074454349684087
51.23288371,0.06443082531708022,0.08009028880880753,-0.010661006918530197,-2.072470715271457,1.001103573152605,-0.17021455800247365
51.24292971,0.07069921326683759,0.08829523174295573,-0.00980729089024096,-2.064719690624507,0.9977608617138642,-0.16967616954181564
51.25297571,0.07592135224102736,0.09805324623325329,-0.009617578826506573,-2.056910949060814,0.9945083782102664,-0.16913253994185062
51.26302171,0.08002315224753054,0.1068868522085229,-0.008721490212497823,-2.049055373351628,0.9913492804162694,-0.1685834563650821
51.27306671,0.08377445769032521,0.11296134392113721,-0.006030219485177957,-2.041161137380872,0.9882653730061577,-0.16801640993295708
51.28311271,0.08599084290986547,0.11804728038515067,-0.0030762429384443013,-2.033236139812818,0.985237217417577,-0.16742095097315923
51.29315871,0.08716466421431779,0.12086074355969845,-0.0002057457313927591,-2.025294113237379,0.9822487405133771,-0.16679623568169522
51.30320471,0.08866421551485937,0.11918424613307455,0.0027119820439633624,-2.017338658311356,0.9792659745881345,-0.16614244613614515
51.31325071,0.09047994932169501,0.11725642053026841,0.0023984614275189275,-2.00936655070824,0.9762651041483146,-0.16547557565803617
51.32329671,0.09127333350621725,0.11753978793924391,-0.001578098153442592,-2.0013813375054497,0.9732559735949842,-0.1648302542527582
51.33334271,0.09087733229994588,0.11585986630807432,-0.002767624658319784,-1.9933941282479601,0.970239828149797,-0.16421088209789003
51.34338871,0.08976208255765528,0.11155394858146295,0.0011935801152115066,-1.9854145100039844,0.9671936158335157,-0.16357758780307785
51.35343471,0.08711615205719836,0.10815033199695723,0.004835100974734052,-1.9774537841683717,0.9641086785263866,-0.16290610501741076
51.36348071,0.08440656053988227,0.10508633301164916,0.004395272047135579,-1.9695199591198502,0.9609912543862542,-0.16221854013317039
51.37352671,0.08322987795153458,0.10091937182322286,0.002131538474046707,-1.9616056548261582,0.9578375091331672,-0.16154455524337052
51.38357271,0.082165494375539,0.09732879731522326,0.0013003047180465965,-1.9537026074078163,0.9546447977782755,-0.16088611637446437
51.39361871,0.08078779604633701,0.0955253990645637,-0.00032064390881311744,-1.9458118265668851,0.9514249924982217,-0.16023999481766804
51.40366471,0.07971984842199764,0.0948013479366232,-0.004335900559149508,-1.9379333302055706,0.94819249183994,-0.1596221839199785
51.41371071,0.078758688451807,0.0943795567725294,-0.006169446905018305,-1.930065026051711,0.9449542356158247,-0.1590337515597393
51.42375671,0.07757631446775592,0.09473094706413732,-0.0048409198124164665,-1.9222074888688994,0.9417156257681221,-0.1584478559112088
51.43380271,0.07666923655513025,0.0963108272605433,-0.004256830299198239,-1.914360447002963,0.9384867166920863,-0.15785235318946755
51.44384871,0.07668781849408002,0.09812945978838883,-0.0055224777431145955,-1.9065178680523118,0.9352748783454636,-0.1572602739332125
51.45389471,0.07714705263105648,0.0988960580218543,-0.006880726746797156,-1.898672889031502,0.9320760256129503,-0.1566813745088127
51.46394071,0.07746281507651354,0.09937210985144684,-0.00788404867255213,-1.8908240172028634,0.9288834147117058,-0.15611433725519186
51.47398671,0.07780151959209669,0.10032401905762911,-0.008093155214566217,-1.882971857986682,0.9256979764587463,-0.1555533900297652
51.48403271,0.07830472180218329,0.10041706621335478,-0.006591154322591025,-1.8751154698730126,0.9225177870215937,-0.1549859485960181
51.49407871,0.07843492910600114,0.10021624773923254,-0.005060812816492427,-1.867255900143359,0.9193370562491054,-0.154403275706406
51.50412471,0.07797945618718716,0.1007669942274223,-0.003705228765637475,-1.8593979642228824,0.9161580831650298,-0.15380610681272078
51.51417058,0.07764019532502142,0.1008279878419387,-0.001352059095296343,-1.8515441218839506,0.9129822239491503,-0.15319031681781192
51.52421658,0.07819989200158495,0.09947187615736963,0.000207607386405545,-1.8436890706621583,0.9097998182575466,-0.1525548646781938
51.53426258,0.07881385938370089,0.09813409186711008,-0.0005659784527517198,-1.8358281241258148,0.9066038811264612,-0.1519154640555085
51.54430858,0.07903890468482677,0.0978837999551938,-0.0024256123190987966,-1.827962963228753,0.9033999670886104,-0.15128929009540348
51.55435458,0.07957797230464259,0.09746236828928478,-0.003236494161107467,-1.820093964192484,0.9001926789832311,-0.15067653013570137
51.56440058,0.08001006819629741,0.09631103926447726,-0.0027931786034462724,-1.8122200870019078,0.8969774909009018,-0.150065616461446
51.57444658,0.0798638949160193,0.09555442475388776,-0.002558216148210557,-1.8043447736220486,0.8937527192181918,-0.14945129579673155
51.58449258,0.07919815317865186,0.09549651808162252,-0.0025297105620203653,-1.7964735384913233,0.8905238561955855,-0.14883565173204483
51.59453858,0.07810425231030682,0.09496676142164517,-0.0020870009596416217,-1.7886111420454114,0.8872920413400607,-0.14821764075346655
51.60458458,0.07698285789208592,0.09366417200236699,-0.0019249220096130837,-1.7807598730277192,0.8840510226101763,-0.14759659192198882
51.61463058,0.07643586959040571,0.09246430930079308,-0.0022706786040063154,-1.7729169842964403,0.8807974340632896,-0.1469764657033199
51.62467658,0.07627810283360281,0.09180759033826869,-0.0026179279982620207,-1.765077635549801,0.8775345199067033,-0.14635982045373064
51.63472258,0.07561698431776853,0.09153505645511806,-0.0032914693956206387,-1.7572424000638982,0.8742669381130774,-0.14574830263628868
51.64476858,0.07471071740700563,0.09115622825109049,-0.0038933948952712405,-1.7494150375549928,0.8709960845276861,-0.14514319148906996
51.65481458,0.07408380460512465,0.0907296736327905,-0.0031399254662208276,-1.7415953762077834,0.8677211855043758,-0.1445373191366941
51.66486058,0.07323242850680045,0.09068541625374782,-0.0019469264955411236,-1.733783140305718,0.8644439215924073,-0.14392166967354614
51.67490658,0.07191452655922581,0.09043744123860886,-0.0024732760464178105,-1.7259818006872791,0.86116518979712,-0.1433026716303627
51.68495258,0.07117979904583183,0.08962819816971757,-0.0037893206469953034,-1.7181907714266202,0.8578811475953927,-0.14269292793300137
51.69499858,0.071464075585145,0.0891667601083439,-0.00392919527904953,-1.710402004781212,0.854590722762353,-0.14209049731794687
51.70504458,0.071762056431796,0.08955453711836325,-0.0037850412904378294,-1.7026103134569368,0.8512999279298477,-0.14148804520768277
51.71509058,0.07187480923478473,0.09010053695982556,-0.004349375878418077,-1.69481655901755,0.8480138234584729,-0.14088770366456993
51.72513658,0.07221270568238602,0.09054168349324865,-0.004690044639645119,-1.68702054096698,0.8447326774233375,-0.1402919079532805
51.73518258,0.0726306070710685,0.09111381019202813,-0.004110843294821226,-1.6792207265438712,0.8414566210596455,-0.1396949140928232
51.74522858,0.0726031085920198,0.09138804141176071,-0.0032351080423098366,-1.6714189511269524,0.8381848159517808,-0.1390906120858375
51.75527458,0.07231830399151296,0.09098377327177998,-0.0027341364659999867,-1.663618744408403,0.8349123576684647,-0.13847939488045125
51.76532058,0.07250705451562167,0.09032003253565901,-0.002436155378816862,-1.6558190201694778,0.8316345347765619,-0.1378641645358356
51.77536658,0.072325475078036,0.08981853262839068,-0.0025048522555241592,-1.6480192599101855,0.8283508588809099,-0.1372477824966314
51.78541258,0.07111594039169233,0.08884520862607448,-0.003024970162437801,-1.6402264872171344,0.8250597749447586,-0.13663435807408453
51.79545858,0.07027014635297979,0.08733644797550122,-0.0029764422037729388,-1.6324440384402727,0.821756223497399,-0.13602330244784788
51.80550458,0.07043548550156897,0.08644733152194939,-0.0030062841055019107,-1.6246650075883267,0.8184406275133433,-0.13541215296154752
51.81555058,0.07008317498523331,0.0860551901847999,-0.004061490358357095,-1.6168869158935557,0.815118595771402,-0.13480645367212762
51.82559658,0.06887811515812081,0.08509681713747086,-0.004728305547007011,-1.6091166468700209,0.8117897803957099,-0.13420940409640814
51.83564258,0.06804233040514784,0.083747180073801,-0.004360327602042441,-1.6013566290088193,0.8084493718852315,-0.13361385558016403
51.84568858,0.06765089736121888,0.082353099770204,-0.0036461828073469094,-1.5936027754625997,0.8050951816824146,-0.13301287156139852
51.85573458,0.06730958560325528,0.08172784814697631,-0.0034256248310955972,-1.5858526024935315,0.8017308483753318,-0.13240719253061473
51.86577958,0.0671939700059212,0.08175695833070606,-0.003444368304923867,-1.5781054959106342,0.7983638558406909,-0.1318005601770582
51.87582558,0.06721147001039918,0.08098739013927769,-0.0024749612204847393,-1.5703581109222924,0.7949928087945857,-0.13118909224871267
51.88587158,0.06709760284793131,0.0805495215212082,-0.002159936221710873,-1.56261120998618,0.7916156967933858,-0.13057117261801254
51.89591758,0.06705100154447186,0.08137884785330018,-0.0032064095475010934,-1.554865115083171,0.7882405510842787,-0.12995692705225936
51.90596358,0.06749211076296091,0.08191467656438389,-0.0030954767450347143,-1.5471170385669133,0.7848722625489586,-0.12934738070655527
51.91600958,0.06790170624874459,0.08201336147782934,-0.0024793586712400506,-1.5393646889609123,0.781507161175572,-0.1287341823842989
51.92605558,0.067630046718266,0.08248494369576242,-0.0025369958964651385,-1.5316116465026148,0.77814492425399,-0.12811817881274035
51.93610158,0.06744326847640925,0.08331629181480649,-0.0027373726051219405,-1.523860906777255,0.7747892319514875,-0.12750347124517214
51.94614758,0.06740728288520614,0.08361513636926854,-0.0030316448065650925,-1.5161112859946186,0.7714392166067832,-0.12689124829907916
51.95619358,0.06736704536096472,0.08289861011164601,-0.003239116011380938,-1.508362048080695,0.7680871032468843,-0.12628154561011629
51.96623958,0.06735805399281114,0.0820809238882827,-0.003772506100610251,-1.5006130574434948,0.7647272835376953,-0.12567556426743254
51.97628558,0.06705547666292078,0.08128907276084463,-0.004042952334802952,-1.4928656318158637,0.7613593791223892,-0.12507362059460192
51.98633158,0.06665886255062015,0.08013463060062564,-0.003143725644455142,-1.4851217182268535,0.757981698475902,-0.12446851855753982
51.99637758,0.06625553783066951,0.07882546405302482,-0.002142301187193524,-1.4773818227305853,0.7545916431228719,-0.1238538695497633
52.00642358,0.06556750765795516,0.07799212452672433,-0.0018238966904455256,-1.4696474091099496,0.7511908259618352,-0.12323259104115047
52.01646958,0.06465373968083576,0.07724917525907915,-0.0011907805222726164,-1.4619210413214283,0.747782091102188,-0.1226065330442383
52.02651558,0.06375727551049981,0.07585937692893352,-0.0006467353977621937,-1.4542037663289804,0.7443626434513568,-0.12197456216615254
52.03656158,0.06328654021045388,0.07491727204375054,-0.0014631533751461867,-1.4464933587794668,0.7409314826506765,-0.12134395941690723
52.04660758,0.06332167873367456,0.0750191500943016,-0.002373578342893423,-1.4387851392325643,0.737496101390601,-0.12072203059977493
52.05665358,0.0632107194292788,0.07498300470050934,-0.0023144364991133926,-1.431077300533449,0.7340610503056659,-0.12010437777777438
52.06669958,0.06290846619564538,0.07450749442797311,-0.00236414531029025,-1.4233715374009108,0.7306234291743188,-0.11948667757365117
52.07674558,0.06257077731823268,0.07468694134057552,-0.0026319602045266066,-1.4156689886975933,0.7271843209167095,-0.1188705722911001
52.08679158,0.06230698379381949,0.07567646632723624,-0.002164464569722163,-1.4079694612403806,0.7237510844049524,-0.11825346401218928
52.09683758,0.06222531798092845,0.07624907929723124,-0.0014182163258864011,-1.4002716690254253,0.7203256945121517,-0.1176302590977758
52.10688358,0.06211799130341378,0.07613779617054028,-0.0016657838563068905,-1.3925748261197448,0.7169026218791572,-0.11700454931013926
52.11692958,0.062187121821239755,0.07638277307068964,-0.0029255819861463694,-1.3848781750733785,0.713480220789986,-0.11638641102021374
52.12697558,0.06237057796510159,0.07677626888513323,-0.003716170322851542,-1.377180255284209,0.7100610267492549,-0.1157785718215103
52.13702158,0.062386177773607665,0.07646800871851345,-0.0034492381869370425,-1.3694813356369835,0.7066422608471861,-0.11517336294790281
52.14706758,0.06209709267933383,0.07590417178127185,-0.0028627364403071565,-1.361783789706358,0.7032191144013673,-0.11456386727590395
52.15711358,0.06145922029751549,0.07544633000686174,-0.0023422901858778933,-1.3540908998831291,0.6997908360633751,-0.11394881140409518
52.16715958,0.06034859717050556,0.07469409591496579,-0.0018978027605950631,-1.3464067927528411,0.6963564795143071,-0.11332890867041279
52.17720558,0.059200859775495385,0.07331987182591804,-0.0014263384113994138,-1.3387340293674583,0.6929114417657978,-0.11270440511096824
52.18725158,0.058757794251856454,0.07199146905487264,-0.0012987898771007755,-1.3310692565851348,0.6894528287225725,-0.11207689270980925
52.19729758,0.05879402873118522,0.07122452305929028,-0.0021411824012222136,-1.3234065273151536,0.6859836907424928,-0.11145297097001183
52.20734358,0.058535740319865415,0.07046990653742036,-0.003318027733077794,-1.315744913422062,0.682506909953883,-0.11083919186196445
52.21738958,0.058131061167345566,0.06938611758238378,-0.0033444490324565923,-1.3080866296150475,0.6790208948545668,-0.11023145676220558
52.22743558,0.05821496077865862,0.0683672659184631,-0.0018767904990194817,-1.3004299570836722,0.675524318191421,-0.10961648232782073
52.23748158,0.058181841555493996,0.06789164231089329,-0.0007155971214948265,-1.292773029482401,0.6720202347789836,-0.1089883031702863
52.24752758,0.05789154500414173,0.06741363711306159,-0.0009575378549263047,-1.2851177263985605,0.6685113612890561,-0.108355506606721
52.25757358,0.05776767952363793,0.06670614136695563,-0.0011219549604739032,-1.27746450365062,0.6649965330278889,-0.10772475117858127
52.26761958,0.057965846839603596,0.06652068900199781,-0.000578321504310364,-1.2698109076845547,0.6614772194883614,-0.10709209094671168
52.27766558,0.05846454654808064,0.06686749073390841,-0.0006765613711713636,-1.2621538113554251,0.6579587164067036,-0.10645719350284377
52.28771158,0.05893225916393674,0.06730433779333156,-0.0017519010079558028,-1.2544918607371862,0.6544441495929227,-0.1058281909488219
52.29775758,0.059213762170775786,0.06762892608360338,-0.0023709454572920508,-1.2468261468088784,0.650933407468905,-0.10520769928606466
52.30780358,0.058976029911912864,0.06762233425438935,-0.001792352863226404,-1.2391602130201065,0.6474242626411133,-0.10458741081297696
52.31784958,0.05831682465152954,0.06741339076662567,-0.001018034182302091,-1.231498784548485,0.6439140351794208,-0.10396032666655453
52.32789558,0.0577342186353027,0.067108534423715,-0.0006050420207185103,-1.2238435936949088,0.6404012269011794,-0.10332727865776992
52.33794158,0.05740383253585457,0.0666617827778182,-0.0004994694355469065,-1.216192988800735,0.6368846432960105,-0.10269162589826308
52.34798758,0.056975832440281815,0.06604712308859262,-0.001101038375793395,-1.2085461932804158,0.6333627282217087,-0.10205846452844725
52.35803358,0.056303406685314084,0.06507120097641983,-0.0016811307448417467,-1.200904925199147,0.6298328236550184,-0.10143123864338843
52.36807958,0.05581691500436081,0.06402970883237802,-0.0015879627915532102,-1.193269478360154,0.6262927856165135,-0.10080645857966974
52.37812558,0.05554824785553225,0.06326926177818604,-0.0017766972947196868,-1.1856378246839654,0.6227436964374213,-0.10018215854673107
52.38817158,0.05489638296965471,0.06263939098756133,-0.0025538100125783725,-1.178010794840187,0.6191876236917935,-0.09956270996438388
52.39821758,0.05380081699781991,0.06166496377404407,-0.0024430280430917106,-1.1703925423416095,0.6156234925572868,-0.09894660836138547
52.40826358,0.05289246149788429,0.060645317982434666,-0.0013302966559240459,-1.1627843555405803,0.6120493451940767,-0.09832436105079667
52.41830958,0.052420284726607314,0.060431104674946834,-0.0011496931325197801,-1.1551831031531563,0.6084690001566138,-0.09769561731895227
52.42835558,0.05230933105818614,0.06083034647726171,-0.00228058596418354,-1.14758477982992,0.6048895845172773,-0.09707164689030279
52.43840158,0.052331638763166044,0.06102004399575489,-0.0031501744900842843,-1.1399869017753659,0.6013131271201573,-0.09645772487951287
52.44844758,0.05215938434320244,0.060842096706690496,-0.002903193021009415,-1.1323897769031568,0.5977367287444331,-0.09584693022396884
52.45849358,0.05178892071001573,0.060943542676510365,-0.0026843838590565883,-1.1247953781037303,0.5941599461025824,-0.09523379590208547
52.46853958,0.051770780047813325,0.06142952991614137,-0.0031682945155482867,-1.1172029312636802,0.5905861141377464,-0.09462199318500941
52.47858558,0.05204095666078401,0.06173602532085276,-0.003524132461616064,-1.1096092184470479,0.5870162628132292,-0.09401440852516352
52.48863058,0.05174416853718333,0.06154194457545126,-0.0031197991621058907,-1.1020163951808932,0.5834473314418602,-0.09340664077766192
52.49867658,0.050983661939797864,0.06104525932936511,-0.002472142551816159,-1.0944281268252638,0.5798745750586001,-0.09279352838033894
52.50872258,0.05065196601529309,0.06069871227683721,-0.0023141827959820005,-1.086845344602903,0.5762975831195085,-0.09217636937200924
52.51876875,0.05057133817796289,0.060388585041608156,-0.0024901335733262253,-1.0792645052008076,0.5727172321192313,-0.0915592902904474
52.52881475,0.05020338533659552,0.059639448289395824,-0.002647942106135115,-1.0716860473014442,0.5691316210221764,-0.0909438981240327
52.53886075,0.04971825555339482,0.05839809776983218,-0.0024685862615388132,-1.0641118744361115,0.565536011707561,-0.09032839772547208
52.54890675,0.0492280939683829,0.0572227234900502,-0.0017814119408627593,-1.0565426004593128,0.5619282631842779,-0.08970854474589052
52.55895275,0.048930020560815635,0.056506291867461034,-0.0016465755441173735,-1.04897728578689,0.5583110121199439,-0.08908456280647536
52.56899875,0.04886794940389483,0.05572702236108751,-0.002216188163609689,-1.0414137801206138,0.5546862481488439,-0.08846276474802783
52.57904475,0.048540691256990565,0.05451781549019685,-0.0018122409845286458,-1.0338522300554231,0.5510514960609001,-0.08784179882708676
52.58909075,0.04794871919384169,0.053416043270351654,-0.0006645867113939941,-1.026295297283589,0.5474051359249827,-0.08721303921205159
52.59913675,0.047727242061063935,0.05282077462324386,-0.0004622003179891032,-1.0187424504670624,0.5437502515527868,-0.08657749834274808
52.60918275,0.048084351964627015,0.05261078406874686,-0.001183885752349484,-1.011188922367122,0.5400913223636223,-0.08594456591252753
52.61922875,0.04844589872359184,0.0524966840412906,-0.0016255940789025591,-1.0036317844547682,0.5364307652674682,-0.08531747720916849
52.62927475,0.04836311705946206,0.052380753297028626,-0.0015246646655658336,-0.9960732463053468,0.5327690527267492,-0.0846921002382901
52.63932075,0.04804574440537257,0.0524695004149458,-0.0012276365215224683,-0.9885167181310663,0.5291072036426705,-0.08406472432660062
52.64936675,0.04790058103279726,0.05281257765705649,-0.0010139987227210379,-0.980962513275248,0.5254475236123568,-0.08343478333988097
52.65941275,0.04787380521810136,0.05319989423161364,-0.0010852547676137858,-0.9734091720699638,0.521791512350184,-0.08280412716961072
52.66945875,0.04748778504318918,0.05333224519175839,-0.0012578347038841864,-0.9658579043389395,0.5181381113780361,-0.0821746957874745
52.67950475,0.046794042231660615,0.05306413415240829,-0.0013005593704558116,-0.9583120602573949,0.5144840284830074,-0.08154634588035803
52.68955075,0.04634514910841259,0.0527422852753765,-0.0015306705382681918,-0.9507719556361423,0.5108269822193208,-0.08091936642763686
52.69959675,0.046254857965671414,0.05264111045713893,-0.002551680676325885,-0.9432345593374691,0.5071678111076139,-0.080298671357236
52.70964275,0.0460375874565766,0.05227518817798393,-0.0035263016615456333,-0.9356987079209667,0.5035062937671881,-0.07968800034196688
52.71968875,0.04533150356397053,0.05128842042310722,-0.0032304336352216023,-0.9281674945136196,0.49983798186471873,-0.0790807387028103
52.72973475,0.04434931560061317,0.050247689826555364,-0.002141217797182182,-0.9206447612958151,0.4961594858380316,-0.07846651978740349
52.73978075,0.043411162321128405,0.049539272276633906,-0.001620149166477819,-0.9131316739520727,0.4924722038402045,-0.07784421241311001
52.74982675,0.042780607602443954,0.048668964758938005,-0.0018772579164381409,-0.905626466228604,0.4887769919063629,-0.07722057916833602
52.75987275,0.042359383389128036,0.04764157092528398,-0.002045216980410852,-0.898126541590706,0.485072247818632,-0.07659908103919078
52.76991875,0.041800464792543846,0.04693766117642917,-0.0020798208637312077,-0.8906315402101441,0.4813588073930042,-0.07597860038372994
52.77996475,0.04137810115776919,0.04668123077620345,-0.002374001427719097,-0.883141467810237,0.4776405431788149,-0.07535977121254822
52.79001075,0.04130937974943061,0.046643393993268445,-0.0028416297860044126,-0.8756538621304948,0.473920800860558,-0.07474476860758283
52.80005675,0.04137410347688575,0.046562026217678465,-0.0028585915295818165,-0.8681662765311025,0.47020045977780356,-0.07413220009869903
52.81010275,0.04100679877055424,0.04657450656783291,-0.0022156096644597167,-0.860680210795973,0.4664797726735159,-0.07351648709074521
52.82014875,0.04028613739535314,0.046713922305256395,-0.0014731026947457648,-0.8531996099144692,0.4627598485432749,-0.07289381477237322
52.83019475,0.03990157558759777,0.04687189249016899,-0.0012073557645191635,-0.845724560569014,0.4590414181825224,-0.07226607799466267
52.84024075,0.03997783167331681,0.04705377506779329,-0.0016887977905483686,-0.8382510598431949,0.45532469490219185,-0.07163942465341755
52.85028675,0.04026908261016526,0.047232186308596935,-0.0025788795590198366,-0.8307757131296043,0.45160978137771224,-0.07101966047619213
52.86033275,0.040225934751142445,0.047169752674822485,-0.00303579923277969,-0.8232991201942603,0.4478954504087582,-0.07040666228721193
52.87037875,0.03992664311846972,0.04678547381007103,-0.003015910073414063,-0.8158242473324719,0.444178875602919,-0.06979585930250432
52.88042475,0.03961815706809313,0.046308824406504634,-0.0030146484490941317,-0.8083524273379901,0.4404579763543879,-0.06918495007741088
52.89047075,0.03930642289305508,0.045581177562708186,-0.002853549674192657,-0.8008837227097025,0.4367310279258092,-0.06857322531603272
52.90051675,0.03883309331234175,0.044405851173206834,-0.0022651656253310226,-0.7934189614566556,0.4329945208626782,-0.06795773590243037
52.91056275,0.03804267724522714,0.043218599931099444,-0.00171953882257192,-0.7859605479980054,0.4292461465721047,-0.06733655035232067
52.92060875,0.03717239873227074,0.04263587110976963,-0.002278381405431823,-0.7785104762082256,0.42548888167166865,-0.06671543118507373
52.93065475,0.036661231846133235,0.04251995194263536,-0.0032939356567983358,-0.7710673434186859,0.42172810746238554,-0.0661022202131254
52.94070075,0.03645920845731565,0.04204468989236032,-0.0033232573476484895,-0.7636277929839039,0.41796436374985646,-0.06549425765303507
52.95074675,0.036364290680544586,0.040753849227394,-0.0027377753939726024,-0.756189734084586,0.4141917489033773,-0.06488350149994426
52.96079275,0.036104886968598926,0.03962128752356753,-0.0023639686654216008,-0.7487534549421078,0.4104069613068084,-0.06426792683980231
52.97083875,0.03565137167217736,0.03949093955458238,-0.00230486883156919,-0.7413207567918079,0.4066158301149514,-0.06365017768999826
52.98088475,0.03563415053988006,0.03918735555984254,-0.0021090846053938295,-0.7338904231505943,0.40282251928283586,-0.06303114825756007
52.99093075,0.035649592292922305,0.038364420052109605,-0.0016975376296027855,-0.7264600984472018,0.3990235499432693,-0.062409068200494744
53.00097675,0.03534759047813196,0.03808024076311445,-0.0016798597219792044,-0.719031213134997,0.39521901956607053,-0.06178483214683972
53.01102275,0.03512095115301439,0.03830890474258486,-0.0023671894727985976,-0.7116049831872324,0.39141421033547275,-0.06116395975439248
53.02106875,0.03542158813174057,0.03839001183265722,-0.003124289211733744,-0.7041783815492693,0.3876109570849593,-0.06055034273127369
53.03111475,0.03576113685920457,0.03819919090300061,-0.0031816412178020392,-0.6967485642584919,0.3838071527418272,-0.05994081669926876
53.04116075,0.0355910787327387,0.03798233726976408,-0.0029538466694765952,-0.6893178956164263,0.38000130064936855,-0.05933043453437481
53.05120675,0.03502373580292306,0.037912086630515596,-0.002920744753189264,-0.681890930939872,0.37619400643215073,-0.058718741886538695
53.06125275,0.034459440976527755,0.03774948399862654,-0.0028205918313518596,-0.674469650479768,0.37238554259294787,-0.058106379899651284
53.07129775,0.03398500772983026,0.03739160465266034,-0.0026604328256727983,-0.6670543257612955,0.36857484373553007,-0.05749277145190934
53.08134375,0.03310127831211496,0.036718881754189026,-0.0023231747493592525,-0.6596450848833619,0.36475858880027445,-0.05687660339220679
53.09138975,0.032048276324014635,0.03566758821219529,-0.0022599142990263332,-0.6522455722072813,0.3609336741304503,-0.0562584235279453
53.10143575,0.031358239878435556,0.03486209379447902,-0.00300176707653263,-0.6448548148132467,0.3570994328146959,-0.05564365223294265
53.11148175,0.03106542489912667,0.03410148759993992,-0.0035586151147805056,-0.6374689942819245,0.3532573249755657,-0.055035404312137715
53.12152775,0.030726596096014358,0.032803648327555335,-0.0033573853133557208,-0.630086346497329,0.3494048775648615,-0.05442894266173681
53.13157375,0.030339630167825593,0.0313910100890209,-0.0027904462369748584,-0.6227073443796556,0.3455388154256127,-0.05381862249906222
53.14161975,0.03000294644889423,0.030491806416552025,-0.0021386838803450214,-0.6153319771541703,0.3416611409044492,-0.05320218079908967
53.15166575,0.029900141793083312,0.03012438822017449,-0.0018782370717364272,-0.6079588174787851,0.33777710414163664,-0.0525811570724799
53.16171175,0.029977523568986975,0.02992963732127496,-0.0017363994755427992,-0.600585785502517,0.33389024360345587,-0.051958112671304235
53.17175775,0.02998819443684897,0.02970381869776073,-0.0014706055496729875,-0.5932123112378385,0.33000127054457096,-0.05133302073699486
53.18180375,0.030213564999282738,0.029818857649119845,-0.0019643317404385574,-0.5858376513370409,0.3261117410393872,-0.050709073706450614
53.19184975,0.03056774799104045,0.030286945341495786,-0.002780597671813795,-0.5784600803387434,0.3222251405793344,-0.05009170676633623
53.20189575,0.03091000199406535,0.030603724576257818,-0.002994645781488392,-0.5710790111374244,0.3183424825058623,-0.04947951509365067
53.21194175,0.030877519366057316,0.030622656305475227,-0.00257671014521621,-0.5636963859544863,0.3144615107085613,-0.04886629929391839
53.22198775,0.030235814198899202,0.03036362241595203,-0.0018695608317376988,-0.556317147216852,0.3105793328781097,-0.04824743219248395
53.23203375,0.02946869954753839,0.030118572565222435,-0.0017689593555957062,-0.548944984981155,0.3066946230350247,-0.047624507758832646
53.24207975,0.029066562723250478,0.029880038307759316,-0.00235575201281063,-0.5415786958956232,0.30280748414896763,-0.047004025463484034
53.25212575,0.028711842339524507,0.029247247497092843,-0.0026052363361390163,-0.5342162085038531,0.2989159685970968,-0.046387743787409175
53.26217175,0.027976883974405453,0.028407275215843075,-0.0025404514192372274,-0.5268591945684271,0.2950170553562117,-0.04577238985645238
53.27221775,0.0271957692589615,0.02772425924576427,-0.002959307769975633,-0.5195097958680854,0.29111049214533935,-0.045158814426307536
53.28226375,0.02673833244543844,0.02706192731340229,-0.0036100892608006696,-0.5121666184120848,0.2871971712519539,-0.04455061178704156
53.29230975,0.02627098497618152,0.02625399657706451,-0.003585722521353668,-0.5048280861475334,0.2832764652291857,-0.0439455556290711
53.30235575,0.02534053590584029,0.02539116813304565,-0.0028551889318220725,-0.49749657501500266,0.2793473669830533,-0.04333670760674879
53.31240175,0.02430579223893692,0.024781943237717208,-0.002170468556841082,-0.4901749350455873,0.2754108746129944,-0.04272075076376236
53.32244775,0.02381923460585944,0.02448196242251499,-0.002121361991283488,-0.48286093657259954,0.2714698153026518,-0.04210110790805288
53.33249375,0.023855137803389326,0.02421091664115993,-0.0026731212611834643,-0.47554920173685034,0.2675258877257214,-0.041483989876878624
53.34253975,0.023690910420887556,0.023967550483136035,-0.0030229748099880605,-0.46823811147346817,0.2635793762576135,-0.040871400646891765
53.35258575,0.023350285992372433,0.023885133960822813,-0.002854047129223908,-0.46092955708074257,0.25963122838310326,-0.04025972020754098
53.36263175,0.02326926649788108,0.02393662482597425,-0.0027486154794991446,-0.45362312060544596,0.2556829251690189,-0.03964666166127273
53.37267775,0.02339443140514974,0.02404885739662066,-0.002992364602061426,-0.4463164623877347,0.2517354443377542,-0.03903429788367063
53.38272375,0.023378145276374385,0.024076295988776364,-0.002939339636505278,-0.4390092572719162,0.24778866507474007,-0.03842289211350902
53.39276975,0.023015546139951937,0.023857864008590468,-0.0020460850168717293,-0.43170395529678984,0.24384092645193434,-0.03780673318099126
53.40281575,0.02255401585012584,0.02346871281792029,-0.001324864931402353,-0.4244027929237646,0.239890135938861,-0.03718246474202891
53.41286175,0.022349406877891553,0.023181552601062805,-0.0017997718311505984,-0.41710497656826107,0.23593594831359255,-0.036556959071936124
53.42290775,0.022472683010665184,0.022936045558889173,-0.002847827280521492,-0.4098075687476026,0.23197908510067577,-0.03593910324172134
53.43295375,0.0223775450894943,0.02232353851801805,-0.0031611805757659206,-0.40251001958871413,0.2280179120830219,-0.03532808576763147
53.44299975,0.021757302994319883,0.021428595343508272,-0.0026690733949112366,-0.3952160637836464,0.22404916714293677,-0.03471617041277453
53.45304575,0.02105578685348819,0.020579469517717053,-0.0022500946725291793,-0.38792874717019643,0.22007166174426374,-0.03409967867342534
53.46309175,0.020681836131587472,0.019897272798595544,-0.0022173808310526344,-0.38064683262680177,0.21608646451244695,-0.03348091808232834
53.47313775,0.020237305085885948,0.019222340061013643,-0.002151755974354852,-0.37336902931732396,0.21209445041936803,-0.03286166353594977
53.48318375,0.019415350384388352,0.018341982895847986,-0.001738708864973626,-0.36609758756574706,0.2080946241051116,-0.032240004620285756
53.49322975,0.018684169305447584,0.017589351562756095,-0.00150782363846802,-0.3588339472152029,0.20408659528962758,-0.031615111232498716
53.50327575,0.0183844187272586,0.01723425913538179,-0.001954562866503612,-0.35157548523437043,0.20007300237768888,-0.030991302079361294
53.51332146,0.018271915878564693,0.01702797042976556,-0.00280629114557851,-0.3443193034742791,0.19605670559095145,-0.03037403294786456
53.52336746,0.01798897300688518,0.01679481283321227,-0.003042328227791824,-0.3370648985662612,0.19203808552281032,-0.029762209842425058
53.53341346,0.01759816049746199,0.016605070941027034,-0.0023802818355637967,-0.32981387793152805,0.18801734123053748,-0.029148246892221508
53.54345946,0.017178556470713868,0.016657750583288555,-0.0019100542917150631,-0.3225669280190502,0.18399590847457858,-0.028528596530036587
53.55350546,0.01691286715823659,0.016909092555738692,-0.0022468426427560972,-0.3153234203350195,0.17997600281919546,-0.027908275902786883
53.56355146,0.016710457354100372,0.017161614454029195,-0.0025924150874064023,-0.3080822639128442,0.17595862807203488,-0.02729138277381349
53.57359746,0.01636388505868558,0.017129819052177142,-0.0022379930326997532,-0.3008438650277583,0.17194236203406277,-0.026674445193248353
53.58364346,0.015830701107316436,0.016868396154779086,-0.0018920560148321108,-0.2936098851583111,0.16792462316057666,-0.026053989709062808
53.59368946,0.015469263982055281,0.01670784816038351,-0.0023785558426592524,-0.2863803989705147,0.16390476472729887,-0.02543424027187058
53.60373546,0.015398105267092399,0.016474877284890388,-0.003010416214767636,-0.2791530857116342,0.15988292964874162,-0.024820108357963555
53.61378146,0.015037083835484522,0.01604048168914396,-0.0027843821230395527,-0.27192794329363323,0.1558577423883989,-0.02420801490946234
53.62382746,0.014335221112990792,0.015637698805266442,-0.0020796396029265363,-0.26470813974273,0.15182834998054773,-0.023591246170040048
53.63387346,0.013627328395013016,0.015389554836267694,-0.0014562556408180272,-0.2574954173934074,0.14779568796711828,-0.02296780625129724
53.64391946,0.013284466793781036,0.01527720045993064,-0.0011457391913884951,-0.2502879729830241,0.14376121517049967,-0.022339675350787846
53.65396546,0.013235523459392162,0.013271583063310555,-0.0011349281042299098,-0.24308249660883519,0.1397161038016641,-0.021709930422061152
53.66401146,0.01285328157189336,0.011716490791919831,-0.0010645785571859745,-0.23587918607803005,0.13565310698816901,-0.02107977782347037
53.67405746,0.01208519375710404,0.01228589861286844,-0.00046676658059990883,-0.22868165365329673,0.131585159081677,-0.02044626904954505
53.68410346,0.011721183998911977,0.012629959282496994,-0.00017061915975014053,-0.2214898077546863,0.12752179952741471,-0.01980826991756679
53.69414846,0.0117112817333207,0.012892940702773137,-0.0009574443832434665,-0.21430055572070472,0.12346189331741542,-0.019172798722630002
53.70419446,0.011614703904148094,0.012764754635005371,-0.0013602651472902905,-0.20711112283170507,0.11940226001262744,-0.01854323985705042
53.71424046,0.01175223721522145,0.011025308057994065,-0.0010482914934546728,-0.19992148422331724,0.11533324558905989,-0.017914137316504597
53.72428646,0.011364334388251018,0.010101493913381221,-0.0004543983610864333,-0.192733103221002,0.11125085360688658,-0.017280484607091307
53.73433246,0.010849790716818575,0.010309266103777803,-0.0005180271397665914,-0.18554925520746224,0.10716486494598243,-0.016644168379830404
53.74437846,0.010853258014660305,0.00961657094099766,-0.0013187737617521844,-0.1783679743305342,0.10307644051698972,-0.016012193910206474
53.75442446,0.010761246685108139,0.009007851032410086,-0.001731806363402838,-0.17118713821027853,0.09898147908008781,-0.015386316253623189
53.76447046,0.010472536742309524,0.00850314349440584,-0.001994082847232126,-0.1640082144529842,0.09488092489712585,-0.014763830674576539
53.77451646,0.010138413466034502,0.008178962458995853,-0.0021016614194388217,-0.1568324191869479,0.09077620720685786,-0.014143202877475947
53.78456246,0.009829556784977544,0.007967888226975584,-0.0019449845897090146,-0.1496598536092293,0.08666880092938456,-0.013522328459828259
53.79460846,0.009270197461522134,0.007699181618498363,-0.0017373075208547972,-0.1424916490805117,0.08255898471274392,-0.012899623892547396
53.80465446,0.008493410543980229,0.007554742799189107,-0.001667102808685178,-0.13533015601435494,0.07844709326662169,-0.012275523525080434
53.81470046,0.007731423680308991,0.007824047005924761,-0.0016545365400567613,-0.12817639220890698,0.07433582901934344,-0.011651007398977509
53.82474646,0.007138113240831023,0.008568517736019743,-0.0017104559500667471,-0.12102943606180361,0.07022965696357275,-0.011026709035703242
53.83479246,0.006438908919314645,0.009000306532724656,-0.0017151697917621722,-0.11388897221634409,0.06612939325940204,-0.010402715233252202
53.84483846,0.005853563971757625,0.008734026497653868,-0.001626595861427188,-0.10675496066187407,0.06202996090574331,-0.009778300201576329
53.85488446,0.005243935989128978,0.008471823734248707,-0.001013086122263196,-0.09962695145642186,0.05792787398298671,-0.009150358603628117
53.86493046,0.004993063777122053,0.008033472272614084,0.0002678797526847465,-0.0925032645434527,0.053822268176357824,-0.008512901054670952
53.87497646,0.00440259361754447,0.01161666265378658,0.0014097982663423825,-0.08538380369321885,0.04973245889561895,-0.00786327335742909
53.88502246,0.0032822078637555485,0.016489700423704123,0.0024545096613195483,-0.07827293647223144,0.04568512524888391,-0.0072026622181557975
53.89506846,0.003262462546998579,0.015392529807648936,0.0041013430783063964,-0.07116779612961466,0.04165675778287081,-0.006528531449293329
53.90511446,0.004916579390624509,0.011439099944014597,0.005043906823573974,-0.0640544463388153,0.03760302115064107,-0.005841394138483835
53.91516046,0.007430393053255546,0.00711571623836349,0.00412021935244597,-0.056920161033083616,0.03350771008384967,-0.005154162012149577
53.92520646,0.009367795637063026,0.0019792137664293996,0.0020556046555836593,-0.04976351726815409,0.029364882008792392,-0.004481940127605721
53.93525246,0.0077533788736690035,-0.0004466490203249851,-1.0688482557447143e-05,-0.04260525114543867,0.025184068173039975,-0.0038304677931164655
53.94529846,0.004202432633541697,-0.00044898703957607644,-0.000769786042433912,-0.0354729306410988,0.020991057484639697,-0.003193187396103969
53.95534446,0.003318187129496941,-0.0011468653945247986,-0.0006118765745472821,-0.028362888104886963,0.01679452960938832,-0.0025589267668770788
53.96539046,0.002999782683325236,-0.0016080646392437892,-0.0001866103567814137,-0.021258886479365913,0.012592179687356264,-0.0019217368461812434
53.97543646,0.0018519138085162368,-0.001277745639070016,2.3345194270524283e-05,-0.014162249944753569,0.008389172353862051,-0.0012813562065407957
53.98548246,0.0008376324307246552,-0.0005704181337218284,-0.0001157174471541067,-0.0070764738908479785,0.004191377118758055,-0.0006406194718149294
53.99552846,0.0,0.0,0.0,0.0,0.0,0.0
