Time,q_w,q_x,q_y,q_z,yaw_deg,pitch_deg,roll_deg
8.004723083,0.192348094096792,0.257660573313041,0.933844177627533,0.156678944241028,-152.045639361377,26.1030050297394,-167.556023835548
8.014770083,0.19235762607682,0.257415288295452,0.933907495452626,0.156693021475953,-152.077432276355,26.1012534786256,-167.547354105665
8.024816083,0.192344901874253,0.257185934275571,0.933968399974551,0.156722244058597,-152.107569686706,26.0976051700493,-167.536742207171
8.034862083,0.192309707406194,0.256973325289552,0.934027299067951,0.156763168897553,-152.135854592129,26.0919465065749,-167.524627588501
8.044908083,0.192268988016121,0.256758162929379,0.934086249732739,0.156814412847209,-152.164732119246,26.0859151439321,-167.511044978201
8.054954083,0.192239596124027,0.25651334765172,0.934147082846498,0.15688871141021,-152.198021783503,26.0814379002726,-167.494077507373
8.065001083,0.192221288459094,0.256240830429146,0.93420972669116,0.156983437469483,-152.235403894522,26.0784342738515,-167.474094792171
8.075047083,0.192214543143548,0.255961240150397,0.934271030930682,0.157082951680021,-152.273823785256,26.0767837518108,-167.453615866443
8.085093083,0.192223972822747,0.255666080819195,0.934332162022253,0.15718845505194,-152.314405959272,26.076933002185,-167.43235994541
8.095139083,0.192239724449346,0.255360761723406,0.934394206392622,0.157296652143595,-152.35636289732,26.0777343633299,-167.410636447693
8.105185083,0.192265780401106,0.255057413097649,0.934453176477632,0.157406628454946,-152.398122904929,26.0797780757265,-167.389010784476
8.115232083,0.192290597596463,0.254761056238603,0.93451139957579,0.157510553180048,-152.438824745799,26.0815914957634,-167.368293351735
8.125278083,0.192301742285014,0.254486491149468,0.934569051264698,0.157598712414734,-152.476303312412,26.0816795021449,-167.3497910698
8.135324083,0.192308727423271,0.254226578772185,0.934624725091649,0.157679495337825,-152.511704469021,26.0812725068651,-167.332512259752
8.145370083,0.192323575748766,0.253992387656688,0.934672806015948,0.157753779409361,-152.543649855466,26.0819187377977,-167.316973802433
8.155416083,0.192341652933976,0.253796382362374,0.934712237515523,0.157813554186963,-152.570328151293,26.083032629508,-167.30440073916
8.165463083,0.192360807323982,0.253641458683787,0.934743559204951,0.157853757533,-152.591232530667,26.0842672882,-167.295441376647
8.175509083,0.192384922999757,0.253534339241563,0.934765243914312,0.157868042990144,-152.605339444324,26.0859803314372,-167.291162714092
8.185555083,0.192413686591717,0.25348370646107,0.934775406525012,0.157854119765503,-152.611477493802,26.0881901848879,-167.292090736494
8.195601083,0.192440459695686,0.253482291143173,0.934774782846768,0.157827446607676,-152.610979892183,26.0904769177578,-167.295964331898
8.205647083,0.192466549874139,0.253513049939227,0.934765448680316,0.157801510270165,-152.606386652119,26.093139985513,-167.300673448974
8.215694083,0.192491461943304,0.253555457435949,0.934753888717532,0.157771463233466,-152.600192407148,26.0957091775589,-167.306195896217
8.225740083,0.19251630177176,0.253602508944605,0.934741122083589,0.157741166773421,-152.593397025002,26.0983251721598,-167.311883395962
8.235786083,0.192537956077122,0.253645265421994,0.934729064278438,0.157717440988012,-152.587321842553,26.1007044729548,-167.316565506248
8.245832083,0.192559255635142,0.253676566185352,0.934718266697294,0.157705087869906,-152.583014119539,26.1032097720212,-167.319517285584
8.255878083,0.192568512259413,0.253692371442962,0.934712384832772,0.157703222535479,-152.580953682118,26.104427025433,-167.320437707478
8.265925083,0.192573786167878,0.253692918049538,0.93471105574301,0.157703780817922,-152.580904733515,26.1050524965046,-167.320516685215
8.275971083,0.192573341747825,0.253678960760143,0.934714030209331,0.157709145725794,-152.5828323158,26.1049653708386,-167.319442713156
8.286017083,0.192570381888161,0.253658895205776,0.93471824122798,0.157720076141579,-152.585686571585,26.1046657925544,-167.317448891036
8.296063083,0.192569067934388,0.253637333828689,0.934723414201495,0.157725698307712,-152.588592474146,26.1043841997105,-167.316099163628
8.306109083,0.19256850914426,0.253606169775438,0.934730618111412,0.157733799494109,-152.592793409414,26.1041295026675,-167.314184651101
8.316156083,0.192560435842326,0.253567130964993,0.934740970930093,0.157745066189288,-152.598076987666,26.1029997047311,-167.311467068214
8.326202083,0.192558096845672,0.253524657278017,0.934751169965765,0.157755753425572,-152.60379097046,26.1024620999937,-167.30886188515
8.336248083,0.192558276010871,0.253483113496517,0.934761246873289,0.157762583826862,-152.60928606423,26.1021157116442,-167.306816601163
8.346294083,0.192557466515587,0.253440629171509,0.934772923042891,0.15776264424793,-152.614719661734,26.1014527401838,-167.305544536322
8.356340083,0.192558911703926,0.253407053622598,0.934781334020538,0.15776497794028,-152.619077220216,26.1012313375165,-167.304312292907
8.366387083,0.192562739394636,0.253382153430375,0.934787327787024,0.157764785451681,-152.622260831887,26.101327689308,-167.303701199098
8.376433083,0.192573293430926,0.253376590632318,0.934788751939695,0.157752398472218,-152.622654450785,26.1021091260042,-167.305309834603
8.386479083,0.192594752520224,0.25339260980957,0.934783946876495,0.157728942358628,-152.620005878669,26.1041148201143,-167.309170467119
8.396525083,0.192624834176172,0.253434224600091,0.934773226895147,0.157688875130704,-152.61365088307,26.1069814900866,-167.316020052607
8.406571083,0.192662041371495,0.253493190619889,0.934759027073005,0.157632805689193,-152.604657572644,26.1104435812303,-167.325506181554
8.416618083,0.192720481039501,0.253565770849722,0.934737893427752,0.157569942030637,-152.593764729872,26.1163210475507,-167.336747761092
8.426664083,0.192798902855936,0.253660901507943,0.934706263646498,0.157508510258109,-152.580045610468,26.124822545196,-167.34897457947
8.436710083,0.192885922408665,0.2537786879225,0.934665931478534,0.157451564064182,-152.563553668783,26.1347346192635,-167.361536403143
8.446756083,0.192986002182634,0.253918364921531,0.934615940868213,0.157400476467406,-152.544426603105,26.1465949013211,-167.374356218993
8.456802083,0.193100399447845,0.254085681171901,0.934555455549223,0.157349302062888,-152.521769138139,26.1604552691605,-167.388361381746
8.466849083,0.193229347830023,0.25427361956547,0.934488204306084,0.157286812997941,-152.496176374502,26.1759294968639,-167.404723306938
8.476895583,0.193364521252677,0.254457245406152,0.934420783876762,0.157224269246748,-152.471130037205,26.1920508509845,-167.42113013152
8.486941583,0.193500613488326,0.254628043872596,0.934353963422734,0.157177424872293,-152.448136675741,26.2085467371783,-167.435277733768
8.496987583,0.19364114754036,0.254782384777421,0.934289103800455,0.157139787788217,-152.427491875819,26.2255885381031,-167.447937869792
8.507033583,0.193782136421937,0.254929967506973,0.934225604448389,0.157104154189781,-152.407758090891,26.2426465942842,-167.460174050121
8.517080583,0.193952599612437,0.255091886835916,0.934150096964841,0.157079962804451,-152.38651017968,26.2635849154995,-167.472187407302
8.527126583,0.194093484464059,0.255245933570505,0.934083639590776,0.157050905547121,-152.366106963698,26.2808994503416,-167.483827360483
8.537172583,0.194175161817505,0.255383571582394,0.934033560636831,0.157024028425746,-152.347812274657,26.291292971342,-167.493232560667
8.547218583,0.194237583095445,0.255510461684859,0.933989091614082,0.157004910842724,-152.33108492269,26.2995635667673,-167.500892148564
8.557264583,0.194289736832211,0.255629002538306,0.933947048207258,0.156997523445086,-152.315732317449,26.3068836143526,-167.506617997956
8.567311583,0.194336745228545,0.255733699003934,0.933908399330859,0.156998746195676,-152.302379595458,26.3136770159563,-167.510756229388
8.577357583,0.194373129497828,0.255805490186049,0.933880033942521,0.157005477367546,-152.29338370421,26.3189771881869,-167.512981172065
8.587403583,0.194396807021188,0.255843809390269,0.933861277576949,0.157025287323386,-152.289020408491,26.3227550842887,-167.512298993303
8.597449583,0.194403849042301,0.25586289481024,0.93385061106482,0.157048905601803,-152.287213441497,26.3244864918729,-167.51016219492
8.607495583,0.194407136022785,0.255874782271448,0.933844466365859,0.157062006541433,-152.286043948938,26.3253934745167,-167.50899984282
8.617542583,0.194401613822487,0.255879022282208,0.933842592696461,0.157073073965799,-152.285794057635,26.3251347997535,-167.507636232788
8.627588583,0.194381585822993,0.255880950745321,0.933842782371665,0.157093589783147,-152.286084330955,26.3234582272344,-167.504685304815
8.637634583,0.194352857242797,0.255884280774597,0.933842487409678,0.157125460834757,-152.286493853843,26.3211305223565,-167.500171318914
8.647680583,0.194316319452251,0.255887717452695,0.933843032665212,0.157161809591328,-152.287004215765,26.318040084368,-167.494917249369
8.657726583,0.194279411542303,0.255882920205321,0.933845588336757,0.157200058975655,-152.288620366095,26.3148522051378,-167.489178288658
8.667773583,0.194248137014878,0.255870432235643,0.933850693617379,0.157228703499505,-152.29096788771,26.3119314053431,-167.484525353583
8.677819583,0.194225763544039,0.255853227344394,0.933857128349239,0.157246121301945,-152.293624598483,26.3096441337142,-167.481326788371
8.687865583,0.194213660298836,0.255827781302182,0.93386536119581,0.157253577466302,-152.297077369968,26.3081360178531,-167.479358425481
8.697911583,0.194213617602068,0.255799426089684,0.933873928993945,0.157248876293343,-152.300585292131,26.3076199095572,-167.479091012572
8.707957583,0.194223059107518,0.255771221849405,0.93388270753739,0.15723095734369,-152.303725843437,26.3078121597455,-167.48067935525
8.718004583,0.194238355882509,0.2557522486199,0.933888286304553,0.157209787014264,-152.305600244005,26.3087033367069,-167.483085290048
8.728050583,0.194259692898997,0.255741923611675,0.933890664090957,0.157186092724324,-152.3063027976,26.3103275225235,-167.48620754099
8.738096583,0.194280814236892,0.255736639706,0.933891534575593,0.15716341170698,-152.306386178665,26.3120230295566,-167.489350095054
8.748142583,0.194300047557937,0.255730805276674,0.93389133918711,0.157150289031972,-152.306795406217,26.3137681402948,-167.491263043047
8.758188583,0.194316328854242,0.255718487513961,0.933892413567134,0.15714381746011,-152.308212103637,26.3152795922755,-167.492098306519
8.768235583,0.194330546118893,0.255703512103272,0.933893958530622,0.157141423447764,-152.310077487905,26.3166362592781,-167.492305430241
8.778281583,0.194340279510619,0.255689976742572,0.933895480578337,0.157142365097621,-152.311844689673,26.3175950163347,-167.492035213222
8.788327583,0.194344223739264,0.255675027767174,0.933898628650598,0.157143101280232,-152.313783374483,26.3178678851104,-167.491602079813
8.798373583,0.194347435664624,0.255658590323409,0.93390211476245,0.157145154193998,-152.315947689787,26.3180748554035,-167.490945773331
8.808419583,0.19434519512876,0.2556449940281,0.93390414409834,0.15715798355376,-152.318033462941,26.3180039179738,-167.488921776384
8.818466583,0.194336672266792,0.255633002302995,0.933906193949064,0.157175846902123,-152.320044228887,26.3173801349871,-167.486172915967
8.828512583,0.194326817004498,0.255625697405048,0.933906535115167,0.157197883854288,-152.321565399318,26.316785346465,-167.483020303244
8.838558583,0.194318315922661,0.255615396369121,0.933905583342505,0.157230794177648,-152.32376370567,26.316615179543,-167.478486954567
8.848604583,0.194308703343246,0.25560082235688,0.933905563362309,0.157266481287274,-152.326583390019,26.3163401992616,-167.473460351897
8.858650583,0.194304080891964,0.255583705718343,0.933904214403821,0.157308015812259,-152.329889802472,26.3167677812869,-167.46777101143
8.868697583,0.194288853239476,0.255559506830956,0.933904108546837,0.157366756383125,-152.334558131191,26.3163795653313,-167.459506038833
8.878743583,0.194259086656438,0.25552796982414,0.93390636400043,0.157441313410605,-152.340580324733,26.3146828123702,-167.448728500927
8.888789583,0.194222695445173,0.255488113118627,0.933910608674786,0.157525691980024,-152.347926652693,26.3123972058372,-167.436340215232
8.898835583,0.19417712516455,0.255455763252718,0.933915178018036,0.15760722493383,-152.354225962052,26.3090812757224,-167.424290916707
8.908881583,0.194122847792339,0.255431931888854,0.933921522112177,0.157675104795254,-152.359058298377,26.3044951996805,-167.413940898169
8.918928583,0.194071832946988,0.255422483370841,0.933927034348133,0.157720554015546,-152.361446621951,26.2998353088945,-167.406835221103
8.928974583,0.194024007951026,0.255420916045881,0.933930562222586,0.15776103743164,-152.362693644903,26.2955038011111,-167.400649019466
8.939020583,0.193977603380514,0.255424568864063,0.933932225910681,0.157802333356892,-152.363294205319,26.291427543839,-167.39455411901
8.949066583,0.193937471176487,0.255433493956582,0.933931543276854,0.157841249080576,-152.363160285349,26.2880706511635,-167.389063261503
8.959112583,0.193906962852454,0.255446573511873,0.933928500062809,0.15787556685191,-152.362378775266,26.2857378979184,-167.384497942229
8.969159583,0.193878057310336,0.255460650432554,0.933926383236966,0.157900809586483,-152.36122707306,26.2833434296863,-167.381109253916
8.979205583,0.193853070696871,0.255475722791182,0.933923463466731,0.157924369341857,-152.359906002384,26.2813621196935,-167.378053711553
8.989251583,0.193835604330432,0.255483870011915,0.933919194447152,0.157957870651559,-152.359745601776,26.2804299263103,-167.373769859309
8.999297583,0.193830673612408,0.255474993962867,0.933915332549911,0.158001104600004,-152.362038631384,26.2809781578725,-167.368110609458
9.009343583,0.193835830069011,0.255456950225581,0.93391120787823,0.158048326034566,-152.365622485653,26.2826687732331,-167.361947197291
9.019390583,0.193849353871576,0.25542681758992,0.933908439742009,0.158096790094246,-152.370796415504,26.2851878196315,-167.355484591896
9.029436583,0.193867877616459,0.255385989442191,0.933907747718573,0.158144115212499,-152.377315045844,26.2881014251631,-167.348969680669
9.039482583,0.193879753841173,0.255342604705933,0.933909078659149,0.158191744634466,-152.384163520129,26.2902294942042,-167.342174774034
9.049528583,0.193886629689342,0.255292930021493,0.933913411169826,0.15823790679192,-152.391773925917,26.2916594889757,-167.335247061564
9.059574583,0.193890182094603,0.255244650445024,0.933919661738064,0.158274543517202,-152.398946671873,26.2924572071209,-167.329439032937
9.069620583,0.193890304905372,0.25520700006001,0.933928490833094,0.158283008545742,-152.403997625464,26.2922051323983,-167.327296033183
9.079667583,0.193889951010838,0.25518832041854,0.933937584253307,0.158259902496107,-152.405769665573,26.2912566956601,-167.329553553301
9.089713583,0.193884922787097,0.255185335309198,0.933944395364421,0.158230678840607,-152.405362266182,26.2898117306044,-167.3329043627
9.099759583,0.193878254157765,0.255184909564006,0.933952090134658,0.158194114393205,-152.404428336655,26.2880052098822,-167.337185178652
9.109805583,0.193871396980066,0.255182552637582,0.933961539144756,0.15815052848702,-152.403553195136,26.2859516324641,-167.342260580374
9.119851583,0.193864711351275,0.255180637780625,0.933971076386694,0.158105484622263,-152.402582598846,26.2838821482193,-167.347531055677
9.129898583,0.193867922746903,0.25517922237326,0.933976913354117,0.158069346554907,-152.401796655121,26.2832029273625,-167.351977867642
9.139944583,0.193874885060559,0.255174691498819,0.933983072523384,0.158031724666337,-152.401373533181,26.2828681315766,-167.356607551331
9.149990583,0.193881631361088,0.255173791359665,0.93398750540442,0.157998699274159,-152.400608487601,26.2826880454815,-167.360778450513
9.160036583,0.193896712774463,0.255166693644647,0.933991102106474,0.157970390946057,-152.40077177461,26.2835109096837,-167.364399706549
9.170082583,0.193924497116916,0.255160761641926,0.933992541518308,0.157937353163955,-152.400670397921,26.2856660303665,-167.368950822137
9.180129583,0.193940237467114,0.255155073083653,0.933996686576924,0.157902699261927,-152.400483130516,26.2864028038119,-167.373404346675
9.190175583,0.193961379277349,0.255166386653906,0.933999325564361,0.15784282788944,-152.397445340421,26.287267750618,-167.381572075774
9.200221583,0.193986662238521,0.255191362324743,0.934002714008253,0.157751303302439,-152.391810687717,26.28788858778,-167.394108708803
9.210267583,0.194021160589266,0.255235703363913,0.934002313188869,0.157639474528953,-152.383157318612,26.2892428596398,-167.409926036254
9.220313583,0.194061452377029,0.255306347202309,0.933999183887558,0.157493956318673,-152.370233201098,26.2906500533356,-167.430776226704
9.230360583,0.194090652889757,0.255386771232134,0.933997675901797,0.157336445080263,-152.355723507257,26.2905759962918,-167.453099722038
9.240406583,0.194136525263958,0.255484639697868,0.933988234847228,0.157176924527257,-152.338936480046,26.2925769275674,-167.476604102053
9.250452583,0.194194292997967,0.255589950851618,0.933973480876675,0.157021943083743,-152.321323934125,26.2961596353527,-167.500076086537
9.260498583,0.194246403533434,0.255691177424316,0.933959107985366,0.156878109093885,-152.304526933562,26.299354596476,-167.52192668793
9.270544583,0.194299615674773,0.255792452969709,0.933940846273663,0.156755784626943,-152.288299041316,26.3032849369624,-167.541185304887
9.280591583,0.194339983449466,0.255885488518286,0.933923831780608,0.156655239398004,-152.273701104306,26.3062569833382,-167.557221016597
9.290637583,0.194365556141506,0.255971407753095,0.933908675341095,0.156573481539321,-152.260508835807,26.3079787469976,-167.570381682971
9.300683583,0.194400247170442,0.256051644929939,0.933892540784468,0.156495435383509,-152.248148929701,26.3107707362532,-167.58315314373
9.310729583,0.194437728388957,0.256125269493726,0.933877618822954,0.156417419641412,-152.236637771593,26.3137930655145,-167.59579661321
9.320775583,0.194459718320982,0.256189673139888,0.93386739787815,0.156345618765905,-152.226465720905,26.3151005446547,-167.60701681521
9.330822583,0.194470646383167,0.256242526337959,0.933860965578799,0.156283819890247,-152.218036465978,26.3152772617911,-167.616394706774
9.340868583,0.194486398538367,0.256283362832854,0.933852741921874,0.156246392354054,-152.211804416095,26.3165430059326,-167.622567946673
9.350914583,0.194503930902087,0.256313425930185,0.933844809681309,0.15622266155346,-152.207321983623,26.3182617827244,-167.626797540455
9.360960583,0.194522318589709,0.256339768995457,0.933839131222339,0.156190484344427,-152.203089931826,26.3197874399293,-167.631968476093
9.371006583,0.194533671474984,0.256354917516661,0.933835480737668,0.156173307075622,-152.200692175246,26.3207915634044,-167.63480023228
9.381053583,0.194539275562355,0.256355746803328,0.933833711092358,0.156175546652015,-152.200648794268,26.3215065656929,-167.63469428125
9.391099583,0.194540860927459,0.256342217286357,0.933834584651489,0.156190555332574,-152.202787327943,26.3219393006053,-167.6325037741
9.401145583,0.194542667386767,0.256321571787259,0.933835950436647,0.156214020096258,-152.206065453195,26.3225456213589,-167.629076990296
9.411191583,0.19454060277754,0.256297719359983,0.933839453262451,0.156234786306728,-152.209680328153,26.3225903277582,-167.625785682718
9.421237583,0.194538492117647,0.25627330452854,0.933843938234175,0.156250655979105,-152.213235774955,26.3224821697134,-167.623073476483
9.431284583,0.19453238873433,0.256249852052106,0.933849644661921,0.15626261299938,-152.216560628001,26.3218186413269,-167.620765400016
9.441330583,0.194525096045889,0.256227300458424,0.933857082101389,0.156264224047624,-152.219491457468,26.3207351833315,-167.619715207459
9.451376583,0.194521809018189,0.256211164078977,0.933863386976491,0.156257094822548,-152.221367157432,26.3199436535057,-167.620022537173
9.461422583,0.194518823687645,0.256202190510865,0.933868286302101,0.156246243627762,-152.222224714339,26.3191743919723,-167.621003637083
9.47146825,0.194518622798056,0.25620208068301,0.933871957152619,0.156224731980506,-152.221661092664,26.3185349117303,-167.623617837869
9.48151425,0.194520321032001,0.256211087383523,0.933875193574546,0.156188495842247,-152.219534319261,26.3178111223313,-167.628345558236
9.49156125,0.194538055117076,0.256228613652711,0.933876071743869,0.156132396641806,-152.215790216874,26.318462538652,-167.636154652618
9.50160725,0.194578177898489,0.256263719817368,0.933873145494279,0.156042259390493,-152.20888904228,26.3209277198294,-167.649203581326
9.51165325,0.194624346082552,0.256307258799972,0.933868432754106,0.15594134571618,-152.200618972456,26.3238844568536,-167.663970584628
9.52169925,0.194673633519427,0.256351713188692,0.933862549958971,0.155841949877738,-152.192272198169,26.327251384473,-167.678659874805
9.53174525,0.1947261266883,0.256406574186398,0.933852584697401,0.155745800434396,-152.182677825733,26.3312119818097,-167.693344698197
9.54179225,0.194782788189021,0.256464566170968,0.93383984705367,0.155655811901858,-152.172847157371,26.3358642380151,-167.707478828891
9.55183825,0.194825468263972,0.256510041681241,0.933831763559064,0.155575939015586,-152.164886128019,26.339044455335,-167.719653099372
9.56188425,0.194843672384768,0.256550689720285,0.933826950525014,0.155514994160744,-152.158042581581,26.3399075812573,-167.728752969125
9.57193025,0.194875964668949,0.256591301852412,0.933818881315944,0.155455971599258,-152.151259830576,26.342433497751,-167.737977288175
9.58197625,0.194905820014955,0.256631352441265,0.933810909254209,0.155400308964601,-152.144637771057,26.3447693205021,-167.746713636191
9.59202325,0.194910185042104,0.256663382728002,0.933808641601498,0.155355555432812,-152.13932860937,26.3444016937093,-167.753231212188
9.60206925,0.194907940818964,0.256696849463574,0.933804898585169,0.155325572458396,-152.134229822459,26.3437210957467,-167.757822105781
9.61211525,0.19493402522935,0.256734751920562,0.933793906876562,0.155296273118118,-152.128589190776,26.3463527353655,-167.763185586259
9.62216125,0.194963274363541,0.256774366104238,0.933782103459291,0.155265030899925,-152.122677235745,26.3493119297875,-167.768918053335
9.63220725,0.194974933852723,0.256816696269301,0.933772292685133,0.155239379991028,-152.11656146878,26.3504576377943,-167.773600096804
9.64225425,0.194992849240661,0.256863761663162,0.933758000826073,0.155224974094231,-152.110141845909,26.3527016915396,-167.777212527491
9.65230025,0.19500976098578,0.256900992008587,0.933746124083207,0.155213559925869,-152.105063688801,26.3547890077407,-167.780142742411
9.66234625,0.195021730106126,0.256935595968426,0.933737289012122,0.155194392356995,-152.100112577247,26.3560549666196,-167.783813585261
9.67239225,0.19503641901262,0.256972758219925,0.933726680622101,0.155178228775855,-152.094914468663,26.3577507746497,-167.787264146749
9.68243825,0.195039551547414,0.257000739606207,0.933719513763972,0.15517107588213,-152.091133194665,26.3582662762001,-167.789047721878
9.69248525,0.195044307394121,0.257017187723066,0.933715223628887,0.155163670141345,-152.08882516471,26.3588101476646,-167.790561006861
9.70253125,0.195052034406956,0.257024806987419,0.933712648231569,0.155156833556171,-152.087665856202,26.3595950693224,-167.791818713573
9.71257725,0.195064411905576,0.257025677617442,0.933710459541293,0.155153001893015,-152.087454252103,26.3609098169475,-167.792628818739
9.72262325,0.195078847090954,0.257022635737232,0.933708217262613,0.155153385888367,-152.087858391203,26.3625298908092,-167.792861567951
9.73266925,0.19508345498966,0.257021164626554,0.933705997767704,0.155163385680782,-152.088317002718,26.3633242765457,-167.791717129879
9.74271625,0.195066235129906,0.257028590183237,0.933705376739383,0.155176471117981,-152.0877116837,26.361829995437,-167.789901640735
9.75276225,0.195088834148455,0.257037360277384,0.933697960371079,0.155178158937134,-152.08663741785,26.3645731316207,-167.790535792415
9.76280825,0.19507532701776,0.257065359984513,0.93369018827866,0.155195521188941,-152.083508240315,26.3638927938929,-167.788905733942
9.77285425,0.195064036356218,0.257104644650179,0.933682879628684,0.155188606888569,-152.078279284916,26.3629146005712,-167.790626759777
9.78290025,0.1950835162672,0.257136577225169,0.933670384017193,0.155186392260848,-152.074127306384,26.3654899333251,-167.792345424694
9.79294625,0.19508567424901,0.257158780337933,0.933659439859436,0.155212730661116,-152.07198681397,26.3667814998615,-167.789850681492
9.80299325,0.195076591602301,0.257179805725789,0.933655106418136,0.155215376799507,-152.069357999178,26.3660932242871,-167.789920306
9.81303925,0.195083547695085,0.25719346287221,0.933648865294982,0.155221546210226,-152.067773098055,26.3672421939907,-167.789752823651
9.82308525,0.195085461613605,0.257209575522285,0.933638609193691,0.15525412828496,-152.066581797298,26.368606554027,-167.786309804495
9.83313125,0.195095172415372,0.257221133790457,0.933630837797076,0.155269510033675,-152.065514478108,26.3703077730783,-167.78502778409
9.84317725,0.195115779411366,0.257215089793488,0.933625138278862,0.155287898372663,-152.066789273726,26.3731112062153,-167.783135341134
9.85322425,0.195134064144864,0.257194003549166,0.933620068572074,0.155330322564961,-152.070640056264,26.3761449466676,-167.777806081486
9.86327025,0.195150996976949,0.257174124065852,0.933616568154487,0.15536300060601,-152.074073893471,26.3787596252181,-167.773665690152
9.87331625,0.195168802069026,0.257165027303663,0.933611063693437,0.155388767869679,-152.075938688339,26.3814153189695,-167.770710563511
9.88336225,0.195185949687594,0.257149762285157,0.93360528338682,0.155427216514532,-152.078936117936,26.384280094968,-167.76600901102
9.89340825,0.19520024441389,0.257128678668802,0.933602533571217,0.155460658998337,-152.082545034363,26.3865993550524,-167.761671214141
9.90345525,0.195209286025112,0.257113740638082,0.933599481549396,0.155492337674107,-152.085316662394,26.3883477907495,-167.757596492017
9.91350125,0.195218653591811,0.257093556995592,0.93359648935226,0.155531910906705,-152.088974091789,26.3902918222535,-167.752411409435
9.92354725,0.19522105718586,0.257058999894648,0.933597757599845,0.155578393130088,-152.094660087581,26.3914515141241,-167.745777724735
9.93359325,0.195208659238438,0.257046438416637,0.933596805793886,0.155620410188081,-152.097399131749,26.3910786857008,-167.739963973076
9.94363925,0.195215730623429,0.25702321652248,0.933594611212241,0.155663054708121,-152.101528827819,26.3928082564607,-167.734254686983
9.95368625,0.195236180525979,0.257005244288074,0.933588798159938,0.155701940168828,-152.104888047363,26.3960260325255,-167.729501959791
9.96373225,0.19525329825848,0.25699694351438,0.933583544963819,0.155725672630562,-152.106597488257,26.3985541881164,-167.726799130985
9.97377825,0.195251952983591,0.256984676129281,0.933581609332504,0.155759204565749,-152.109074082659,26.399203186568,-167.722311036527
9.98382425,0.195234199111898,0.256951697002996,0.933585659273423,0.155811583983426,-152.114710550352,26.3982485797732,-167.714488744561
9.99387025,0.195247821215377,0.256922708824759,0.933582375116525,0.155861986618236,-152.119792101063,26.4008723664792,-167.707828204583
10.00391725,0.195243523221023,0.256895545391495,0.93358523034199,0.155895038681612,-152.124166305287,26.4009749845272,-167.702879490379
10.01396325,0.195211495610968,0.256863509896742,0.933593504783514,0.155938375940274,-152.129432682232,26.3981415682836,-167.695823372016
10.02400925,0.195220372213546,0.256845266472707,0.933590706127635,0.155974064496225,-152.132737890104,26.3999406019202,-167.691155144576
10.03405525,0.195208502061793,0.25681921291091,0.933594003781538,0.156012078717544,-152.137100280257,26.3993343229285,-167.685441082518
10.04410125,0.195172674520584,0.256796164735283,0.933602082875744,0.156046492263698,-152.140970705349,26.395927512149,-167.679644294695
10.05414725,0.195187764523214,0.256771709687559,0.933601774238755,0.156069705012877,-152.144739440984,26.3979964073693,-167.676470863833
10.06419425,0.195150988624433,0.256764669808131,0.93360705780639,0.156095668073539,-152.146327399638,26.3944482532482,-167.672157155794
10.07424025,0.19515889028097,0.256764850106947,0.933603142497865,0.156108909457368,-152.146663995311,26.3957327792046,-167.670749334818
10.08428625,0.195184698912916,0.256758829677158,0.933597142561286,0.156122426622485,-152.147810794843,26.3989892183441,-167.669580043667
10.09433225,0.195175690691924,0.256775901201842,0.93359312899295,0.156129612252338,-152.145810350401,26.3983901053154,-167.668982057075
10.10437825,0.195164903439896,0.256805901422039,0.933589607297725,0.156114812256203,-152.141558245074,26.3971267838649,-167.671404490734
10.11442525,0.19515819610109,0.25683129466705,0.933586087022303,0.156102474972691,-152.137965231945,26.3963395990508,-167.67349348943
10.12447125,0.195158068815543,0.256847955245781,0.933580877303521,0.156106379099118,-152.135932635551,26.3966553260466,-167.673509948073
10.13451725,0.195167166416412,0.256874881011687,0.933573666090354,0.15609382640206,-152.132143296598,26.3976870545953,-167.676074162595
10.14456325,0.195172371274328,0.256898832413175,0.933569199662074,0.156074613048432,-152.128554643743,26.3980440046088,-167.679262778313
10.15460925,0.195181644184371,0.256909013571067,0.933565056505729,0.156071040846411,-152.127155578147,26.3991339240515,-167.680238150015
10.16465625,0.195198294797206,0.256913154866708,0.93356119465958,0.156066499898201,-152.126508151665,26.4009595759854,-167.681340299346
10.17470225,0.195205253802276,0.256920427327282,0.933559167374061,0.156057950524173,-152.125347317783,26.4016042911949,-167.682777014037
10.18474825,0.195209855766795,0.256924285031261,0.933557054467193,0.156058482714721,-152.124868353327,26.4021956741378,-167.682944468616
10.19479425,0.195222224177524,0.256913693165593,0.933556242658369,0.156065304423451,-152.126415813545,26.4036653828107,-167.68211313026
10.20484025,0.195223973972019,0.256911906757528,0.933557116527148,0.156060828955575,-152.126525141779,26.4037134277852,-167.682650393552
10.21488725,0.195217000129857,0.25690810719199,0.93356157403808,0.156049142256118,-152.126695319975,26.4025318441331,-167.683784340513
10.22493325,0.195231622725345,0.256896952583239,0.933560621866041,0.156054908742292,-152.128287402984,26.404221374012,-167.683122457912
10.23497925,0.195248518200049,0.256895062090911,0.933557463062303,0.156055779690051,-152.128559718977,26.4061513276265,-167.683391361261
10.24502525,0.195240939922133,0.256888216592151,0.933561179523296,0.156054297093988,-152.129395374729,26.4051536155962,-167.683174861264
10.25507125,0.195229948287133,0.256876773323325,0.933565847729773,0.156058958638685,-152.130985217076,26.4038821217168,-167.681985101209
10.26511725,0.19522107466673,0.256863672304053,0.933570940932093,0.156061155011774,-152.13272211524,26.4027600905138,-167.681100730696
10.27516425,0.195215488270455,0.256846603230948,0.933576126416233,0.156065216283815,-152.135019602694,26.4020150279218,-167.679954777104
10.28521025,0.195206056183699,0.256835455866818,0.933581497301004,0.156063231211283,-152.136392897175,26.4007348210023,-167.679624304705
10.29525625,0.195202236137577,0.256840499311895,0.933581248848474,0.156061195428682,-152.135689475883,26.4003061652767,-167.679925177135
10.30530225,0.195197876635418,0.256840146183753,0.933581459182395,0.156065971102617,-152.135861748505,26.3999406053994,-167.679221026831
10.31534825,0.195198253619846,0.256840755365823,0.933579684161495,0.156075114889594,-152.136029999879,26.4002539192615,-167.67813373359
10.32539525,0.195205463709651,0.256858148342424,0.933571776851393,0.156084771949524,-152.13406112631,26.4015822314077,-167.677657813697
10.33544125,0.195198454992135,0.256876756666041,0.93356803946581,0.156085267534715,-152.131684101658,26.4010396729379,-167.677972366176
10.34548725,0.1951942876874,0.256892945419744,0.933564524896939,0.156084856734181,-152.129594211427,26.4007639494723,-167.678397939641
10.35553325,0.19518108805287,0.256918014625168,0.933560223813248,0.156085826202505,-152.126398588162,26.3996125198712,-167.678688887858
10.36557925,0.195156851612215,0.256945947034267,0.933557682530856,0.156085351519892,-152.122792540852,26.3971966259224,-167.678959224963
10.37562625,0.195144995417917,0.256973808231774,0.933552247965706,0.156086812269253,-152.119252447522,26.3962493216847,-167.679307461914
10.38567225,0.195147276300165,0.256989752211821,0.933546668859231,0.156091078773157,-152.11732234633,26.3968410819813,-167.679319967111
10.39571825,0.195156126936201,0.257006045448131,0.933540551319835,0.156089774693392,-152.115199863056,26.3980278538011,-167.680189983979
10.40576425,0.195158363023153,0.257033460515771,0.933532908980728,0.156087543921321,-152.111622801652,26.3985781952624,-167.681335084468
10.41581025,0.195159855825484,0.2570615872427,0.933524206843934,0.156091403590474,-152.10811809229,26.3992277941513,-167.681739760914
10.42585625,0.195170285365913,0.257088123576229,0.933513855284666,0.156096567604168,-152.104855787143,26.400914676935,-167.682166503209
10.43590325,0.195173190324231,0.257109933824307,0.933506575851333,0.156100546282968,-152.102165227131,26.4016462768963,-167.682404851636
10.44594925,0.195170571813154,0.257124099574171,0.933503180039104,0.15610079491527,-152.100353174008,26.4015398412275,-167.682729290964
10.45599525,0.195179974831491,0.257130501488365,0.933498924992115,0.156103938668076,-152.099619691483,26.4027878492351,-167.682776916844
10.46604125,0.195193738517777,0.257131751658388,0.933494146587465,0.156113244215484,-152.099714814296,26.4046434030062,-167.682031300261
10.47608746,0.195202444138975,0.257136466779641,0.93349042686045,0.156116835140056,-152.099209572667,26.4058025327972,-167.681956369889
10.48613446,0.195210737219589,0.257143804560918,0.933487555054782,0.156111551167637,-152.098128570859,26.4066939853051,-167.683031204053
10.49618046,0.195217300374261,0.257150730412073,0.933485364748351,0.156105032858526,-152.097066541027,26.4073470047453,-167.684200081495
10.50622646,0.19522294077755,0.257160955318405,0.933482675089924,0.156097218940153,-152.09554589201,26.4079005937347,-167.685601608299
10.51627246,0.195229078043888,0.257181304457603,0.933477487744681,0.156087038531386,-152.092662375192,26.4085754329423,-167.687605922253
10.52631846,0.195234373180121,0.25720393731563,0.93347183332411,0.156076937914696,-152.089487578407,26.4091862001078,-167.689647020753
10.53636546,0.19524017451914,0.257225876176264,0.933464226379155,0.156079021490574,-152.086730151857,26.4101957193974,-167.690194724798
10.54641146,0.195299965410312,0.257255105543327,0.933439901814273,0.156101517877255,-152.083605152576,26.4180532671001,-167.689851918782
10.55645746,0.195327143120658,0.257288365266376,0.93342416954601,0.156106771045392,-152.079487004762,26.4217434157254,-167.690897789331
10.56650346,0.195313577944681,0.257314915439264,0.933420142951528,0.156104059188993,-152.076001767505,26.4204636352154,-167.691672423941
10.57654946,0.19529756154822,0.257331235798063,0.933416752010008,0.15611747052476,-152.074263176381,26.4192335424049,-167.690113308068
10.58659646,0.195282379879912,0.257345651826383,0.933413195166314,0.156133963902493,-152.072852280788,26.4181625244019,-167.688142964177
10.59664246,0.195256463305101,0.257360916138337,0.933411071434672,0.156153911591091,-152.071421923786,26.4159760074083,-167.685501854844
10.60668846,0.195234234158039,0.257371772375394,0.933408978658932,0.156176320727445,-152.07062475606,26.4142237553572,-167.682523665635
10.61673446,0.195216030830254,0.257370543934164,0.933408579610491,0.156203482456182,-152.071507856684,26.4129096884529,-167.67870905808
10.62678046,0.195197627834096,0.257357919716085,0.933411596694938,0.156229249510957,-152.073815723116,26.4113833860567,-167.674720057433
10.63682646,0.195175778868046,0.257341045686935,0.933415895879616,0.156258653735596,-152.076765544893,26.4095122804431,-167.670072929025
10.64687346,0.195154383224252,0.25732202167731,0.933419891953658,0.156292831484639,-152.080119751164,26.4078017882555,-167.664791467146
10.65691946,0.195138897650061,0.257298400711573,0.933424813544025,0.156321659009521,-152.083921744208,26.4065519713588,-167.660176849383
10.66696546,0.195127936257014,0.257277903895622,0.93342827519358,0.156348404943233,-152.087268289555,26.4057997932774,-167.656024875455
10.67701146,0.195122631421042,0.257266918234088,0.933429954036427,0.156363078753323,-152.089071231301,26.4054714219919,-167.653772832052
10.68705746,0.195118055627052,0.25726534106095,0.933429377377555,0.156374825677478,-152.089588223993,26.4052656652641,-167.652176461916
10.69710446,0.195108943987043,0.257268717053833,0.933427838162152,0.156389827500599,-152.089555459262,26.4047004347783,-167.650214710785
10.70715046,0.195107274304092,0.257270853215066,0.933424938649498,0.156405701644155,-152.089708193875,26.4049938989389,-167.648299897178
10.71719646,0.195113061237097,0.257274982917247,0.933421117431433,0.156414494317742,-152.089417325473,26.4059616521819,-167.647498552735
10.72724246,0.195116090899539,0.257286989981393,0.933415551434411,0.15642418035199,-152.08813853958,26.4067436383102,-167.646752331323
10.73728846,0.195119935225242,0.257305675574173,0.93340815515298,0.156432784571925,-152.085973866915,26.4076753064392,-167.646357723903
10.74733546,0.195122628733075,0.257316533398974,0.933404989048478,0.156430456801863,-152.084518820551,26.4080586098296,-167.647033739425
10.75738146,0.195128355214131,0.257321703575167,0.933402635961324,0.1564288497722,-152.083814269742,26.408734304235,-167.647530058567
10.76742746,0.195133916272242,0.257327058425401,0.933400139163909,0.156428002388265,-152.083106404128,26.409415360035,-167.647935024576
10.77747346,0.19513989039217,0.257334766591448,0.933398242175679,0.15641918867073,-152.081882086341,26.409945530745,-167.649392095664
10.78751946,0.195145074992036,0.257348547601354,0.933396087721832,0.156402903359895,-152.079676815254,26.4102504842436,-167.651920960501
10.79756546,0.19514968061153,0.257357265552925,0.933395626402408,0.156385564030684,-152.078092676216,26.4103924969439,-167.654412783751
10.80761246,0.19515953649197,0.257359884443005,0.933394993113385,0.156372734281222,-152.077414699424,26.4111836525722,-167.656307356627
10.81765846,0.195161393019079,0.257361280508766,0.933395546951541,0.156364813499632,-152.077022864323,26.4111863093772,-167.657362303631
10.82770446,0.195152326875449,0.257360778028746,0.933397312612499,0.156366416008369,-152.077127119826,26.4101903989161,-167.656920028525
10.83775046,0.195153043219944,0.257358882956125,0.933396635954951,0.156372680074084,-152.077539326346,26.410427400238,-167.65611806013
10.84779646,0.195164433596642,0.257354560820229,0.933394561420671,0.156377960704962,-152.078240551369,26.4118232888133,-167.65563673315
10.85784346,0.195162961984688,0.25734891754433,0.933395450044853,0.156383780308864,-152.079121011825,26.4117484421987,-167.654721359733
10.86788946,0.195142446562563,0.25734003860873,0.933400428975122,0.156394275047053,-152.080535402827,26.4095906174839,-167.652652519028
10.87793546,0.195135401241077,0.257321310489275,0.93340468673614,0.156408468855029,-152.083318478376,26.4089481006746,-167.650183833459
10.88798146,0.195131108762321,0.257303180501932,0.933407806441366,0.156425031791891,-152.086089621338,26.4086958149754,-167.647514472345
10.89802746,0.195115045142951,0.257288002808378,0.933412723000919,0.15644069582353,-152.08845298295,26.4071120664832,-167.644741787593
10.90807446,0.195094050591055,0.257280365292384,0.93341725287605,0.156452411589978,-152.089740276314,26.4049507198796,-167.64254914434
10.91812046,0.195071664929786,0.257277184801774,0.933419846334092,0.156470080819416,-152.090615248112,26.4028600928365,-167.639727737886
10.92816646,0.195054135838758,0.257275412300443,0.933419751338678,0.156495412484436,-152.091517715131,26.4015627376983,-167.636138041048
10.93821246,0.195038408874062,0.257277241075064,0.933419898534419,0.15651112838604,-152.091699752601,26.4002422472094,-167.633874201338
10.94825846,0.195017799068513,0.257282849591867,0.933422314235833,0.156513183594815,-152.091026849882,26.398021346622,-167.633263921205
10.95830446,0.194979572286638,0.257285388475875,0.93342933851595,0.156514744562338,-152.0907271419,26.3937340435519,-167.632172422639
10.96835146,0.194941781434738,0.257279995796589,0.933437569030824,0.156521597026682,-152.091587630374,26.3895443130436,-167.630210898251
10.97839746,0.194907719060762,0.257275689255076,0.93344447567694,0.156529906398294,-152.09234932209,26.3858365286338,-167.628199415313
10.98844346,0.194867154245482,0.257283469910478,0.933451188310589,0.156527592930581,-152.091271346196,26.3812399898371,-167.627676612391
10.99848946,0.194820631488838,0.25728337487068,0.933461977949637,0.156521315748991,-152.091094582146,26.3757456839912,-167.627250636522
11.00853546,0.194774251943155,0.257274548536085,0.933472544821621,0.156530525840122,-152.092454423381,26.3705978915357,-167.624680587806
11.01858246,0.194753774921185,0.257275112423761,0.933475657209087,0.156536516759995,-152.092534140097,26.3684390703814,-167.623443892079
11.02862846,0.19472974927309,0.257276087955563,0.933481868425381,0.15652776314565,-152.09216299746,26.3654568674698,-167.623926414498
11.03867446,0.194698004940993,0.257273839700609,0.933489660827427,0.156524475421567,-152.092348937591,26.3617078891268,-167.623449592893
11.04872046,0.194678875317349,0.257266044202881,0.933494129123139,0.156534433585734,-152.093608096499,26.3597069588322,-167.621515375127
11.05876646,0.194667175123228,0.257265591041983,0.933495945035443,0.156538899950608,-152.093781003518,26.3584932409925,-167.620658590226
11.06881346,0.194661678654902,0.257262389117591,0.933498830587368,0.156533789645497,-152.094051935907,26.3576766639306,-167.621046103628
11.07885946,0.194654347732316,0.257253388296647,0.933504009918375,0.156526811074383,-152.095015730939,26.3565206482023,-167.621442283562
11.08890546,0.194626365045483,0.257257233802117,0.933511603969806,0.156509996292204,-152.094057949312,26.3528928848615,-167.622891705643
11.09895146,0.194600796294132,0.257263434749145,0.933518725876139,0.1564891167505,-152.092690008725,26.3494549949171,-167.624968111968
11.10899746,0.194588278165587,0.257260819749259,0.933522418828548,0.156486952066261,-152.092961659052,26.3479289895484,-167.624834607738
11.11904346,0.194583664483329,0.257261499688078,0.933523941057776,0.156482490287052,-152.092752505192,26.3472829345946,-167.62528085135
11.12909046,0.194582353714034,0.257266789100228,0.933524569710853,0.156471673459872,-152.091782858758,26.3468920950623,-167.62672299671
11.13913646,0.194572398184953,0.257264446831276,0.933526327287782,0.156477418568107,-152.09223315121,26.3458895305555,-167.625698826574
11.14918246,0.194565085158522,0.257256923098023,0.933527139808655,0.15649403310052,-152.093641202773,26.345432778951,-167.62326335745
11.15922846,0.194570624946126,0.257257792487117,0.933524179393386,0.156503375684472,-152.093783149244,26.3463451622759,-167.622291784215
11.16927446,0.19458148804883,0.257259162511051,0.933520461213122,0.156509796208597,-152.093784822771,26.3477880559381,-167.621827224035
11.17932146,0.194582229155039,0.257259371702466,0.93351952018528,0.156514143774146,-152.093875114857,26.3480003199954,-167.62132238211
11.18936746,0.194584034210124,0.25726728470015,0.93351788441537,0.156508649378168,-152.092713296097,26.3481527133552,-167.622273213646
11.19941346,0.194576716235543,0.257276864976865,0.933516778392077,0.156508596272368,-152.091479633729,26.3474416049103,-167.622377224438
11.20945946,0.194571913066278,0.257280012501156,0.933514911831078,0.156520526456272,-152.091394168565,26.3472772843171,-167.620893683937
11.21950546,0.194578973467876,0.257291487083491,0.933508351540589,0.156532013858271,-152.090234050509,26.348564497452,-167.620014377419
11.22955146,0.194571611776634,0.257300738451611,0.933506918346846,0.15653450508266,-152.089110887089,26.347917196945,-167.619797340439
11.23959846,0.194565449998355,0.257316137789066,0.933506058504163,0.156521978125369,-152.086796225861,26.3470563117891,-167.621624205383
11.24964446,0.194560462712827,0.257343825293885,0.933503988468235,0.15649500134502,-152.08251773287,26.3460758972453,-167.625607263783
11.25969046,0.194540778927019,0.257362928171917,0.933505451550955,0.156479329184057,-152.079637616298,26.3436291606419,-167.627581734092
11.26973646,0.194541608536045,0.25737015953299,0.933502589037874,0.156483480884588,-152.078821865377,26.3439383085691,-167.627311544899
11.27978246,0.194563152343336,0.257386788857191,0.933492165638241,0.156491524895229,-152.076914252351,26.3468481662815,-167.627375383721
11.28982946,0.194569577213106,0.257407519567927,0.933484949444156,0.156492484337881,-152.074283499183,26.3478819945483,-167.628038206925
11.29987546,0.194563828057016,0.257412845478829,0.933484804327577,0.156491737429798,-152.073577701407,26.3472741020837,-167.628140416971
11.30992146,0.194580392987378,0.25741457251549,0.933479785546009,0.15649823800453,-152.073538014477,26.3493751310033,-167.627822784497
11.31996746,0.194618312426291,0.25741928923755,0.933470019238555,0.156501582035293,-152.073039302211,26.3538631172102,-167.62852466209
11.33001346,0.194631691159968,0.257427007627959,0.933466327664946,0.15649426716543,-152.071858390115,26.3552819873657,-167.629987664311
11.34005946,0.19463236063053,0.257428096377893,0.93346514822191,0.156498678734642,-152.071837534379,26.3554995714041,-167.629499344313
11.35010646,0.1946408515917,0.257418358851802,0.933462448376006,0.156520237955271,-152.073669716336,26.356960830273,-167.626799051997
11.36015246,0.19467075044814,0.257411587017824,0.933454466913905,0.156541789907365,-152.075130678994,26.3609053448208,-167.624734890078
11.37019846,0.194661286136233,0.257410390818719,0.93345518342693,0.156551253306187,-152.075534330259,26.3600809283351,-167.623303766706
11.38024446,0.194607657686351,0.257394879426739,0.933470190541814,0.156553949118368,-152.077572995433,26.3538306736502,-167.621143659491
11.39029046,0.194584484824285,0.257363388746256,0.933478685442374,0.15658386961462,-152.082406158624,26.3516301260437,-167.615968868643
11.40033746,0.194612115268763,0.257326942284279,0.933476218846482,0.156624130367306,-152.08817600325,26.3554621960964,-167.610684223355
11.41038346,0.194641863815206,0.257313957033753,0.933473167110874,0.156626685625947,-152.089924192256,26.3587615618891,-167.610746778212
11.42042946,0.194630881992092,0.257342381659399,0.933468711758348,0.156620185624521,-152.086098000642,26.3576951025983,-167.612103064661
11.43047546,0.194550638559333,0.257317420452131,0.933486635739241,0.156654061754718,-152.09017295497,26.349176868782,-167.605182593342
11.44052146,0.194589068593652,0.257235459053999,0.933494852948731,0.156691966952233,-152.101723443409,26.3535738685157,-167.599108823234
11.45056746,0.19470120293184,0.257265305959294,0.933471387787939,0.156643455362249,-152.096643676632,26.3653785734739,-167.608772083587
11.46061446,0.19461480956834,0.25726687443992,0.93349580418616,0.156602729157025,-152.095307733752,26.3543640295713,-167.611578017424
11.47066046,0.194531829545724,0.257199436129171,0.933522299813094,0.156658651532885,-152.105421339276,26.3456062837413,-167.600640131753
11.48070596,0.194623777155197,0.2571865321178,0.933491779999157,0.156747471230224,-152.109508296029,26.3584860134023,-167.591774342392
11.49075196,0.194647638581566,0.257262286323278,0.933465282439752,0.156751329531887,-152.09990585026,26.3623206106344,-167.59416305252
11.50079796,0.194447020166016,0.257315412649094,0.9335097403943,0.156648330188198,-152.090227206946,26.3371540761194,-167.603175807982
11.51084496,0.194328672254473,0.257360184977867,0.933526416358347,0.156622259877431,-152.083727949691,26.3234818438134,-167.604659425941
11.52089096,0.194345900339149,0.257405441098929,0.933488287506056,0.156753714479247,-152.081459548652,26.3298230573579,-167.59041915295
11.53093696,0.194309186247204,0.257410967465802,0.933475369704487,0.156867039633382,-152.083773817601,26.3289606974364,-167.575832275666
11.54098296,0.194311440898515,0.257374521339047,0.933495549452524,0.156803950376798,-152.086756242989,26.3269241211354,-167.582498867902
11.55102896,0.194510659796462,0.257305792291081,0.933491923030556,0.156691295596531,-152.092645671466,26.3455282910871,-167.599277599772
11.56107496,0.194686657863989,0.257247573862088,0.933485849058126,0.156604471839244,-152.097863733467,26.362364376328,-167.612626687826
11.57112196,0.194698022093293,0.257177318769184,0.933511394151173,0.156553453790028,-152.105510122432,26.3612720546064,-167.617049551836
11.58116796,0.194849651446463,0.257164985970758,0.933486741312162,0.156532064179363,-152.106585630247,26.3778111254402,-167.62316141559
11.59121396,0.194954839830172,0.257180207970265,0.933471076243314,0.156469488630569,-152.102994548982,26.3882269027032,-167.633929793874
11.60125996,0.194823882442289,0.257217586422473,0.933510306699568,0.15633705687005,-152.094581200087,26.3699591166421,-167.647842823614
11.61130596,0.194671761542431,0.257268993409009,0.933545059773483,0.156234412537076,-152.085165057611,26.3503138529663,-167.657994983876
11.62135296,0.194619199198177,0.25724917410901,0.933561744734299,0.156232834232576,-152.087643479884,26.3440064709571,-167.656255133446
11.63139896,0.194665812566904,0.257230325580273,0.933557356345744,0.156232017948558,-152.090058643838,26.3490584609008,-167.656986495981
11.64144496,0.194654533545049,0.25723603785451,0.933570879281178,0.156155841253027,-152.087275202568,26.3456569453828,-167.666153245561
11.65149096,0.194573784941169,0.257240103858932,0.933601876484613,0.156064433503356,-152.084267235255,26.3338635153278,-167.675350341265
11.66153696,0.19452733433772,0.257229430056034,0.933622910594762,0.156014093341191,-152.084267026317,26.3269733989837,-167.679980876081
11.67158296,0.194596564159643,0.257205269263339,0.933616433418194,0.156006352216589,-152.087185345004,26.3343396932742,-167.681978055087
11.68162996,0.194712156759896,0.257155091728117,0.9336053328407,0.156011272988906,-152.093798598971,26.3470235625996,-167.682844651833
11.69167596,0.194728944754599,0.257114658467019,0.933609317523684,0.15603311414283,-152.099578492877,26.3490384958297,-167.67941086966
11.70172196,0.194696655645104,0.257110896411255,0.933611572905742,0.156066108312084,-152.100934640055,26.3462495113882,-167.674452083806
11.71176796,0.194697876957185,0.257062150944304,0.9336139170855,0.156130846037935,-152.108926896755,26.3476089151247,-167.66514462293
11.72181396,0.194708079595438,0.256973189920268,0.933621074820054,0.156221740018173,-152.122784420189,26.3502159109523,-167.651683311163
11.73186096,0.194710767734451,0.25693169726767,0.933630724319933,0.156228968098919,-152.128302045528,26.3501856847748,-167.649638660334
11.74190696,0.19469502016226,0.256917876693887,0.933651112865558,0.156149457905002,-152.127931645685,26.3459249025866,-167.658519276512
11.75195296,0.194693035132459,0.256882636511638,0.933669771267743,0.156098338718198,-152.131077571175,26.3437696079889,-167.663654012156
11.76199896,0.194722590405227,0.256845445635691,0.933674593456474,0.156093828756839,-152.135739226448,26.3465278317912,-167.663853796776
11.77204496,0.194757654737173,0.256827010141362,0.933672605317037,0.156092308790732,-152.138077938645,26.3502469165189,-167.664386257873
11.78209096,0.194780667009655,0.256824269350998,0.93367387733381,0.156060492169062,-152.13758418226,26.3519265604128,-167.668770690005
11.79213796,0.194791250337369,0.256843886036499,0.93367515341566,0.156007355249417,-152.133644360253,26.3518681757622,-167.676101127931
11.80218396,0.194819298099228,0.256885336114939,0.933667929680148,0.155947306049271,-152.126724971836,26.3538913781993,-167.685368515729
11.81222996,0.194859275369658,0.256917025369567,0.933662764195392,0.15587606497691,-152.12076074738,26.3568273109296,-167.696015418704
11.82227596,0.194865967261692,0.256937973339715,0.933666370264529,0.155811558288547,-152.116342397735,26.3560141831093,-167.704672196708
11.83232196,0.194860215039996,0.256962233191561,0.933671850401364,0.155745892645251,-152.111463690739,26.3537894663727,-167.713250348636
11.84236896,0.194868799639363,0.25698800275657,0.933673828004131,0.155680763957577,-152.106410963485,26.3532366046665,-167.722174130842
11.85241496,0.194889517291788,0.257019963853429,0.93367182720274,0.155614052445315,-152.100525381138,26.3541040467385,-167.731785056699
11.86246096,0.194937140788054,0.257059963871173,0.933665432335617,0.15552667481006,-152.093061153662,26.35755455186,-167.744842652964
11.87250696,0.194917109539726,0.257064055819319,0.933678725887544,0.155465200091251,-152.090878481024,26.3535546020088,-167.751944273426
11.88255296,0.1948070246558,0.256989923610813,0.933719488051139,0.155480931116272,-152.100776865769,26.3404697518827,-167.745007388488
11.89259896,0.194949802856006,0.256975618979734,0.933689443283517,0.155506042060439,-152.103331282919,26.3573094026775,-167.745175547865
11.90264596,0.195188779702141,0.256999350038901,0.933634554996528,0.155496598272779,-152.10010396328,26.3846393499922,-167.753148455499
11.91269196,0.195336788456384,0.257032280750741,0.933598142414725,0.155474931122007,-152.095336005981,26.4013496299696,-167.760559499977
11.92273796,0.195435800109318,0.257089009601082,0.933574755783415,0.15539711883398,-152.085985372273,26.411160326715,-167.774272373575
11.93278396,0.195384930796801,0.257091379937318,0.933597524580921,0.155320356926683,-152.083601931739,26.4031757418866,-167.782398117104
11.94282996,0.195305034050001,0.257056638479791,0.933624904576202,0.155313765788087,-152.087863801884,26.3934101698287,-167.780119753725
11.95287596,0.195307175775903,0.257052470030443,0.933626853221486,0.155306257714987,-152.08819719251,26.3933849385275,-167.780965866418
11.96292296,0.195305594041362,0.257039552701969,0.9336365981282,0.155271040179826,-152.08890669826,26.3920248408558,-167.784834184113
11.97296896,0.195344366336384,0.257009928264547,0.933640491222489,0.155247893589314,-152.092094628829,26.3954035099712,-167.787767708471
11.98301496,0.195397648580127,0.256983824852705,0.933636806889303,0.155246209341733,-152.095411702958,26.4011017395809,-167.78856110411
11.99306096,0.195415326253209,0.256935453474621,0.933642409571374,0.155270325764141,-152.102272836398,26.4031853377585,-167.784633357831
12.00310696,0.195455964018759,0.256895140975525,0.933640930746435,0.155294768448886,-152.10811439228,26.4080050789588,-167.781493309207
12.01315396,0.19549801587537,0.256887164903917,0.933638983213168,0.155266736041895,-152.108393088842,26.4118998120188,-167.785750371844
12.02319996,0.195500487967792,0.256877175252262,0.933654122113907,0.155189098516884,-152.107584375936,26.4098236823028,-167.7949822275
12.03324596,0.195444754160241,0.256864673649529,0.933682539674701,0.155109002345978,-152.107019181371,26.4009963640788,-167.802947832005
12.04329196,0.195374270363048,0.256868622234527,0.933707619051529,0.155040277078467,-152.104646961201,26.3910242230604,-167.809638194579
12.05333796,0.195310151082173,0.256854187124938,0.933729795148905,0.155011422455996,-152.105708736876,26.3826855831185,-167.81108342524
12.06338396,0.195322575393646,0.256829592179468,0.933739525138343,0.154977905899335,-152.107965728515,26.3828238452135,-167.814755664881
12.07343096,0.19538680174075,0.256802482158979,0.933743695060627,0.154916735045108,-152.109812302323,26.3880524869648,-167.823051286687
12.08347696,0.195413330083163,0.256779569079172,0.933760211980098,0.154821671132327,-152.110199863115,26.3880573746241,-167.834637680758
12.09352296,0.195411060239981,0.256753187259287,0.933787941028488,0.15470100050698,-152.110338093328,26.3839936780532,-167.848504050414
12.10356896,0.195405553042427,0.256670008223731,0.93382623221165,0.154614827076856,-152.118692076894,26.3798177815211,-167.856392214991
12.11361496,0.195479881477898,0.256604057351449,0.933841565868866,0.154537709131932,-152.12509254765,26.3852440928713,-167.865734971715
12.12366096,0.19557534997968,0.256598464837672,0.933847901667787,0.154387845615988,-152.121791989597,26.391777337504,-167.886283563984
12.13370796,0.195569945765617,0.256605550755529,0.933879491798698,0.154191706756527,-152.115604460214,26.3856237010888,-167.91026386495
12.14375396,0.195442666659591,0.25658739393873,0.933936289466651,0.154039217532365,-152.113820366845,26.3664774182131,-167.925042905165
12.15379996,0.195474648951348,0.256536850414231,0.93395656291323,0.153959879800553,-152.118175973142,26.3672056153896,-167.934029530807
12.16384596,0.195659257365675,0.256511393618321,0.93393155919715,0.153919468186062,-152.120370926873,26.3868060744381,-167.942935383728
12.17389196,0.195802803524038,0.256574019884606,0.933902302003882,0.153810028165366,-152.10939691077,26.4008643966114,-167.961825334408
12.18393896,0.195882581014799,0.256662063963848,0.933889912124383,0.153636686403705,-152.093432085465,26.4061263630038,-167.98762700483
12.19398496,0.195846321695738,0.256695751110981,0.933912892364969,0.153486869517615,-152.08507653559,26.3981120260106,-168.005957227952
12.20403096,0.195810117031758,0.256711889572494,0.933933823238575,0.153378673977535,-152.08009546804,26.3910745324125,-168.018691480454
12.21407696,0.195809814349405,0.256714569971242,0.933950503635892,0.15327296867744,-152.076908405142,26.38803747676,-168.031644845923
12.22412296,0.195771964032829,0.256731276181339,0.933974200689282,0.153148889567787,-152.071430323598,26.3803618147191,-168.046286438335
12.23416896,0.195778053059524,0.256806676364638,0.933976338759008,0.153001580230695,-152.057793374366,26.3777809696648,-168.066636450965
12.24421596,0.195738908534904,0.256877394043456,0.933982337744129,0.152896294582373,-152.045892438343,26.3711795990068,-168.080558280109
12.25426196,0.19560966323509,0.256940756027484,0.934003486567231,0.152826027303388,-152.035889087385,26.3552003414044,-168.087665692328
12.26430796,0.195564126225774,0.256993916345836,0.934009525169762,0.152757999420437,-152.027247049219,26.3487156236814,-168.096356099429
12.27435396,0.195621488955788,0.257044054415434,0.933996298739339,0.15268104364855,-152.018739499786,26.3536860351447,-168.108703084076
12.28439996,0.195648828375455,0.257143619326213,0.933985675237934,0.152543283842544,-152.002259980978,26.3540996148193,-168.129150258942
12.29444596,0.195572477318976,0.2572625835504,0.933996264352082,0.152375678494461,-151.982511259426,26.3420522532391,-168.151121637221
12.30449296,0.195498318715633,0.257387193387776,0.934001614074765,0.152227543385085,-151.962565011655,26.3308823055471,-168.170939823463
12.31453896,0.195390700842591,0.257517577223141,0.93401695088801,0.152051000980691,-151.941131088012,26.3151399078562,-168.193511891111
12.32458496,0.19521786351488,0.257635826430746,0.93405201999806,0.151857138921999,-151.92081839065,26.2912935155839,-168.216125135945
12.33463096,0.195094328949833,0.257778422691551,0.934072195030206,0.151649668900801,-151.897014838901,26.2729820255914,-168.242385652138
12.34467696,0.195004813510707,0.257939070531177,0.934084029488068,0.151418573684012,-151.870263287581,26.2580883765393,-168.272929726504
12.35472396,0.194929116911688,0.258086539133616,0.934090979523211,0.151221756607408,-151.846120836653,26.2455901037004,-168.299263149773
12.36476996,0.194899867467347,0.258258359491666,0.934079689081257,0.151035743649462,-151.819128459716,26.2390004539957,-168.326210269013
12.37481596,0.194857359255464,0.258450366499714,0.934069586505262,0.150824484637079,-151.78888292156,26.230406041427,-168.35647184579
12.38486196,0.194757895803853,0.258631013527386,0.934079236651447,0.150583334139283,-151.75933465327,26.2142920357834,-168.388527207765
12.39490796,0.194672472712738,0.258832314055024,0.934086814201992,0.150300649043186,-151.726035439897,26.198815882878,-168.426596887607
12.40495396,0.194571697052759,0.259038884190153,0.934097390663793,0.150009252843362,-151.6918506582,26.1813831792271,-168.465459996668
12.41500096,0.194435468709689,0.259238595770248,0.934111723325414,0.149751418413113,-151.659474327329,26.1607823346454,-168.499087982643
12.42504696,0.19437332286473,0.259493626597635,0.934097321564356,0.149479975113813,-151.6196014932,26.1488972357248,-168.537943986034
12.43509296,0.194346646544073,0.259765850599456,0.934072143028357,0.149198912388218,-151.577248486522,26.1409661607893,-168.579403495951
12.44513896,0.194306850950147,0.260003437381091,0.934054017429437,0.148950168673226,-151.54021126621,26.1320412760797,-168.615557876224
12.45518496,0.194299965697844,0.260251274980896,0.93402883901944,0.148683977215543,-151.501372805472,26.1264655712375,-168.655000738005
12.46523096,0.19425398526722,0.260504712011262,0.93401150611518,0.14840886318608,-151.461620292431,26.1162170656853,-168.694639296109
12.47527833,0.194167852160151,0.26073704783596,0.934005584635826,0.148150615734095,-151.425069632126,26.1016113292311,-168.730520971315
12.48532433,0.194092813498401,0.2609927524995,0.933992030003158,0.147883909813035,-151.385295760731,26.0882846145463,-168.768399649964
12.49537033,0.193992388221228,0.26130404953988,0.933974616599295,0.147575616395405,-151.337330606544,26.0714824946921,-168.812259935344
12.50541633,0.19385941608738,0.261652665589376,0.933960011121476,0.147224682068618,-151.283508813762,26.0501288423626,-168.861485840526
12.51546233,0.193732102864005,0.262004501232288,0.93394177970621,0.146881808857009,-151.229500586348,26.0296624272746,-168.909950188699
12.52550833,0.193646868126093,0.262374252065508,0.933905649243191,0.146563571973647,-151.173802855425,26.0148972172526,-168.957068569606
12.53555533,0.193581411152895,0.262786298003685,0.933856354529345,0.146225537929373,-151.11214191623,26.0022599071203,-169.008343531692
12.54560133,0.193496944884976,0.263211557271945,0.933812262284711,0.145853581530826,-151.0479363497,25.9865621522363,-169.063571796681
12.55564733,0.19342666101121,0.263647401731252,0.933762826062714,0.145475630377698,-150.982207704737,25.9723782093973,-169.120197419089
12.56569333,0.193368087432554,0.264118848759643,0.933706560518389,0.145058868524046,-150.910887701583,25.9587320550445,-169.182860366844
12.57573933,0.193226622636788,0.264611014564268,0.933665941316377,0.144611179724986,-150.836263940864,25.9349005822182,-169.247549103749
12.58578633,0.193050590170418,0.265131276915752,0.933623296930473,0.144168009851527,-150.758246623446,25.9075265974697,-169.31150396984
12.59583233,0.192860261572989,0.265677021989011,0.933572515190616,0.143746298643531,-150.677579388501,25.8793949659716,-169.373153794901
12.60587833,0.192619247822998,0.266212755725398,0.933527060879039,0.14337301232706,-150.599595169237,25.8467785345764,-169.427180209399
12.61592433,0.192444660383453,0.266757598809934,0.933463644748046,0.143007202968069,-150.520531209172,25.8219961471387,-169.482372363292
12.62597033,0.192235130236746,0.267338298359304,0.933403710756828,0.142595237222698,-150.435778835557,25.7921856259508,-169.543142437642
12.63601633,0.191924259959262,0.267936946991988,0.933363569574438,0.142152445870498,-150.348205606988,25.7500478386485,-169.605211658923
12.64606333,0.191758224753055,0.268518847950465,0.933304044498202,0.141668528820662,-150.261434097247,25.7228746238028,-169.675783156428
12.65610933,0.191605754577752,0.269035601261782,0.933261270861697,0.141175353288076,-150.182796010558,25.6961701290111,-169.74590061492
12.66615533,0.191441745997664,0.269591449778906,0.933210308247415,0.140673482491327,-150.098981926116,25.6682413796964,-169.817810778969
12.67620133,0.191306311157249,0.27025000461885,0.933138703474204,0.140067806413175,-149.999285691567,25.6414017305708,-169.905958575326
12.68624733,0.19105656157817,0.270949227447175,0.933075582422196,0.139477108914636,-149.895123386484,25.6023574614503,-169.990088804864
12.69629333,0.190784269377444,0.271647298205549,0.933010942612146,0.138923320222829,-149.792183459834,25.561769791321,-170.068980576441
12.70634033,0.190547740958525,0.272379329115959,0.932931603579477,0.138346241468889,-149.684247284976,25.5247745368998,-170.152590708663
12.71638633,0.190226153247154,0.27315003427328,0.932855827028723,0.13777908177896,-149.571935581456,25.4787219907094,-170.233510794831
12.72643233,0.189985657134706,0.273908411421944,0.932760933391879,0.137246760884589,-149.461890723835,25.4427160115834,-170.312164723792
12.73647833,0.189903983064822,0.274639119792645,0.93263545779663,0.136751358150871,-149.35582612068,25.4254868842282,-170.390223459784
12.74652433,0.18977788516186,0.275378260618,0.93251324339556,0.136272589959938,-149.249272519321,25.4037211004774,-170.46515121509
12.75657033,0.189527422102924,0.276119455133246,0.932413338696464,0.135804155270935,-149.14320653754,25.3681003544267,-170.53509674976
12.76661733,0.189235491955285,0.276893894815183,0.932314676958672,0.135310911333741,-149.032460824802,25.3272363648957,-170.607617802841
12.77666333,0.188938716844713,0.277735783355802,0.932201012155489,0.134782301720566,-148.91224884191,25.2852726018524,-170.686042260347
12.78670933,0.188576779641504,0.278624304103992,0.932092791942679,0.134202543012819,-148.785111877183,25.2346424361821,-170.769798439485
12.79675533,0.188238139770941,0.279553539738615,0.931975659667501,0.133557444354528,-148.651121580148,25.1848257472296,-170.863078800621
12.80680133,0.187933044681139,0.280494570581859,0.931850632339182,0.132884783177163,-148.514886840334,25.137876461348,-170.960853954062
12.81684733,0.187656756231394,0.281442247915355,0.931715710602757,0.132215874784621,-148.377851054569,25.0942007162764,-171.059102955656
12.82689433,0.187418380504742,0.282445300683602,0.931556392399088,0.131535890733768,-148.233328772016,25.0548045237732,-171.161279567059
12.83694033,0.187117505730872,0.283510949899172,0.931392751520247,0.130828600664647,-148.080466206609,25.0078518481646,-171.26636895033
12.84698633,0.186772319503742,0.284592931236596,0.931232919865822,0.130108466732683,-147.92550767856,24.9554199833341,-171.371861517853
12.85703233,0.186480983441123,0.285693333275819,0.931052869395855,0.129401377605996,-147.76832532104,24.9094576786728,-171.47783933761
12.86707833,0.186171575641583,0.286871269249784,0.930853229820647,0.128675109615723,-147.600891623156,24.8613093231175,-171.587521165083
12.87712433,0.185746678238401,0.288197005453289,0.930639647895703,0.12786908670871,-147.413261400282,24.7985697734156,-171.706889162972
12.88717133,0.185255483802968,0.289434500860474,0.930467431460924,0.127037137967947,-147.236893867631,24.7264384560853,-171.824398898916
12.89721733,0.184890549554713,0.290607043668965,0.930282679534311,0.12624249290078,-147.069206287859,24.6689624587892,-171.939507242908
12.90726333,0.184659019878249,0.291784809104076,0.930072843626871,0.125408042411676,-146.899225103925,24.6249698193571,-172.063649511897
12.91730933,0.184417598101753,0.292956607358217,0.929866647947324,0.124557588089811,-146.729784079981,24.5789982690155,-172.188999085617
12.92735533,0.18416426367826,0.294210887983216,0.929631605757218,0.12372774528467,-146.550376467113,24.5327900217868,-172.313615661218
12.93740133,0.183894480422129,0.295557390177091,0.929372241526277,0.122865315945575,-146.358528842857,24.4840779301945,-172.443883281681
12.94744833,0.183589927672633,0.29691734569341,0.929115968558603,0.121976822605552,-146.164677735976,24.430347986072,-172.576182500172
12.95749433,0.183256858283688,0.298315079029936,0.92884856726332,0.121100687893307,-145.966562587261,24.3738069474328,-172.706837141093
12.96754033,0.182936591008404,0.299740134585073,0.928572958481862,0.120176188013214,-145.763841732863,24.3169017476102,-172.844109659412
12.97758633,0.18255080839768,0.301150092960941,0.928313674267554,0.119237351659805,-145.563353785351,24.2516747053185,-172.980083453763
12.98763233,0.182142519397374,0.302528307936402,0.928052104536654,0.118406151824144,-145.369743624614,24.1871163626851,-173.101434786496
12.99767833,0.181781396822714,0.303912752354033,0.927768722687658,0.117634008383169,-145.176444590405,24.1296720260569,-173.217399428132
13.00772533,0.181394590292962,0.305343960920455,0.927476380798672,0.116827356395891,-144.976650429397,24.0681805826806,-173.337512419267
13.01777133,0.18098449466664,0.306806795974959,0.927179851884239,0.115981571354077,-144.772212153585,24.0026078073255,-173.461945460932
13.02781733,0.180604961902903,0.308305698061246,0.926866583575474,0.115099003167479,-144.562183163253,23.939060134685,-173.592451558856
13.03786333,0.180253127461462,0.309858643201942,0.926530461028002,0.114182906166607,-144.344332193184,23.8774134359462,-173.729037784747
13.04790933,0.179893639014794,0.31145884439198,0.926175324963858,0.113273714162283,-144.120729655726,23.8150927508133,-173.86550400819
13.05795533,0.179508499808761,0.313098907995316,0.925806224781961,0.112377072677313,-143.892613240164,23.7502354068367,-174.0003130148
13.06800233,0.179111154501501,0.314774652913062,0.925424564203001,0.111469673841302,-143.659896161802,23.683456948256,-174.136540231991
13.07804833,0.178690339598973,0.316469314287931,0.925038922244167,0.110543783097381,-143.424689325122,23.6130956999488,-174.274186418676
13.08809433,0.178302189768162,0.318199911880915,0.924631180513665,0.10960987740511,-143.184499876144,23.545876984712,-174.414585415243
13.09814033,0.177964854909186,0.319979856204566,0.924192000055857,0.108676350109911,-142.937573818248,23.4841820542859,-174.55783419567
13.10818633,0.1776392177958,0.321798218699549,0.923733759994068,0.107731868033165,-142.68543457808,23.4231412839677,-174.703483558946
13.11823233,0.177314393137579,0.323638845259229,0.923265124338409,0.106766165080084,-142.430056211928,23.3610402115428,-174.851865003327
13.12827933,0.176902097201209,0.325500098428505,0.922805770835243,0.105758419248875,-142.172142228553,23.2872620210477,-175.001870936733
13.13832533,0.176416271576565,0.327346692215662,0.922363367238078,0.10472469143293,-141.916520411621,23.2037692767182,-175.151154520471
13.14837133,0.176007468467721,0.329177482430451,0.921905872745664,0.103697241532214,-141.662424650041,23.1284767529599,-175.301876244644
13.15841733,0.175641296766597,0.33105606251628,0.921421682906548,0.102635766724027,-141.401114455847,23.0563210217207,-175.459048421327
13.16846333,0.175269055660509,0.332993194267152,0.920920648982262,0.101496054000741,-141.130819304565,22.9801859288482,-175.62607692598
13.17850933,0.174870237760187,0.334935116699539,0.920414480018523,0.10037954233505,-140.860845725229,22.9014626053312,-175.789025325436
13.18855633,0.174468024757036,0.336856953089698,0.919898799974115,0.0993705152381082,-140.595859184682,22.8259550198965,-175.938527498292
13.19860233,0.174045950379507,0.338789868057526,0.919372918872484,0.0984015675787059,-140.330617879353,22.749391965485,-176.082475020856
13.20864833,0.17363519924441,0.340789306745004,0.918817230954226,0.0974082239506584,-140.056247881585,22.6728835416179,-176.230967185246
13.21869433,0.173219712867443,0.342859675165564,0.918232391521867,0.0963921645130839,-139.772402742912,22.5946970849878,-176.383234128769
13.22874033,0.172815554658781,0.344921115263327,0.91764181102617,0.0953819425787314,-139.489813988291,22.5174039655959,-176.534608217074
13.23878633,0.172417679660326,0.346997005918941,0.917037245560789,0.0943817348755585,-139.205580401057,22.4407121752324,-176.685016700738
13.24883333,0.172063129726851,0.3490687271016,0.916418055107486,0.0933983480650626,-138.92175488875,22.3688952470805,-176.834808493773
13.25887933,0.171736632358547,0.351138041186056,0.915785478981999,0.09244220693967,-138.638477249823,22.3007195760814,-176.98223656638
13.26892533,0.171364400870334,0.353265542223539,0.915134085204254,0.0914729735453755,-138.348063688423,22.2266445103815,-177.130232151709
13.27897133,0.170927052155011,0.35547276164067,0.914459025700758,0.0904861806441935,-138.047916856796,22.1444108130753,-177.278928297305
13.28901733,0.170438803863778,0.357732226033297,0.91376104589962,0.0895489787277281,-137.742712319579,22.0582973089108,-177.420588022994
13.29906333,0.170236928224523,0.360050205794236,0.912983339642984,0.0885700802221125,-137.425112771939,22.001218385387,-177.580687935869
13.30910933,0.169962835818785,0.362431670990279,0.912193702447485,0.0875132419624589,-137.09880489957,21.9324491690355,-177.747536972498
13.31915633,0.16947069589755,0.364755131336939,0.91145821262675,0.0864714058554752,-136.783584641084,21.8397989436603,-177.900875193908
13.32920233,0.169033449637872,0.367053716529081,0.910710514451839,0.0854729252604439,-136.471699171968,21.754315217272,-178.050648531873
13.33924833,0.168681396706918,0.369394534769114,0.909920735809339,0.0844897545972577,-136.153358125902,21.6782182438755,-178.203157461834
13.34929433,0.168302657379676,0.371818950175544,0.909094500773355,0.0834989369569444,-135.82439160868,21.5984262792511,-178.356880955341
13.35934033,0.16787645277983,0.374330268685646,0.908239319146351,0.0824359491021136,-135.483546664042,21.5098104822479,-178.518061831453
13.36938633,0.167445880416783,0.376851871778809,0.907372614692196,0.0813601989605796,-135.141258149237,21.419466838924,-178.680109929234
13.37943333,0.167047530824586,0.379378947706597,0.906487038022561,0.0802993547889883,-134.798051115791,21.3325587547493,-178.84156059374
13.38947933,0.166598671828576,0.381951198057497,0.905585934183578,0.0791977313832538,-134.449080605637,21.2377131432317,-179.005628951651
13.39952533,0.166035134658813,0.384602099528112,0.904662250321749,0.0781010367420824,-134.09183795382,21.1301124361715,-179.164874723698
13.40957133,0.165490230286452,0.387277644768418,0.903703911282511,0.0771249004865242,-133.733169846595,21.0293317974267,-179.311571443178
13.41961733,0.165223316320902,0.389988831413065,0.902664566042184,0.0762013669750767,-133.365994488062,20.96010615735,-179.466317209718
13.42966333,0.164846592097235,0.392757260510312,0.901606780555287,0.075316323908524,-132.993699289225,20.8802328898776,-179.612311415222
13.43971033,0.164345217641767,0.395560182671451,0.900542703041365,0.0744689957107082,-132.619558001074,20.788156091581,-179.748227667064
13.44975633,0.16398616917152,0.398276806183431,0.899480067550513,0.0736188159107498,-132.254154486879,20.7104784314918,-179.888913276724
13.45980233,0.163643009051007,0.400944765030631,0.89842870942357,0.0727331772079485,-131.894202143845,20.6321677724786,179.967401077015
13.46984833,0.163240291358031,0.403650393103306,0.897363865564002,0.0718126744030805,-131.529699467297,20.5452063521992,179.822566910571
13.47989488,0.162868927239183,0.406381348113111,0.896271483710962,0.0708896320506693,-131.161155955582,20.4607719552045,179.675816890624
13.48994088,0.162472440153376,0.409100324903977,0.895177021043349,0.0699837934812401,-130.794828526383,20.373834298451,179.533086559869
13.49998787,0.162007782587802,0.41183453427883,0.894077603763519,0.0690726661191436,-130.427583227618,20.2787681718492,179.393559441417
13.51003388,0.161585583988279,0.414577042874412,0.892957315172341,0.0681410878169583,-130.058045725999,20.1865279381956,179.250022895562
13.52007988,0.161232151146235,0.417312640394391,0.891815747725501,0.0672236990400348,-129.688226480084,20.1015647739256,179.105148939707
13.53012588,0.16089764264931,0.420084697131528,0.89064339044205,0.0662959040039266,-129.312914708026,20.017347141683,178.957846147009
13.54017188,0.160542078647643,0.422925648176878,0.889433151310393,0.065336103707866,-128.928239101971,19.9285180866106,178.807182513868
13.55021788,0.160203282667369,0.42580451284881,0.888187444888986,0.0644087556296657,-128.538504068538,19.8422823528155,178.658808425946
13.56026388,0.159807671725674,0.428794594319961,0.886879180766909,0.0635769035249069,-128.136271381062,19.7540386826873,178.521754611949
13.57031088,0.159302988102376,0.432013770409701,0.885451697121929,0.0629440404005353,-127.708263450509,19.6635094908852,178.407245382433
13.58035688,0.159019744689583,0.434996913555807,0.88407686168786,0.0624380382773704,-127.308690878557,19.6024627229333,178.300044549958
13.59040287,0.158929825980635,0.437921656011773,0.882683822766135,0.0619290128827659,-126.912503830202,19.5609653732438,178.183438284659
13.60044887,0.158803377569531,0.440998887028159,0.881219977995497,0.0612602586841571,-126.493998164078,19.5064412335835,178.048638692196
13.61049487,0.158546835926085,0.443999210427012,0.879808968050603,0.0605291805309555,-126.087243636704,19.4346610404086,177.916701169443
13.62054088,0.158374604523257,0.44695313776418,0.878393097823776,0.0597991887938796,-125.684575463612,19.3710915644212,177.781584948292
13.63058788,0.158229689091709,0.450023777731462,0.876903981733706,0.0590031506431459,-125.264356695042,19.3058120903034,177.635656946264
13.64063388,0.157992158234297,0.453151868523113,0.875390015529811,0.0581737286169451,-124.837547919324,19.2282710333649,177.490679883051
13.65067988,0.157775560093975,0.456269745949287,0.873864154839337,0.0573256526812982,-124.411008993333,19.1511121903545,177.343271739658
13.66072588,0.157563076827452,0.459396794086144,0.872317472121554,0.0564861950878404,-123.982835270287,19.0740086409897,177.196821207875
13.67077188,0.157329455809983,0.462545770191051,0.870747585873245,0.0556551391051962,-123.551844831509,18.9943301118642,177.052504409575
13.68081788,0.157141756497603,0.465722585786352,0.869139268159709,0.0548258515312646,-123.115622432381,18.9185325989459,176.905530338536
13.69086487,0.15694560148813,0.468946039736152,0.867490100628165,0.0540242103268965,-122.673119514176,18.842414789125,176.761372187357
13.70091087,0.156752229544337,0.472247624709226,0.86577667069629,0.0533073725428387,-122.220432133529,18.7702069750923,176.624556466599
13.71095688,0.156542762420278,0.475571477990146,0.864030305322806,0.0527045001861899,-121.765843936484,18.7019299199402,176.500434506785
13.72100288,0.156429823700504,0.479007293082389,0.862185017817625,0.052141331798613,-121.293521021655,18.6444842370235,176.372383291793
13.73104888,0.156503225365837,0.48240481439139,0.860307870828602,0.0516013845982475,-120.821486877598,18.6065361369361,176.23636669588
13.74109488,0.156623569908523,0.485779483067111,0.858421453025745,0.0509898045233512,-120.349777107505,18.568467872654,176.090738331052
13.75114088,0.156677272718918,0.489202077762992,0.856508216980125,0.0502715980575608,-119.871064022608,18.5164361072068,175.937472315962
13.76118788,0.156717627943677,0.492663610551149,0.854559044269961,0.0495074922291925,-119.385994360738,18.4592442361448,175.77977261876
13.77123388,0.15681580169281,0.496168983750396,0.852554220598305,0.0487487932523154,-118.892660548957,18.4068951669193,175.618267943676
13.78127988,0.156793295205716,0.499730003323249,0.850517636157469,0.0480160071454307,-118.394059154753,18.342764653198,175.466149062686
13.79132588,0.156730526798604,0.503342087965696,0.848439882018174,0.0472445875498254,-117.888119959596,18.2710826425266,175.311970508609
13.80137187,0.156835512795764,0.506984265201844,0.846295091525434,0.0464133043834775,-117.372163243795,18.2111559225093,175.140615235809
13.81141787,0.15689834868575,0.510512050427051,0.844198713915435,0.0457043320920169,-116.873434288724,18.1539916453812,174.987133739427
13.82146488,0.15708679427329,0.51410521687018,0.842017223681694,0.0450173308313524,-116.361528461358,18.1090680932037,174.82637218585
13.83151088,0.15738853066043,0.517827714879907,0.839717929507631,0.044239201871427,-115.826541079142,18.0676985863341,174.646279163734
13.84155688,0.157474468442477,0.521394967471801,0.837519952133983,0.0436967900574968,-115.320122376483,18.0196164722455,174.507606002334
13.85160288,0.15788930700778,0.525097610651982,0.835153818700297,0.0431458587873109,-114.784523920772,18.00110221605,174.343006878904
13.86164888,0.158385031808334,0.529088191164787,0.832572128283171,0.0424678569635615,-114.203559332943,17.9792419175696,174.153822713949
13.87169488,0.158606948534631,0.533049025507321,0.830026322559432,0.0419389573153039,-113.634141825085,17.9391595198072,173.998609515957
13.88174088,0.158902393660391,0.536941581080867,0.827482877998968,0.0414228730766206,-113.070873325467,17.9063058266499,173.841108654721
13.89178788,0.159166307118687,0.54082945339143,0.824921848932848,0.0409088276016099,-112.507628497434,17.8694343862943,173.686072841994
13.90183387,0.159527150745497,0.54444480274665,0.822487218342202,0.0405674820625084,-111.980259574229,17.8539436938551,173.547040959864
13.91187987,0.160035230528783,0.548003351569353,0.820042328937793,0.0401451168716209,-111.454519305981,17.8466632370215,173.390795255578
13.92192588,0.160409919163512,0.551629427034189,0.817562275561604,0.0395671409432168,-110.920288123273,17.814905771848,173.227273854535
13.93197188,0.16090105810047,0.555207883857159,0.815066584969243,0.0390066311231976,-110.388070074996,17.7944894356275,173.058070391219
13.94201788,0.161419636098972,0.558758604029253,0.812557151008427,0.0385149302222488,-109.858011985625,17.7802121616802,172.893911272339
13.95206488,0.161787900534439,0.562479062553915,0.809939270147211,0.0379520500438505,-109.305965717324,17.7444001998603,172.729879911923
13.96211088,0.162004556665189,0.566103303857092,0.807384312647355,0.0375785134452954,-108.772345744429,17.7068236709564,172.597083581823
13.97215688,0.162772626272544,0.56977794135598,0.804659469209305,0.0371659560926268,-108.212289317803,17.7164012900354,172.418654649239
13.98220288,0.163445740393984,0.57361875606912,0.801814812202723,0.0366062776732403,-107.628054296786,17.7041778887261,172.22912665076
13.99224888,0.164014608218952,0.577439285885952,0.798965993973615,0.0362825010171491,-107.049721910851,17.6971739693087,172.069651844347
14.00229487,0.165165433399518,0.581154927415576,0.796042374503841,0.0359981658537354,-106.465974678858,17.7460350115892,171.871769867469
14.01234188,0.165966544337209,0.584748059891915,0.793251574217299,0.0357316752361704,-105.909522253218,17.7638493815507,171.70393888212
14.02238788,0.166390765787324,0.588283778222766,0.790547908295963,0.0356414650306805,-105.373221073154,17.7590263438151,171.582025052236
14.03243388,0.167407788414186,0.591876232265256,0.787664964650902,0.035228703059431,-104.804649546249,17.7837084830518,171.382804120664
14.04247988,0.168119409906576,0.595418002497659,0.784853032560196,0.034913945572316,-104.252441744075,17.786733742888,171.216751431639
14.05252588,0.168971044497902,0.599041977382478,0.781926465711732,0.0344745946247141,-103.68038785129,17.7912154735714,171.025884342501
14.06257188,0.169987708373877,0.602669882585068,0.778940193057328,0.0338432750559155,-103.098704724254,17.7950569933197,170.803817474627
14.07261788,0.170724718950359,0.606238963528219,0.776016039005532,0.0335633229242408,-102.535391668735,17.7981780803131,170.636621664879
14.08266488,0.171578005356223,0.609816131650383,0.773030664716724,0.0332996255919171,-101.964581095852,17.8113202635995,170.460818527985
14.09271088,0.172630857715432,0.613432305093604,0.769943736588503,0.0329550682007458,-101.377867615776,17.8341953773622,170.260022747929
14.10275687,0.173649753778898,0.617023625429447,0.766851727791277,0.0326502106878774,-100.793849412134,17.8556012043108,170.065254324334
14.11280287,0.174523501105072,0.620613121643512,0.763763350286629,0.0323488108725343,-100.213077821285,17.8629674876441,169.881858948863
14.12284888,0.175500971419126,0.624175997844031,0.760640808551038,0.0320825982921385,-99.6301669160555,17.8807433485607,169.692983104616
14.13289488,0.176563904995961,0.627642635674278,0.757544877133268,0.0318695538965416,-99.0564382553565,17.9095693143303,169.503191406763
14.14294088,0.177504734835741,0.631087677232394,0.754466598864947,0.0316316922322119,-98.4881788088278,17.9247428411356,169.320999003469
14.15298788,0.178370105404724,0.634557902625882,0.751357840047427,0.0313332078187594,-97.9163672696588,17.9270006966877,169.138469630388
14.16303388,0.179304758409338,0.637958981959336,0.748260919062098,0.0310441291313068,-97.3501779833394,17.9353247371364,168.951937066432
14.17307988,0.180407437004953,0.64123486980858,0.745201369813896,0.0307557611248708,-96.7943266773336,17.9582000088501,168.753515470202
14.18312588,0.181676106270808,0.644539025451795,0.742054661985437,0.0303004241819623,-96.2243223953764,17.9801096806061,168.524956996563
14.19317188,0.182600703738308,0.647837939297756,0.738961602747871,0.0299789436940066,-95.6671574949325,17.9816756591927,168.336751018384
14.20321787,0.183550785567191,0.650975777808423,0.735966063543805,0.0298931285787001,-95.1325424040302,18.0046213507927,168.169756229772
14.21326487,0.184984271287001,0.654063882009848,0.73287257760309,0.0296486529884105,-94.5826173652244,18.0546519799877,167.947547026863
14.22331088,0.186214000525727,0.657213263777606,0.729750335406106,0.0293175697776423,-94.0288374832163,18.0782299477623,167.733201408697
14.23335688,0.187169137211621,0.660323880149928,0.726700973888025,0.0290823301920189,-93.490812380456,18.0857189596138,167.551225970516
14.24340288,0.188505628138734,0.663350695976126,0.723605000608521,0.028762569467174,-92.9469854812797,18.1174902117053,167.329735693479
14.25344888,0.189877600581501,0.666302091013219,0.720538834504645,0.0284922494638861,-92.4111768200408,18.1555152363468,167.110101645311
14.26349488,0.191074575723145,0.669237311071961,0.717504658146099,0.028266473427737,-91.8833472721735,18.1814749103198,166.909254526514
14.27354088,0.192208974339175,0.672133052990214,0.71450053151395,0.0279617547342812,-91.3623070074042,18.1951719589981,166.707699636621
14.28358788,0.193403117604242,0.674963660047724,0.711514211465098,0.0276914896518944,-90.8468192307039,18.2159664192314,166.504458165422
14.29363388,0.194668541867931,0.677734477963367,0.708542934631007,0.0273321417239331,-90.3354261163116,18.2346829532165,166.288179106558
14.30367987,0.195818420176105,0.680470747382775,0.705615196735049,0.0268682417106225,-89.8328638692252,18.2347494141898,166.074161418957
14.31372587,0.196946686382231,0.683153639040092,0.702717293745252,0.0264860956104822,-89.3379732768079,18.2391422842607,165.869532137878
14.32377188,0.198125305438462,0.685852728127271,0.699761526996865,0.0261954958019837,-88.8358114934198,18.2529942610954,165.666522579415
14.33381788,0.199299661350045,0.688562651600438,0.696768009910004,0.025989616634022,-88.329743634041,18.2716243258033,165.469641664066
14.34386388,0.200559742897197,0.691091698221268,0.693904674783036,0.0257751138291056,-87.8472754870687,18.2983202107241,165.268003804672
14.35391088,0.20142645004899,0.693143007727911,0.691593618369455,0.0260465561871929,-87.4615225490083,18.343819013606,165.153661848775
14.36395688,0.203350124868443,0.695189583477964,0.688979411212604,0.0258368083333979,-87.0225133590467,18.4291082755147,164.900810265274
14.37400288,0.205836649395295,0.69754339648029,0.685897756173467,0.0246728974516918,-86.502016138415,18.4687044760155,164.510088014797
14.38404888,0.207271301557996,0.699991308993178,0.682990181190016,0.0239830624087369,-86.0161831100043,18.4637374563171,164.25326559715
14.39409488,0.20834905403479,0.702442395983138,0.680156588149753,0.0235025020958411,-85.5459248023263,18.4476627677017,164.046337762611
14.40414088,0.2089640754232,0.704929159950958,0.677400652322494,0.0231786726630947,-85.0917597148935,18.4081162151978,163.894819502378
14.41418687,0.209040009045959,0.707007365938217,0.675186353603277,0.0237959457698293,-84.7318589961968,18.4169505161492,163.878569286845
14.42423388,0.209853101800155,0.708695138439655,0.673148230413829,0.0241730491991042,-84.3989564565364,18.4687351535961,163.782541708788
14.43427988,0.211057513997613,0.710432631509071,0.670960657689206,0.0234946314189432,-84.0383623264125,18.4577504617474,163.566041844956
14.44432588,0.211917611467787,0.71216864651539,0.668875416062459,0.0226367545707661,-83.6960265037073,18.4052109845154,163.36942577578
14.45437188,0.21330458368309,0.713854979034628,0.66666801332245,0.0215866509665626,-83.3332450210727,18.3744675605342,163.107974413626
14.46441788,0.21462406201304,0.715569797238328,0.664432457641784,0.0206370181329227,-82.9676692770397,18.3451692396955,162.859785804046
14.47446358,0.215303617853752,0.717403057776439,0.662242574182787,0.0202972355717923,-82.6136077425048,18.3178992500417,162.71710092191
14.48451058,0.215720827237801,0.719277232161494,0.660062325578041,0.0205551536712245,-82.2636814254968,18.3214630696514,162.64369768775
14.49455658,0.217298400047478,0.720044628209165,0.65869635105504,0.0208867381538752,-82.0402511471582,18.4420953735369,162.49047839711
14.50460258,0.220017727125745,0.720745702910883,0.657052793645238,0.0199864416269209,-81.7672638432586,18.5381975936985,162.132962661233
14.51464858,0.221420762478631,0.722258389996956,0.654959819865268,0.0185283130490288,-81.4283507456817,18.4699874770401,161.842666431658
14.52469458,0.221655316228388,0.723574375936285,0.653435930393194,0.0181804330886191,-81.1856741659091,18.4202807345201,161.75698809245
14.53474058,0.222488756065728,0.72468944516832,0.651922846488542,0.0179042931229757,-80.9427903005925,18.4236761423627,161.62192625194
14.54478658,0.223252586689571,0.725964780834773,0.65025107149834,0.0175203749730599,-80.6756364113528,18.4078367065434,161.481362893269
14.55483358,0.22324264060937,0.727094872828684,0.648981001908687,0.0178725622559267,-80.4752446220432,18.4061304691123,161.476617196756
14.56487958,0.223788409609815,0.72800253947112,0.647774336532744,0.0178734209784792,-80.2828826614563,18.4183290776784,161.396141243106
14.57492558,0.224526968310465,0.728802159077997,0.646626707920573,0.0175770881650898,-80.0993840760671,18.4206323068219,161.277407569205
14.58497158,0.225045982186409,0.729430466815736,0.645737152760438,0.0175792356937236,-79.9573564747539,18.4385120312362,161.207278400525
14.59501758,0.226067292493684,0.730032699878433,0.644707084683526,0.0172803741756297,-79.7913852509322,18.4649726554043,161.064870628584
14.60506358,0.227052386697461,0.730696877097351,0.643615402119912,0.0169853362989697,-79.6160950645042,18.4870972828346,160.92448170691
14.61510958,0.227235350834394,0.731321728566129,0.642832845978895,0.0172787959329616,-79.4924040381523,18.5070543033779,160.909344266873
14.62515658,0.227457246771086,0.731876025271515,0.642120273975802,0.0173850013899559,-79.3797895929428,18.515255867374,160.878662571647
14.63520258,0.227879179635199,0.732273471172169,0.641516008461024,0.0174314025393067,-79.283269688474,18.5362989927181,160.827586371714
14.64524858,0.228239909688302,0.732582173804845,0.641031353546681,0.0175700318427077,-79.2056357817712,18.5638256170109,160.791838954285
14.65529458,0.228956198098396,0.7330633161768,0.640237898665701,0.0171075112254299,-79.078946092571,18.5574061932088,160.671588011969
14.66534058,0.229514891279727,0.733582915450684,0.639453681295135,0.0166736414088306,-78.9546139543276,18.5414895004518,160.568441790209
14.67538658,0.229789887688958,0.733952634622585,0.638930117319757,0.0166866062524596,-78.8716637455366,18.5500974861113,160.530615723069
14.68543258,0.230225611752731,0.734287345980575,0.638389338760087,0.0166527290058982,-78.7853376527697,18.5663682328819,160.473861677397
14.69547958,0.230511836554445,0.734526151982927,0.638007531254607,0.0167933118786228,-78.7242173906129,18.590782306219,160.447617560257
14.70552558,0.230648284337842,0.73466456407298,0.637791151545167,0.0170819857791402,-78.6893409960283,18.6211974578637,160.45018261595
14.71557158,0.231056194351866,0.734786854095963,0.637502401646098,0.0170880658603725,-78.642314740095,18.6453835893816,160.405058544378
14.72561758,0.231168018636638,0.734829750357417,0.637404199608144,0.0173917069653385,-78.6259234402211,18.6783359633238,160.413907743273
14.73566358,0.231003816393738,0.73491798697286,0.637353323973967,0.0177067686104434,-78.6183249802436,18.6924484439445,160.450751345135
14.74570958,0.23121703347613,0.735131110222084,0.637034386164578,0.0175534913354796,-78.5678847277352,18.6867925382511,160.411726126133
14.75575558,0.231264329973845,0.734855613738123,0.637336326185418,0.0175055409453532,-78.6146686835717,18.6940368822968,160.411326918685
14.76580258,0.231394518742211,0.734244965794044,0.637983395650712,0.0178351836590267,-78.7141246627478,18.7501841789254,160.438881348336
14.77584858,0.232481212774497,0.733630194554786,0.63830380015856,0.0175351660256444,-78.7588825940713,18.8151465621398,160.322970297558
14.78589458,0.233097308704983,0.733395704151328,0.638349609298162,0.0174974888414396,-78.762883927854,18.8602101595914,160.263373595635
14.79594058,0.233156434913253,0.733647140604224,0.63802712040231,0.0179260584882425,-78.711610338591,18.8942857194214,160.280527802964
14.80598658,0.233299997577845,0.734093543090395,0.637457009043587,0.0180649590193664,-78.6218314846177,18.9025895240102,160.262633253025
14.81603258,0.232944838945935,0.734614189045539,0.636983796911262,0.0181751955678579,-78.5498705356025,18.87276621488,160.292165893466
14.82607858,0.232545258043572,0.734970926235722,0.636715770344681,0.0182611156294719,-78.5101508634574,18.8428297402711,160.329316995429
14.83612558,0.232941225495544,0.73476851015028,0.636812234820322,0.0179944307862069,-78.523505975176,18.8519039158059,160.275228664909
14.84617158,0.233662832952812,0.734238373736688,0.637170230757127,0.0176007973080423,-78.5760762536595,18.8815266609794,160.187856161852
14.85621758,0.233584759073099,0.734079356704453,0.637374581173142,0.0178690140606556,-78.6078262784141,18.9047908269062,160.219619610747
14.86626358,0.233512248802972,0.734003090776012,0.637489559639098,0.0178480738845917,-78.6261461022239,18.9004182288024,160.22784776613
14.87630958,0.233322282923012,0.733771991344424,0.637815573951594,0.0181843513722969,-78.6773638388945,18.9243526337567,160.278141421207
14.88635558,0.233249978326525,0.733314426067186,0.638353952967583,0.018671659355582,-78.7609103647707,18.9762676621858,160.33361350127
14.89640158,0.234032161499691,0.732367010432697,0.639157632213767,0.0185749992341006,-78.8823700987531,19.0488584169103,160.273340675975
14.90644858,0.234875532750177,0.731495777632255,0.639854903719818,0.0182514001437164,-78.9873898600408,19.1034117795472,160.188335252231
14.91649458,0.235513869359266,0.731230150370274,0.639931898446642,0.017968023802578,-78.9965421578528,19.1294280215248,160.10973703807
14.92654058,0.236090478934928,0.731250347431417,0.639701146596142,0.0177948919999367,-78.9577433866725,19.1522650249799,160.037023809587
14.93658658,0.235937637547291,0.731396491680711,0.639578190152099,0.0182302448561754,-78.9386396955092,19.1758283417733,160.079677697622
14.94663258,0.235553044550471,0.731414228749756,0.639678964586215,0.018942319058414,-78.9553837578732,19.2120964371869,160.169873195408
14.95667858,0.23596346320538,0.731321513695292,0.639628503178745,0.0191171535503538,-78.945108231138,19.2578193293936,160.142511824868
14.96672458,0.23640512984385,0.731272977717166,0.639526304636757,0.0189354778613211,-78.9270502863497,19.272939570909,160.0851359927
14.97677158,0.2368563315709,0.731201275759601,0.639450620796193,0.0186192396641701,-78.9132908109715,19.2775572178264,160.017830736979
14.98681758,0.237504600711971,0.731066293970316,0.639370113106229,0.0184254424012678,-78.8975711297424,19.3080581399395,159.940626379542
14.99686358,0.237789076289219,0.731003597787945,0.639329226721003,0.0186610578190017,-78.8893122966012,19.3497403889523,159.929703804368
15.00690958,0.237992233386895,0.731055820199774,0.639187994113401,0.0188624701680532,-78.865843711918,19.3794369006122,159.921385124608
15.01695558,0.238212749038053,0.73103431393118,0.639126691364178,0.0189892189618704,-78.8548941828339,19.4059932856808,159.90810598286
15.02700158,0.238523066504931,0.730964649153398,0.639090412441477,0.0189966617729777,-78.8475506558193,19.4295400636119,159.878391585784
15.03704758,0.239054299477598,0.730932390727301,0.638936784949649,0.0187261027753334,-78.8210840257568,19.442227263197,159.804725921443
15.04709458,0.239498741123053,0.730860454352948,0.63885790989295,0.0185450864297211,-78.8066473482529,19.4582001422498,159.747638063922
15.05714058,0.239883937799701,0.73083138942016,0.638748140426805,0.0184929642082134,-78.7874905261416,19.4802139803195,159.704612548124
15.06718658,0.240353485920633,0.730812721681713,0.638594685179977,0.0184335480538477,-78.7610536986826,19.506868587468,159.65193032936
15.07723258,0.240752954545162,0.730783368683772,0.638477562971857,0.0184413804930887,-78.7405584091624,19.5350853491374,159.611640403506
15.08727858,0.241082507547486,0.730802547755691,0.638333719478492,0.0183554712595891,-78.7164201892356,19.5488627767966,159.570516550142
15.09732458,0.241430482227948,0.730770330022438,0.638240288726393,0.0183134064698178,-78.699986827617,19.5693217365101,159.532103815209
15.10737058,0.241810170056142,0.730749140815569,0.638121580531562,0.0182861508970242,-78.6793972851496,19.5928346202851,159.491077832602
15.11741658,0.242311971374107,0.730812414855879,0.637864139441452,0.0180959231853106,-78.6367429367919,19.6074271910121,159.423132237468
15.12746358,0.242688741732374,0.730888098878348,0.637637491036329,0.0179775298427242,-78.5994655822959,19.6196117141113,159.37298426619
15.13750958,0.24307927237159,0.730907047897553,0.637468583341976,0.0179209354933672,-78.5710190958585,19.639921327622,159.327459281775
15.14755558,0.243506962382155,0.730904823796171,0.637309953943495,0.0178471405957404,-78.5440036927569,19.6618276216716,159.27742601508
15.15760158,0.243849321415621,0.730867194615523,0.637223460736678,0.0178020607443998,-78.5286734146999,19.6817219890231,159.23942559473
15.16764758,0.24420871551694,0.730816801113234,0.637143464941671,0.0178076264085934,-78.5141558072949,19.7076038124414,159.20359480498
15.17769358,0.244659983333834,0.730800497051836,0.636989725102372,0.0177824682730681,-78.4876578775393,19.735752200199,159.15488205445
15.18773958,0.245077809320988,0.730841446028364,0.636783136522364,0.0177450045459462,-78.4531102492829,19.7587472480483,159.107053551718
15.19778658,0.245538488537548,0.73093735230146,0.636498262858301,0.0176465020781218,-78.406221033093,19.7773908126009,159.048698861193
15.20783258,0.245889720297492,0.730984116735641,0.636308155543602,0.0176747764041102,-78.3744764784424,19.8015412930287,159.012294828428
15.21787858,0.24625171421626,0.731003704626523,0.636141254607564,0.0178320288853586,-78.3460050956153,19.8386362571195,158.984674931988
15.22792458,0.246703114642224,0.731015430094762,0.635948950878446,0.0179707002033752,-78.3130865578788,19.8802184304217,158.946512128024
15.23797058,0.247164898613673,0.731011489593209,0.635770473283505,0.0181002838894668,-78.2822744173214,19.9221676099202,158.907040356931
15.24801658,0.247658138468281,0.730947438609389,0.635647240339104,0.018272227288437,-78.2598017587141,19.9718547847906,158.869024430687
15.25806258,0.248100645636937,0.730845191291535,0.635584882989772,0.0185265354411519,-78.2469427569979,20.0267056507713,158.843314553858
15.26810958,0.248555279520105,0.730785051132523,0.63547069009151,0.01872122054083,-78.2260360824464,20.0757113770478,158.810783563365
15.27815558,0.248918982920016,0.730745193256896,0.635367223100108,0.0189550595901015,-78.2072466088345,20.1215306156622,158.789984406934
15.28820158,0.249214066351301,0.730673969146675,0.63532573872843,0.019212122560185,-78.1984967205823,20.1659140617381,158.779036362396
15.29824758,0.249576587114595,0.730611364178299,0.635250191485409,0.0193844245595951,-78.1841988686425,20.2069545931316,158.754671544749
15.30829358,0.249955439849273,0.730591459366275,0.635120795452895,0.0194928903473785,-78.1615096023117,20.2420254345746,158.722723463279
15.31833958,0.250334221702312,0.730617178354064,0.63493955713764,0.0195722998265762,-78.1307671981561,20.2730166963454,158.687288613662
15.32838558,0.250652149680949,0.730605699177961,0.634822599379765,0.0197250983703824,-78.1102779199121,20.30770887741,158.664616085743
15.33843158,0.251049307972837,0.730624294130659,0.634637968457354,0.0199257317245403,-78.0786325458999,20.350813440912,158.635917989444
15.34847858,0.251446668885304,0.730673177764352,0.634418728014952,0.0201036699664443,-78.0416122594882,20.3909120641005,158.604610294165
15.35852458,0.25176718849525,0.730717559769336,0.634235469015683,0.0202608115434779,-78.0107140776946,20.4242811676675,158.580124455159
15.36857058,0.252121891948719,0.730749654954593,0.634052403098936,0.0204216431367957,-77.9796244757317,20.4606008263059,158.552605052834
15.37861658,0.252421460341494,0.730783303171139,0.633887360486181,0.0206393890706599,-77.9515691789876,20.4982876934952,158.534883261183
15.38866258,0.252771446089877,0.730864403065524,0.633648614164943,0.0208147577491327,-77.9117638806377,20.533934656019,158.507273257843
15.39870858,0.25312072126459,0.730919367035756,0.633437790451589,0.0210557589830525,-77.8761925315624,20.5761874554384,158.485125987372
15.40875458,0.253459244976878,0.730939124026314,0.633269893694999,0.0213459561257002,-77.8472980098807,20.6232466361447,158.468648623797
15.41880158,0.253829127135712,0.730980162505396,0.633067304297305,0.0215537576967376,-77.8129384536098,20.6643407085176,158.442320888037
15.42884758,0.254199514132278,0.730995575387312,0.632891694421692,0.0218215240330539,-77.782673092218,20.7116105744562,158.420910560308
15.43889358,0.254643069663645,0.73096079551886,0.632744068391832,0.0220944880380799,-77.7563064840421,20.7657567130791,158.393571630561
15.44893958,0.255092874953166,0.730930521399447,0.632588337909951,0.0223649899438111,-77.7286291371554,20.8199268460081,158.365194082682
15.45898558,0.25559295782534,0.730946627469799,0.632360802847067,0.0225628615923316,-77.6895241474902,20.8693640683725,158.324790480955
15.46903158,0.255975741182309,0.730979741419404,0.632161544049679,0.0227336707400077,-77.6556223644891,20.90820299815,158.294503003382
15.47907746,0.256228766588506,0.731001112717498,0.632025191547738,0.0229858571160147,-77.6322368097334,20.9462167576073,158.284206228202
15.48912446,0.256622943812384,0.731000570191048,0.631859299929583,0.0231658408421755,-77.6034472247571,20.9877091148104,158.254341894633
15.49917046,0.25709313822453,0.730980895223318,0.631685557515892,0.0233110600834978,-77.5729869989387,21.0316697810863,158.214431921796
15.50921646,0.25746437205832,0.730975055715785,0.631532085141554,0.0235539907166702,-77.5461576380431,21.077400061858,158.191519843644
15.51926246,0.257758396316025,0.730961465870755,0.631416637957392,0.0238531727711889,-77.5256796205798,21.1233740426786,158.181081109093
15.52930846,0.258095436421141,0.730948027340263,0.631285003341269,0.0241033520982569,-77.5024698981491,21.1677755147846,158.162541904986
15.53935446,0.258517700288488,0.730931026196717,0.63112544837314,0.0242714234516391,-77.4744595258717,21.2105154045258,158.12914473815
15.54940046,0.258935919546471,0.730913801242612,0.630972438085147,0.024310226214182,-77.4476982155192,21.2415275693518,158.087148005201
15.55944646,0.259312527073593,0.730883179697469,0.630850251389088,0.0243875226365507,-77.4259603499657,21.2737049272614,158.05274396489
15.56949346,0.259758329257043,0.730922125923424,0.63061938738754,0.0244467680509367,-77.3867825039621,21.3063597282104,158.007266940143
15.57953946,0.260168825864822,0.730993784077999,0.630368609300047,0.024406681392032,-77.3448853464094,21.3267876376405,157.957592983308
15.58958546,0.260434420040033,0.731066089334632,0.630176291059745,0.0243747424512132,-77.313086826299,21.3385669918854,157.924163965254
15.59963146,0.260629452258698,0.731161717096107,0.629984312271488,0.024384387632749,-77.2817442194622,21.3486864790426,157.900504467935
15.60967746,0.260831385943448,0.731257926832038,0.629789737185747,0.0243663597535096,-77.2500005051378,21.3567610144813,157.874142943103
15.61972346,0.261045196676007,0.731367631003772,0.629576118929771,0.0243044046551876,-77.2152842975246,21.3612216655666,157.842986665106
15.62976946,0.261173215837851,0.731469782256353,0.629404898429486,0.0242895617030892,-77.1876926120998,21.3646060595404,157.824668368688
15.63981646,0.261351502890337,0.731553338579524,0.629235249648651,0.0242508834831942,-77.1600528946914,21.3697262855971,157.799837202275
15.64986246,0.261675105267244,0.731616223543094,0.629031210595431,0.0241573348853983,-77.1261602302034,21.3799784898706,157.756061879324
15.65990846,0.261903740481572,0.731694348649728,0.628846979424804,0.0241099013708393,-77.0959234012335,21.3877005108763,157.725302549235
15.66995446,0.262087706214983,0.73186365955192,0.628577432977125,0.0240006006201603,-77.0528055219929,21.383901530472,157.692104772732
15.68000046,0.262313300106088,0.731943994498255,0.628393319764307,0.0239072620972143,-77.0227150390944,21.3872387295302,157.658408907846
15.69004646,0.262557019997138,0.731952577304622,0.628280284948551,0.0239399117022312,-77.0033297520769,21.4054016098811,157.633813623836
15.70009246,0.262753185029647,0.732083311501455,0.628053483803184,0.0237404772598089,-76.9670176968142,21.3956515422776,157.594307584493
15.71013846,0.262903240200923,0.73220379438597,0.627860382484738,0.0234697653325182,-76.9364629010317,21.3769603242051,157.555247375443
15.72018546,0.263193898431049,0.732208002538644,0.627746404171943,0.0231271463054035,-76.9174661040003,21.3648673067528,157.49972009751
15.73023146,0.263493390153059,0.732216355334132,0.627625577053798,0.0227283381428253,-76.8975125713998,21.3481765035096,157.439208893281
15.74027746,0.263649895067802,0.732213415695498,0.62756677362887,0.0226316447329666,-76.8875017295093,21.3496351885599,157.415542955217
15.75032346,0.263758493503241,0.732163517581266,0.627578086956712,0.0226668347962797,-76.8884238159148,21.3614189826518,157.407760521832
15.76036946,0.263894030513768,0.732082856396564,0.627620376594813,0.0225232083067782,-76.8944305106417,21.3600956710079,157.385700162869
15.77041546,0.263960160254303,0.732002549686871,0.627691570604938,0.0223739411358215,-76.9054424568965,21.3538481550313,157.370815286134
15.78046146,0.263896330519663,0.731960295317273,0.627771565396867,0.0222646467853309,-76.9186288289854,21.3415572060522,157.371625070542
15.79050846,0.263779722324683,0.731949366411049,0.627838892890162,0.0221067337079081,-76.9303313765291,21.3204875623645,157.373800509479
15.80055446,0.263634714369327,0.7320896294898,0.627740176593803,0.0219950554187116,-76.9162393347901,21.2964134294955,157.377297291793
15.81060046,0.263493093596809,0.732168702056457,0.627713082345174,0.0218327187602972,-76.9134198523041,21.2701993506098,157.378934242338
15.82064646,0.263424515272476,0.732099993796684,0.627825143966588,0.0217419511472305,-76.931587705027,21.2601803959118,157.382393283127
15.83069246,0.263322594068204,0.732089362833799,0.627882038956411,0.0216915060504014,-76.94128514751,21.2495855279293,157.390367343774
15.84073846,0.26310044600566,0.732026136343036,0.628051684924562,0.0216095369161029,-76.9694554146928,21.2303789082994,157.410981820251
15.85078446,0.262984389659903,0.73201797444819,0.628115636662482,0.0214392831051716,-76.9806635501309,21.2081445714088,157.412116238721
15.86083046,0.262957923408221,0.731967309242585,0.628188970934101,0.0213449177501495,-76.9925205916337,21.1998481176332,157.410125765606
15.87087746,0.262979266185295,0.731814736825747,0.628358530673936,0.0213226042171046,-77.0188535811996,21.2045693892888,157.411240788945
15.88092346,0.263201427575731,0.731718525504519,0.628380627401879,0.0212319349474076,-77.0210229931938,21.2140361196863,157.383913279974
15.89096946,0.26331887883958,0.731682060847219,0.628370550924097,0.0213302745500446,-77.0183873127578,21.2315325305094,157.379116901425
15.90101546,0.263284190628647,0.731666868278617,0.628399260644059,0.0214335729727979,-77.022824891739,21.2390339902424,157.390542110791
15.91106146,0.263124992975114,0.731728699272203,0.628394505031193,0.0214171608729779,-77.02321462819,21.2252681934791,157.404726144981
15.92110746,0.262913114814534,0.731864336868672,0.628325300946555,0.0214150103600341,-77.0138821197562,21.2068289304764,157.423219531984
15.93115346,0.262810278455315,0.731967570331924,0.628254962347554,0.0212116903214595,-77.0041660498109,21.1785963468932,157.416975122375
15.94119946,0.262709303889201,0.732097140032396,0.628158886768644,0.0208329589836848,-76.9909235738801,21.1339690808083,157.397534944177
15.95124646,0.262677913713899,0.732133433248817,0.628139366235546,0.0205398673661886,-76.9889194199755,21.1046500193396,157.379488160839
15.96129246,0.262798332485608,0.732120615563678,0.628115644525016,0.0201786474365449,-76.9854471114017,21.0806614302492,157.341805457778
15.97133846,0.262860903917121,0.73209328601955,0.628132470095128,0.0198284081348961,-76.9886762916254,21.0544762733058,157.311645817752
15.98138446,0.262930998955087,0.732078119721814,0.628125875683563,0.0196672496758369,-76.9876599391516,21.0451462913906,157.293358548879
15.99143046,0.26295737064865,0.732028530673186,0.628174220581435,0.0196163222575107,-76.995159422615,21.0440439383491,157.288570544713
16.00147646,0.262930253164703,0.731921304638402,0.628310306265568,0.0196225591509833,-77.0165051421787,21.0466478977731,157.295422708267
16.01152246,0.263017707273042,0.731884206150012,0.628318823391794,0.0195614575262295,-77.0174241669864,21.0480895185967,157.28288164223
16.02156946,0.262989878736402,0.731947412290985,0.628259125642967,0.0194879544611194,-77.0085446005126,21.0375612959358,157.278773814109
16.03161546,0.262889731190047,0.73202440359416,0.628213052337711,0.0194325152766162,-77.0022218597903,21.0235516901927,157.283336560993
16.04166146,0.262908303212116,0.732106749561736,0.628113582323129,0.0192940158982136,-76.9870464547489,21.009522876152,157.269068087464
16.05170746,0.262880021884551,0.732142293092738,0.628091617789083,0.0190440652692169,-76.9846046318843,20.9842563210571,157.253694561842
16.06175346,0.262790148547211,0.732179083234773,0.628095234978016,0.0187484318793129,-76.986718105148,20.9509686801823,157.241813429061
16.07179946,0.262663673711629,0.732197587886134,0.628133766154083,0.0185056376038509,-76.9943502470776,20.9206952929097,157.238151480555
16.08184546,0.262568830057547,0.732216617472449,0.628157453493587,0.0182933922460619,-76.9993687711498,20.8951296285001,157.233145525234
16.09189146,0.262542615351786,0.732228147992938,0.628157133338841,0.0182189529502931,-76.9997417391716,20.8864399595712,157.230467436177
16.10193846,0.262621306047386,0.732202581891258,0.628157952568971,0.018083564529701,-76.9997922821795,20.8803133836965,157.213366406721
16.11198446,0.262705624158742,0.732140076127783,0.628202245202066,0.0178494561837084,-77.0069025637246,20.8670768455425,157.190000880029
16.12203046,0.262654571832385,0.732115073905357,0.628257789511516,0.0176704378611383,-77.0164908079131,20.8488064611525,157.183944728572
16.13207646,0.262569875912554,0.732112634044102,0.628298414631762,0.0175856051214538,-77.0236643193348,20.8359693680889,157.187339487147
16.14212246,0.262472032095595,0.732089374480297,0.628366199899275,0.0175925826643368,-77.0348317659374,20.8311895904766,157.199185673265
16.15216846,0.26243881327706,0.732105228519194,0.628362778239676,0.0175505721702465,-77.0346660788684,20.8247837145094,157.199372285682
16.16221446,0.26246400228923,0.73210780599484,0.628350592940597,0.0175025785226211,-77.0327690368158,20.822029922479,157.193230958196
16.17226046,0.262416935394677,0.732029825518755,0.628460755880809,0.017514704872442,-77.0501669100984,20.8228692470505,157.201670877359
16.18230746,0.262380122878118,0.731829382023838,0.62871044329894,0.0174815677764239,-77.0893498999134,20.8246612157503,157.209773186943
16.19235346,0.26238192357692,0.731657254944067,0.628913439534918,0.017357218675444,-77.1213359834665,20.8198068798729,157.20645162402
16.20239946,0.262260656972989,0.731561234387022,0.629076957742867,0.0173115390191878,-77.1477330219901,20.8114134124627,157.219495011018
16.21244546,0.262130291045614,0.731602008666397,0.629082375398361,0.0173659550497788,-77.1492532825698,20.8065009053984,157.23610108061
16.22249146,0.262031232253798,0.731666989916263,0.629046548169379,0.0174209479254296,-77.1441487083476,20.8027818086287,157.248580157143
16.23253746,0.261946323041883,0.731682714819767,0.629063289457521,0.0174329152953851,-77.1472743538601,20.7978790285856,157.258110537113
16.24258346,0.261912782039182,0.73174284229767,0.629008066077048,0.0174057507920514,-77.1389982734452,20.7912118181001,157.257941605961
16.25262946,0.261785958775266,0.73177582348252,0.62902096547414,0.0174608404315292,-77.1416572255807,20.7868594606932,157.274454612937
16.26267646,0.261695953162033,0.731809906628004,0.629016826957089,0.0175305466133475,-77.1413740113488,20.7861128082713,157.28795673318
16.27272246,0.261720112743833,0.731875175945164,0.628929844358613,0.017565884425269,-77.1275664163077,20.7884954242922,157.285709607461
16.28276846,0.261768982775785,0.731885185793949,0.628896436741527,0.0176166491052792,-77.1218763709275,20.7957665908533,157.283617258012
16.29281446,0.261818261003266,0.73187085035011,0.62889181717047,0.0176447983569452,-77.1207368886671,20.8019115724215,157.280687704304
16.30286046,0.261875260276458,0.731874850740981,0.628861501020762,0.0177133690165873,-77.1154141592013,20.8114932779438,157.279139580388
16.31290646,0.261949814066239,0.73187558418773,0.628825306377442,0.0178650004155833,-77.1087846722791,20.8296856479522,157.281552970671
16.32295246,0.261880731726586,0.731910413900028,0.628808529604583,0.0180405507554519,-77.1060556305895,20.8396506987196,157.300105693813
16.33299946,0.261908910875735,0.731947128510715,0.628750338252827,0.0181696344421609,-77.0963944340724,20.8516210467653,157.304827689384
16.34304546,0.261945757628226,0.732017490369727,0.628649477035974,0.0182934107202122,-77.0800575728029,20.8624897445654,157.307160388406
16.35309146,0.261729656646138,0.732155780514244,0.628575015937474,0.0184105738823409,-77.0695392054551,20.8542701036637,157.334289736073
16.36313746,0.261594424369503,0.732385868662729,0.628355633169284,0.0186680150620536,-77.0355025324595,20.860449222781,157.359424034418
16.37318346,0.261573552596245,0.732543155737581,0.628170114356054,0.0190291616764547,-77.0056589791317,20.8856947059315,157.381658350511
16.38322946,0.261666531720494,0.732604024957107,0.628048813559992,0.0194076423066046,-76.985005136695,20.9231201691796,157.395817062024
16.39327546,0.261916769670162,0.732638792844879,0.627892394247166,0.0197774171950755,-76.9578735469724,20.9707008802872,157.393112648097
16.40332146,0.262109738979952,0.732584691487635,0.627862944286491,0.0201563320504097,-76.9508645606762,21.0185647341936,157.400107218782
16.41336846,0.262253678178088,0.732546551609879,0.627839499558896,0.0203990391973374,-76.9455354548693,21.0506392323995,157.402481865313
16.42341446,0.262225127992504,0.732594250293805,0.627786771121387,0.0206740584007,-76.9367413791363,21.0716001156817,157.423061187115
16.43346046,0.262045776209799,0.732581861289405,0.627859591391975,0.0211698176056724,-76.9479253841578,21.1046888957125,157.477261324591
16.44350646,0.261944489909963,0.73255967294631,0.627923491593001,0.0212955038508011,-76.9582245616873,21.1101853790423,157.497694503249
16.45355246,0.261727520888634,0.732581404117839,0.627986299544006,0.0213634907084966,-76.969298920208,21.1016445709832,157.525286805337
16.46359846,0.261440706159864,0.732587818262857,0.628092028714637,0.021546441948299,-76.987231785177,21.0993957381654,157.568919216231
16.47364446,0.261332216734136,0.73264461871276,0.628071299551584,0.0215355020290025,-76.984769748814,21.0895270133553,157.578106094445
16.48369021,0.261339484281836,0.732551950989008,0.628167618685442,0.021788893789346,-76.9990709092176,21.1157342038792,157.597869195707
16.49373721,0.261322652849481,0.732481499369017,0.628248425701382,0.0220281591051574,-77.0111744228953,21.1383711185783,157.618556024483
16.50378321,0.260970973421091,0.732561393389184,0.62829146759529,0.0223111562744373,-77.019582479267,21.138292901586,157.673764111612
16.51382921,0.260497364906793,0.732632890661548,0.628388724320069,0.0227548136647394,-77.0369172695526,21.1449770528857,157.753605004532
16.52387521,0.260143662579997,0.732659682001126,0.628496438424772,0.0229628412190544,-77.0556346407373,21.1399128884654,157.805549233411
16.53392121,0.259800369088945,0.73272113595352,0.628566069402937,0.0229826356968082,-77.0687647688933,21.1175843771374,157.842178285721
16.54396721,0.259533331537859,0.732729802955258,0.628661431497309,0.0231147188986234,-77.0851442223653,21.1119189736472,157.880020835831
16.55401321,0.259454305782286,0.73274828092409,0.628664803128119,0.0233234929139523,-77.0857623922511,21.1247682606181,157.902459472706
16.56405921,0.259575315277217,0.732829232478807,0.628516049589878,0.023442421615299,-77.0615125047125,21.1403097520383,157.894927915507
16.57410621,0.259760528281321,0.732875842415438,0.628381314921729,0.0235455008039999,-77.0390452287685,21.1597287456086,157.880440408232
16.58415221,0.259821540104759,0.732937271369233,0.628282682977166,0.0235922403859419,-77.0231635156734,21.1656779805263,157.87504319598
16.59419821,0.259755482700054,0.733005704846316,0.628230026546531,0.0235957541808148,-77.0154002762273,21.1594123587873,157.880221435483
16.60424421,0.259699717378872,0.73297695696083,0.628282815454122,0.0236968597670227,-77.0237961500368,21.1658150129999,157.894216699117
16.61429021,0.259820352658383,0.73294633437151,0.628268158238493,0.0237102640105653,-77.0206643850274,21.1757790184152,157.883046690559
16.62433621,0.259973576961184,0.732911495189915,0.628246228468265,0.023688729723028,-77.0162486593066,21.1848677138018,157.866054006631
16.63438221,0.259968262492445,0.732975054962698,0.628171053707065,0.0237739055193791,-77.0043946123103,21.1899134034792,157.870445573241
16.64442821,0.259887466255254,0.733021520625999,0.628144320607174,0.0239304757897645,-77.0004605368513,21.197063059327,157.888537092511
16.65447521,0.259835446293246,0.732993364069715,0.628192271518083,0.0240985286750646,-77.0079521916254,21.2096359105977,157.906742676904
16.66452121,0.259736141579379,0.732920387261198,0.628311191490478,0.0242876376407414,-77.0267968845056,21.2225856723952,157.933015238819
16.67456721,0.25970430357837,0.732801056663077,0.628458140802341,0.0244264470526588,-77.0496613710277,21.2369666163428,157.950002111658
16.68461321,0.259718612719375,0.732807471164214,0.628443483194432,0.0244589624367558,-77.047217244685,21.2405528368271,157.950488685827
16.69465921,0.259639897909833,0.732857687693097,0.628412726173458,0.0245800444617527,-77.0427320597252,21.2445498519396,157.965773957046
16.70470521,0.259611413943068,0.732886186449787,0.628387992687083,0.0246633758489745,-77.0389160177884,21.2491545421509,157.973701473182
16.71475121,0.259665707260533,0.732948311847771,0.62829459618797,0.0246250489011672,-77.0240531879568,21.2471020135736,157.963107677275
16.72479721,0.259716760915581,0.732952274352396,0.628269268781533,0.0246149045475996,-77.0197745520359,21.2493349088581,157.956728090322
16.73484421,0.259927347857286,0.732990831016212,0.628142227274597,0.0244858693239178,-76.9987723083846,21.2500297265111,157.923644990234
16.74489021,0.260112880861033,0.733044985576613,0.628007796894074,0.0243422548546556,-76.9768255068907,21.2472786178824,157.891760224885
16.75493621,0.260160484929265,0.733137709071466,0.62787774276965,0.0243959372294053,-76.9561257451323,21.2519107274385,157.887248981828
16.76498221,0.260080441749057,0.733318115508431,0.627696311465733,0.0244958335047528,-76.9282096904399,21.2494778627382,157.896928367583
16.77502821,0.259952815760941,0.733508424201262,0.627520632964308,0.0246532027901748,-76.9014140363527,21.2487788868291,157.915425934152
16.78507421,0.259985982674123,0.73357239767983,0.627423950375231,0.0248598606346734,-76.8857303551795,21.2670814707356,157.923991011219
16.79512021,0.260005234181402,0.733540502732425,0.627443106240119,0.0251148856474885,-76.888106186097,21.2920871320898,157.940565808939
16.80516621,0.260018568717947,0.733582779127048,0.62737813615181,0.0253638397879343,-76.8774396730874,21.3136314434337,157.954916125861
16.81521221,0.260083184970225,0.733613604847162,0.627305890067455,0.0255956239536007,-76.8653246623539,21.3373204140851,157.962870463867
16.82525921,0.26010865126126,0.733622598924683,0.62727593397455,0.0258122944040011,-76.8601053901649,21.357912179771,157.974760715112
16.83530521,0.260051954740669,0.733589979999717,0.627328889728158,0.026022801386636,-76.8683984400179,21.3741288214739,157.996550849705
16.84535121,0.259982146327353,0.733605615883538,0.62733579375594,0.0261129432995097,-76.8698111515699,21.3771483319504,158.009859429087
16.85539721,0.259953258152632,0.733661477053426,0.627278193383339,0.0262146670654112,-76.8608684810928,21.3824391142968,158.01817709471
16.86544321,0.25998867859286,0.733710114056147,0.62719412263044,0.0265120363813485,-76.8470452167569,21.4094930198837,158.033232874709
16.87548921,0.260019711128401,0.733737921376653,0.627133880676841,0.0268609059001707,-76.8369047537729,21.4415620716463,158.05300465057
16.88553521,0.260040452207992,0.733755420417131,0.627092426285308,0.027148390735884,-76.8298754080382,21.4678662478292,158.069998526242
16.89558121,0.260071521300266,0.733723833463286,0.627099273734933,0.0275434365616269,-76.8301747537582,21.5060750182873,158.094921068927
16.90562821,0.260045835804721,0.733651433932376,0.62716631397204,0.0281806917643566,-76.8399972248009,21.5635873629824,158.144110271854
16.91567421,0.259993365146886,0.733579981650429,0.627242261632899,0.0288271716094297,-76.851486060228,21.6201627878151,158.196836034645
16.92572021,0.259918088724327,0.733493890588584,0.627346682222538,0.0294183603806958,-76.8677354890247,21.6708423376227,158.248740570695
16.93576621,0.259872015697151,0.733369387280757,0.627490566814004,0.0298574248117336,-76.8901574598396,21.7111472960371,158.288270725314
16.94581221,0.259915665407969,0.733136164269633,0.627725710997074,0.03025959796099,-76.9262975708944,21.7575794375223,158.319153927321
16.95585821,0.259938812532138,0.73297085241426,0.627892778315285,0.0305974212966915,-76.9520373354291,21.7946688738099,158.345555626469
16.96590421,0.259849578697555,0.732876336453855,0.628026640713939,0.0308708676626466,-76.9734501754735,21.8164239611394,158.377394665795
16.97595021,0.25980423581322,0.732797363379127,0.628115391652867,0.0313183340373513,-76.9874410858482,21.855933223858,158.415943710083
16.98599721,0.259880486225219,0.732689210480797,0.628191898706018,0.0316795221633546,-76.9987378303406,21.8965627838054,158.436252691494
16.99604321,0.259927814915846,0.732619585223369,0.628248555733147,0.0317777689498092,-77.0072419513906,21.9106710201694,158.440244624531
17.00608921,0.259976958307707,0.732508122905127,0.628347957770528,0.0319792900591331,-77.0224029360085,21.9354734615035,158.452605434395
17.01613521,0.260214604704919,0.73229745933263,0.628477341083706,0.032326804630106,-77.0409119425264,21.9886947269891,158.457851988178
17.02618121,0.260445384793448,0.732097979587435,0.628592731047523,0.032740316095065,-77.0573036457721,22.0469597792879,158.468035958505
17.03622721,0.260501797974019,0.731955769175677,0.628718691001943,0.0330510636371935,-77.0766391744546,22.082950056084,158.488233634809
17.04627321,0.260358272454678,0.731844420165319,0.628889380009051,0.0333985381287014,-77.1044481424351,22.1082810974407,158.531796134209
17.05631921,0.260294003777705,0.731657410912444,0.629120016427104,0.0336521854421465,-77.1411348262776,22.1328908109556,158.562817659452
17.06636521,0.260326790446037,0.731292747369336,0.629508502218197,0.0340576783717879,-77.2020075380708,22.1831276739396,158.599885288279
17.07641221,0.260223542968412,0.731049510868587,0.629820416506831,0.0343010684225533,-77.2518393327855,22.206124844243,158.636445492945
17.08645821,0.260016737281843,0.730998566317227,0.629961342908252,0.034367118248351,-77.2754801705035,22.2002987418542,158.66539763124
17.09650421,0.259420437383427,0.730838805009772,0.63034696055408,0.0351907243448258,-77.340761056807,22.240011636183,158.793210375463
17.10655021,0.259137860445921,0.730680307957863,0.630618788049767,0.0356903489021394,-77.3858873554519,22.2711892736364,158.864247955539
17.11659621,0.259330528865933,0.730581872333884,0.630674969693947,0.0353112902167383,-77.3931007362309,22.2533123737842,158.820303669465
17.12664221,0.259425817604666,0.730334790971825,0.63092475152034,0.0352604052059617,-77.43173004486,22.2630949880692,158.814927579112
17.13668821,0.259708062740829,0.729911366565594,0.631292297092987,0.0353716657342085,-77.4877475989884,22.3051772974217,158.806519616495
17.14673421,0.259937105871567,0.729813521467994,0.631321695854879,0.0351829677048298,-77.4906431958274,22.3065471475854,158.771779462651
17.15678121,0.259830794577205,0.729952666662008,0.631217900788683,0.0349431587915285,-77.4748634451444,22.2738221585081,158.761899463756
17.16682721,0.259710394417744,0.730002688763826,0.631209968131452,0.0349365361828472,-77.4744485496869,22.2637741481376,158.772855394432
17.17687321,0.259644207252857,0.729939702364302,0.631309013052209,0.034954922277061,-77.490526531723,22.2631746815103,158.783542354836
17.18691921,0.259489629029224,0.729681520499093,0.631655666283805,0.0352296795326156,-77.5464356975923,22.2859383557209,158.828470598962
17.19696521,0.259743463746219,0.72910552716587,0.632192719457839,0.0356486852744558,-77.6297463675629,22.3584097562522,158.849921905109
17.20701121,0.260063559491225,0.728607998263562,0.632626166418106,0.0357975341923248,-77.6961134477141,22.4087003964546,158.842654932209
17.21705721,0.259971393275093,0.728537510805874,0.632755264653518,0.0356194480676584,-77.716970163551,22.3892400809562,158.842757350102
17.22710321,0.259849172752279,0.728620066166811,0.632723792831731,0.035380907049675,-77.7126190233645,22.357469656428,158.836596214207
17.23714921,0.259754426512761,0.728716963573254,0.632660713298291,0.0352086176454369,-77.7031577565738,22.3328820810709,158.83155909689
17.24719621,0.259427336140838,0.728889266394074,0.632608064583253,0.0349990174520516,-77.6969176018819,22.287386391516,158.846649450995
17.25724221,0.258953125672027,0.729313022129733,0.632341974494059,0.0344879942826235,-77.657801911195,22.1974109220217,158.848071180305
17.26728821,0.258433907349314,0.729778385947276,0.632049718726497,0.0338906475906066,-77.6149176675569,22.0954992890724,158.846977336952
17.27733421,0.257970675926019,0.729931946569003,0.632089857028459,0.0333601016485637,-77.6241302036721,22.0133428781877,158.855140490928
17.28738021,0.257652871644879,0.729733440733615,0.632471100297904,0.0329303886431044,-77.6861329353518,21.9610870715503,158.866486193533
17.29742621,0.257595036727379,0.729408210029683,0.632912187318278,0.0321033228608489,-77.755705439669,21.8947603264012,158.826094414402
17.30747221,0.25799410619068,0.728941490365537,0.633341281309841,0.0310188037059976,-77.8204430319743,21.8401525369093,158.722839205617
17.31751821,0.258725340811818,0.728320185937227,0.633816020366577,0.0298019647816504,-77.8904520407986,21.8007060294743,158.579412516341
17.32756521,0.259445556211115,0.727603227989572,0.634396944687137,0.0286716332476215,-77.9775772781281,21.7715085674969,158.446303596446
17.33761121,0.260099762416471,0.726887959820514,0.634989340343987,0.0277586942843932,-78.0671305894981,21.7573185812419,158.335384273086
17.34765721,0.260688968965815,0.726310154720415,0.635440367268347,0.0270251781754702,-78.1349036740324,21.7502759609325,158.239393966953
17.35770321,0.26110400678489,0.726045427576245,0.635592364076569,0.0265533701074237,-78.1565492556555,21.7445650964581,158.170136731796
17.36774921,0.261178351031452,0.726093951040297,0.635523681697653,0.0261360520477558,-78.1455835273582,21.7109618838558,158.131157987729
17.37779521,0.260956719785044,0.726398430125599,0.635279472004704,0.0258244759776435,-78.1087960398238,21.6588041187652,158.123158985555
17.38784121,0.260625954722028,0.726845303653096,0.634911092263615,0.0256499747230719,-78.0530607671672,21.6068522783721,158.131894278105
17.39788721,0.260368248265972,0.727128410246683,0.634690420957255,0.0257044714425843,-78.0199190163912,21.585384732486,158.154229208656
17.40793321,0.260291388631467,0.727156056416998,0.634680641572053,0.0259411995495569,-78.0186375491402,21.600361057185,158.178232706783
17.41798021,0.260489172276921,0.727120259883487,0.634636594645926,0.026036734236039,-78.0103256929418,21.6228666992321,158.16470220428
17.42802621,0.260790425727546,0.727095493301693,0.634544867025614,0.0259482022625907,-77.9940119591909,21.635471025442,158.12668400275
17.43807221,0.26100518610649,0.726982201797637,0.63458666273769,0.0259410595469218,-77.9992045759951,21.6526138570386,158.106676325884
17.44811821,0.261102790066705,0.726788156794241,0.634760659750205,0.0261383434153012,-78.0257842243922,21.6829120512125,158.116384394928
17.45816421,0.261142059303252,0.72666349945857,0.634877293858375,0.0263781189728784,-78.0436862545925,21.7108291246561,158.133093943874
17.46821021,0.261269222051463,0.726597285961509,0.63489251870867,0.0265756905790599,-78.0450854863464,21.7387709198995,158.135369297706
17.47825621,0.261428382683306,0.726481884816878,0.634954097715599,0.0266939235534527,-78.0536574565842,21.7634430364948,158.130253128382
17.48830221,0.261377107372552,0.72637130064755,0.635097231316909,0.0268001513193725,-78.0764770540994,21.7731986831971,158.146962997475
17.49834921,0.261124006253234,0.726252536428753,0.635330808199979,0.0269494126285861,-78.1148532990147,21.7738733097976,158.188853619978
17.50839521,0.261005750711775,0.726032546725033,0.63562134706236,0.0271706155612362,-78.1613158220627,21.793046853553,158.224561824287
17.51844121,0.260968492752101,0.725902563737921,0.635786821793538,0.0271298909522934,-78.1877043438125,21.7913694420153,158.230088968692
17.52848721,0.260808013639078,0.725889832378741,0.635881299836936,0.0267974586200137,-78.2038758139419,21.7520014854153,158.224542062231
17.53853321,0.26072062229626,0.725914999633505,0.635904574636327,0.0264110274910205,-78.2083961492846,21.7113739559661,158.206007802097
17.54857921,0.260376384781086,0.726098168140811,0.635857374637284,0.0259034281567592,-78.2035772683765,21.6380141500184,158.20148983018
17.55862521,0.259763977054342,0.7262540940614,0.635946313597244,0.025494181807686,-78.2218842230056,21.5567372796846,158.233752585613
17.56867121,0.259952804098839,0.726292159472951,0.635847848578646,0.0249349591372096,-78.2057278929091,21.518460998062,158.172774630103
17.57871721,0.260569875828925,0.726361982701624,0.635549869743309,0.024041068310871,-78.1559281310358,21.4774700162904,158.040967528217
17.58876421,0.2607125530204,0.726268915355903,0.635618722768717,0.0234790662337999,-78.1666406587605,21.4403137423775,157.989112352113
17.59881021,0.260940507957057,0.726096224154586,0.635721526171149,0.0235045897260941,-78.1813459772789,21.4632383013393,157.971942185277
17.60885621,0.261212259079429,0.726077600196598,0.635634682072582,0.02340993690419,-78.1660768238103,21.473201148609,157.936524709548
17.61890221,0.261371061308357,0.725789984479816,0.635908984150926,0.0231047747331604,-78.2087315325775,21.4663570253469,157.907351580219
17.62894821,0.26180725671456,0.725315574626558,0.636263385438549,0.0233062628067992,-78.2615216451794,21.5285951726356,157.889954007981
17.63899421,0.262434417635137,0.725431133237532,0.635877753934754,0.023180367147878,-78.1969294462476,21.554368043955,157.809428527403
17.64904021,0.262544527263718,0.726046049232886,0.635141028054258,0.0228775015980528,-78.0806616756591,21.513832578957,157.75597912986
17.65908621,0.262843029384177,0.726734639628785,0.634246512051058,0.0223979333608209,-77.9388654877247,21.4672446265642,157.667355085058
17.66913221,0.264101871045378,0.727212348319665,0.633190688576299,0.0219534521659,-77.7656574493482,21.4927402732845,157.483890538461
17.67917921,0.265576493350921,0.727751401718889,0.631981673823382,0.0211231490791073,-77.5681025644467,21.495229393715,157.247731524599
17.68922521,0.266950231705326,0.728583996736482,0.63046953378496,0.0202756124677543,-77.324284657933,21.4785544376728,157.011481652852
17.69927121,0.268146863293612,0.729649902562081,0.62872822640926,0.0202261393550286,-77.0440784310689,21.5121798236472,156.841978020573
17.70931721,0.269103245247697,0.731317777052747,0.626364485112881,0.0206224187005731,-76.6675559811609,21.5477505951706,156.709112389962
17.71936321,0.270282644844792,0.732889059519268,0.623978685305278,0.0217144794402962,-76.284387112254,21.6619615103059,156.601666374198
17.72940921,0.272118350200042,0.733561190784977,0.62233369580081,0.0232455141788145,-76.0102609873844,21.8884570784574,156.480190218937
17.73945521,0.274315383922644,0.733408673454219,0.621468778818634,0.025285268421981,-75.8528491072896,22.2126851837129,156.379422409395
17.74950121,0.27731924941433,0.732417293398631,0.621214107980468,0.0274221494585559,-75.7836695040477,22.6262452320046,156.222337897611
17.75954721,0.281678323392609,0.730888623566748,0.621003427575109,0.0285286699900232,-75.712608540665,23.0509151811013,155.859753450435
17.76959421,0.286062917509743,0.729113897441363,0.621042728261737,0.0294425110494746,-75.6799210082301,23.468727918863,155.487233700294
17.77964021,0.291109363239756,0.727857848198821,0.620153775196979,0.0297923909490679,-75.4964976208941,23.8556881132216,154.978706422606
17.78968621,0.296210871769933,0.727395134782818,0.618285250727963,0.0296443261323653,-75.1588614919552,24.1678968496868,154.396231864933
17.79973221,0.300523302849856,0.727248750919739,0.616367265303032,0.0297723528253184,-74.8184068436047,24.4418351528174,153.907261790673
17.80977821,0.304249185811885,0.727363681272601,0.614364147869274,0.0305156011121546,-74.4667742772257,24.7229826414153,153.51376490723
17.81982421,0.30765106543809,0.727648466988889,0.612265863117429,0.0317654416716805,-74.1003409159024,25.0213937706012,153.181352717169
17.82987021,0.311184242646005,0.727560748063119,0.610494692427658,0.0334059204981121,-73.7809358528934,25.3763565436262,152.869206721822
17.83991621,0.316013174940295,0.72694132218654,0.608730166602323,0.0337575418262037,-73.4524166158316,25.7097878501633,152.334213788811
17.84996321,0.321669912434348,0.725570663447584,0.607442936524651,0.0329963429037282,-73.1925821088171,26.0193452582259,151.65188904405
17.86000921,0.327590266641095,0.723984683180753,0.606261516745818,0.0312692985968769,-72.9500926338504,26.2627161655829,150.878593110329
17.87005521,0.333275243775402,0.722781964622107,0.604702368089984,0.0291357088436044,-72.6536879708671,26.4349956912557,150.087603641167
17.88010121,0.338780768387309,0.721478449631705,0.603290491613947,0.0271481199374444,-72.3818999359078,26.6115930835393,149.327438562113
17.89014721,0.344109563547552,0.720386406581058,0.601688236997657,0.0245621445927367,-72.0880355469003,26.7104431386787,148.538828783645
17.90019321,0.348949698270036,0.720159517771079,0.599295526251926,0.0211955008293239,-71.686917197795,26.6651977388458,147.724776977029
17.91023921,0.353791297975711,0.720149779859445,0.596562659968265,0.0181384888191446,-71.2344761364902,26.6309619767187,146.918606786283
17.92028521,0.359436200672544,0.719909796911596,0.593555337473552,0.015085201803415,-70.733543728932,26.6417502051594,146.015976121719
17.93033121,0.365201164006793,0.71919667699646,0.590951749721184,0.0126601384985957,-70.2884760731968,26.7335981489795,145.150675724282
17.94037821,0.371295563605406,0.718019117916744,0.588614976681543,0.0109799808374819,-69.8709544825064,26.9278368725284,144.30028610389
17.95042421,0.377670245560806,0.716661353869637,0.586230149308028,0.00979293265913857,-69.4346596051991,27.1833729232999,143.442487476503
17.96047021,0.384033565071834,0.715298302274564,0.58376563694371,0.00917827789125962,-68.9761612849352,27.4840462136365,142.611855061836
17.97051621,0.390670448311731,0.713475451949886,0.581588684233224,0.00916420496736813,-68.5448623545459,27.871872025224,141.788627757883
17.98056221,0.397136245096351,0.71180760723639,0.579251583152121,0.00896306459517177,-68.0917516879617,28.2190365663828,140.961328152604
17.99060821,0.40359500568344,0.709860575207039,0.577175916076607,0.00877479659281646,-67.6749736798556,28.5775887743056,140.137304302503
18.00065421,0.410364483290323,0.707233869457172,0.575628757391847,0.00853102631693508,-67.3304740440008,28.9798536706031,139.284735184847
18.01070021,0.417604098560926,0.703949391275126,0.574455778063266,0.00791393948821671,-67.0377351745396,29.4018708393051,138.361217580277
18.02074621,0.424948374790928,0.700744397752777,0.573000347613615,0.00683881680732139,-66.7059822387233,29.7737047838324,137.38213470955
18.03079321,0.43274672826221,0.697400603520995,0.571257239502007,0.00527576567445073,-66.3295630070866,30.1177045356452,136.303919912127
18.04083921,0.440674999563965,0.693361173007987,0.570122498617114,0.00402058389611809,-66.0323588563643,30.5342210196615,135.238447560554
18.05088521,0.44873867524869,0.689176989337915,0.568911587309675,0.00287828559473187,-65.7142211903998,30.9675521932071,134.149713751755
18.06093121,0.456563973329898,0.685217724967308,0.567470315522625,0.00185705371375649,-65.3588725364712,31.3804242550877,133.078064914704
18.07097721,0.46453910890237,0.681419288081626,0.565571333490468,0.000486687102672773,-64.936082755031,31.7438929034791,131.943102096004
18.08102321,0.472358015192137,0.677379598548032,0.563945123192299,-0.000826427417180075,-64.5522638462719,32.1168975624524,130.829492750989
18.09106921,0.479634369612693,0.673324549741875,0.562656566682657,-0.00158435160926914,-64.2117159733263,32.5207688525945,129.81400956392
18.10111521,0.48675295700514,0.669282555731901,0.561363604687789,-0.00182284713002661,-63.8541238565188,32.9598217503429,128.833576525083
18.11116121,0.493782033217536,0.66520051394746,0.560073621931648,-0.00226228467632663,-63.4995979356428,33.3737939133678,127.844293603714
18.12120821,0.500900816870245,0.660723474701797,0.559047084616481,-0.00303625073390951,-63.1872152968011,33.7825178296386,126.825602787342
18.13125421,0.508147751256633,0.656617122323997,0.557334637614911,-0.00423311687019361,-62.7779482150978,34.1151280661284,125.735369891497
18.14130021,0.515404141453022,0.652418891208641,0.555593219490477,-0.00493313524727589,-62.3429648613081,34.4907479941065,124.654205256463
18.15134621,0.522803198544135,0.647907491338718,0.553952438302202,-0.00542165641073826,-61.905696405705,34.9031351037667,123.553632938961
18.16139221,0.53020112741459,0.643492138305107,0.552054390909933,-0.00637039283576757,-61.4407488242871,35.2539245408716,122.411229292858
18.17143821,0.53717587291896,0.639333161106444,0.550125291450627,-0.00757326678235005,-60.9886807958827,35.5451552523289,121.304843960883
18.18148421,0.544216529938555,0.635294822522039,0.547856458869298,-0.00906407709162272,-60.4922711613339,35.7880399817369,120.155039979415
18.19153021,0.550694009094827,0.63132729774114,0.5459420687309,-0.0104503140508807,-60.0587489147476,36.0222172622434,119.09279159737
18.20157621,0.557123365355347,0.626851690505766,0.544549543143021,-0.0116751423085183,-59.6927956982818,36.3079773138225,118.050967572687
18.21162321,0.563770431708743,0.621983125278698,0.54326650867834,-0.0127040445500394,-59.3226376172043,36.6376139280227,116.976705190498
18.22166921,0.570288764094235,0.617025644377748,0.542095887938688,-0.0134954810236464,-58.9575260389191,36.9880378762034,115.922082192586
18.23171521,0.57713616989407,0.61228998229489,0.540191933148655,-0.0144046639129521,-58.4749074305915,37.2928367628211,114.777621836129
18.24176121,0.584417340931737,0.607344959817361,0.537931983301661,-0.0147530587969943,-57.8928862376102,37.6497707562235,113.56031209856
18.25180721,0.591774777700769,0.601820518558348,0.536098668480005,-0.0145908729461915,-57.3350471320323,38.0928135547681,112.342712250806
18.26185321,0.599106032487626,0.595899709797161,0.534576133887259,-0.0142777721912873,-56.8035265900528,38.5735927408814,111.122613521845
18.27189921,0.606626321225681,0.58985937734111,0.532796550224572,-0.0140803916049819,-56.2217336561099,39.0358051464584,109.838965418235
18.28194521,0.614070616698161,0.584080989678991,0.530635172486627,-0.0138920453367389,-55.5784414193355,39.4546129765029,108.535113784569
18.29199121,0.621381994676432,0.578369171117701,0.528382350274816,-0.0136238948404212,-54.9125300249317,39.8586104141845,107.23154841544
18.30203821,0.628641129085554,0.572502774294905,0.526186215189477,-0.0133780114834587,-54.2462456141428,40.2592128913574,105.915349582054
18.31208421,0.635839064639153,0.566263606380683,0.524287788868543,-0.0132863242051478,-53.6200833011854,40.6682500911612,104.589916716185
18.32213021,0.643028213159796,0.559545153275567,0.522734754054651,-0.0131268971872823,-53.0236233565325,41.1152814343219,103.25062277442
18.33217621,0.650262010800209,0.552704595321644,0.521059135935123,-0.0132031995724367,-52.4087602663303,41.5332815901233,101.869618594228
18.34222221,0.657498991721933,0.54627304406896,0.518747299543053,-0.0134935697672703,-51.7103518931331,41.8674273101973,100.446546813956
18.35226821,0.66466894366626,0.539880140149706,0.516294896459082,-0.013572379593063,-50.9719761059228,42.1965089413677,99.0131705916665
18.36231421,0.671543856793239,0.533209526583684,0.514336785203933,-0.0131954745935387,-50.2711883484719,42.588445480096,97.6265271252053
18.37236021,0.678355996896012,0.52642858800605,0.512392746684387,-0.0126394758753789,-49.5485073343964,42.9893042597802,96.2273637128317
18.38240621,0.684935322463036,0.519486288733673,0.510745193155567,-0.0117024582312374,-48.8343325067792,43.4322457299716,94.854434712694
18.39245321,0.691407345588087,0.512211519573621,0.509397082439639,-0.0104811299439356,-48.1244684361784,43.9209030174438,93.4775993260157
18.40249921,0.698143419537147,0.505022144527165,0.507399997620638,-0.00967686461310101,-47.3284369361121,44.322947971636,92.002940712727
18.41254521,0.704508925517427,0.498280466899958,0.50527701694067,-0.00888179732813452,-46.5283118958981,44.6756923869228,90.5782529921218
18.42259121,0.710684117695742,0.491391661826639,0.503385271831911,-0.00809861994368486,-45.7541727395912,45.0348419580295,89.1668959260405
18.43263721,0.716949558341824,0.48430340380963,0.501375127304882,-0.00751834901305249,-44.9586523754018,45.3684281123043,87.7039187926229
18.44268321,0.723033342589955,0.477425628892859,0.499241212003687,-0.00676510284804192,-44.1335322419483,45.6822569251458,86.2538690321507
18.45272921,0.729086642297248,0.470611738901742,0.49691344672891,-0.00585539850046384,-43.2600351227145,45.9781365817964,84.7818125952183
18.46277521,0.735118348122583,0.46366051680521,0.494566351927706,-0.0049054001233754,-42.3660799786892,46.2679624521626,83.2838779023643
18.47282121,0.740964398530182,0.456620952964671,0.492396648112419,-0.00382182575436921,-41.4783203426862,46.569308903061,81.7973360858659
18.48286688,0.746724276175133,0.449427822428325,0.490316947552118,-0.00260360158865277,-40.5767224526871,46.8799286602643,80.2965658669716
18.49291388,0.752522585830101,0.44184931321718,0.488340753868988,-0.00150011191365961,-39.6718357739252,47.1932021314916,78.748660616394
18.50295988,0.758319245072581,0.434055352635864,0.486361626269466,-0.00049182642003792,-38.7550450107857,47.4941032530531,77.1648802363821
18.51300588,0.763486917329692,0.426249057867079,0.485178394030813,0.00118055051244378,-37.8891588332538,47.8901975289423,75.6822519367454
18.52305188,0.769454351960611,0.417796717864812,0.483092152633573,0.00280621704913326,-36.8306088552363,48.2261022829134,73.9545318929816
18.53309788,0.775667931101782,0.40968407591971,0.480085790185799,0.0039815398745031,-35.6913729896782,48.4205914936189,72.1568133813884
18.54314388,0.780955041840535,0.401923766223966,0.478056864702963,0.00530498619822691,-34.707133229431,48.6724105197478,70.5548462300437
18.55318988,0.786660831795254,0.393779244529079,0.475464107450193,0.00604357707807878,-33.6720208519525,48.8350445639545,68.8269094075366
18.56323587,0.792571390356595,0.385631758694605,0.472311496436608,0.00637088754664467,-32.6023461648257,48.9027368193598,67.0400399510443
18.57328187,0.798156988422899,0.377732599268364,0.469271726541283,0.00689579224004842,-31.5494931164918,48.9655124015811,65.3125819053555
18.58332888,0.803789983406155,0.369597239371995,0.46611962856561,0.00721353522150044,-30.4950108998914,48.9953892094158,63.5486277976756
18.59337488,0.80914670614963,0.36200696497949,0.462784194670498,0.00795954751987927,-29.4104972449142,48.9977168645602,61.8467522391398
18.60342088,0.8135419125886,0.355268939634545,0.460251350717807,0.0101109423430109,-28.3276743342091,49.1173531684664,60.338109810641
18.61346688,0.817656636847592,0.349247277935663,0.457481879951317,0.0132019918885023,-27.1476151821664,49.2309325112141,58.8824798698922
18.62351288,0.821665952871301,0.343468929607313,0.454516372655994,0.0175790578285857,-25.7960762893444,49.3758532306566,57.3898235315932
18.63355888,0.825679424711882,0.336356637169724,0.452395432034757,0.0213558730426803,-24.5237254711807,49.5907425923509,55.7958757243516
18.64360488,0.830039809713212,0.32935893296252,0.449402428525245,0.0243734446612928,-23.2487004700293,49.6495953339424,54.1581648030083
18.65365088,0.834193803686256,0.321811957525077,0.447042980170075,0.0266521249807947,-22.1065461959292,49.7289389629616,52.536507862888
18.66369687,0.838292189990302,0.313229398840358,0.445367887058757,0.028301821146178,-21.0486169584403,49.8560216539989,50.846589678143
18.67374287,0.842227329277336,0.305132762236315,0.443456483173145,0.0298909812503501,-20.0090752510095,49.9269040755074,49.219774872014
18.68378988,0.845623753329801,0.297808860033202,0.441818566265805,0.032042240760804,-18.9806946285945,50.0236297962207,47.721575211737
18.69383588,0.848881229932918,0.290505284562009,0.440250000120631,0.0344568498691784,-17.9230017933425,50.1263184907483,46.2195358568176
18.70388188,0.852179902157703,0.283018716373336,0.438553416538262,0.0368879571607768,-16.834819292731,50.2044090895667,44.6751776793425
18.71392788,0.85533086112339,0.275543460001936,0.436937777542977,0.0396269884786282,-15.7108037509728,50.2902321569364,43.1233008871285
18.72397388,0.858551184690033,0.26801688532175,0.43506422627368,0.0421418018913893,-14.5913146307424,50.3215042114799,41.5568976288134
18.73401988,0.861822851819306,0.259903263530967,0.433311817589458,0.0441874917291267,-13.5076340890463,50.33997196966,39.9344409418477
18.74406588,0.865080626068175,0.251498641450405,0.431575042425659,0.0461186134373776,-12.4229711069787,50.3441873226292,38.2769968570468
18.75411188,0.868240435624594,0.243472724971019,0.429620274218459,0.0480208092607582,-11.3597385414705,50.3010178610912,36.6763710955309
18.76415788,0.87107524156453,0.236082195858993,0.427752726928971,0.0502068216134125,-10.3168049381747,50.2566007356218,35.1776586691715
18.77420487,0.873708151876896,0.228604422392137,0.426156626102493,0.0525795914358114,-9.26399228836569,50.2384478375299,33.6760607712918
18.78425088,0.87630761273281,0.221144587497897,0.424444587864674,0.0550166440206552,-8.19958641087054,50.194431910929,32.172428744481
18.79429688,0.878837569315561,0.213827786110944,0.422645873239966,0.0573817957163661,-7.15772437172243,50.1222139621542,30.6999726346901
18.80434288,0.88131292406911,0.206732277657325,0.420688776134339,0.0597515596278564,-6.13026800463255,50.015834994537,29.2644940092049
18.81438888,0.883728614136387,0.199863657436184,0.418604948061398,0.0620334784719267,-5.13571568904316,49.8770040476741,27.8765762986727
18.82443488,0.886017648621423,0.193218457661526,0.416544959109497,0.0642623606066006,-4.17770730376655,49.7263513203777,26.5410050835556
18.83448088,0.888266139170313,0.186593379110917,0.414442151102089,0.0663617379617881,-3.24941087621658,49.5555423209937,25.2268869283917
18.84452688,0.890489673933481,0.179980914276094,0.412274476382077,0.0682991012976565,-2.35518299063048,49.3618123429081,23.9351918410102
18.85457288,0.892715943707622,0.173511150918836,0.409919803466336,0.0701275914540906,-1.49257485262125,49.1320612156947,22.680428237156
18.86461888,0.89492909644605,0.16722862430535,0.407382677210814,0.0719434073125912,-0.651881031325858,48.8700111815393,21.4649126396918
18.87466587,0.897085296732589,0.160972403585754,0.404806035083789,0.0738778020096089,0.192690583036303,48.5969321248162,20.2587149851582
18.88471187,0.899188836764568,0.154725838103429,0.402218773046962,0.0757588903678679,1.01454696649418,48.3126448765106,19.0718165911139
18.89475788,0.901171704256284,0.148804139072979,0.399642580073193,0.0776704308924336,1.80369842325738,48.0225854943767,17.948949158337
18.90480388,0.902997484645119,0.142974293637976,0.397268140942457,0.0795733515407861,2.56675300715759,47.7500020428123,16.8580071033893
18.91484988,0.90467698960706,0.137156515290804,0.395099155074226,0.0815125293953212,3.31798852762603,47.4963398424073,15.781575128339
18.92489588,0.906210048148058,0.13117209218161,0.393171840996597,0.0836249622752778,4.09160541889249,47.2676068420084,14.6814216871275
18.93494188,0.907770065479826,0.125027491135071,0.391102044597564,0.0857952527289709,4.87708364042798,47.0135516191193,13.5617176390397
18.94498788,0.909366090118023,0.119071154879125,0.388780395975498,0.0878929913266497,5.63107695554323,46.7205305419715,12.4858405437753
18.95503388,0.910969798691612,0.113202188813489,0.386313154284752,0.0898968138821653,6.35442042515914,46.4016952172995,11.4412612142192
18.96508088,0.912578917982354,0.107162380753171,0.383796437159487,0.0917400535706884,7.05224974368705,46.0669684867197,10.393449069187
18.97512687,0.914204265572525,0.101177097080763,0.381121449580914,0.09348901809653,7.72039429742701,45.7058143375027,9.37291030133549
18.98517287,0.915784708209017,0.0954962123136276,0.378320467704979,0.0953544197180245,8.37421655420673,45.3271066110109,8.40444783842449
18.99521888,0.91718991825071,0.0901472526702124,0.375675996405371,0.0974867807453927,9.03422307283629,44.9677615679346,7.48117626222369
19.00526488,0.918455993966932,0.0847776840333013,0.373201702531547,0.0998590039191211,9.71941878737526,44.6255349746867,6.55071112400342
19.01531088,0.919603459110139,0.079513668682756,0.37085190068749,0.102351952798917,10.4051366383096,44.2947849158894,5.63874446962377
19.02535688,0.920637722196254,0.0744144386825949,0.368612518584964,0.104945161523998,11.0857330204605,43.9743325267285,4.75449585957537
19.03540288,0.921691448905717,0.0693166495960526,0.366220110428971,0.107530952847313,11.7541164845771,43.6294169584879,3.88305761581989
19.04544888,0.922891044513693,0.064102368773033,0.363440132109098,0.109883013458097,12.3810819914983,43.2292222861736,3.0247430204457
19.05549488,0.924117293463568,0.058757396096978,0.360640063373578,0.111774509685234,12.9360307166312,42.8188450174849,2.18585269458922
19.06554188,0.925250768959986,0.0532790037589824,0.357894335777536,0.113947385734652,13.5287867473545,42.4095936101317,1.3217035427876
19.07558788,0.926131461857791,0.0475710123304685,0.355643689479316,0.116340363917882,14.1608870137099,42.0527477296816,0.413797503805367
19.08563387,0.927011795442503,0.0415354567483147,0.353531968992161,0.118063897291687,14.7053418153488,41.7026039220328,-0.496600740343517
19.09567987,0.92798122684567,0.0356888791883438,0.351184099607823,0.119360272733136,15.165045680873,41.3230747963073,-1.34269656304645
19.10572588,0.928710147185361,0.0301630672038925,0.34933823670975,0.120625238919232,15.6032498101649,41.0065107043725,-2.14557857585829
19.11577188,0.92959063348028,0.0247589817451744,0.347006919284528,0.121796736152225,16.0056148606991,40.6306197150722,-2.90763630685757
19.12581788,0.930725244916752,0.0198876950368714,0.343912770000632,0.122796598858703,16.3339343207006,40.170239955555,-3.55961733906443
19.13586388,0.931761651159262,0.0154898886764047,0.341032020855151,0.123601980280296,16.6077623691623,39.7433885256244,-4.13460441558493
19.14590988,0.932713201566411,0.0111860876768783,0.338363999097795,0.124220606908713,16.8487652077083,39.343797783294,-4.68729715630429
19.15595688,0.93375678955376,0.00707553010144704,0.335423181544107,0.124657467160485,17.0435733215866,38.9153388730223,-5.19211888748746
19.16600288,0.934830111729966,0.00327868044349044,0.332360364543757,0.124973999447209,17.1989891819424,38.4784656490254,-5.64050676139074
19.17604888,0.935925704039146,-0.000402940758964826,0.329137810187815,0.125344389831947,17.3483416964317,38.0243315367,-6.0675205227708
19.18609487,0.937109062224387,-0.00395956019741656,0.325602328240657,0.125674385712591,17.4748190399633,37.535621888593,-6.46317065983663
19.19614087,0.93830916493439,-0.00742527159573308,0.321966985486816,0.125928696484917,17.5802441212072,37.0376031512662,-6.83681955527663
19.20618688,0.939457170267771,-0.0108289231858985,0.318426459241136,0.126125135124843,17.67325186739,36.5528803468816,-7.19918392707744
19.21623288,0.94065464636176,-0.0142051814893347,0.31468620645948,0.12625228932985,17.747294744561,36.0460444931848,-7.5463056766132
19.22627888,0.941917129038413,-0.0176697123293194,0.310636850347961,0.126430417606407,17.8210073666076,35.5012250485859,-7.89578453603916
19.23632488,0.943191656108707,-0.0209481382553301,0.306425800253042,0.126704002659083,17.8923789954004,34.9406837135081,-8.21748192029443
19.24637088,0.944473772824545,-0.0239843112887214,0.302176942184502,0.126819323727101,17.9286407312499,34.3823670169641,-8.49744645078284
19.25641688,0.945748637406661,-0.027106121300146,0.297864866515769,0.126890875665075,17.9581054635739,33.8162686697931,-8.78319211408165
19.26646388,0.947033658836485,-0.0301955843479916,0.293354246296647,0.127117118817212,17.9992399557344,33.2268945513411,-9.06343160074916
19.27650988,0.9483249898496,-0.0330190240924481,0.288739745829799,0.127353118740299,18.0265001004961,32.6311064694126,-9.30504021155062
19.28655588,0.949583680312321,-0.0355026829512151,0.28412401192519,0.127686880435334,18.0519134984534,32.0414472690614,-9.50536969450691
19.29660187,0.950778204275229,-0.0380289590506056,0.279511628119117,0.128249188281639,18.1067188854683,31.4498968730467,-9.71844828188104
19.30664787,0.951926324627759,-0.0406420521614846,0.274877877964449,0.128944361189434,18.1789781192828,30.8535769492266,-9.94516284236729
19.31669388,0.952964971021909,-0.0438980693602102,0.270506847506394,0.129447939202644,18.2517027196463,30.2783983709885,-10.2520395568556
19.32673988,0.954003956062544,-0.0480829206635281,0.26614039909431,0.129359083667911,18.2756880285816,29.6933641272327,-10.6537836780655
19.33678588,0.9550161632185,-0.0523682296734682,0.261854528707504,0.128972486630494,18.262918254644,29.1201402366566,-11.0586746389291
19.34683188,0.955983304592546,-0.0565674298331335,0.257669480704397,0.128462001914637,18.2305430801024,28.5628128561252,-11.4502722435432
19.35687788,0.956959609145044,-0.0606740689376623,0.253434624463376,0.127741359577153,18.1643785126351,28.0052342379068,-11.8214082354504
19.36692488,0.95794520622005,-0.0647356865312464,0.249120626437824,0.126843156112499,18.0698132734289,27.4429553922079,-12.1788991789216
19.37697088,0.958917740912941,-0.0687721907359325,0.244688417442079,0.125994961460741,17.9753769745657,26.868363849875,-12.5314760172089
19.38701688,0.959845255257358,-0.0727632681027629,0.240211293738967,0.125304138539769,17.8956134409471,26.2888206965096,-12.881768300823
19.39706287,0.960785731236613,-0.0767088470944871,0.2354767107257,0.124728706140037,17.8200934193142,25.6803314787488,-13.2226759926187
19.40710887,0.961737002314388,-0.0803533099338992,0.230564197535515,0.12427966356893,17.7452304473416,25.0564936428463,-13.5253958768695
19.41715488,0.962575028487294,-0.0838014131243652,0.22594488243882,0.123998176562208,17.6905414199751,24.4686545901844,-13.8164332283794
19.42720088,0.963388038475854,-0.0872368421169787,0.221245491637613,0.123788743951677,17.6402146845268,23.8718679556475,-14.1056102183005
19.43724688,0.964254863039907,-0.0906101067093957,0.216310419516092,0.123337626354548,17.550993457717,23.2538427091838,-14.3751104370599
19.44729288,0.965153375766499,-0.0938344639254015,0.211185210160313,0.122779728114658,17.4388469473119,22.6195491616189,-14.6197489327033
19.45733988,0.966067218731136,-0.0969043274172249,0.205834206347052,0.122294561278828,17.3250886309396,21.9623728131352,-14.8427541112973
19.46738588,0.967056420410222,-0.0995872230882523,0.200101006223059,0.121835348111534,17.195632818816,21.2692676842703,-15.0115755884795
19.47743188,0.968039807472859,-0.102085163021203,0.194295628681278,0.121353859906435,17.0572047369528,20.5726601717836,-15.1577291518869
19.48747825,0.969022231911857,-0.10442172798883,0.188457829859891,0.120729711127334,16.8972449550747,19.8784608012132,-15.2828468883352
19.49752425,0.970058514263938,-0.106731682992087,0.182154055897354,0.120061345444157,16.7209213483166,19.1335694994067,-15.3952990600939
19.50757025,0.971039711924799,-0.109103665545476,0.17577573636125,0.119503801346252,16.5574698024894,18.378553265942,-15.5183007644632
19.51761625,0.971999498391728,-0.111426359550411,0.169318623002909,0.118879541671267,16.3834455139993,17.6175957025661,-15.635135640922
19.52766225,0.972928590532049,-0.113812386928425,0.162699924658438,0.118260022083176,16.2076055957504,16.8383145347606,-15.7588154907662
19.53770825,0.973798586502141,-0.116290289398175,0.156026131387301,0.117680617955692,16.0367341889591,16.0517716870229,-15.8957213096847
19.54775425,0.974613786338896,-0.118859789916961,0.149332130002338,0.117047993438679,15.8602897330102,15.2634510414843,-16.0450107237923
19.55780125,0.975371137416486,-0.121475857658543,0.142679590615541,0.116349880630682,15.6772317856748,14.4812820149887,-16.2026011350529
19.56784725,0.976065608081512,-0.124127518505612,0.136106657417673,0.115599592026515,15.4895999764847,13.7095378579986,-16.3682491474245
19.57789325,0.976682450054612,-0.126881547073312,0.129625349317963,0.114846565389653,15.3041030885242,12.947714050659,-16.5506394652169
19.58793925,0.977283426279417,-0.129804429122233,0.123036323512597,0.113710061104192,15.0729006086127,12.1787678747517,-16.7489108891055
19.59798525,0.977866032001718,-0.132625309834269,0.116335103549126,0.112493085702159,14.827776008584,11.4014081025644,-16.9359100664008
19.60803125,0.978384207764087,-0.135270500726378,0.109719081726723,0.111480746033204,14.6051324078051,10.6340068359429,-17.1101067597887
19.61807725,0.978821604616455,-0.13788746480938,0.103231956308016,0.110627648358491,14.4021926527775,9.87987115116747,-17.2884492860769
19.62812325,0.979156689964062,-0.140703871357542,0.0968284916333786,0.109903777422011,14.2164903232052,9.1310273003151,-17.4957801507327
19.63816925,0.979496830617512,-0.14302499161383,0.0903772400120594,0.109369854493441,14.0459165833331,8.38147662613081,-17.6494465647606
19.64821525,0.979744803961139,-0.14552950911421,0.0840117667329561,0.108918796075487,13.8869664187204,7.63826741387065,-17.8292437707572
19.65826125,0.980012521922196,-0.148378704174207,0.077747374592685,0.107305930717855,13.5980367455368,6.92344002637458,-18.045387998984
19.66830825,0.980196116256541,-0.151343514250789,0.0718104007323285,0.105612407966478,13.3055652898879,6.24666684273846,-18.2837679329381
19.67835425,0.980224500946287,-0.15457316728951,0.0659289417607943,0.104500901130052,13.0802975597197,5.56323417543955,-18.5608353335072
19.68840025,0.980128227418458,-0.15808785386101,0.0600657944051951,0.10367732935239,12.887178446489,4.87396095556526,-18.8757819514521
19.69844625,0.979947824095963,-0.162102066657525,0.0540963245919438,0.102463504237317,12.6466072922066,4.17505916743707,-19.2483692088064
19.70849225,0.979718760509552,-0.166005803954382,0.0480272739426555,0.101422898384556,12.4196655956403,3.46465907960297,-19.6110702830069
19.71853825,0.979421882401245,-0.169828189330313,0.042188071141665,0.10055510447379,12.2132014069211,2.77911314958314,-19.9715225005675
19.72858425,0.97910394996562,-0.173601845199956,0.0359811182984672,0.0996153282928087,11.9872471887625,2.05573808333097,-20.324739956323
19.73863025,0.978767029311234,-0.17714723396146,0.0293226324099342,0.0988642658477683,11.7692145205163,1.28198481918456,-20.6499728859431
19.74867625,0.978365358612093,-0.180683064807274,0.0226178759063943,0.0982002385392396,11.5564012427322,0.502539269535148,-20.9776674819062
19.75872225,0.977939405056623,-0.184030783435829,0.0156794517990983,0.0975773825062564,11.3395646942451,-0.300653922106445,-21.284970813768
19.76876925,0.977416326652237,-0.187407949227372,0.00877782958516063,0.0972549981636527,11.1538011995197,-1.10550652652364,-21.6001555252471
19.77881525,0.976774294961295,-0.19097959979649,0.00196741746442938,0.0971334053400667,10.9884870158109,-1.9058688206818,-21.9425573278434
19.78886125,0.976049189553624,-0.194624867346454,-0.00481273707254749,0.0970874767617293,10.8279344684455,-2.70457500455425,-22.2974512168383
19.79890725,0.975288680955796,-0.198162940160145,-0.0115056684641649,0.0970106052954213,10.6617149189711,-3.49092869768988,-22.6446226831416
19.80895325,0.974443587900914,-0.201759615488137,-0.0178872468346175,0.0971225924157169,10.5191626446277,-4.24670041270218,-23.0046099752916
19.81899925,0.973475351084508,-0.205678604855242,-0.0240000672328158,0.0972936231647022,10.3833162284881,-4.97662867239667,-23.4078516030987
19.82904525,0.97242599418964,-0.209755357310394,-0.0298004539962678,0.0974797868560215,10.2505927741064,-5.6730263367311,-23.8355234673853
19.83909125,0.97125422574459,-0.214207451531061,-0.035357775677321,0.0976228681252368,10.1112875538067,-6.34447755060177,-24.3127968768244
19.84913725,0.969987459580751,-0.218881660432566,-0.0411858564218686,0.0975647078259442,9.93584072094183,-7.04274439068899,-24.8191478614213
19.85918325,0.96859480705026,-0.223794590828468,-0.0471744573113422,0.0975430748365521,9.75272741854171,-7.76122745151231,-25.3567104710269
19.86923025,0.967187627659575,-0.228449052575617,-0.0532131427883961,0.097608835225756,9.57387232150471,-8.48389911481028,-25.8675494781325
19.87927625,0.965815415174475,-0.232806314846529,-0.058968750439677,0.0975934938944095,9.38934711379838,-9.16897373873975,-26.3502472125609
19.88932225,0.964453616231727,-0.236774064743989,-0.0649856749282091,0.097694045142366,9.20940773092444,-9.88168362498828,-26.7888814335058
19.89936825,0.963082389171674,-0.240396754460289,-0.0713261255466049,0.0979504769097599,9.03695913312795,-10.6308065394963,-27.1881023037013
19.90941425,0.96159960797145,-0.244318755275788,-0.0778561910494568,0.0978414701694235,8.80910945224964,-11.3932572746238,-27.6311333167247
19.91946025,0.960045636417028,-0.248178274369448,-0.0843872969632303,0.0979729770848334,8.60303612074713,-12.1610820294961,-28.069944552381
19.92950625,0.958503403261263,-0.251754052199272,-0.0908022331397509,0.098214446975269,8.4101657934502,-12.9158799073295,-28.4793834454393
19.93955225,0.956890117516612,-0.255338004653575,-0.097247065587653,0.0985231679005805,8.21814206468356,-13.6755144899561,-28.8944232801738
19.94959825,0.955180055606469,-0.258897055509524,-0.10385732766218,0.0990809341447302,8.04417714644792,-14.4602586745129,-29.3085972600117
19.95964425,0.95342547849386,-0.262564443074139,-0.110132461126988,0.0995520527062814,7.86190610484022,-15.2056208317276,-29.7430991404463
19.96969125,0.951527973682754,-0.266602584164211,-0.116050932154178,0.100248484089803,7.70316562953895,-15.9205668198324,-30.2252488746398
19.97973725,0.949466932714948,-0.271067386861165,-0.121722897508124,0.10108685217848,7.55373088792794,-16.6154295559149,-30.7629081793561
19.98978325,0.947297588031905,-0.275754118928374,-0.12719579047953,0.102020470922553,7.40992151778701,-17.2924860521785,-31.3317866898454
19.99982925,0.945025082226599,-0.280663785443241,-0.132486087093763,0.102970239534851,7.26185386349293,-17.9511119014048,-31.9333851342
20.00987525,0.94274606241071,-0.285475440056656,-0.13761068596946,0.103908296302915,7.11198450844555,-18.5897890462738,-32.5285153029277
20.01992125,0.94040112052112,-0.290311347593202,-0.142628409357113,0.104986622126349,6.97371200039129,-19.2210419161328,-33.1297232118624
20.02996725,0.937913770515229,-0.29539267703213,-0.147762073235784,0.105958931415722,6.80645963502546,-19.863175669388,-33.7701343294447
20.04001325,0.935275718318482,-0.300759566492376,-0.152960987225848,0.10679864359653,6.6068752990198,-20.5095085232591,-34.4562275634515
20.05005925,0.93254067656321,-0.306309370292232,-0.157993729776605,0.107612441555263,6.39669453721976,-21.1368371904573,-35.1726916770987
20.06010525,0.929697664175233,-0.311951595374492,-0.162963097615327,0.108588600626595,6.19589852810141,-21.7625945940313,-35.9052551532082
20.07015225,0.926750123668976,-0.317776341242504,-0.168019267279354,0.109187595673567,5.93407807794752,-22.3843744682908,-36.6778411627827
20.08019825,0.923738459297434,-0.323470038978534,-0.173126932005399,0.110006627584102,5.68871688120959,-23.0177144347202,-37.4387368278765
20.09024425,0.920620874200738,-0.329225858428285,-0.178227154138387,0.110917183771316,5.44201924200082,-23.6527728073058,-38.2150735013802
20.10029025,0.917472384562108,-0.334878168502153,-0.183404603442437,0.111641333128397,5.1626401796462,-24.2871414884165,-38.9926482058849
20.11033625,0.914192388984405,-0.34061144469379,-0.188452095204333,0.112791522197778,4.92447234357296,-24.9229506354401,-39.7800622130148
20.12038225,0.910740361741294,-0.346794969881306,-0.193235165783229,0.113777911147503,4.65391643696151,-25.5240133996638,-40.6373735991204
20.13042825,0.907077193885993,-0.353182363066817,-0.198183671541685,0.114875650530085,4.37082681092765,-26.1472685032092,-41.5327335301829
20.14047425,0.903237993028069,-0.359713840991617,-0.20332223438584,0.115875577901617,4.05015635580828,-26.7860901695846,-42.4650211980761
20.15052025,0.899386377638998,-0.36615993799373,-0.208370050571265,0.116674613994465,3.69913393252609,-27.4034671731406,-43.4024695910717
20.16056625,0.895358465156699,-0.372701747329746,-0.213484707840633,0.117689871814847,3.35251793331881,-28.035407994462,-44.3627979441116
20.17061225,0.891266324202865,-0.379103604002417,-0.218519946289529,0.119053894719634,3.04023396784482,-28.6714562914388,-45.3081932181217
20.18065925,0.887074512748487,-0.385531316668121,-0.223608846082341,0.120264278378504,2.69157647819132,-29.3042217546059,-46.2766420023336
20.19070525,0.882618234997266,-0.392086151849109,-0.229150407741403,0.121423191402701,2.29242913689492,-29.9815670761886,-47.2905916461877
20.20075125,0.878179683776867,-0.398426903873277,-0.234572191650116,0.122606411643021,1.89306339099516,-30.6433463065215,-48.2885461725011
20.21079725,0.873872495262325,-0.404475252798695,-0.239826013543295,0.123410352585838,1.45352439890786,-31.2643648982665,-49.2677500645973
20.22084325,0.869404470400887,-0.410568277263748,-0.245203813508713,0.124276491712697,0.995299461654599,-31.8981251049752,-50.2727399903338
20.23088925,0.864870000904755,-0.416661601539959,-0.250479159055416,0.125112678078836,0.521992861201578,-32.515185451825,-51.2937878948238
20.24093525,0.860236533968123,-0.422809812905254,-0.25584119152497,0.125579665776817,-0.0196948734342456,-33.1176852173617,-52.3544709612085
20.25098125,0.855268898377018,-0.429220886009618,-0.261444554218121,0.126219204369893,-0.587952965169866,-33.7494760301645,-53.478372774337
20.26102725,0.850202397114051,-0.435687126234041,-0.266767861111549,0.127151564101325,-1.12763858799963,-34.3613271499365,-54.6144939921044
20.27107325,0.845166782689061,-0.441954856151731,-0.271898838580299,0.128218704336022,-1.65014459375708,-34.9550414058484,-55.7315708033077
20.28112025,0.840058567569667,-0.448181624788703,-0.27682950716585,0.129615810057532,-2.13897741841976,-35.5412444331122,-56.8465564635178
20.29116625,0.834935459761781,-0.454541350404176,-0.281196028213752,0.131162999820612,-2.59568536751073,-36.0718338184073,-57.9733260917593
20.30121225,0.829818130524917,-0.460810641655236,-0.285338962322422,0.132804741519966,-3.03859520988829,-36.580710818459,-59.0927230426725
20.31125825,0.824741127536779,-0.466858700603344,-0.289339631131939,0.134638791129275,-3.45503432162994,-37.0832769488475,-60.1846757922776
20.32130425,0.819623106667072,-0.472894180018958,-0.29318235184544,0.136503355592422,-3.87209168358851,-37.5679113889982,-61.2843192088025
20.33135025,0.814489584490649,-0.478845367730771,-0.296908056194989,0.138417617106882,-4.28652386151477,-38.0404981609986,-62.3815374402404
20.34139625,0.809277567323834,-0.484774461804105,-0.300674889680574,0.14020752805942,-4.73416337521353,-38.5060261170405,-63.4993592634144
20.35144225,0.803800585886835,-0.49087945381859,-0.304742130794762,0.141683498211374,-5.27065789853689,-38.9765923571379,-64.691040025372
20.36148825,0.798152272143939,-0.496989030021252,-0.309010528738681,0.143064138199077,-5.85581136481086,-39.4554106673744,-65.9204075989092
20.37153425,0.792417799181374,-0.503028394352645,-0.313262770805598,0.144578360907665,-6.44183624253517,-39.9354398166643,-67.1575925853883
20.38158025,0.786558411955091,-0.50924621807185,-0.31733278262228,0.145924840364495,-7.06103908527641,-40.3778075848923,-68.4401941723659
20.39162725,0.780529751141449,-0.515646374167514,-0.321244504260992,0.147255196421294,-7.69903631262798,-40.7942780613169,-69.7669324664532
20.40167325,0.77441066973712,-0.522058423281275,-0.324919542236093,0.148897308073255,-8.30194617956291,-41.2014505266928,-71.0960000234643
20.41171925,0.768293242009423,-0.528428746366136,-0.328330976906716,0.150623118743594,-8.88681026692106,-41.5823723306052,-72.420066408759
20.42176525,0.762039082586502,-0.534979976531291,-0.331575002149164,0.152154129983657,-9.50598424561369,-41.9240595499663,-73.7895074033786
20.43181125,0.755669747920215,-0.541582078579575,-0.334673793068793,0.153771052128068,-10.1233105211555,-42.2498611628208,-75.1776932160465
20.44185725,0.749188198316244,-0.548336875021298,-0.337649026879187,0.155038219942942,-10.7917143319649,-42.5280971595938,-76.6116738068588
20.45190325,0.742357677972656,-0.555263373424637,-0.34088223966122,0.156163256791375,-11.5347696130741,-42.8074395430042,-78.1252362241082
20.46194925,0.735317471274492,-0.562192664887354,-0.344120066133895,0.157572218583562,-12.2711083198407,-43.0978900556523,-79.6615215765037
20.47199525,0.728296440010655,-0.56910022948774,-0.347162081587838,0.158706374706268,-13.0292086654035,-43.3389930339329,-81.2048354126459
20.48204133,0.7210674322687,-0.576099026990043,-0.350271369829024,0.159629686150943,-13.841445503136,-43.5560278172649,-82.7991513357686
20.49208733,0.713722524738564,-0.583088503364078,-0.353190308576048,0.160824627633351,-14.6226086920524,-43.7656024747607,-84.3954708244678
20.50213433,0.70636486854426,-0.590001163842377,-0.35600659141753,0.161884545335134,-15.4154217177015,-43.9448173502433,-85.9927717182066
20.51218033,0.698879721576761,-0.596822638861648,-0.35888564822861,0.163006024448601,-16.2222533970567,-44.1234916904469,-87.6041859728845
20.52222633,0.691334835399969,-0.60349432813611,-0.361743300297397,0.164294022897946,-17.0187310945614,-44.3045815209033,-89.2095355817403
20.53227233,0.683781507627806,-0.609929422341262,-0.364902952421889,0.165150794434926,-17.8938158943664,-44.4662046923617,-90.8298548493817
20.54231833,0.676177041490298,-0.616246008633383,-0.368256552080717,0.165567440200286,-18.840862143387,-44.5936229805028,-92.4744310479108
20.55236433,0.668358284817543,-0.622526325109038,-0.371544799892307,0.166471136642283,-19.7544002447482,-44.7419889673209,-94.1311893568519
20.56241033,0.660472055995803,-0.628740446208881,-0.374589945898092,0.167763187206843,-20.6151491431382,-44.8918968756913,-95.7733419795442
20.57245633,0.652569708952038,-0.634805389468511,-0.377614629303573,0.169062367769739,-21.4787538263447,-45.0305040549267,-97.4096175738057
20.58250233,0.644513087293179,-0.640879552457827,-0.380549667521142,0.170464747378507,-22.340090820756,-45.1563101363603,-99.0638102133736
20.59254833,0.636369962292893,-0.646935350242151,-0.383449166730664,0.171681857608681,-23.2246488561103,-45.2483571414062,-100.733247411075
20.60259433,0.628220722070437,-0.652939258512258,-0.386241563355757,0.172703514125402,-24.1163829190431,-45.3016489141104,-102.398760802683
20.61264133,0.620060635667345,-0.658877128712633,-0.388978663482292,0.1734973680225,-25.0217569302245,-45.3169564936033,-104.061415744401
20.62268733,0.611790462674657,-0.664780807946735,-0.391789473182926,0.174011252133478,-25.9655001051862,-45.2955472831156,-105.743251922628
20.63273333,0.603529405411983,-0.670508127958258,-0.394479530598738,0.174805626578696,-26.8690513504378,-45.2818956985153,-107.398262308387
20.64277933,0.59550000050411,-0.676015083987637,-0.396826072644973,0.175819292712605,-27.6938920164274,-45.2620026239445,-108.980916035946
20.65282533,0.58751437967507,-0.68151781755676,-0.398867883261846,0.176818352356034,-28.4759305228452,-45.209775669312,-110.534607930609
20.66287133,0.579605049470193,-0.687113455078207,-0.40024543549842,0.178147910012506,-29.1412687902233,-45.136080632611,-112.033784680068
20.67291733,0.571698601820507,-0.692791639617878,-0.401237246084009,0.179469008764664,-29.7529899202771,-45.0272337945149,-113.506987981382
20.68296333,0.563647076095646,-0.698436682392776,-0.402408574364914,0.180431465034785,-30.4159746324064,-44.883919376861,-115.004626918952
20.69300933,0.555485765905305,-0.703984989837979,-0.403621059642799,0.181468284204821,-31.0805905422313,-44.7418262711701,-116.507362530821
20.70305533,0.547157989425416,-0.709426596698864,-0.4051358668252,0.182200351031489,-31.8081617001866,-44.5766003683997,-118.039339954181
20.71310133,0.538757887160912,-0.714816890439614,-0.406718851526561,0.182637695936697,-32.5583612515125,-44.3749576443644,-119.573069151858
20.72314733,0.530255275861658,-0.720025214164274,-0.408354388861871,0.183411358660845,-33.2954073277686,-44.2016496580538,-121.107595961966
20.73319433,0.521628141618704,-0.725385020585,-0.409828761828499,0.183741774674233,-34.0325713036312,-43.9574120073489,-122.642405575061
20.74324033,0.512860632817361,-0.730741192102287,-0.411499421252629,0.183465276768809,-34.8235400214451,-43.6471285917509,-124.190708239287
20.75328633,0.504025762478274,-0.735827819996268,-0.413535561522182,0.183040403830053,-35.6624766883823,-43.333014957732,-125.744026053253
20.76333233,0.495382208596293,-0.740832301692285,-0.415254404221621,0.182558888992335,-36.4337870750852,-42.993104056005,-127.230690697839
20.77337833,0.486815143455983,-0.745861110899732,-0.41653081922343,0.182220459845778,-37.1182745937517,-42.6384136779357,-128.665875853185
20.78342433,0.478177369560909,-0.751034173839967,-0.417510234338551,0.181601974622789,-37.7609335559944,-42.2267569270173,-130.076396049987
20.79347033,0.469347174695497,-0.756281007127696,-0.418481781671586,0.1806246557706,-38.4098064810574,-41.7615830363687,-131.491033113603
20.80351633,0.460069596792984,-0.7616130403248,-0.419311083183696,0.18016591917805,-39.0278625411614,-41.3195514574309,-132.952570683398
20.81356233,0.450655965277356,-0.767079317858928,-0.419877556715223,0.179447369554059,-39.6069269211088,-40.8242836997945,-134.396588523971
20.82360833,0.441473314792406,-0.772238126572904,-0.420516317187686,0.178649419736765,-40.1706189206574,-40.3318209971092,-135.785338567698
20.83365433,0.432325704670122,-0.77707949347853,-0.42138723035745,0.177974009305601,-40.7472255920215,-39.8629167261818,-137.160792939265
20.84370133,0.423138379803346,-0.781940630833172,-0.42199405917347,0.177323927917015,-41.2722961412841,-39.3782649963498,-138.510823762948
20.85374733,0.413851926380958,-0.786916297135324,-0.422328535464434,0.176431098353058,-41.7533112962067,-38.8464904807661,-139.837694408547
20.86379333,0.404602166783873,-0.79160653476858,-0.422639310299124,0.176159570093018,-42.2023604943006,-38.381864784522,-141.155057851343
20.87383933,0.395332135034764,-0.79592182365686,-0.423472035414121,0.175762307841626,-42.7176941226981,-37.9236109711913,-142.478363743011
20.88388533,0.385722539797839,-0.800022653248543,-0.425076853348342,0.174618284634051,-43.357574894806,-37.3960170261494,-143.843740202721
20.89393133,0.376131797953401,-0.803854166579468,-0.427013242253466,0.17321385735949,-44.0327915471952,-36.8486924848854,-145.192723388001
20.90397733,0.366589905184438,-0.807819075363281,-0.428568300764118,0.171375011236278,-44.6405111453884,-36.2349382234225,-146.483604008152
20.91402333,0.356987590057567,-0.812178771822174,-0.428914904040357,0.170169057817122,-45.0531242602726,-35.6371453906121,-147.731784302419
20.92406933,0.347464774109418,-0.816741780735485,-0.42849392497073,0.169097754619328,-45.3378729684557,-35.0290363268127,-148.924989987102
20.93411533,0.337744687898228,-0.821502458814039,-0.427653780568983,0.167852554118406,-45.5585965255459,-34.3785564995987,-150.105101999038
20.94416133,0.32812232702715,-0.825997552499789,-0.427201449767281,0.166020188794556,-45.8234706773779,-33.6840775619642,-151.252072601828
20.95420733,0.318645267051618,-0.830086938337293,-0.427112096526563,0.16430497736863,-46.1216802749565,-33.022567595393,-152.384582385175
20.96425333,0.308439582272295,-0.833999314523512,-0.427592245602638,0.162711520681535,-46.5095056313942,-32.3558033652305,-153.620680810521
20.97430033,0.297933534448553,-0.837693103690049,-0.428303995920152,0.161435932059614,-46.9240532281,-31.7140170293331,-154.899450638915
20.98434633,0.287509647252646,-0.841249275475865,-0.428855716336831,0.160376537602029,-47.300210614818,-31.093327271647,-156.155315240949
20.99439233,0.277024177088869,-0.844732117589476,-0.429369391318471,0.159145155816446,-47.6609349746428,-30.4483515373592,-157.39549478368
21.00443833,0.266525273481683,-0.848003139495267,-0.430006569933444,0.157953486241232,-48.0273595027534,-29.8086750256518,-158.629326615597
21.01448433,0.256012855497259,-0.850694948770407,-0.431727940741103,0.156161797953605,-48.5330781443497,-29.1270543982075,-159.862452927616
21.02453033,0.245637363770832,-0.852960557654065,-0.433877419371267,0.154502289840354,-49.0822205798101,-28.4715109845427,-161.084369493613
21.03457633,0.235083139092098,-0.855090018668607,-0.436251157719975,0.152452960207101,-49.6524975297628,-27.7641193127855,-162.300793614231
21.04462233,0.224128666106949,-0.857558841565569,-0.43781214496866,0.150597808748265,-50.1060897704428,-27.0356927153056,-163.529463521577
21.05466833,0.213137164296916,-0.860277664399702,-0.438520453541333,0.148978861441368,-50.4309666819387,-26.3118366928976,-164.731853446389
21.06471433,0.202303923159212,-0.863015659887703,-0.438883610045936,0.147167490622186,-50.692411921947,-25.5686000447007,-165.883855572941
21.07476033,0.191666972970585,-0.865858707681249,-0.438756211703577,0.14507052249295,-50.869911339697,-24.7974259918783,-166.97395180857
21.08480633,0.181029881676177,-0.868576312362114,-0.438619985473942,0.142884148479039,-51.0355536346761,-24.0176612715566,-168.049877795886
21.09485233,0.170601098754622,-0.871280757115262,-0.438321662853341,0.140140027322151,-51.1610430868156,-23.1885943337325,-169.06121589398
21.10489933,0.160423578412719,-0.873894490482823,-0.437728606012502,0.137718417328176,-51.2357550152195,-22.4047306748654,-170.045324587195
21.11494533,0.150396250399315,-0.876513803319773,-0.436646890471829,0.135808738662194,-51.2387036097352,-21.6796406582367,-171.020041146262
21.12499133,0.140140009851697,-0.87910714669415,-0.435501201991103,0.133679113306236,-51.2277395183784,-20.9221307426057,-172.002205640353
21.13503733,0.129449195390931,-0.881631501518297,-0.434550575724338,0.130899192055871,-51.2357499563397,-20.0789189725157,-172.998393593155
21.14508333,0.118268910641152,-0.883992023493821,-0.433644963508088,0.128540315851194,-51.2529571267718,-19.2584977324236,-174.064881637125
21.15512933,0.106846770921504,-0.886183130448562,-0.432687288173961,0.126668612942192,-51.2635887966943,-18.4795194522307,-175.176195790939
21.16517533,0.095229543955815,-0.888219649986896,-0.431857138962523,0.124485335932501,-51.282029310246,-17.6614344608385,-176.29041294029
21.17522133,0.0840271569154086,-0.890104316269904,-0.430791441516367,0.12277001659465,-51.2616651548637,-16.9149956057196,-177.3754895913
21.18526733,0.0736356307128507,-0.891749544105818,-0.429319885954597,0.122657979766984,-51.1920477425613,-16.3788235464503,-178.446507266003
21.19531333,0.0628587433623927,-0.893358614814642,-0.428114833277632,0.121148063323481,-51.1389809792398,-15.6808608947122,-179.489378014506
21.20535933,0.0521147129195109,-0.895104692500688,-0.426827235426724,0.117856511311617,-51.0442127381455,-14.8017797827753,179.566640368435
21.21540533,0.0421255018771953,-0.896887677978803,-0.425386497127144,0.113420735508479,-50.8991854065202,-13.8446724088561,178.764726934431
21.22545133,0.032663952914523,-0.89861669732028,-0.42377348677936,0.108798572509264,-50.7183461023671,-12.8982687339885,178.030098547412
21.23549733,0.0232317289904339,-0.900267310274127,-0.421866557351016,0.104917418042499,-50.5042244646688,-12.034979741218,177.263538030735
21.24554433,0.013328296945382,-0.901914723617891,-0.419759632791071,0.100866438922491,-50.2609450813298,-11.1358085792651,176.456810064854
21.25559033,0.00297065584459194,-0.903166714921241,-0.41838037387122,0.0961193165893528,-50.0989602041983,-10.1432168173319,175.626682814896
21.26563633,-0.00683305078889886,-0.904279097825327,-0.416897316023228,0.0918109500318887,-49.919291847626,-9.22710089323717,174.832079950272
21.27568233,-0.0159010379208438,-0.905454003521936,-0.414658043789893,0.0892127301424921,-49.6568038671636,-8.53242306048054,174.034409628955
21.28572833,-0.0247232380494738,-0.906495444204961,-0.412499251619113,0.0865975666498317,-49.3987227381689,-7.85137964533149,173.259883694387
21.29577433,-0.0338537874587732,-0.907509330249214,-0.410276952474851,0.0833880018543953,-49.1216986144732,-7.09829355213107,172.479976841607
21.30582033,-0.0435362794967936,-0.908363180494775,-0.408115139363905,0.0801433572479569,-48.849743986789,-6.31894265582026,171.640005573785
21.31586633,-0.0534630280357896,-0.90859663399856,-0.407123066902655,0.076450439603106,-48.713756187791,-5.47394900923213,170.785419578544
21.32591233,-0.0634290976908968,-0.908413024261108,-0.406775032141124,0.0727777448502919,-48.6524105043183,-4.62430517963013,169.920311910152
21.33595833,-0.0734478152575726,-0.908514379318724,-0.40556863364623,0.0687104388527184,-48.4709433399593,-3.74250424979752,169.070867322197
21.34600433,-0.0829052842308215,-0.90896885835251,-0.403498663895282,0.0639621499534256,-48.1633734739492,-2.83012191722631,168.312069700435
21.35605033,-0.092223304686885,-0.909308046369085,-0.401477434183645,0.0589033846428655,-47.8511020388412,-1.89520247803579,167.576656514582
21.36609733,-0.10163956783646,-0.909509986350574,-0.399436470388831,0.0539582162595212,-47.5322526458156,-0.97143761823623,166.819298365237
21.37614333,-0.110801921642078,-0.909804503935827,-0.396937749068354,0.0491845722056842,-47.1529652532132,-0.0878780032625246,166.074332364379
21.38618933,-0.120085758826358,-0.910118339091776,-0.394038958453976,0.0446913704917446,-46.7225013621105,0.761372329378633,165.29589791517
21.39623533,-0.129459950476772,-0.910379663600686,-0.390926119259063,0.0403206969917676,-46.2614000912953,1.59327248089138,164.493743585737
21.40628133,-0.138596334392965,-0.910596038215143,-0.387687870032062,0.0361113099973134,-45.7816438894515,2.38984691297279,163.700729816509
21.41632733,-0.147769508781064,-0.910751305570539,-0.384288103015214,0.0319199867971412,-45.276240511172,3.17752153044998,162.893562332605
21.42637333,-0.157009297401211,-0.910936931935869,-0.380483570212177,0.0278251570245172,-44.7163213347848,3.94420403584877,162.063994460244
21.43641933,-0.165936110975195,-0.911162050136227,-0.3764073953728,0.0237991212997729,-44.1191849120301,4.67763352077149,161.253833205802
21.44646533,-0.174548987858386,-0.911330266921582,-0.37230842426715,0.0199055934340917,-43.5169920016741,5.3759823120445,160.461714245535
21.45651133,-0.183231378183202,-0.911212374198126,-0.368605134499577,0.0157647067161906,-42.9528802314841,6.10495497615342,159.664410126907
21.46655733,-0.192351638882119,-0.910864235562353,-0.364956687367426,0.0115675294928811,-42.3857447195015,6.85327129207833,158.811451009749
21.47660333,-0.201737491563559,-0.910195775826612,-0.361652543384813,0.00728505513573843,-41.8501771561067,7.62310532416691,157.924248986785
21.48664946,-0.211277517407005,-0.909281955351845,-0.358550867531946,0.00306784972705923,-41.3314260942075,8.39104409064616,157.007976664002
21.49669646,-0.220723353809233,-0.908327992307684,-0.355275242147305,-0.000980709268822312,-40.7870849960797,9.12661350760086,156.082926673436
21.50674246,-0.22978068163187,-0.907387416269593,-0.351884926260651,-0.00509056135621921,-40.2225571217622,9.84311325442668,155.191027586094
21.51678846,-0.238997968887077,-0.906304437330514,-0.348435547639084,-0.00921449316692581,-39.6410980993247,10.5592983287046,154.269394031145
21.52683446,-0.248250630097216,-0.905081368686706,-0.344989599979583,-0.0134728103401093,-39.0483773115864,11.2842017454213,153.336288763578
21.53688046,-0.257427129714347,-0.903815946823395,-0.341352695496294,-0.0180650057342341,-38.4171759556112,12.028708297159,152.408141872149
21.54692646,-0.266331280969378,-0.902666395641266,-0.337277567775183,-0.0224692953354541,-37.7308491736181,12.7219367094457,151.485618285064
21.55697246,-0.274831873683787,-0.901594433756216,-0.332973235646948,-0.0269024640148474,-37.0121296791763,13.3873744859199,150.593659603918
21.56701846,-0.283331046192459,-0.900444542420718,-0.328521245014168,-0.0315742911649893,-36.2614102992735,14.0649897899486,149.693165272022
21.57706446,-0.292021247890947,-0.899056303925487,-0.324172014356744,-0.0365220243133809,-35.5045119488075,14.7736411293818,148.764885421352
21.58711046,-0.301122716852361,-0.897333252497255,-0.320048143498326,-0.0410771128662242,-34.7683232775045,15.454155368471,147.764027728519
21.59715646,-0.310119776528782,-0.895634036230685,-0.315666189716218,-0.0449472359652455,-34.0101097380019,16.0395725069244,146.737007918286
21.60720246,-0.318506076764217,-0.894081721260335,-0.311113991545176,-0.0487835939353769,-33.2328965055162,16.5837423907081,145.765032212956
21.61724846,-0.326651071808185,-0.892647587181581,-0.306104286454813,-0.0527212310123212,-32.3939082447069,17.103669953666,144.80344285507
21.62729546,-0.334910277906349,-0.890979163754547,-0.301261269030384,-0.0568584495932115,-31.5587022027575,17.6445158059642,143.821099899386
21.63734146,-0.342804208375944,-0.889335794586746,-0.296305491432999,-0.0614017502450271,-30.6954988117932,18.2016989704273,142.875524353506
21.64738746,-0.35045369843501,-0.887714707233114,-0.291093246488933,-0.0664042593798192,-29.7828957131135,18.7794100943089,141.949342119579
21.65743346,-0.358008296405025,-0.886194864439793,-0.285364958065947,-0.0711024799407762,-28.8110575297627,19.2898595793345,141.003130010231
21.66747946,-0.365395774430496,-0.884654872432703,-0.279622537731242,-0.0753851517353123,-27.8457106504003,19.7383579216696,140.054083050767
21.67752546,-0.372891173380348,-0.882875497841969,-0.273996728525275,-0.0800551115342948,-26.8703092423549,20.2244904594814,139.084625942015
21.68757146,-0.380270718330072,-0.88096079750688,-0.268355110292897,-0.0853685469974779,-25.8633252327495,20.7632857443534,138.122210436601
21.69761746,-0.387823852043603,-0.879019432497181,-0.262377747551688,-0.0898633110234583,-24.8326273127782,21.1920922516709,137.10277650229
21.70766346,-0.395673359529547,-0.876845567117048,-0.256603385016908,-0.0934834037872453,-23.8430594465718,21.530919056308,136.023313131103
21.71770946,-0.403098251061348,-0.874880222544947,-0.250447622580879,-0.0968110765076585,-22.8242541899247,21.7961959512554,134.975812319903
21.72775546,-0.410447979654469,-0.873027826261362,-0.24366820841382,-0.0999033271684431,-21.7401310135394,21.9911278907799,133.913067926189
21.73780146,-0.418245964623365,-0.870880574171776,-0.23682966109772,-0.102708569412919,-20.6466239650429,22.1479726630235,132.777658076213
21.74784746,-0.426036499283073,-0.8684416775976,-0.230501267738969,-0.105693516645152,-19.6002936644467,22.3325191504027,131.642727888829
21.75789446,-0.433438716951024,-0.865993169524833,-0.224448845472964,-0.108671177181619,-18.5915851197339,22.50640032381,130.553763239861
21.76794046,-0.440579443210537,-0.863544787502523,-0.21861554596461,-0.111298684898392,-17.627139472496,22.6349144254958,129.49355360119
21.77798646,-0.447173135757344,-0.861286412309334,-0.212687155794125,-0.1139564670761,-16.6626919072326,22.7377807226747,128.497244790519
21.78803246,-0.453583515675281,-0.858795405762449,-0.207576912872573,-0.116808692276112,-15.7822299348501,22.8883395335146,127.531763828221
21.79807846,-0.459886153480086,-0.856287692274317,-0.202743380413498,-0.119042998934518,-14.9635753256691,22.9761457711833,126.580014242586
21.80812446,-0.466008883885819,-0.853866551241849,-0.197960226332027,-0.120662262536455,-14.1858473910857,22.9894351222778,125.650821229856
21.81817046,-0.471685220302384,-0.851680139985242,-0.193129262120486,-0.121881418665055,-13.4366438433717,22.9420805598848,124.780770853958
21.82821646,-0.477193784779417,-0.84962050236526,-0.187959942897091,-0.122890819814261,-12.6681167568405,22.8430264492574,123.927394385965
21.83826246,-0.482437805688971,-0.847643227658645,-0.182487401655968,-0.124310379628165,-11.8537806011086,22.7567340248256,123.100775163368
21.84830846,-0.487373105351732,-0.845772979770297,-0.176985140610468,-0.125744911918438,-11.0459079965636,22.6573300687351,122.314509460087
21.85835446,-0.492529644454708,-0.843752250105341,-0.171084416816172,-0.127384504937468,-10.1797485664362,22.5500431652891,121.487236414833
21.86840046,-0.497827639895639,-0.841496609630682,-0.165071481882741,-0.129624468388657,-9.26474497848771,22.489331182605,120.628898907753
21.87844646,-0.503107331218525,-0.83910637310436,-0.158795386280975,-0.132542571220331,-8.2831164070537,22.4710689805558,119.756489230396
21.88849346,-0.508305765324634,-0.836763437958368,-0.151932573723117,-0.135531143563758,-7.23840608493319,22.4124594464319,118.881337934251
21.89853946,-0.512910067147058,-0.834801221976429,-0.144398236734459,-0.138489465425498,-6.14366697561662,22.2933621042342,118.077706326109
21.90858546,-0.517669177034684,-0.832535515827544,-0.137547198965785,-0.141364797918944,-5.12230511237957,22.1968770201257,117.258897195735
21.91863146,-0.522475429789221,-0.830128138541672,-0.131084788019856,-0.143956511550179,-4.15922852549824,22.0850110202066,116.4401092265
21.92867746,-0.527472817179958,-0.827570507800119,-0.124994762409202,-0.145862233377797,-3.27551058598141,21.9183700340342,115.609597678124
21.93872346,-0.532570194995804,-0.825071511273509,-0.118889062977429,-0.146599384007332,-2.46828973341243,21.6258187696038,114.788332898665
21.94876946,-0.537254602686008,-0.822924705327707,-0.112522559110037,-0.146598413856821,-1.70133794381911,21.2344720925807,114.041125538322
21.95881546,-0.541581222598327,-0.820879638504954,-0.106495531133513,-0.146646173715748,-0.980995452342055,20.8614691923209,113.350357895234
21.96886146,-0.545697497522042,-0.818882708522363,-0.100618737110011,-0.146701126865634,-0.286321506096771,20.492013736433,112.693353327352
21.97890746,-0.549547802651662,-0.816970168791426,-0.0950778081197425,-0.146687307933524,0.35833021288113,20.1316204527479,112.081655529108
21.98895346,-0.552845223320991,-0.815330300295543,-0.0899392421805468,-0.146661491834543,0.943990897715852,19.7916061462372,111.555836151243
21.99899946,-0.555762280401844,-0.813832020828988,-0.0847507628062008,-0.147047739730044,1.55006808732408,19.4841982344568,111.075862430984
22.00904546,-0.55854963003833,-0.812305768053964,-0.0796502430194626,-0.147775129021243,2.16531469510566,19.2113918959072,110.607889860892
22.01909246,-0.56122543410125,-0.810788366562841,-0.074405636953288,-0.148701169981275,2.8031218538583,18.9441917388769,110.150483690374
22.02913846,-0.564013357514162,-0.809160204041528,-0.0689831629489008,-0.14963295081846,3.4584379303058,18.661044627399,109.675870386756
22.03918446,-0.566898902902357,-0.807484130384164,-0.0636369384796344,-0.150151100984221,4.07598764749855,18.339123561422,109.199793664703
22.04923046,-0.56955534226761,-0.806070863496259,-0.0583183468656684,-0.149851411523804,4.62296372128538,17.93951124291,108.781213397046
22.05927646,-0.571645577926912,-0.80507543566874,-0.0524059284406109,-0.149427222364846,5.20085108352883,17.4885742859528,108.446026688522
22.06932246,-0.573516943954832,-0.804137999010715,-0.0461765550613164,-0.14935902820527,5.8264756209948,17.0482313026887,108.132511904881
22.07936846,-0.575665714237903,-0.802924709044873,-0.040100416415055,-0.149374876266091,6.44653325003079,16.6211695801241,107.779266994843
22.08941446,-0.57785824355895,-0.801625149742473,-0.0336137181791064,-0.149489423042229,7.10994689054203,16.1717080320972,107.416091308732
22.09946046,-0.579691376257952,-0.800526894141281,-0.0269168045698895,-0.149633170388195,7.78446277486033,15.7105457921302,107.104988123036
22.10950646,-0.581347295418062,-0.799510124445291,-0.0202212913396144,-0.149699640601232,8.44657228639757,15.2412541570084,106.823875411579
22.11955246,-0.583076468709314,-0.798394293141189,-0.0135514792107134,-0.149682135635016,9.09856730572591,14.7625535753455,106.536719493831
22.12959846,-0.584758864139292,-0.797251433014051,-0.0067783376120904,-0.149670563260732,9.75682592285297,14.2750799163661,106.257564427115
22.13964446,-0.586476037658625,-0.795970669664966,-5.44722989840318e-05,-0.149921804011666,10.4278827214256,13.8116321022076,105.967538311545
22.14969146,-0.588346145706396,-0.79444649864676,0.00625047062218792,-0.150547352143219,11.0881839483609,13.4059400336213,105.647482776197
22.15973746,-0.590222372340515,-0.792896116903584,0.012461251591216,-0.150990119533475,11.7237915105872,12.9869511364317,105.333869729555
22.16978346,-0.592158434711545,-0.791294487519526,0.0186477493625703,-0.151174348567788,12.3362590084161,12.5423988503649,105.021083086564
22.17982946,-0.593952034915092,-0.789707966049276,0.0248923256128313,-0.151534420855864,12.9625616352132,12.1086503662391,104.724499028779
22.18987546,-0.595843860702878,-0.787959549809976,0.0310279955673902,-0.152075984353281,13.5917610218256,11.6939424684614,104.409534801783
22.19992146,-0.598088536101921,-0.785861209500927,0.0370092924516119,-0.152782769504393,14.2221475024632,11.2951091572774,104.03967705795
22.20996746,-0.600276452887947,-0.783775125555652,0.043082178126972,-0.153325335793936,14.8451576914535,10.8724194637386,103.683920581977
22.22001346,-0.602208012816849,-0.781871213140944,0.0492196773199004,-0.153624017410091,15.4496530733712,10.4249495206022,103.374127060204
22.23005946,-0.604041811484346,-0.780083893618323,0.0551543545198457,-0.153494645097105,15.9997416115925,9.95335202391707,103.09437591639
22.24010546,-0.605779880173888,-0.77836844186922,0.060886920255048,-0.153186449859142,16.5147127759588,9.47997309789623,102.836127616928
22.25015146,-0.606944665846085,-0.777064060698857,0.0666960571973284,-0.152778447843661,17.0206337209522,9.00238913721823,102.665259138214
22.26019746,-0.607855067767175,-0.775824932511778,0.0729527881618449,-0.152596793486202,17.5802237540792,8.51610192647219,102.523717259186
22.27024346,-0.608841252041855,-0.774497345513382,0.0791425278908954,-0.152324167103812,18.126703029092,8.02347711985183,102.375478877492
22.28028946,-0.609612969035123,-0.773414852869227,0.084834560146217,-0.151672643381235,18.596631692262,7.53774220770958,102.2731077488
22.29033546,-0.609749365193796,-0.772937682220499,0.0904796438397728,-0.150288007172874,19.0005837796032,7.00677556857702,102.288126607799
22.30038246,-0.609253191467376,-0.772968944661545,0.096366856522383,-0.148468812346665,19.3889890560148,6.43638168379153,102.409049477091
22.31042846,-0.608509038389868,-0.77315237440508,0.101932181806758,-0.146840002934275,19.7626025770338,5.91230076314492,102.560259482395
22.32047446,-0.607699005499385,-0.773340897232649,0.107403154866078,-0.14529396996184,20.1353348722766,5.40446852526704,102.71854026259
22.33052046,-0.606986851694756,-0.773369908734147,0.11266091959328,-0.144130022308406,20.5197865095999,4.94297715974964,102.850868353569
22.34056646,-0.60624582701014,-0.773310917951257,0.118070801666397,-0.143232353901032,20.9392562103276,4.49467393338759,102.97886889512
22.35061246,-0.605649236566263,-0.773099954871264,0.123341660129692,-0.142451033345509,21.3569349805707,4.06305169591706,103.083001071866
22.36065846,-0.604892543153849,-0.773050400759397,0.128370899294053,-0.141488520159908,21.73976322284,3.6381086730076,103.216590757289
22.37070446,-0.60350454031992,-0.773446191521838,0.133683346416039,-0.140328263456137,22.1329147340539,3.19392887693692,103.44675915371
22.38075046,-0.602032478524147,-0.77387753695752,0.138856538469891,-0.139245518128215,22.5211269955545,2.76993550823703,103.686640741769
22.39079646,-0.60047992550235,-0.774409314445018,0.144113235014272,-0.137642465333962,22.8811720233784,2.29869332909855,103.954475782332
22.40084246,-0.598631875606014,-0.775113513148946,0.149533742234441,-0.135935937763669,23.2510577127878,1.81659403572295,104.267330868117
22.41088846,-0.59687814722173,-0.77563780120364,0.154886981086044,-0.134656978293695,23.6491823029444,1.37481675800907,104.553285889259
22.42093446,-0.595327903713332,-0.775872898674544,0.16026869614568,-0.133865145569761,24.088163708156,0.968334642983014,104.795278726903
22.43098046,-0.593707315660725,-0.77608080803843,0.165633327846783,-0.133325929330169,24.546068043598,0.588320710128321,105.039524997702
22.44102746,-0.59178671942139,-0.77630131658765,0.171536976962956,-0.133115777108354,25.0800372569515,0.209089742727898,105.315804027336
22.45107346,-0.589793007938935,-0.776427803345856,0.177824696500533,-0.132975378519355,25.6577356939961,-0.18724083132532,105.600305072833
22.46111946,-0.58756757242403,-0.776734755537434,0.18393927347787,-0.132717033753657,26.2140912348856,-0.571915298583532,105.921181273012
22.47116546,-0.585505698163865,-0.777024583465414,0.18958726974732,-0.132183740519784,26.7102271003194,-0.950513065373004,106.227950252067
22.48121146,-0.583731470543647,-0.776957943429295,0.195436533963057,-0.131903319259137,27.2457116830466,-1.32928091423736,106.486806088585
22.49125737,-0.582193645090281,-0.776824442240334,0.200713199506898,-0.131561989564576,27.724899742254,-1.67939412774327,106.71477717558
22.50130338,-0.58052169665714,-0.776923092001808,0.205799965901016,-0.130504570264053,28.1389446880674,-2.07219045454306,106.9847559098
22.51134938,-0.578207640740084,-0.777389693062303,0.211152350035628,-0.129444483794083,28.5827701073812,-2.46001604000873,107.344410982342
22.52139538,-0.575909892333538,-0.777883334981891,0.216172925564729,-0.128431224095273,29.0014014551524,-2.81912912809867,107.700079572715
22.53144138,-0.573858697533527,-0.778249279793961,0.221221697305245,-0.126788068865696,29.3822202192138,-3.24206647581161,108.042216286465
22.54148738,-0.571372527109842,-0.778799124248178,0.226525805387338,-0.125265393577002,29.8012888086977,-3.65497466903087,108.440968493133
22.55153338,-0.568849077908135,-0.779304135673422,0.231674624843293,-0.12418799816844,30.2394133551014,-4.01486900276791,108.830418964379
22.56157938,-0.5666143892618,-0.779585254082111,0.236722282859133,-0.123115905947072,30.6702203434086,-4.37602510496257,109.180121664858
22.57162538,-0.564247047527445,-0.779981856683759,0.241546538714383,-0.122101769994619,31.0869625737222,-4.70983090325076,109.545940091064
22.58167138,-0.561746638056436,-0.780506995468256,0.246174322688948,-0.121027879044646,31.4843431657823,-5.02836919782831,109.931588815858
22.59171837,-0.559111076106585,-0.781082093567335,0.250850464790472,-0.119915019900804,31.8879337919868,-5.34655361774097,110.337072752702
22.60176437,-0.556390532610672,-0.781694787128593,0.25539664539292,-0.118976420013548,32.2938143010984,-5.63518568455131,110.748123594099
22.61181038,-0.553649053229451,-0.78228559784201,0.259916448386901,-0.118090681787523,32.7037544954418,-5.91446810388185,111.160158158935
22.62185638,-0.550754482643563,-0.782931019108719,0.264457235163193,-0.117264188630816,33.1237057048466,-6.1817375144753,111.590900306032
22.63190238,-0.547760826103251,-0.783609335164428,0.268950797356397,-0.116533067543962,33.5487906499868,-6.43111685462596,112.031529799548
22.64194838,-0.544802974089551,-0.784233104632208,0.273462422709687,-0.115699872030423,33.9720537009567,-6.68985856766483,112.470572391632
22.65199438,-0.541645885753073,-0.784906683722501,0.278116673373684,-0.114857948292966,34.4138781455138,-6.94843140679832,112.936896060205
22.66204038,-0.538512354535299,-0.785540968327007,0.28267796220787,-0.114118363004046,34.8557798601621,-7.19010257976627,113.396100774231
22.67208638,-0.53545849639692,-0.786053996401099,0.287243284468596,-0.113554431467484,35.3115054953509,-7.41723454986404,113.838564721621
22.68213238,-0.532323722719269,-0.786578516638426,0.291787678504965,-0.113073613481995,35.7737955497926,-7.62960025233287,114.288607051102
22.69217838,-0.529079461693921,-0.787112365166469,0.296391170544422,-0.112611375264782,36.247136256318,-7.8368848448628,114.752396876809
22.70222437,-0.525846009227511,-0.787596651545767,0.300990215176274,-0.112171205848638,36.7242440731109,-8.03961058115027,115.213598046076
22.71227037,-0.52279303768028,-0.788000129641247,0.305414260245222,-0.11164839934933,37.1795538824417,-8.24342142206176,115.652830315755
22.72231638,-0.51983505104527,-0.788296021416184,0.309858682995336,-0.111123799865611,37.638890349878,-8.45044220502073,116.079563749895
22.73236238,-0.516754384131716,-0.788583172371613,0.314324095845981,-0.110913702956762,38.1228427243807,-8.62271639009923,116.511116736755
22.74240938,-0.513558751054603,-0.788916085526941,0.318751025663592,-0.110754696742361,38.6092777147423,-8.78009064233902,116.955191319783
22.75245538,-0.510337304227643,-0.789247556908294,0.32313834599094,-0.110570064566279,39.0927366202573,-8.93331397795125,117.402792800336
22.76250138,-0.507313783334294,-0.789493342703584,0.32734078156305,-0.110367566755173,39.5561162457031,-9.08270834797374,117.823918415471
22.77254738,-0.504261905917838,-0.789796847446033,0.331403436363296,-0.11005740488952,40.0008777271305,-9.22908546312145,118.251453866071
22.78259338,-0.500994887578028,-0.790228697487373,0.335419892278821,-0.109709726787342,40.4427408975625,-9.3634021726419,118.707326278737
22.79263938,-0.497807889302609,-0.790585163194813,0.339443559713335,-0.109272479854044,40.881881599204,-9.50751466464612,119.155771044121
22.80268538,-0.494820470183728,-0.790817190140697,0.343453386236514,-0.108630776245958,41.308606809846,-9.67628406684181,119.585929502117
22.81273137,-0.491750786006561,-0.791042872137984,0.34750840333625,-0.108028924424474,41.7457200386477,-9.83805993710978,120.025151308708
22.82277737,-0.488605277517811,-0.791282384448732,0.351522946300095,-0.107557840566701,42.1887725411368,-9.97943453032546,120.468478704609
22.83282338,-0.48551378792718,-0.791516952981751,0.355421323133498,-0.107018493435099,42.6171441420001,-10.1199784827302,120.906460545482
22.84286938,-0.482361585369906,-0.79170867647444,0.359408182525863,-0.106538401001601,43.0613583619195,-10.2553045210517,121.35005474316
22.85291538,-0.479096569689951,-0.791860806250568,0.363520842415482,-0.106186334172812,43.529781124913,-10.3787058131206,121.803281174471
22.86296138,-0.475937413847,-0.791949620570999,0.367559632884623,-0.105826711428642,43.990852120504,-10.5009550022833,122.242496954486
22.87300738,-0.472709205386113,-0.791986977588175,0.371658982435682,-0.105698794926197,44.473767918029,-10.5998691760211,122.681022972501
22.88305338,-0.469475518454207,-0.791989240815621,0.375702331019073,-0.105799520184563,44.9644017583644,-10.6717394912567,123.109861129164
22.89309938,-0.466370171692674,-0.791878582898774,0.379764741046213,-0.105857991477634,45.4555846998456,-10.7525955914878,123.523771526671
22.90314638,-0.463148545828898,-0.791723330362267,0.383972022153095,-0.105986220143568,45.9697635818725,-10.8272598967216,123.949532217141
22.91319237,-0.459848012358049,-0.791556714084937,0.388178001098756,-0.10628082320147,46.4949255329401,-10.8799126525252,124.377141753385
22.92323837,-0.456663341700819,-0.791239107164525,0.392487963704608,-0.106547951585829,47.0312835386393,-10.9446092888292,124.79142157737
22.93328438,-0.453229600900749,-0.790977645226941,0.396896009778226,-0.106821585088002,47.5835209593724,-10.9984867029558,125.235695208166
22.94333038,-0.449638953092457,-0.790811369696484,0.401175957209107,-0.107238243076094,48.1314867617338,-11.020384950252,125.690604276583
22.95337638,-0.445980656181816,-0.790629383807921,0.405526007221932,-0.10749460097038,48.6820565120003,-11.0541551141409,126.159825018692
22.96342238,-0.442372487635634,-0.790324062565982,0.409961504641338,-0.107824037322263,49.2475570148507,-11.0858442922678,126.619033188652
22.97346838,-0.438884953148097,-0.789901176710103,0.414375148792474,-0.108302192939028,49.8184569653697,-11.1063065463588,127.055391443217
22.98351438,-0.435454929736675,-0.789572966824632,0.418490818346359,-0.108715082613093,50.352461368406,-11.115697039397,127.483741700523
22.99356038,-0.43208347325766,-0.789229215469695,0.42247525802555,-0.109250967697915,50.8778038129192,-11.1069527075136,127.896817579887
23.00360638,-0.428761807580603,-0.788767535247733,0.426512563575286,-0.109982365913216,51.4194733065703,-11.0837446041668,128.293746312405
23.01365238,-0.425598005095457,-0.788218144923927,0.430474923203225,-0.110769285294381,51.9546738834263,-11.0577213075811,128.666967919621
23.02369838,-0.422403321122783,-0.787705118524902,0.434367546766092,-0.111449158231549,52.4780288006661,-11.0332395423605,129.046646552979
23.03374437,-0.419094932262862,-0.7872347429821,0.438250720480679,-0.112058927317994,52.9991719084374,-11.0055423990564,129.441365378221
23.04379037,-0.415798516098936,-0.786682832165693,0.442198216101855,-0.112705160760386,53.5308063411744,-10.9763792693444,129.831829612471
23.05383638,-0.412613408119348,-0.786060975873409,0.44607045096953,-0.113487754497654,54.0598295644895,-10.9348515357221,130.200226828485
23.06388338,-0.409723683621495,-0.785301198356765,0.44985309203607,-0.114283535667432,54.5772784187079,-10.902421115111,130.531128477888
23.07392938,-0.406670917928591,-0.784550921863933,0.453713344791736,-0.115077435978849,55.1064875211176,-10.8626817781486,130.880162101213
23.08397538,-0.403610430843478,-0.78377980523124,0.457483272372424,-0.116176127175252,55.6394043398877,-10.7880849209508,131.212058681643
23.09402138,-0.400851265942173,-0.782904628709521,0.461136508520544,-0.117182445132565,56.1524988092631,-10.731624919854,131.511068379381
23.10406738,-0.398130031493166,-0.781928058505362,0.464883532949017,-0.118170597604169,56.6769722140331,-10.6824938535467,131.80588664174
23.11411338,-0.395295207591071,-0.780919194702091,0.468692739555663,-0.119306437752444,57.2174795290538,-10.6148797288936,132.104821931247
23.12415938,-0.392417332988238,-0.779942728795582,0.472410001049407,-0.120527040442374,57.7516232202454,-10.5302934952836,132.401394470911
23.13420537,-0.389604516427584,-0.778962851027917,0.47603480777191,-0.121721235974863,58.2735667040716,-10.4453726060702,132.689153846197
23.14425137,-0.386569931256985,-0.777988400644025,0.479768982715355,-0.122961213134855,58.8135401199176,-10.3466790701544,132.99841079733
23.15429738,-0.383245793207403,-0.777026321574218,0.48363483397999,-0.124298451039487,59.3770323314947,-10.2262537775604,133.333722550632
23.16434338,-0.380057258085586,-0.776035239100289,0.487482949130557,-0.125244411284489,59.921522421765,-10.1458622500241,133.672786089069
23.17438938,-0.376970552781352,-0.775066268508948,0.491216010323024,-0.125985368030053,60.4432133380265,-10.0817961493821,134.008878132999
23.18443538,-0.37397713486091,-0.774075066056465,0.494875709052566,-0.126676467035613,60.954045764711,-10.0222272944749,134.335022054383
23.19448138,-0.370723922562114,-0.772972702554632,0.498779743844258,-0.127654774592273,61.510736577639,-9.931569081759,134.6739924791
23.20452738,-0.36736220789258,-0.771927277801988,0.502540764034127,-0.128942105153816,62.0639548719005,-9.79718662484579,135.003566097056
23.21457338,-0.364238002494723,-0.770814656330303,0.506250394593196,-0.12994606996475,62.5982661347136,-9.69844307111813,135.32054992299
23.22461938,-0.361071610233314,-0.769606102752577,0.510057755229401,-0.131052757391277,63.1506775328819,-9.59116743705844,135.634837902635
23.23466638,-0.358090381295936,-0.768370304949652,0.513615082403238,-0.132581674536208,63.6884456091649,-9.44481612346073,135.899607851669
23.24471237,-0.355280683429846,-0.766914370185356,0.51737209095755,-0.133955605642441,64.2455608741503,-9.33227302860185,136.154354703158
23.25475837,-0.352014550067497,-0.765378963124246,0.521504223236237,-0.135329762042208,64.8548852298218,-9.20672459229739,136.458992157166
23.26480438,-0.348808423724949,-0.763794794955692,0.525536994609461,-0.136971026257253,65.4633486819479,-9.05531573880848,136.737305812588
23.27485038,-0.345636576365337,-0.762293789076399,0.529426287772347,-0.13838837389603,66.044973670193,-8.91638930685578,137.021461456631
23.28489638,-0.342030652505732,-0.761013440561322,0.533308257495584,-0.139484330727673,66.6157137753906,-8.77279790665041,137.368566869649
23.29494238,-0.33844537407921,-0.759598709896361,0.537258535903095,-0.14077568784215,67.204531261233,-8.6152941784938,137.699005788033
23.30498838,-0.334998331456268,-0.758043151747531,0.541230080220393,-0.142185436226121,67.8016458844321,-8.45641111106304,138.004628585058
23.31503438,-0.331427153406645,-0.75656365767738,0.545131039070781,-0.143525691456978,68.3883972693853,-8.28920785169897,138.323924730223
23.32508038,-0.327721482715566,-0.755069319498397,0.54905441984478,-0.144942045548729,68.9830170873593,-8.10521103502282,138.649274794535
23.33512638,-0.323906716264705,-0.753582497878829,0.552961431484694,-0.146395059136976,69.5786042823383,-7.90750763903489,138.979942253531
23.34517238,-0.320056740035736,-0.752151963923865,0.556737585428004,-0.147899855628621,70.1600686797595,-7.69437524976876,139.306230932393
23.35521837,-0.31621101071462,-0.750647994046326,0.560540547030979,-0.149440559659273,70.7477380410126,-7.47789471521312,139.626282609236
23.36526437,-0.31230122916047,-0.749019507944179,0.564482792159591,-0.150986411109187,71.3559172758985,-7.26125338086192,139.949815401955
23.37531038,-0.308592496160531,-0.747290595685575,0.568336692214356,-0.15271162757353,71.9601391223089,-7.0380780898277,140.236558489452
23.38535638,-0.304995811550011,-0.745475659199635,0.572194627528871,-0.154392048710149,72.5642397117194,-6.82532782289205,140.511356401614
23.39540238,-0.301262865693884,-0.743603992358842,0.576177271250386,-0.155927997474343,73.1814979845078,-6.61886790265191,140.806837286154
23.40544938,-0.297582954243142,-0.74169611099395,0.580111710434734,-0.157485452334054,73.7945523491504,-6.41044063014325,141.091570493238
23.41549538,-0.294021536850766,-0.73962751928721,0.584148737334618,-0.158973964067494,74.4204534056745,-6.21972383480907,141.366477727145
23.42554138,-0.290442544576257,-0.737556365138788,0.588169736937485,-0.160343684297879,75.0412815964553,-6.0348880866553,141.647867332084
23.43558738,-0.286927353507084,-0.735495470548369,0.592089149157622,-0.161708212722974,75.6495596378956,-5.84869680624248,141.919390971564
23.44563338,-0.283415926592216,-0.733442062209895,0.595965876665084,-0.162981065728475,76.2500436980768,-5.66650955609271,142.193545385829
23.45567937,-0.279867388077716,-0.731389784579673,0.599800046514421,-0.164265432469391,76.8469869505171,-5.47692281820479,142.466992042546
23.46572537,-0.276423645113291,-0.729285844675228,0.603592395466023,-0.165554659596791,77.4399657301388,-5.29139717475531,142.72656013879
23.47577138,-0.272970379261713,-0.727142744205279,0.607409025354287,-0.166747946054779,78.0344470071707,-5.11242111452102,142.991038307438
23.48581713,-0.269572858928823,-0.724979310481691,0.611175155302895,-0.167929755085018,78.6232092412788,-4.93475454437391,143.247725605655
23.49586313,-0.26630298269813,-0.722829633913927,0.614819594130278,-0.169106204544416,79.1961987668764,-4.76025825693935,143.489131343753
23.50590913,-0.26291901607201,-0.720707870581544,0.618444563898865,-0.170235359586325,79.7665456179735,-4.57831973640074,143.741802704372
23.51595512,-0.259449890011785,-0.718573717207478,0.622084706425234,-0.171313121340226,80.3390288784643,-4.39301091386127,144.003417222026
23.52600112,-0.256015103349773,-0.716394271111806,0.625729312094975,-0.172332072349113,80.9117286286998,-4.21371305787639,144.263337583361
23.53604713,-0.252540850709851,-0.714207096059031,0.629355668819473,-0.173328545792274,81.4829539953595,-4.0307059007188,144.525610654103
23.54609313,-0.248889540018488,-0.712060056466839,0.632955643287028,-0.174331943386554,82.052833563213,-3.83035097559047,144.800514362737
23.55613913,-0.245221081154829,-0.709892248120245,0.636537201791439,-0.175328286798129,82.6218189842882,-3.62674031578504,145.074306075848
23.56618613,-0.241507252152803,-0.707686046527904,0.640132414732971,-0.176309949564523,83.194367067349,-3.4196692303158,145.35023879793
23.57623213,-0.237837721812065,-0.705393192488734,0.643762890968743,-0.177265344287497,83.773236374182,-3.21820044169341,145.621148692783
23.58627813,-0.233993212281475,-0.703099681231132,0.647422929763046,-0.178161625710789,84.3564490111332,-3.00679437595348,145.909299732995
23.59632413,-0.229956388355523,-0.700829984382774,0.651073842938723,-0.179053744684461,84.9405787184926,-2.77791169448856,146.211515327589
23.60637013,-0.225808284593151,-0.698556835196206,0.654724098497785,-0.179903644921447,85.5253050650408,-2.54123683022609,146.523370625697
23.61641613,-0.221643769542722,-0.696284950607363,0.658338435155993,-0.180698123335449,86.104766344353,-2.30382267976605,146.837350627202
23.62646212,-0.217504995780344,-0.694074422082925,0.661851070860343,-0.181398548566035,86.6673252938159,-2.0690360366885,147.152793727598
23.63650812,-0.213228775702352,-0.691880126288373,0.665336283232706,-0.182107139546339,87.2284614874448,-1.81916363449189,147.475958058303
23.64655413,-0.208987436952965,-0.689686213989583,0.66874526855792,-0.182857713017364,87.7820961239401,-1.56378632326569,147.788880182405
23.65660013,-0.204795046918363,-0.687520840776518,0.672076035248814,-0.183542597507744,88.3233144714512,-1.31201408431322,148.09925108157
23.66664613,-0.200599448040236,-0.685403155752482,0.675314499482709,-0.184208312295916,88.8517931155393,-1.0555347426672,148.407865731271
23.67669213,-0.196362371146232,-0.683278016574913,0.6784989206855,-0.184965364033092,89.3780377504724,-0.784849506175802,148.708891138534
23.68673813,-0.192297726533438,-0.681086323499185,0.681631616558209,-0.185799202422069,89.9017914476294,-0.519211663759247,148.98535984012
23.69678413,-0.188283204622295,-0.678970646601248,0.684663094196996,-0.186506684479772,90.4066123934257,-0.261040165753971,149.264783128562
23.70683013,-0.184092258986804,-0.676889779263994,0.687685999762057,-0.187131591775248,90.9087797617555,0.00799765206693219,149.562651248961
23.71687713,-0.179935254933832,-0.674756823690096,0.69066648652836,-0.187899806551576,91.4126775690385,0.287789466702564,149.842175407263
23.72692312,-0.175913154864099,-0.672560590756753,0.693633187777395,-0.188652629243425,91.9160533944744,0.557052254707992,150.108474496662
23.73696912,-0.171584467876135,-0.670406416391562,0.696583051654458,-0.189436161786629,92.4204774266241,0.856762668701717,150.393933370532
23.74701513,-0.16719040342009,-0.668286268983916,0.699489662698884,-0.19014479606128,92.9171624356725,1.16011224342705,150.687605386461
23.75706113,-0.162698303804969,-0.666187975343512,0.702354972347041,-0.190841128340004,93.4091260119325,1.4742802082966,150.986722429452
23.76710713,-0.158038610242167,-0.664124472225488,0.705174053930138,-0.191551655507535,93.8967543098176,1.80734152126302,151.294475370519
23.77715313,-0.153349763485798,-0.662070073860756,0.707965105238397,-0.192178243049646,94.3786431027871,2.13982809019959,151.608146459771
23.78719913,-0.148662785809898,-0.660071391942386,0.710665052580266,-0.192770113595364,94.8466461102425,2.47509836647834,151.921217814957
23.79724513,-0.143868261729334,-0.658097001991325,0.713343425825763,-0.193265144473009,95.3093003015404,2.81547108155021,152.247737620651
23.80729113,-0.138926487513649,-0.656168434822359,0.715958964665165,-0.193765779036137,95.7644407909723,3.17320961642573,152.581845273759
23.81733713,-0.134041948280203,-0.654268242291004,0.718479724306016,-0.194300563539683,96.2079474195307,3.53375306755799,152.905026562082
23.82738313,-0.129272244592862,-0.652366458067139,0.720957161272722,-0.194749743970145,96.642776256126,3.88171543662466,153.223481065108
23.83742912,-0.12442624593482,-0.650514693440554,0.723361199985652,-0.195185340883551,97.0672469825666,4.23983862390358,153.545924629413
23.84747512,-0.119494504887465,-0.648721006542826,0.725680095192668,-0.19562852147098,97.4803149437964,4.61081632803515,153.871241379993
23.85752112,-0.114598696540132,-0.646957623554067,0.727956591761858,-0.195939206355025,97.8825086045811,4.97280941041568,154.202644086396
23.86756713,-0.10965568588472,-0.645189490941457,0.730193571880787,-0.196274040351325,98.2815917448485,5.34359261214977,154.532299563383
23.87761413,-0.104769587000466,-0.643473815491678,0.732337818577604,-0.196586118272199,98.6662159976591,5.71283067892758,154.857051555945
23.88766013,-0.099856803896233,-0.641840581324918,0.734392790936945,-0.196815943205742,99.0341365444059,6.08367094929419,155.188897237855
23.89770613,-0.0947984121527632,-0.640254629152771,0.736331778276835,-0.197237884802683,99.3937996312599,6.48590403381336,155.511645860055
23.90775213,-0.0897753355281317,-0.63877644532981,0.738129466732935,-0.197661155423055,99.7315037685527,6.89157966707518,155.829706381877
23.91779813,-0.0846846543548196,-0.637410079322754,0.739828818012338,-0.197965199297836,100.048872926881,7.30006485184216,156.161853037735
23.92784413,-0.0797120695839323,-0.636284084034558,0.741291870240819,-0.198178993543257,100.322792067773,7.70175041990642,156.493443004385
23.93789013,-0.0747425554790051,-0.635364382661605,0.742570121197784,-0.198280777560041,100.560942500063,8.10328019112023,156.835026433484
23.94793612,-0.069698554015058,-0.634569696165142,0.743729954176259,-0.198315827754796,100.776972035544,8.51200448839305,157.187620950598
23.95798212,-0.064684546618445,-0.633915937032563,0.744729338863816,-0.198355000038714,100.966565909823,8.92467415469969,157.537637885887
23.96802813,-0.0594637922052782,-0.633454089816145,0.745537213357229,-0.19842942576973,101.126280300116,9.36521216062395,157.900088842812
23.97807413,-0.0539485808367942,-0.63298657738615,0.746290367793677,-0.1986661279963,101.286625544975,9.84499931341816,158.267397226083
23.98812013,-0.0487390876413342,-0.63241300484843,0.747077201687251,-0.198881742132397,101.452387760579,10.295624472287,158.612214233977
23.99816613,-0.0437908306910507,-0.631624632166377,0.748010992385942,-0.199028245377069,101.641250054369,10.714205939818,158.940716471381
24.00821213,-0.0391783434442407,-0.630821302158716,0.748926852805822,-0.19909322262225,101.823130831516,11.0987796019347,159.25143985645
24.01825813,-0.0346571489711814,-0.629887349472733,0.74994786655364,-0.199045237197599,102.019040763112,11.4650437640168,159.563156943888
24.02830513,-0.0304337763597051,-0.628930445239765,0.750936784753856,-0.199033227403214,102.211279302464,11.8089191562441,159.849012651956
24.03835113,-0.0261967764332517,-0.627919868859436,0.751943344056885,-0.199026567383864,102.408343845899,12.1544970191936,160.133471309363
24.04839713,-0.0217673567930783,-0.626987397999292,0.752916847205447,-0.198819531541875,102.591478129121,12.5056955242473,160.450325255837
24.05844312,-0.0171762446569879,-0.626033933744231,0.75394710993975,-0.198368963887262,102.774488454063,12.8542344777627,160.79998440953
24.06848912,-0.0125956843565578,-0.625074333758192,0.75499846532991,-0.197739078995082,102.953525791276,13.1901680909604,161.16467577168
24.07853513,-0.00810768468365826,-0.62422115866555,0.755950838898322,-0.197029286382078,103.111529122795,13.5162819779566,161.531411859462
24.08858113,-0.00346803166707385,-0.62368523540366,0.756653154377026,-0.196164991441222,103.218252505993,13.8536222925456,161.928271299064
24.09862713,0.00137716844768762,-0.623265467653646,0.757258467134702,-0.195186767457098,103.303692771382,14.2050061302882,162.352102019623
24.10867313,0.00612878380038919,-0.623052818053691,0.757722823011998,-0.193968418592336,103.351683046317,14.5362793001893,162.795701607609
24.11871913,0.0110662197864972,-0.622587095505485,0.758374781676739,-0.192692858732335,103.433196297592,14.875578059943,163.253101813786
24.12876513,0.0157889049215219,-0.621988002598523,0.759131659726409,-0.191313246551062,103.528708157207,15.1864411458182,163.702631577314
24.13881113,0.019750275536621,-0.621398711940398,0.759944610523321,-0.1896253051457,103.615653575311,15.407604399794,164.127763011492
24.14885713,0.0233796530736782,-0.620962006958462,0.76069321718571,-0.187631039713393,103.674527577721,15.5805581691706,164.561396702128
24.15890313,0.0270947166253015,-0.620505869161336,0.76147700255428,-0.185448422070071,103.732378109364,15.7480489440045,165.018462505415
24.16894912,0.0303116728834107,-0.619910963219222,0.762364498824713,-0.183281125867803,103.808670790549,15.869846949335,165.436243118827
24.17899512,0.0325772947826763,-0.619494483239629,0.763189835296703,-0.180849607132829,103.85595403764,15.8902757779589,165.815447571924
24.18904213,0.034984151098874,-0.619085206563819,0.764025277063637,-0.178255412802972,103.899773033556,15.9124462604977,166.220019822812
24.19908813,0.0374217405566648,-0.618591735711278,0.764861348206038,-0.175872100868386,103.955887057221,15.9519396752619,166.605262065171
24.20913413,0.0395889576619772,-0.618153058631303,0.765739222665059,-0.17309810342206,104.001176466499,15.9400777911868,167.009149565515
24.21918013,0.0417484392233759,-0.617704432723053,0.766752039826537,-0.169675015952697,104.043488694829,15.880948930041,167.473010423009
24.22922613,0.0441048060857398,-0.617307201642878,0.767743354575655,-0.166002187891905,104.074788515943,15.8232710555599,167.975136533373
24.23927213,0.0462250608157648,-0.616808671328102,0.768827346688382,-0.1622184259298,104.120569199583,15.7353080416915,168.468695554064
24.24931813,0.0476704715595015,-0.616391436734108,0.769940498936074,-0.158053000478406,104.154707730769,15.5602702921428,168.951533865248
24.25936413,0.0493615278577997,-0.615761123267655,0.771207189969043,-0.153756784499912,104.218343576712,15.3961200910882,169.45943287561
24.26941012,0.0509698436557553,-0.61481865600003,0.772691438913967,-0.149492593465654,104.32873901167,15.2237751694889,169.952096220627
24.27945612,0.0522474488333356,-0.613764136813766,0.774311502881832,-0.144932691124328,104.455840044311,15.0000908902803,170.446637930647
24.28950213,0.0532669950838625,-0.612633140799314,0.775994836903033,-0.140268582116381,104.595072211994,14.7461039975833,170.931182868352
24.29954813,0.0537388143539362,-0.611724480043932,0.777447509891123,-0.135943626959512,104.706273978897,14.4703109537136,171.349744100374
24.30959413,0.0539704333785782,-0.611437114372444,0.778493046601341,-0.13107411598859,104.724183194925,14.141555263605,171.813434546358
24.31964013,0.0543386831006306,-0.611783123604916,0.779080348179722,-0.125708107420586,104.645178973825,13.7968813407723,172.343688203414
24.32968613,0.0544312172618728,-0.611975924568166,0.779743066559947,-0.12051332079077,104.592505163979,13.4376588302573,172.834696370616
24.33973213,0.0542828242231606,-0.612048778558409,0.780488065778442,-0.115273790763313,104.560034312743,13.052310947033,173.309729767518
24.34977813,0.0541920147908726,-0.612080436020479,0.781231503720088,-0.10999137679444,104.533821811268,12.6691057603674,173.791267810411
24.35982413,0.054153992639038,-0.612088376770022,0.781953400834541,-0.104709326363924,104.511456797119,12.2908599065783,174.275350143941
24.36987113,0.0544312320126069,-0.612528649129211,0.782290282019663,-0.0993368493316037,104.423018097345,11.9381328318122,174.796072469359
24.37991712,0.0551197612339736,-0.612935477164,0.782618918733905,-0.0936992038121101,104.335784288424,11.6035531482924,175.368784753749
24.38996312,0.0555129959587173,-0.613281281710384,0.783007406425512,-0.0877711699030379,104.259691791572,11.2208322466229,175.945088323161
24.40000913,0.05560522288618,-0.613630367576685,0.783375775558724,-0.0817815715381415,104.186419523909,10.8061576299682,176.504480809005
24.41005513,0.0553729850827647,-0.61410238757341,0.783640414773974,-0.075629296126142,104.098419188809,10.3507299107709,177.056063679553
24.42010113,0.0551627573814812,-0.614465504554946,0.783950060580617,-0.0693650951542293,104.027017011755,9.88868830195528,177.616718048304
24.43014713,0.0545580114553978,-0.614720212856922,0.784344023706567,-0.0628246429911503,103.975551614852,9.37082950351232,178.171830096374
24.44019313,0.0534297237273722,-0.614619074046586,0.785012338145455,-0.0560739458210302,103.981884620117,8.7900500021389,178.703551716569
24.45023913,0.0525109961401611,-0.614234116055154,0.785815323920442,-0.0495310271458476,104.029574578051,8.24320100996666,179.227880807825
24.46028513,0.0512767873452694,-0.613701507009191,0.786701892705451,-0.0429101781382573,104.102558516416,7.66305577675088,179.735349629253
24.47033113,0.0494210758595121,-0.613122157600058,0.787624866835763,-0.0358586985637264,104.187926276721,6.99727063003583,-179.762405555177
24.48037713,0.0471342783984943,-0.612628448455479,0.788451548949066,-0.0284411480553234,104.264721455053,6.26769686668411,-179.256265427264
24.49042333,0.0448593117359524,-0.612009481354919,0.78930312853666,-0.020799234709481,104.360148412012,5.52464201343033,-178.729197752055
24.50046933,0.0427934652856052,-0.611496888531968,0.789979411072297,-0.0131455211550695,104.439365625411,4.80063018620703,-178.184687043204
24.51051533,0.0409258688887143,-0.611048306099045,0.790516308316991,-0.00538582900463396,104.508727019772,4.08791944922178,-177.615460801316
24.52056133,0.0393831331845567,-0.610518180945605,0.79101922438586,0.00225969188808087,104.588788319188,3.41378057812693,-177.03333182793
24.53060733,0.0376046999017548,-0.610073389182503,0.791392937033356,0.00967292977288349,104.659904386984,2.73506680959943,-176.487676787126
24.54065333,0.0355021664360589,-0.609690389978759,0.791645820374649,0.0177234203596424,104.725394757559,1.98275435550451,-175.90589915822
24.55069933,0.0333288709902035,-0.608898784283123,0.792141157019461,0.0253740854598314,104.852076206115,1.25498341646598,-175.365051190721
24.56074633,0.0313916116182864,-0.606942710355052,0.793460014448343,0.0325010544214418,105.146279089893,0.593790919377002,-174.854387212654
24.57079233,0.0287844446257657,-0.604050184246325,0.795423013543636,0.0399632354136524,105.58041015612,-0.142550903706444,-174.355826920862
24.58083833,0.0255942927069038,-0.600531587081375,0.797772010562519,0.0476084473743427,106.108104297157,-0.936480032570017,-173.873958882609
24.59088433,0.0221189223645881,-0.596780968415625,0.800206311443413,0.0550734794294441,106.669970156638,-1.73828864588274,-173.419830493336
24.60093033,0.0182125604507825,-0.593039313477944,0.80253826838854,0.062490023870695,107.232143492177,-2.57261566998505,-172.990969150321
24.61097633,0.0135037655895419,-0.590438133064756,0.803871994664301,0.0706418822820118,107.636576938817,-3.53789725015652,-172.54383414653
24.62102233,0.00853522857376302,-0.588778178642145,0.804297713248868,0.0798285330610208,107.910272633935,-4.60425030355568,-172.015176080449
24.63106833,0.00388930067272256,-0.587769690717498,0.804076210862835,0.0892922792776644,108.091775905615,-5.6650066824161,-171.437114971298
24.64111433,-0.000267252590550285,-0.586712684672103,0.803795365589068,0.0983929086796557,108.279306340064,-6.65475202636935,-170.85504593212
24.65116033,-0.0031085329196834,-0.584409650939157,0.804353714277134,0.107101817168702,108.640639800057,-7.48018991538005,-170.205795611741
24.66120633,-0.00580914056783819,-0.581922226747819,0.804946663839035,0.115730913230346,109.030173429258,-8.28197411386045,-169.54601752218
24.67125233,-0.00899666591651321,-0.579603917075357,0.805288774937115,0.12445219272303,109.40049794115,-9.13468491372979,-168.904108781233
24.68129833,-0.0119515916280333,-0.576668854460443,0.806013449066477,0.132862755039924,109.859386914,-9.93331752059624,-168.261578185614
24.69134433,-0.0151996662390018,-0.573341845787827,0.806841015939167,0.141618053273876,110.379316440044,-10.7730080828802,-167.591245848607
24.70139033,-0.0187705695483319,-0.569967728039034,0.807606706898876,0.150186090184163,110.909372118484,-11.6259126863842,-166.949004768202
24.71143633,-0.0225934015130815,-0.566858796309136,0.808182953738379,0.158116907830046,111.402533336124,-12.4612408031287,-166.378412801539
24.72148233,-0.0261942765691295,-0.563855670902175,0.808524060728147,0.16634147255013,111.88528034442,-13.2936906823818,-165.756975272507
24.73152833,-0.0301128738377435,-0.560903930153103,0.808691468306479,0.174637066673559,112.365890956505,-14.1589810805796,-165.139566437522
24.74157433,-0.033859916341228,-0.557886839261152,0.808787827777774,0.182970025641023,112.859930122797,-15.0062325138343,-164.496126037127
24.75162033,-0.0372955861741374,-0.555201111659186,0.808503450459719,0.1915278973389,113.31290410291,-15.8416847482714,-163.80657994125
24.76166733,-0.0409881669112879,-0.552323120692979,0.808279507405866,0.19985839594311,113.796982739506,-16.6803862327955,-163.141516964285
24.77171333,-0.0446519144602802,-0.549199697534564,0.808107114203788,0.208203724117033,114.321314861321,-17.5091381100065,-162.457007642341
24.78175933,-0.0480552679113829,-0.545781806735454,0.807993539589302,0.216701062859644,114.894182084643,-18.3125064123419,-161.722893716951
24.79180533,-0.0517500062335338,-0.542129445682001,0.807974421405228,0.224933179709535,115.504565340843,-19.1177826329702,-161.015525423264
24.80185133,-0.0555163266802289,-0.538087143910309,0.808215858716968,0.232738670505732,116.172150648503,-19.8894083951921,-160.334099511393
24.81189733,-0.0592601846080008,-0.533738543521476,0.808560531461287,0.240502109435323,116.888982060972,-20.6440610572863,-159.634463950071
24.82194333,-0.0630401252885586,-0.528984065672105,0.809057168370511,0.248250476690186,117.66997484072,-21.3858738492361,-158.913604816167
24.83198933,-0.0671480855983133,-0.524025737645853,0.809563052997476,0.255921519428528,118.486903455174,-22.1442764652973,-158.19868731206
24.84203533,-0.071694542926009,-0.518792163392677,0.810132505200907,0.26343862232763,119.349646281594,-22.9236369310555,-157.500651966209
24.85208133,-0.0761258034778603,-0.513474765750324,0.810574709121394,0.271140494790556,120.234820431222,-23.6944392199025,-156.755834986299
24.86212733,-0.0803249821186297,-0.508647738962831,0.810427347099376,0.279343677159713,121.06687755488,-24.4796602254839,-155.938872127291
24.87217333,-0.0847744363137357,-0.504168519660334,0.809863956051003,0.287659123652659,121.863106151002,-25.300697528395,-155.114017397379
24.88221933,-0.0893731672675041,-0.499555331910558,0.809291185593824,0.29581190688079,122.687408018397,-26.11706783207,-154.2914106025
24.89226533,-0.0938684310046162,-0.494995553834949,0.808711859214273,0.303567534678129,123.507523808809,-26.8948267356977,-153.490517598455
24.90231133,-0.0979495129621076,-0.490315329084289,0.808094322483176,0.31141666131713,124.355657215776,-27.625449178382,-152.634970454896
24.91235733,-0.102091969118175,-0.485716116923721,0.807261251130424,0.319353027268348,125.20641190106,-28.3632310462379,-151.755331808292
24.92240333,-0.106166203982332,-0.48104794105358,0.806579024074833,0.326729082670311,126.066049252636,-29.0522865030059,-150.916469834867
24.93244933,-0.109632861220906,-0.476382662796495,0.80591785162035,0.33397097294088,126.92864707693,-29.6635601556245,-150.047291083721
24.94249533,-0.113101545355229,-0.471750286680413,0.805126400314677,0.34122014443983,127.797654255376,-30.2692039322544,-149.160989569033
24.95254133,-0.116898958724365,-0.466789320855565,0.804663215688695,0.347792283844666,128.709948191354,-30.8518538979042,-148.342226777789
24.96258833,-0.121081551638672,-0.462127343267705,0.804006870657971,0.354048765556217,129.586116422634,-31.4619376797409,-147.572011610103
24.97263433,-0.125587229929743,-0.457526934178184,0.803144341344095,0.360355545464539,130.470028855939,-32.1051068136297,-146.792798909091
24.98268033,-0.129831155497618,-0.452895575572981,0.80237918619694,0.366356534330299,131.357950134713,-32.6965834876615,-146.022258262655
24.99272633,-0.133962509886724,-0.448102043986952,0.801674136649738,0.372259563673605,132.275668201113,-33.2579390127989,-145.236081873953
25.00277233,-0.137680117130199,-0.443081715521945,0.80101176367141,0.378289483302356,133.234746875964,-33.7653584682086,-144.392310169484
25.01281833,-0.141224690715763,-0.438029555667804,0.800343834774965,0.384233576397752,134.203562782382,-34.2405055696006,-143.535610307451
25.02286433,-0.144636086259619,-0.432570608559816,0.800013269041919,0.389797178694962,135.224551847002,-34.6562220322005,-142.692819720005
25.03291033,-0.147813646678337,-0.427620289048858,0.799527270531608,0.395029312742358,136.166814441587,-35.0441294668703,-141.892553617604
25.04295633,-0.151089694535458,-0.423539217412493,0.798642182545735,0.399946371126655,136.985784095074,-35.4589236536363,-141.158952739036
25.05300233,-0.15369667752652,-0.419512956247209,0.797603110910304,0.40523510253215,137.805447156766,-35.8157529848903,-140.345961372777
25.06304833,-0.155290660571991,-0.415212684922838,0.796819718317943,0.410562508660979,138.649256211715,-36.0448846742238,-139.479868026972
25.07309433,-0.156937635417483,-0.411431612282764,0.795950819301886,0.415399687357407,139.407265720723,-36.2739293570868,-138.69569657601
25.08314033,-0.158431766398851,-0.407756564892659,0.795430214483552,0.419433824422076,140.118337995628,-36.4482588592864,-138.017916060184
25.09318633,-0.159528041765865,-0.404254319698698,0.795233690252929,0.422767816634616,140.768770710186,-36.5508217282832,-137.432492328568
25.10323233,-0.160469139187801,-0.400743228723398,0.795150289459232,0.425899679705881,141.408901627397,-36.6229922868011,-136.869285576759
25.11327833,-0.160967193963466,-0.39735651315192,0.795347894910534,0.428507981237992,141.997695290218,-36.6261136370423,-136.375156344994
25.12332433,-0.161885588631627,-0.393850553949285,0.795661484554448,0.430810398370148,142.601765412203,-36.6526313465783,-135.926701264194
25.13337033,-0.164217133887866,-0.389771667919258,0.796334717493526,0.432390792616587,143.296084756323,-36.7704803900332,-135.581678622307
25.14341633,-0.167022415791501,-0.385530113048521,0.79725141402716,0.433428457057978,144.004937174721,-36.9069453754367,-135.312518505369
25.15346333,-0.169627287904339,-0.381144671547014,0.798203326923247,0.434542024939128,144.731445675346,-37.0162055868902,-135.020241122651
25.16350933,-0.17129976678794,-0.376890042201347,0.799159113030889,0.435838270517342,145.418543824402,-37.036075070504,-134.691259688754
25.17355533,-0.172061248750937,-0.372894559962275,0.800268327530987,0.436938414172486,146.030816571257,-36.9597796625572,-134.388767485749
25.18360133,-0.172435215330347,-0.36934085927076,0.801549516232881,0.437460625901289,146.54314946911,-36.8394577196211,-134.183461231247
25.19364733,-0.172156479116843,-0.366188219490168,0.802830460897687,0.437871654322955,146.972515568715,-36.6633253919861,-134.003509419775
25.20369333,-0.171229850796878,-0.363047265292489,0.804179837772487,0.438374052471106,147.379404724957,-36.4200268959485,-133.805811641155
25.21373933,-0.170359065345816,-0.359881412237306,0.805527512780643,0.438849158748212,147.787792198336,-36.1800844025341,-133.613848861265
25.22378533,-0.171177735751514,-0.356814225638555,0.806748506574918,0.438792249594364,148.219028741807,-36.1094347403222,-133.51978684463
25.23383133,-0.174656498046648,-0.351899421503934,0.808669183065603,0.437853922210694,148.951120274074,-36.202419175883,-133.509832851996
25.24387733,-0.179146826884313,-0.347198917748661,0.810375139624088,0.436636529633836,149.680462946553,-36.4094569912282,-133.55155012565
25.25392333,-0.182835903403115,-0.343777760795011,0.81169139167369,0.435367624304293,150.210280602933,-36.5948043294094,-133.637086476165
25.26396933,-0.184910107322009,-0.340879358116594,0.812863594259134,0.43458289490994,150.632997609349,-36.6477738344996,-133.65883429208
25.27401533,-0.185826948703478,-0.338556840679365,0.813659164685834,0.434518554825352,150.969201573358,-36.628065940336,-133.588840399273
25.28406133,-0.185826806141278,-0.33696365381616,0.814187081275985,0.434768088536277,151.188987924154,-36.5552494596282,-133.494763997143
25.29410733,-0.185355524820497,-0.335190185251897,0.815115346099337,0.43460078426376,151.394678060695,-36.4072051578733,-133.453892028639
25.30415333,-0.184791328770882,-0.333037221034578,0.816787309824833,0.43335535617524,151.596777397098,-36.1937296455142,-133.557900360119
25.31419933,-0.184266507982435,-0.330892417173399,0.818967818749299,0.431100654309547,151.753947163743,-35.9523729824018,-133.810060756429
25.32424533,-0.183140666763833,-0.328884718361993,0.821587601170731,0.428121655382878,151.839090820364,-35.6292184828987,-134.168961118834
25.33429233,-0.181428261457049,-0.327384302802832,0.824397113880885,0.424585330467084,151.814291007762,-35.2498474013479,-134.621063474247
25.34433833,-0.179204827994827,-0.326436275012768,0.827139599933932,0.420909812430487,151.696823756716,-34.8378068528599,-135.105469149041
25.35438433,-0.176276881481747,-0.325716427417043,0.830074416866455,0.416907342738842,151.51533606937,-34.3490463777278,-135.634693101944
25.36443033,-0.17293184624322,-0.324977433074663,0.833394053746329,0.412236092218252,151.300457573487,-33.7917253395433,-136.248075796273
25.37447633,-0.169878484653635,-0.324416895070187,0.836599633446044,0.407426106137971,151.074892953576,-33.27049789623,-136.880867083242
25.38452233,-0.167316426001189,-0.323325162148603,0.839950504709593,0.402429127611147,150.933920603186,-32.7725854444593,-137.519196626424
25.39456833,-0.164500459961082,-0.321243481774737,0.844025701462331,0.396689852858448,150.889801550589,-32.1781333097685,-138.218818740654
25.40461433,-0.161589697616507,-0.318920607310974,0.848335468089863,0.390519332987957,150.865231569475,-31.5507688003716,-138.961154327681
25.41466033,-0.158961484910283,-0.316859391434407,0.852288203863,0.384624739104126,150.834036411797,-30.977800192342,-139.66938633415
25.42470633,-0.15605180895996,-0.314698150636749,0.856100904015507,0.379083300937889,150.826101773743,-30.3835305452582,-140.316415399865
25.43475233,-0.153010669009276,-0.312471309402857,0.860027127691207,0.373232843684221,150.818722195638,-29.7644708177831,-140.994774620347
25.44479833,-0.149684953788901,-0.310569967587588,0.863687306284546,0.367675056000274,150.778518455225,-29.139631308943,-141.633083921145
25.45484433,-0.14682650550659,-0.308993092822431,0.866879082938695,0.36260984740092,150.733138968285,-28.5972377402403,-142.21610859736
25.46489033,-0.144053152167465,-0.307496118970847,0.869810407887139,0.357945080284242,150.697786854192,-28.0817777995352,-142.745071545587
25.47493633,-0.140207849493864,-0.305805163834524,0.873057769826943,0.352980298681456,150.652832556503,-27.4326415617691,-143.286489595035
25.48498196,-0.137188849741167,-0.304541337048685,0.875863275317646,0.348277642815529,150.590420713747,-26.9008043333285,-143.813460664304
25.49502796,-0.134787028674361,-0.303368641215293,0.878150340874044,0.344458855672377,150.562781886884,-26.4695785186042,-144.23504844186
25.50507496,-0.131932337612357,-0.301962919476998,0.880654324528573,0.340382452899955,150.548025851955,-25.9724757574982,-144.673086530095
25.51512096,-0.129716406814768,-0.300802477330141,0.882959431012861,0.336265024378927,150.521765117142,-25.5543672168053,-145.130795678048
25.52516696,-0.128194473086217,-0.299812368129474,0.88493619224061,0.332515648728648,150.504912557328,-25.2312329693762,-145.555813742412
25.53521296,-0.126559694812424,-0.298898675666358,0.886912296624391,0.32867735460529,150.47561490261,-24.8962945080896,-145.990008943111
25.54525896,-0.124627617792233,-0.297596535983708,0.88892030053291,0.325153745102854,150.497301745647,-24.5254437825956,-146.367396699386
25.55530496,-0.122357138419464,-0.296546741949628,0.890915891344864,0.321492822728667,150.478226029118,-24.1228916298034,-146.760088637872
25.56535096,-0.119991765480488,-0.296249182749654,0.892811219839649,0.317374421882853,150.355529763576,-23.7222803135806,-147.223916816788
25.57539696,-0.117707557269869,-0.296111599674617,0.894583513731726,0.313341967280316,150.220359180183,-23.3387681904988,-147.679244328782
25.58544296,-0.115279735997507,-0.29576880115867,0.896451784717239,0.309201546578902,150.107597662407,-22.928977450972,-148.137317808171
25.59548896,-0.1124511532061,-0.295261416304959,0.898587476119065,0.304492991620786,149.996109881119,-22.4516992722271,-148.650526481002
25.60553496,-0.108909320407256,-0.294783071648047,0.900920790018713,0.299304912606243,149.858608979496,-21.882068483011,-149.204377071269
25.61558096,-0.10519913557346,-0.294573603768014,0.903257709010291,0.293743161539467,149.681811082424,-21.2908122905788,-149.801052499622
25.62562696,-0.101532706704167,-0.294392786858294,0.905551424952379,0.28809827018198,149.506635584562,-20.7024154663911,-150.403733782902
25.63567296,-0.0976149801465669,-0.29405170754462,0.907935298621077,0.282238201629289,149.347344960864,-20.074482571297,-151.017835177982
25.64571896,-0.093416391895611,-0.293939200174272,0.910374021211419,0.275848265953342,149.150634367307,-19.4055775598511,-151.687766680924
25.65576496,-0.0890840205572559,-0.293775464626702,0.912845845174816,0.269207125856274,148.960130716309,-18.7120899065517,-152.376761416382
25.66581096,-0.0846831554316006,-0.293760302150993,0.915042545931242,0.263117439942654,148.767423201917,-18.0329750110703,-152.994292554024
25.67585696,-0.0799846705142623,-0.293686590639853,0.917193106805886,0.257113678727583,148.584193855939,-17.3221801939039,-153.58687176426
25.68590396,-0.0750983746439596,-0.293616315579582,0.919341268438781,0.25092095467832,148.400562807869,-16.5846157804364,-154.190796174124
25.69594996,-0.0697735511439646,-0.29376880365813,0.921288625471171,0.245068990562806,148.193903539635,-15.8160874211767,-154.740487430876
25.70599596,-0.0647097048815972,-0.293681244490135,0.923160646173496,0.239454384143192,148.030599145099,-15.0772674324044,-155.259544776534
25.71604196,-0.0599671555830289,-0.293128210202444,0.925105689292943,0.233793191245213,147.933951664283,-14.3600618056753,-155.780858446972
25.72608796,-0.0554734061228444,-0.292355994075485,0.92710794434366,0.227862970831461,147.869760315057,-13.6561121229948,-156.333070726628
25.73613396,-0.0519943017288481,-0.291843555799496,0.928941401416661,0.221792254734211,147.795486931327,-13.0650177892403,-156.929765336155
25.74617996,-0.0487485350704063,-0.291737806223728,0.930432196572414,0.216352860692177,147.688519717613,-12.5300152244454,-157.46245599241
25.75622596,-0.0451528979422815,-0.29144314054358,0.931806751510968,0.21156155008906,147.609468488313,-11.9737701317479,-157.905605417567
25.76627196,-0.0417821744347277,-0.290914231588322,0.933228044296131,0.206660535899094,147.564330174663,-11.4332146868841,-158.362705856759
25.77631796,-0.0391325646485398,-0.290507281314628,0.93453978065225,0.201766102865807,147.519625033602,-10.9744314965923,-158.839492317553
25.78636396,-0.0365806985024405,-0.290283884755921,0.935705617426744,0.197109401764911,147.459716982378,-10.5383083630079,-159.292371339997
25.79640996,-0.0337748142329271,-0.289987794933742,0.936904861754957,0.192290459287302,147.405661342664,-10.0676799101687,-159.753744033455
25.80645596,-0.0308509582482768,-0.289448627612793,0.938148601382673,0.187469763087195,147.38165071786,-9.57922945189159,-160.207734677367
25.81650196,-0.0280026604371093,-0.288920449765306,0.939316070607477,0.182828182221413,147.361811395066,-9.10546795542398,-160.642422047724
25.82654796,-0.0254177875433502,-0.288616592330372,0.940410285501322,0.177996892195696,147.320332788508,-8.65891772711115,-161.107180065403
25.83659396,-0.023033850640135,-0.288398514393555,0.941436356114848,0.173185813522574,147.274413927186,-8.23669883912782,-161.575106935345
25.84663996,-0.0207147160902578,-0.288238064878065,0.942456245657701,0.168124785541691,147.223353402561,-7.81444525774157,-162.072248724228
25.85668596,-0.018563352819485,-0.28784472361098,0.94356180168815,0.162763458480183,147.20310295201,-7.39635718281678,-162.605118599786
25.86673196,-0.01608195092337,-0.287390964422925,0.944703427389006,0.157109002612911,147.186493774251,-6.93185475389538,-163.158990339238
25.87677796,-0.0132993868603527,-0.286996867469894,0.945792842413962,0.151432571166592,147.161843659028,-6.43513303501453,-163.705071106639
25.88682396,-0.0106229176112005,-0.286607167079045,0.946806124045774,0.145950844018689,147.142504043418,-5.95669751683622,-164.231428843691
25.89686996,-0.00760425707428061,-0.286279055311047,0.947801686778916,0.140208560022579,147.113336384322,-5.43360451520619,-164.775254572701
25.90691696,-0.00408093568861978,-0.285885299283201,0.94875456931912,0.13460203866863,147.089791715548,-4.85906724303019,-165.286368999974
25.91696296,-0.000583880720594732,-0.285678154620134,0.949595030597454,0.129061725235484,147.048275950466,-4.29255380847058,-165.790524334694
25.92700896,0.00278253361441736,-0.285819236346051,0.950273601559158,0.123611099101299,146.970771987511,-3.74824265537964,-166.288900775939
25.93705496,0.0063299289349962,-0.285758081562648,0.950944281244859,0.11835212203003,146.919097387269,-3.1873653503036,-166.757995516751
25.94710096,0.00937822422354706,-0.285746833360267,0.951525637532793,0.113400869718024,146.871346962438,-2.69163624968712,-167.208046951601
25.95714696,0.0123919374366302,-0.286358591496179,0.951865398564121,0.108616112889656,146.752926623751,-2.21304974728146,-167.641224577313
25.96719296,0.0157391439955951,-0.286931512994607,0.952201947481241,0.103605199723972,146.637525267976,-1.68941067239294,-168.086895132973
25.97723896,0.0187763283561212,-0.287493048515422,0.952528377509353,0.0984118213842808,146.529628863062,-1.19272402869233,-168.56131229133
25.98728496,0.0215595233733266,-0.28819673034257,0.9527773455654,0.0932371243074181,146.410475630763,-0.725293288126061,-169.040770596283
25.99733096,0.0245174564528549,-0.289096072925253,0.952933209757597,0.0879809791339169,146.268798426977,-0.237372176093332,-169.522035785424
26.00737696,0.027288935897246,-0.289772759153224,0.953133936001987,0.0826000125404569,146.158495365895,0.237752652455885,-170.021744225484
26.01742296,0.0296433237332032,-0.290065090406243,0.953372900392754,0.0778693102728781,146.10084168719,0.650203367608878,-170.462991359989
26.02746896,0.0313662444641555,-0.289982615583197,0.953652192987039,0.0739847023292931,146.095784356217,0.969285740717078,-170.832253336751
26.03751496,0.032685319308319,-0.289831748968459,0.953924869984546,0.0704029091484449,146.103997027889,1.23474406665733,-171.1817701113
26.04756096,0.0343725627878687,-0.289007875086525,0.954360519713169,0.0669998020756407,146.189879224877,1.5403357928477,-171.500242563015
26.05760696,0.0359500178743077,-0.287623165679633,0.954950295692246,0.0636430949636768,146.344898827578,1.83667312271333,-171.81873916087
26.06765296,0.0373678488090442,-0.286291652146749,0.955534676941893,0.0599517718505566,146.496807734959,2.12531090484773,-172.179977121973
26.07769896,0.0391629395650534,-0.285025710440267,0.956076005807844,0.0560827930043118,146.639034384959,2.45962770839712,-172.548714488117
26.08774496,0.0406785847025705,-0.283803250580232,0.956600586118778,0.0521180040283555,146.780306011268,2.76523938854399,-172.937913193756
26.09779096,0.0421889981462824,-0.282638068166025,0.957075765513704,0.0483920440273809,146.915576078228,3.0611233366532,-173.30150927304
26.10783696,0.0444418416114927,-0.281553210614227,0.957454975535552,0.0450852761909606,147.03494793637,3.42341489040947,-173.594818280268
26.11788396,0.0463994951515419,-0.281010934331535,0.957648770892268,0.0422938913358391,147.091649824839,3.7325229464974,-173.839696863843
26.12792996,0.0478801116097016,-0.280453954804053,0.957849834570201,0.0397085451867388,147.154353990431,3.98245950872112,-174.077962937494
26.13797596,0.0494271682504196,-0.280200398773475,0.957946056155104,0.037202756118506,147.180700418691,4.23507235669191,-174.304218425584
26.14802196,0.0513433445441962,-0.280338544941775,0.957899445042918,0.0346816144003418,147.157942210272,4.52639436410247,-174.518291004984
26.15806796,0.0530566815451745,-0.280573872012893,0.957817356479549,0.0323913956728437,147.125000638476,4.78752426284665,-174.713026308286
26.16811396,0.0543866613242735,-0.280785933898085,0.957754817263289,0.0301174435160578,147.098504786483,5.00628764568904,-174.918645447601
26.17815996,0.0558818963307143,-0.280795549510329,0.957743332538828,0.0275459981684253,147.096815560068,5.25401732550136,-175.152622885373
26.18820596,0.0572434779617373,-0.280885574084276,0.957704825047248,0.0250588623726498,147.08686884964,5.48397596762013,-175.381297798178
26.19825196,0.0586204764390779,-0.281400931024578,0.957525144731818,0.0228637916117681,147.025028533319,5.70423944412293,-175.574710830994
26.20829796,0.060388079465333,-0.281594533625333,0.957405767822231,0.0207844709228966,146.998563741711,5.96530413615773,-175.744162244156
26.21834396,0.0620982213728664,-0.281662290282274,0.957319532451371,0.0186943286148265,146.988204779859,6.22105659040159,-175.917454007654
26.22838996,0.0637249039519713,-0.281991256327262,0.957153320233049,0.0166610185203232,146.947361812445,6.46478258566574,-176.08547963151
26.23843596,0.0656643880634629,-0.282385259137114,0.956942812767166,0.0143946745562856,146.898116538165,6.75040636002992,-176.268193245514
26.24848196,0.0678415726330134,-0.282487615319098,0.956797987098801,0.011656761887028,146.885558544695,7.0788740632003,-176.49699517845
26.25852796,0.0697942979612705,-0.282658778575158,0.956633835249889,0.00919108924890823,146.865579435681,7.37363674979598,-176.70272188318
26.26857396,0.0716794005511425,-0.282827350178202,0.956463759015897,0.0069160116387067,146.845855586475,7.65486099412285,-176.889652143821
26.27861996,0.0737060728255234,-0.282969766156831,0.956280513433639,0.00480685935759918,146.827641296132,7.94641866792347,-177.053690165944
26.28866596,0.0761441093216689,-0.28331469487945,0.955994333773688,0.00311320952973334,146.77936998606,8.26910671614095,-177.15617564494
26.29871196,0.0784181050252261,-0.28342886727179,0.955780010087551,0.00180286392266228,146.757530258011,8.56196549736803,-177.223619897509
26.30875796,0.080419277360997,-0.283292162899546,0.955655603854755,0.000810610533325348,146.765728526811,8.81514137360782,-177.267285020658
26.31880496,0.082780353393488,-0.283076909002769,0.955518119429807,1.10820843225265e-05,146.778959324609,9.101851837317,-177.278257986007
26.32885096,0.0849231019670985,-0.282818728842734,0.955406299199445,-0.000660922149109582,146.797973996068,9.36051160277204,-177.282932761635
26.33889696,0.0866808482943083,-0.282765996797324,0.955263758759375,-0.000986303759762729,146.792350841744,9.56485632770436,-177.260162984141
26.34894296,0.0885808960765674,-0.282838300343051,0.955068019918585,-0.000999018578494473,146.767497980171,9.77425382244214,-177.196554102831
26.35898896,0.0902885955545303,-0.282884844127431,0.954894480012129,-0.000816405632138526,146.745356022528,9.9561286813486,-177.117919011635
26.36903496,0.0915801314999672,-0.283357687135979,0.954631581762096,-0.000209183643590627,146.671272606076,10.0768610399465,-177.001639566429
26.37908096,0.092968433371856,-0.284266597183448,0.954226521876914,0.00105691476214672,146.53725345932,10.1848792700798,-176.804033129296
26.38912696,0.0944039114575004,-0.285471280845959,0.953722069084584,0.00287476167899369,146.361391734321,10.2782589218063,-176.540032782226
26.39917296,0.0958126872676592,-0.287703327834856,0.952899346776209,0.00543682120116661,146.053862254953,10.3389666958591,-176.182785426084
26.40921896,0.0973819509272668,-0.289951618623594,0.952035675204588,0.00853742519160375,145.736782415614,10.3972130272943,-175.75956049793
26.41926496,0.098500949158251,-0.291935958435596,0.951283556097628,0.0114260704297403,145.457578901578,10.4124756367852,-175.378224598469
26.42931096,0.099242343231182,-0.293411428480343,0.950720627956137,0.0138194980299018,145.248382042279,10.4043540293257,-175.070639286936
26.43935696,0.0994594231221357,-0.294083776675724,0.950453456233464,0.0161487764929227,145.143172863609,10.3444185751392,-174.797855023259
26.44940296,0.0994301454003651,-0.294060450984574,0.950431164241203,0.0179638356573132,145.130017031126,10.2787973621664,-174.598494272642
26.45944896,0.0998384693321282,-0.293472742511801,0.950542533580719,0.0193628845466577,145.183792220662,10.2787015754405,-174.435491091456
26.46949496,0.100987971391427,-0.293301155311111,0.950455473001768,0.0202547714970522,145.182432667528,10.3748648880318,-174.297285845473
26.47954096,0.102503152611121,-0.293856264261647,0.950107220591241,0.0209253205317968,145.090021199506,10.514240280375,-174.162191306955
26.48958746,0.10416658710073,-0.294125609091292,0.949818650708422,0.0219995221515432,145.026130422897,10.6574878763819,-173.979959057756
26.49963346,0.105526525282332,-0.293920089613696,0.949696480308248,0.0234889053265462,145.019352505931,10.7560991454105,-173.767996411899
26.50967946,0.106478022063813,-0.293383260966518,0.949707060905495,0.0254006194467068,145.053788278862,10.7976849947332,-173.527878447481
26.51972546,0.107074634018491,-0.292532672512225,0.949827961002618,0.0280446565368635,145.123914459483,10.7775845187977,-173.223172908859
26.52977146,0.107782509502517,-0.291391321800644,0.949998798800846,0.031245967764852,145.222276209383,10.7530830875177,-172.855922335245
26.53981746,0.108624633091308,-0.289826996087681,0.950271011227703,0.0344384471898558,145.369712837265,10.7476241093892,-172.489417824824
26.54986446,0.109343046139835,-0.288217006432121,0.950564571509546,0.0374439695417362,145.525811385078,10.7364257961816,-172.148489658486
26.55991046,0.109943896925704,-0.287162702951445,0.950677394484649,0.0407727013857127,145.613043594722,10.6976058909975,-171.769552069235
26.56995646,0.110559362393215,-0.286600970483949,0.950597952319688,0.0447218531646406,145.634479468032,10.6355011620831,-171.315598368756
26.58000246,0.111483769047354,-0.286129961914288,0.950430825849466,0.0488083948622169,145.638592896369,10.6019109097632,-170.834022698474
26.59004846,0.112906506806801,-0.285614746167971,0.950204344556508,0.0528019041136677,145.640244132639,10.6265321295198,-170.344889378865
26.60009446,0.114665550200331,-0.284917227432689,0.949970748996351,0.0568292280489189,145.656903710345,10.6888029894575,-169.841442119809
26.61014046,0.116230575823278,-0.283936197490296,0.949814246651673,0.0610211918603306,145.708385964629,10.7277594427754,-169.32966835245
26.62018646,0.117184848021472,-0.282836491323962,0.949748439481895,0.0651853685380469,145.78450839025,10.7030342056939,-168.844432212735
26.63023246,0.117571039766848,-0.281567400301996,0.949793541236084,0.0692031698806971,145.892536332103,10.624154463477,-168.397928667708
26.64027846,0.117964836326208,-0.279873881981806,0.949953826226737,0.0730933349365603,146.052613638792,10.5566998630577,-167.969697026894
26.65032446,0.118536118752031,-0.278121037294957,0.95010777717777,0.0767664569424592,146.218196321777,10.5179433686205,-167.559405894595
26.66037046,0.119641545627028,-0.277095824474935,0.949971629789912,0.080359860706882,146.286171154036,10.5315765721018,-167.130237921678
26.67041646,0.121605582119989,-0.277191692745062,0.949376666086434,0.0840285294468145,146.200659595662,10.6211970796211,-166.648646261522
26.68046246,0.124152507575711,-0.278191470680449,0.948422614295352,0.0876938150412086,145.992887834626,10.7606558663865,-166.13519658472
26.69050846,0.126930050704454,-0.279189269848768,0.947415306762906,0.0913583621833516,145.778153059309,10.9235126751853,-165.612063583976
26.70055446,0.129580433918176,-0.279807943661148,0.94651959753924,0.094958292338547,145.60998384003,11.0789054321738,-165.103968849951
26.71060046,0.132534962703687,-0.27971778950581,0.945796665845073,0.0982909394169117,145.520283749621,11.2864834153915,-164.62116283646
26.72064646,0.135772366044653,-0.279023129126068,0.94519873660119,0.10154460280512,145.494629550183,11.5367924931616,-164.142397230724
26.73069246,0.13908947249756,-0.278262717481228,0.944587154835096,0.104781131988781,145.472101290516,11.7973567502213,-163.662277182549
26.74073846,0.142460059757008,-0.27740586449753,0.944006897316181,0.107713023984499,145.459952388827,12.0758322671813,-163.214308438696
26.75078446,0.145983275421551,-0.276157484013056,0.943507643624818,0.110540733407727,145.488966286404,12.3814653028696,-162.776024155098
26.76083046,0.14930942764054,-0.274231155846691,0.943187397616775,0.113584774320934,145.598989304309,12.6712442582844,-162.329230103424
26.77087646,0.152131643411409,-0.27215451581117,0.942948505412354,0.116773279208645,145.735997378369,12.9055103275361,-161.88760977031
26.78092246,0.154777789460285,-0.270103580767374,0.942629929069758,0.120568272644065,145.865123010772,13.1007766092645,-161.384055447107
26.79096846,0.157382827446213,-0.268081462452508,0.94222767998769,0.124779702593714,145.984363366032,13.2781540063299,-160.83429916769
26.80101546,0.159609308000153,-0.266362087907045,0.941743809536314,0.129207987855024,146.073037932087,13.4024757356063,-160.270304130662
26.81106146,0.161580163967412,-0.265016193375753,0.941117240228637,0.134002268657376,146.117965368088,13.4800168027027,-159.669315800586
26.82110746,0.163841747303228,-0.264135348607309,0.940260329867028,0.138920522368254,146.094988721682,13.5751271259403,-159.035384319777
26.83115346,0.166860329783002,-0.263806348735284,0.939077539634699,0.143865267751832,145.979727935433,13.7381170351868,-158.359019049287
26.84119946,0.170204962694322,-0.263884621856344,0.937687167156146,0.148788284393099,145.802163136125,13.926213891753,-157.664261413643
26.85124546,0.173636120305124,-0.263836265412833,0.936302704111521,0.15355184483375,145.634897992279,14.1302390043367,-156.983559107554
26.86129146,0.176648889108438,-0.263852447877608,0.934947971440016,0.158269853181039,145.470792058894,14.2879531471029,-156.322464974931
26.87133746,0.178923783601404,-0.264060731217099,0.933605181723229,0.163216342779717,145.303433370772,14.3527054238313,-155.662194246347
26.88138346,0.180318339523022,-0.264422197883272,0.93230490471321,0.168445131559008,145.143661827949,14.3084594659516,-155.004145417496
26.89142946,0.181096311297626,-0.264784404145393,0.931085778626804,0.173702671812151,145.005213780841,14.1963060161652,-154.368750646262
26.90147546,0.182644838110665,-0.265219867513678,0.92960366994771,0.179266008510552,144.825785696701,14.1513896282306,-153.663782802219
26.91152146,0.185043695272717,-0.266256096238516,0.92772189249796,0.184928667965916,144.540802944941,14.1736432816902,-152.900961174315
26.92156746,0.187729813068426,-0.267160498706317,0.925691223412773,0.19099357086784,144.253047510961,14.2118454245325,-152.079835405074
26.93161346,0.190703196346916,-0.267863708078076,0.92364190359457,0.196893267335203,143.977052416519,14.2883398544639,-151.265319213663
26.94165946,0.193664932623631,-0.268943228026435,0.921463806394292,0.202652134150985,143.655717370078,14.3536708755069,-150.459837850599
26.95170546,0.196835049444366,-0.269636621047244,0.919265543978173,0.208573525537093,143.365989463248,14.4425565957264,-149.629175924717
26.96175146,0.200003985758992,-0.270029703855331,0.917222039922395,0.213976854348595,143.114792285631,14.5565787999069,-148.859200280198
26.97179746,0.203498276137938,-0.270448506760027,0.915040953946608,0.219422217199263,142.842084203817,14.6985633793113,-148.065978771896
26.98184346,0.207082152884861,-0.271051276245749,0.912732618294005,0.224871863745316,142.539436197152,14.8398218379155,-147.262337093382
26.99188946,0.210675399797249,-0.272032200742035,0.910203608629396,0.230529279089968,142.184901616055,14.9568927144007,-146.425959567321
27.00193546,0.214258776584832,-0.273158614505949,0.907431980306374,0.236737722162764,141.802180774915,15.0413829464555,-145.521620425477
27.01198146,0.217451275161823,-0.274454880451783,0.90461790805339,0.243014201140187,141.413494676268,15.071709819638,-144.623540948041
27.02202746,0.220917341045416,-0.275809868483045,0.901564782231072,0.249610473164548,140.996867417523,15.1087842059088,-143.67101650458
27.03207346,0.225467920643883,-0.276584018061135,0.898225546472839,0.256624950808085,140.583053932473,15.2532163001546,-142.618217633964
27.04211946,0.229504200635625,-0.277951842342125,0.894841341213162,0.263305087844978,140.125032926857,15.3293684788913,-141.617723063675
27.05216546,0.233302060651628,-0.279957103859908,0.891302882322019,0.269765343323671,139.60392291403,15.3574546888369,-140.642383366531
27.06221146,0.238103578063522,-0.281641720381461,0.887456211522205,0.276416533667173,139.058020719146,15.4806036332695,-139.589985343406
27.07225746,0.242654089522145,-0.283432019498363,0.88350398778656,0.283206614905981,138.505460453696,15.5590915176739,-138.528396366361
27.08230346,0.246325217009895,-0.285443342222914,0.879749666340239,0.28963168062192,137.977344938151,15.5489880552799,-137.551133483852
27.09234946,0.248874973229849,-0.287499920590858,0.876259660368004,0.295929131671492,137.508307102917,15.426321707467,-136.649833512455
27.10239546,0.251896310616578,-0.289244827630323,0.872584220552722,0.302460669227024,137.042759045633,15.3450352514856,-135.696044605101
27.11244146,0.254759441506323,-0.291157742552453,0.869076397510035,0.308271002862945,136.575180551381,15.2659544521659,-134.830367333742
27.12248746,0.256478944452932,-0.293293552542663,0.865859588123261,0.313822588008306,136.154553379217,15.073932280977,-134.058758029826
27.13253446,0.260588637289701,-0.295542793950953,0.861399888000972,0.320528083030292,135.557247051585,15.039358672807,-133.00585723255
27.14258046,0.265582145456195,-0.298638959379,0.856108922495182,0.327655930482038,134.798143549404,15.0126818330478,-131.834441129275
27.15262646,0.270350555765942,-0.301624081600723,0.850509308798469,0.335510664573747,134.051876707237,14.9202982607061,-130.588523196578
27.16267246,0.27459607588265,-0.30373484072634,0.845057202670903,0.343832031452602,133.428803895329,14.7872881607933,-129.326786865789
27.17271846,0.278574429409446,-0.305328125894092,0.839531750506235,0.352643534903364,132.872597435761,14.6195879008733,-128.026265688732
27.18276446,0.282573250048167,-0.306395856998398,0.833876075906427,0.361835082879388,132.366044989787,14.449855901464,-126.68047263607
27.19281046,0.284851724840596,-0.307590742271945,0.828762384810696,0.370675518003036,131.968851294684,14.1296024858521,-125.484320598664
27.20285646,0.285634693448321,-0.308909457790005,0.823998794915935,0.37949144227987,131.666782471549,13.6663962156909,-124.387606138109
27.21290246,0.284438278303198,-0.309038815289569,0.819962654037577,0.388910172744279,131.63489795844,13.0664443456836,-123.361927516237
27.22294846,0.281603220388527,-0.308738761761225,0.816471043477915,0.398440758978095,131.771795534422,12.3459294575617,-122.431518649953
27.23299446,0.277981451729652,-0.308945373377588,0.813066399912336,0.407678915442596,131.918605656024,11.544779124563,-121.576898779162
27.24304046,0.275632818339327,-0.311014278319462,0.808348975295972,0.416975541577316,131.778325203074,10.7336875077936,-120.612259691333
27.25308646,0.27664278918087,-0.316118113121447,0.800950747032129,0.426633339742031,131.073888149016,9.98680901522606,-119.362617326891
27.26313246,0.278944399487195,-0.323357557219208,0.792289591215884,0.435783335884844,130.058536254711,9.21744977351379,-118.076041677603
27.27317846,0.281914581659866,-0.33015822408079,0.783297769771151,0.444931814541174,129.04738415599,8.50237056502144,-116.74792094073
27.28322446,0.287104179222697,-0.335904717464843,0.773076270358729,0.455073940438213,127.979684844037,7.94276935517526,-115.152900113668
27.29327046,0.294244827984709,-0.340228202854084,0.762323143939077,0.465325880863907,126.911706675802,7.58433078778113,-113.40693447813
27.30331646,0.300571566139855,-0.343281277710697,0.752554548249334,0.474843500440711,126.039798247086,7.26064265529664,-111.798180322571
27.31336246,0.304304648582812,-0.34648913624703,0.743854505746115,0.48376071935915,125.358830280305,6.74675190892106,-110.436338770838
27.32340846,0.307214470212059,-0.349501782588503,0.735145826757537,0.492979093533143,124.765242391047,6.14821200467967,-109.090606595427
27.33345446,0.308656005938657,-0.352644597079501,0.726721075909025,0.502244697312237,124.281625246391,5.41597517247903,-107.838259530714
27.34350046,0.30778397494118,-0.356148785804861,0.71890777684081,0.511467179335032,123.956650457766,4.48624460112018,-106.751645890382
27.35354646,0.306363077583803,-0.359784476409764,0.710759121779763,0.521074146388777,123.670149137092,3.47149340620198,-105.648900669756
27.36359246,0.305275374931348,-0.362972532093533,0.702147766372136,0.531080408775126,123.410169030233,2.47374850347624,-104.462945883323
27.37363846,0.305149246314966,-0.365609445895353,0.693302056885476,0.540875150532791,123.136528531567,1.58288679061259,-103.224273678998
27.38368446,0.30596630451374,-0.3688446517592,0.683558711776894,0.550532225146497,122.732429584177,0.697314424683485,-101.923943577632
27.39373046,0.307006425731805,-0.372228597554416,0.673156562718474,0.56040446803278,122.302542269289,-0.221755723188142,-100.567230635551
27.40377646,0.307591378294501,-0.375271270320407,0.66303534538986,0.570037848247593,121.952995346256,-1.1431119322502,-99.2603477576741
27.41382246,0.308021328091115,-0.37771493835621,0.653005202066632,0.579688272140697,121.68454715458,-2.04215489861155,-97.9469726602443
27.42386846,0.308471051888907,-0.37984496325633,0.642916859790253,0.58925489003723,121.453479667813,-2.92384199395014,-96.6266273744404
27.43391446,0.307824664918019,-0.382174729179819,0.633532103523951,0.598183521880167,121.301862961894,-3.85247014945718,-95.4545252054295
27.44396046,0.306404759679673,-0.384631486464446,0.624163008974916,0.607120483177081,121.211904119818,-4.84970437565364,-94.3191094595948
27.45400646,0.304841347487716,-0.386714594280122,0.614077247061393,0.616792274655037,121.183621282966,-5.89195556231777,-93.0702904869605
27.46405246,0.303001131024385,-0.388953994541475,0.60373851142272,0.626422313262588,121.174139088583,-6.9747556332586,-91.8226669155777
27.47409846,0.301184571267351,-0.391774007236025,0.593088726463045,0.63564671306251,121.114492287288,-8.09422085162167,-90.6066416569532
27.48414446,0.300205538955659,-0.394045449165224,0.581900885641007,0.644977656715898,121.048559129206,-9.14428917909797,-89.2897071026142
27.49419033,0.299738209834643,-0.395882305449484,0.570739789237757,0.653980350452493,120.989008903867,-10.1166872267284,-87.9586689910468
27.50423633,0.299325265799201,-0.397375349970723,0.55979332327837,0.662667829083955,120.965402562336,-11.0423873909454,-86.6444333463558
27.51428233,0.299382377734436,-0.397951516660914,0.548827941767303,0.671410956586813,120.999449265075,-11.8739448307099,-85.261242977594
27.52432833,0.298949804521824,-0.398520019212932,0.538172130917627,0.67983936791456,121.083091046004,-12.7141012260097,-83.9326895228134
27.53437433,0.298059652984292,-0.399332190115781,0.527603369978919,0.687989047287168,121.190583451167,-13.5891347306414,-82.6507041964102
27.54442033,0.29763793100168,-0.399579020085404,0.516714282722849,0.696243218111917,121.321917703979,-14.4077456958604,-81.2890891216102
27.55446733,0.297251962015419,-0.399337151726049,0.505939048607327,0.704412371713916,121.504816228961,-15.1776848235655,-79.9083601145578
27.56451333,0.296618899508246,-0.399264905805172,0.495414640094872,0.712158056772914,121.697541870041,-15.9489486186686,-78.5845081503623
27.57455933,0.295790946639761,-0.399290630918116,0.484724491981006,0.719803358439458,121.907857341356,-16.7422799198929,-77.2575939552708
27.58460533,0.295615972042611,-0.399090290069443,0.473651053074176,0.727318924109165,122.088442146657,-17.487288802994,-75.8747756492731
27.59465133,0.295581659429658,-0.399041604196677,0.462520075911818,0.734487889694227,122.246425830768,-18.2254919941033,-74.5093815560919
27.60469733,0.295449077445674,-0.398961731801179,0.45134178683586,0.741505206084568,122.423957606126,-18.9635983195011,-73.1433138591666
27.61474333,0.296026870095301,-0.398764991687284,0.439799691050554,0.748285243298342,122.552157883679,-19.6573813413304,-71.7363868464086
27.62478933,0.296798674847075,-0.397850192107224,0.428505350795756,0.754989361242045,122.73312566564,-20.266406052997,-70.301923591883
27.63483533,0.297226931808708,-0.396619462874904,0.417793719803556,0.761444390858001,122.975723117152,-20.8331787173429,-68.9116535487621
27.64488133,0.297320579356696,-0.395752744948183,0.407081254080827,0.767636040407795,123.221108324487,-21.439641542734,-67.5582001348837
27.65492733,0.297164456875742,-0.394872017608634,0.396560560021773,0.773633697246087,123.495787720595,-22.0419404731142,-66.2282570296926
27.66497333,0.29676780146697,-0.393778473089851,0.386399225807396,0.779463292553877,123.815787357559,-22.6145672313603,-64.9216210055606
27.67501933,0.296186055612518,-0.392518233734635,0.376291028534996,0.785244113948405,124.175835596874,-23.1750081428886,-63.6060725364105
27.68506533,0.295513486180697,-0.391352467041046,0.365997121587823,0.79092422710121,124.544961190248,-23.749964602224,-62.2785525010473
27.69511133,0.294613482050084,-0.390179127503975,0.355605434644945,0.79656005392283,124.947113046315,-24.3349293602602,-60.9370939047339
27.70515733,0.29383998063918,-0.388812971020104,0.345042161176049,0.802139916944325,125.362762716759,-24.8971342004955,-59.5607961933715
27.71520333,0.29306544156378,-0.387214495295169,0.334668791898523,0.807573143017719,125.80229056389,-25.4198673306614,-58.1862570500917
27.72524933,0.292343061880659,-0.38563357905099,0.324435284653553,0.812750898461719,126.236485277437,-25.9225163413172,-56.8314943125392
27.73529533,0.29153665662164,-0.384036311534646,0.314422919315531,0.817716770696211,126.682010534702,-26.4063375200054,-55.5000146930716
27.74534133,0.290616713797638,-0.382131491740757,0.304509595587169,0.822673297777912,127.171329516964,-26.8558631021073,-54.1499936056152
27.75538733,0.289711571748413,-0.379699837626136,0.2946455143975,0.827695148800078,127.709585850593,-27.2469762434329,-52.7586826444402
27.76543333,0.288998163609798,-0.377026001790332,0.28487078062807,0.832574377307226,128.247729475754,-27.590566054792,-51.3612641859659
27.77547933,0.288307339788722,-0.374081440702738,0.275120425275621,0.837407132249228,128.807982685676,-27.8966704941345,-49.9447505619384
27.78552533,0.287658868999039,-0.370653529172068,0.265361108036317,0.842289628773988,129.405623798769,-28.146542476263,-48.4880553861746
27.79557133,0.287043606506019,-0.367146780937355,0.255419587794747,0.847095061597054,130.009141763265,-28.384311585529,-47.0070814814881
27.80561733,0.286408523098444,-0.363415748921428,0.245495155763676,0.851839937916164,130.631698417668,-28.5888042146698,-45.511865028365
27.81566333,0.286004561783833,-0.359598729938693,0.235625224138646,0.856370771228753,131.229280534646,-28.7585703749077,-44.0257427440864
27.82570933,0.285939022789398,-0.35566592244411,0.225758551559227,0.860682115101798,131.791006744032,-28.8896504896037,-42.5440396508778
27.83575533,0.285885886585441,-0.351344637426485,0.216129305989988,0.864936025781788,132.370593608584,-28.9603752126662,-41.0645003801724
27.84580133,0.285824163689344,-0.34712384322959,0.206519955026881,0.868998902812024,132.936790623583,-29.0284396087986,-39.6011795446823
27.85584733,0.285204865709307,-0.343192257787247,0.197164263247512,0.872928125373844,133.53881617839,-29.123907613957,-38.1798160182353
27.86589333,0.283826810315493,-0.339261667830114,0.188429087595547,0.876834272502605,134.215360094007,-29.2085595524054,-36.8137750109859
27.87593933,0.282092074533365,-0.335474139304826,0.180059739172026,0.880601870127727,134.913128714105,-29.2913939605593,-35.4947706029421
27.88598633,0.280388550571555,-0.331457425579561,0.171595781243348,0.884348982922487,135.620960467584,-29.3419677433416,-34.1523964657452
27.89603233,0.279008809768085,-0.326925022778605,0.163094770327141,0.888073313102552,136.317335431261,-29.3180410373071,-32.7833157217399
27.90607833,0.277821358032109,-0.32215134034911,0.154728114567026,0.891679885101711,136.993300749556,-29.2445462825156,-31.4256901106745
27.91612433,0.276748313067311,-0.317231329099935,0.146265674825445,0.895198864733275,137.65705993961,-29.1444229927144,-30.0577954991322
27.92617033,0.27573868839928,-0.312408719604574,0.137803422064969,0.898542811724661,138.29707746084,-29.0406322242206,-28.706213900896
27.93621633,0.274755469168237,-0.307631559700622,0.129380922039357,0.901738782935807,138.920382890228,-28.9280148206691,-27.3707089539397
27.94626233,0.273649157287121,-0.302772596942096,0.12129241341415,0.904838683802344,139.545384298597,-28.7858722046271,-26.0732997955006
27.95630833,0.272514061806914,-0.298309976050607,0.113049651071772,0.907726291730461,140.147335839806,-28.6822917598481,-24.7885314623729
27.96635433,0.271429503193474,-0.293791623693611,0.104579454533664,0.910535910512626,140.743027266501,-28.5707611458951,-23.4816377722041
27.97640033,0.27030198534792,-0.289242365246545,0.0966339470574378,0.91320182388104,141.322859320975,-28.4266048324619,-22.240434673105
27.98644633,0.269202840391058,-0.284968947403402,0.0888736238731122,0.915654961609909,141.872185787962,-28.2953270529805,-21.0442891702306
27.99649233,0.268107774341963,-0.280463159472254,0.0811914553620538,0.918077657441043,142.421043645554,-28.1276677914869,-19.8508357408539
28.00653833,0.267066020486799,-0.275728678883172,0.0738701619518178,0.920430679364773,142.954071926571,-27.9124506709124,-18.6963114676854
28.01658433,0.266070908128823,-0.270812129997191,0.0666807656510616,0.922724627170033,143.475000876819,-27.6640501253235,-17.5566999174373
28.02663033,0.265072618583144,-0.266049287714393,0.0592623825030761,0.924901212781234,143.985674455134,-27.4336387428347,-16.4052287830051
28.03667633,0.263952535981545,-0.261164669706917,0.0519480076032043,0.927050957904605,144.503642159035,-27.1809573267959,-15.2635417998376
28.04672233,0.262730446195441,-0.255819057700249,0.044986917605494,0.929249966157469,145.031104635176,-26.8592825194995,-14.1461963600824
28.05676833,0.261476314682529,-0.250527837224571,0.038040939796246,0.931353223291271,145.548283868102,-26.5363957261439,-13.0407980419313
28.06681433,0.260310059379145,-0.245287144373714,0.0309007774182673,0.933337040808925,146.045508289108,-26.2177365845349,-11.9256429445506
28.07686033,0.259147405914688,-0.239737251997247,0.0239211016045069,0.935305539869471,146.535499227082,-25.8525700503529,-10.8242184367404
28.08690633,0.257946961761731,-0.234128357480505,0.0172377089703563,0.93720336028571,147.011902903462,-25.464954236944,-9.76281013367454
28.09695233,0.256752937358432,-0.228607541453667,0.0105734981984301,0.938991332379684,147.472041437388,-25.0805157406276,-8.71595283378846
28.10699833,0.255463585550591,-0.222877691449553,0.00398986455253662,0.940769882645382,147.935081950648,-24.6651695517353,-7.6758115980941
28.11704433,0.254072213337425,-0.217204980244053,-0.00242473310477229,0.942477282291925,148.392961544395,-24.2459016549422,-6.66340626644173
28.12709033,0.252526618039815,-0.211806161401624,-0.00888242528498315,0.944081331080506,148.85324857548,-23.8541965268246,-5.66010523061843
28.13713633,0.250767417181469,-0.206742903566875,-0.0153736752133174,0.945588031023716,149.323349600974,-23.4967883712453,-4.66678142538723
28.14718233,0.248933867381792,-0.201968129366721,-0.0216229712194704,0.946981125211107,149.781811253622,-23.1590812108771,-3.71675228022985
28.15722833,0.247290295660203,-0.197175018402026,-0.0273630092177708,0.948272528083039,150.195837790491,-22.7980691437407,-2.83673336574085
28.16727433,0.245860026645457,-0.192164769579158,-0.0328911651596608,0.949496561281253,150.572476414608,-22.4013909617504,-1.98544663974153
28.17732033,0.244543369128276,-0.187190302121816,-0.0382782070395786,0.950627745372904,150.922011984517,-22.0007019821055,-1.16033509278522
28.18736733,0.243250430228674,-0.182085279264405,-0.0432726659132468,0.951736127113776,151.252895958989,-21.5705417887114,-0.382994693929307
28.19741333,0.241991454519214,-0.176625845336933,-0.0480029837198174,0.952858415638275,151.568969399694,-21.0898463832669,0.368224166467868
28.20745933,0.240953781586899,-0.171041702681666,-0.0526266906715205,0.953895404387553,151.847138798093,-20.5896767564843,1.10019962201732
28.21750533,0.24026065482625,-0.165168488017898,-0.0572557134690842,0.954838191309653,152.075732346037,-20.055544397332,1.82849110534654
28.22755133,0.239638936078263,-0.158943655010945,-0.0618650576453528,0.955762946284055,152.287918782001,-19.4798584104477,2.5581524401657
28.23759733,0.239023069733915,-0.152740916001706,-0.0663709390842811,0.956625884637776,152.487070685137,-18.9025908628392,3.27012247467527
28.24764333,0.238668801538652,-0.14631746226294,-0.0708061612115118,0.95740006838496,152.643939442219,-18.2984722444465,3.97021677657138
28.25768933,0.238359765147789,-0.139707601411665,-0.0750738565738755,0.958138990191723,152.783052656315,-17.6684105184082,4.65098856589364
28.26773533,0.238043575222014,-0.133323079889814,-0.0792644723370903,0.958789526480832,152.911125243488,-17.0612800409564,5.31306089045726
28.27778133,0.237926717786061,-0.127016298049798,-0.0833099479594269,0.95933163690367,153.003170956227,-16.4599365578342,5.94941509420577
28.28782733,0.23790511111414,-0.120636030663856,-0.0871697441884829,0.959817452388501,153.072103771418,-15.8460424815474,6.56191814808472
28.29787333,0.237821002774362,-0.11427276454483,-0.0910440966182655,0.960257193877579,153.140273097149,-15.2343028735721,7.17424105638742
28.30791933,0.237616725264465,-0.107955496685748,-0.0948993978132506,0.960665397994852,153.214270978973,-14.6265402684827,7.78277103093955
28.31796533,0.237391521752201,-0.101499187798184,-0.0987639811160231,0.961035304403848,153.282247622832,-14.0034351674287,8.39400902522084
28.32801133,0.237031961831072,-0.0952882169536727,-0.102486996167839,0.961370074631407,153.35680810774,-13.403060691377,8.98267184938426
28.33805733,0.236626185739151,-0.0893925429888243,-0.106194347000641,0.961633912747278,153.430084715002,-12.8372558002872,9.56034267799089
28.34810333,0.235987852276161,-0.0832139242086833,-0.109838722320665,0.961935877007839,153.52173574687,-12.2357211355235,10.1391613929586
28.35814933,0.234985224183594,-0.0768823533808791,-0.113506514927761,0.96228234901351,153.648410693924,-11.6135613236669,10.7269447792163
28.36819533,0.234003151237035,-0.0705851644621089,-0.117283822748347,0.962551175102149,153.765790708875,-10.99791269423,11.3239070959697
28.37824133,0.23310214575938,-0.0642190012405691,-0.120856519981328,0.962773603242236,153.862816436959,-10.3697916500899,11.896405164367
28.38828733,0.232164407774283,-0.0578889658322654,-0.124207109938824,0.96297515504728,153.95449676654,-9.73922813871243,12.4414706454592
28.39833333,0.231424976170158,-0.051597832322429,-0.127516897411751,0.963078182173571,154.01515523244,-9.11442649522403,12.9776451661978
28.40837933,0.230501540305604,-0.0450010267059576,-0.130769173226484,0.963194357773038,154.086616813202,-8.45163266232835,13.5152764289355
28.41842533,0.229535539617893,-0.0383729061352633,-0.134047092350616,0.963261300561485,154.155121891287,-7.78541773706282,14.0558463091133
28.42847133,0.228624841126141,-0.0320278152450232,-0.137467112590897,0.96322774774536,154.213576188821,-7.15517117577135,14.6043685484618
28.43851733,0.227716387489553,-0.0256600629552949,-0.140885809296341,0.963139655904975,154.263969299492,-6.52244715836948,15.1526066873191
28.44856333,0.226910858544367,-0.0193951211690942,-0.144618799158174,0.962922995093347,154.297941144055,-5.91098064379313,15.7329065968528
28.45860933,0.226202906075258,-0.0134139743197351,-0.148370871452701,0.962620587293054,154.317053654908,-5.33328265611936,16.3077633260978
28.46865533,0.225516890994817,-0.0076352186731805,-0.151908535589104,0.96229290350029,154.328598343554,-4.77313033885555,16.8533297057026
28.47870133,0.224819910800171,-0.00174337754204067,-0.155126796813272,0.961971228911241,154.331811997786,-4.19236757756322,17.365717540144
28.48874858,0.224134998465201,0.00413777445570743,-0.157909262721861,0.961670965576166,154.325948119638,-3.60213045707464,17.8287618221684
28.49879458,0.223699332741631,0.0101272174991429,-0.160562575669859,0.961288566087694,154.282984077159,-3.00167355897232,18.2796468948884
28.50884058,0.223073859876959,0.0165388159440514,-0.162926009145904,0.960947259817391,154.247965268203,-2.34423516165919,18.7097281018567
28.51888658,0.222268291514053,0.0229997887482139,-0.165260971192265,0.96060222137238,154.226722028057,-1.67770265883532,19.1392350819671
28.52893258,0.221651174554647,0.0295656664900251,-0.167573278083181,0.960164477918238,154.175325396701,-1.00329019297291,19.5697224208277
28.53897858,0.221017548213776,0.0361213899973945,-0.169604147645176,0.959729608623065,154.119616345389,-0.323003848304832,19.9695439482416
28.54902458,0.220696432190944,0.0424722457954354,-0.171283732983085,0.95924505522346,154.026136430173,0.336853339614442,20.3258705231148
28.55907058,0.22045373542695,0.0487133761721127,-0.173056953226995,0.958685792352222,153.920592741985,0.979779207720175,20.692000619812
28.56911658,0.219932642781125,0.0550485005515121,-0.175030613979401,0.958104158949503,153.8395667791,1.63283580889892,21.0851579726861
28.57916258,0.219360384600286,0.0614658136632304,-0.176917423382964,0.957498407686543,153.757029267721,2.29757425392298,21.4726410464821
28.58920858,0.21888934973651,0.0681155715783373,-0.17887208428511,0.95679281923726,153.651312601562,2.98293898340323,21.8767631259997
28.59925458,0.218240769656769,0.0744019256839468,-0.180848668407208,0.956100977433598,153.568659976234,3.63122435265403,22.2751749590545
28.60930058,0.217868598605483,0.0802556542892162,-0.182949544140598,0.95531239288258,153.458673306165,4.2219648223281,22.6787960094902
28.61934658,0.217354458906002,0.0861065050433755,-0.185119856977027,0.954501622594587,153.359467240457,4.8130233808251,23.0919995527696
28.62939258,0.216580484363464,0.0917792113795466,-0.187238841642847,0.953735333481821,153.289753273176,5.39155627400132,23.4951577602686
28.63943858,0.216063997734439,0.0974585350315386,-0.18932771662439,0.952876276622686,153.185071446859,5.9648341101542,23.8986292634988
28.64948458,0.215432102896184,0.103171542665216,-0.19134130259039,0.952015308568523,153.087965562814,6.54593020947771,24.2962675141096
28.65953058,0.214691962692525,0.108977113570006,-0.193150914891568,0.951169844953955,152.996776341252,7.14469835530778,24.6751665798699
28.66957658,0.213938710553253,0.114810618422468,-0.194993786755445,0.950276892884929,152.900790416039,7.74533864104049,25.0611616069644
28.67962258,0.21334931295394,0.120612562417584,-0.196738788153497,0.949330569235522,152.782233047763,8.34041864257904,25.4389125622944
28.68966858,0.212743860339419,0.126733832502204,-0.198203709700576,0.948363788347127,152.652703177877,8.97748385408416,25.7975985239908
28.69971458,0.212083860629249,0.132739141772415,-0.199411233363195,0.947436497244372,152.529974176646,9.60995198030831,26.1256986208145
28.70976058,0.211437760531234,0.138766695969527,-0.200246951491734,0.946540562220925,152.403412713927,10.2542815127004,26.4150538536941
28.71980658,0.210841520868294,0.145482639729849,-0.201056313302254,0.945493000236641,152.243733049379,10.971669563513,26.72849686824
28.72985258,0.209941387799694,0.152683941810806,-0.201783084302031,0.944402358368197,152.097745552467,11.7513551884345,27.0501286989186
28.73989858,0.208665220354285,0.159879150898033,-0.202190817310085,0.943406781997088,151.992741627833,12.549428115892,27.3348094626992
28.74994458,0.207371013967724,0.167399115895837,-0.202555690873068,0.942308861604424,151.872571153927,13.3839257020013,27.6301881948777
28.75999058,0.205933716258189,0.174893325031441,-0.202997151796104,0.941167246418089,151.762122095681,14.2172841378847,27.9363667391157
28.77003658,0.204570266819332,0.181956900208025,-0.203225406626683,0.940075596163188,151.65530526509,15.0082859361043,28.207346170722
28.78008258,0.20342725885663,0.188979285978388,-0.20334176842788,0.938912298906452,151.519936487403,15.7916154200724,28.4713778537765
28.79012858,0.20213985593078,0.19632286328338,-0.203636967167824,0.937618684540357,151.379855460054,16.6082094763543,28.7714364749993
28.80017558,0.20066896201594,0.203570018364186,-0.203949228522948,0.936320419243084,151.257794321166,17.4192255471494,29.071965279456
28.81022158,0.199243125481885,0.210734010761828,-0.204403237597601,0.934939928613632,151.124333156966,18.2157112879203,29.391783404135
28.82026758,0.197961708215602,0.217567260942813,-0.205016091388225,0.933511677119305,150.977632114607,18.9675431526417,29.724633054881
28.83031358,0.196878281189292,0.223944896184001,-0.205790170429467,0.932061173756153,150.817085511042,19.6594858576502,30.066306953782
28.84035958,0.196004388416135,0.230300078194298,-0.206688476042296,0.930496656402714,150.623530168474,20.3383423149901,30.4311520601863
28.85040558,0.194923636080284,0.236585318817045,-0.207692625604263,0.928921921523594,150.448298020784,21.0124114763439,30.8070866116305
28.86045158,0.194115046343156,0.24282908863838,-0.209025393970937,0.927179468695,150.228431751438,21.6627330626162,31.2318203842793
28.87049758,0.193351927128996,0.249067830844832,-0.210414366774854,0.925368057676777,149.994203982356,22.3083371284905,31.670488007288
28.88054358,0.192257636195159,0.255103316017251,-0.211584585313825,0.923683529537703,149.806098349599,22.9490212963185,32.0725337553093
28.89058958,0.19178300237487,0.261043152469547,-0.212805280435612,0.921840368592937,149.540147131861,23.5566351735597,32.4961666729489
28.90063558,0.190963711148297,0.267374117297115,-0.21380745615273,0.919962126458235,149.292728265486,24.2230027100949,32.9116830391857
28.91068158,0.189679396405891,0.274244139720763,-0.214646307253819,0.918008083401347,149.068155222917,24.9665268912625,33.3311518090719
28.92072758,0.188955564185359,0.280891308900599,-0.215593747274433,0.915923142782007,148.775733677203,25.6628296746497,33.7743750756686
28.93077358,0.188521684097224,0.287225502723527,-0.216351218878791,0.913867186904106,148.460832306678,26.3208971854425,34.1937998497469
28.94081958,0.187865372825999,0.293530803263049,-0.216792630212457,0.911892112431214,148.173808518664,26.9929712275414,34.5755862213962
28.95086558,0.187416115461089,0.299804092455771,-0.217333483152332,0.90981254273236,147.851943545383,27.6498858926252,34.9816641581155
28.96091158,0.186618388925973,0.306409695170811,-0.217849553839541,0.907649848516441,147.543964640179,28.3538784172438,35.4032044466499
28.97095758,0.185405952522452,0.313402488009145,-0.218391405355357,0.905377660065584,147.25166167874,29.1116535554433,35.848923763861
28.98100358,0.184259762676004,0.320097125089061,-0.219050997831051,0.903107319601343,146.954765391718,29.8307456520895,36.3036492834987
28.99104958,0.183435236547118,0.325865951762056,-0.219639726224102,0.901066748992168,146.669149971312,30.4425804146598,36.7112517421912
29.00109558,0.182710815385286,0.33154262882034,-0.220217885636021,0.898999625173528,146.368791609471,31.0403112304682,37.1228913319332
29.01114158,0.182068611466067,0.337411829106374,-0.220724631327312,0.896819332654761,146.038687210948,31.6561836485252,37.5491382844303
29.02118758,0.181471231749188,0.343384524697466,-0.221029523716262,0.894595556601691,145.692844011811,32.2869314352492,37.9675577482133
29.03123358,0.180601076687054,0.349601298881873,-0.221375097261403,0.892275321429484,145.351950183449,32.9508952233333,38.409035966913
29.04127958,0.179620408988792,0.355886687123246,-0.221925119222431,0.88984853546053,145.001404069945,33.6175005883375,38.8885882245012
29.05132558,0.178971244756047,0.362309017101252,-0.22245909051314,0.887250484770598,144.58756718653,34.2836397344141,39.3989012681024
29.06137158,0.178386337510446,0.369262214178836,-0.222805334445935,0.884410263798306,144.118134869278,35.0063857574753,39.9402726106359
29.07141758,0.177377197253203,0.376576959518184,-0.222895384375826,0.881501429992368,143.666915721795,35.7912029584799,40.4772821781825
29.08146358,0.176182799540915,0.384133933510492,-0.22251938705698,0.878570352706867,143.219692535163,36.6245773898169,40.9835087743528
29.09150958,0.174493101467374,0.392171877865023,-0.221763902318536,0.875542201941502,142.791276264138,37.5413274739898,41.4796602204772
29.10155658,0.172690813090616,0.400190575209624,-0.220971764897702,0.872465968221963,142.359883957809,38.4612882865627,41.9853084981773
29.11160258,0.171266156990442,0.407741505846591,-0.220395559498263,0.869390916235687,141.891843058667,39.307408111239,42.5141528596603
29.12164858,0.169967962207244,0.415112728102008,-0.219991228658331,0.866254104812337,141.396037694038,40.1209507617561,43.0752304404321
29.13169458,0.168885336880281,0.422534324101749,-0.219558209818726,0.862981274677445,140.847285044095,40.9286051308361,43.6673850486449
29.14174058,0.16745137689581,0.429975169384851,-0.219026950732302,0.859714246096385,140.324001279625,41.7559261844737,44.2561540369331
29.15178658,0.16581191986179,0.437514217121076,-0.218243493422156,0.856421330086759,139.805713323508,42.6110772695844,44.835113342365
29.16183258,0.164451287933377,0.445065736834795,-0.217186858747416,0.853054589214656,139.237649550324,43.4639011379776,45.4150240493281
29.17187858,0.16303069818236,0.452715984494778,-0.216159553332276,0.849555340361231,138.639047611344,44.3254629240579,46.0333612053453
29.18192458,0.161650187559267,0.460376680663337,-0.215088261721034,0.84596664735277,138.007710555662,45.1851852637473,46.6772293885319
29.19197058,0.160223494321953,0.467911739427766,-0.214068489335009,0.842354864559333,137.364793853952,46.0295405856349,47.3416621258279
29.20201658,0.158517019320196,0.475227876027455,-0.213076934582836,0.83882598933334,136.754456631343,46.8624519679315,48.0006884080354
29.21206258,0.156865962827734,0.482315525214571,-0.212038777721172,0.835346850467297,136.13809755421,47.6699634742517,48.6572491207916
29.22210858,0.155415114648027,0.489347208061274,-0.210770741214746,0.83184202030756,135.484521759192,48.469701986749,49.3138670711352
29.23215458,0.153954208981399,0.496757335260087,-0.209177686416041,0.828115298076205,134.767287453889,49.3178211750766,50.006366402397
29.24220058,0.152390283334674,0.504256759363394,-0.20762606772045,0.824253442931511,134.012781298499,50.1737653942244,50.7488766729798
29.25224658,0.15059862795228,0.511368784993807,-0.206362123698066,0.820510019984931,133.29125223577,50.987688597712,51.5037005820253
29.26229258,0.14857390808334,0.518248908836919,-0.205366502463856,0.816803808752107,132.584084668584,51.7753862052648,52.2876559522878
29.27233858,0.14680082974706,0.524790127614862,-0.204774193798342,0.813088167358123,131.833594590503,52.4930266283033,53.1288185674161
29.28238458,0.145389958247092,0.531193222673986,-0.204469553255761,0.809251334269844,131.000307633754,53.1570406541676,54.047006118873
29.29243058,0.144018031348056,0.537591201789776,-0.204168092438597,0.805338373874509,130.124035831928,53.8114065519624,55.0051129043051
29.30247658,0.142547177412301,0.544228646733333,-0.203821222450489,0.801219315521898,129.181396392388,54.4870974169764,56.0336994498599
29.31252258,0.141415102340588,0.550670009158518,-0.203892589859982,0.796989411249327,128.155851374694,55.0937390160988,57.152811992234
29.32256858,0.140838170863112,0.556798271642427,-0.204393616472459,0.792693852549172,127.041048098062,55.6055568513874,58.3517512199258
29.33261458,0.140090685672218,0.563046588693967,-0.204575085672033,0.788354091173665,125.904479658969,56.1441725319346,59.5593087210919
29.34266058,0.138611776599488,0.569320424179361,-0.204537758262846,0.78410798710699,124.832375215869,56.7320873557188,60.7450122160692
29.35270658,0.13778609325099,0.575865949799529,-0.204360229918196,0.779506444358158,123.572524394376,57.2952978339378,62.0515445198454
29.36275258,0.137652416321455,0.582641159946959,-0.203899668736078,0.774600552611373,122.131295749647,57.8323353763023,63.4575067540787
29.37279858,0.137163840431643,0.589550726185726,-0.203593763245109,0.769522970222215,120.639244095248,58.3745657501796,64.9574022294843
29.38284458,0.136535853925322,0.596203377040962,-0.20352432792408,0.764511178296882,119.15085089173,58.8738842496337,66.4859824419332
29.39289058,0.136207591754316,0.602580594556598,-0.202799904784146,0.759747535456252,117.671327825232,59.3584295529358,67.9255968701328
29.40293658,0.135609306525102,0.609374755191846,-0.201502256785355,0.754764442875436,116.095048663764,59.9075653452593,69.4358469454487
29.41298258,0.134707546102322,0.616333788817095,-0.200413729829458,0.749547113049807,114.432317826981,60.4525904338782,71.075903351443
29.42302958,0.134041390456547,0.623040848546259,-0.19900189909886,0.744480524152432,112.753332811896,60.9663200655841,72.6859492830174
29.43307558,0.133067132246618,0.629844204438674,-0.197919121574779,0.739200539614077,110.995405304549,61.4606611256705,74.4287705377072
29.44312158,0.132252448611157,0.636231212223074,-0.197379086499136,0.734003154381694,109.242067849498,61.8582841468952,76.2003228816879
29.45316758,0.131871288150358,0.642640480829278,-0.196332704015162,0.728750056669071,107.392296180601,62.2351932145236,77.9900518945892
29.46321358,0.130841591364552,0.6495621638626,-0.195182813248418,0.72308584736514,105.392220657425,62.6606907993189,79.9751919146044
29.47325958,0.130103038656711,0.656513879905631,-0.194238491366015,0.717170923347705,103.265981410625,63.0147407563369,82.080258383786
29.48330558,0.129556314470558,0.663432979133702,-0.193399454633139,0.711103715730829,101.055969784852,63.3071014955577,84.2626447521844
29.49335087,0.129055177394747,0.670357800298685,-0.19291285785248,0.704804802794013,98.7654849689594,63.5277018239606,86.5519212904026
29.50339687,0.128761637450886,0.677248533668656,-0.192212137196654,0.698433503405239,96.416947756206,63.7052510227571,88.8646087450017
29.51344288,0.128576850575029,0.684099852796325,-0.191207168121439,0.692036995946917,94.0276376730283,63.8541433594869,91.1840218191206
29.52348888,0.128534680913758,0.691027209597289,-0.190142359531092,0.685424039927498,91.5554490440899,63.9503125073206,93.5700585493522
29.53353488,0.128558761372927,0.697938442078854,-0.189211775400105,0.678640906512967,89.0476747163247,63.9811127940279,95.9980431508193
29.54358088,0.128364178876906,0.704660367064165,-0.188724957111648,0.671832788150043,86.600219938261,63.9455222713469,98.4215320794025
29.55362688,0.128371128010576,0.711097662579874,-0.188614734468086,0.665045449355354,84.240455932331,63.8182763485341,100.772833604899
29.56367288,0.12845810464796,0.717604997894882,-0.188047414313091,0.65816392511038,81.8436351630926,63.6747411547781,103.116621177318
29.57371888,0.128111629988755,0.724202263428492,-0.187110405141445,0.651235892894792,79.4231057237191,63.5484018308505,105.489234172308
29.58376488,0.12775077630713,0.730736521593631,-0.185960897973776,0.644299945356938,77.0196731015403,63.3948138015947,107.828495151686
29.59381088,0.127013529926231,0.737240458486233,-0.185247298585847,0.637202878174082,74.6624496671646,63.1872747300716,110.189776268842
29.60385687,0.126407604079443,0.743525911500266,-0.184509206469264,0.630195754735524,72.3949259813795,62.9345085759381,112.448840808244
29.61390287,0.125829459622028,0.749820730840328,-0.183345678397297,0.623153416829548,70.1201785528937,62.6686476245517,114.677451301783
29.62394887,0.125079394561449,0.756089475190287,-0.182438481177641,0.615954585296849,67.8952897349342,62.3495097234919,116.892488014383
29.63399488,0.124820483968186,0.762173263313201,-0.181548783635727,0.608729663013756,65.7657788940986,61.9567469492313,118.973344213749
29.64404088,0.124559349168254,0.768264478460528,-0.1809362665059,0.601262610789545,63.6936536134494,61.4958807123202,121.020874078113
29.65408688,0.12437201859288,0.774113514166612,-0.180786102668408,0.593798158685018,61.7831166058602,60.9698998845592,122.940080568419
29.66413288,0.124706857467959,0.7797232417296,-0.180572127012729,0.586407343877316,59.9979303060319,60.3928989466168,124.685460566951
29.67417888,0.125101234853945,0.78547216441323,-0.180493723431437,0.578623518163469,58.2323917638643,59.748846062306,126.418327541679
29.68422488,0.125368256304737,0.791402340849537,-0.180413654433061,0.570452494519124,56.4637321268026,59.0569256476004,128.16547367429
29.69427088,0.125779228813289,0.797004677102709,-0.180226057813869,0.562567061211739,54.8367537584649,58.3642439024076,129.749848531504
29.70431688,0.126204248099569,0.802444368565228,-0.179949206700658,0.554773653058055,53.2956726712587,57.6643594779754,131.239709516935
29.71436288,0.126340359246339,0.807961766507435,-0.179176826878958,0.546929211321976,51.7227897803955,56.9842955667636,132.74365578929
29.72440887,0.126369122886638,0.813469046127265,-0.178289360242338,0.538991521081767,50.1816748651735,56.288763859922,134.215274603239
29.73445487,0.126565882847786,0.81889678237674,-0.177295529342196,0.530994757400911,48.6970401980443,55.5662605463994,135.607346322549
29.74450088,0.127141608558142,0.824187931482957,-0.176073360731954,0.523017625526758,47.273954866368,54.8211006708584,136.886287802232
29.75454688,0.12765043181206,0.829495168054978,-0.174952331477873,0.514815321394084,45.8943759123787,54.0381474619159,138.136064317277
29.76459288,0.128120869183569,0.834910021552514,-0.173716179341004,0.506293381179323,44.5147937001611,53.2166584221217,139.379340664545
29.77463888,0.12849158561958,0.840275604071135,-0.172437955769311,0.497686621317025,43.1772596201192,52.3797733941576,140.585233198302
29.78468488,0.128749274617525,0.845584245816475,-0.171187162820023,0.488984522043464,41.8885618487496,51.5245455305805,141.754102180044
29.79473188,0.129613676392746,0.850645298481985,-0.16946130805579,0.480505708742853,40.6530379115522,50.6738306482752,142.776204179223
29.80477788,0.130354827362535,0.855625508453895,-0.167994603550751,0.471900859762009,39.4894832822095,49.7952939817554,143.758697308395
29.81482388,0.130434219106677,0.860464808951576,-0.166870987147529,0.463401878168797,38.4009875967914,48.9337635889059,144.752118587977
29.82486987,0.130549246078825,0.865165671144093,-0.165651179001231,0.454977958496391,37.3565125637081,48.0742514006073,145.689699672069
29.83491587,0.130423285015111,0.869814934916002,-0.164698983625672,0.446414594872983,36.3693029712762,47.1920007719448,146.614081148527
29.84496188,0.130388666961317,0.874202628027518,-0.16385523045978,0.438086776939004,35.4680915583696,46.3212633494243,147.453637905409
29.85500788,0.130407856303221,0.878531471150587,-0.163014095421067,0.42965410495704,34.5996130877717,45.4315572498369,148.255965196737
29.86505388,0.130178476693232,0.882883177618372,-0.162198565741943,0.421025514851027,33.7424127243345,44.5236139304896,149.071047021628
29.87509988,0.1297970828017,0.88712786896661,-0.161398528525567,0.412440755004535,32.9199088655431,43.6203937018314,149.866050534149
29.88514588,0.129364113490269,0.89118181939093,-0.160580821014145,0.404071393259126,32.143177644379,42.7386578803484,150.618042160268
29.89519188,0.129297535195512,0.89500352056319,-0.159964159014235,0.395805903698681,31.4512459295651,41.8458961454312,151.270670438258
29.90523788,0.129481600488047,0.898728954060543,-0.159463226043371,0.38741742579308,30.8064109820147,40.9250647304116,151.864372956579
29.91528388,0.129430408576351,0.902529164184214,-0.15862970898861,0.37884758486612,30.1191529839668,39.9993539644154,152.491643867366
29.92532988,0.129266709353949,0.906299956372533,-0.157653589605793,0.37021055173557,29.4300521218495,39.0711445006072,153.117800631029
29.93537587,0.129503385970439,0.909947132461298,-0.156442136967609,0.361595004015072,28.7540692816122,38.1370855375895,153.673291683801
29.94542187,0.130681462280978,0.913578603423144,-0.154069072136739,0.352929471416667,27.983674292484,37.1993216196568,154.132157545153
29.95546787,0.132048289121467,0.917129511754815,-0.151662612870209,0.344144097531614,27.2330321879359,36.2419145734006,154.548860938153
29.96551388,0.133305663550285,0.92050397994921,-0.149534637345947,0.3354719290744,26.5422661105096,35.291663000102,154.938335472108
29.97555988,0.134307505093474,0.923867289109179,-0.147863601573684,0.326446138772205,25.9032648626039,34.2959348538338,155.339106314445
29.98560588,0.135790093964269,0.927248466945372,-0.145707797312019,0.317081328259979,25.222683550677,33.2610839548209,155.690628200307
29.99565188,0.137132502650639,0.930498339681198,-0.143837713332394,0.307698275573028,24.592325890242,32.2202842515023,156.028216134693
30.00569788,0.138025438189492,0.933543957344515,-0.142445941640812,0.298586355730137,24.0374071616869,31.2092201283578,156.373710236725
30.01574388,0.138913603568499,0.936502066286655,-0.14096414339098,0.289475389044537,23.4872014231465,30.2003300799839,156.70446142919
30.02578988,0.139306358282889,0.939373435170826,-0.139604322703334,0.280502978450968,22.9577331085237,29.2156814385511,157.07025678161
30.03583588,0.139687907313177,0.941967252359938,-0.138551483351026,0.272008217694179,22.4998703839434,28.277195748321,157.392858457198
30.04588188,0.14039461772249,0.944389946008633,-0.13743769578771,0.263681362574098,22.062667682514,27.3513021003472,157.65685415749
30.05592787,0.141007519052348,0.946773840187633,-0.136065063538017,0.255386909592993,21.6028330905701,26.4370885795247,157.926048141093
30.06597387,0.141859914154753,0.949031206139671,-0.135049007610781,0.24693582176839,21.1981629654772,25.4919017629005,158.149257202617
30.07601988,0.143306830389654,0.950998989656102,-0.134656556797972,0.238603616376741,20.8981791138922,24.5337503400832,158.268575513722
30.08606588,0.143960336427563,0.952966140767294,-0.134508411953973,0.230300766825414,20.6157852178339,23.5913018378122,158.468877998792
30.09611188,0.144230000506889,0.954865361672681,-0.134514772849525,0.222116239651054,20.3543643548712,22.667337838601,158.699777358958
30.10615788,0.14452664664228,0.956624260654288,-0.134964567464588,0.213931385885922,20.1543627424776,21.7336240271164,158.909578222667
30.11620388,0.144320156951048,0.958322782319781,-0.135505971371817,0.205978806936732,19.9683934209471,20.8348732213246,159.164123461314
30.12624988,0.143961579902055,0.959964451045116,-0.135990896297766,0.19811560353966,19.7822509817165,19.9507904437882,159.429065511473
30.13629588,0.144080790274763,0.961435492138477,-0.136821439661106,0.190164176382691,19.6507947276403,19.0403832580728,159.626862856971
30.14634188,0.144497365760105,0.962710977763136,-0.138015296505653,0.182372866713208,19.5778853500767,18.1351217543143,159.773443820083
30.15638788,0.145215222169025,0.963903749365908,-0.1389982754541,0.174589749497306,19.4898906273748,17.2298743443358,159.884367955421
30.16643387,0.146739788644501,0.965128543372973,-0.138944005461007,0.166399797300906,19.286024917387,16.2851036896058,159.924497008896
30.17647987,0.148375062005947,0.96639165343689,-0.138423246287237,0.157832246481979,19.0225613840763,15.3062589399734,159.963081696077
30.18652588,0.149837993650999,0.967636193956807,-0.137778896517992,0.149150083733504,18.7428717099313,14.3211687028327,160.019812731401
30.19657188,0.151180125902988,0.968866467424225,-0.137022015642138,0.140240169217758,18.4466798099594,13.3157934832004,160.090600774821
30.20661788,0.152269314069085,0.970042970297704,-0.136273496007226,0.131378179523487,18.1537484040758,12.3207617545706,160.182167990341
30.21666388,0.15308939985827,0.971136141550734,-0.135585051198729,0.122779982555895,17.8754164732417,11.3591791968225,160.291097955292
30.22670988,0.153832547726387,0.972203716883096,-0.134440788808224,0.114372874595877,17.5524500135801,10.4294530802538,160.402690902827
30.23675588,0.154628890472471,0.973281900712155,-0.13267865957094,0.105870776288102,17.1608701898144,9.50027344449233,160.508630672489
30.24680188,0.155391585520087,0.974215443783537,-0.131316768150863,0.0975378421209554,16.8229781528878,8.58257907452215,160.603381981767
30.25684788,0.155974812864212,0.975031255516759,-0.13037746620901,0.0893735129795442,16.5395281286764,7.67840874799586,160.705246902252
30.26689388,0.15653224670859,0.975783378530349,-0.129492133437874,0.0810940275357422,16.2630370304802,6.76059429965991,160.805787708643
30.27693987,0.157053772603321,0.976451692419611,-0.128734312626699,0.0728263800725621,16.0045069552456,5.8420523889206,160.903478127917
30.28698587,0.157558791572645,0.977008398924147,-0.128153303214673,0.0648578947007247,15.775396392743,4.95366288182985,160.991245861005
30.29703188,0.157761875734766,0.977543793979554,-0.1275703459244,0.0569660272218143,15.5491064397208,4.07843938687331,161.107558715699
30.30707788,0.15740001437357,0.978107150732426,-0.126967291982101,0.0491013638102544,15.3222883642756,3.21503378222785,161.283743155606
30.31712388,0.157080804705885,0.978563968997419,-0.126530731532327,0.0415710638649613,15.1248264483858,2.38469662492609,161.444515422414
30.32716988,0.156974110785383,0.978904823901822,-0.126207834738557,0.0342936836091686,14.9487560621506,1.57685166794568,161.572683206303
30.33721588,0.156940611443166,0.979216176453996,-0.125611571523771,0.0269640010011715,14.7432512535912,0.766643743149602,161.689908419658
30.34726188,0.157476600110117,0.979399688275521,-0.124888915070411,0.0194969206826658,14.5232655889957,-0.0655238914695832,161.739661280429
30.35730788,0.158201079919817,0.979510171352372,-0.124053387204948,0.0119582462104767,14.2904580628987,-0.906704138411495,161.764392362698
30.36735388,0.158866684583965,0.979622817282216,-0.122810179250632,0.00426289359251548,14.0095515954563,-1.75747046564673,161.792884665108
30.37739988,0.160041377103015,0.979635445447928,-0.12119388750812,-0.0036322538016423,13.6823253331626,-2.63129629620469,161.759036072494
30.38744588,0.161156758341706,0.979616747889234,-0.119348843178963,-0.0116352966252178,13.327396081885,-3.51236859886612,161.726374333075
30.39749187,0.162285344356744,0.979559779038734,-0.11722162281109,-0.0196264475168868,12.940388810562,-4.38725617365223,161.684098608778
30.40753787,0.16353708299673,0.979424081770939,-0.114995548799247,-0.0275701702648595,12.5419654396561,-5.25668769096526,161.619286114498
30.41758388,0.164425909421021,0.979310424051329,-0.112531016459873,-0.0353833857902995,12.1199792881842,-6.10256967181312,161.586381595292
30.42762988,0.164864435994952,0.979215359350584,-0.109969255277013,-0.0431712942797985,11.6899967430334,-6.93873841620668,161.597362625186
30.43767588,0.165038492583352,0.979120595052032,-0.107300787230498,-0.050711905608888,11.2541424950845,-7.7426409532747,161.628578413633
30.44772188,0.165324684780688,0.978967009814951,-0.104507859541797,-0.0580469602144067,10.8067459948492,-8.52306722782811,161.636691304702
30.45776888,0.165508533211859,0.978757870789282,-0.101778815541639,-0.0654295690726469,10.3665842768772,-9.30964460630397,161.650448513216
30.46781488,0.165329886147154,0.978548105895398,-0.0989509126773207,-0.0729270188299516,9.91654553354008,-10.1045134027312,161.699272329552
30.47786088,0.165225051432213,0.978263597974982,-0.0959815344638134,-0.0805516002214534,9.44731149198934,-10.9130155775072,161.731326528091
30.48790688,0.164961810656659,0.977934220666537,-0.0931803964533886,-0.0880322372259099,9.00147203342817,-11.7078753533188,161.775294261834
30.49795358,0.164444620807426,0.97759354659325,-0.0904131133321641,-0.0953640041332095,8.56506415883777,-12.4853730796663,161.841562442043
30.50799958,0.163855656078149,0.977187538646404,-0.0876484474016525,-0.102827953171607,8.12770529982043,-13.2786905557291,161.909928346044
30.51804558,0.163501006554544,0.976718227452419,-0.084566605270195,-0.11016993369759,7.65202312653071,-14.055603271767,161.938490830173
30.52809158,0.163285004951878,0.976172893242092,-0.0813087864653965,-0.117530297799133,7.15248917352879,-14.8336061681495,161.940298972318
30.53813758,0.163121549589595,0.975548376159511,-0.077789405513825,-0.125082109919191,6.61680418777018,-15.6300869058714,161.923921168779
30.54818358,0.162881516333582,0.974824676551555,-0.0742958366100776,-0.132915726253286,6.07852269410518,-16.4597612420299,161.908354056971
30.55822958,0.162524955613865,0.97406886702941,-0.0707687627113895,-0.140596099914087,5.53874455639179,-17.2717415798369,161.896580558661
30.56827558,0.162135920265911,0.97327888372446,-0.0671416690456357,-0.148095084771105,4.98858327915201,-18.0621105715364,161.877577004532
30.57832158,0.161827497489458,0.972401886328544,-0.0633417822034516,-0.155673540295966,4.41230906842106,-18.8599107265397,161.8359912653
30.58836758,0.161372502920637,0.971486609990083,-0.0592639160907051,-0.163280342235985,3.80233691801558,-19.6562618381182,161.796492002409
30.59841358,0.16087316749997,0.970540398040604,-0.0549536189263973,-0.170737399290858,3.16483053051418,-20.4320453967548,161.747370445124
30.60845958,0.16052760182292,0.969524872872766,-0.050607971660884,-0.17802034473172,2.51885081080877,-21.1885505990866,161.668464924619
30.61850558,0.16043073215747,0.968428478492367,-0.0461315652308717,-0.185148969518404,1.84970475671468,-21.9260079283597,161.545848223234
30.62855158,0.160307480260813,0.967248546036096,-0.0416194984050505,-0.192352747097616,1.17003051180248,-22.6716587721296,161.413748367745
30.63859758,0.160011379505464,0.966019511586534,-0.0373044731888187,-0.199527035619178,0.513285094916714,-23.4177569429559,161.296232815582
30.64864358,0.1596619354043,0.964750830129297,-0.0328984794825478,-0.206595237591582,-0.156547135532685,-24.1502650336114,161.172467539908
30.65868958,0.159169156386317,0.96341864765202,-0.0286129862562759,-0.213707711674427,-0.814751078079916,-24.8907011689395,161.057670703378
30.66873558,0.158408674308382,0.962077581705749,-0.0243865481340695,-0.220723163608134,-1.46202229437757,-25.6219809805611,160.967499150407
30.67878158,0.157631064114375,0.960707964867611,-0.0201101257079565,-0.227570289603262,-2.11684562449735,-26.3336191086273,160.8688342435
30.68882758,0.1568684997599,0.959370137475576,-0.0158531141794076,-0.233986948084689,-2.76558857943304,-26.9963597676228,160.76327831309
30.69887358,0.156163831325276,0.95805203815675,-0.0115995605244456,-0.240030415083479,-3.41246370206886,-27.6161699739439,160.645327911879
30.70891958,0.155750295368942,0.956655932883308,-0.00716148047735476,-0.245967446563621,-4.09459775954368,-28.2190162123656,160.476328325705
30.71896558,0.155303586003404,0.955244211142098,-0.00259639677418888,-0.251758916381893,-4.79421995189947,-28.8023067670292,160.299577565458
30.72901158,0.154717210064631,0.953762110251994,0.00218189587666257,-0.25767355566271,-5.52574581118309,-29.3960305471044,160.121237779207
30.73905758,0.154083986406772,0.952142451995143,0.00701578784026963,-0.263881895859974,-6.27797209191661,-30.0227793087711,159.930100324806
30.74910358,0.153674493085555,0.950427383666488,0.0119898894898448,-0.270052182182987,-7.06285504372481,-30.6401794422472,159.693573482241
30.75914958,0.153357332104464,0.948607481453139,0.0173339201317342,-0.276269632847695,-7.90836146397237,-31.2535558263748,159.418097797785
30.76919558,0.152721805735193,0.946729927356495,0.0227554476351728,-0.28259632747697,-8.76546601260713,-31.8794831219078,159.164564871606
30.77924158,0.15187979290104,0.944827842908566,0.028398886262245,-0.28883624951198,-9.65072899444386,-32.4915098114101,158.917554789246
30.78928758,0.151007427242498,0.94286478352911,0.0340743056283027,-0.29502830134439,-10.5479902345475,-33.0966270618012,158.659554133468
30.79933358,0.150126036344979,0.940956793332339,0.0400947116739331,-0.300757211698827,-11.4842266765223,-33.6391507295544,158.387987191664
30.80937958,0.149494292666354,0.93897887921135,0.0466179618088101,-0.306262773598058,-12.4981820503057,-34.1395403633655,158.056223439578
30.81942558,0.148842853350709,0.936860726036217,0.0529834670491682,-0.311978424312902,-13.5102234123147,-34.6657695759364,157.71108088214
30.82947158,0.147958111565099,0.934771878781855,0.0590954509593206,-0.317517967265863,-14.4847593885467,-35.1785550660924,157.397414834055
30.83951758,0.146865660625217,0.932681779619695,0.0648887634640835,-0.32299322604454,-15.4176571210449,-35.6928546176639,157.111820309073
30.84956358,0.145868876643789,0.930526747230428,0.070747122408111,-0.328385578529889,-16.3709320925077,-36.1927477883497,156.799264752249
30.85960958,0.144761898585313,0.92829711007365,0.076585939700531,-0.333830888305847,-17.3307516688946,-36.6992781523801,156.485402977788
30.86965558,0.143497629115359,0.926094348378543,0.0821772339415327,-0.339123267502115,-18.2556898386903,-37.1954462497002,156.194825710879
30.87970158,0.142128071398932,0.923951511019806,0.0875647828195884,-0.344159302379575,-19.1479338977918,-37.6677933668315,155.924548713638
30.88974758,0.140680450268404,0.921724569578576,0.0930544609144843,-0.349247327908722,-20.0635571009423,-38.1438385014268,155.644464362297
30.89979358,0.139240181512363,0.919325506120783,0.0985262999536905,-0.354605913466775,-21.0022694835552,-38.649817882475,155.33671734296
30.90983958,0.138019296508889,0.916835871933475,0.103804934708894,-0.35998221241786,-21.9388437234664,-39.1560769457794,154.991228705126
30.91988558,0.137195951830808,0.914293445733577,0.109231582836762,-0.365120839176342,-22.9148471389807,-39.6192567487233,154.58090499854
30.92993158,0.136531970240961,0.911631878045445,0.114671375738505,-0.370319882830635,-23.9173652097184,-40.0816189874483,154.128741586208
30.93997758,0.135930575863608,0.90889432305734,0.120213493566135,-0.375476635789967,-24.9489435853763,-40.530729684464,153.648848541475
30.95002358,0.135335508911389,0.90613446893443,0.125842117740102,-0.380484409193465,-25.9984652771419,-40.9559242685566,153.156029677273
30.96006958,0.134587131653421,0.90334765242188,0.131500243662663,-0.385430939045951,-27.0552682594485,-41.373112718195,152.670262073464
30.97011558,0.13385499554843,0.900564692673871,0.137133705444062,-0.390205614140965,-28.1127916165013,-41.7666726411421,152.178283928463
30.98016158,0.13343295553276,0.897735606559309,0.143207281034023,-0.394662009512221,-29.2397166569455,-42.096951136455,151.626915894391
30.99020758,0.133125359832526,0.894816518356747,0.149335361508412,-0.399098968738986,-30.3923219180057,-42.4137862555179,151.043190844116
31.00025358,0.132758149599151,0.892004540225691,0.155063183008622,-0.403309537708938,-31.4828657674287,-42.7137545096496,150.490181548382
31.01029958,0.132537221377172,0.889261719656973,0.160898079405611,-0.407135465104587,-32.5790850912133,-42.9570552449796,149.927397232367
31.02034558,0.13242181441339,0.886414294922957,0.166984930624958,-0.410913852002923,-33.7233505183679,-43.1770397392204,149.328849276521
31.03039158,0.132338810349095,0.883576338175378,0.172965959526555,-0.41456250522332,-34.8547036545679,-43.3785160528227,148.730436177311
31.04043758,0.132325259497506,0.880733059597333,0.178903774787913,-0.418082220140816,-35.9829256430143,-43.5581720563843,148.124831891116
31.05048358,0.132312357923687,0.87778654359178,0.185050937456881,-0.421592664044573,-37.1496406950894,-43.7226123151058,147.498795086579
31.06052958,0.132229200124429,0.8747684437566,0.191093313919677,-0.42518108356006,-38.314635884468,-43.8945874860002,146.870739225462
31.07057558,0.131996741579404,0.871644922095205,0.197303977386772,-0.428815963445186,-39.5104789554113,-44.0641676603434,146.239310628801
31.08062158,0.131741555133982,0.868406425681753,0.203808293382215,-0.432407934749295,-40.7533430997913,-44.2117104777286,145.588688988637
31.09066758,0.131593213961788,0.865155286044048,0.210339195942779,-0.43582907167764,-41.9989783335119,-44.3277015078527,144.928567859863
31.10071358,0.13149521733907,0.861801942780342,0.217050967984078,-0.43919847055079,-43.276867229329,-44.4207353108176,144.248011810408
31.11075958,0.131504943162589,0.858346875463702,0.223745502455631,-0.442589020917128,-44.5683912683463,-44.5026720929938,143.542946144051
31.12080558,0.131409209972034,0.854874872852279,0.23042718827934,-0.445896716967061,-45.8533453168673,-44.5725052075639,142.852859497782
31.13085158,0.131035088786561,0.851407928530015,0.23702372173999,-0.449170457705592,-47.1183428878699,-44.6470671670004,142.199528936692
31.14089758,0.130648145484005,0.847922123316636,0.243613457470516,-0.452340157636993,-48.3789574530803,-44.7039062246517,141.551691991232
31.15094358,0.130285118140436,0.844386355216177,0.250408759678171,-0.455338252502809,-49.6585887926476,-44.725722926481,140.902234186978
31.16098958,0.129820340592111,0.84079950507717,0.257370672081625,-0.458217425009991,-50.9509382581226,-44.7257492605408,140.264841969723
31.17103558,0.129460394899125,0.837170320840406,0.264468054374934,-0.460914860111573,-52.2522172648727,-44.6885147546376,139.623208854094
31.18108258,0.129259621221852,0.83348951111912,0.271670192240755,-0.463446320326169,-53.5604318156226,-44.6137029039119,138.972132937518
31.19112858,0.128836512955354,0.829754377271369,0.278866434935594,-0.465985340750993,-54.8640692034488,-44.543485478972,138.345331436193
31.20117458,0.128670581504154,0.826005230265946,0.286114981690111,-0.468292065148612,-56.1610015156512,-44.4265409196819,137.710301793278
31.21122058,0.128749750996757,0.822240588927745,0.293391004724969,-0.470388811393831,-57.4476347882581,-44.2665638445697,137.069640124145
31.22126658,0.128809523745374,0.818479490009669,0.300536259133448,-0.472416540747755,-58.7078724605795,-44.0991891719139,136.447159138595
31.23131258,0.129024742582679,0.814710305439354,0.307594051426404,-0.474326505204462,-59.9473109354721,-43.9080372048447,135.826581385758
31.24135858,0.129340051740634,0.810916199660223,0.314694875466481,-0.476081089205913,-61.176460644623,-43.6870059405015,135.214439882489
31.25140458,0.129702124609012,0.807066768458933,0.321731338402975,-0.477817471437153,-62.3952514039049,-43.4564265126649,134.604921107081
31.26145058,0.130285933408306,0.803133746583857,0.328838257412863,-0.479444638217778,-63.6155603184914,-43.1908229573673,133.984326223704
31.27149658,0.131075947139719,0.799161212795681,0.335923464312378,-0.480953093522365,-64.8214774112428,-42.8948594274797,133.361627520635
31.28154258,0.13196566863311,0.795191708504994,0.34307568631505,-0.482238823081035,-66.0074419697443,-42.5626674262765,132.760492548282
31.29158858,0.132726886086219,0.791286027170012,0.349987628363114,-0.483485942823696,-67.1486653680267,-42.2406346809915,132.195430601673
31.30163458,0.133775282854738,0.78722680672571,0.357259965283904,-0.48450329789891,-68.3131230031093,-41.8546225852928,131.620834459241
31.31168058,0.135070081381804,0.782945364283564,0.364572933801504,-0.485632788845393,-69.4998988640341,-41.4496851394114,131.009421262491
31.32172658,0.136263287584741,0.778613834551844,0.371987961292775,-0.486639260391429,-70.6775410495708,-41.0282844136813,130.429603134254
31.33177258,0.137391118940485,0.774413928986643,0.379288858047831,-0.487387637500711,-71.7993344702553,-40.5912087135921,129.905468284649
31.34181858,0.138421618581459,0.770165344176615,0.386552505200439,-0.488120844527121,-72.9083563840704,-40.1546600254742,129.402551248431
31.35186458,0.13968598100058,0.765744996522169,0.393917741831118,-0.488826390126231,-74.0280642649821,-39.686249696714,128.883013814855
31.36191058,0.141252549078647,0.761145968873055,0.401451827569791,-0.489429220202429,-75.1576473837945,-39.1713681199982,128.349314470724
31.37195658,0.142703077874967,0.756560593651508,0.408940114124094,-0.489918240892154,-76.2594380717746,-38.6522215142473,127.853984882503
31.38200258,0.143996424523549,0.752128472360375,0.416177786948924,-0.490269151017662,-77.3027614876746,-38.1436016993004,127.411225298198
31.39204858,0.145382720899034,0.747817729743499,0.423294869213458,-0.4903610519228,-78.2928860016178,-37.6127790006872,127.008142826247
31.40209458,0.146813741849676,0.7435741622276,0.430345154950825,-0.490251198960258,-79.2444777506475,-37.0645997102288,126.6391374902
31.41214058,0.148208780613755,0.739143657747066,0.437565044083073,-0.4901404316702,-80.215927593069,-36.5031100489774,126.275088530849
31.42218658,0.149681574489449,0.734669948996816,0.44452566362863,-0.490155512745599,-81.1679004708675,-35.9536394589288,125.901928670388
31.43223258,0.151099301734824,0.73051624392438,0.451112011498452,-0.489911187318359,-82.0324508409413,-35.4119199515642,125.589418860945
31.44227858,0.152324804948391,0.726409369856539,0.457727015471005,-0.489502360045452,-82.8762516416796,-34.869684389803,125.32253332053
31.45232458,0.153725281139855,0.722243232732098,0.464347023266306,-0.488993959773412,-83.7079330548907,-34.3038392980241,125.059126225317
31.46237058,0.155162883297473,0.718263493699601,0.470519381739908,-0.488501325149024,-84.4810701099597,-33.7610824006671,124.809418955756
31.47241658,0.156453121090059,0.714316542196676,0.476644709108894,-0.48793864340085,-85.237567651473,-33.2258154538249,124.588797630755
31.48246258,0.157991762232649,0.710383515756045,0.482574129380662,-0.487356207779483,-85.9660347600409,-32.6791568360102,124.359439658184
31.49250871,0.159725510173062,0.706322210819813,0.488860255418585,-0.486428151503018,-86.6981128027853,-32.0719035225271,124.155152077299
31.50255471,0.161663025034375,0.702197918930112,0.495122475932716,-0.485424435739706,-87.4180424022073,-31.4424624060893,123.949213879225
31.51260071,0.163811641608375,0.698034010810919,0.501480779551714,-0.484181054529187,-88.1210309856838,-30.7739919250222,123.760208172657
31.52264671,0.166211367210409,0.693636545173002,0.508067436435812,-0.482814254806184,-88.8403899442581,-30.0596975664092,123.565494822796
31.53269271,0.168685296529777,0.689189244084775,0.514476012753922,-0.481537006753732,-89.5481974345371,-29.3518329538916,123.362318744232
31.54273871,0.170971450848199,0.684760082382761,0.520828311468407,-0.480218973534973,-90.2445139066879,-28.657715113508,123.186742523199
31.55278471,0.173099018159739,0.680339526147894,0.527308828626428,-0.478665079492559,-90.9308149080938,-27.9535933000215,123.057117605061
31.56283071,0.175239650756681,0.676031898859953,0.533731910016407,-0.476867051448012,-91.5818495832103,-27.238320906843,122.964162365839
31.57287671,0.177458304744992,0.671742464707814,0.540130764868713,-0.474899324096848,-92.2121079053144,-26.5077400512811,122.89127892252
31.58292271,0.179639318977174,0.667503784242843,0.546459120709003,-0.472811635318807,-92.8221741158286,-25.7774052948468,122.842001158522
31.59296871,0.181862097502203,0.663378282363934,0.552649305799495,-0.470567930037006,-93.3987572302403,-25.0441919372738,122.815526886156
31.60301471,0.184228273185814,0.65934551979309,0.558634697121266,-0.468242142550181,-93.9416651840196,-24.3075282322705,122.794999061426
31.61306071,0.186527468554029,0.6554948502539,0.564321261585206,-0.465913638444213,-94.4478735874965,-23.5960057010534,122.788667680319
31.62310671,0.188755165704933,0.651746152076153,0.570023609647584,-0.463326585809588,-94.9311257678327,-22.8769195200633,122.822297781395
31.63315271,0.191061270020341,0.647982850333179,0.575717610940595,-0.460611603441726,-95.4037933673852,-22.1444013699572,122.867362310058
31.64319871,0.193408515365784,0.644363402107586,0.581221102285079,-0.457789233672941,-95.8432581352467,-21.4161394118234,122.927451567022
31.65324471,0.195911517810546,0.640782041841709,0.586750373960064,-0.454687860735322,-96.2603418801466,-20.6592421963701,123.010156593498
31.66329071,0.1985290432703,0.637010526772203,0.59243715614303,-0.45146652564807,-96.6929581609215,-19.8735777385099,123.096329907835
31.67333671,0.201290162468757,0.633091084198023,0.598136889599812,-0.448230087011275,-97.1328990338298,-19.0711954901434,123.173548045214
31.68338271,0.204201751695222,0.629191254427962,0.603703704038795,-0.444929036685414,-97.5539712323894,-18.2604014761791,123.24979603664
31.69342871,0.207014857289478,0.625299916808607,0.609169590335229,-0.441652887584102,-97.9716241095395,-17.4646134964169,123.333129888215
31.70347471,0.209805136191731,0.62134306999303,0.614599860137551,-0.438385225706921,-98.3931477475115,-16.6714272636514,123.418538630441
31.71352071,0.212528541321034,0.6174944817428,0.619964643971436,-0.434943702525412,-98.7950116876477,-15.8804061717664,123.53135966749
31.72356671,0.215073805075306,0.613740434831337,0.625267204192266,-0.431401043560464,-99.1864247928095,-15.1044405739471,123.671249687243
31.73361271,0.217594709840034,0.610057955504679,0.630548935359602,-0.427656255995344,-99.5627236367787,-14.3226449881551,123.837046208353
31.74365871,0.220140879151151,0.606517611390714,0.635753538517791,-0.423664747957118,-99.9115695729842,-13.5332478777543,124.03027568828
31.75370471,0.222570478084709,0.603102647603754,0.640716417907628,-0.419776191037681,-100.245260021104,-12.7752442924233,124.223562622771
31.76375071,0.225012181313223,0.59972214169749,0.64565190298188,-0.415736083584669,-100.569087764515,-12.0106312444078,124.433142313362
31.77379671,0.227444482926772,0.596760648172246,0.650282679116903,-0.411434287851362,-100.830723247754,-11.2592797261146,124.675750352396
31.78384271,0.229593057371,0.593905914120271,0.65482486663469,-0.407145167252249,-101.091215179372,-10.5402002866211,124.938930885689
31.79388871,0.231813489863672,0.591046508264288,0.659390906168123,-0.402653900823773,-101.345541166962,-9.80310786933368,125.217723313133
31.80393471,0.234010299776689,0.588334978205857,0.663920079270855,-0.397883477112232,-101.578226660001,-9.0588730415581,125.528222587595
31.81398071,0.23615410414505,0.585617183838303,0.668490259612681,-0.392943413091141,-101.812868773878,-8.30805962489326,125.859606505512
31.82402671,0.238458570075943,0.582802702155931,0.673062187179833,-0.387899230349561,-102.049694539177,-7.53562064417407,126.18843271798
31.83407271,0.2408579404054,0.579998284092197,0.67749740637351,-0.382866435393524,-102.278199210335,-6.76298711939076,126.508441678917
31.84411871,0.243221116822038,0.577168390569919,0.681821241824488,-0.377941703779411,-102.511099515388,-6.00443025900642,126.819419529846
31.85416471,0.245540063116741,0.574390441433237,0.686088040807175,-0.372919426225198,-102.738162689219,-5.2486701651752,127.14355502818
31.86421071,0.247747288328484,0.57159250186613,0.690424245316046,-0.367719532274355,-102.973201346107,-4.48913137165775,127.493725581553
31.87425671,0.249819504052901,0.568506469921695,0.694973217192038,-0.362495291607606,-103.253800160704,-3.72261049761775,127.855311276441
31.88430271,0.251922461464786,0.565366531493192,0.699492957135416,-0.357218926423045,-103.53869288288,-2.95107904931847,128.21979643058
31.89434871,0.253845477698209,0.56212370523349,0.704075424217968,-0.351933531336572,-103.847211248597,-2.18966929049085,128.599007544562
31.90439471,0.255732784683244,0.558730551450067,0.708688820429467,-0.346671414328826,-104.176981842888,-1.42806696682118,128.978942068694
31.91444071,0.257624306818599,0.555443034983002,0.713122265530467,-0.341422591270412,-104.491895833465,-0.678761272536319,129.358093486982
31.92448671,0.259315947881071,0.552287739208541,0.717477607547717,-0.336094294747863,-104.801263602432,0.0495754862277889,129.761400295099
31.93453271,0.260914755716157,0.548810091683209,0.722250995845885,-0.330279385544833,-105.158429456956,0.823401041254033,130.221534725687
31.94457871,0.262222177004139,0.545476523905305,0.726841792789892,-0.32464734714667,-105.514806749866,1.5479227179784,130.686908423492
31.95462471,0.263233500478231,0.542883496501313,0.73082976079119,-0.319176274485399,-105.7934347728,2.1896149411915,131.1589184365
31.96467071,0.264444874074606,0.540450721919087,0.734688222837599,-0.313392949787539,-106.039917738263,2.85578277428039,131.646494267593
31.97471671,0.266000064599545,0.537422229291578,0.738756715479608,-0.307668374114225,-106.34316021681,3.57316174669049,132.103477455598
31.98476271,0.267735226870574,0.534384853602599,0.742540656591609,-0.302297948787603,-106.636418051477,4.27374037155524,132.512153504674
31.99480871,0.269337341011579,0.53178002618142,0.745981750881987,-0.296948864019288,-106.882575526154,4.93459704723902,132.928247829303
32.00485471,0.270869833487732,0.529032417893599,0.749508762860399,-0.29153189966015,-107.152492655419,5.59977410978713,133.357923773752
32.01490071,0.272585025743761,0.526499571231402,0.752802863911915,-0.285978064402571,-107.384360168954,6.27328899085565,133.78636732669
32.02494671,0.274174495315293,0.524266309269652,0.755984369182354,-0.28010858008162,-107.58742070305,6.94060015635365,134.254676452027
32.03499271,0.275699067176552,0.522199900899249,0.758975600922484,-0.274323395034306,-107.774138281417,7.58485808913564,134.718956727464
32.04503871,0.277275170406924,0.520363494503213,0.761629270932522,-0.268814372984426,-107.928291812984,8.1982902969735,135.150348785225
32.05508471,0.27883462489728,0.518701721989247,0.764211261611107,-0.263022666685864,-108.063172598588,8.81917184925166,135.609538495662
32.06513071,0.280686639386511,0.516710787225173,0.76682358899781,-0.25730634697101,-108.222839859132,9.47215951436949,136.040555402073
32.07517671,0.282385740239662,0.515307780479883,0.768989000698321,-0.251738161372473,-108.317001818574,10.0703824734753,136.463943537117
32.08522271,0.283904443189761,0.513812999819137,0.771374966945794,-0.245713509444122,-108.437963968931,10.689816676133,136.947416176002
32.09526871,0.285518448634562,0.512229602703924,0.773717696649409,-0.239710190635746,-108.565674368655,11.3176399229754,137.421873251743
32.10531471,0.287045372717942,0.510486302641443,0.776249083460913,-0.23333677216157,-108.72326322168,11.9704367709371,137.941637472055
32.11536071,0.288646461447122,0.508756323962948,0.778737871301444,-0.226754384572074,-108.877294034846,12.6405813766963,138.47597279036
32.12540671,0.290118595451543,0.507061896859229,0.781215006798374,-0.22005123603325,-109.03792942308,13.3047730061769,139.032708731099
32.13545271,0.291726667394772,0.505368529511721,0.783628340746512,-0.213131003114913,-109.192983745178,13.9922805341884,139.599933846893
32.14549871,0.293264055386431,0.503810200018298,0.785873816071464,-0.206334246767476,-109.336653442003,14.6569136226325,140.159536777598
32.15554471,0.294525297685418,0.502064346540887,0.788267509943506,-0.199550930148803,-109.525464085944,15.3048460807293,140.74433587285
32.16559071,0.295904792193817,0.500457521197459,0.790594231109769,-0.192206621034715,-109.694624796145,15.9917383107148,141.372989640479
32.17563771,0.297204144560974,0.498944958040709,0.792801022091004,-0.184905826498231,-109.85929403186,16.6623968016657,142.003515302378
32.18568371,0.298539508671925,0.497359006825115,0.794903330058364,-0.177867579828322,-110.032112466538,17.3190327153377,142.607624102841
32.19572971,0.299900178107153,0.495973584862064,0.796843074178973,-0.170620049886804,-110.181169196242,17.9809451263411,143.227595161022
32.20577571,0.300994861619587,0.494947190369074,0.798552202173411,-0.163535171838846,-110.301926812117,18.5926467472042,143.84835560139
32.21582171,0.302123693904801,0.494083302532747,0.80004668124475,-0.156615042601001,-110.399881986734,19.1877277622072,144.447508019876
32.22586771,0.303269643743572,0.493272799402793,0.801431777570045,-0.149721656596151,-110.491681961017,19.7789738966722,145.042029219941
32.23591371,0.304226800938815,0.492558278199587,0.802809412039442,-0.142581359610851,-110.588043806255,20.3658306309499,145.675559772933
32.24595971,0.30498553671759,0.491928347629932,0.804150356279625,-0.13539766499656,-110.68939807461,20.9342608528178,146.32930314482
32.25600571,0.305520728938497,0.491246648236813,0.80560167296741,-0.127827067935933,-110.819306137615,21.5101954536483,147.042487000324
32.26605171,0.305861637295392,0.490568891243891,0.807070791523609,-0.120114775295039,-110.966211063039,22.0771572150866,147.787603499566
32.27609771,0.30597055752823,0.489808560436983,0.808595375068437,-0.112441591355018,-111.142692618806,22.6228234329724,148.552582265638
32.28614371,0.305868702061981,0.488735817212972,0.8103634742396,-0.104367991694835,-111.383688110713,23.1857248754645,149.385364368667
32.29618971,0.30593902296906,0.487520355924094,0.812029479319354,-0.0966092205781671,-111.632896585034,23.7448920566203,150.178483317101
32.30623571,0.305969996702278,0.486119996494425,0.813717075464863,-0.0890743016990765,-111.911417640768,24.2893173918382,150.960854139674
32.31628171,0.30609506964846,0.484831873322526,0.815241360712985,-0.0813964786112725,-112.173768276422,24.8444057322553,151.749289768813
32.32632771,0.306097581085759,0.484038592997113,0.81642278148806,-0.0739239691177535,-112.376885768463,25.3562963388024,152.516600983243
32.33637371,0.306085542397725,0.483322184173553,0.81749520767182,-0.0664296052555218,-112.573844782531,25.8637854779998,153.287507681516
32.34641971,0.306371459415069,0.482755794467804,0.818295278030485,-0.0589593904026368,-112.733018838479,26.3899885634213,154.027797925107
32.35646571,0.306372550956178,0.482715597832419,0.818783746470627,-0.052102669273444,-112.831714467919,26.8338109350667,154.716798411702
32.36651171,0.306032296146287,0.482856206305603,0.819235577151144,-0.0452458492839256,-112.929501124606,27.2407646706291,155.431059163231
32.37655771,0.30581507332492,0.482997757999418,0.819607143779185,-0.0378739562356089,-113.028314757781,27.6914790236764,156.187609516777
32.38660371,0.305378472344772,0.483856838979998,0.819549712086964,-0.0310615102471162,-113.033104240483,28.0659153394595,156.883703366438
32.39664971,0.304786156390858,0.484851218294668,0.819410327040298,-0.0243189418021421,-113.028540394302,28.4184674690302,157.581911960471
32.40669571,0.304751640234041,0.485752777865408,0.819064612251163,-0.0174309359632016,-113.003977838526,28.8349625542068,158.249361075951
32.41674171,0.304566836491846,0.486865863377528,0.818579895870753,-0.0112972236957333,-112.948114584826,29.1845407098752,158.846162633478
32.42678771,0.304118610382508,0.487985366735845,0.818141259611726,-0.00519922990780232,-112.90827825542,29.5083021741807,159.462161726656
32.43683371,0.303611275802151,0.48903133238075,0.817720910022627,0.00103076062492623,-112.885410480157,29.8378249916891,160.099492230931
32.44687971,0.302566601176179,0.489864930178507,0.817579346183158,0.00705795498868453,-112.925453619513,30.109839071152,160.771836151633
32.45692571,0.301440257884253,0.490410625646244,0.817583620892871,0.0137190388743626,-113.023571135958,30.4217509449581,161.52750086859
32.46697171,0.300193968744723,0.490935438812304,0.81757863537714,0.0207641764179795,-113.13953188825,30.7472669208248,162.334731514829
32.47701771,0.298743727700735,0.491335796667946,0.817654845164988,0.0279620144188974,-113.2902914976,31.0653893851284,163.181702042254
32.48706371,0.297438593839151,0.4916562518972,0.817641661946851,0.035588277763571,-113.452348145022,31.4255879758646,164.064821657242
32.49710883,0.296129363081665,0.491848987958436,0.817621727206675,0.0434359823727222,-113.639301071096,31.8010580950285,164.978533508496
32.50715483,0.294982007110545,0.491793137813932,0.81759897962697,0.0515464217293459,-113.860574381241,32.21205677223,165.918599020599
32.51720083,0.293933361387479,0.491370292860686,0.817669272033471,0.0597944473150663,-114.136795658295,32.6457284990069,166.88388453282
32.52724683,0.292965149654382,0.490974604072559,0.817652758979514,0.0675227737653702,-114.398066843446,33.051418699117,167.791047506798
32.53729283,0.291866360911411,0.49073030083852,0.817560998821782,0.0747784221068887,-114.63814501683,33.4101882135935,168.656777945799
32.54733883,0.290555638280882,0.490799880923103,0.817325362978251,0.081683223378656,-114.838163241442,33.7201665123072,169.492307060984
32.55738483,0.289141802292844,0.491216671212089,0.81692207459544,0.0879859314256729,-114.980418355059,33.9765089780353,170.259020106874
32.56743083,0.28751201704741,0.491795660931295,0.816471503605516,0.0940646147210955,-115.106121424483,34.1950469062486,171.013980120297
32.57747683,0.285916262275298,0.492484978748439,0.815860099015909,0.100412825413013,-115.218604419826,34.4327787837782,171.790570289378
32.58752283,0.284188596494436,0.49316175433481,0.815239040108639,0.106834606596741,-115.342109441489,34.662183172476,172.58781205894
32.59756883,0.282210781680151,0.49394982769535,0.814587284993393,0.113217478996422,-115.461201110103,34.8631406461091,173.397420805329
32.60761483,0.28008447039283,0.494812399838481,0.81383029943494,0.119973422608875,-115.584188282893,35.0724040184025,174.256617188015
32.61766083,0.27782781705463,0.49560318321393,0.813067689092858,0.126925654664758,-115.729005881297,35.2815761105182,175.152227786152
32.62770683,0.275364396930111,0.496737435346808,0.812076585557448,0.134007419263821,-115.832832835,35.4763569317992,176.062592490585
32.63775283,0.272674951849088,0.497934998572434,0.811043323484407,0.141130561049463,-115.937783113823,35.651253470926,176.993244993225
32.64779883,0.269903726387394,0.499009846462943,0.80999598682048,0.148484520910247,-116.069647397565,35.8335391738345,177.962397355628
32.65784483,0.267160723360718,0.499963796425742,0.808891686256489,0.156062776029616,-116.222841236134,36.0336048512541,178.960859545565
32.66789083,0.264484727143145,0.500659314867188,0.807848639167212,0.163611294660294,-116.412045861931,36.2389630582106,179.965393364762
32.67793683,0.26194874527253,0.501055288186962,0.806842878967462,0.171263019036584,-116.644203643226,36.4647018223955,-179.012294431363
32.68798283,0.259545422663457,0.501211543109837,0.805840087381308,0.179010938764059,-116.910974893545,36.7088447423028,-177.974561875409
32.69802883,0.257029062850716,0.501512574753175,0.804765833166055,0.186475606938465,-117.153004537908,36.922637956122,-176.96469423754
32.70807483,0.254449079879405,0.501895175833816,0.803639549619323,0.19370176176514,-117.378556217979,37.1142723992557,-175.978888810579
32.71812083,0.251845534249854,0.502464902174235,0.802398893710178,0.20064611716683,-117.567357982058,37.286173414275,-175.031333978462
32.72816683,0.249208227440886,0.503114910727863,0.801134988300354,0.207251963802659,-117.73502723962,37.4336261896508,-174.122515170217
32.73821283,0.24645692782122,0.503676628849774,0.799878689559154,0.213922692271259,-117.921721533318,37.5726581681382,-173.191954243538
32.74825883,0.243531744583559,0.504312362756883,0.798488628042563,0.22085570184481,-118.108285616668,37.7107281143708,-172.221667979197
32.75830483,0.240508536971288,0.505198019825989,0.796877156142533,0.22785390588274,-118.257886498421,37.8454898447169,-171.2494656194
32.76835083,0.237387610416143,0.506200615481819,0.795117815530775,0.234937691170042,-118.392126233598,37.9776066635649,-170.265870480987
32.77839683,0.234170670157588,0.507292737335812,0.793261968638541,0.241978563091839,-118.511554503191,38.0992306895344,-169.284474800555
32.78844283,0.230774654549721,0.508488478660496,0.791389188148313,0.248768323483807,-118.610350550644,38.1889471815852,-168.324816067996
32.79848883,0.227261740926532,0.509604872666998,0.789510861120349,0.255592595820182,-118.723354291048,38.268952843974,-167.348249236291
32.80853483,0.223638691108369,0.510738371212452,0.787560446543215,0.262451128881624,-118.834264277834,38.3413836457416,-166.360773891625
32.81858083,0.21983009848671,0.51180438075476,0.785613739397112,0.269336325270183,-118.958281814894,38.396368974251,-165.353640912334
32.82862683,0.215819705089034,0.512768447606826,0.783694082672347,0.276249812341143,-119.10072627577,38.4314328625258,-164.324002497436
32.83867283,0.211677299286908,0.513706968476171,0.781720140790758,0.283216336018423,-119.247305348082,38.4568614680871,-163.278127485681
32.84871883,0.207421938959565,0.514554359719716,0.779748317096309,0.29017669120238,-119.406022645294,38.4694438356159,-162.220846632108
32.85876483,0.203053194483962,0.515347862420246,0.777759055899314,0.297114173131052,-119.56980625105,38.4687157652461,-161.15646032303
32.86881083,0.198613584759615,0.516003855746297,0.775782088353163,0.304063835722527,-119.751911124201,38.4592554886987,-160.079036594148
32.87885683,0.194087079381914,0.51655266575167,0.773820104446497,0.310975875392698,-119.945845045443,38.4365658741061,-158.995465452438
32.88890283,0.189432823959804,0.51698378693172,0.771874334621563,0.317888314992659,-120.15454986429,38.3981795440376,-157.898394469192
32.89894883,0.184496265213537,0.517376282099747,0.769958791659003,0.324725068311499,-120.364312504555,38.3248352261619,-156.792735822699
32.90899483,0.179328261104921,0.517642163006331,0.768081831585155,0.331569398220051,-120.589628060838,38.2246300969599,-155.667414029717
32.91904083,0.174070933014243,0.517958935035795,0.76607831342748,0.338440348646913,-120.799784445153,38.1192578056702,-154.538282258637
32.92908683,0.168568264236925,0.518233586577341,0.764008231053943,0.345412959972785,-121.012789624142,37.9943871671993,-153.382497698675
32.93913283,0.162923663477274,0.518450944399186,0.761752913172304,0.35269958520566,-121.2355589179,37.8742144718882,-152.178922232681
32.94917883,0.157251443693278,0.51861271155474,0.759315902563142,0.360211325453465,-121.464010665962,37.7652266490479,-150.944616066608
32.95922483,0.1513647789336,0.518772531648189,0.756887796778651,0.36753860639839,-121.677331766082,37.6235074266505,-149.723665174582
32.96927083,0.145294353543308,0.518924487193387,0.754455828863342,0.374704323051711,-121.875928191364,37.4538955799274,-148.515207680138
32.97931683,0.139177051778969,0.51901765113154,0.75194493925652,0.381875941109833,-122.072273715992,37.2797822998357,-147.302881316696
32.98936283,0.13309685459371,0.519056586890814,0.749387126490002,0.388952981160419,-122.262686743832,37.1036899662011,-146.103786750264
32.99940883,0.126980339073449,0.519171157486466,0.746810187133371,0.395742147258509,-122.420788558688,36.9111788733373,-144.945184919265
33.00945483,0.120676300218491,0.519457774945854,0.744123427155323,0.402344598289197,-122.533657377479,36.6980732033135,-143.811467849821
33.01950083,0.114216702152283,0.519781325550119,0.741353497896985,0.408872730461109,-122.625398797131,36.4697802836732,-142.68342301077
33.02954683,0.107689811480113,0.520106705540888,0.738540127039325,0.415271477599317,-122.700182636418,36.2306637187944,-141.570654482147
33.03959283,0.101126198298104,0.520400479952105,0.735656332013897,0.421623758404635,-122.765921931357,35.9879199420164,-140.462252322656
33.04963883,0.0944744134763806,0.520647136730181,0.732609992014212,0.428116507289657,-122.829807438675,35.7479809399343,-139.330752592056
33.05968483,0.0877715817489544,0.520777462524455,0.729424598537156,0.434772054084419,-122.903149236089,35.5127760250858,-138.17168306084
33.06973083,0.0810605503858455,0.520797323983968,0.726142127358958,0.441493992458435,-122.982556472498,35.2805641053492,-136.999579051501
33.07977683,0.0743548777823004,0.520719162654342,0.722739680517504,0.448297066686809,-123.066770652544,35.0542781109029,-135.813374543827
33.08982283,0.0677629714475923,0.520482228712196,0.719246563095833,0.455182173168293,-123.167219970332,34.8412798677353,-134.614823821416
33.09986883,0.061131555340614,0.520300126140202,0.715542275781584,0.462114664611977,-123.248095474488,34.6360164533689,-133.410024860137
33.10991483,0.0542089919309487,0.520165018165707,0.711645771936562,0.469094909752083,-123.304087686913,34.4140086469728,-132.187792820991
33.11996083,0.0470831100330519,0.519863870024381,0.707823448255388,0.475931406289541,-123.361569259813,34.1590523830548,-130.969535900754
33.13000683,0.0399463317155218,0.519683479030849,0.703896385896921,0.482559063873138,-123.381674105526,33.9032440849985,-129.7823355055
33.14005283,0.0327310650282847,0.519449346532689,0.699874610906018,0.489159056726978,-123.393277089148,33.6420016428685,-128.592502081392
33.15009883,0.0256054789522932,0.518960594404783,0.695871409400438,0.495769344031785,-123.431325637134,33.3811293122601,-127.394620919068
33.16014483,0.0185074349981386,0.518412163492798,0.69179185218499,0.502324931536318,-123.464113892032,33.1223908323168,-126.201605282489
33.17019083,0.0111996711541414,0.517745420294385,0.687716557287286,0.508783042134025,-123.49015616148,32.8365681454265,-125.008156423442
33.18023683,0.00368581648985739,0.517165942592379,0.683554287170735,0.515052753676599,-123.477161243387,32.5322605449707,-123.833337243598
33.19028283,-0.00381648692112457,0.516758200364279,0.679088135047964,0.521330702741486,-123.427428808519,32.250396566459,-122.660173280872
33.20032883,-0.0112744839032026,0.516379224677513,0.674488559617274,0.527532525328611,-123.360238184185,31.9787466497807,-121.496676932583
33.21037483,-0.0185438134888465,0.516103985866371,0.669950093011406,0.533347612376904,-123.26303203045,31.7139508528003,-120.393636930369
33.22042083,-0.0252738186423408,0.515809914972351,0.665516226715398,0.538878017445459,-123.17222280574,31.4851108418597,-119.346997029586
33.23046683,-0.0320803433644847,0.515581529689586,0.661022215151301,0.544239073284003,-123.054312068702,31.2509604222557,-118.319019819684
33.24051283,-0.0390071478481844,0.515353714529965,0.656669715016898,0.549248465374772,-122.910874938456,30.9897584002402,-117.332159362102
33.25055883,-0.0462805314306031,0.515306170423314,0.652501501229334,0.553678114094845,-122.700675409996,30.6792353993359,-116.414467469098
33.26060483,-0.0535648236938275,0.515420966021979,0.648347907152422,0.557778655685832,-122.44925604363,30.3661656998659,-115.542479269493
33.27065083,-0.0605438133075929,0.515146908481182,0.644465655650367,0.561802570339082,-122.252704900883,30.0519420272192,-114.680379933613
33.28069683,-0.0672321370702099,0.514689347705924,0.64054787347426,0.565926794639225,-122.088492704124,29.7635743375844,-113.807452673391
33.29074283,-0.0741029952550636,0.514311248771275,0.636245563781232,0.570249303419358,-121.900923118181,29.4902772396218,-112.89572692733
33.30078883,-0.0812495385503733,0.51357895603129,0.631757438198153,0.57490669476748,-121.744340292058,29.2000197193005,-111.912196562223
33.31083583,-0.088762903813387,0.512726770738306,0.626993423547424,0.579751371109344,-121.577726468352,28.8946466127256,-110.878384823056
33.32088183,-0.0964910693375197,0.511747425372611,0.622042604253126,0.584693975218314,-121.406442018328,28.5801830721367,-109.812667562636
33.33092783,-0.10424591171287,0.510639393475432,0.616802361632951,0.58986019225424,-121.243575084116,28.2821221229791,-108.703818816809
33.34097383,-0.111931101336871,0.509465693098869,0.611332583423309,0.595137470298912,-121.083476265592,28.0050893070138,-107.572870440616
33.35101983,-0.119203768678044,0.508073776906841,0.605703946692074,0.600644843242839,-120.968936733508,27.7710354802651,-106.414314092191
33.36106583,-0.12603553262995,0.506554975285121,0.599803357649496,0.606426445400401,-120.892611058505,27.5927306304775,-105.223825414803
33.37111183,-0.132745469265378,0.50502022069618,0.593717883188295,0.612235487586196,-120.816130955885,27.4358940832311,-104.025317453717
33.38115783,-0.139448316204138,0.50351371347605,0.58751138694911,0.617946986119782,-120.724172582408,27.2861421845998,-102.832727419306
33.39120383,-0.145730188809114,0.502084408791159,0.581339101506823,0.623473181121476,-120.635705651583,27.1701832845492,-101.678774253355
33.40124983,-0.151838150900419,0.500893629638319,0.575023991988451,0.628806930906903,-120.516675853038,27.0848570158687,-100.555224757452
33.41129583,-0.157855460348361,0.499649467319873,0.568825829934865,0.633931572525053,-120.397173461896,26.9943489825933,-99.4582088011497
33.42134183,-0.163847542928639,0.497908908408931,0.563424808107573,0.638586867397239,-120.318667982793,26.8261349872832,-98.4233659388952
33.43138783,-0.169741963962583,0.49639860120034,0.558817125630143,0.64226125097108,-120.18641413313,26.6106792902045,-97.5437389229601
33.44143383,-0.175546579454207,0.495246983376636,0.554584017493269,0.645252192122813,-119.993747563878,26.3854529284389,-96.7740313994955
33.45147983,-0.181970757124827,0.494064801993329,0.550828904058299,0.647591023282938,-119.737841613508,26.0677963937464,-96.0724617425581
33.46152583,-0.188685888466142,0.492912839345575,0.547018614259021,0.64977319424255,-119.446678773229,25.7301835416411,-95.3749277079248
33.47157183,-0.195638351474889,0.491544599037971,0.5431369477573,0.652005980470787,-119.157076318928,25.3700705727887,-94.6485531859395
33.48161783,-0.202510253558907,0.490179660884007,0.539215355946241,0.654186744875587,-118.863752000981,25.0206449090882,-93.9270097462253
33.49166383,-0.208674037009141,0.488735710586114,0.534999920865763,0.656785837354781,-118.634143453934,24.753057543214,-93.1672895099656
33.50171033,-0.2144482126814,0.487361960461642,0.530325206971866,0.659731353221132,-118.427076763584,24.5571918012642,-92.3650171184493
33.51175633,-0.220287479069019,0.485854677343361,0.525373992299352,0.662873160781485,-118.228299091878,24.3716282619039,-91.5189352190057
33.52180233,-0.226012288112255,0.484178300510902,0.520313805496949,0.666155659546566,-118.053828235508,24.1973974921095,-90.6476444216731
33.53184833,-0.231730682475634,0.482521342270865,0.515399336570593,0.669206671301992,-117.865683992855,24.013088634006,-89.8072251490119
33.54189433,-0.237641180437188,0.480505665394971,0.510507346555167,0.672326724143075,-117.696925306973,23.7958148882082,-88.9358459280673
33.55194033,-0.243367498808415,0.478517430634155,0.505291041154249,0.675628812908595,-117.536644614955,23.6192880076637,-88.0357803475494
33.56198633,-0.248983314403286,0.47670877134606,0.499919708219481,0.678849277678214,-117.356961508095,23.4709141965681,-87.146840433095
33.57203233,-0.254460214917903,0.474983569450678,0.494559772582828,0.681946654158995,-117.170361377085,23.3368011322397,-86.2781500013728
33.58207833,-0.259687797524823,0.473413537979415,0.489153832942582,0.684960143068267,-116.979752626811,23.2338117122519,-85.4299444706827
33.59212433,-0.264847785219918,0.471884355993922,0.483701558200313,0.68790523171938,-116.783531675679,23.1418495977378,-84.5887306636141
33.60217033,-0.269770040140493,0.470464223379494,0.478138397365083,0.690848183704405,-116.590560925794,23.0829810869876,-83.7535462145275
33.61221633,-0.274818277842557,0.46906196822765,0.472538875745678,0.693658990452128,-116.377486782042,23.0175747098593,-82.9241627624827
33.62226233,-0.279871610998902,0.467870813775779,0.4669582664544,0.696217466287345,-116.131478352939,22.9609048061063,-82.1289743159911
33.63230833,-0.284863281652587,0.467016059201666,0.461187525840254,0.698609316587755,-115.847601049801,22.9403603431364,-81.3562414601384
33.64235433,-0.289531925598244,0.466337370921455,0.455377544522374,0.700950791772299,-115.568445868653,22.958632564137,-80.6042182306946
33.65240033,-0.294027165812516,0.465883216961001,0.44935729353661,0.703263020969951,-115.277350138139,23.0186274980747,-79.8583863115167
33.66244633,-0.298541100235777,0.465425334743776,0.4433564852504,0.705469699019786,-114.979718745864,23.0769271854357,-79.1212680850774
33.67249233,-0.30286324312205,0.465129525450026,0.437488610959078,0.707482929688996,-114.675147720192,23.1502677493275,-78.4235376369296
33.68253833,-0.307152065544814,0.464930158278091,0.431675818009009,0.709333169040696,-114.357387048264,23.2285917008952,-77.7491316054952
33.69258433,-0.311054234013384,0.464780993739123,0.426079133394639,0.71111213141592,-114.065162952273,23.3255713240516,-77.1085408169597
33.70263033,-0.314644789322811,0.464763850972351,0.420623176775202,0.712789844583164,-113.783352466614,23.4447223188204,-76.5020371471175
33.71267633,-0.318131096781803,0.464736749128482,0.415156697589305,0.714462928161174,-113.510379192277,23.5735428442895,-75.8971245903812
33.72272233,-0.321469263564124,0.464718219397624,0.409627657834982,0.716170141153671,-113.249490636711,23.7201153938094,-75.2894223212943
33.73276833,-0.324904183401563,0.464672744302731,0.403994075766512,0.717847685136543,-112.980503461195,23.8666760808986,-74.6722661768214
33.74281433,-0.328176180262821,0.464581551962788,0.398281667105451,0.719608289232173,-112.731910135311,24.0303413096206,-74.0441414866386
33.75286033,-0.331181746990234,0.464607101984642,0.392688413071483,0.721286837177367,-112.493180070028,24.2128447115132,-73.4448173028138
33.76290633,-0.334211430698564,0.464757073305124,0.387027664543613,0.722850724064928,-112.236050446348,24.4061284035171,-72.856800227975
33.77295233,-0.337164718038528,0.464897037372469,0.381326698777602,0.724417453097092,-111.986359498232,24.6087244893151,-72.2667344691613
33.78299833,-0.340135933487134,0.465133575514715,0.375670595881729,0.725830494722838,-111.720657357838,24.8130056182314,-71.6973841816914
33.79304433,-0.342973903267402,0.465501656580524,0.370063076924708,0.727138520844088,-111.45092899592,25.0320026924547,-71.1514124646388
33.80309033,-0.345673351649101,0.465863786506468,0.364576933352541,0.72839860382128,-111.193020027122,25.2532474372768,-70.6206601428719
33.81313633,-0.348248211457006,0.466237591949328,0.359248403271914,0.729579519872145,-110.943140691622,25.4738792154529,-70.110944890398
33.82318233,-0.350803834938872,0.466634937202298,0.354029624584059,0.73065144199629,-110.689312832452,25.6902078550495,-69.6194248067082
33.83322833,-0.35320165538945,0.467185631144416,0.348851318148957,0.731634426819898,-110.432434310087,25.9246307503967,-69.1517320248379
33.84327433,-0.355333892423661,0.46797999811878,0.343485424681822,0.732632451702043,-110.1769479348,26.2066915911485,-68.6922206163313
33.85332033,-0.357321228586622,0.46872641977294,0.338271820287152,0.733613834798531,-109.939538946048,26.4863739507296,-68.2450691429006
33.86336633,-0.359191906010731,0.469512239440989,0.333306420831937,0.734470054872007,-109.705761723222,26.7593028120449,-67.8309120324341
33.87341333,-0.361050589258669,0.470351924339483,0.328482054883246,0.735194585729379,-109.463786055486,27.0265350394693,-67.4412096841581
33.88345933,-0.362624928147207,0.471251925252966,0.323996238445846,0.735833691743283,-109.240676911126,27.2934433483699,-67.0934591521798
33.89350533,-0.363967039925769,0.472389143073885,0.319561549510346,0.736380952651643,-109.0136370665,27.5871320006208,-66.7786089506597
33.90355133,-0.365067130465373,0.473522718537391,0.315213894179057,0.736981971420748,-108.812062819026,27.8920348015091,-66.4712817416782
33.91359733,-0.365987950318124,0.47480854290929,0.311098093788941,0.737446705764683,-108.608482655734,28.2016200870643,-66.2064533936816
33.92364333,-0.366931674833544,0.47609381403306,0.307016554950045,0.737859513206891,-108.400918965155,28.5074158413909,-65.9479574852677
33.93368933,-0.367601243574004,0.477221964196541,0.302935595847876,0.738483952012184,-108.242634869763,28.8241191813155,-65.6677669395651
33.94373533,-0.368138399503793,0.478631054132041,0.298819484193226,0.738981291168952,-108.065085068488,29.168845405972,-65.4182286891882
33.95378133,-0.368555345452858,0.480066156527289,0.294704513775142,0.739494889945696,-107.897222036564,29.523670822313,-65.1721199085477
33.96382733,-0.368773394628984,0.481501785150286,0.290877641620414,0.739967845190755,-107.747424934311,29.8714563152934,-64.9547066733079
33.97387333,-0.369057467244039,0.48296906722092,0.28730148677597,0.740267061049921,-107.581856053928,30.1980588944357,-64.7706975777841
33.98391933,-0.36916463139237,0.484554782658092,0.283682200405477,0.740573120431205,-107.421663740792,30.5470422010437,-64.5957289955957
33.99396533,-0.369109318207383,0.486437385997231,0.279865175754941,0.740818779538099,-107.244770099397,30.9388005010579,-64.436953201937
34.00401133,-0.368902099954273,0.488371906855952,0.276140407176344,0.741046959893698,-107.076309443584,31.3373147876881,-64.2939188577246
34.01405733,-0.368502652334967,0.490318259295019,0.272698591441404,0.74123496817802,-106.923390506654,31.7289698371159,-64.1803056551218
34.02410333,-0.368251886803457,0.492444020972811,0.269244379087969,0.741213126167743,-106.728683327033,32.1212308982347,-64.0944071051005
34.03414933,-0.368033061760251,0.49457581564729,0.265646456525078,0.741200639613771,-106.529477859831,32.5222076950809,-63.9980122756993
34.04419533,-0.367693506262685,0.496866862666238,0.261881899103487,0.741176549250186,-106.323960785132,32.9527746455731,-63.906007975053
34.05424133,-0.367252313101725,0.499299459822825,0.257911611272681,0.741152743172956,-106.112284051162,33.4134743143985,-63.8129853489353
34.06428733,-0.366653080708259,0.501789768863174,0.253863861412067,0.741165086968039,-105.910017658175,33.8939996124517,-63.7200227425891
34.07433333,-0.366030435383639,0.504431162924891,0.249800245746191,0.741060563967783,-105.687542113721,34.3855643694336,-63.649572574369
34.08437933,-0.365289908582594,0.507154043627806,0.245716472595343,0.740932840286478,-105.464943971873,34.8911144992321,-63.5899739007536
34.09442533,-0.36441108698167,0.510069072403144,0.241553247906683,0.740733507739704,-105.229885924344,35.4224940594302,-63.5505527981643
34.10447133,-0.363396476711904,0.513175196038924,0.237324743374561,0.740453364544983,-104.981074900417,35.978288950461,-63.5335869910104
34.11451733,-0.36228910285783,0.516353637905731,0.233219601187835,0.740090632418607,-104.726375029164,36.5348157922085,-63.5432384653259
34.12456333,-0.36115944007953,0.5195383186943,0.229214352965429,0.739665177390676,-104.466597101103,37.0852722416826,-63.5696356849533
34.13460933,-0.359910463268238,0.522703835507544,0.225381843714248,0.739221335798495,-104.215889761754,37.6295055408338,-63.6139433903612
34.14465533,-0.358625267384614,0.52599598028642,0.221648133455735,0.738639459581893,-103.943750350487,38.1750065045641,-63.69263182114
34.15470133,-0.35732449170005,0.529371544160461,0.218002548527741,0.737942995562585,-103.653329898367,38.7186566156703,-63.7994576596685
34.16474733,-0.355699602137014,0.532927282836481,0.214510756436797,0.737191589494216,-103.365788954594,39.2818895371246,-63.9480769230663
34.17479333,-0.354079338322321,0.536677637622407,0.211038234297195,0.736252537594256,-103.039483162981,39.8523941105392,-64.1374818233674
34.18483933,-0.352289868170591,0.540331778337701,0.207520994392618,0.735437594217935,-102.740528664028,40.432029776473,-64.3114957242591
34.19488533,-0.350415983921397,0.544041538166935,0.204024495734767,0.734575692561038,-102.43387638289,41.0177262357689,-64.5031829133925
34.20493133,-0.348516033990565,0.547743562312862,0.200539685899463,0.733687534564714,-102.122064155927,41.602792297212,-64.7035525280983
34.21497733,-0.346479458914958,0.551332503829852,0.197327094737477,0.732834546438124,-101.832000420709,42.1699093859463,-64.9178839368807
34.22502333,-0.344458826157543,0.555015423262257,0.194072958965973,0.731875456359466,-101.51543069539,42.7424553732357,-65.1538804845202
34.23506933,-0.342248833758573,0.558717371370596,0.190606004986433,0.731006146063588,-101.211734484559,43.3444143248498,-65.3764222839492
34.24511533,-0.339983474210714,0.562487111753566,0.187176987712201,0.730057711174761,-100.891813035743,43.9493297486326,-65.6235990791229
34.25516133,-0.337679063741967,0.566304142258952,0.184012466362246,0.728980027568647,-100.553039451757,44.5373849157397,-65.9155867282671
34.26520733,-0.335339357247604,0.570025722269296,0.181008367586353,0.727910820290408,-100.22129734245,45.1095370974118,-66.2168818242806
34.27525333,-0.333005247334841,0.573719577871643,0.178049327184077,0.726809320457259,-99.8812638105305,45.674903908237,-66.5294014106728
34.28529933,-0.330459179520929,0.577456772607974,0.175019668016949,0.725746872019972,-99.5480575110415,46.2613705552561,-66.8483111495051
34.29534533,-0.327909199552285,0.581297011537511,0.171958780597207,0.724568505389284,-99.1831082974144,46.8533136089531,-67.1965264712108
34.30539133,-0.325324347144823,0.585163971524819,0.16888906169576,0.723342021746021,-98.80305848191,47.4476649940731,-67.5619385498924
34.31543733,-0.322699831606153,0.589169341389082,0.165874088826693,0.721962666974152,-98.3847421851433,48.0442566936402,-67.9736621905097
34.32548333,-0.320208924749628,0.593276291157417,0.162678632736326,0.720434000663646,-97.9148344198531,48.6467597229402,-68.4095027114233
34.33552933,-0.31758240496915,0.597479031609121,0.159326008066086,0.71887095225441,-97.4253578473922,49.2725968648537,-68.8638316473431
34.34557533,-0.315101721685177,0.601782600308829,0.155799375711392,0.717143752315058,-96.8782675305763,49.9020068023908,-69.3478738694029
34.35562133,-0.312531892224898,0.606124288644275,0.152307209782628,0.715359823379834,-96.311217000901,50.5331259304666,-69.8625010748904
34.36566733,-0.31004585823884,0.61068829093095,0.148664234260288,0.713323434747926,-95.6626402645332,51.1737749492772,-70.4385419443333
34.37571333,-0.307317802738263,0.615361108421732,0.144756314571725,0.71128902968745,-94.9942538720287,51.8528354992199,-71.0338846279377
34.38575933,-0.304400461613874,0.620274846112668,0.140906391708889,0.709045035963688,-94.2622649968566,52.5440997010496,-71.7144572223127
34.39580533,-0.30133106937418,0.625234196758328,0.137013195506998,0.706759626811509,-93.5031633928135,53.2456045388413,-72.4316159952176
34.40585133,-0.297271438096934,0.630085065794844,0.133774081565551,0.704788618704489,-92.8492497323489,53.9612361528016,-73.1849618104711
34.41589733,-0.29359693009631,0.635252080546744,0.130461771984268,0.702307171293146,-92.0318802697722,54.6544396131947,-74.0606704235252
34.42594333,-0.290140169723255,0.640414109197131,0.126909615801012,0.699701650756553,-91.1463118962825,55.34132899376,-74.9644727043861
34.43598933,-0.286590486606703,0.645639999808664,0.123569001001864,0.696954507572053,-90.2080278911066,56.0100879878536,-75.9457343323719
34.44603533,-0.283127133143908,0.651000138942858,0.120710050320287,0.693878180465249,-89.1746630474991,56.6238571030122,-77.05314027901
34.45608133,-0.279621651549303,0.656218981684243,0.11796773293298,0.690848749039027,-88.1348450714021,57.216594298663,-78.1791224772424
34.46612733,-0.276088108744706,0.661246343420505,0.115175921904922,0.687941230437698,-87.1017764448287,57.8007177361299,-79.2956016627069
34.47617333,-0.272277924620075,0.666347496710289,0.112185648192838,0.685025638740674,-86.0252415931039,58.4122438573871,-80.4624886438821
34.48621933,-0.268320154402503,0.671547110321759,0.109164638326417,0.681991096055494,-84.8784971533513,59.0254684172118,-81.7088664888601
34.49626562,-0.264106080852514,0.676769725380015,0.106247425807779,0.678927243064384,-83.6921101257626,59.636246631561,-83.0245573312341
34.50631163,-0.259825736953921,0.681914401151945,0.102786370892523,0.675957319567353,-82.4618030349263,60.2821333518988,-84.3441722388799
34.51635763,-0.255425634177097,0.686830212656368,0.0987900975298869,0.673247741190174,-81.2344415848805,60.9677555994742,-85.6263256153551
34.52640363,-0.251156868179162,0.691691462696288,0.094898851221199,0.67043072426344,-79.940149550463,61.6174538469604,-86.9715108038513
34.53644963,-0.247103460802485,0.696404735971815,0.0910904678879386,0.667579845438295,-78.6031969005152,62.2261805750278,-88.3464984640058
34.54649563,-0.24291227769782,0.701060925010788,0.0872965225198842,0.664745456488882,-77.2239137460457,62.8284626902523,-89.7759392990702
34.55654163,-0.238686133620154,0.705875597394654,0.0836861975109108,0.661638262924966,-75.7198705228433,63.3955091087759,-91.3470216451501
34.56658763,-0.234301004020308,0.710823910377771,0.0802292734957239,0.658327936232907,-74.1039877947501,63.9374418781897,-93.0549552738289
34.57663363,-0.229953501758466,0.71575053762956,0.0765400930865163,0.654953562523576,-72.3941420777196,64.470752273261,-94.8335738718064
34.58667963,-0.225233893787039,0.720576748181938,0.0724501011429752,0.651759024420411,-70.6305493906762,65.0462126018312,-96.6641546029735
34.59672562,-0.220282291653902,0.725482883822327,0.0683616458871102,0.648441965511295,-68.7459564751469,65.6091157629478,-98.6344383929399
34.60677162,-0.215251475346966,0.730404045179385,0.0642462721245205,0.645018720398601,-66.7470113823286,66.1476189264735,-100.722371404853
34.61681763,-0.209905169238814,0.73544900087107,0.060157319510225,0.641432524864397,-64.598513100581,66.668264822759,-102.987450351606
34.62686363,-0.204482352851207,0.740606383799725,0.0561962551047119,0.637597939582411,-62.2972599981172,67.136915208727,-105.420659254139
34.63690963,-0.198825775120496,0.745677449111017,0.0528504574133057,0.63375096227637,-59.9834003184327,67.5377602069553,-107.935136005897
34.64695563,-0.193714539866068,0.750722030735085,0.0491090681807506,0.629666109168887,-57.5218386211617,67.8777042878221,-110.517505847621
34.65700163,-0.189055664561263,0.75561671259707,0.0449687536170995,0.625523101523374,-54.9746058869785,68.172615246919,-113.113760443879
34.66704763,-0.184453928137403,0.760428630080155,0.0411776745345264,0.621312679790965,-52.4235921118598,68.3938757330966,-115.736433137033
34.67709363,-0.179853005815723,0.765322268563646,0.0374988859943389,0.616869966110222,-49.7865028124347,68.5473401724856,-118.453000217913
34.68713963,-0.175469622195811,0.770206149213798,0.0337897815042309,0.612250888170534,-47.1019259762419,68.6321857453025,-121.195121126914
34.69718563,-0.171055810064332,0.77495870677025,0.03006207959665,0.607680165888719,-44.4256478707785,68.6808056101406,-123.929203640079
34.70723162,-0.166562545634121,0.779710254289097,0.0264284214846338,0.603001141198044,-41.7347017337433,68.6743280906217,-126.691267148783
34.71727762,-0.162018512194909,0.784515557518761,0.0230581499575676,0.598125123563381,-39.0582021972922,68.5920588455862,-129.46347774655
34.72732363,-0.157496635245556,0.7894470699839,0.0196506920616619,0.592943491305589,-36.3400947166471,68.4356205945342,-132.270983888498
34.73736963,-0.152440646315276,0.79443114112498,0.0159218765076832,0.587696779989748,-33.5179931152016,68.2663046664346,-135.199897390949
34.74741563,-0.147122808917474,0.799558624608594,0.0121676472855354,0.58216220529143,-30.6524487403701,68.0277758535332,-138.190575894639
34.75746163,-0.141702322544292,0.804795357748476,0.00857247339845341,0.576325773006804,-27.8288531197694,67.7014218320392,-141.159390463045
34.76750763,-0.136625451124661,0.809982426912065,0.00501387357734095,0.570295375459398,-25.1335298661335,67.2926265312126,-143.972926255925
34.77755363,-0.131521299724373,0.814937286416719,0.0013617059234039,0.564426711525549,-22.5530716116812,66.8657142869939,-146.665759266622
34.78759963,-0.126594021870641,0.819706977032087,-0.00243740889316996,0.558613000626929,-20.084080345778,66.4074919347696,-149.21960434126
34.79764563,-0.121586487329543,0.824323352413645,-0.00638638519555196,0.552871550044427,-17.6868025858107,65.9292978874323,-151.695513362951
34.80769163,-0.116706789544552,0.828799892500862,-0.0105244175304988,0.547137551352863,-15.3726261886857,65.4214141554508,-154.061282939455
34.81773762,-0.111783613815922,0.833017766830073,-0.0147916666713834,0.541633668104904,-13.1500107062405,64.9160873970801,-156.328285962711
34.82778362,-0.106607162040814,0.83715630131108,-0.0195441841614295,0.536117771615733,-10.8817723553012,64.3951359127093,-158.621108385215
34.83782963,-0.101046335987082,0.841162054851963,-0.0249209277305599,0.530674083427726,-8.52961751583804,63.8706557933938,-160.977569811022
34.84787563,-0.0955661450587951,0.844965332654429,-0.0305808504423034,0.525324195251863,-6.23226125839432,63.3299905577943,-163.248245215571
34.85792163,-0.0902634537565754,0.848603729136115,-0.0364738656514165,0.519994112405762,-4.00549709270695,62.7631744029037,-165.413070576692
34.86796763,-0.0851903563830307,0.852147521650996,-0.0427494852060211,0.514548040554055,-1.81725661508803,62.1563444189495,-167.486708133306
34.87801363,-0.0801050192888188,0.855653588567015,-0.0490834700864407,0.508950818077151,0.29515443799718,61.5021302093468,-169.478891884852
34.88805963,-0.0745773485683445,0.859395137532022,-0.0551619810256016,0.502827378447279,2.32377452867655,60.7484134644264,-171.442789355084
34.89810563,-0.0683960370372778,0.863405946828836,-0.0609313546280465,0.496124503649425,4.26966866102858,59.8882574855662,-173.401676131643
34.90815163,-0.0621413998252236,0.867324432212486,-0.0667143827925491,0.489321946006572,6.11885673421397,58.9917585184229,-175.267376701506
34.91819763,-0.0559905731200597,0.871021204566408,-0.0724253517067467,0.482640327104485,7.84227166794212,58.0911649615029,-177.003909258833
34.92824363,-0.0498739519497297,0.874813335507969,-0.0779378633667953,0.475541697843792,9.42754759252975,57.1184337331887,-178.613612386317
34.93828962,-0.0438016261880251,0.878630295526445,-0.0834081708419844,0.468116757191186,10.9068497291554,56.0894894666605,179.88511477985
34.94833562,-0.0378390256856014,0.882300282301849,-0.0888243037607427,0.460678481206428,12.2830281474208,55.0483283614517,178.49282301308
34.95838163,-0.0320069112862008,0.885819895967479,-0.0941719440846261,0.453244210647421,13.5609672580564,53.9996871759264,177.205107114747
34.96842763,-0.0259207513507955,0.889200110027604,-0.0991835683197687,0.445885522025178,14.7372424299382,52.9494971773473,175.96930619545
34.97847363,-0.0199701854621711,0.892444536812007,-0.104060172214281,0.438537821590957,15.8193786302293,51.8965222920734,174.828324086489
34.98851963,-0.0143983697991004,0.895531823805243,-0.10854601208886,0.431315664865988,16.7585074788486,50.8630550662815,173.829201677493
34.99856563,-0.00871654233965669,0.898532735117248,-0.112990773406437,0.424023620730466,17.6516486479001,49.81526658289,172.863941821941
35.00861163,-0.0034484212228166,0.901325432137624,-0.117983741139393,0.416749817756107,18.5621979158339,48.7698450570172,171.965221733481
35.01865763,0.00146940457766184,0.903752239538952,-0.122925782754514,0.410023148508357,19.4232526646949,47.7959763319795,171.140522026012
35.02870363,0.00646290127654633,0.905880972293994,-0.128110507990336,0.403640424988919,20.3070795824104,46.8565936594411,170.307407368221
35.03874963,0.0115736137968486,0.907889882281001,-0.133511464940297,0.397211155237322,21.1977262599459,45.9025737454684,169.477769750228
35.04879562,0.0165821949938342,0.909882118549099,-0.138969938972373,0.390546946237972,22.0505588678082,44.91803601059,168.702364625881
35.05884162,0.0216959317774792,0.911735378788955,-0.144528083709838,0.383900401963882,22.8957953224627,43.9284726125951,167.935631335925
35.06888763,0.0270931059424164,0.91347722962583,-0.150080378199409,0.377228305731469,23.726351339279,42.9254860585753,167.159850023458
35.07893363,0.0327435113734036,0.915119994088173,-0.15555817381033,0.370519788194634,24.530201336946,41.9092792924797,166.38338961854
35.08897963,0.0383757376994223,0.91679578001499,-0.160888236358163,0.363493845758483,25.2718375918244,40.8552933304952,165.660283792058
35.09902563,0.0437381811143704,0.918432611648835,-0.166096647171452,0.356343111580833,25.9539128275541,39.7936642306198,165.011486344893
35.10907163,0.0494815138774305,0.919961181316036,-0.171459344198364,0.349033949556584,26.6462342723003,38.6988677149552,164.334752466084
35.11911763,0.0553715839745792,0.92155450691161,-0.17661525926009,0.341289215586335,27.2753265557378,37.5515008610464,163.692814408801
35.12916363,0.0613362863209321,0.923118519441358,-0.181551568436813,0.333360296140504,27.8491897447264,36.3837603965803,163.081238891375
35.13920963,0.0671343720111909,0.924563945264622,-0.186551274347543,0.325381482648735,28.4044765800337,35.2134392634631,162.510209276743
35.14925563,0.0727779922961265,0.925925114940211,-0.191356694248922,0.31740929558919,28.9118276520594,34.051742836397,161.983988992349
35.15930162,0.0782376303367804,0.927204583796448,-0.196101328789561,0.309378088805767,29.3877244327415,32.8900448441191,161.501564717116
35.16934762,0.0833115819182057,0.928290614735552,-0.200886780790914,0.301629269494258,29.8554995585716,31.771086961774,161.065786807002
35.17939363,0.0881966424107532,0.929216162310966,-0.205511933219805,0.294182802474598,30.298471824973,30.6950016520759,160.656549762308
35.18943963,0.0929642895772215,0.92998237210311,-0.210285854616752,0.286827975952448,30.7513655571003,29.6296511399244,160.263195519013
35.19948563,0.0977023542159324,0.930581620573615,-0.215075218231274,0.279668997091238,31.204641674093,28.5863676714014,159.874061842552
35.20953163,0.102475877069311,0.930975570732143,-0.220068648606031,0.272677412375046,31.683233578638,27.5555618662781,159.476553642898
35.21957763,0.10719418032516,0.9311342054617,-0.225372349871587,0.265905628065642,32.2000350939153,26.5430713935878,159.076514391196
35.22962363,0.111733084367248,0.931220408331263,-0.230675536095889,0.259100494040461,32.7026948119702,25.5317478610795,158.709947388
35.23966963,0.11624967335419,0.931187211487871,-0.236122137988301,0.252235458566637,33.2129719836815,24.5104136659428,158.354898398327
35.24971563,0.121048635517838,0.931002996665846,-0.241521317728433,0.245454886122085,33.7201620820848,23.488613823957,157.973583021701
35.25976163,0.126098687303362,0.93080142336514,-0.24671890253683,0.238406406064979,34.1901105587247,22.4325891118117,157.589945730116
35.26980762,0.131323707024319,0.930613261671143,-0.251664294975165,0.231037061550393,34.6132470753503,21.3407225042687,157.215613884547
35.27985362,0.136837432060158,0.930323754132887,-0.256477905479383,0.223589609964732,35.0164501907655,20.2324638517375,156.822372684595
35.28989963,0.142256532763829,0.929962142345448,-0.261302602912216,0.215996394418006,35.4075034437145,19.1106134155185,156.45411029909
35.29994563,0.147674376447644,0.929592324983577,-0.26577172138633,0.208364536291028,35.7485813735687,17.992518210041,156.101327993102
35.30999163,0.15313858274297,0.929228337305691,-0.269984529479278,0.200478491278812,36.0452179541269,16.8514001619391,155.765029263528
35.32003763,0.158312864206466,0.928843501714623,-0.274068382778988,0.192544301162545,36.3164776928873,15.7184210180741,155.470515886549
35.33008363,0.163184975285185,0.928401893464679,-0.277950616698596,0.184889271536351,36.566850073769,14.6307316420176,155.204448950637
35.34012963,0.167690006593474,0.927901620121908,-0.281853449818955,0.177305605915247,36.8155445752758,13.5631122893767,154.979468265308
35.35017563,0.17216390401785,0.927356902853029,-0.285566748769521,0.169765711736424,37.0413986544409,12.5057879248757,154.76131426516
35.36022163,0.176492016169357,0.92674296050714,-0.28920620345262,0.162350932437908,37.2601529183401,11.4685487052861,154.557261764705
35.37026763,0.180543004104546,0.926065955657501,-0.292778768811011,0.155198782129803,37.4765332623435,10.4705611355737,154.375676234626
35.38031363,0.184667012336008,0.925300116925314,-0.296236008208071,0.14819586908494,37.6843478515004,9.48801381106711,154.182607645101
35.39035962,0.188931092142795,0.924374165029805,-0.299832386216476,0.141201932079261,37.9092783612759,8.49664601338028,153.974211690248
35.40040562,0.193191522545441,0.923298576356963,-0.303578804647425,0.134300721824642,38.154107065112,7.51013855870226,153.763273604239
35.41045163,0.197441569955989,0.922040677114317,-0.307545650774036,0.127567585576672,38.4295084430313,6.53443959334639,153.547361937575
35.42049763,0.20140398229019,0.920686436752127,-0.311740217516212,0.120793037387384,38.7282722053982,5.55801416355124,153.366651411772
35.43054363,0.205278413128975,0.919291882849736,-0.315897717784991,0.113893981965999,39.0182261356291,4.57187728875144,153.20409857702
35.44058963,0.209197145647161,0.917796898932939,-0.320061010096786,0.106987645912906,39.3090075081954,3.58183826485257,153.039781022749
35.45063563,0.213165794913075,0.91618941767258,-0.324228386484977,0.100166103154734,39.6032729007036,2.5971584063372,152.86927008833
35.46068163,0.217217509307461,0.914515788960149,-0.32832167673596,0.0931788708782533,39.8842396703708,1.59260739430228,152.699317071812
35.47072763,0.221170342611371,0.912769063688245,-0.33243219721275,0.0861693111215179,40.1670081302769,0.587697525122674,152.543822249831
35.48077363,0.225006304975459,0.911087003108021,-0.336194976187841,0.0791553755280941,40.4092476305019,-0.404346029134336,152.403916639904
35.49081963,0.228901028637653,0.909405293441764,-0.339714722948349,0.0719738727653986,40.618835246971,-1.41049281750417,152.265843127541
35.50086538,0.232636187351295,0.907718808117409,-0.343116421376308,0.0647926778770488,40.8158419661115,-2.40802123617815,152.146532313686
35.51091138,0.235850498442629,0.906049622252834,-0.346583315167763,0.0576942808880024,41.0257987016684,-3.37873809630894,152.083125048692
35.52095738,0.238861045100341,0.904410949179345,-0.349847466136043,0.0509213764177709,41.2232829712596,-4.30249568207508,152.030061132581
35.53100338,0.241854550714593,0.902786974518896,-0.352870468863556,0.0443225353705522,41.3988006895903,-5.20152242827144,151.972093018784
35.54104938,0.24486415285281,0.90108661378809,-0.355884997471558,0.0378196995527324,41.5777513233147,-6.09223465055336,151.909485257253
35.55109538,0.247671396944801,0.899298447974402,-0.359064120660279,0.0315299518030554,41.7850446611255,-6.95848571414904,151.863281667952
35.56114137,0.250366662603084,0.89755085140861,-0.362041227505356,0.0253998617926865,41.9749009970722,-7.798565804621,151.823294879322
35.57118737,0.253205602636081,0.895727983741926,-0.36493636851989,0.0194871461953445,42.1612711393993,-8.62098669200806,151.75934520216
35.58123338,0.256135468379579,0.893627790253978,-0.368280926393269,0.0138979703080001,42.4109320532946,-9.4287153953146,151.678038329656
35.59127938,0.259200739216125,0.891247652306602,-0.372031859889072,0.00921380894429431,42.731769074806,-10.1623688604896,151.55252436515
35.60132538,0.262113479925152,0.888860362327683,-0.3757685161319,0.00466928348444068,43.0567837959784,-10.8761867170571,151.441160095237
35.61137138,0.264871709693913,0.886404495642612,-0.379644471371059,-0.000350522151540749,43.3911794778409,-11.638468774754,151.369957258731
35.62141738,0.267626529263902,0.88397426789588,-0.383320348141625,-0.00557182489712545,43.6989050888504,-12.4169405221596,151.307499199444
35.63146338,0.270042353751596,0.881714606923944,-0.386699552527416,-0.0109514926995776,43.9727783040688,-13.1889261285397,151.288322319377
35.64150938,0.272349747147515,0.879525923712353,-0.389846099582803,-0.0167267267178348,44.2136840534312,-13.9911578877882,151.296035107933
35.65155538,0.27418419674681,0.877331841406494,-0.393176043263948,-0.0229012076516471,44.4785329684476,-14.8203559107991,151.378016452236
35.66160138,0.275528986365362,0.87536651825712,-0.396182846729133,-0.0292641135947217,44.7104900234748,-15.6376913103785,151.520791105605
35.67164737,0.276691176696769,0.873556269862407,-0.398799747124396,-0.0360582558612101,44.8933993655775,-16.4803547617787,151.697332589522
35.68169337,0.277594727875584,0.871832307059848,-0.401260559701693,-0.0428900763611744,45.0658152712152,-17.3112022895062,151.904379522484
35.69173938,0.278392107825087,0.870365556783052,-0.403155465545424,-0.0492676614757197,45.1822758580222,-18.0732335876417,152.097392482737
35.70178538,0.279027273992683,0.868972097544288,-0.404972285653566,-0.0550338251461771,45.3067868614897,-18.7622759268868,152.285061150663
35.71183138,0.279226886720944,0.867760210193042,-0.406720085409399,-0.0600277890849607,45.4464626957567,-19.3485384344356,152.492769414173
35.72187738,0.27920152586953,0.866710181036006,-0.408259386182099,-0.064685729762265,45.5723320996336,-19.8830184074581,152.710454540753
35.73192338,0.279353022235857,0.865450949401325,-0.41013868785477,-0.0688679887379137,45.7497386966057,-20.3864694786036,152.897919513357
35.74196938,0.279675681834931,0.864152999612337,-0.412040371074926,-0.072414355314424,45.9393499523348,-20.8320304076375,153.042780165215
35.75201538,0.279827283592913,0.86290537368165,-0.413968413859366,-0.0756383484424715,46.1424361893594,-21.2363991337408,153.19690344163
35.76206138,0.279921379123242,0.861545289502547,-0.416149829507144,-0.0787594759180699,46.3834409983998,-21.6347366365035,153.361214826245
35.77210738,0.279970055878728,0.860104242523784,-0.41846092423886,-0.0820238665816774,46.6431820161252,-22.0497302746129,153.541635778905
35.78215337,0.280025368727635,0.858521864328426,-0.421083974304519,-0.0849369644083553,46.9510316622846,-22.4370948284472,153.716987878328
35.79219937,0.2800076120014,0.857001216105097,-0.423576516298106,-0.0879066985867316,47.2454459576477,-22.8227499842997,153.902262368112
35.80224538,0.279874687053984,0.855619310596339,-0.425716077869399,-0.0913869570812844,47.4929473930933,-23.2459680022327,154.115193924125
35.81229138,0.279760713428409,0.854300375815379,-0.427665383195625,-0.0949059066648068,47.7178144689441,-23.6684965438186,154.324835172036
35.82233738,0.279827782170894,0.852995839196128,-0.429472390674374,-0.0982241125582234,47.9252444978061,-24.0746240585548,154.503356882995
35.83238338,0.279891052702288,0.851705884935199,-0.431248936773117,-0.101402360505122,48.1327686508443,-24.4648810636442,154.677527234656
35.84242938,0.27975430778208,0.85035145237833,-0.433328616048689,-0.104241283706423,48.390751074158,-24.8178295352326,154.871122931559
35.85247538,0.279835188207261,0.849019303322613,-0.435286856769937,-0.10669509056156,48.6335223041698,-25.1373428291459,155.021504848243
35.86252138,0.280126199420287,0.847755085408345,-0.436988525695685,-0.109003009008683,48.8403087504843,-25.4446891745871,155.135310118989
35.87256738,0.280529849381449,0.84660231967211,-0.438317570809958,-0.111558159948439,48.9940795221343,-25.7734028983767,155.236906762691
35.88261338,0.280918813124411,0.845489232122323,-0.439512354932111,-0.114286782525398,49.1303543370985,-26.116072545828,155.344789851975
35.89265937,0.280908189360316,0.844644290065135,-0.440518220083845,-0.116663234074981,49.2533356222667,-26.3957169308826,155.479540178157
35.90270537,0.28056365093421,0.844019211139221,-0.441347327801256,-0.118861874649044,49.3619006772368,-26.6343740600011,155.641136681682
35.91275137,0.280184283921666,0.843413405696867,-0.442190168650746,-0.120906777654279,49.4752154003542,-26.8552640840492,155.801285661231
35.92279738,0.279742543112197,0.84288524980385,-0.443019068329419,-0.122567003442018,49.5910156124841,-27.031635897352,155.952133675542
35.93284338,0.279235912182456,0.842433204871435,-0.443809186164351,-0.123963732413198,49.704989988428,-27.1754799594246,156.098313385746
35.94288938,0.27859323809035,0.842038771818564,-0.444576869804725,-0.125331246220769,49.8197918092442,-27.3083954287833,156.258926139664
35.95293538,0.277741690250014,0.841712441632449,-0.445376528329198,-0.126568033529946,49.9449645144804,-27.4172486281443,156.439730262256
35.96298138,0.276923442718943,0.84133695712486,-0.446272710392803,-0.127695729792465,50.0837863768,-27.5186312600593,156.615290038239
35.97302738,0.276226433766545,0.840887986565109,-0.447300737348241,-0.128562831747023,50.239543496078,-27.6019668510761,156.76960749834
35.98307338,0.275357469809625,0.840547361898724,-0.448258030649221,-0.129317957699689,50.3901917658136,-27.6622201018024,156.937029843621
35.99311938,0.27431557286197,0.840205124430911,-0.449273802033696,-0.130228131260627,50.5529766316187,-27.7310819165331,157.13394720635
36.00316538,0.273392235303361,0.839768949096664,-0.450388988963552,-0.131128015425028,50.7274794744026,-27.807354162854,157.320125477397
36.01321137,0.272347502737378,0.839295472337455,-0.451672406579005,-0.131916583497652,50.928978787562,-27.8693956128653,157.521337220696
36.02325737,0.27102049039956,0.838912031964877,-0.452992901064805,-0.132559149035575,51.1427980983233,-27.901415426524,157.75029862133
36.03330338,0.269323259040609,0.838613846907846,-0.454390464954101,-0.13312063428697,51.3762711940377,-27.9064601238026,158.021377285713
36.04334938,0.267408133740504,0.838294661764835,-0.456026280238622,-0.133397832807461,51.6484408294496,-27.8749676637118,158.312364286164
36.05339538,0.265446200626392,0.837989015299136,-0.457667477210181,-0.133615886462148,51.922509388754,-27.8338702276675,158.605824433342
36.06344138,0.263649209613974,0.83761141335283,-0.459335379815941,-0.133817873770085,52.1967197406487,-27.7996720028499,158.879912398251
36.07348738,0.262200035285595,0.836949153476748,-0.461401635849869,-0.133700360604795,52.5191187077491,-27.7594098213065,159.111391704341
36.08353338,0.261183012460354,0.835827666029157,-0.464195046257888,-0.133035731035024,52.9339781610305,-27.7017837753638,159.290337931024
36.09357938,0.260501293592335,0.834252470123125,-0.46773645755478,-0.131850287843031,53.4466389263983,-27.6251352129404,159.429459672708
36.10362538,0.259905090813493,0.832197945037923,-0.472148507935993,-0.130275517645117,54.0804545196499,-27.5328849637389,159.567497522934
36.11367138,0.259261325779181,0.829934352925128,-0.476937062820627,-0.128544050418535,54.7692070827797,-27.4302799241067,159.714141581911
36.12371737,0.258319794877581,0.828261608184671,-0.480744769507571,-0.127035658666608,55.3260225171824,-27.3103003583341,159.87145347785
36.13376337,0.257290034015991,0.827017993337521,-0.48371037758601,-0.125965660827184,55.7661588628665,-27.2104060452244,160.031859187682
36.14380938,0.256818307474395,0.825762682881912,-0.486341575527194,-0.125028878341686,56.1480305907678,-27.1480434226838,160.124078159037
36.15385538,0.2570470388209,0.824350030583882,-0.488827808328966,-0.124182207719378,56.4960140518244,-27.1320431302349,160.136793099951
36.16390138,0.25771785636156,0.822682243317548,-0.491485834650205,-0.123357640138746,56.8605797396321,-27.1484572626839,160.106590533295
36.17394738,0.258686307147124,0.820937694241108,-0.494068301322896,-0.122634458031116,57.2096349506056,-27.1916244917781,160.045926487134
36.18399338,0.259616034554237,0.819271688581253,-0.496527899403709,-0.121874771816382,57.5424652574396,-27.2265686010599,159.983686502044
36.19403938,0.260497411180914,0.817828461161194,-0.498644408831999,-0.121043217171977,57.8272862217449,-27.2437110496833,159.91147921693
36.20408538,0.261092291697769,0.816770536368566,-0.500188085938605,-0.120534579359146,58.0366339409559,-27.2638429858645,159.869540934004
36.21413138,0.261722286795447,0.815845224849559,-0.501442504259602,-0.120222413079236,58.2045349428413,-27.2995851914619,159.824633308643
36.22417738,0.262562411304739,0.814962907087052,-0.502522380171933,-0.119865331386513,58.3432571749265,-27.3392749545279,159.747900602991
36.23422337,0.263267289711485,0.813959612239663,-0.503814057856628,-0.119714155038846,58.5161254976375,-27.3974645964759,159.704908702391
36.24426937,0.263451494683917,0.812865696934905,-0.505531754798214,-0.11950026604983,58.7606729783425,-27.4285118122599,159.731403606368
36.25431538,0.263215215188517,0.811741808814442,-0.507580864676648,-0.118973325287758,59.0604175226143,-27.410163083168,159.79892983717
36.26436138,0.263041756277192,0.810437285022512,-0.509882606930801,-0.118406793088065,59.395897688108,-27.3976514354757,159.865793178293
36.27440738,0.262800824426992,0.809069399960266,-0.512362884565128,-0.117587019898157,59.7580079544774,-27.3594216857216,159.931908355856
36.28445338,0.262671950457504,0.807715511171173,-0.514798958022249,-0.116538115119252,60.111046833874,-27.3036252886878,159.97076957894
36.29449938,0.262919649120622,0.806232803281751,-0.517218123612549,-0.115530678286998,60.4554133961139,-27.2750697473104,159.969363628508
36.30454538,0.26334958114383,0.804670170520528,-0.5196301641632,-0.114618529381424,60.7964765524551,-27.2677299072332,159.952845948089
36.31459138,0.263590021166848,0.803202477300494,-0.521951346173198,-0.113810691183194,61.128707330317,-27.2573780366426,159.959978125355
36.32463738,0.264346000066989,0.801598869717821,-0.524248983801079,-0.11279825929167,61.4480025275277,-27.258394276972,159.897675950894
36.33468338,0.265769407018887,0.799746493225778,-0.526673135718439,-0.111299492264818,61.7726951280577,-27.2561908394246,159.738147319885
36.34472938,0.266930340990098,0.797431986385566,-0.529964735040528,-0.109488811124713,62.2294996704065,-27.2289389523995,159.619111095064
36.35477537,0.267862522637343,0.794150761806797,-0.534718713959492,-0.107935783823299,62.9094359211274,-27.2514734320438,159.590822407219
36.36482137,0.269235591040836,0.789883021726542,-0.540602101558084,-0.106519370520214,63.7538656079276,-27.3467419910889,159.562594540449
36.37486738,0.270756959582296,0.785381182878074,-0.546589577546911,-0.10538927903671,64.6181322628909,-27.4857103810445,159.540854544673
36.38491338,0.271742962710639,0.78199822785498,-0.550977905604467,-0.105156461449739,65.2608005777855,-27.6399004585679,159.576950936505
36.39495938,0.272967503814733,0.779088480124161,-0.554427225516547,-0.105452992394731,65.7643443122603,-27.8394540391979,159.58814547799
36.40500538,0.274570941748988,0.775973108987026,-0.557817238248375,-0.106378854990261,66.2599357492556,-28.126191092634,159.597939135036
36.41505138,0.275970261765763,0.772845179436391,-0.561154956491657,-0.107962299196136,66.7591300037718,-28.4636061152938,159.67224759085
36.42509738,0.277270875648226,0.769487245218666,-0.56484262355215,-0.10937573579994,67.3166239506477,-28.78702947869,159.763223632329
36.43514338,0.278692181855253,0.765906804628883,-0.568810572132684,-0.110326639693332,67.9162568095283,-29.0810240686449,159.826055868125
36.44518938,0.279944282104831,0.762490863671864,-0.572595889501138,-0.111233219229452,68.4943529174699,-29.3549450899088,159.900496602335
36.45523538,0.280650921126402,0.759532242576444,-0.575919077518733,-0.112530214198996,69.0167425700715,-29.6173467956862,160.04371472654
36.46528137,0.28139840361133,0.756694012793057,-0.578977134531395,-0.114081493406909,69.5035411680153,-29.9005491731677,160.19194685089
36.47532737,0.282511614935833,0.75371734938971,-0.582019360341231,-0.115545700237097,69.9853019400026,-30.2008028192231,160.298057909241
36.48537338,0.283037936615635,0.750648109448161,-0.58547328716054,-0.116781729049097,70.5428044799431,-30.4473424530845,160.471420945281
36.49541938,0.282993912896471,0.747240203822913,-0.589716105548439,-0.117394369162317,71.2314638882711,-30.6116034287563,160.698828494384
36.50546508,0.283261955243039,0.743117085645973,-0.594835324335619,-0.117092265566369,72.0491674337648,-30.7314594136969,160.870012263919
36.51551108,0.284267891728553,0.738559103852808,-0.600134317137223,-0.116451780761736,72.8866051701648,-30.8779425160017,160.950505462465
36.52555708,0.285643083466219,0.734408234914804,-0.604576982599253,-0.116358263429871,73.5933992969776,-31.0840807429419,160.997013868647
36.53560308,0.287585153664814,0.729969131819748,-0.608887230281981,-0.117030708711201,74.2888918609046,-31.4041507308452,161.038128839386
36.54564908,0.289813634880914,0.724878314567487,-0.613693452934221,-0.118067065401762,75.07670142923,-31.795023255835,161.104603166886
36.55569508,0.29226227704075,0.720309187205603,-0.617644462701215,-0.119384898294074,75.7322794725785,-32.2094904766447,161.136109647618
36.56574108,0.294309342583726,0.716172154072653,-0.621101651804795,-0.121293836299404,76.3279784396909,-32.6378075582041,161.235801641283
36.57578708,0.295854784852838,0.711837504614253,-0.624938331679817,-0.123326375530466,77.0048565749925,-33.0491773017609,161.421222830258
36.58583308,0.297029083254102,0.707449780042647,-0.62899223395535,-0.125129141460718,77.7276634256662,-33.4152647240326,161.644615297149
36.59587908,0.297811048860235,0.703139537535372,-0.633049571144097,-0.127088986169475,78.468140890745,-33.7645177765335,161.927266808285
36.60592508,0.298527413983632,0.698755039879953,-0.637142766745725,-0.129119603957777,79.2268528278724,-34.1149551536946,162.231221554991
36.61597108,0.299339609508762,0.694249456216298,-0.641270896902443,-0.131092057381262,79.9993642087144,-34.4673654393337,162.530224507491
36.62601708,0.299942974116498,0.689563119590993,-0.645661715747039,-0.132882900317075,80.8264569566038,-34.7910774647464,162.857124531575
36.63606308,0.300179195287263,0.6848534846881,-0.650227332424386,-0.134434264216844,81.6923610404737,-35.0649732494278,163.217619267109
36.64610908,0.300417138663182,0.68030036379655,-0.654558523421975,-0.135993004347107,82.52600383737,-35.3320018679061,163.572273093989
36.65615508,0.300705233459914,0.675715030977982,-0.658762874749203,-0.137902263695738,83.3568008101607,-35.6302484119869,163.951879820693
36.66620108,0.300851983653252,0.671314953506994,-0.66272019419825,-0.140093759074558,84.1625208758571,-35.9341768303203,164.362910252025
36.67624708,0.300689763690157,0.66707172371509,-0.666630052088443,-0.142145541907919,84.9670275352217,-36.1953524449665,164.795771324233
36.68629308,0.300642201076654,0.66261676352403,-0.670599014943473,-0.144396166104119,85.7994854009199,-36.4826520247728,165.246470014788
36.69633908,0.300445356291716,0.658072381943325,-0.674708641475891,-0.146429427110606,86.6625892863528,-36.7374070741873,165.707835110241
36.70638508,0.300263995433223,0.653767786465257,-0.678507370336527,-0.148515867252652,87.4784429922668,-36.98833737565,166.160322612517
36.71643108,0.300969490276809,0.648876680284848,-0.682485805215145,-0.150298188228828,88.3255304045232,-37.2910971234795,166.52149037657
36.72647708,0.301300718640102,0.644168938930994,-0.686368052797991,-0.152194451810079,89.170761923343,-37.5666758428458,166.929653013973
36.73652308,0.300804451016271,0.639678416467542,-0.690239504343023,-0.154588590777832,90.0476034282642,-37.8087851137855,167.468099958378
36.74656908,0.300587387252667,0.634890844933488,-0.694180194948841,-0.157081808574533,90.9551770589674,-38.0816072752289,168.004462395455
36.75661508,0.300274367720635,0.630146820120341,-0.698060807561419,-0.159566281303084,91.8631160344848,-38.3394993791227,168.553226393344
36.76666108,0.299581379477227,0.625586507344579,-0.701799630711021,-0.16238779890376,92.770622274721,-38.5844474182504,169.168159684677
36.77670708,0.298917866656659,0.620968709731817,-0.705506487677773,-0.165246985969506,93.6867489172685,-38.8293835027177,169.791054311981
36.78675308,0.297971957433039,0.616278099942127,-0.709342277566796,-0.16807007280178,94.6398463643159,-39.0415665644111,170.452271925619
36.79679908,0.297151323078921,0.611456932934346,-0.713222063415028,-0.170692116446481,95.6050594656208,-39.2430593066909,171.093315623567
36.80684508,0.295794637252514,0.60674429089188,-0.717129548133028,-0.173470773438301,96.5940234132213,-39.4015154854883,171.805273257112
36.81689108,0.294315103617096,0.602054091998826,-0.721010341082982,-0.176220254629626,97.58675340473,-39.5385108573358,172.52903050147
36.82693708,0.292965770057598,0.597518907941874,-0.724615582992683,-0.179093464734709,98.540591450455,-39.687398897928,173.241931806297
36.83698308,0.291321164314191,0.593158551007726,-0.728077485577968,-0.182203423632771,99.4864521405063,-39.81865404784,174.000213726925
36.84702908,0.28912539869348,0.589181455965183,-0.73139347313663,-0.185297877025673,100.402230806823,-39.8871085852569,174.792494861848
36.85707508,0.286897431163004,0.585212350445108,-0.734688627229856,-0.188279021395619,101.314321624461,-39.93565985666,175.576511663484
36.86712108,0.284324847109063,0.581175286321774,-0.738143719368118,-0.191150509919836,102.25758057463,-39.9358188664119,176.389028017929
36.87716708,0.28136259102638,0.577359932448901,-0.741534082946188,-0.193953098976736,103.181488522166,-39.8844498317743,177.217570664669
36.88721308,0.278382933828585,0.57349481320472,-0.744907201879809,-0.196773732921511,104.108785210821,-39.8243635996506,178.049058920217
36.89725908,0.274923672516801,0.569544425388121,-0.748499865894374,-0.199459450904924,105.072164046444,-39.6996189632092,178.914809826828
36.90730508,0.271189432835858,0.565698545566273,-0.752112011290015,-0.201913272311793,106.020207940011,-39.5219474524311,179.769730536372
36.91735108,0.267538596424889,0.561803519960662,-0.755689645967505,-0.204286718511795,106.959165678376,-39.3377278238191,-179.396492293349
36.92739708,0.26420455986356,0.557464940625574,-0.759504254624256,-0.206354252992958,107.940031924081,-39.153450554431,-178.604568535628
36.93744308,0.2613081424398,0.553169915093183,-0.763086015353263,-0.20837666112773,108.877817691152,-39.0011934276376,-177.867095527729
36.94748908,0.258756865702517,0.548856455905153,-0.766449102626817,-0.210611605438994,109.795977523212,-38.8908682294922,-177.142253345352
36.95753508,0.255855930561063,0.544165121026966,-0.770097290635054,-0.213007574539002,110.791538215887,-38.7475778932906,-176.352420933487
36.96758108,0.253000725343925,0.539748785322431,-0.773540958467926,-0.215165674053578,111.723770266148,-38.585637388745,-175.61501403005
36.97762708,0.24950470072388,0.535786056306802,-0.77677378699884,-0.217492965438823,112.60382484585,-38.3655762420143,-174.839518295349
36.98767308,0.245331320403812,0.53203557678686,-0.779965924766328,-0.220008737247869,113.471398915197,-38.0831988357722,-174.009321983492
36.99771908,0.240966568706454,0.528375910216808,-0.78308870120355,-0.222544593993508,114.319137574891,-37.7756215339462,-173.177069932781
37.00776508,0.236386675547832,0.524880983498211,-0.786085172765407,-0.225147493754151,115.136038834667,-37.444409186394,-172.340560632541
37.01781108,0.231391645107759,0.521692221336519,-0.788952885802041,-0.227702605948909,115.902794829013,-37.063198470132,-171.506159351728
37.02785708,0.22595483748721,0.51870516511341,-0.791785012074252,-0.230143124501633,116.633866956905,-36.6245037477954,-170.675206240491
37.03790308,0.220270878401368,0.515796364324652,-0.794630430589785,-0.232373254610881,117.338464169305,-36.1415714076886,-169.867399539144
37.04794908,0.214679107905606,0.51302934992658,-0.797358410919532,-0.234378606700022,117.995256496548,-35.6504428352756,-169.111670906265
37.05799508,0.209086280230979,0.510415362892259,-0.800008003097103,-0.236106500806992,118.605219737038,-35.1392907669891,-168.407155118429
37.06804108,0.203535833454925,0.507925185016581,-0.80258123925241,-0.237588984015985,119.173613049054,-34.6152588470612,-167.750861646799
37.07808708,0.198159809403422,0.505589681534846,-0.804977205077852,-0.239005153015042,119.698097194574,-34.1045905726623,-167.131392321054
37.08813308,0.192864619226043,0.50338837018622,-0.807258126842077,-0.240286712199146,120.184049244237,-33.5935743964638,-166.548160819889
37.09817908,0.187678298688091,0.501326738131085,-0.809439115388955,-0.241364198494174,120.629713540546,-33.0816039263212,-166.010004250906
37.10822508,0.182692644037391,0.499465405440122,-0.811393206187796,-0.242484579995203,121.031413382283,-32.5949451450017,-165.495909239227
37.11827108,0.177652610643664,0.497892852428629,-0.813107500226058,-0.24371797329722,121.383290108627,-32.1130975731366,-164.985008955249
37.12831708,0.172563886996914,0.496493542435762,-0.814701612495248,-0.24490232710562,121.699580368616,-31.6252361683295,-164.490328161867
37.13836308,0.167736627442243,0.495189252856705,-0.816129653502129,-0.246139018329104,121.990558402392,-31.1687540797118,-164.014504405199
37.14840908,0.162791029131974,0.494088156915793,-0.817408046601557,-0.247426876835833,122.246170759861,-30.7061209302668,-163.539232401536
37.15845508,0.157611072981277,0.493141790538264,-0.818640763816016,-0.248590474308924,122.471107268879,-30.2142179896477,-163.075530672069
37.16850108,0.152441764334121,0.49212313615844,-0.819949080197374,-0.249519204126181,122.693686178912,-29.7078263763688,-162.640793575696
37.17854708,0.147387075855964,0.4910338390988,-0.821341326332153,-0.250122458786617,122.911146580435,-29.1926303041056,-162.250976135345
37.18859308,0.14218445625074,0.489694101434915,-0.822924569180862,-0.250556222950111,123.155440016447,-28.6466124084965,-161.867272940397
37.19863908,0.13666843733675,0.48824042355119,-0.824708023908019,-0.250598687842167,123.402542671599,-28.0426012465918,-161.511305507552
37.20868508,0.13086894616499,0.486998912959956,-0.826396436429279,-0.250548014485195,123.610794289053,-27.4085640962578,-161.162659370434
37.21873108,0.125000560748339,0.485702941188399,-0.828010164138993,-0.250732289137353,123.823638368354,-26.7800223483366,-160.786536684429
37.22877708,0.119065902249955,0.484445929431977,-0.829622955857496,-0.250721366246406,124.019166018404,-26.1346068998551,-160.434489123349
37.23882308,0.112942245327379,0.483241730170346,-0.831240364342931,-0.250521328691615,124.196021406498,-25.4605177215252,-160.099487714188
37.24886908,0.106890536938363,0.481956031542979,-0.832908426416584,-0.250112674562128,124.372591762187,-24.7807256749658,-159.792858883452
37.25891508,0.101153157707471,0.480858919856828,-0.834402417401599,-0.249630414241332,124.514443326356,-24.1344285732965,-159.51954665575
37.26896108,0.0956288571084192,0.479804168216109,-0.83569705717226,-0.249506533950936,124.650585535647,-23.5320543207094,-159.221232985132
37.27900708,0.0900763475754363,0.478973575937541,-0.836892586679949,-0.249161320275075,124.746018995048,-22.9203951001894,-158.954650854832
37.28905308,0.0846485887860589,0.47850447126589,-0.837856738595959,-0.248725095204369,124.785326811076,-22.3261829736883,-158.715821872758
37.29909908,0.0791999985227926,0.478143195691309,-0.838675394665348,-0.248455281753103,124.807668106369,-21.7427918522035,-158.46141918354
37.30914508,0.0736230998651318,0.47785319225986,-0.839505765506907,-0.247923446841909,124.810919412155,-21.1343491639523,-158.232048025321
37.31919108,0.0681762526032099,0.477760037719682,-0.840175549066201,-0.24739117140751,124.783700183154,-20.5452654258704,-158.014489718232
37.32923708,0.0628721771890607,0.477628950520698,-0.840806232110794,-0.246905963888387,124.759163167958,-19.9735013547979,-157.798217332526
37.33928308,0.057735437047288,0.477382446965304,-0.841557752952771,-0.246075531257092,124.742833419218,-19.3974825130239,-157.625621140077
37.34932908,0.05281100563515,0.476853620299138,-0.842373662426493,-0.245414415512998,124.765039666799,-18.8460663209524,-157.439219406111
37.35937508,0.0478891039602176,0.476410008759322,-0.843097652349243,-0.244798868214346,124.772932130167,-18.3004337915231,-157.250216919432
37.36942108,0.0429315648810794,0.476190762244561,-0.843723122895472,-0.243988791917411,124.744654122147,-17.7470417685212,-157.085331447513
37.37946708,0.0380742761651968,0.475888495542715,-0.844342676198586,-0.243240486873375,124.72611216022,-17.2058852120992,-156.917006034907
37.38951308,0.0332328027499438,0.475546424807373,-0.844972222961398,-0.242431683362515,124.709253338013,-16.662683368903,-156.755190996434
37.39955908,0.0283674688792104,0.475276059051161,-0.845568581977568,-0.241498918371554,124.678204952012,-16.112877693711,-156.606732913061
37.40960508,0.0237357612162398,0.474955387005022,-0.846137036812027,-0.240636881897515,124.654606412071,-15.5899564053529,-156.461222898693
37.41965108,0.0196392777569405,0.474209098476453,-0.846806689789288,-0.24012176040385,124.695092081185,-15.1292401278529,-156.297984881867
37.42969708,0.0161582348169868,0.473646226296438,-0.847332241801747,-0.239637717744867,124.717663562159,-14.7374302442909,-156.165704187262
37.43974308,0.0129202339257303,0.473486491401443,-0.847676065064404,-0.238932833098724,124.686789647575,-14.3690879435841,-156.075895999523
37.44978908,0.00982025665779229,0.47336988224213,-0.847967540808659,-0.238276240695884,124.651510509424,-14.0187912556355,-155.988281264748
37.45983508,0.00718265185240734,0.473560177742714,-0.847993922573586,-0.237898034558755,124.584377691441,-13.7390210949154,-155.898565873521
37.46988108,0.00427308350797404,0.474240961781657,-0.847655455819309,-0.237818164036104,124.450823991852,-13.4625904636474,-155.770054592055
37.47992708,0.0011668688150024,0.474933504007947,-0.847399452291622,-0.237383599778421,124.308482552955,-13.1476042347049,-155.66890319399
37.48997308,-0.00213857500569573,0.475742762009338,-0.847082235101559,-0.236888028123031,124.146156792733,-12.8131577969206,-155.564855599366
37.50001971,-0.00517268300430337,0.476890246561221,-0.846548451509538,-0.236441653124229,123.943332082661,-12.5185439044792,-155.473040054126
37.51006571,-0.00806460508882693,0.478118779032407,-0.845961725282662,-0.235979140260539,123.731228190969,-12.2400183182214,-155.390172762163
37.52011171,-0.0109681759247626,0.478678935937693,-0.845761365629683,-0.235444022677696,123.604874902813,-11.937892120332,-155.304526668165
37.53015771,-0.0137360951327702,0.479355159171318,-0.845560489229075,-0.234643154856542,123.462797772391,-11.6378747704656,-155.25477186977
37.54020371,-0.0162476701832061,0.480158658019811,-0.845290484062105,-0.233811192837905,123.307735986121,-11.3653766702735,-155.222346454789
37.55024971,-0.0182717903717768,0.480432472094397,-0.845394205169612,-0.232721763699737,123.22813490716,-11.1115894765029,-155.235303112793
37.56029571,-0.020028693074264,0.480544581130414,-0.84561676409738,-0.231534112556677,123.173529827168,-10.874111098165,-155.27021566491
37.57034171,-0.0213129325083284,0.481364037661198,-0.845397904137982,-0.23051422045833,123.036317112447,-10.7128330217174,-155.320095191973
37.58038771,-0.0221224211748106,0.482464110291941,-0.8449545268938,-0.229762547520793,122.872930328603,-10.6214595608873,-155.369480602386
37.59043371,-0.0223260090575049,0.483493497683647,-0.844658923525225,-0.228663267549483,122.727298510244,-10.5677862825032,-155.486264870835
37.60047971,-0.0223414058025528,0.484553891500727,-0.844313688994076,-0.227690101663384,122.581824271812,-10.5404672638426,-155.599917838794
37.61052571,-0.0222807442553779,0.486149703518168,-0.843601787649204,-0.22693183575623,122.369024235147,-10.5476705296515,-155.70110109075
37.62057171,-0.02261478264968,0.487483063004383,-0.842969511191185,-0.226387362923964,122.184835463394,-10.5208234640764,-155.755762592339
37.63061671,-0.0214727671150356,0.489259750123118,-0.842410467450595,-0.224740787378611,121.960821583665,-10.5874167864806,-156.009745195001
37.64066271,-0.0204181963090934,0.490349011777208,-0.842031691226353,-0.223882949058399,121.830162214012,-10.6713954366082,-156.168706071586
37.65070871,-0.0207378588553532,0.49040239120351,-0.842105254647259,-0.223459562354022,121.81483069761,-10.6170176225745,-156.196440799279
37.66075471,-0.0214591830633142,0.490484303221149,-0.842278094798476,-0.222558448005392,121.785698230973,-10.4963944953978,-156.252819005293
37.67080071,-0.0219019066760791,0.490923844549733,-0.842189700525076,-0.221879682859755,121.715880717758,-10.4257364542197,-156.304951693384
37.68084671,-0.022202480695353,0.490481571115561,-0.842632207506096,-0.221146650710307,121.764007685764,-10.3417827760446,-156.360252599478
37.69089271,-0.0219621074074338,0.48966947212604,-0.843258412935024,-0.220582689530105,121.871057799413,-10.3106884608492,-156.422831927359
37.70093871,-0.0216505938376788,0.489107447834172,-0.843580817114603,-0.220627652971874,121.950432117804,-10.3285937262892,-156.428482622653
37.71098471,-0.0219133042055711,0.488765094236842,-0.843601662464707,-0.221279743404649,121.995108606807,-10.3310528589402,-156.342389054349
37.72103071,-0.0223031534215139,0.488840979665578,-0.843251479601698,-0.222405054116587,121.985817352713,-10.3596875685361,-156.204750408394
37.73107671,-0.0225510875191399,0.488951042540597,-0.842888373691149,-0.223511780330382,121.974369496151,-10.4021781845602,-156.077009512052
37.74112271,-0.021910370397828,0.489056008360072,-0.842777440864804,-0.223764030901562,121.973421842773,-10.4824974871893,-156.086146060235
37.75116871,-0.0204935099742491,0.489383423553791,-0.8425396437411,-0.224077730987097,121.957003973723,-10.648694764859,-156.132988708337
37.76121471,-0.0191433907005035,0.489901657269711,-0.842066319053893,-0.224842636330181,121.917197745413,-10.8396801111839,-156.131336405971
37.77126071,-0.0185948567470976,0.490255272729488,-0.841652384768084,-0.225666262604067,121.885724334923,-10.9508781578669,-156.07871516457
37.78130671,-0.0174230345068857,0.490711486679627,-0.841469756664078,-0.225449159077915,121.843927313523,-11.0659678293449,-156.169716707889
37.79135271,-0.0159774152077544,0.491488084224499,-0.841105111061172,-0.225225170474758,121.764098317023,-11.216311094918,-156.280159320186
37.80139871,-0.0143609595809026,0.492569169830541,-0.840439354978663,-0.225457460234557,121.649651848705,-11.4181440818383,-156.356065954382
37.81144471,-0.0131216813788673,0.493380651248364,-0.839974258126327,-0.225491907031402,121.562725893125,-11.564031727437,-156.429335099217
37.82149071,-0.0108032431031751,0.495525224453004,-0.838957043484991,-0.224697843906383,121.309776475588,-11.8037422243668,-156.665011703445
37.83153671,-0.00989712889361504,0.497558412938535,-0.837616112360606,-0.22524857572836,121.058411647228,-11.979907353053,-156.683305152227
37.84158271,-0.0110082593568796,0.49871434374734,-0.836662158478951,-0.226184115569449,120.895018257315,-11.9572692101463,-156.540727793229
37.85162871,-0.00974941281903055,0.501664312406287,-0.835293753301231,-0.22477146683588,120.511646288622,-12.0773726953033,-156.796181956542
37.86167471,-0.00737863851245181,0.505407581174997,-0.833383884432868,-0.223562147404531,120.038323951622,-12.3381871495228,-157.10330299212
37.87172071,-0.00833836419336306,0.507801689838521,-0.831426350951251,-0.225384423649037,119.718091162244,-12.4176223959101,-156.894213966122
37.88176671,-0.0108678898981074,0.509839426527001,-0.829576005897306,-0.227484721612803,119.423730861888,-12.352753216411,-156.564207914343
37.89181271,-0.0128169168888097,0.511541283230635,-0.828385579712647,-0.227900358745578,119.169393852348,-12.2352555737535,-156.436070501327
37.90185871,-0.0137412333044904,0.51250635424359,-0.827883351516174,-0.227502904705771,119.02303893872,-12.1482026061533,-156.438826610051
37.91190471,-0.0138568130891659,0.51296925600811,-0.827648863145932,-0.227305720242024,118.957766524215,-12.1378554802408,-156.459091365644
37.92195071,-0.0141674061528853,0.513158843986338,-0.827443343886115,-0.227606674111435,118.929754649686,-12.1312191724553,-156.41312729341
37.93199671,-0.0147518707634407,0.513069497852627,-0.827393724632733,-0.227951084929651,118.93523029565,-12.0929521964524,-156.343514131024
37.94204271,-0.015618055439909,0.512825731569132,-0.827454722579082,-0.228220348493366,118.95640364451,-12.018532619214,-156.263817566279
37.95208871,-0.0172952014462141,0.512408526630765,-0.827492397357773,-0.228898908162772,118.990686255358,-11.8854803443316,-156.09405743632
37.96213471,-0.0192861952495522,0.512024206704685,-0.827554196443036,-0.229375906255988,119.013404773285,-11.7107659653092,-155.928134115487
37.97218071,-0.0204306169965189,0.512039813708477,-0.827683884156445,-0.228773265427215,118.988427511678,-11.5639683809386,-155.926617183763
37.98222671,-0.0211645035870351,0.512488209333045,-0.827627139880773,-0.227906157036827,118.910467440499,-11.4531035293719,-155.980913819838
37.99227271,-0.0219617106286508,0.513146384229646,-0.827245741519021,-0.227734395199648,118.808099296846,-11.3841817900093,-155.96228817755
38.00231871,-0.0228703461635464,0.51366333278341,-0.826692256034474,-0.228488165192053,118.728866137711,-11.3568193741956,-155.839882380722
38.01236471,-0.0235244442563063,0.514097133584148,-0.826128526398092,-0.229482887454186,118.666481413464,-11.3665236033775,-155.705815894036
38.02241071,-0.0238486490101719,0.514570712236837,-0.825594435975696,-0.230308600218134,118.603134841213,-11.3990739756618,-155.608282554866
38.03245671,-0.0239733891353437,0.515071595467502,-0.825078487107476,-0.231023847834731,118.538744870752,-11.4450354254061,-155.53376400619
38.04250271,-0.0236909467979622,0.515735041897884,-0.824473989609445,-0.231729898925212,118.459408848847,-11.5344632001878,-155.485302137153
38.05254871,-0.0231673358778064,0.516680378620183,-0.823585759521959,-0.232832896322378,118.349000920382,-11.6796684078738,-155.413232128387
38.06259471,-0.0226962204884241,0.517476668558083,-0.822739879049512,-0.234097993359968,118.258756091772,-11.825654702712,-155.319657689595
38.07264071,-0.0222892789837325,0.518047263162643,-0.822115915964609,-0.235065186469101,118.195666644879,-11.9408051097776,-155.250339617937
38.08268671,-0.0216975224621383,0.518858438130523,-0.821464994382662,-0.235606455140033,118.100320361059,-12.0546915441209,-155.238835230012
38.09273271,-0.0206798070651553,0.520196672865527,-0.820539122143433,-0.235973125909432,117.939680005275,-12.2142386295941,-155.276927416932
38.10277871,-0.0192215854694858,0.521986291283685,-0.819345398901527,-0.236292106645229,117.724472628245,-12.4263368092529,-155.351741862681
38.11282471,-0.0176061367293996,0.52396571808276,-0.817992431063064,-0.236724170601614,117.485966898037,-12.6660032343819,-155.427339297597
38.12287071,-0.0166925196345319,0.525382344576651,-0.816821036190281,-0.237693387860133,117.315611346734,-12.8553376183014,-155.400055140618
38.13291671,-0.0161261463821317,0.526194753465358,-0.816129004940518,-0.238311720490607,117.218862454612,-12.9719918838892,-155.380603222811
38.14296271,-0.0156178688565632,0.526715145258183,-0.815918833564389,-0.237915310484545,117.153201072388,-13.0111912438676,-155.458307333689
38.15300871,-0.0151283731204493,0.527188372951041,-0.815947824379527,-0.236796747533152,117.088200430572,-13.0019995118027,-155.608701232822
38.16305471,-0.0147508606733534,0.527409905128107,-0.816057216898962,-0.235948771620613,117.057607750805,-12.9916084720745,-155.721026246805
38.17310071,-0.0146111838304248,0.527244915119319,-0.816199712835488,-0.235833291871957,117.081298113509,-12.9930299246881,-155.738514550372
38.18314671,-0.0148112982489524,0.526696392746928,-0.816485675906578,-0.236056510926797,117.154410715206,-12.9719376404167,-155.69593110959
38.19319271,-0.0151360880036923,0.525991049890809,-0.816888712865777,-0.23621419319593,117.246354580634,-12.9302136831709,-155.650673971822
38.20323871,-0.0152404260554136,0.525431923370379,-0.81732775602782,-0.235932961969034,117.318532271157,-12.8865080176296,-155.665501095072
38.21328471,-0.0149047029894737,0.525155972286037,-0.817733844799069,-0.235160399878965,117.355421545291,-12.8627073536252,-155.76034976921
38.22333071,-0.0145237356511681,0.524885863201687,-0.818121237708743,-0.234438759857814,117.392551477811,-12.846675951562,-155.852614630726
38.23337671,-0.0144321197165043,0.524480808100921,-0.818504386276639,-0.234013173774888,117.445725082981,-12.8174412806203,-155.89583320963
38.24342271,-0.0148698758891025,0.523857498981249,-0.818912711690473,-0.233953367541292,117.523064289748,-12.7538040848297,-155.867936371667
38.25346871,-0.0157944242435082,0.52300259246019,-0.819403763776395,-0.234086087480257,117.625526764476,-12.6486161580131,-155.789161323412
38.26351471,-0.0163328261289111,0.522500415654884,-0.819754373762537,-0.23394298691841,117.684036437247,-12.5735563483052,-155.766052095903
38.27356071,-0.0162924777822961,0.522400078302319,-0.819891496264671,-0.233689211797044,117.69639239624,-12.5588569411045,-155.793106692306
38.28360671,-0.0160437450291398,0.522407660013652,-0.81989379194589,-0.233681417603305,117.699179210719,-12.5825256430216,-155.808197873982
38.29365271,-0.0159840538471444,0.522162919885857,-0.819964473699901,-0.233984309279343,117.735390717877,-12.5999944979785,-155.776862498091
38.30369871,-0.016351814046279,0.521858813082918,-0.819947902529972,-0.234694342756241,117.775913631054,-12.5997715982329,-155.678300871681
38.31374471,-0.0167930862158086,0.521607804802997,-0.819896881932686,-0.235398371321909,117.808008385526,-12.5935899197292,-155.57692069272
38.32379071,-0.0168851076739768,0.52143780877146,-0.819942693235873,-0.23560875308774,117.831046698947,-12.5928223204528,-155.54753997302
38.33383671,-0.016557805709394,0.521455801035852,-0.819964388162444,-0.235516642260238,117.833117148294,-12.6191503660622,-155.575920322738
38.34388271,-0.0162233429198338,0.521449319525825,-0.819974825713365,-0.235517930329936,117.839269040153,-12.6512365056748,-155.594708641584
38.35392871,-0.01622271030656,0.521405425652511,-0.819939947030719,-0.235736482186563,117.84681037167,-12.6635331795008,-155.57153544961
38.36397471,-0.0164017137439266,0.521474594032747,-0.819847534859073,-0.235892456747022,117.835790181125,-12.6579410358655,-155.546232739648
38.37402071,-0.0165322592376847,0.521503345093633,-0.819852007562515,-0.235804222091896,117.829200429252,-12.6407552876559,-155.548339210038
38.38406671,-0.0165358751152826,0.521395431670313,-0.819998012240839,-0.235534771506402,117.841749660683,-12.6206371072282,-155.574434191745
38.39411271,-0.0166094800083791,0.521233592215861,-0.82014777349308,-0.235366304202502,117.861215383587,-12.5984706732622,-155.585352439841
38.40415871,-0.0167295004364101,0.521102730438869,-0.820252688315228,-0.235281948852742,117.876375055546,-12.5779293393815,-155.58538828259
38.41420471,-0.0168448424374256,0.520950439546566,-0.82038643419804,-0.235144613808872,117.894111481058,-12.5539509518204,-155.590864652839
38.42425071,-0.0169444906775385,0.520799825302743,-0.820536045401277,-0.234948982542049,117.911442357473,-12.5279384351063,-155.603284626186
38.43429671,-0.0171424505419266,0.520605761597747,-0.820660191709175,-0.234931111444413,117.934363674152,-12.5021780534247,-155.591149521008
38.44434271,-0.0173984428577192,0.520353936186682,-0.820808023949935,-0.234953746725936,117.964432011349,-12.4716579501638,-155.570732993495
38.45438871,-0.0176236432368079,0.520097134961579,-0.821014490617899,-0.234784121267285,117.994249291806,-12.4321052749131,-155.571876953947
38.46443471,-0.0178057490855152,0.519858818462273,-0.821229785391548,-0.23454509961256,118.021747734332,-12.3929678050255,-155.582911452997
38.47448071,-0.018050149071725,0.519620912781926,-0.821397260320037,-0.234467140249766,118.049339675006,-12.3577678155508,-155.573791045525
38.48452671,-0.0181196525362548,0.519569082368251,-0.821465972237821,-0.234335877095999,118.054266812246,-12.34149891311,-155.582692832308
38.49457271,-0.0180676781530745,0.519594490971508,-0.821510690951409,-0.23412669350323,118.050175398265,-12.3343612511931,-155.607606215234
38.50461813,-0.01805400709607,0.519627389673031,-0.821515057433277,-0.234039396554866,118.045334865439,-12.331251983221,-155.617857332471
38.51466413,-0.0181026505503478,0.519705382948989,-0.821425081038051,-0.234178233870118,118.035039597521,-12.3373603888735,-155.601838410159
38.52471013,-0.01818149201383,0.519744135837648,-0.821321656292535,-0.234448722571515,118.030492173296,-12.3475396914762,-155.569959466503
38.53475613,-0.0181717460286327,0.519751455665013,-0.821277776959591,-0.234586924300317,118.030654334151,-12.3571997755908,-155.556334558747
38.54480213,-0.0180085656105163,0.519806522890935,-0.821284815385088,-0.234452814746528,118.024886332972,-12.3662440979252,-155.580213396594
38.55484813,-0.0178167557542468,0.519937964690969,-0.821223751851213,-0.234389900556368,118.009784378071,-12.3846305573514,-155.599426930002
38.56489412,-0.0177214145148558,0.519976526959891,-0.821155469902508,-0.234550755973017,118.007267034647,-12.4048325081166,-155.588755135029
38.57494012,-0.0176732919133338,0.519934434287906,-0.821162548964188,-0.234622903769642,118.014231325687,-12.4126973397958,-155.583441859465
38.58498613,-0.0175491572814092,0.519949580998868,-0.821208335844105,-0.234438327578853,118.012838789406,-12.4137198680932,-155.609767150948
38.59503113,-0.017398087973902,0.519987800074269,-0.821240415841575,-0.234252371806844,118.008749593041,-12.417916558397,-155.6380851081
38.60507713,-0.0172296494943431,0.520092728369333,-0.821228526195483,-0.234073494523496,117.995984343058,-12.4261396716682,-155.667591341599
38.61512313,-0.0171901992789906,0.520145807331242,-0.821238835363695,-0.233922233776441,117.988359913551,-12.4221462770204,-155.686198718119
38.62516913,-0.0172088415014828,0.520193440934065,-0.821243772391968,-0.23379757503183,117.980741523263,-12.4140384528394,-155.698683284204
38.63521513,-0.017182655276516,0.520262055931328,-0.821245344286447,-0.233641250646352,117.970775388472,-12.4088981369231,-155.717275003171
38.64526113,-0.0172266580796625,0.5202488939521,-0.821270412472822,-0.233579194685109,117.971407853122,-12.4004586981977,-155.721000988662
38.65530713,-0.0172668329777061,0.520253346280796,-0.821262741085235,-0.233593283866899,117.970272829814,-12.3975850884233,-155.717327140268
38.66535313,-0.0174370837871789,0.520113458200713,-0.821305706266968,-0.233741043808763,117.987502527408,-12.3862755729084,-155.690447545153
38.67539913,-0.0175798530345806,0.519902362334739,-0.82144610440339,-0.233706610874693,118.013450090997,-12.364340854994,-155.682956848368
38.68544512,-0.0176085829477226,0.519761835507188,-0.821608842824736,-0.233444814782788,118.030059129051,-12.341421413871,-155.706410265295
38.69549112,-0.0175575079102545,0.519633330427144,-0.82174292851757,-0.233262717245049,118.046887199964,-12.331449351099,-155.726328950168
38.70553713,-0.017575947791636,0.51942869879521,-0.821882579318283,-0.233225081713497,118.073903350412,-12.3214922191183,-155.726328573886
38.71558313,-0.0175901409716565,0.519188055482424,-0.822040177785323,-0.233204408388115,118.105955245193,-12.3119570646223,-155.724320876119
38.72562913,-0.0174695923059669,0.51896481405471,-0.822218626957636,-0.233081240347059,118.137064759918,-12.3096110176173,-155.740780924182
38.73567513,-0.0173485169637738,0.518702979099812,-0.822393890115915,-0.233054795986158,118.174067687202,-12.3121637173405,-155.746740074237
38.74572113,-0.0172660775246219,0.518376574672866,-0.822576338049847,-0.233143255269894,118.219969797685,-12.3162023235599,-155.737737779858
38.75576713,-0.0171866029069487,0.5179843183007,-0.82280195527276,-0.233224803728937,118.274630384842,-12.3176432755235,-155.728363323476
38.76581313,-0.0171830084095308,0.517557159128314,-0.823054074899928,-0.233283777935052,118.332602103739,-12.3093771373238,-155.716549917819
38.77585913,-0.0171747637281423,0.517138629058868,-0.823322399658435,-0.233265711253654,118.388910931134,-12.297085433179,-155.713093111334
38.78590513,-0.0171589190199157,0.516720758613257,-0.823585303949485,-0.233264819967872,118.445356107357,-12.2866004464148,-155.708304569238
38.79595112,-0.0172484450654169,0.516320936311599,-0.823801747550029,-0.233379224873716,118.498502396634,-12.2735054808929,-155.685902219449
38.80599712,-0.0174746840468764,0.515938509388139,-0.823999052099083,-0.233511567352926,118.547221747062,-12.2487864422741,-155.654197605467
38.81604312,-0.0177710998432948,0.515644317713525,-0.824144212977422,-0.233626714730869,118.582798109054,-12.2187519878394,-155.621556765275
38.82608913,-0.0179498246484038,0.515496901310022,-0.824218080883972,-0.233677777460327,118.600075408895,-12.2003753928032,-155.604197247698
38.83613513,-0.0180332976035842,0.515405115110491,-0.824274390001457,-0.233675196551126,118.611030544402,-12.1895199474834,-155.598515004987
38.84618113,-0.0181130622396241,0.515310200693275,-0.824342249466097,-0.233638973167867,118.622221255252,-12.1768797118419,-155.596484777581
38.85622713,-0.0181909560300228,0.515259766851836,-0.824392156476506,-0.233568050303378,118.62721955425,-12.1635808729451,-155.598762452833
38.86627313,-0.0182681657165908,0.515219601886431,-0.824409062920116,-0.233590952154647,118.631522577236,-12.1563668570999,-155.591502528375
38.87631913,-0.0184747858343037,0.515103011394724,-0.824422829485197,-0.233783164843162,118.64519031113,-12.14478354456,-155.55839294263
38.88636513,-0.0186536129938097,0.515026155761244,-0.824429926932918,-0.233913225751465,118.653520627352,-12.1332329231465,-155.533826003941
38.89641113,-0.018807743203925,0.514894701842768,-0.824466338789829,-0.234061895686411,118.669705361559,-12.1236272997509,-155.507978888233
38.90645713,-0.0189765988280003,0.514707980661378,-0.824547393830058,-0.234173394450494,118.692787241398,-12.1087345205423,-155.484408745296
38.91650312,-0.0192559133381919,0.514507671262095,-0.824643779094379,-0.234251368437643,118.715620271272,-12.0807309187416,-155.4579336499
38.92654912,-0.0196818151237639,0.514176922864516,-0.824828877206704,-0.234290506578777,118.753214270274,-12.0324291470487,-155.425511053883
38.93659513,-0.0200397144713879,0.513873937851828,-0.825044295615707,-0.234166385530763,118.787003346653,-11.9815498542069,-155.414226201933
38.94664113,-0.0202909739485362,0.513685016309876,-0.825204873511505,-0.233993369837273,118.806909038599,-11.9412937483429,-155.415537589469
38.95668713,-0.0205650940250972,0.513497255727261,-0.825342235633247,-0.233897069986404,118.826806246502,-11.9035332029663,-155.407644155748
38.96673313,-0.0207301925421366,0.513414646670326,-0.825412876876538,-0.233814546998143,118.834527761944,-11.8801804254589,-155.405841712666
38.97677913,-0.0208497527374824,0.513311783048818,-0.8254669210817,-0.233838968937876,118.846471925667,-11.8671442178577,-155.395243770612
38.98682513,-0.0211767866070186,0.513121342668682,-0.825515826094629,-0.234054806133502,118.867993930036,-11.8431675393233,-155.352024884245
38.99687113,-0.0214319088631928,0.51284935619825,-0.825657197076654,-0.234129032896486,118.900616610267,-11.8151589990092,-155.326446396175
39.00691713,-0.0216603886828477,0.512583208016969,-0.825812827948613,-0.234141956122041,118.932453044736,-11.7861611336178,-155.308807367798
39.01696313,-0.0219802505945281,0.512380016146268,-0.825914236991762,-0.234199190374491,118.954604349413,-11.7528450629955,-155.282301485751
39.02700912,-0.0222334690223887,0.512276114357254,-0.825977877737314,-0.234178139464014,118.96404160626,-11.7240921134331,-155.268952507973
39.03705512,-0.0224626635637743,0.512136304726429,-0.826063974523169,-0.234158374015888,118.978685610744,-11.6966952407139,-155.256350983704
39.04710113,-0.0226663729816028,0.511999972589443,-0.826166302232656,-0.234075852363053,118.992852540068,-11.6680532578273,-155.251733674478
39.05714713,-0.0227892697730246,0.511903935831694,-0.826241584906919,-0.234008232833242,119.003114130579,-11.6492921931289,-155.25062106768
39.06719313,-0.0229551946238333,0.511846708245762,-0.826265865538812,-0.234031463147922,119.008076689222,-11.633011580306,-155.238188778351
39.07723913,-0.0231052608380501,0.511931843549413,-0.826203548982562,-0.234050486285168,118.994253507725,-11.6221439351729,-155.228924520702
39.08728513,-0.0231797784229905,0.512068195458833,-0.826070623468102,-0.23421397506301,118.975880322745,-11.6288294323821,-155.209573006063
39.09733113,-0.0231811269293085,0.512164821321004,-0.825960426618109,-0.234391136386048,118.964168425586,-11.6422614202488,-155.192384870767
39.10737713,-0.0231447850201046,0.512277601761625,-0.825857287228622,-0.234511660245527,118.950553492612,-11.6563695323751,-155.183388895351
39.11742313,-0.0230703183149295,0.512385949996793,-0.82574693268829,-0.234670837162639,118.93845400759,-11.6763796376468,-155.172464845694
39.12746913,-0.0230507411553807,0.512479234068534,-0.825625140978536,-0.234897476710348,118.927892634653,-11.6947527229056,-155.151279445345
39.13751512,-0.0230509908696079,0.512570396655867,-0.825499844892499,-0.23513878109414,118.917376794197,-11.712046750425,-155.127436311694
39.14756112,-0.0230431734987271,0.512614954800823,-0.82540767057622,-0.235365880330171,118.913134324742,-11.7279008850193,-155.104908786314
39.15760713,-0.0230895918537391,0.512615635099287,-0.825349310021241,-0.235564423984703,118.913626939003,-11.7355047579059,-155.081730501474
39.16765313,-0.0230532783492554,0.512674645816023,-0.825293066307356,-0.235636602843806,118.906865404997,-11.7451222928145,-155.077050792306
39.17769913,-0.0229703286113633,0.512757395090263,-0.825225630747829,-0.235700819134302,118.897676962791,-11.7594524795686,-155.076120117046
39.18774513,-0.0229374677269562,0.512820668188202,-0.825172957587349,-0.235750768651616,118.89012940148,-11.7675118915272,-155.07361014396
39.19779113,-0.0229109791208151,0.512917966099468,-0.825113548825171,-0.235749610038367,118.877562960878,-11.7728451164224,-155.076490496687
39.20783713,-0.0229351062549661,0.51298563885728,-0.825058931314392,-0.235791168379171,118.868385398308,-11.7750243981,-155.071717883086
39.21788313,-0.0230100437685931,0.512997669132322,-0.825049705443791,-0.235789976245145,118.865476787728,-11.7680725415754,-155.067801202562
39.22792913,-0.0229890633686288,0.51306587305092,-0.825028982691205,-0.235716122900929,118.856198520232,-11.7676015767569,-155.077529098818
39.23797513,-0.0229267881057131,0.513127730343406,-0.824991784071896,-0.235717735763881,118.849006355874,-11.7755190768803,-155.081663420897
39.24802112,-0.0229118407526028,0.513141621012774,-0.824976508779393,-0.235742410906214,118.847577532058,-11.7788689249776,-155.080125131534
39.25806712,-0.0228974419085348,0.513165654058038,-0.824955100515873,-0.23576641147983,118.844777550424,-11.7824217024936,-155.07875933891
39.26811312,-0.0229135043006617,0.513132899421928,-0.824963555713127,-0.235806553336975,118.849164053051,-11.7823551168924,-155.073266859676
39.27815913,-0.02290825830734,0.513097630335559,-0.825012014000036,-0.235714255404637,118.853327920166,-11.7762146923428,-155.08266739377
39.28820513,-0.0228646848679142,0.51309048055134,-0.825045765760927,-0.235615893677511,118.854346798233,-11.7742274649712,-155.095213396501
39.29825113,-0.0229253868637183,0.513039729219963,-0.825062959269913,-0.235660298140842,118.86040241566,-11.7695859831841,-155.086542029044
39.30829713,-0.0230201661499573,0.512978784438003,-0.825102933843376,-0.23564377188882,118.86680791846,-11.7576516889764,-155.082145908139
39.31834313,-0.023117766166608,0.512902571309223,-0.825158474762162,-0.235605629729081,118.875054115574,-11.7436840255308,-155.079634368939
39.32838913,-0.0232571892132546,0.512817354475694,-0.82521024482737,-0.235596086407226,118.883979172327,-11.7271557261051,-155.071698927581
39.33843513,-0.0233431028249785,0.51276345626887,-0.825274403815135,-0.23548013902085,118.888896457431,-11.710239350642,-155.078204229201
39.34848113,-0.023329782955183,0.512757574580621,-0.825324239433814,-0.235319550272514,118.88879705353,-11.7015913761825,-155.095522878564
39.35852713,-0.023330265148673,0.512775818336597,-0.825329094917732,-0.235262712599347,118.885954312261,-11.6986233077445,-155.101626160826
39.36857312,-0.0233878276501275,0.512799356634305,-0.825315943661335,-0.235251827817877,118.881737257472,-11.6930947043847,-155.099836486086
39.37861912,-0.0234764226952352,0.512777416378593,-0.825339683957106,-0.235207535838278,118.882833544066,-11.6812116141563,-155.099178416734
39.38866513,-0.0236098089615593,0.512732510547344,-0.825383018746378,-0.235140004919905,118.886064044624,-11.6629228162667,-155.098121139595
39.39871113,-0.0236898289469489,0.512689570273612,-0.825430154369982,-0.235060113149533,118.889867952986,-11.6490905066224,-155.101361271489
39.40875713,-0.0237054008152319,0.512640480231568,-0.825488173444913,-0.234961842652629,118.895482354112,-11.6401815244763,-155.110037887104
39.41880313,-0.0237094348728545,0.512605140884325,-0.825524882167942,-0.234909559529998,118.899775870711,-11.6355830360523,-155.114772837972
39.42884913,-0.0237454701207186,0.512536102916673,-0.825557775278827,-0.234940961801917,118.908598094355,-11.6319969112715,-155.108604339818
39.43889513,-0.0238247390888614,0.512438662151673,-0.825626167965461,-0.234905151306266,118.920002507058,-11.6193250726285,-155.106614399982
39.44894113,-0.0240581182033024,0.512508688740329,-0.825568820285167,-0.234930146824841,118.906765842415,-11.600368333024,-155.091856606568
39.45898713,-0.0242948411571459,0.512487679482892,-0.825542916098649,-0.235042619009251,118.906231159299,-11.5837461934334,-155.066665986902
39.46903313,-0.0244335187994858,0.512247745089673,-0.825710093211151,-0.234964024435345,118.935336922495,-11.5585717284755,-155.063953548568
39.47907912,-0.0246344063694651,0.51202540217495,-0.825891015228501,-0.234791747119101,118.960352827223,-11.5222236013359,-155.067706494922
39.48912512,-0.0248564943223865,0.5118817380889,-0.826015379548018,-0.234644057353329,118.974647273048,-11.4876274211406,-155.068742567268
39.49917096,-0.0250340675845499,0.511746220946731,-0.826128824307696,-0.234521356074229,118.988796315781,-11.4590842858366,-155.069790720856
39.50921696,-0.0251604323502515,0.511644951581798,-0.826227844776668,-0.234379915266881,118.999138406137,-11.4353498109971,-155.076088334035
39.51926296,-0.025208637605293,0.511617009863124,-0.826273866207679,-0.234273468047528,119.001299364579,-11.4234252506162,-155.08406760415
39.52930896,-0.0252560008932376,0.51161514510512,-0.826265491095633,-0.234301975967855,119.000910543002,-11.420528847385,-155.078438369518
39.53935496,-0.0253679380837837,0.511568218476009,-0.826282069885783,-0.234333878361464,119.005424908488,-11.4102897780191,-155.068271062093
39.54940096,-0.025478946821091,0.511516780203459,-0.826338556902658,-0.234234916729351,119.009667748644,-11.3920725775869,-155.071662337055
39.55944696,-0.0255573270532399,0.511466739519855,-0.826420604128852,-0.234046111845778,119.013689660355,-11.3715987407568,-155.086208688641
39.56949296,-0.025638435044566,0.511374358466843,-0.826546989992025,-0.233792663456776,119.022879371612,-11.3457098584821,-155.106765907352
39.57953896,-0.0257749873393811,0.511255256040231,-0.826679427038974,-0.233569771394775,119.034866476196,-11.3155481570094,-155.120718394632
39.58958496,-0.025862098650833,0.511155359988639,-0.826765309678715,-0.233474779194924,119.046021302519,-11.2984722975695,-155.124430112253
39.59963096,-0.0258932086341695,0.511026763643814,-0.826841596429503,-0.233482682441908,119.062681695102,-11.292199383047,-155.120255795974
39.60967696,-0.0259543119435835,0.510841564468196,-0.826963462241007,-0.233449570189341,119.086084453055,-11.278896878161,-155.117946114114
39.61972296,-0.026092788434629,0.510606993402663,-0.827118788002111,-0.233397033429983,119.114567812756,-11.2555101755444,-155.112710811377
39.62976896,-0.0263292088576707,0.510299864620471,-0.827284808526416,-0.233453778103223,119.151708321939,-11.2271612124173,-155.089780956701
39.63981496,-0.0265655429887357,0.509995657679573,-0.827460465349329,-0.233469225718435,119.188157630949,-11.1963996438652,-155.071190893713
39.64986096,-0.0266996364479362,0.509769180207803,-0.827620330616927,-0.233381877345568,119.215362718125,-11.1715625520438,-155.069947513769
39.65990696,-0.0267533046946879,0.509531787666814,-0.82779016228499,-0.233291802833199,119.245427789526,-11.1540120529714,-155.073350064671
39.66995296,-0.0267695398947314,0.509293703187381,-0.8279817194491,-0.233129980666623,119.275767461611,-11.1357308075868,-155.086278898664
39.67999896,-0.0267525471882306,0.509129793485614,-0.828164932215297,-0.232838999424644,119.295958775409,-11.1150372992484,-155.115374451568
39.69004496,-0.0267208100723683,0.508993624036619,-0.828322620572921,-0.232579288085491,119.312926823751,-11.0984749115355,-155.142394064211
39.70009096,-0.0267670981612393,0.508922585023582,-0.828416052488191,-0.232396576757975,119.320347097773,-11.08091818158,-155.15788232045
39.71013696,-0.0268633823545029,0.50889747165787,-0.828477205500948,-0.232222397701091,119.320821871591,-11.0603814597643,-155.170262276373
39.72018296,-0.0269789659208235,0.508825418022544,-0.828573631678363,-0.232022770993181,119.327034091999,-11.0350843915726,-155.183627579276
39.73022796,-0.0270917537777906,0.508748289725934,-0.828678316675299,-0.231804792984041,119.333851515645,-11.0088073482791,-155.198989237074
39.74027396,-0.027070074310424,0.508706947456895,-0.828741139344852,-0.231673426709478,119.33887418322,-11.0017860472565,-155.213309171535
39.75031996,-0.0269317062114081,0.50868982237707,-0.82873434988268,-0.231751429628944,119.344130637762,-11.0193632073214,-155.212730153914
39.76036596,-0.0267554665239975,0.50874963190448,-0.828612727086111,-0.232075215305419,119.341445833304,-11.0576456814809,-155.189723550416
39.77041196,-0.0264950611540347,0.508869688575035,-0.828409952004746,-0.232565266545726,119.333347604686,-11.1158421813388,-155.154906171752
39.78045796,-0.0260386548649078,0.50905532502129,-0.828170724992056,-0.233062040638171,119.320048367084,-11.1953093445943,-155.131123306487
39.79050396,-0.0254617557448245,0.509343488800192,-0.827928315491884,-0.233357266477842,119.293849941128,-11.2772633095809,-155.136249200546
39.80054996,-0.0249591769886172,0.509705666037876,-0.827737443691282,-0.233297873553013,119.25402234381,-11.33278379731,-155.174977927318
39.81059596,-0.0246038505830076,0.51002209506339,-0.827640205013377,-0.232988849795553,119.215955805182,-11.3576458333949,-155.230837155479
39.82064196,-0.0243685222329241,0.510255528545704,-0.827614743804908,-0.232592576299125,119.186233183706,-11.3632063934783,-155.288006683409
39.83068796,-0.0241905196979032,0.510401451640258,-0.827638805578366,-0.232205048224793,119.167227924434,-11.3612055079591,-155.339959965373
39.84073396,-0.0239923739782349,0.510449325923834,-0.827705735647823,-0.231881579325502,119.162074144142,-11.3621860837007,-155.38515591855
39.85077996,-0.0237495504466525,0.510419677551394,-0.82781823613275,-0.231570031627534,119.168102256108,-11.365975386685,-155.430629162916
39.86082596,-0.0235494758336149,0.510349416169692,-0.827946632676335,-0.231286119434642,119.178988799574,-11.3661433359201,-155.470334102526
39.87087196,-0.0234801634002525,0.510294426722477,-0.828063800659032,-0.230994852801519,119.185539315078,-11.3536704401633,-155.503688436546
39.88091796,-0.0236442169107188,0.510265327902405,-0.828186991409872,-0.230600419355199,119.183943313146,-11.313145952307,-155.535018997464
39.89096396,-0.0241824387161225,0.510242247048106,-0.828366310086611,-0.229950680143662,119.17342185129,-11.2211981015529,-155.571942069843
39.90100996,-0.0250671730786489,0.510226975630399,-0.828621572173289,-0.228968033362669,119.15369741142,-11.0758848032006,-155.623986457738
39.91105596,-0.0261081975424057,0.510193665550496,-0.828958419852046,-0.22770314844032,119.131858035959,-10.8979429070651,-155.696129618347
39.92110196,-0.0271632771547165,0.510117808571543,-0.829383948175192,-0.226195146415021,119.113949198595,-10.7028080473696,-155.791925494508
39.93114796,-0.0282258629074117,0.509978386219548,-0.829843591557795,-0.224688584050227,119.104484977042,-10.5053036065661,-155.886217895716
39.94119396,-0.0292298504229545,0.50981939990254,-0.830244189211148,-0.223437645906838,119.100309722687,-10.3283992600305,-155.957056331096
39.95123996,-0.0298999633155916,0.509833718145631,-0.830540237556397,-0.222212704036676,119.079169584139,-10.1902241171472,-156.045840587784
39.96128596,-0.0299597080528471,0.509918385128836,-0.830765888927192,-0.221164405354932,119.060560175828,-10.1236209564804,-156.151437484535
39.97133196,-0.0296221204284114,0.510006535777892,-0.830969286140633,-0.220240570595168,119.049222411261,-10.1029908072277,-156.26655976691
39.98137796,-0.0293792946426632,0.51022660347557,-0.831142506277895,-0.219106833326077,119.01741285054,-10.0641978292423,-156.399396001686
39.99142396,-0.0293298528227955,0.510568641506497,-0.831241132733834,-0.217939444100821,118.965835827921,-10.008002942083,-156.526087245564
40.00146996,-0.0293437218545093,0.510882171886873,-0.831288455774161,-0.217020403954302,118.91845628103,-9.95982003078652,-156.623267245627
40.01151596,-0.0294969454557447,0.511195661990619,-0.831294278194066,-0.216237712743545,118.869515314079,-9.90635000827656,-156.698496362862
40.02156196,-0.0298045801985937,0.511637312680233,-0.831211788631074,-0.215466725304086,118.800957057442,-9.84211634353841,-156.765124869269
40.03160796,-0.0301073329999918,0.512307095125994,-0.830978305440208,-0.214732495610036,118.702319985708,-9.78670743962018,-156.830646084021
40.04165396,-0.030424893621823,0.513005899209006,-0.830649058910104,-0.214292823390377,118.601233939083,-9.74840957720167,-156.865329005903
40.05169996,-0.030603021100496,0.513693793010013,-0.830242680625023,-0.214194382258461,118.505887141453,-9.74391192916621,-156.87278758257
40.06174596,-0.0305472820008952,0.514339701073782,-0.829825362434268,-0.214269464279271,118.421072670408,-9.77135162981572,-156.875321952889
40.07179196,-0.0304505074769256,0.514778973868195,-0.829502226580364,-0.214479441336048,118.365267011747,-9.80534854338591,-156.864149840309
40.08183796,-0.0304318220706404,0.51503650803386,-0.829268674039631,-0.214766770833619,118.332823723272,-9.83161119436858,-156.838631226897
40.09188396,-0.030595842548185,0.51518571074227,-0.829119771765225,-0.214960419458396,118.311197519703,-9.83165161252321,-156.811097544121
40.10192996,-0.0307626845344093,0.515229742598138,-0.829062705079288,-0.215051158167323,118.302980104244,-9.82230590238413,-156.792777943176
40.11197596,-0.0308199105598043,0.51518125155708,-0.82908423814615,-0.215076119582776,118.308619374965,-9.81699399468523,-156.78642577784
40.12202196,-0.0309018191755074,0.515012506291647,-0.82920477017356,-0.215003825678182,118.329343415119,-9.80011322711089,-156.787302812973
40.13206796,-0.0311118719068086,0.514767350011586,-0.82939182533038,-0.21483907201355,118.357543698366,-9.76319185660134,-156.789510611958
40.14211396,-0.0314149052669336,0.514503699657256,-0.829589935701825,-0.214661560015547,118.386527670766,-9.71604195768364,-156.787540282202
40.15215996,-0.031611253207135,0.5142810961409,-0.82974823362445,-0.214554309255007,118.412247962625,-9.68455653823304,-156.784918530969
40.16220596,-0.0315172875720122,0.514168735080532,-0.829812135673509,-0.214590288547173,118.429062066896,-9.69273419842131,-156.785369525963
40.17225196,-0.0311391545321258,0.514177170012966,-0.829773966861439,-0.214772798118183,118.435473384478,-9.74047264010484,-156.788303972625
40.18229796,-0.0306342453418846,0.514258015059842,-0.829673128225476,-0.215041245484668,118.434866830842,-9.80761980838192,-156.790437757124
40.19234396,-0.0301885539061722,0.514380613183469,-0.829556885089777,-0.21525940256862,118.427362455419,-9.86715073650908,-156.794809281842
40.20238996,-0.0298862336246728,0.514598694272355,-0.829425623244998,-0.215286163971505,118.403546274301,-9.90384112219578,-156.811690557845
40.21243596,-0.0297450610230761,0.514745619997346,-0.829355024056492,-0.215226443799401,118.385979770708,-9.91781002685642,-156.827476392842
40.22248196,-0.0297095932683723,0.514787040955755,-0.829347189961012,-0.215162452662213,118.380681729408,-9.9184639401267,-156.836510518276
40.23252796,-0.0297152235223712,0.514745003188979,-0.829382060919001,-0.21512783225037,118.386002156232,-9.91467493856775,-156.839268983414
40.24257396,-0.0296893078897349,0.514653977689332,-0.82943307128244,-0.21515252382567,118.398740453747,-9.91619943206486,-156.837205018249
40.25261996,-0.0296175566380061,0.514537479456572,-0.829483964361197,-0.215244826745973,118.416045828933,-9.9255564028636,-156.830540420909
40.26266596,-0.0295430544265884,0.514395823841291,-0.829546618871305,-0.215352156870955,118.436843285521,-9.93540608724406,-156.822209299629
40.27271196,-0.0295325685670757,0.514239465274141,-0.829631840995978,-0.215398719016665,118.458166684372,-9.93499351481405,-156.816295961394
40.28275796,-0.0295303509223341,0.514082226110971,-0.829743383205678,-0.215344703203,118.478885079192,-9.92765374939778,-156.820209664433
40.29280396,-0.029472613797114,0.513948879722708,-0.829865961758395,-0.215198512036106,118.496822406127,-9.9207254714218,-156.836993206589
40.30284996,-0.0293975602831226,0.513824441815804,-0.829998060221905,-0.214996387109071,118.513539730079,-9.91232245281304,-156.860592951949
40.31289596,-0.0292993560770168,0.513674717091677,-0.830135211788646,-0.214837992224092,118.534272951969,-9.90812735518973,-156.880746573563
40.32294196,-0.0291361715172679,0.513509893300527,-0.830253072461532,-0.214798763171447,118.558802065423,-9.91702370464322,-156.892209400046
40.33298796,-0.0289072373296343,0.5133548592508,-0.830341740893296,-0.214857518937203,118.58369486865,-9.93847230508325,-156.89746395919
40.34303396,-0.0286661140859917,0.513201777776449,-0.830418934286709,-0.214957164961829,118.608763411204,-9.96363118888411,-156.899228439884
40.35307996,-0.0284073560173118,0.513085914298979,-0.830468596890154,-0.21507621033342,118.629270117884,-9.99267736906747,-156.90040685073
40.36312596,-0.0281608224378034,0.513007303916345,-0.830492944838298,-0.215202097531415,118.644635581642,-10.0219687614859,-156.900595916659
40.37317196,-0.0279766585056505,0.512959362388202,-0.830504642620721,-0.215295233812959,118.654667038214,-10.0440883126715,-156.900944814415
40.38321796,-0.0278545348788747,0.512929068365997,-0.830516483243666,-0.215337564703526,118.661003950563,-10.0576212804863,-156.903183828526
40.39326396,-0.0278058057964546,0.512860437166459,-0.830565130196981,-0.215319701036179,118.670872826582,-10.0593876074737,-156.90700578968
40.40330996,-0.027780568878633,0.512759207781088,-0.830643966980175,-0.215259924156652,118.684450990515,-10.0554682738732,-156.913429691121
40.41335596,-0.0276729122441937,0.512648099440006,-0.830725831047136,-0.215222512064883,118.700856245366,-10.0605962754977,-156.922116957822
40.42340196,-0.0274264462361253,0.512559647524462,-0.830768254384811,-0.215300964426243,118.71723679342,-10.0867547798923,-156.927028023764
40.43344796,-0.0271566057997931,0.512501959462553,-0.830767292134487,-0.215476139347287,118.730468482611,-10.1218552117628,-156.923674200195
40.44349396,-0.026860367485939,0.512489465033935,-0.830724911102313,-0.215706260831266,118.738432018247,-10.1640525388298,-156.916676725138
40.45353996,-0.0265573856720444,0.51250787325199,-0.830666300687542,-0.215925640031614,118.742316165324,-10.2070901962433,-156.911507390756
40.46358596,-0.0262948602144412,0.512545857888155,-0.830629875839943,-0.216007715718952,118.742089357538,-10.2384472915587,-156.91836728215
40.47363196,-0.0261178869544758,0.512565329971844,-0.830649266360356,-0.215908394433589,118.741821991983,-10.2500676646893,-156.938801433043
40.48367796,-0.0260565868905882,0.512523975538041,-0.830734810992195,-0.215684729603318,118.747012663154,-10.2413488779885,-156.964761008783
40.49372396,-0.0260349212551019,0.512469412240671,-0.830831010996376,-0.215446317117934,118.753224366638,-10.2275556140816,-156.989840228653
40.50377083,-0.0260406550698143,0.512444925914156,-0.830881299092476,-0.215309890638516,118.755581645919,-10.2180937061371,-157.003242276527
40.51381683,-0.026119462993191,0.512441939604951,-0.830891364406492,-0.215268606028796,118.754434493122,-10.2079006409566,-157.002988144555
40.52386283,-0.0262179648702244,0.512422697045467,-0.830898534772535,-0.215274761139267,118.755414294109,-10.1982343128994,-156.996563641718
40.53390883,-0.0262913586957276,0.512377650086212,-0.830927554952669,-0.215261019626045,118.760131785628,-10.1890964558313,-156.993308060022
40.54395483,-0.026325327091366,0.512387024627102,-0.830944395940367,-0.215169526194153,118.757774481767,-10.1805355606156,-157.000885879792
40.55400083,-0.0262857073817416,0.512515075461507,-0.830919426757252,-0.21496573040726,118.740126977198,-10.1754923591724,-157.025506504221
40.56404683,-0.0260798604939477,0.512662407943023,-0.830839162732499,-0.21494971976869,118.723758517346,-10.1983817557267,-157.040481896932
40.57409283,-0.025863370338289,0.512809030158011,-0.830739333553151,-0.215011963273699,118.708115127438,-10.2270118040939,-157.048026838479
40.58413883,-0.0258455116399351,0.512933977439357,-0.830683515216992,-0.214931714418911,118.691246743214,-10.2272425183392,-157.058705646288
40.59418483,-0.0260121396458247,0.513029683610118,-0.830671507476524,-0.214729501914917,118.674527779626,-10.2014781057391,-157.071112577536
40.60423083,-0.0262345436431655,0.513051336866249,-0.8306945727546,-0.214561416045945,118.666984151818,-10.1703995669939,-157.076003577155
40.61427683,-0.0264263904982237,0.513028963743212,-0.830702763177296,-0.214559659524822,118.666804153215,-10.1511576204907,-157.065057716859
40.62432283,-0.0265708045629949,0.51297841870474,-0.830689593130584,-0.214713609611979,118.672082739853,-10.1451638662272,-157.040506117897
40.63436883,-0.0265676948197616,0.51294463694832,-0.830659155923358,-0.214912362833354,118.677821410773,-10.1565826458491,-157.019906460921
40.64441483,-0.0264401588753047,0.512940778448368,-0.830629202184892,-0.215053026672774,118.68127727347,-10.1773116100074,-157.012654169382
40.65446083,-0.0263763698326938,0.512933351972507,-0.830626556064225,-0.215088790757639,118.683533919621,-10.1854383398947,-157.012512863503
40.66450683,-0.0264538449277207,0.512949122663663,-0.830628463334629,-0.215034293882328,118.679826150613,-10.1750805950391,-157.01389621834
40.67455283,-0.026703883053338,0.512967170897771,-0.830635116464301,-0.214934612166927,118.6726943485,-10.1453803710654,-157.010163785781
40.68459883,-0.0270637118904381,0.512963797885796,-0.830650340320051,-0.21483879929723,118.666617837825,-10.1047352154549,-156.999565133279
40.69464483,-0.0274296134894168,0.512941402254731,-0.830659577059723,-0.214810151519275,118.663357059966,-10.067060198556,-156.981512789778
40.70469083,-0.0276982875177985,0.512913515745194,-0.830632655688982,-0.214946322456457,118.663397490191,-10.0486049497073,-156.952001424053
40.71473683,-0.0277862160500537,0.512918838635962,-0.830536031192672,-0.215295360053766,118.663265045162,-10.061385770516,-156.911270814821
40.72478283,-0.0276783786559718,0.512992279680694,-0.83035866131088,-0.215817797989379,118.658344288816,-10.1054147198729,-156.864606873608
40.73482883,-0.0273882368335953,0.513107677276472,-0.83011983531763,-0.216498163999887,118.65182755117,-10.1777601405352,-156.812531579316
40.74487483,-0.0270473651956857,0.513234882051774,-0.829857157318863,-0.217245240058162,118.645005880848,-10.2593875043597,-156.756601337641
40.75492083,-0.0267783830550753,0.513331020629074,-0.829621763320739,-0.217949331922482,118.640899676306,-10.3306462105407,-156.700637263632
40.76496683,-0.0266556138697753,0.513345824279404,-0.829468002794909,-0.218514016217611,118.64439180682,-10.3771315321991,-156.649753350721
40.77501283,-0.0267068353285329,0.513291097017881,-0.829381800599152,-0.218963064245601,118.653568545133,-10.397909390741,-156.600077944824
40.78505883,-0.0267814663002595,0.513232990790929,-0.829291914645528,-0.219430103974274,118.662916997357,-10.4174230145267,-156.547178719428
40.79510483,-0.0268759912596519,0.513190719636068,-0.829164292210197,-0.219998961126611,118.670440526785,-10.4416232629537,-156.482860358498
40.80515083,-0.0270334203786672,0.51314681325866,-0.829045933243795,-0.220527510295284,118.676875754941,-10.4572641736987,-156.419095952026
40.81519683,-0.0272430041676769,0.513103949789646,-0.828968558146406,-0.220892021220446,118.681277288654,-10.4579555016429,-156.369255787247
40.82524283,-0.0276168063409552,0.513020989320127,-0.828951069351724,-0.221103824356698,118.687285956156,-10.4324308894017,-156.325366412274
40.83528883,-0.0281955909842558,0.512897096146666,-0.828984736587259,-0.221191961695535,118.69445661183,-10.3784970329349,-156.282134473547
40.84533483,-0.0289032317327298,0.512740665276403,-0.829076199752873,-0.221120483833249,118.702711930788,-10.3015577580045,-156.247664955149
40.85538083,-0.0296877244326366,0.512555242730916,-0.829226755511124,-0.220881755950006,118.712410816952,-10.2062729898718,-156.225726088378
40.86542683,-0.0304361111760124,0.512409035208775,-0.829362144175824,-0.220610647025419,118.717233744005,-10.1136147373754,-156.209610082567
40.87547283,-0.0309945905242999,0.512275174850347,-0.829451367477158,-0.22050829821245,118.724671665875,-10.0498443296652,-156.187031123451
40.88551883,-0.0314348437190539,0.512125261249235,-0.829525892214374,-0.220513857924415,118.736918408122,-10.0035619507663,-156.159877180715
40.89556483,-0.0318520828599557,0.511946464617305,-0.829604714769952,-0.220572617101018,118.753691686941,-9.96191137440554,-156.128245992482
40.90561083,-0.0322127500710175,0.51176240935904,-0.829655472326529,-0.220756364208457,118.772860261838,-9.93312767437145,-156.086919335533
40.91565683,-0.032558737841598,0.511609153983671,-0.829661587522859,-0.221037671765073,118.788721966118,-9.91251806274509,-156.036740680567
40.92570283,-0.0329062294589692,0.511490045882985,-0.829609709188441,-0.221456188546825,118.800774008793,-9.9010188167786,-155.972747368986
40.93574883,-0.0332243852183404,0.511446868859991,-0.829491668094297,-0.221950023929521,118.803654179186,-9.89903962438473,-155.903498863644
40.94579483,-0.0334848329979818,0.511432524125282,-0.829393566721261,-0.222310257764517,118.802941809475,-9.89535186085185,-155.851566213793
40.95584083,-0.0337379853879002,0.511408094304325,-0.82935302367354,-0.22247937330355,118.802577987144,-9.88051658989682,-155.819592915005
40.96588683,-0.0340150508058158,0.511400559060077,-0.829310063482992,-0.222614606703054,118.799319582087,-9.86180852382787,-155.789938107274
40.97593283,-0.0342899090383281,0.511401002376872,-0.829248229635464,-0.222801684357462,118.795323366192,-9.84668249385538,-155.755160745158
40.98597883,-0.0346479878875424,0.511395616194071,-0.829188808811929,-0.222979730051601,118.790506739986,-9.82283786897573,-155.71654222289
40.99602483,-0.0350396875521697,0.51134948761895,-0.829163628436419,-0.223117904001979,118.790233465389,-9.79219037309756,-155.679678971075
41.00607083,-0.0353854460709766,0.511311120049636,-0.82911172584281,-0.223344027880535,118.79024999023,-9.77151604074586,-155.63644971361
41.01611683,-0.0356762876065827,0.511306226372016,-0.829024467126948,-0.223632686074065,118.787165279058,-9.76087355516527,-155.590253725538
41.02616283,-0.0359564305935338,0.511319866919577,-0.828930799890629,-0.22390367970402,118.781694019767,-9.75072727704107,-155.546678091417
41.03620883,-0.0362274453646405,0.511365891144478,-0.828805518478125,-0.224218442855561,118.772319285839,-9.7450475072162,-155.49946216163
41.04625483,-0.0363804916198333,0.511439790547639,-0.828656608801442,-0.224575210483661,118.761670905056,-9.75407088954901,-155.45489421582
41.05630083,-0.036361744936626,0.511574382043743,-0.828473671059614,-0.224946330271763,118.746250936572,-9.78224113588017,-155.419221933765
41.06634683,-0.0363099656645996,0.511690171817254,-0.828297640838113,-0.225339239017709,118.734079880566,-9.81438117542931,-155.382972341913
41.07639283,-0.0362812096282016,0.51180664177163,-0.82812207367349,-0.225724314953173,118.721347071351,-9.84386498607039,-155.346233366254
41.08643883,-0.0362517446792702,0.511900283632231,-0.827963598512534,-0.226097744710393,118.711601831805,-9.87206308882292,-155.310483160515
41.09648483,-0.0362939061919013,0.511941941564442,-0.82784440026765,-0.226432881415349,118.70720879306,-9.88955799723791,-155.274051608923
41.10653083,-0.0364117213741181,0.511922100256423,-0.827785967949406,-0.22667232094301,118.709018862559,-9.89219575501308,-155.242516285555
41.11657683,-0.0365576914340905,0.511891888262394,-0.827765773305146,-0.226790772459338,118.71097209997,-9.88448288940169,-155.221731371523
41.12662283,-0.0366439585126144,0.511877437113854,-0.827746490253544,-0.226879830639962,118.711781558175,-9.88118030166629,-155.207522860709
41.13666883,-0.0366776338142379,0.511879529239655,-0.827713081997789,-0.226991525420883,118.711514136255,-9.8847861095278,-155.194139135172
41.14671483,-0.0369258298845704,0.512188362030051,-0.827419301003527,-0.227325460991822,118.667672189192,-9.89020115674136,-155.149091900111
41.15676083,-0.0370455918972836,0.512478326837633,-0.827150685313398,-0.227629814453768,118.62858714525,-9.9056428626977,-155.114153502433
41.16680683,-0.0370033918661699,0.512582672430741,-0.827020759567816,-0.227873684654528,118.616918095818,-9.92756741678222,-155.092580112976
41.17685283,-0.0369944400720563,0.512574936002731,-0.82695995668452,-0.228113078156183,118.619509013056,-9.94276055767342,-155.068351159679
41.18689883,-0.0370822946499571,0.512545685475919,-0.826931573607177,-0.228267378955191,118.622629608711,-9.94285526600627,-155.047164169505
41.19694483,-0.0372259812763572,0.51254657576281,-0.826904355268004,-0.228340581655202,118.620202786237,-9.93353865696265,-155.031498975732
41.20699083,-0.0373585677090024,0.512597194991211,-0.826836936617416,-0.228449410922858,118.611573438182,-9.92891160013112,-155.013339583945
41.21703683,-0.0375496541606895,0.512623642141516,-0.826814312692321,-0.228440620987391,118.604357242938,-9.91080915128774,-155.003712230663
41.22708283,-0.0377848653420533,0.512653148304766,-0.826826491494619,-0.228291494469228,118.595073747154,-9.88002498886786,-155.006065649154
41.23712883,-0.0379981819412749,0.512696567385554,-0.826828213708343,-0.228152302149461,118.584412512008,-9.85235530129263,-155.008782142359
41.24717483,-0.0381479399278532,0.512816099780274,-0.826813199031974,-0.227912957928947,118.564265486909,-9.82691772331732,-155.026231907487
41.25722083,-0.0382494822825659,0.513030554875042,-0.826727751189763,-0.227723192236628,118.532697880014,-9.81189624485572,-155.042333823547
41.26726683,-0.0383254285002381,0.513281317275159,-0.82656880747215,-0.227722325169536,118.497866733883,-9.81189207056052,-155.040838330407
41.27731283,-0.0384084825614628,0.513548460362892,-0.826395616140024,-0.227734610788037,118.460787662592,-9.8124904926463,-155.037762391988
41.28735883,-0.0385001894686414,0.513719057495556,-0.826297261954986,-0.227691238879432,118.436072046501,-9.80604448593846,-155.038867748625
41.29740483,-0.0386851607714512,0.513758779553879,-0.826336151089122,-0.227428978300064,118.425745210153,-9.7734800691763,-155.055757298375
41.30745083,-0.0389567791621344,0.513761970281389,-0.826456504161503,-0.226937555241623,118.41732674393,-9.71756779628336,-155.090875618659
41.31749683,-0.0392387008010658,0.513805346434565,-0.826541956876998,-0.226479102472268,118.403560282908,-9.66385305551638,-155.122428999711
41.32754283,-0.0394657035210339,0.513910200315163,-0.826580809600191,-0.226059570596582,118.38289468841,-9.61956636048329,-155.153740445147
41.33758883,-0.0396811481640631,0.513983147095143,-0.826639979688465,-0.225639258470704,118.366705045807,-9.57540652824865,-155.185426479787
41.34763483,-0.0399771273667316,0.514046688568652,-0.826738583443379,-0.225080309901027,118.349465174546,-9.5147966364515,-155.226638055057
41.35768083,-0.0403082018011468,0.514096054971915,-0.826891401391331,-0.224345950342217,118.332496357137,-9.43971222564427,-155.283668903868
41.36772683,-0.0406018199373092,0.514101211019154,-0.827087033665397,-0.223558662970128,118.321878480042,-9.36371154729829,-155.347758448795
41.37777283,-0.0408752044786994,0.514152449741835,-0.827251803077992,-0.222780004460692,118.305601384753,-9.29151048220776,-155.412549624123
41.38781883,-0.0411552901253431,0.514264220761441,-0.827363267648659,-0.222055345995227,118.281465564208,-9.22369955126277,-155.471994353005
41.39786483,-0.0414207112851562,0.514320105046184,-0.827512276804857,-0.221320098407614,118.265025905775,-9.15503568391322,-155.532741555147
41.40791083,-0.0416234162311938,0.514411152322882,-0.827643916446436,-0.220576982380968,118.245104188502,-9.09290450214709,-155.598191191578
41.41795683,-0.0418214566520235,0.514513622262205,-0.827761386387124,-0.219858557888007,118.223913556041,-9.03304440619198,-155.661449280832
41.42800283,-0.042086686184433,0.51466123455628,-0.827878278544277,-0.219020730538417,118.194841789467,-8.96074024797574,-155.73348197964
41.43804883,-0.0422662313039356,0.51487331895396,-0.827936413669054,-0.218266639781535,118.159301795443,-8.9035636495134,-155.802432165951
41.44809483,-0.0422917117256457,0.515054944116526,-0.827975854548251,-0.217682796622818,118.13165898118,-8.8706435916117,-155.862457300231
41.45814083,-0.0424236602181187,0.515165732153916,-0.828075764306564,-0.217013893647661,118.110995316795,-8.82031596176915,-155.924341034589
41.46818683,-0.0427073506928808,0.515246802917807,-0.828236464224359,-0.216150812186552,118.090442863625,-8.74275801669858,-155.997020084484
41.47823283,-0.0429537693039903,0.51530580098231,-0.828422239165972,-0.215247529211827,118.073385288612,-8.66569142516873,-156.075672018458
41.48827883,-0.0432357760883815,0.515377117012236,-0.828595341387486,-0.214352175536307,118.054096748769,-8.58604328441131,-156.151529345307
41.49832483,-0.0435346942634678,0.5154806827747,-0.828739528179525,-0.213483466606419,118.030370839743,-8.50729668629931,-156.223940628673
41.50837058,-0.0437670971697451,0.515584193095021,-0.828853440323204,-0.212742462851872,118.008579582431,-8.44270204502373,-156.287097848016
41.51841658,-0.0439902004747103,0.515678817746783,-0.82897481041387,-0.211992884052184,117.988139887347,-8.37821885315321,-156.351534241749
41.52846258,-0.0442398350763909,0.515764021364461,-0.829108344467792,-0.211210000691847,117.968324980626,-8.30889416453877,-156.417700284873
41.53850858,-0.0444287071932779,0.515883098377417,-0.829205904288749,-0.210495337426578,117.945512970265,-8.25047815962666,-156.480686793741
41.54855458,-0.0445897347795598,0.51604131552022,-0.829247343281929,-0.20990940876557,117.918648575132,-8.20365173885827,-156.53249171556
41.55860058,-0.0447772630919912,0.516105371361449,-0.82931800769466,-0.209432290908567,117.904339884663,-8.15833153012594,-156.570803613078
41.56864658,-0.0449319651291054,0.516088764529435,-0.829458692553418,-0.208882222756493,117.90107042475,-8.10948473910966,-156.61768257206
41.57869258,-0.0450818553296174,0.516027415672872,-0.829645512736272,-0.208258627169645,117.903528502852,-8.05539225431558,-156.671900555364
41.58873858,-0.0452753252050727,0.515907092327857,-0.82988525301851,-0.207558386570612,117.912681183351,-7.99085475909575,-156.730854637232
41.59878358,-0.0454131911904126,0.515906927125154,-0.830031385649412,-0.206943430548307,117.907307113995,-7.94013491415284,-156.785404739708
41.60882958,-0.0455192893968337,0.516057099002788,-0.830019141418119,-0.206594505592868,117.883740319557,-7.91277309572133,-156.816061255636
41.61887558,-0.0457427108526029,0.516213070204768,-0.829993162383616,-0.206259596019352,117.857245563023,-7.87518407902144,-156.838540710739
41.62892158,-0.0458697976208874,0.516269206631042,-0.830042388809161,-0.205892449426282,117.845728822989,-7.84213407960479,-156.868974884913
41.63896758,-0.0459190365462182,0.516335373828773,-0.830084182022484,-0.205546769791771,117.834455547445,-7.81811487507888,-156.901811194467
41.64901358,-0.0459969956305715,0.516263839475636,-0.830199906542769,-0.205241417894181,117.841150929533,-7.79008036248645,-156.927684021407
41.65905958,-0.0461063436334688,0.516188224624488,-0.830313772144681,-0.2049462408112,117.847843497926,-7.75955712931357,-156.950670469406
41.66910558,-0.0462335362653052,0.516150915576829,-0.830378069068327,-0.204750958200352,117.849541060574,-7.73445892449627,-156.962811538499
41.67915158,-0.0463555397426678,0.516036390003581,-0.830491135614831,-0.204553371501002,117.861603175614,-7.70763491466446,-156.974822232166
41.68919758,-0.0464357632853654,0.516002524189104,-0.830577911628872,-0.204268077860446,117.863344385208,-7.68164136014779,-156.998849966397
41.69924358,-0.0464523403502469,0.516066600451248,-0.830578515808089,-0.204099909487264,117.85377327651,-7.67152462397361,-157.015509191527
41.70928958,-0.0464916040218897,0.516135043830748,-0.830536183068285,-0.20409016610231,117.843878818158,-7.66901518349974,-157.014809486083
41.71933558,-0.0465048965307488,0.516189281929573,-0.830491510956489,-0.204131746793352,117.836589530805,-7.6717405531958,-157.010283106567
41.72938158,-0.0465186126514795,0.516221933384204,-0.830451652338014,-0.204208195964603,117.832315988068,-7.67597169329879,-157.002008623883
41.73942758,-0.0465869259640544,0.516208554012342,-0.830449869070017,-0.204233694710981,117.832910345246,-7.67062772468328,-156.995348629965
41.74947358,-0.0466653087853277,0.516224170998276,-0.830459378349392,-0.204137637746334,117.828927083324,-7.65768539762064,-157.000690218373
41.75951958,-0.0467720563308803,0.516283836560033,-0.830440635514432,-0.204038539839466,117.818530173337,-7.6430298345252,-157.005070824286
41.76956558,-0.0468441902315506,0.516355690044375,-0.830398299276169,-0.204012469617898,117.807484204897,-7.63647195125907,-157.004147876172
41.77961158,-0.0469070862809594,0.516427012076935,-0.830361920552156,-0.203965554324388,117.79659400048,-7.62951185684036,-157.005869520097
41.78965758,-0.0469657958351809,0.516531371310408,-0.830304109472635,-0.203923128326858,117.781405226097,-7.62411686356156,-157.007657736593
41.79970358,-0.0469741304525545,0.516677802756916,-0.830211476176256,-0.203927398923619,117.761774489226,-7.62752729161544,-157.007986573803
41.80974958,-0.0470383421577695,0.51683763938026,-0.830114445547178,-0.203902565410027,117.739168940263,-7.6241762219467,-157.00814010502
41.81979558,-0.0470671924558315,0.517028425556446,-0.829978599980349,-0.203965217955435,117.713488914516,-7.630389315242,-157.00173441332
41.82984158,-0.047059408026192,0.517110894786759,-0.829887703887954,-0.204127738302862,117.7033556699,-7.64329221519433,-156.986405500768
41.83988758,-0.0470196496136523,0.51710751567503,-0.829886366594215,-0.204150895965853,117.704661916213,-7.64841914497309,-156.986335897617
41.84993358,-0.0469354666626307,0.517167456177616,-0.829844500593602,-0.204188611520061,117.698443883046,-7.66039403168176,-156.987909360648
41.85997958,-0.0468436567129775,0.517277803860311,-0.829769181416364,-0.204236262771396,117.685699104178,-7.67506653742776,-156.989350652804
41.87002558,-0.046776648510998,0.517406891383916,-0.829668860995223,-0.204332168288305,117.670193618086,-7.69082459452915,-156.984621476667
41.88007158,-0.0467045368610471,0.517580607995923,-0.829540014072856,-0.204431811407061,117.648853834731,-7.70850687419244,-156.980196987292
41.89011758,-0.0466795043703728,0.517738224677638,-0.829422954633365,-0.20451336608311,117.628683895031,-7.72014880772292,-156.974738020234
41.90016358,-0.0466786130076209,0.517855710191648,-0.829335328692028,-0.204571462068576,117.613299068618,-7.72696492999406,-156.969911681215
41.91020958,-0.0466886798319892,0.517943256342185,-0.829264880036532,-0.204633108570428,117.601710141177,-7.73214330102686,-156.963831225196
41.92025558,-0.0466755267114201,0.518020463295866,-0.829193339216154,-0.20473055710497,117.592094629436,-7.74145567897487,-156.955381625857
41.93030158,-0.0466528651046968,0.518071136226603,-0.829139673985115,-0.204824825180586,117.58618172523,-7.75076598397046,-156.94757860554
41.94034758,-0.0466441724879994,0.518066812847685,-0.829129793871457,-0.204877728202523,117.587153324186,-7.75472001229234,-156.942682134867
41.95039358,-0.0466865948776683,0.518076722242329,-0.829119838962949,-0.204883294505495,117.585051856883,-7.7512742678452,-156.939737567962
41.96043958,-0.0467641287105504,0.518090577511034,-0.829106372163983,-0.204885073632278,117.581740951749,-7.74434761759436,-156.935169870161
41.97048558,-0.0468187650209187,0.518119697996221,-0.829093283495781,-0.204851919816255,117.576677922413,-7.73788328963615,-156.935606804302
41.98053158,-0.046798291484757,0.518164436120341,-0.829068584975648,-0.204843399846501,117.571067281478,-7.74052927643446,-156.938047613538
41.99057758,-0.0467709009938927,0.51818290604271,-0.829060571281717,-0.204835367677031,117.569090847904,-7.74315497781374,-156.940614261936
42.00062358,-0.0467795744757356,0.518167043153798,-0.829079456090073,-0.204797075883685,117.570873875746,-7.73955087449284,-156.943855161872
42.01066958,-0.0468129871756104,0.518161179983997,-0.829091430396084,-0.204755795603113,117.570841435733,-7.73367002628453,-156.946047001454
42.02071558,-0.0468089975656985,0.518151660275107,-0.829103171686445,-0.204733254261541,117.57208805571,-7.73241288061503,-156.94848215437
42.03076158,-0.046755949478805,0.51812733748829,-0.829126642475317,-0.204711880635297,117.576243985218,-7.73551571071408,-156.953523495013
42.04080758,-0.0466788297783151,0.518172638509295,-0.82910229224551,-0.204713440067044,117.57167628713,-7.74420763816846,-156.958240820562
42.05085358,-0.0466032429923488,0.518279295556817,-0.829027771645042,-0.204762455984932,117.559106380725,-7.75731983759622,-156.958589719905
42.06089958,-0.0465464866564438,0.518440910377328,-0.828902096029011,-0.204874991704164,117.539127994043,-7.7740128580642,-156.951883392141
42.07094558,-0.0465621004514879,0.518474260933103,-0.828850316990639,-0.204996496496733,117.534916210092,-7.78087104538133,-156.938946872321
42.08099158,-0.0465724066034122,0.518554345548152,-0.828786851764578,-0.205048179700416,117.524269310097,-7.78522334381814,-156.933804000385
42.09103758,-0.0465268633592245,0.51864855913443,-0.828703397727948,-0.205157504585834,117.51304842146,-7.79883045160968,-156.92619066793
42.10108358,-0.0464732019508668,0.518670847148917,-0.828673883931419,-0.205232521565847,117.51142165097,-7.80916175991315,-156.921901991002
42.11112958,-0.0464325841830637,0.518709728053272,-0.828654035646162,-0.205223591130047,117.506967208147,-7.81354867360645,-156.925509825206
42.12117558,-0.046406198536623,0.518772848845828,-0.828609966915606,-0.205247944608177,117.499156118441,-7.81927385477249,-156.925127449824
42.13122158,-0.0464051476810297,0.518811762917666,-0.828574822559031,-0.205291695760533,117.494178267346,-7.82311254540641,-156.921093421022
42.14126758,-0.0464073110763325,0.518818605161114,-0.828564993070121,-0.205313586194512,117.493320822694,-7.82443410684263,-156.918808228006
42.15131358,-0.0463889019720262,0.518801289434898,-0.82856818459119,-0.205348619030604,117.496132392309,-7.82787236732954,-156.916176602556
42.16135958,-0.0463945848111204,0.518779429800618,-0.828574435328358,-0.20537733768905,117.499066066165,-7.82849827615492,-156.912743319742
42.17140558,-0.0463813033083269,0.518723455131923,-0.828610337851659,-0.205376872614178,117.506780155233,-7.82822093926115,-156.913073691071
42.18145158,-0.0463764963811471,0.518647697240105,-0.828666083568899,-0.205344366062304,117.516830792927,-7.82463281879642,-156.915986653568
42.19149758,-0.0464253661858171,0.518585957266747,-0.828711772952263,-0.205304865189703,117.523964336816,-7.81586749982332,-156.916609486618
42.20154358,-0.0464802967180925,0.518500522686892,-0.828778016539666,-0.205240808054821,117.53403384859,-7.8043757255701,-156.919163890081
42.21158958,-0.0465522695609982,0.518386196194097,-0.828868344187483,-0.205148496943152,117.547507233694,-7.78874166427618,-156.923342168496
42.22163558,-0.0466370895433149,0.518312294370712,-0.828939930468116,-0.205026678894752,117.55521776742,-7.77116842858557,-156.930118947492
42.23168158,-0.04671254193875,0.518232216094842,-0.82901519002238,-0.204907597075379,117.563940806914,-7.75449250056977,-156.937111008014
42.24172758,-0.0467768669293247,0.518175729526033,-0.829075748904048,-0.204790723983366,117.569739950241,-7.73965561706702,-156.944731665318
42.25177358,-0.0468311586007714,0.518145094814579,-0.829107890172543,-0.204725693935409,117.572509378595,-7.72965407717794,-156.947903423041
42.26181958,-0.0468852511049831,0.518113068339873,-0.829130883048239,-0.204701246747332,117.575643939231,-7.72212009382049,-156.946960524036
42.27186558,-0.0469376173201808,0.51807954827959,-0.829146371422525,-0.204711349200723,117.579159582345,-7.71682690741192,-156.942602609056
42.28191158,-0.0469781133944533,0.518051893537301,-0.829156621415782,-0.204730529298101,117.582157989041,-7.71338277544463,-156.938065267263
42.29195758,-0.0470285385637022,0.518023832981627,-0.829163146869637,-0.204763524331916,117.585080867908,-7.70982462671897,-156.931546626399
42.30200358,-0.0470880435786491,0.51801320592506,-0.829158630301903,-0.204795020532846,117.58550056116,-7.70577882634616,-156.924802187912
42.31204958,-0.0471242640272364,0.517989642999617,-0.829163851271251,-0.20482514794343,117.588080867711,-7.70352411778008,-156.919439049489
42.32209558,-0.0471675866914321,0.51796029466808,-0.829172065577891,-0.204856138737298,117.591299993678,-7.70048658793841,-156.913525827461
42.33214158,-0.0472294347719926,0.517923316864179,-0.829181922134681,-0.204895481513287,117.595217858314,-7.69598302317226,-156.905623401247
42.34218758,-0.0472854260707969,0.517890325185907,-0.82918880705626,-0.204938092634714,117.598729425088,-7.69234701476088,-156.89776449821
42.35223358,-0.0473408259453116,0.517834011028985,-0.829214190451403,-0.204964898395979,117.605290194191,-7.6871668882844,-156.891342793321
42.36227958,-0.0474187804887808,0.51776795848306,-0.829251304356115,-0.204963593471922,117.612594593433,-7.67784541956757,-156.886377911326
42.37232558,-0.0475023517060362,0.517692824438837,-0.829293709304216,-0.204962459527082,117.621000193427,-7.66775089294111,-156.880992657652
42.38237158,-0.0475510892288079,0.517644876564595,-0.829318369300309,-0.204972481130167,117.626497478547,-7.66240553825145,-156.876733987783
42.39241758,-0.0475725187141435,0.517606340785272,-0.829326517042994,-0.205031850138973,117.631475911492,-7.66294567908135,-156.869138399331
42.40246358,-0.0475976252571663,0.517532985694654,-0.829352642129818,-0.205105508897604,117.641082660607,-7.66306311775194,-156.859582067731
42.41250958,-0.0476198839493583,0.51747229752588,-0.829382830345167,-0.2051313936836,117.648850210771,-7.66087196672258,-156.855144889615
42.42255558,-0.047622494563959,0.517451326722747,-0.829388593486455,-0.205160384769905,117.651717995173,-7.66182702440583,-156.851873474513
42.43260158,-0.0476118122512458,0.517446652305381,-0.829383122133402,-0.20519676915672,117.652702246569,-7.66494752192704,-156.84876349083
42.44264758,-0.0475933227603079,0.5174629300487,-0.829368643751783,-0.205218528440724,117.650982782511,-7.66848839284025,-156.847769579049
42.45269358,-0.047558138560919,0.517481401701293,-0.829344751066758,-0.205276657776532,117.649448158849,-7.67591029777716,-156.844075112262
42.46273958,-0.0475322499005032,0.517496629737381,-0.82931481091647,-0.205365205973231,117.648299043661,-7.68421742768448,-156.836727302808
42.47278458,-0.0475184101653632,0.517512110316753,-0.82928701270165,-0.205441638757168,117.646833295223,-7.69063869269847,-156.829910624772
42.48283158,-0.0474966795868454,0.517534905314565,-0.829258843977857,-0.205502936460229,117.644479288405,-7.69708700465507,-156.825150358906
42.49287658,-0.0474817469643667,0.517559736671788,-0.829229308396602,-0.205563023857732,117.641718645813,-7.70286722831346,-156.820135577633
42.50292308,-0.047472637441399,0.517596490580388,-0.82919523152809,-0.205610042664025,117.63720178495,-7.70761564584247,-156.816210869309
42.51296908,-0.0474402717485728,0.517646088244631,-0.829149547550797,-0.205676872150861,117.631505765292,-7.7161492897473,-156.811738293296
42.52301508,-0.0473988314620802,0.517664740091162,-0.829118042157851,-0.205766469111738,117.630204647831,-7.72610253342611,-156.805217176525
42.53306108,-0.0473753544737221,0.517659890590128,-0.829107040323327,-0.205828397333795,117.631569829993,-7.73200563774066,-156.800256680697
42.54310708,-0.0473574003890733,0.517645489818562,-0.829106722221825,-0.205870023717568,117.634013285585,-7.73587790741105,-156.796952334283
42.55315308,-0.0473450991827042,0.517629855106075,-0.829111534369227,-0.20589278341445,117.636430701238,-7.73802120844507,-156.79522287942
42.56319908,-0.0473284648882114,0.51762029230914,-0.829118635849544,-0.205892052027557,117.638020004377,-7.73930580134337,-156.796180708289
42.57324508,-0.0473151686447481,0.517615990918768,-0.829121183552366,-0.205895662280742,117.63886340527,-7.74068044299089,-156.796549557136
42.58329108,-0.0472991793649087,0.51761304693909,-0.829121615839821,-0.205904996095294,117.639602503068,-7.74269981846607,-156.796505819153
42.59333708,-0.0472936302530784,0.517601171964341,-0.829129500152493,-0.205904374153401,117.641287853826,-7.74286877441288,-156.796788656517
42.60338308,-0.0473128504565023,0.517580589143189,-0.829146819415825,-0.205881955927397,117.643563638407,-7.73909910448884,-156.797769199308
42.61342908,-0.0473430772811205,0.517564185061702,-0.829169525424695,-0.205824793166313,117.644920610408,-7.73226452854038,-156.801671751232
42.62347508,-0.0473586157459073,0.517569257740208,-0.829179691645257,-0.205767499668821,117.643697937068,-7.72741046911711,-156.806625727994
42.63352108,-0.0473680481824056,0.517575071680205,-0.829185520445189,-0.205727212275529,117.642567624277,-7.72420111017917,-156.810215226953
42.64356708,-0.0473861707759015,0.517577292905117,-0.829192355242775,-0.205689899351299,117.641762394473,-7.72024549289058,-156.812967151117
42.65361308,-0.0473991461496085,0.51758153996071,-0.829190922869073,-0.205681996946071,117.640913784825,-7.71863720733285,-156.813051743644
42.66365908,-0.0474140397025172,0.517571621045857,-0.829196802569726,-0.205679820437483,117.641940124649,-7.7168106861369,-156.812322084199
42.67370508,-0.0474538800693044,0.517546809932751,-0.829220415306992,-0.205637865270238,117.644299124377,-7.70975990844524,-156.814050826785
42.68375108,-0.0475121704512448,0.517532345448075,-0.82923904633748,-0.205585673390277,117.64488184705,-7.7006008492657,-156.815835431777
42.69379708,-0.0475521548308314,0.517527196882272,-0.82925159778688,-0.205538756992518,117.644597577195,-7.6937677870101,-156.818228073689
42.70384308,-0.0475972784344922,0.517517433424137,-0.829270004281375,-0.205478624647168,117.644772194462,-7.68550925182964,-156.821623103912
42.71388908,-0.047660497718613,0.517516286495311,-0.829288243298422,-0.205393231865935,117.643343010936,-7.67420967079106,-156.826602846985
42.72393508,-0.0477263835315004,0.51752924225399,-0.829295311753788,-0.205316734900501,117.640023064206,-7.6635831942977,-156.830645248173
42.73398108,-0.0477816212262808,0.517540327608637,-0.829299608037202,-0.205258583452866,117.637235775332,-7.65504635008001,-156.833428755515
42.74402708,-0.047821691988285,0.517541448569354,-0.829307426429293,-0.205214831962349,117.636128752646,-7.64856952431954,-156.83554750137
42.75407308,-0.0478568731114312,0.517532234131317,-0.829316313365413,-0.205193953899826,117.636590443722,-7.64367913165789,-156.835542189619
42.76411908,-0.0478769637232958,0.517533568322103,-0.82931614283632,-0.205186591266381,117.63599519654,-7.64134479826595,-156.835132879908
42.77416508,-0.0478719166848522,0.517556142851624,-0.829298478281527,-0.205202223451434,117.633152971691,-7.64339746109107,-156.834033122492
42.78421108,-0.0478587547666453,0.517581175538689,-0.829273258475341,-0.205244072016379,117.630251972479,-7.64789724680948,-156.830767088383
42.79425708,-0.0478456389057942,0.517608040792663,-0.829247748066643,-0.205282447546979,117.62709107762,-7.6522300849958,-156.827866392104
42.80430308,-0.0478352785458829,0.517631895112771,-0.829226540438998,-0.205310379474517,117.624233281147,-7.65557861664022,-156.82583920825
42.81434908,-0.0478243576714309,0.517646727644427,-0.829211534542752,-0.205336132118989,117.622578434752,-7.65860209632851,-156.823988678286
42.82439508,-0.0478024463342057,0.517660473874815,-0.829194863846103,-0.205373897278622,117.621331116918,-7.6633817631402,-156.821549300911
42.83444108,-0.0477380334875001,0.517675492294284,-0.829173994992131,-0.205435271716927,117.620832248105,-7.67370290975565,-156.819196226111
42.84448708,-0.0472854873107044,0.517640318716435,-0.829172224085323,-0.205635614459986,117.635058972663,-7.72825958749509,-156.824865465737
42.85453308,-0.0469864720212195,0.517648440802366,-0.82914695426041,-0.205785547166375,117.64034661158,-7.76623870381969,-156.827091949586
42.86457908,-0.0469749559603105,0.517672390030011,-0.829126102638974,-0.205811943375134,117.63749144934,-7.76960663031141,-156.825290218414
42.87462508,-0.0469891302389426,0.517668934213931,-0.829126835884182,-0.205814446057329,117.63769211672,-7.7683110371401,-156.824183170355
42.88467108,-0.0469894484744884,0.517662653489646,-0.829128830105483,-0.20582213681243,117.638556384255,-7.76858062282002,-156.82332997763
42.89471708,-0.046989714408313,0.517655822504694,-0.829130225411753,-0.205833635432769,117.639511607021,-7.76907333978656,-156.822088708381
42.90476308,-0.0469895002372069,0.517647500859429,-0.829131566418394,-0.205849210078702,117.640692409677,-7.76982090671515,-156.82044883671
42.91480908,-0.046980515343472,0.517654975916487,-0.829122574891916,-0.205868678753136,117.639953376458,-7.77207486661676,-156.819060135268
42.92485508,-0.0469650031444836,0.517676059688008,-0.829103500043294,-0.20589602211188,117.637560521999,-7.77580505397937,-156.817369581011
42.93490108,-0.0469588411646292,0.517693609751643,-0.829085073652958,-0.205927497689496,117.635477947517,-7.7787984930043,-156.814686197676
42.94494708,-0.0469573205627406,0.517713757542048,-0.829066388020798,-0.205952420600993,117.632931960535,-7.78101794037422,-156.812420702266
42.95499308,-0.0469494167611494,0.517736633392355,-0.829046985704068,-0.20597481934532,117.630133344967,-7.7837672984598,-156.810805783678
42.96503908,-0.0469325122102244,0.517764033376433,-0.829025341087616,-0.205996914719534,117.626902474741,-7.78748157636226,-156.809783812048
42.97508508,-0.0469061556782226,0.517796035831066,-0.828999878193978,-0.206024949439363,117.623264788214,-7.79258829649057,-156.808748413512
42.98513108,-0.0468860795645275,0.51782828735004,-0.828973390167218,-0.206055038176365,117.6194828823,-7.79722747998498,-156.807142245091
42.99517708,-0.0468717722506128,0.51785804487747,-0.828950652190892,-0.206074982843785,117.615878535787,-7.80062634547434,-156.806208698263
43.00522308,-0.046854197305716,0.517886253180102,-0.82893119734082,-0.206086348497488,117.61250519774,-7.80376998221658,-156.806322038478
43.01526908,-0.0468478301342187,0.517905258822717,-0.828918648380548,-0.206090509394427,117.610112487296,-7.80515071894582,-156.806435265877
43.02531508,-0.0468616824346864,0.517924847013066,-0.828909697618207,-0.206074134137149,117.607166126912,-7.8033571124964,-156.807462460367
43.03536108,-0.0468894726159669,0.51795274170719,-0.828903103216623,-0.206024222346919,117.602699771164,-7.7984033220123,-156.811154334928
43.04540708,-0.0469564675377211,0.517994799524281,-0.828892590256469,-0.205945506481936,117.595471746768,-7.78832378317183,-156.815612746298
43.05545308,-0.0470745617598907,0.518044497277291,-0.828889139284394,-0.205807383862218,117.585990370996,-7.76992944916562,-156.823191702233
43.06549908,-0.0472303109016845,0.518101883511177,-0.828890554491692,-0.205621459747656,117.574557197539,-7.74521704478177,-156.833491853001
43.07554508,-0.0473799480207057,0.518161260753493,-0.828882762692528,-0.205468766704598,117.563120574168,-7.72317838790246,-156.840788137713
43.08559108,-0.047463601482763,0.518228341794983,-0.828850667753842,-0.205409743826132,117.552325272698,-7.71339301672904,-156.842485588522
43.09563708,-0.047486435749948,0.518309169186318,-0.828795769054244,-0.20542204544532,117.541169937029,-7.71416311032179,-156.840605901516
43.10568308,-0.0474381951317536,0.518387711327928,-0.828725629734258,-0.205517953007498,117.532040531907,-7.72678640827612,-156.834365252782
43.11572908,-0.0471794743615827,0.518523839037873,-0.828528067480084,-0.206030014672882,117.521071165477,-7.78660303311179,-156.798673860891
43.12577508,-0.0468056741363367,0.518625057044943,-0.828354038955335,-0.206559592418642,117.517039140113,-7.85754854187622,-156.767592422984
43.13582108,-0.0466206775865411,0.518684255693837,-0.828251686301507,-0.206862996824978,117.514014958333,-7.89544783850579,-156.748096164885
43.14586708,-0.046523390357354,0.518774020059095,-0.828147106066315,-0.207078393308842,117.504855126304,-7.9204088821701,-156.732695916071
43.15591308,-0.0463479884839879,0.518931902019462,-0.827991908407083,-0.207342577977484,117.488316356832,-7.95769214290222,-156.717495552543
43.16595908,-0.0461575076040836,0.519173097644474,-0.827775530832425,-0.20764500891935,117.461119276446,-8.00105264517016,-156.700042970819
43.17600508,-0.0459775938089304,0.519355648362062,-0.827607148644609,-0.2078994441895,117.441325264383,-8.03886158113191,-156.686332452972
43.18605108,-0.0458101813741603,0.519408261689581,-0.827540527644392,-0.208070084531907,117.438252605341,-8.0667733060606,-156.679233305872
43.19609708,-0.0457050340374032,0.519381301247738,-0.827547000806508,-0.208134752585913,117.444137620972,-8.0800480136154,-156.678545547679
43.20614308,-0.0456592663736929,0.519322460107163,-0.827594680018447,-0.208102040902113,117.452709403693,-8.08079605669948,-156.683995656549
43.21618908,-0.0456680206423502,0.519243349336808,-0.827668784760129,-0.208002785543356,117.46265065494,-8.0716954625255,-156.692844190074
43.22623508,-0.045694567088245,0.519132158778382,-0.827768986101173,-0.20787571746058,117.476408922431,-8.05831133023806,-156.703192499331
43.23628108,-0.0456984833082981,0.518976596933416,-0.827893956132113,-0.207765583912858,117.496591428312,-8.04691780107491,-156.712741403551
43.24632708,-0.0457032463606504,0.518781215722248,-0.828039159565542,-0.207673815662533,117.522149957795,-8.03548596502962,-156.720022791471
43.25637308,-0.0455503795405387,0.518575425965265,-0.828156962352775,-0.207751621450425,117.552845949702,-8.04923752953333,-156.719158845643
43.26641908,-0.0454892522250006,0.51833321809554,-0.828323334188068,-0.207706179470653,117.586097963424,-8.04567089175387,-156.725145171028
43.27646508,-0.0456163244185519,0.518057458498289,-0.828544771555953,-0.207482968380851,117.619447536824,-8.01231043404027,-156.73795945025
43.28651108,-0.0457933183206691,0.517819126626359,-0.828746335332307,-0.207233770825047,117.646736422364,-7.97361894860774,-156.750864037679
43.29655708,-0.0459281090323597,0.517645143721601,-0.828895207640576,-0.207043108392049,117.666507739247,-7.94431113163727,-156.760857284298
43.30660308,-0.0459840922137072,0.517567724957546,-0.828954053022705,-0.206988626071052,117.675516129025,-7.93351194661164,-156.762455920696
43.31664908,-0.0459662502294957,0.517575117023469,-0.828934864094929,-0.20705094340742,117.675149144628,-7.93923401610595,-156.757228991737
43.32669508,-0.0459060529274837,0.517622426681187,-0.82888157020212,-0.207159359625787,117.670474844468,-7.95291702758734,-156.750131846479
43.33674008,-0.0458419733875599,0.517698676222844,-0.828808194996271,-0.207276554438927,117.662057311034,-7.96829968524898,-156.742626276114
43.34678608,-0.0457729146214032,0.517790034309793,-0.828732797954268,-0.20736506516628,117.651591371919,-7.98281606381211,-156.738458083902
43.35683208,-0.0457081385615486,0.517887534554223,-0.828655121003592,-0.207446277520494,117.640191468904,-7.99664508492794,-156.73483929734
43.36687808,-0.0456704942463946,0.517982638993659,-0.828575972054223,-0.207533250807805,117.628620987037,-8.00816932306662,-156.729042026833
43.37692408,-0.0456588272351827,0.518043884624554,-0.828525320552461,-0.207585159156553,117.620912320635,-8.01413832208869,-156.724996234396
43.38697008,-0.0456573190179617,0.518076071461472,-0.828501465174302,-0.20760037476646,117.616718842121,-8.01609438533589,-156.723826827105
43.39701608,-0.0456765663242667,0.518086810390147,-0.82849928177114,-0.207578053496253,117.614821382744,-8.01318031861407,-156.725072133952
43.40706208,-0.0457089951031768,0.518101044036189,-0.828502209219755,-0.207523698052185,117.612063514607,-8.00713877159827,-156.728835783527
43.41710808,-0.0457346228702716,0.518123804398819,-0.828497685997417,-0.207479280611666,117.60834288916,-8.00258913500053,-156.732061001341
43.42715408,-0.0457889645354156,0.51813768553483,-0.828501710957362,-0.20741654826968,117.605178776902,-7.99392999387432,-156.735399037833
43.43720008,-0.0459052440134864,0.51814603299754,-0.828516666215986,-0.20731022855451,117.601380720252,-7.97652876120721,-156.739515832368
43.44724608,-0.0460454788868392,0.518147052715072,-0.828541411445272,-0.207177641547158,117.597986325152,-7.9550285319237,-156.744840921976
43.45729208,-0.0461955585746328,0.518163618044597,-0.828551297864037,-0.207063232155619,117.592413164958,-7.93412640700978,-156.74788477951
43.46733808,-0.0463087316802361,0.518181567638276,-0.828549705732058,-0.206999394833481,117.587582225418,-7.91988888250407,-156.747949396095
43.47738408,-0.0463473978206442,0.518195932417861,-0.828539516253314,-0.206995566009426,117.584914198785,-7.91635150354541,-156.746219028366
43.48743008,-0.046122691264215,0.518206780194839,-0.828534897585928,-0.207037083134687,117.587928231857,-7.94066547397796,-156.755152825236
43.49747608,-0.0459002865145809,0.518247804791746,-0.828492032461231,-0.207155324997149,117.587212133932,-7.97028711941572,-156.756432416091
43.50752121,-0.0458934352044286,0.518267538817899,-0.828471190118752,-0.207190824980243,117.584870394702,-7.9736565047467,-156.753402798019
43.51756721,-0.0459481443793581,0.518245588409352,-0.828495773620703,-0.207135296883393,117.586509518994,-7.96442528483318,-156.755666262004
43.52761321,-0.0459732779170674,0.518212486246947,-0.828526593752582,-0.207089256747088,117.5902392065,-7.95829801723617,-156.758585326676
43.53765921,-0.0459731115045421,0.518172128100375,-0.828558551099319,-0.207062420730362,117.595502426655,-7.95556797822839,-156.760960253986
43.54770521,-0.0459581125160953,0.518118511455257,-0.828596481320051,-0.207048137217837,117.602870690019,-7.95466337262817,-156.762804812017
43.55775121,-0.0459468421949027,0.518054481264755,-0.828643099337161,-0.207024288562301,117.611513139569,-7.95253259903348,-156.765311370636
43.56779721,-0.0459397029632576,0.517981823361912,-0.828697916125895,-0.206988256108687,117.621172192034,-7.94902579089651,-156.768738484834
43.57784321,-0.0459528642087852,0.517903069589131,-0.828759448177547,-0.206936033202563,117.631185375059,-7.94242129399053,-156.772577191631
43.58788921,-0.0459628877468314,0.51781950980493,-0.828822749109338,-0.206889387775674,117.641922966685,-7.93632826592307,-156.77599010416
43.59793521,-0.0459577064419804,0.517755006144344,-0.828871377690673,-0.206857153795146,117.650473477713,-7.93309159037054,-156.778991794386
43.60798121,-0.0459475573465514,0.5176800704765,-0.828919913455519,-0.206852468397711,117.660631165418,-7.93173278869827,-156.779393017673
43.61802721,-0.045949957327678,0.517616998036118,-0.828960518256896,-0.206847054455511,117.668965976467,-7.92945304787104,-156.779245308289
43.62807321,-0.045988847590106,0.517584349424105,-0.82898856378345,-0.206807708378615,117.672401922784,-7.92243644716294,-156.780695165448
43.63811921,-0.0460542136298438,0.517573326595924,-0.829008829237243,-0.206739502877562,117.672324430967,-7.91171135809898,-156.783730284673
43.64816521,-0.04613137377668,0.517599873512316,-0.82900339856957,-0.206677605109052,117.667045004499,-7.90126837575934,-156.785771744496
43.65821121,-0.0461886852017034,0.517652324709551,-0.828975326882531,-0.206646034324726,117.658826127929,-7.89528528911766,-156.786113409298
43.66825721,-0.0462003198745161,0.517720744504455,-0.828930839570908,-0.206650488413444,117.649507883441,-7.89630972377737,-156.785588891909
43.67830321,-0.046178322910176,0.517807599990032,-0.828865274054541,-0.206700772500386,117.638575762167,-7.90385822072279,-156.782527270315
43.68834921,-0.0461403365466421,0.517905431691623,-0.828787409395413,-0.20677636033966,117.626596630916,-7.91478505531146,-156.77792361006
43.69839521,-0.0460938342962327,0.517996115168343,-0.828713443144952,-0.2068560181895,117.615749214674,-7.92658175759368,-156.773339787443
43.70844121,-0.0460582839838292,0.518068347508203,-0.828654655656979,-0.206918543017775,117.607075818681,-7.93578005936253,-156.769697220517
43.71848721,-0.0460280800026593,0.518108245652058,-0.828619250806609,-0.206967144328057,117.60254831154,-7.94273304782573,-156.766871734655
43.72853321,-0.0460019130459215,0.518123424111296,-0.828605570953939,-0.206989732033736,117.601122884928,-7.94703212293815,-156.766233163356
43.73857921,-0.0459853251965254,0.518127649833769,-0.828602992417774,-0.206993162448948,117.600889867612,-7.94894300815964,-156.766885639416
43.74862521,-0.045978639037677,0.518120206807438,-0.828608821252712,-0.20698994514771,117.60199459137,-7.94918188515268,-156.767534364357
43.75867121,-0.0459759247293791,0.518111633628602,-0.828616582854232,-0.206980936472314,117.603148648443,-7.94865545747335,-156.768530241688
43.76871721,-0.0459712669217929,0.518102942953703,-0.828622560377981,-0.206979795035544,117.604390447279,-7.94879367149321,-156.768839429319
43.77876321,-0.0459669726422056,0.518087882405319,-0.828629671495649,-0.206989978133958,117.606525111141,-7.94941730902594,-156.767921579139
43.78880921,-0.045958720659423,0.518081660545623,-0.828631048968388,-0.207001868801198,117.607564340788,-7.95076490936857,-156.767138584134
43.79885521,-0.0459593190157543,0.518086483406601,-0.828628856451871,-0.20699844193195,117.606894758649,-7.95062929026869,-156.767494465186
43.80890121,-0.0459865670973946,0.518087050603901,-0.828633953478501,-0.206970565022509,117.606177161347,-7.94633228406777,-156.76874693365
43.81894721,-0.0460372504396362,0.518086775625361,-0.828645525638108,-0.206913647046346,117.604997027059,-7.93799298680855,-156.771578632029
43.82899321,-0.0460981320136074,0.518092786367355,-0.828653406862395,-0.206853470442999,117.602770795439,-7.92865077579984,-156.774204152167
43.83903921,-0.0461470718055322,0.518107149764007,-0.828652979186426,-0.206808290966906,117.599724920896,-7.92159663119902,-156.776074434292
43.84908521,-0.0461865470190405,0.518130076928193,-0.828643389727827,-0.206780460675617,117.595794636362,-7.91674363161643,-156.776808917219
43.85913121,-0.0462156793857691,0.518160690462649,-0.828624990820501,-0.206770970945894,117.591117921034,-7.9142126030053,-156.776350431573
43.86917721,-0.0462394280598644,0.518191387684738,-0.828603193525181,-0.2067760834863,117.586597244774,-7.91309335302696,-156.774723366949
43.87922321,-0.0462575919920269,0.51821676622398,-0.828582937516487,-0.206789588819191,117.582928954394,-7.91287731536453,-156.772521962167
43.88926921,-0.0462714726888984,0.518234609880036,-0.828565354046169,-0.206812219203879,117.580387058473,-7.91342454830263,-156.769576825551
43.89931521,-0.0462825356185104,0.518252370272678,-0.828548613925065,-0.206832303971905,117.577898461066,-7.91408289679604,-156.767052953772
43.90936121,-0.0462923124019045,0.518273481332378,-0.828530905755374,-0.206848153407955,117.574968753057,-7.91469607299435,-156.765063176969
43.91940721,-0.0462908805304923,0.518289468534249,-0.828516846434572,-0.206864729618923,117.572938507514,-7.91628517058888,-156.763605574594
43.92945321,-0.0462828209831656,0.518304584273161,-0.828503782413629,-0.206880982522743,117.571149051259,-7.91846404048879,-156.762558165046
43.93949921,-0.0462689462700832,0.518319964507639,-0.82848919647033,-0.206903964040815,117.569464883045,-7.9216183279666,-156.761168223613
43.94954521,-0.0462515319115941,0.518325838587932,-0.828481117290353,-0.206925491762802,117.569108869667,-7.92476237053106,-156.760047421488
43.95959121,-0.04623407322558,0.518329064150051,-0.828475507703667,-0.206943772231628,117.569092319229,-7.9276393229936,-156.759235265506
43.96963721,-0.046215950749883,0.518339029111869,-0.828465652089211,-0.206962315661687,117.568191067566,-7.93077976206831,-156.758494631676
43.97968321,-0.0461963168231038,0.518347034121218,-0.82845619281751,-0.206984514184112,117.567596131551,-7.93423525137803,-156.757453574828
43.98972921,-0.0461761387057849,0.518360751519136,-0.82844154424474,-0.207013292491404,117.566279301154,-7.93830208829925,-156.755827064137
43.99977521,-0.0461525173559474,0.518375794962312,-0.828424513961974,-0.207049040098638,117.564882232388,-7.94316150362897,-156.753705172407
44.00982121,-0.0461353217713495,0.51839071359091,-0.828412132295058,-0.207065060341228,117.563291551421,-7.9461940674385,-156.753210797437
44.01986721,-0.0461296648891685,0.518412829317646,-0.828399037449857,-0.207063340956907,117.56044270446,-7.94723288441641,-156.753910119157
44.02991321,-0.0461408565212268,0.518426660186109,-0.828395170554282,-0.20704168848352,117.558289234365,-7.94521340491947,-156.755579749809
44.03995921,-0.0461709469425346,0.5184334191823,-0.828400322844354,-0.206997436324101,117.556618654919,-7.93980933108949,-156.758381703627
44.05000521,-0.0462003907422347,0.518421927215709,-0.828425961853597,-0.206917024442548,117.557232624607,-7.93175179649528,-156.764728410476
44.06005121,-0.0462172506435204,0.518387722587348,-0.828454980861546,-0.206882767526327,117.561319880459,-7.92710719680912,-156.76692198086
44.07009721,-0.0462213985150312,0.518351659804538,-0.828482263098603,-0.206862946967821,117.56596070559,-7.92451187143215,-156.768373090758
44.08014321,-0.0462335635606157,0.518337279623096,-0.828496509286103,-0.206839203861738,117.567540862443,-7.92150159646214,-156.76994832765
44.09018921,-0.0462395189933154,0.518358030486225,-0.828480650405963,-0.206849392110834,117.564706530179,-7.92212317178413,-156.768752015405
44.10023521,-0.0462598833876873,0.518386247732819,-0.828462432627366,-0.206847091049388,117.560547159196,-7.92080599282473,-156.768051757349
44.11028021,-0.0462446004554457,0.518412271194297,-0.828451107471329,-0.206830646987854,117.557294918937,-7.92196793868323,-156.770838434216
44.12032621,-0.0462089581865205,0.518432720728229,-0.828442004904798,-0.20682381577314,117.555215382192,-7.92551247181305,-156.773783599329
44.13037221,-0.0461652912369619,0.518435045227868,-0.828438953145229,-0.20683996392434,117.555807002136,-7.9307384023114,-156.774703160835
44.14041821,-0.0461214409022762,0.518453195947281,-0.828417606939066,-0.206889740718336,117.554441716465,-7.9384755658155,-156.772361355368
44.15046421,-0.0461145958418859,0.518479719508487,-0.828391982114576,-0.206927399048613,117.551203194097,-7.94216234768324,-156.769173176363
44.16051021,-0.0461102471132357,0.518485565070793,-0.828387499159335,-0.206931667854196,117.550525392205,-7.94299911039956,-156.769044573984
44.17055621,-0.046091045001964,0.51848549773751,-0.828388445734795,-0.206932325120087,117.550901917106,-7.94487232463753,-156.770093110531
44.18060221,-0.0460726282744143,0.51848452803512,-0.828388588373592,-0.206938284917253,117.551407476596,-7.94697105457829,-156.770549954483
44.19064821,-0.0460519231641741,0.51848842853217,-0.828384963692014,-0.206947630525461,117.551322161629,-7.94962893418553,-156.77083941916
44.20069421,-0.0460468137313357,0.518502409440103,-0.828378213199507,-0.2069407602344,117.549524205098,-7.95007722395378,-156.771957525828
44.21074021,-0.0460631938663384,0.518510661172348,-0.828380558170317,-0.206907049824023,117.547962441597,-7.94666993496476,-156.774499360121
44.22078621,-0.0460779147923197,0.518516007603407,-0.828381884852171,-0.206885061027084,117.546871955171,-7.94406073456155,-156.775922396287
44.23083221,-0.0460825096507876,0.518522851556338,-0.828380009796064,-0.206874392055762,117.54582452578,-7.94315408578833,-156.776798576809
44.24087821,-0.0460858055018966,0.518530759791824,-0.82837731145159,-0.206864640654683,117.544663934145,-7.94245683916601,-156.777666567459
44.25092421,-0.0460812607782325,0.518542458054863,-0.828368772981445,-0.206870521217317,117.543216528998,-7.94357075491272,-156.777437788132
44.26097021,-0.0460708240951276,0.518559298072346,-0.828356759079182,-0.206878740419952,117.541205722778,-7.94553129808755,-156.777359791939
44.27101621,-0.0460602212843979,0.518571265883955,-0.828345611254541,-0.206895738308179,117.539886925024,-7.94791325495692,-156.776357584507
44.28106221,-0.0460380292228477,0.518581570489765,-0.8283359489356,-0.206913533425448,117.539013368265,-7.95140608015226,-156.775933310661
44.29110821,-0.046023317403461,0.518595208783949,-0.828326745364509,-0.206919468864949,117.537500299812,-7.95354775989238,-156.77630723149
44.30115421,-0.0460170688659274,0.518603194975776,-0.828318079254047,-0.206935533717128,117.536625633124,-7.95534794206025,-156.775111372839
44.31120021,-0.0459987457593105,0.518611969895941,-0.828311195876657,-0.2069451687153,117.535846091533,-7.95792894348921,-156.775276685506
44.32124621,-0.0459784392818515,0.518627046372453,-0.828300237784607,-0.206955758504453,117.534268018448,-7.96092990880013,-156.7755164399
44.33129221,-0.0459663604388381,0.518646218511,-0.828286398626115,-0.206965783604991,117.531985118757,-7.96322186839654,-156.775371778241
44.34133821,-0.0459661388713656,0.518666500702944,-0.828275102530728,-0.206960212730694,117.529259521791,-7.96345456198803,-156.776130236007
44.35138421,-0.0459839755411742,0.51868340491959,-0.828267039269109,-0.206946155110054,117.526604014443,-7.96134917431754,-156.776670034872
44.36143021,-0.0460190757725461,0.518692658142694,-0.828268390846475,-0.206909747905939,117.52454156901,-7.95601468788597,-156.778405661496
44.37147621,-0.0460580119082421,0.518705307376969,-0.828271015691673,-0.206858860586411,117.521888817766,-7.94951803460983,-156.781417195029
44.38152221,-0.0460957755188668,0.518722032749624,-0.828269978246821,-0.206812657626225,117.518735681356,-7.94353188527137,-156.784057409394
44.39156821,-0.0461197576290441,0.518742363014432,-0.828266402880582,-0.206770632899604,117.515381950152,-7.93921690194029,-156.787106573545
44.40161421,-0.0461376655413388,0.518764800549008,-0.828259738266108,-0.206737039490028,117.511900058969,-7.93605682165049,-156.789671994449
44.41166021,-0.0461559589527261,0.518786148827096,-0.828253491058815,-0.206704411629725,117.508560457864,-7.93288935342526,-156.792107154558
44.42170621,-0.0461752172152763,0.51880659643667,-0.828248166281763,-0.206670123287855,117.505315314251,-7.92950318229919,-156.794646416163
44.43175221,-0.0461879749236734,0.518825318575126,-0.828240497614976,-0.206651005050463,117.50249116683,-7.92762170123903,-156.796009484149
44.44179821,-0.046186077567142,0.518838342060859,-0.828235281094068,-0.206639638495452,117.500739614576,-7.92746045514749,-156.797388055953
44.45184421,-0.0461740774911591,0.518840119800801,-0.828237828947357,-0.206627644214175,117.500676822001,-7.92791925027799,-156.799318277239
44.46189021,-0.0461654871000775,0.518842024410743,-0.828240449798961,-0.206614275457892,117.500526281442,-7.92797144904579,-156.801190729752
44.47193621,-0.0461629369838537,0.518842264865099,-0.828246007026507,-0.206591963259289,117.500443334736,-7.92685251138729,-156.80360426953
44.48198221,-0.0461584407265296,0.518841864332533,-0.828251353685301,-0.206572537584507,117.50049563649,-7.92607914831862,-156.805832528955
44.49202821,-0.0461432313846399,0.518846212013619,-0.828252045040406,-0.20656224331394,117.500158396987,-7.92701886509448,-156.80779970275
44.50207421,-0.0461301067783464,0.518847277835154,-0.828254981911414,-0.206550721302522,117.500213840314,-7.92759468973026,-156.809741099205
44.51212063,-0.0461171143411443,0.518850093814987,-0.82825365543357,-0.206551867999188,117.500089662379,-7.92898292388649,-156.810405354687
44.52216663,-0.0461090128159801,0.518844151826349,-0.82825674845336,-0.206556199844496,117.501055040792,-7.92986080683551,-156.810384529207
44.53221263,-0.046112414353216,0.518823639187141,-0.828272694276383,-0.206543023555068,117.503667840313,-7.92816863255984,-156.811341491059
44.54225863,-0.0461256726538056,0.5187932871236,-0.828296264877532,-0.206521778870059,117.507370155797,-7.92477185068019,-156.812456576561
44.55230463,-0.0461379601964428,0.518762070757307,-0.828318046192032,-0.206510089160596,117.511248519582,-7.92203058145912,-156.81265147052
44.56235063,-0.0461466092760106,0.51872987428943,-0.828340516796703,-0.206498901219767,117.515328683563,-7.91964106206973,-156.81299852139
44.57239663,-0.0461519966124045,0.518699206385778,-0.828362722492333,-0.206485656859123,117.519257585272,-7.91747871454777,-156.813757467838
44.58244263,-0.0461517048454027,0.518674548809559,-0.828378068500399,-0.20648609683127,117.522553381468,-7.91686208817652,-156.813511783898
44.59248863,-0.0461464059535018,0.518658245582226,-0.828383987490995,-0.206504486090888,117.524909763577,-7.91805231723112,-156.811810372838
44.60253462,-0.046132946352929,0.518648837857418,-0.828383500464831,-0.206533073398863,117.526546717201,-7.92083550112505,-156.809609842025
44.61258062,-0.0461145052331081,0.518647276900335,-0.828375489855699,-0.206573237321062,117.527283290421,-7.92501840069069,-156.806593889826
44.62262663,-0.0460957646666362,0.518648384587408,-0.828362687392499,-0.206625970731048,117.527725720046,-7.93007359306753,-156.802343758997
44.63267263,-0.04608212223761,0.518649514166694,-0.828346414155348,-0.206691406741322,117.528125303463,-7.93542148127811,-156.796508667824
44.64271863,-0.0460770903676656,0.518649360998628,-0.828330819997043,-0.206755398289841,117.528526412832,-7.93982319625262,-156.79030800296
44.65276463,-0.0460852142561474,0.518641912766451,-0.82832527095316,-0.206794499078905,117.529539935096,-7.94124236123363,-156.785802930684
44.66281063,-0.0461124771429481,0.518632801829715,-0.82832616756579,-0.206807679847175,117.530296386058,-7.93919769693253,-156.78280017304
44.67285663,-0.046150797495429,0.518623109982317,-0.828329043543499,-0.206811917705723,117.530880344548,-7.93553220766435,-156.780056808643
44.68290263,-0.0461916877431628,0.518613619260675,-0.828332737568169,-0.20681179312023,117.531368951199,-7.9313591078933,-156.777608447634
44.69294863,-0.0462354807234753,0.518602959371097,-0.828337345520372,-0.206810282312252,117.53195183517,-7.92679179048781,-156.775121663103
44.70299463,-0.0462792747310054,0.518590703290903,-0.828343690886874,-0.206805804943987,117.532733995117,-7.92199889799396,-156.772921696091
44.71304063,-0.0463233684394706,0.518576755281649,-0.828350572909027,-0.206803343249727,117.533744681875,-7.91725486411705,-156.770484911113
44.72308662,-0.0463666030259179,0.518565207606366,-0.828353691997636,-0.206810117107188,117.534492331965,-7.91322485296372,-156.767182388986
44.73313262,-0.04641079445271,0.518549942769062,-0.828360415068064,-0.206811551323268,117.535693300813,-7.9086745057198,-156.764333182614
44.74317863,-0.0464546483705381,0.51852020933274,-0.828377576803386,-0.206807515355827,117.538805135154,-7.90342605355197,-156.761930978466
44.75322463,-0.0465046714309226,0.518476238342169,-0.828406626972854,-0.2067901501453,117.543638086963,-7.89638219143985,-156.760397216576
44.76327063,-0.0465616194591925,0.518426632529193,-0.828443881302342,-0.20675245539168,117.548999546358,-7.88727636842849,-156.760474362435
44.77331663,-0.0466165820248917,0.518389254227693,-0.828477227435425,-0.206700166914502,117.552703508476,-7.8777992842483,-156.762255702741
44.78336263,-0.0466588074093209,0.518366145359636,-0.828501363778835,-0.206651845510133,117.554765329204,-7.87017192284775,-156.764500644202
44.79340863,-0.0466998834543344,0.518361251199392,-0.82850989521418,-0.206620637092573,117.55449649076,-7.86420066585538,-156.765236274862
44.80345463,-0.0467466414581481,0.518356405909258,-0.82851697233187,-0.206593839509436,117.55413210363,-7.85795839946609,-156.765194500129
44.81350063,-0.0467613754773555,0.518336376411559,-0.828524520418395,-0.206610487917406,117.556594437288,-7.85702501520161,-156.762473467356
44.82354563,-0.0467539627628841,0.518327727608888,-0.828522963041126,-0.206640106153976,117.558019559429,-7.85931305888909,-156.759823686959
44.83359163,-0.0467527043731211,0.518332735893538,-0.828517963536258,-0.206647873525597,117.557410275007,-7.86004615134733,-156.759152748693
44.84363762,-0.046755406448536,0.518329298990713,-0.828519225925416,-0.206650821550696,117.557829868979,-7.85987495640023,-156.758666465746
44.85368362,-0.0467693820077092,0.518310311732264,-0.82853292664004,-0.206640352138471,117.560047880587,-7.85737979099401,-156.758749793245
44.86372963,-0.0467887661789487,0.51828833124803,-0.828552194740792,-0.206613837004688,117.562490736256,-7.85330258092254,-156.760120494403
44.87377563,-0.0468067867507024,0.518260690578097,-0.828577225555256,-0.206578708018865,117.565676017099,-7.84867329061922,-156.762394886878
44.88382163,-0.0468184341883543,0.518238954618874,-0.828599058918567,-0.206543021414313,117.568193437915,-7.84477998523928,-156.765148107245
44.89386763,-0.0468293829978438,0.518225464336552,-0.828613914318604,-0.206514788813798,117.569658024489,-7.84163539459652,-156.767257963847
44.90391363,-0.046840499372986,0.518213302521421,-0.828625477146671,-0.206496390602314,117.570985694057,-7.83911388969866,-156.76837203296
44.91395963,-0.0468408958580392,0.518198864369452,-0.828635022371711,-0.206494230283706,117.572892968793,-7.83854980776674,-156.76844185987
44.92400563,-0.046832033760819,0.518186278112354,-0.828641839607857,-0.206500468380097,117.57476718177,-7.83943559132148,-156.768213897825
44.93405163,-0.0468275006565621,0.518182238316337,-0.828641848134163,-0.206511599181571,117.57544121602,-7.84044072790303,-156.767312722822
44.94409763,-0.0468241549809379,0.51818126076722,-0.828638280089835,-0.206529126928322,117.575712645744,-7.84180799670916,-156.765720321461
44.95414362,-0.0468218250211519,0.518181435245146,-0.828635451833366,-0.20654056462081,117.575784302963,-7.84273638595455,-156.764696830955
44.96418962,-0.0468300076907039,0.518180189702773,-0.828636664567089,-0.206536968880673,117.57577821731,-7.84170021398056,-156.76457523289
44.97423563,-0.0468476037138011,0.518172144848872,-0.828644447672034,-0.206521935085124,117.576448163362,-7.83887814536529,-156.765007573552
44.98428163,-0.0468488903384349,0.518147459883242,-0.828661826770078,-0.206513844922508,117.579677903893,-7.83758605942549,-156.765537692425
44.99432763,-0.0468373072644606,0.518124439668403,-0.828675329915997,-0.206520045649645,117.582994464726,-7.83844489735518,-156.765380310464
45.00437363,-0.0468200419151362,0.518106343665524,-0.828683716056916,-0.20653570894813,117.585804934332,-7.84056087326682,-156.764636019911
45.01441963,-0.0468053346868697,0.51808798566227,-0.82869188160797,-0.206552330207875,117.588605677578,-7.84248395640572,-156.763643486418
45.02446563,-0.0468035146473122,0.518063697469063,-0.828704716764553,-0.206562166897822,117.591920712714,-7.84259809959431,-156.762538623922
45.03451163,-0.0468129496932234,0.518038030041223,-0.828720293051063,-0.206561910955017,117.595160037051,-7.84098069274905,-156.761791876402
45.04455763,-0.0468217620829499,0.518015227090585,-0.828735074325276,-0.206557797434074,117.598012412256,-7.83926455032339,-156.761497848687
45.05460363,-0.0468254540448998,0.518001774768044,-0.828745816073751,-0.206547598705234,117.599689612014,-7.83791994135835,-156.762200562822
45.06464962,-0.0468206847252149,0.518003489387553,-0.828746203838897,-0.206542823856939,117.599531159428,-7.83812990503522,-156.762977104276
45.07469562,-0.0468162146592202,0.51801314214512,-0.828738969083202,-0.206548657058898,117.598355904337,-7.8391777392967,-156.762729321359
45.08474163,-0.0468116814613308,0.518023096284754,-0.82872940140883,-0.206563107632711,117.59717968474,-7.84076783050472,-156.76161348236
45.09478763,-0.0468039810790528,0.51802437601821,-0.828724692873461,-0.206580533032238,117.597233069586,-7.84260622977751,-156.76030390367
45.10483363,-0.0467967915404987,0.518024027834433,-0.828721566787864,-0.206595575045483,117.597483141961,-7.84420537671134,-156.759192225123
45.11487963,-0.0467911871182834,0.518030325464763,-0.828714608011776,-0.206608966830634,117.596810014098,-7.84573326201776,-156.75821407177
45.12492563,-0.0467853573753602,0.518038517571034,-0.82870877519062,-0.206613142297694,117.595848040905,-7.84676967080651,-156.758200771919
45.13497163,-0.0467845224633814,0.518047948117267,-0.828703465890644,-0.206610981146203,117.594597660749,-7.84697432090654,-156.758551129075
45.14501763,-0.0467869413264489,0.51805894415293,-0.828698977498947,-0.206600864462537,117.593041395273,-7.84642328642175,-156.75953339112
45.15506363,-0.0467935484511541,0.518071561586394,-0.828695954421092,-0.206579853869879,117.591140997632,-7.84484871869175,-156.761391853509
45.16510963,-0.0468124427109125,0.518081169716892,-0.828695404888227,-0.206553679970493,117.589384268847,-7.84170155828503,-156.763033920813
45.17515562,-0.0468419022691524,0.518095829195716,-0.828691676988041,-0.206525186000541,117.586742364744,-7.83754046364928,-156.76434156247
45.18520162,-0.0468660362191695,0.518115165641625,-0.828685938864945,-0.206494223911422,117.58356799408,-7.83386451985507,-156.766249701771
45.19524763,-0.046879171820317,0.518135124462797,-0.828678407652585,-0.206471384791546,117.580556537805,-7.83175415290679,-156.767978022626
45.20529363,-0.046883865583179,0.518156309758102,-0.828669357981044,-0.206453474054395,117.577564555603,-7.83078579079556,-156.769707499821
45.21533963,-0.0468773057598075,0.518183722255587,-0.828653635294086,-0.206449269574735,117.574017846768,-7.83190243481605,-156.77075482404
45.22538563,-0.0468655223297428,0.518204312583136,-0.82864004664397,-0.206454804581728,117.571522937499,-7.83392902703385,-156.771058084543
45.23543163,-0.046869445016011,0.518219158851916,-0.82863146260022,-0.206451102471564,117.56945297927,-7.83373220273227,-156.77133546827
45.24547763,-0.0468809185116895,0.518229653446477,-0.828628316177783,-0.206434782429263,117.567763283478,-7.83192187392756,-156.772415992846
45.25552363,-0.0468977268906895,0.518233709935257,-0.82863248227386,-0.20640405620987,117.566766432015,-7.82854323932302,-156.774591556506
45.26556963,-0.0469235860867342,0.518247648205235,-0.828634721186565,-0.206354188332993,117.564195534421,-7.82339599505801,-156.77826899735
45.27561563,-0.0469626592734234,0.51827931865578,-0.828627145603361,-0.206296170727656,117.558973148201,-7.81697002775673,-156.782159340465
45.28566163,-0.0470205871348716,0.518321412924188,-0.828614650141693,-0.206227395998509,117.551954131995,-7.80836724648925,-156.786134661474
45.29570762,-0.047082912816233,0.518370601841619,-0.828598312570435,-0.206155171830651,117.543890367381,-7.79932594359529,-156.790264522878
45.30575362,-0.0471213673712861,0.518410316512531,-0.828584202848978,-0.206103224767495,117.537634401801,-7.79354973068319,-156.793642277205
45.31579963,-0.0471436072702881,0.518430602870573,-0.828576773270629,-0.206076978571677,117.534390471953,-7.79036873485224,-156.79518702146
45.32584563,-0.0471800320998433,0.518439780800925,-0.828573238339192,-0.206059765510521,117.532395618358,-7.78608398744165,-156.794893879451
45.33589163,-0.0472274512216491,0.518440709032017,-0.828575404023465,-0.206037857969933,117.531269568139,-7.78023648551638,-156.794365482182
45.34593763,-0.0472776842313229,0.518443142691795,-0.828578641036272,-0.206007194020168,117.529850591458,-7.77362436005554,-156.794574274153
45.35598363,-0.047324179986847,0.518448382808856,-0.828577818198997,-0.205986639227027,117.528172923218,-7.76806563620543,-156.793999441484
45.36602963,-0.0473467396789331,0.518454403842828,-0.828573105496962,-0.205985257299823,117.526932622658,-7.76599018782147,-156.792879418275
45.37607563,-0.0473551090445791,0.518463939915605,-0.828561503184886,-0.206006000142146,117.525591752962,-7.76672267269605,-156.790371781553
45.38612163,-0.0473558027178302,0.518471786280746,-0.828546768317119,-0.206045352995551,117.52470415704,-7.7692835475078,-156.786408875594
45.39616763,-0.0473573640211247,0.518474538678385,-0.828536070479195,-0.206081082902097,117.524463197722,-7.77140060486302,-156.782718684955
45.40621362,-0.0473675413294382,0.518468406331166,-0.82853563542423,-0.206095920621908,117.525150462494,-7.7711713176676,-156.780568797409
45.41625962,-0.0473777021017813,0.51845502349288,-0.828542854938256,-0.2060982277685,117.52674979904,-7.76997747194742,-156.779627696849
45.42630563,-0.0473937402445205,0.518450763552023,-0.82854182633748,-0.20610939126423,117.527059140936,-7.76901410541194,-156.77752571502
45.43635163,-0.0474059540499649,0.518458082272675,-0.828528543308262,-0.206141566333048,117.525989968497,-7.77002028045509,-156.773615828662
45.44639763,-0.0474107254801488,0.518469148870518,-0.828514001681616,-0.20617107895251,117.524552181524,-7.77167630534578,-156.770441374442
45.45644263,-0.0474274207216338,0.518470298392802,-0.828508212854635,-0.206187610395462,117.524151171202,-7.77112699244659,-156.76780367317
45.46648863,-0.0474369454863289,0.518473245367866,-0.828500912844578,-0.206207340937077,117.523661886611,-7.77150776304206,-156.765274263301
45.47653463,-0.0474406498245603,0.518486030438994,-0.828486741701386,-0.206231277474727,117.521991139281,-7.77297082990497,-156.762742246398
45.48658063,-0.0474517941960788,0.518500459737471,-0.828467768498422,-0.206268652584074,117.520017231986,-7.77459255181487,-156.758428866003
45.49662663,-0.0474497283230458,0.518512216744398,-0.828446250420431,-0.206325990929908,117.518739907493,-7.7786275625189,-156.752836322489
45.50667208,-0.0474330045779767,0.518521109068679,-0.828427632973967,-0.206382233857576,117.518120816625,-7.78391719015118,-156.748182686445
45.51671808,-0.0474118312510507,0.518524023652333,-0.828412073990286,-0.206442221505026,117.518400390571,-7.78969833429795,-156.743356088513
45.52676408,-0.0473713451665237,0.518522930733414,-0.828399180999483,-0.206505987516418,117.519601138449,-7.79744621006781,-156.739234696228
45.53681008,-0.0473310122845376,0.518518533476901,-0.828388638322088,-0.206568559117697,117.521234368214,-7.80501596508311,-156.735196400902
45.54685608,-0.0473035333956948,0.518508966179337,-0.828385166323968,-0.206612787441457,117.523230178918,-7.81009174429144,-156.732225504693
45.55690208,-0.0472805477162868,0.518496260571953,-0.828391356107582,-0.206625116350339,117.525418394648,-7.81269601799772,-156.732201177639
45.56694808,-0.0472653378829177,0.51848045250231,-0.82839954947511,-0.206635414770191,117.527862223819,-7.81434836995696,-156.731903393769
45.57699408,-0.0472552880459253,0.518466977616941,-0.828407104865406,-0.206641233738494,117.529876496508,-7.81529692221268,-156.731780143314
45.58704008,-0.0472447791562513,0.51845896372485,-0.828410606500579,-0.206649705572438,117.531183253199,-7.81660123122437,-156.731462091782
45.59708608,-0.0472319784918072,0.518454762406803,-0.828410348508476,-0.20666420597075,117.532052168736,-7.81859832887752,-156.730699041547
45.60713208,-0.0472083204057217,0.51844775446999,-0.828415472885156,-0.206666651044523,117.533450246706,-7.82081636690131,-156.731765681527
45.61717808,-0.0471928276106159,0.518437131212071,-0.828424756431046,-0.206659625797771,117.535132181576,-7.82157499941121,-156.733286512734
45.62722408,-0.0471894752089106,0.518418380795002,-0.828437007143815,-0.206658319643788,117.537690001733,-7.82130283576044,-156.733450297805
45.63727008,-0.0471947911501937,0.518389729859259,-0.828452433253385,-0.206667136964927,117.541445886063,-7.82055306762214,-156.73199674087
45.64731608,-0.0471823357421272,0.51835778083091,-0.828479645345994,-0.206641030517532,117.545828268758,-7.81926910264207,-156.735090405539
45.65736208,-0.0471133890495306,0.518340239333414,-0.828512734321722,-0.206568085450755,117.549165882633,-7.82090311538245,-156.746345526296
45.66740808,-0.0469812573749158,0.518350255387014,-0.828511846429023,-0.206576606910027,117.550395512624,-7.83432082542869,-156.753250364591
45.67745408,-0.0468684779598078,0.518392786315593,-0.828459583224866,-0.206705064844981,117.547447434698,-7.85413185554618,-156.747147599009
45.68750008,-0.0468443920837696,0.518436641867731,-0.828404956688512,-0.206819435820515,117.542566318925,-7.86464380708479,-156.73732970629
45.69754608,-0.0468751940504673,0.518416476882379,-0.828412062234546,-0.206834542143953,117.544732622768,-7.8620770321165,-156.733829572709
45.70759208,-0.0469254137694722,0.518353077479505,-0.828475695263486,-0.206727151017407,117.55175003256,-7.84896291323419,-156.741249287383
45.71763808,-0.0470218711661837,0.518274694422514,-0.828551158710856,-0.20659927916665,117.559790185935,-7.82976847002533,-156.747929043771
45.72768408,-0.0473415684707368,0.518332151190661,-0.828460065194883,-0.206747375591765,117.546658868527,-7.80988072675456,-156.714820863367
45.73773008,-0.0475140394487311,0.51827007509009,-0.828448642938665,-0.206909137870857,117.552329130406,-7.80162929480245,-156.687842389512
45.74777608,-0.0475197541974575,0.518119074906587,-0.828539491647487,-0.206922226837719,117.572398851534,-7.79775310946861,-156.684868624499
45.75782208,-0.0475721487475863,0.518005068433222,-0.828621098289321,-0.206868835765155,117.586347817929,-7.78635596881479,-156.686250030964
45.76786808,-0.04765871028056,0.517937660192541,-0.828671761922626,-0.206814744350394,117.593426070849,-7.77292807833943,-156.686123363851
45.77791408,-0.0477317787813238,0.517894610437885,-0.828700259581067,-0.206791512263039,117.597652543503,-7.76334679823771,-156.683861741316
45.78796008,-0.0477795588841468,0.51784430697679,-0.828731543346665,-0.206781083629085,117.60338754395,-7.75676710290003,-156.681708298397
45.79800608,-0.0477973753416425,0.517799883392421,-0.828754284552581,-0.206797068414872,117.609031508678,-7.75482869401808,-156.678667030282
45.80805208,-0.0477741287829351,0.517786003035001,-0.82874533069697,-0.206873063804931,117.611660397389,-7.76132503641516,-156.672186145755
45.81809808,-0.047740231108498,0.517760216185829,-0.828727984676239,-0.207014869715609,117.616368789589,-7.77254420139699,-156.659541830496
45.82814408,-0.0477424898256913,0.517686336482913,-0.828737839313952,-0.207159613277751,117.626799616517,-7.77917068090002,-156.644080546555
45.83819008,-0.0477640231980566,0.517593196926088,-0.828771930256618,-0.207250978773292,117.639189652688,-7.78015625136364,-156.632749041178
45.84823608,-0.047771126931437,0.517491496208666,-0.828815136967095,-0.20733050792788,117.652945609615,-7.78155877941555,-156.623381937939
45.85828208,-0.0477817667933666,0.517365307343336,-0.828872243668619,-0.207414669672588,117.669913443385,-7.78223333862966,-156.613126205458
45.86832808,-0.0478214587978171,0.51718592897843,-0.828961340728955,-0.20749679159452,117.693390602824,-7.77854462621388,-156.600930187851
45.87837408,-0.0478526010336385,0.516952644331893,-0.829087517599391,-0.207566809132525,117.724151650109,-7.77344844070063,-156.589993220128
45.88842008,-0.0478699831410001,0.516712292206831,-0.829222168380724,-0.207623378410074,117.756054269645,-7.76864695042623,-156.581160127596
45.89846608,-0.0478718819847195,0.516493234433721,-0.82933542278515,-0.207715618606814,117.785573716248,-7.76808761318735,-156.569785654104
45.90851208,-0.0478658460518054,0.516324562499599,-0.829400535096596,-0.207876307747714,117.808839784083,-7.77384960751799,-156.552350487802
45.91855808,-0.0478795963032411,0.516220278460566,-0.829418959171206,-0.208058545922268,117.823249129524,-7.78080168447299,-156.532133553293
45.92860408,-0.0478322343592142,0.51610987869349,-0.829461385869199,-0.20817415743349,117.83936491125,-7.78935481049043,-156.522169800146
45.93865008,-0.047672692750309,0.516001114461486,-0.829510087216471,-0.208286292027493,117.857425380298,-7.80846571966566,-156.519061940855
45.94869608,-0.0475047123622609,0.515971818747296,-0.829477861970544,-0.208525444641083,117.865641474672,-7.83832735114406,-156.504214335957
45.95874208,-0.0474188078056344,0.515922742164476,-0.829424002325062,-0.208880360854857,117.875416426695,-7.86686301296626,-156.472668682476
45.96878808,-0.0474006810343361,0.515776516708264,-0.829443763319133,-0.209166927932608,117.896498184289,-7.88205893794443,-156.443293752435
45.97883408,-0.0474064301285836,0.515571907448242,-0.829521862429413,-0.209360259801813,117.924463383317,-7.88765903542488,-156.421502511491
45.98888008,-0.0474668065812703,0.515360609029881,-0.829608841750046,-0.209522110106484,117.952110337683,-7.88591930141935,-156.399695835445
45.99892608,-0.0475702190263461,0.515137356309743,-0.829693425805107,-0.20971265477262,117.980629708998,-7.88147291950962,-156.372379046816
46.00897208,-0.0475994052734497,0.514902674964325,-0.829773304868258,-0.209966174562014,118.012390771393,-7.88763946504664,-156.342835967785
46.01901808,-0.0475307382331383,0.51464885852492,-0.829853698876808,-0.21028604281428,118.048901152807,-7.9066683912836,-156.31200639576
46.02906308,-0.0474548584730384,0.514394758542538,-0.829929100672857,-0.210627055829992,118.085685817935,-7.92765216624471,-156.279419195152
46.03911008,-0.0473801873920698,0.514178171215042,-0.829972125250489,-0.211002837411807,118.117622836586,-7.95166383871411,-156.243531990042
46.04915508,-0.047254202844499,0.513955843529153,-0.830003169590899,-0.211450158866882,118.151657831101,-7.98476675848096,-156.203236765026
46.05920108,-0.0471254231358599,0.513664674072569,-0.830080019755848,-0.211884303114505,118.194836555192,-8.01539755747679,-156.163805262265
46.06924708,-0.0470221695340121,0.513351749175908,-0.830185472471968,-0.212252157790791,118.240101178585,-8.03892281550054,-156.129442230862
46.07929308,-0.0469050556832904,0.513048118864765,-0.830274288225221,-0.21266440650183,118.284609513648,-8.06671228191698,-156.09140254231
46.08933908,-0.0467929333430628,0.512711118996157,-0.830367309506996,-0.21313812692471,118.333736448637,-8.0967995612516,-156.046472388542
46.09938508,-0.0466846897052317,0.512338348851355,-0.830480697507845,-0.213615933652612,118.387554535071,-8.12572949703002,-156.00054420553
46.10943108,-0.0465625221086127,0.511929525771195,-0.830622064669425,-0.214072599514432,118.446329437126,-8.15366473435286,-155.957209145231
46.11947708,-0.0464519292601819,0.511516333258555,-0.830775636130404,-0.214487998475096,118.5052577269,-8.17783158210041,-155.91735078487
46.12952308,-0.0463422856330217,0.511096678292651,-0.830918418383578,-0.214958507604282,118.565280617016,-8.20503089019622,-155.871708614518
46.13956908,-0.0461594880220678,0.5106269094968,-0.831106781010841,-0.215385653006612,118.633178815977,-8.23517175230607,-155.834180731819
46.14961508,-0.0458742184739694,0.51008988832097,-0.831326404207387,-0.215870960482691,118.712282992881,-8.27672913750385,-155.795874263543
46.15966108,-0.0456983625926912,0.509519608258432,-0.831506492888245,-0.216560339723628,118.794609029807,-8.31912601675438,-155.730056719087
46.16970708,-0.0456065224531878,0.509016905799438,-0.831673971702105,-0.217118031294822,118.865682762524,-8.34735420721432,-155.67350301223
46.17975308,-0.0454036453703012,0.508476876759138,-0.831849862210769,-0.217751191795328,118.944263332099,-8.38968110493664,-155.615111948584
46.18979908,-0.0451691868739076,0.50785347637422,-0.832061836552304,-0.218443794246888,119.034791771108,-8.43618474987448,-155.551553151043
46.19984508,-0.0449925311803152,0.507224278106629,-0.832291513973523,-0.219066290434787,119.124583691731,-8.47267249063301,-155.491771482278
46.20989108,-0.0448705798346294,0.506584533913709,-0.832515900240393,-0.219718039568131,119.214813402315,-8.50528158402706,-155.425714862872
46.21993708,-0.0447480866011164,0.505947021406413,-0.8327520810537,-0.220316117831287,119.304473655611,-8.53470473735885,-155.365154362835
46.22998308,-0.0446031672870262,0.505291889664794,-0.832986538237928,-0.220961740627964,119.39713318296,-8.56855512912832,-155.300728245123
46.24002908,-0.0444982586268567,0.504602356820139,-0.833231790021074,-0.221632918513962,119.493643493165,-8.59900998537453,-155.231017429999
46.25007508,-0.0443967303057772,0.503911582885694,-0.833483179699101,-0.222278735218792,119.590097809424,-8.62749464115014,-155.163641535284
46.26012108,-0.0442829505065739,0.503212364149052,-0.833727840799391,-0.222966868251628,119.688108571399,-8.65935250188312,-155.092432973704
46.27016708,-0.044147451306191,0.502506956702278,-0.833973810589385,-0.223663685608558,119.787399105984,-8.69354644893378,-155.021400274947
46.28021308,-0.0440296420861152,0.501794171766766,-0.834215161065678,-0.224385972927987,119.887417708123,-8.72723979455266,-154.946590738806
46.29025908,-0.0439141455399014,0.501080529436287,-0.834456395938816,-0.225105251200748,119.987467198252,-8.76040303145946,-154.871866195239
46.30030508,-0.0437683922094834,0.500376576766083,-0.834687357898076,-0.22584203291766,120.086933236495,-8.79770656343996,-154.797017286578
46.31035108,-0.0436900891785772,0.499632702119327,-0.834920855471782,-0.2266395909341,120.190579247997,-8.83083024342053,-154.711652178164
46.32039708,-0.043668739471701,0.498838481681955,-0.835177778893834,-0.227445131906919,120.299689351964,-8.85732238679315,-154.621725478909
46.33044308,-0.0436582587419588,0.497991293344391,-0.835459301881005,-0.228268226210536,120.415584797089,-8.88210320901185,-154.528779177313
46.34048908,-0.0437116299088141,0.497066194882678,-0.835783471504863,-0.229086184818837,120.540301309198,-8.89795249708034,-154.432002761194
46.35053508,-0.0438375622435758,0.49611209329302,-0.836125234189793,-0.2298818213257,120.66711327111,-8.90443847759457,-154.333199476979
46.36058108,-0.0439227704731955,0.495174268145002,-0.836439824441629,-0.230741531781942,120.792903129252,-8.91894384315726,-154.23007361399
46.37062708,-0.043837735103343,0.494179727020999,-0.836780613772409,-0.23165244396969,120.929892992768,-8.95105937121245,-154.130317401708
46.38067308,-0.0436883447618405,0.493039211596763,-0.837213858182375,-0.232543802384401,121.087157423496,-8.98369872698183,-154.034564751067
46.39071908,-0.0436613519146698,0.491860811277328,-0.83770732832589,-0.233266072860355,121.245752047724,-8.99324455241159,-153.949268978406
46.40076508,-0.043614111855189,0.490798159834798,-0.838144941063762,-0.233940234502495,121.389281569696,-9.00525073877084,-153.8711456637
46.41081108,-0.043574922552479,0.489896369821855,-0.838440952978251,-0.234775512626074,121.512485287537,-9.030565502976,-153.777242979835
46.42085708,-0.0435910490876695,0.489262257966003,-0.838571117012103,-0.235628404659791,121.599668591015,-9.05948346730745,-153.681022635471
46.43090308,-0.0435175417483246,0.48840099807106,-0.838779823091046,-0.236683537701145,121.719512732648,-9.10183437753183,-153.566171462209
46.44094908,-0.0433820445577655,0.487329148496524,-0.83908060493551,-0.23784877055957,121.868723440495,-9.14997244826693,-153.440903137123
46.45099508,-0.0431999926524877,0.486215037498561,-0.839431959727129,-0.238919825325921,122.023849061707,-9.19563099878068,-153.327394791192
46.46104108,-0.0429049284256395,0.485100621739884,-0.839776579164974,-0.240024688293397,122.181623978846,-9.25398098504096,-153.21618137405
46.47108708,-0.0425598388257658,0.48392965275462,-0.840123255343533,-0.241233635994036,122.348429649661,-9.32121407410094,-153.095882942385
46.48113308,-0.0422222152402776,0.48270056066389,-0.84051573922928,-0.242385530473308,122.522249730374,-9.38237030600446,-152.980321639074
46.49117908,-0.0418588968419436,0.48143401700678,-0.840960590120554,-0.243422278947472,122.700746065424,-9.43799536949486,-152.877605986661
46.50122508,-0.0415950112062418,0.480122929271854,-0.841412539367892,-0.244492876020228,122.882972406927,-9.48423044815831,-152.765357586956
46.51127171,-0.0414486141213413,0.478778856934374,-0.841853160446873,-0.245634026115369,123.067226998828,-9.5217189734813,-152.638901759506
46.52131771,-0.0412928307442692,0.477392107349745,-0.842318591646751,-0.246761156050802,123.257017057201,-9.557668200461,-152.513775200329
46.53136371,-0.0411825941196372,0.475987699587265,-0.842777764404145,-0.247922051478188,123.448170900873,-9.5902027560996,-152.382298656928
46.54140971,-0.0412223788200301,0.474523946615821,-0.843264246735983,-0.249064549362928,123.643360552449,-9.6048070116711,-152.244161446075
46.55145571,-0.041357898836567,0.473056684441571,-0.843784182374909,-0.250070292283747,123.835777304888,-9.60184894989447,-152.11541451213
46.56150171,-0.0414851497705858,0.471426303637351,-0.844412512071702,-0.251005442259913,124.048692290331,-9.59019298822023,-151.992881685989
46.57154771,-0.0417193753951713,0.469588502873193,-0.845197564357279,-0.251768164966251,124.284410642456,-9.55141783633335,-151.881077159814
46.58159371,-0.0420230176221958,0.467673332611194,-0.846067490122984,-0.252359905910703,124.526965500734,-9.49348048645518,-151.783241251015
46.59163971,-0.0423871501881607,0.465723029594189,-0.846960712524892,-0.252908957223471,124.771905430161,-9.42582065098177,-151.68667716366
46.60168471,-0.0427716130393826,0.46387895001485,-0.847803641869482,-0.253408550929073,125.002013993273,-9.35656008769626,-151.595595416838
46.61173071,-0.0430943292568335,0.462152452426824,-0.848547388554718,-0.254018343587123,125.218852671036,-9.30298532660096,-151.497180799344
46.62177671,-0.043486915470298,0.460305762657973,-0.849285689046443,-0.25483585192757,125.450312812123,-9.24980418389653,-151.371958699754
46.63182271,-0.0440203013249009,0.458295432800911,-0.850108246665857,-0.255623704487266,125.698600200937,-9.17545601752559,-151.241401138143
46.64186871,-0.0445912618307997,0.456283929943308,-0.850955541030465,-0.25630306637529,125.944891834719,-9.09103570754045,-151.120814018418
46.65191471,-0.0451134052362768,0.454213314389799,-0.85184348466474,-0.256939143248461,126.199042966158,-9.00677412180717,-151.007013885704
46.66196071,-0.0455997015811918,0.452086368572219,-0.852788238362524,-0.257470004228517,126.459991670023,-8.91816382315922,-150.906051295224
46.67200671,-0.0460342693755678,0.449969542226874,-0.853744776924158,-0.25793044214655,126.719945474035,-8.83089302141406,-150.815600192183
46.68205271,-0.046427388930284,0.447813516445709,-0.854707245045393,-0.25842421967099,126.985558655953,-8.74795246126124,-150.723509837296
46.69209871,-0.0468910218560682,0.445638291812542,-0.855686853720928,-0.258858558500338,127.25092534375,-8.65396243987802,-150.634470680461
46.70214471,-0.047384215582388,0.443532561472966,-0.856619596414502,-0.259299961560981,127.506294025904,-8.55944562697258,-150.54414029727
46.71219071,-0.0478798663243349,0.441447535402499,-0.857491705008214,-0.25988375811106,127.759335760942,-8.47262813743551,-150.438762416092
46.72223671,-0.0484139676148423,0.439342562224742,-0.858366560375135,-0.260463142857771,128.01333361171,-8.38078351525433,-150.33209543246
46.73228271,-0.0489474880098324,0.437226206935874,-0.85927121507125,-0.260941308220783,128.267611351521,-8.28298989183165,-150.236615386343
46.74232871,-0.0494970651850243,0.435045511397611,-0.860223333542137,-0.261345097487047,128.528524699107,-8.1773103620424,-150.148209597274
46.75237471,-0.0500957673201319,0.432788054282249,-0.861241834949547,-0.261624570520298,128.796429524766,-8.05750046902053,-150.070682844004
46.76242071,-0.0507185973374844,0.430485504307745,-0.862315050875584,-0.261768232408869,129.067926696214,-7.92658013817139,-150.006825293447
46.77246671,-0.0513558872677124,0.428154738081587,-0.863407438902249,-0.261865781555156,129.341683806289,-7.79077420891718,-149.947539041058
46.78251271,-0.0520140337729384,0.425784265656469,-0.864494674289375,-0.262013849892246,129.619496238523,-7.65402942277702,-149.881943041113
46.79255871,-0.0526833687886402,0.423394302826283,-0.865565349595149,-0.262218139280167,129.899109264816,-7.51822412706798,-149.81003543134
46.80260471,-0.053350139695538,0.421003644044024,-0.866617145025877,-0.262458412407218,130.178433132754,-7.38428539876592,-149.734801647718
46.81265071,-0.0539909913851357,0.418593971690739,-0.867666865542806,-0.262713285070523,130.460247931767,-7.2528322756716,-149.659514048483
46.82269671,-0.054638255311142,0.416158190540978,-0.86872823038669,-0.262941596616862,130.744325253839,-7.11833417651953,-149.587114609419
46.83274271,-0.0552839645514145,0.413692232675471,-0.869804221981769,-0.263140713896864,131.031363969085,-6.98134007291614,-149.518251748095
46.84278871,-0.0559346094239594,0.411153676308315,-0.870912607215128,-0.26331578858947,131.326417708751,-6.8400597763394,-149.451795649339
46.85283471,-0.0566356911666608,0.408544820750163,-0.872069462414183,-0.263397761283062,131.627544580231,-6.68663529600636,-149.393304879065
46.86288071,-0.0574280316813932,0.405899681097532,-0.873257783761811,-0.263378649783033,131.929356675267,-6.51778781358356,-149.342119905166
46.87292671,-0.0582398182379725,0.403247256671185,-0.874455490663131,-0.263300908482814,132.230518633157,-6.34382097205277,-149.297102649302
46.88297271,-0.0590213254701923,0.400590055777823,-0.875645138709974,-0.263229332342073,132.532462844211,-6.17298681813489,-149.253407115474
46.89301871,-0.0597321746776989,0.397912323373705,-0.876836794719545,-0.263163610025337,132.838280249263,-6.00880807616748,-149.212756077769
46.90306471,-0.060396141503665,0.395224564701197,-0.878007879296342,-0.263157772907734,133.146284743503,-5.85183157351551,-149.168163007092
46.91311071,-0.0610377960843236,0.392470616688846,-0.879200078903318,-0.263150952385595,133.462316685072,-5.69478398743724,-149.124890181852
46.92315671,-0.0617002639979781,0.389664875852968,-0.880423355934081,-0.26307617960363,133.78306548114,-5.53065963183379,-149.088522382636
46.93320271,-0.0623857784155115,0.386878268696407,-0.881629686355356,-0.26298729246661,134.100105489229,-5.36417629937895,-149.053447065063
46.94324871,-0.0631063847908389,0.384099203283679,-0.882806384506863,-0.262941578510123,134.41473576538,-5.19639172008059,-149.012757761612
46.95329471,-0.0638337463960971,0.381312253368106,-0.88398363324359,-0.262867180168688,134.729346545146,-5.0262983354883,-148.975558117044
46.96334071,-0.0645339592381449,0.378504845989467,-0.885181305019579,-0.262723251562123,135.046309001639,-4.85506728437444,-148.947784509827
46.97338671,-0.0652458794445606,0.375677418098047,-0.886387041003662,-0.262540408865882,135.364564125776,-4.68024088928917,-148.924391411164
46.98343271,-0.0659850047299748,0.372814617265416,-0.887614331991541,-0.262289988271068,135.685395145512,-4.49847786857821,-148.90785619246
46.99347871,-0.0667116880017081,0.369974117762956,-0.888831061445533,-0.262007723319545,136.003213591269,-4.31738597055584,-148.896187035143
47.00352471,-0.0674350750241254,0.367169740299845,-0.890011004641397,-0.261761922520918,136.316360597555,-4.13956482621683,-148.881452373852
47.01357071,-0.0681603169154017,0.364375863445317,-0.891165327457685,-0.261550684330415,136.627750967258,-3.96351862686081,-148.863515943772
47.02361671,-0.0688818181580411,0.361550872582429,-0.892314625245362,-0.261363484892889,136.942486694441,-3.78794054832979,-148.843614320332
47.03366271,-0.0696193866885323,0.358695791133308,-0.893464780741828,-0.261172655525649,137.259744190053,-3.60962209329039,-148.824013561601
47.04370871,-0.0703771566883232,0.355823609495054,-0.894614256652063,-0.260963496560831,137.577799627308,-3.42793873690698,-148.806248094572
47.05375471,-0.0711524587792337,0.352934606698472,-0.895775962940906,-0.260691225823879,137.89658289958,-3.2412654799082,-148.795446033397
47.06380071,-0.071938414404003,0.35003414005337,-0.89695159058626,-0.26034363728525,138.215663041759,-3.05002106136333,-148.793300164099
47.07384671,-0.072717580287408,0.347113818934178,-0.89812932712936,-0.259976656591008,138.536742874816,-2.85814744928337,-148.794281308073
47.08389271,-0.0734730770230342,0.344170747512949,-0.899304009232473,-0.259616067467992,138.860759478649,-2.66838363855463,-148.796191968219
47.09393871,-0.0742031987338328,0.34121110946953,-0.900466233617268,-0.259286378715449,139.187091305622,-2.4821325445585,-148.796366955385
47.10398471,-0.074920428344572,0.33827902633831,-0.901596053783376,-0.258995724981158,139.510156323478,-2.29988105702723,-148.793474366489
47.11403071,-0.0756380092603528,0.3353627000458,-0.902709562796923,-0.25870097836713,139.830861008803,-2.11807760352935,-148.791758724492
47.12407671,-0.0763411908865276,0.332465058972054,-0.903801298125917,-0.258422562178001,140.149377946436,-1.93916826311217,-148.789509918007
47.13412271,-0.0770397985922881,0.329578234946395,-0.904855142641838,-0.258225148498549,140.466433533529,-1.76447675542015,-148.779048145868
47.14416871,-0.077738667304613,0.326674923054625,-0.90590357566217,-0.258028885699747,140.784950541286,-1.58934004153906,-148.769076189256
47.15421471,-0.0784326278118069,0.323774375597017,-0.906959331653503,-0.257765876965761,141.102755887617,-1.41222981004913,-148.767455343978
47.16426071,-0.0791622128215516,0.320882535564681,-0.90799628772132,-0.257508221063094,141.417979660029,-1.23205682809994,-148.76452953532
47.17430571,-0.0799382397169393,0.317974336821384,-0.909029966785036,-0.257228922247779,141.733182977831,-1.04581382830999,-148.762910994769
47.18435171,-0.080661728761705,0.315089073820582,-0.910064904344478,-0.256893812600725,142.046924975926,-0.863712158529118,-148.770305052006
47.19439771,-0.0813296045565511,0.312231316123014,-0.91107989868819,-0.256574587325172,142.358871600464,-0.689038831441186,-148.778718785755
47.20444371,-0.0819880452296195,0.309402404571771,-0.912056828084447,-0.256320999586786,142.667426474234,-0.5189438099741,-148.780741281401
47.21448971,-0.0826417358743628,0.306542287975905,-0.91302074593449,-0.256115768095987,142.9794166708,-0.350273536325411,-148.77808898674
47.22453571,-0.0833320720724938,0.303633157382846,-0.914015132754695,-0.255810493524496,143.295526286804,-0.172549127542487,-148.785970794803
47.23458171,-0.0841176326291999,0.300720646619627,-0.915021782152876,-0.255394703866989,143.608582481364,0.0191374357195884,-148.803464925855
47.24462771,-0.0849527811084837,0.297798797695954,-0.916013029371828,-0.254988295993808,143.920781084294,0.215735896208663,-148.818784763479
47.25467371,-0.0857740377040319,0.294850102702075,-0.916999604204727,-0.25459371021472,144.236211186725,0.411132490490803,-148.834025501312
47.26471971,-0.0865508048859266,0.291894085565189,-0.917977040511437,-0.254214386059332,144.553606819501,0.601384790034252,-148.849906036859
47.27476571,-0.0872629257351929,0.288931181461922,-0.918938642762225,-0.253881320717913,144.873564579664,0.783262812045418,-148.863614875303
47.28481171,-0.0879573169772093,0.285913305385165,-0.919896528279906,-0.253589174556952,145.200106464879,0.963429404267316,-148.874055131278
47.29485771,-0.0886392263891775,0.282852562552714,-0.920868406915649,-0.253256574538799,145.531719635581,1.14493664028817,-148.89026705463
47.30490371,-0.0893155777972231,0.279791370798997,-0.92183495928672,-0.252902796002767,145.863276338514,1.32642433580729,-148.909783878757
47.31494971,-0.0899993576577764,0.27679318207635,-0.922759181992241,-0.252588879458789,146.186971192457,1.50508729918567,-148.925117322461
47.32499571,-0.0907063133077483,0.273851628774512,-0.923638215753037,-0.252329341425468,146.503003173577,1.68233308091289,-148.934033641845
47.33504171,-0.0914198217820164,0.270955950680295,-0.924481426392417,-0.252109859449654,146.81317958483,1.85731133951047,-148.938735875763
47.34508771,-0.0921118375433748,0.268082257773146,-0.925316824910609,-0.251865213931945,147.121298671724,2.03007475980467,-148.947646850338
47.35513371,-0.0928160324979794,0.265190713936653,-0.926159630606295,-0.251569886886951,147.430901193146,2.20625673119896,-148.962575510267
47.36517971,-0.0935615961648591,0.26228086377641,-0.927010857792692,-0.251208769262225,147.741128355299,2.38939510613646,-148.98427262513
47.37522571,-0.0943354776408973,0.259360171127882,-0.927855763289463,-0.25083221846746,148.051471449229,2.57617909641951,-149.007465474488
47.38527171,-0.0951117730612285,0.256417637491565,-0.928695002669087,-0.250458255655225,148.36401985343,2.76363497218446,-149.031027690489
47.39531771,-0.0958883340206098,0.2534625394265,-0.929535846109984,-0.250050553494325,148.677882924956,2.95240520594742,-149.059172299633
47.40536371,-0.0966763836186448,0.250495921762548,-0.930372274834325,-0.249625520030216,148.992542656305,3.1430868410678,-149.089656524073
47.41540971,-0.0974588119175556,0.247476330480778,-0.931227881897806,-0.249142284262452,149.31345575615,3.33644750597992,-149.127875369666
47.42545571,-0.098225258654199,0.244419965621526,-0.932093142714085,-0.24862230847868,149.639077156909,3.53014434885929,-149.171697026036
47.43550171,-0.0989681456616611,0.241323798379235,-0.932949404924753,-0.248140158641564,149.969772611591,3.72112832017826,-149.212845870053
47.44554771,-0.100039774570359,0.238177788208877,-0.933719538114573,-0.247853200203161,150.294276854171,3.94230536764126,-149.221794934633
47.45559371,-0.100961733743717,0.235016551666597,-0.934495980053489,-0.247570620280506,150.625289610916,4.14784193775769,-149.236029776511
47.46563971,-0.101665194532506,0.231798825418222,-0.93532273160672,-0.247194013874008,150.970262936635,4.33460422902414,-149.269154361332
47.47568571,-0.102396900358886,0.228676325439632,-0.936129069062468,-0.246747601886133,151.303560712269,4.52320015781124,-149.309766784705
47.48573171,-0.103144597664972,0.22566881742182,-0.936883440692822,-0.246341623302983,151.622920082931,4.70846111464116,-149.345465002153
47.49577771,-0.103916705654282,0.222715024774216,-0.937596846022505,-0.245990833882958,151.934973603974,4.89283010952035,-149.374500580425
47.50582371,-0.10469408834265,0.219783587504716,-0.938298079846392,-0.245623768976523,152.244264923976,5.07734079613736,-149.405834150995
47.51586896,-0.105439985928226,0.216865249479974,-0.938992002834124,-0.24524659334842,152.553077608545,5.2581738485341,-149.439938299516
47.52591496,-0.106196426015346,0.21396344289971,-0.939672243997436,-0.244863304855778,152.859599081575,5.43958288101181,-149.475011956685
47.53596096,-0.106968788958028,0.211089724032099,-0.940337498954488,-0.244467164782765,153.162383143937,5.62197016624557,-149.511608882121
47.54600696,-0.10773417322752,0.20823031468944,-0.940990218017196,-0.244071492721437,153.463713759776,5.80294528621018,-149.548959229236
47.55605296,-0.108488631952535,0.205378661750162,-0.941633344750729,-0.243672866951442,153.764497880393,5.98237977685027,-149.587603021854
47.56609896,-0.109256644104241,0.202511457427017,-0.942266476913196,-0.243281692314604,154.066504320151,6.16333122396651,-149.625721540027
47.57614496,-0.110061758687005,0.199645737728823,-0.942886872406258,-0.24288337638748,154.367093282768,6.34819265513109,-149.664217726133
47.58619096,-0.110855581826338,0.196741144368037,-0.943521185756022,-0.242428822791864,154.672801737552,6.53428493600046,-149.71048708504
47.59623696,-0.1116233100434,0.19376949466343,-0.944185543081962,-0.241882781172728,154.987593202224,6.72171984790736,-149.76925768099
47.60628296,-0.112411758229149,0.190802954063554,-0.944838223888492,-0.24132666659881,155.301211013054,6.91115801649895,-149.829288644588
47.61632896,-0.113190567209945,0.187825179281986,-0.945476580654071,-0.240797908954931,155.616292332976,7.09888930358144,-149.887230807714
47.62637496,-0.113878809484772,0.184765402479384,-0.946133633082634,-0.240259258191685,155.943846485022,7.27928272109349,-149.950211740726
47.63642096,-0.114558008132893,0.181565119703578,-0.946789666968082,-0.239791360566052,156.287175277117,7.46087724401564,-150.006901487711
47.64646696,-0.115460664980762,0.178342548520637,-0.947375151827525,-0.239464176713635,156.624481255308,7.66355606146952,-150.041793075328
47.65651296,-0.116462855027638,0.175272998644633,-0.947878860021756,-0.239251846531611,156.940192576835,7.86946102423826,-150.06023611666
47.66655896,-0.117325671961493,0.172325717441847,-0.948341503095073,-0.239137883477953,157.245928578239,8.05423429280403,-150.070984286802
47.67660496,-0.118068316339937,0.169403154863243,-0.948811117296021,-0.238997714412731,157.55306456983,8.22582999748528,-150.08861642849
47.68665096,-0.118820502908773,0.166584497748206,-0.949282197760078,-0.238735423040402,157.849071532608,8.3980369996845,-150.120090359073
47.69669696,-0.119628858479455,0.163816620235123,-0.949749144104597,-0.238389627346135,158.138146505135,8.57653799371324,-150.160027113078
47.70674296,-0.120483254780794,0.161023705739988,-0.950218846757126,-0.237990114867711,158.429017484748,8.76179324571764,-150.205855944111
47.71678896,-0.121360615413126,0.158226715099849,-0.950695313336011,-0.237517007509364,158.720305622846,8.95106607391341,-150.260406599567
47.72683496,-0.122200872724841,0.155389188778024,-0.951195733865581,-0.236955317712251,159.018352374164,9.1391837660272,-150.327378778949
47.73687996,-0.12299396213753,0.152502136033267,-0.951712031786484,-0.236346762905366,159.324186437225,9.32433181586446,-150.402244543693
47.74692596,-0.123766149912928,0.149601662269885,-0.95222753649352,-0.235720176322055,159.632594457275,9.5076221548934,-150.480622901048
47.75697196,-0.124485642571792,0.146684110552306,-0.952751832019648,-0.235055404294756,159.945265571278,9.6860895393213,-150.565737553601
47.76701796,-0.125247335941452,0.143758467347234,-0.953259795815004,-0.234397887337492,160.257582342788,9.86882890422451,-150.649706795932
47.77706396,-0.126048286213992,0.140876559208288,-0.953734562169449,-0.233786247524527,160.563395364642,10.0532406297291,-150.727614748056
47.78710996,-0.126783839927021,0.138005082727454,-0.954186820535614,-0.233255153406915,160.869595547991,10.2282594841731,-150.798335889801
47.79715596,-0.127594671858033,0.135035280236544,-0.954632506800322,-0.232726985467975,161.184586646962,10.4139920650498,-150.868466105823
47.80720196,-0.128463935961639,0.132043078194683,-0.955091723214152,-0.232080681888732,161.501635761308,10.608687624991,-150.952052675418
47.81724796,-0.12918706685214,0.129123422597785,-0.955546208439394,-0.231450398642718,161.815394741084,10.7845883692426,-151.037436309706
47.82729396,-0.129829988479465,0.126103824193077,-0.956008073525005,-0.230847488551018,162.143078153262,10.9536906368107,-151.12327931992
47.83733996,-0.130424339392747,0.123064655135603,-0.956470808189662,-0.230235043881976,162.474920592858,11.1177848185873,-151.212332144171
47.84738596,-0.131238011858998,0.120134806529045,-0.956819294169662,-0.229871813861978,162.784542699411,11.2979414414832,-151.26625595483
47.85743196,-0.132093671673375,0.117025896033442,-0.957189686606102,-0.229443033052495,163.114036149568,11.4887689732449,-151.329581614207
47.86747796,-0.132907495464256,0.113911027634396,-0.957626833417226,-0.228715376291123,163.449341850207,11.679981931418,-151.430159574396
47.87752396,-0.133790846533526,0.111007586882588,-0.957984395500586,-0.228129838065354,163.757012959232,11.869940854709,-151.510821463949
47.88756996,-0.134620893531259,0.108252084171115,-0.958303925418548,-0.227623126735525,164.048951914932,12.048177920651,-151.582489372182
47.89761596,-0.135300555124503,0.105587678033717,-0.958620361176406,-0.227138735508646,164.335411244574,12.2066143863478,-151.654583946489
47.90766196,-0.135976308453668,0.102865838028631,-0.958906795490312,-0.226774823268548,164.627225611845,12.3640483559182,-151.713731027976
47.91770796,-0.136657255172559,0.0999904627637215,-0.959243990235358,-0.226224819952074,164.938895178188,12.5290539166833,-151.797273362668
47.92775396,-0.137389881891853,0.0969114604630086,-0.959637025051644,-0.225452809551578,165.275214292426,12.7084992709573,-151.909185393859
47.93779996,-0.138200652253918,0.0937756840911096,-0.960038404947743,-0.224572843004736,165.617310502314,12.89922455719,-152.033763104852
47.94784596,-0.139030006367474,0.0907867158488827,-0.960384193507678,-0.223809361768988,165.941016900484,13.0856055172107,-152.143183476648
47.95789196,-0.139899440567613,0.0879417352233966,-0.96063710647753,-0.223317593111797,166.24376540519,13.2680670238319,-152.218433578207
47.96793796,-0.140705659347614,0.0852675444213806,-0.960815495209677,-0.223080585127626,166.525855837505,13.4349524577972,-152.263235058032
47.97798396,-0.141465690804863,0.0825748387987087,-0.960960078532107,-0.22299009347959,166.809662364141,13.5951018632605,-152.292377509215
47.98802996,-0.142145832581122,0.0796294942630162,-0.961201594342025,-0.222587513031583,167.129380982106,13.7574705625305,-152.364291395343
47.99807596,-0.142838842345328,0.0767060394163323,-0.961491592360213,-0.221917026059581,167.450335375215,13.9238409427817,-152.468376427578
48.00812196,-0.143640886096206,0.0738675191885225,-0.961735579645884,-0.221304225656957,167.757710826938,14.0988008654607,-152.563007620464
48.01816796,-0.144310369505524,0.0711162085661052,-0.961997059962189,-0.220632406405916,168.060548476595,14.2569714364487,-152.666899476595
48.02821396,-0.144821772519558,0.0684651952967402,-0.962202502627256,-0.220239676659582,168.353061658335,14.3910295491267,-152.739749515357
48.03825996,-0.145411514635691,0.0657457427310869,-0.962343730278813,-0.220062567278379,168.64792606857,14.5328691594365,-152.786723434907
48.04830596,-0.145988824098684,0.0629281692211944,-0.96253075752442,-0.219685797393045,168.957635476983,14.6781240900355,-152.859787402946
48.05835196,-0.146665918759998,0.0600143964367929,-0.962718225027357,-0.219228190921669,169.276778457262,14.8377206842444,-152.942649836267
48.06839796,-0.147416277774046,0.0571074736999409,-0.962938647848043,-0.218532235552192,169.596957770865,15.0075315762693,-153.053399770643
48.07844396,-0.148063497447129,0.0543822440954614,-0.96317409451673,-0.217750857409893,169.901309018474,15.1613584005901,-153.174450413077
48.08848996,-0.148601619530504,0.0517639580758978,-0.963332425819581,-0.217321624975037,170.191526781207,15.2960565349075,-153.254231282623
48.09853596,-0.149097801166471,0.0491135703378563,-0.963439615019297,-0.217121650480692,170.48326690334,15.4243734923817,-153.30817863465
48.10858196,-0.149617621150439,0.0462776644716818,-0.963559846475772,-0.216853331705824,170.796880596975,15.5607608048583,-153.373185566206
48.11862796,-0.150195997079552,0.0432690275208484,-0.963727957718982,-0.216327014562398,171.13305739185,15.7104273891561,-153.471432917025
48.12867396,-0.150883442616206,0.0403054420095557,-0.963901276618632,-0.21564783101545,171.46373176686,15.872043667885,-153.586307546512
48.13871996,-0.151561455126178,0.0374302062247859,-0.96406816766129,-0.214943418331916,171.785443577612,16.0299858272096,-153.703805079415
48.14876596,-0.15205160881789,0.0346459906912129,-0.96424931957883,-0.21425035187061,172.102548556801,16.1638692745283,-153.822297091553
48.15881196,-0.152454521418666,0.0320446083866,-0.964344970277344,-0.213938169275944,172.395046479337,16.2796845771193,-153.89392557937
48.16885796,-0.153038256737302,0.0294811897026986,-0.964342789826994,-0.213899825005097,172.673345079776,16.4124938062314,-153.929507003558
48.17890396,-0.153636158505496,0.0267850777965868,-0.96438033040294,-0.213656426861028,172.970291348462,16.5517815770336,-153.992271379358
48.18894996,-0.154200821641717,0.0239587593556149,-0.96445852928261,-0.213231868512152,173.286698490089,16.6917770924043,-154.08012154697
48.19899596,-0.154780216552128,0.0211302096563142,-0.96458359560863,-0.212544315112597,173.607994887857,16.8348903077728,-154.200262001024
48.20904196,-0.155375555911685,0.0184846946761368,-0.964681990594666,-0.211908965620094,173.907237968016,16.9742479351521,-154.311535738616
48.21908796,-0.155911203110478,0.0159221267649721,-0.964691158188702,-0.21168172319892,174.191622130065,17.1018671120819,-154.373444950764
48.22913396,-0.156318169907806,0.0132645761500721,-0.964697900159484,-0.211534021386907,174.489468063694,17.2167797669607,-154.42958717454
48.23917996,-0.15679544260448,0.0104911621550378,-0.964715684236864,-0.211255232556501,174.801351998017,17.3431254149397,-154.503074845829
48.24922596,-0.157415310291602,0.00763355191801868,-0.964735586929221,-0.210825511462075,175.122054988904,17.4882139571776,-154.594959703763
48.25927196,-0.158035325798032,0.00480425158906045,-0.964772937768052,-0.210273473165262,175.442198621479,17.6328291838186,-154.701903466191
48.26931796,-0.158607109392108,0.00208402093441501,-0.964798871101026,-0.209767919447209,175.750638586912,17.768608322177,-154.802622846123
48.27936396,-0.159126533434741,-0.000526338774113289,-0.964790610921874,-0.209421933907443,176.045163177374,17.8946658563581,-154.883298081638
48.28940996,-0.15959570579787,-0.0031125564014533,-0.964744474203867,-0.209254921511137,176.335164448043,18.0134826985377,-154.942919358406
48.29945596,-0.160101508292778,-0.00580736934346882,-0.964684170631282,-0.209089053843387,176.637005147226,18.1389965673881,-155.004363017989
48.30950096,-0.160668846896421,-0.00861618073533538,-0.96465523394426,-0.208690111625962,176.955261265409,18.2748884054325,-155.096056338104
48.31954696,-0.161242645946877,-0.0114336167286741,-0.964647254474345,-0.20814839891688,177.277579599158,18.4117927106236,-155.205878390756
48.32959296,-0.161729652213686,-0.0141681836843396,-0.96463607169557,-0.207653633124167,177.592139477034,18.5362549784627,-155.310091000756
48.33963896,-0.162196770633237,-0.0167400094570192,-0.964581563557033,-0.207350878766883,177.884854677986,18.6536203777242,-155.388695199749
48.34968496,-0.162622791204809,-0.019151652842127,-0.964471091595404,-0.207322346723505,178.154805886492,18.7615951983119,-155.431801409333
48.35973096,-0.163021193022467,-0.0215925061695132,-0.964330278178068,-0.207424610140313,178.426462774599,18.8668619924843,-155.4601519871
48.36977696,-0.163560233361268,-0.0242366677107165,-0.964202272703435,-0.207303186937924,178.722858075296,18.9933841241469,-155.518620868101
48.37982296,-0.164166080310052,-0.0269309000919403,-0.964127165108427,-0.206840600936711,179.030687628475,19.1289165340667,-155.619663561519
48.38986896,-0.164698512023735,-0.0295896636906015,-0.96405774101491,-0.206377140035116,179.336773093463,19.2548773996283,-155.721468630995
48.39991496,-0.165216637106815,-0.0322784139425911,-0.96396004208983,-0.206016028674081,179.645029153456,19.3795353236551,-155.812033695502
48.40996096,-0.165746220678388,-0.0348685065187613,-0.963848289163346,-0.205691159413508,179.941091106729,19.5027869042201,-155.896744226801
48.42000696,-0.166271294647145,-0.0373913365948211,-0.963701038486049,-0.205514118602412,-179.773354843745,19.6236584702435,-155.962626005882
48.43005296,-0.166792895548781,-0.0400620746865801,-0.96355949802447,-0.205251684361155,-179.468221269031,19.7474831315493,-156.042409343335
48.44009896,-0.167281473571181,-0.0428096467703767,-0.963457397413612,-0.204778138755674,-179.148313047596,19.8689604197514,-156.150431828244
48.45014496,-0.167794350079352,-0.0454553924979453,-0.963330386074572,-0.204385495179382,-178.842258840174,19.990457699957,-156.246924463164
48.46019096,-0.168343389048694,-0.0480180920760296,-0.963174352329776,-0.20408315268805,-178.548399548675,20.1138955585967,-156.330987601834
48.47023696,-0.16889772363996,-0.0505360655025447,-0.963007581572323,-0.203803981479724,-178.260035153536,20.236651937535,-156.41183179849
48.48028296,-0.169471262837669,-0.0530177823386307,-0.962825470035731,-0.203557657872588,-177.976740263879,20.3605641818748,-156.488329559023
48.49032896,-0.170076623793144,-0.0555116323007251,-0.962637925082377,-0.203274754732435,-177.691590258837,20.4880884400872,-156.569924329403
48.50037496,-0.170649996509189,-0.0579871412194044,-0.962462199291702,-0.202934928189297,-177.40613880694,20.6111360253275,-156.658917534315
48.51042146,-0.171181679431137,-0.0605305412079313,-0.962289452801031,-0.20256331167342,-177.110534850555,20.7306487884246,-156.754030912179
48.52046746,-0.171656517859095,-0.0631491368164286,-0.962129364303995,-0.202122024380869,-176.802682061783,20.8448867247919,-156.860162597355
48.53051346,-0.172132381884077,-0.0656697972119919,-0.961954646293639,-0.201745332821182,-176.507454331327,20.9568180726629,-156.956831263582
48.54055946,-0.172685842876305,-0.0680145660600889,-0.961718656765639,-0.201620543850701,-176.240212873178,21.0741996273012,-157.018884246749
48.55060546,-0.173279532231833,-0.0702823768974261,-0.9614423745783,-0.201651063901,-175.986259927377,21.1949013016797,-157.060453652667
48.56065146,-0.173829050988096,-0.0725564172367994,-0.96117717598689,-0.201636960183901,-175.729210467666,21.3104494330833,-157.108326679044
48.57069746,-0.174315329093893,-0.0748509175785746,-0.960926227364555,-0.201574531485146,-175.466845078558,21.4189326884438,-157.16332306924
48.58074346,-0.17486812466146,-0.0772480272205423,-0.960648940021585,-0.201513015220663,-175.193527715453,21.5372916750579,-157.220625031742
48.59078946,-0.175477781042312,-0.0796921646325084,-0.960368879324361,-0.20136614134934,-174.913542376501,21.6626753908244,-157.289815729143
48.60083546,-0.175962984112264,-0.0821997671236113,-0.960115854543381,-0.201141175201806,-174.620939353652,21.7746634618297,-157.371019888557
48.61088146,-0.176370314248506,-0.0847465029097156,-0.959880684182279,-0.200849731466627,-174.319947154528,21.87800302428,-157.462056608383
48.62092746,-0.176932402113037,-0.0871876017399363,-0.959627253883889,-0.200521272658574,-174.03367317191,21.9961473898134,-157.555423682773
48.63097346,-0.177568072294154,-0.0895193824807671,-0.959346634267718,-0.200274549509419,-173.76357067392,22.1204894222242,-157.636617934844
48.64101946,-0.178060465348736,-0.0918453456236666,-0.959076847116467,-0.200076246696597,-173.491787456593,22.2283884601507,-157.712527868259
48.65106546,-0.178486202159007,-0.0942316146947811,-0.958815708027835,-0.199838726151742,-173.210026432645,22.3295326035961,-157.795255883601
48.66111146,-0.178969022460716,-0.0966096182103873,-0.958533224581218,-0.199626471297349,-172.930712534309,22.4369900894912,-157.875047147696
48.67115746,-0.179493226341442,-0.098892073003355,-0.958226094968008,-0.19951263247474,-172.665747100541,22.5475866312287,-157.940884391651
48.68120346,-0.180034468142799,-0.101184673782,-0.957906593243821,-0.199409655463788,-172.39982325336,22.6603051480146,-158.006075756099
48.69124946,-0.180580542212128,-0.103536402808407,-0.957607238237889,-0.199146323948677,-172.122535258846,22.773443118588,-158.0930377854
48.70129546,-0.181168991461572,-0.105773466358615,-0.957325998725299,-0.198788084431359,-171.857084666323,22.8878489915889,-158.189618045385
48.71134146,-0.18185716929934,-0.107937843440162,-0.957025142641173,-0.198444622705078,-171.602323281876,23.0119518194931,-158.283189078546
48.72138746,-0.18252319670806,-0.110186406399739,-0.956719820701844,-0.198069238359757,-171.335691551179,23.1348295858887,-158.383288596061
48.73143346,-0.183036137148125,-0.112482209977333,-0.956430964756994,-0.197700112773146,-171.05997020565,23.2409265163786,-158.484223630358
48.74147946,-0.183604460221767,-0.114840970307106,-0.956126683382516,-0.197288415903079,-170.776202623201,23.3540556283956,-158.592535385536
48.75152546,-0.184121078371978,-0.116992859517888,-0.955848922248285,-0.196888133613378,-170.51621053091,23.456510918407,-158.694913800841
48.76157146,-0.18461519062656,-0.118724672887856,-0.955597512147573,-0.196608947443802,-170.309276904478,23.548193521632,-158.772429128263
48.77161746,-0.185424577654835,-0.120632910829531,-0.955256590800051,-0.196342233254553,-170.087034124222,23.6799151891585,-158.853621304636
48.78166346,-0.186708825923173,-0.122867942599789,-0.954826295870842,-0.195831631043743,-169.827319908021,23.8705653687618,-158.974799533365
48.79170946,-0.188082781911735,-0.125238249611875,-0.954412066281225,-0.195032960597173,-169.544376258267,24.0709840002207,-159.136474223916
48.80175546,-0.188885397609894,-0.127429145396122,-0.954163780358583,-0.194050508180691,-169.266842843034,24.1992183871493,-159.316153490998
48.81180146,-0.188874937194072,-0.129612331886463,-0.953976052461371,-0.193537058087358,-168.987374790926,24.2383787803554,-159.435356374606
48.82184746,-0.189317011924862,-0.132031585121098,-0.953571457984019,-0.193463702136822,-168.698671451842,24.3394150982371,-159.507362043088
48.83189346,-0.190013124582334,-0.134051243555676,-0.953236528599421,-0.193042474941034,-168.453442077927,24.4569913462482,-159.613980683861
48.84193946,-0.190969504236259,-0.136211273063224,-0.95287523054029,-0.192369260967139,-168.188265108015,24.6041056623411,-159.757280390729
48.85198546,-0.191644560970852,-0.139000627014326,-0.952532725929623,-0.191396431453139,-167.832440876588,24.7275505790924,-159.953945956841
48.86203146,-0.191794730732411,-0.141765500213552,-0.95225446713579,-0.190601033660408,-167.474883864888,24.791416291217,-160.126084467941
48.87207746,-0.192053450205237,-0.144347037967698,-0.951871616029345,-0.190315084772329,-167.154950319415,24.8701556714816,-160.230744137136
48.88212346,-0.192246840364349,-0.146676042863323,-0.951496089835225,-0.1902169336525,-166.86966455689,24.9384721922047,-160.305338361613
48.89216846,-0.192675991358558,-0.148689310597223,-0.951086652842401,-0.190267259540778,-166.630649586555,25.0294813071002,-160.354739187764
48.90221446,-0.193437160277351,-0.15049229265862,-0.950667824116171,-0.190170510501529,-166.418349981258,25.1523952721839,-160.419339933791
48.91226046,-0.194066626266004,-0.152214756509486,-0.950309065659741,-0.189951289006943,-166.210132772026,25.2566256036635,-160.496747700445
48.92230646,-0.194494042583637,-0.154135024509431,-0.949952252426835,-0.189750308901287,-165.974581917269,25.3416176606697,-160.576280107623
48.93235246,-0.194831930381456,-0.156104033080347,-0.949619400730393,-0.189459873103343,-165.728844174514,25.4157390947699,-160.668065476285
48.94239846,-0.195320231288386,-0.157858393238361,-0.949256079908532,-0.18932413921722,-165.51582801663,25.5050496686368,-160.736087722365
48.95244446,-0.195844919497482,-0.159522463716079,-0.948874943352465,-0.189297894744851,-165.317255168656,25.5983137341549,-160.788569168062
48.96249046,-0.196307928446593,-0.161216095627832,-0.948516175132655,-0.189181482315906,-165.111309969555,25.6835709335787,-160.853018398953
48.97253646,-0.196829643521933,-0.162845828347114,-0.948183908117685,-0.188908983395828,-164.909431213112,25.7717717384994,-160.936045197065
48.98258246,-0.197360863008864,-0.164384230966314,-0.947883260782896,-0.188530735662899,-164.715690705892,25.8574152486638,-161.030215736726
48.99262846,-0.197829462809481,-0.165888558687929,-0.947597298322974,-0.188159108075999,-164.525163157592,25.9350637151698,-161.122420713
49.00267446,-0.1982341074975,-0.16745888211514,-0.947292289502206,-0.187877831781946,-164.327831735559,26.0078896220487,-161.204896791781
49.01272046,-0.198688238791417,-0.169059749776011,-0.946958533053038,-0.187646799732041,-164.128528996884,26.0876816969732,-161.282657473814
49.02276646,-0.199301547926943,-0.170760560791225,-0.94659636332341,-0.18728333832748,-163.914826631366,26.1854163382296,-161.381606328815
49.03281246,-0.199971718244912,-0.172475969890091,-0.946252890011151,-0.186731946538866,-163.694238417774,26.2865786600616,-161.505497784872
49.04285846,-0.200645206029071,-0.173745590581105,-0.946000837611924,-0.186108533626785,-163.526735181695,26.3780589864057,-161.626220902335
49.05290446,-0.201251821249781,-0.175307307538907,-0.945703938047558,-0.185496937787246,-163.321881557692,26.4673151104873,-161.753516473918
49.06295046,-0.201578650335431,-0.176921821156871,-0.945448202547712,-0.184911906665802,-163.107337776015,26.5253834768421,-161.876529037007
49.07299646,-0.202105270471002,-0.178343338599537,-0.945128540672856,-0.184605403037428,-162.927131581413,26.6075690788643,-161.961397711804
49.08304246,-0.202937550142491,-0.179772198452907,-0.944727635720991,-0.184358351344869,-162.751067542608,26.72613373293,-162.042608742469
49.09308846,-0.203403977695787,-0.181612132805081,-0.944376103625459,-0.183841317381913,-162.51088400313,26.8049940654244,-162.166140987278
49.10313446,-0.203512167427791,-0.183764085886189,-0.944061698926715,-0.183196798735293,-162.223338657717,26.8454901487497,-162.311119830422
49.11318046,-0.203797453983579,-0.185494484496971,-0.943781159971122,-0.182580163365513,-161.991213144571,26.8987736688553,-162.442513453808
49.12322646,-0.204109014014095,-0.186765692943665,-0.943529413728257,-0.182237020846692,-161.824818791048,26.9515546234654,-162.526640254866
49.13327246,-0.204287519911553,-0.188059335108244,-0.943272859594643,-0.182034634174864,-161.658125705073,26.9918896212634,-162.592331758388
49.14331846,-0.204673000135272,-0.189293393905344,-0.942984683594665,-0.181815457388236,-161.500468934956,27.0546360663756,-162.661061571911
49.15336446,-0.205219093872179,-0.190307638774482,-0.942685493631761,-0.181692559645701,-161.374803565604,27.1337424570742,-162.713400746976
49.16341046,-0.205567252201884,-0.191496290392102,-0.942401427359604,-0.181523621875534,-161.223572970112,27.192142199335,-162.774415615523
49.17345646,-0.205791393462583,-0.192753422446881,-0.942166077752526,-0.181160432887987,-161.05653076381,27.2335031802801,-162.86043445316
49.18350246,-0.206146007116739,-0.193859292859998,-0.941921842018454,-0.180847012278915,-160.91117969677,27.288075331239,-162.937533408299
49.19354846,-0.206476315627822,-0.194987356577488,-0.941647350024872,-0.180686828658925,-160.767162069663,27.3431754518604,-162.99591303162
49.20359446,-0.206597233200346,-0.19615024343664,-0.94141549553442,-0.180498005533003,-160.615737183865,27.3740173699503,-163.056263283954
49.21364046,-0.206726367424964,-0.197158049901753,-0.941201284328393,-0.180369217852714,-160.485686952493,27.4041914644411,-163.104596634615
49.22368646,-0.206957165364733,-0.198033890895029,-0.940949692842064,-0.180457710562881,-160.379667454204,27.4481710818504,-163.123151887198
49.23373246,-0.207146743889477,-0.198932232214848,-0.940704223168368,-0.180531875288554,-160.269917657911,27.4874848192046,-163.143698635874
49.24377846,-0.20737642313196,-0.199769326409895,-0.940476486825793,-0.180530366095416,-160.165960697408,27.528783450519,-163.172530549401
49.25382446,-0.207674620820208,-0.200566803407776,-0.940250468531275,-0.180480651773778,-160.066123801355,27.5762838598687,-163.20726872111
49.26387046,-0.207899314255531,-0.201485829987464,-0.940046739791455,-0.180259430970474,-159.944990346296,27.6138076711578,-163.266295480499
49.27391646,-0.20811125454244,-0.202465053182005,-0.939849377095707,-0.179946537464859,-159.813255814656,27.6489016513149,-163.338584912077
49.28396246,-0.208319486419934,-0.203432367132409,-0.939655081746257,-0.17962903698755,-159.682750195658,27.6831504191336,-163.411131738123
49.29400846,-0.208457988344882,-0.204361860997903,-0.93948305348689,-0.179312824626765,-159.556391658615,27.7085976268989,-163.481408245946
49.30405446,-0.2086078902454,-0.205233364216376,-0.939301388316363,-0.179094713061954,-159.440359472858,27.7363573065509,-163.53782596052
49.31410046,-0.208820350630484,-0.206067181399173,-0.939103318519659,-0.178928295856542,-159.331105194799,27.7717390928398,-163.587615226152
49.32414646,-0.209002036882316,-0.206854857672017,-0.938925287401723,-0.178741492424465,-159.226774981998,27.8022700570727,-163.638146682168
49.33419246,-0.209138670669762,-0.207604725901689,-0.938760467237436,-0.178577936391705,-159.127526789439,27.8273914457932,-163.683958522717
49.34423846,-0.209333153786362,-0.208353148969213,-0.938582834553883,-0.178412047578819,-159.02878541691,27.8590744281659,-163.730976772692
49.35428446,-0.209508524749924,-0.209128189010883,-0.938424685243676,-0.178131099877157,-158.922966577754,27.8864249691907,-163.79302732245
49.36433046,-0.209565791869274,-0.209859592707753,-0.93830816023087,-0.177817115798507,-158.820748659472,27.8985754016892,-163.856045122658
49.37437646,-0.20963435296691,-0.210467761827645,-0.938195148177184,-0.177613690981855,-158.737617181729,27.9123163009899,-163.901565627357
49.38442246,-0.209754871913417,-0.211019096804964,-0.938074514745781,-0.177454330115303,-158.663411330684,27.9320373023992,-163.940653960058
49.39446846,-0.209819042499387,-0.21154839959828,-0.937972851036992,-0.177285574003031,-158.591287541102,27.9446310940222,-163.979347990473
49.40451446,-0.209864625084858,-0.212044614104076,-0.937874168032776,-0.177160846984522,-158.524555659286,27.955471923763,-164.011200948429
49.41456046,-0.209955541260346,-0.212553688148532,-0.937761439305631,-0.177039778863289,-158.456596206142,27.9718261275319,-164.043757426596
49.42460646,-0.209995252197324,-0.213056610668512,-0.937669234232133,-0.176876459370811,-158.387760139519,27.9811837439115,-164.080596083867
49.43465246,-0.210014098641972,-0.21344819549351,-0.937594159345737,-0.176779915637849,-158.334990294872,27.9877446249118,-164.105246411674
49.44469846,-0.210089402116908,-0.213804161815945,-0.93750410508993,-0.176737874967058,-158.288794133317,28.0014521184474,-164.122898189062
49.45474446,-0.21015195721471,-0.214203421760563,-0.93742346471503,-0.176607748376343,-158.234307325196,28.0124051713231,-164.152750976838
49.46479046,-0.210216932120895,-0.214578746538676,-0.937354773853638,-0.176439312278655,-158.181721731695,28.0223496403011,-164.186712326301
49.47483546,-0.210299438207799,-0.21495808690041,-0.937280163058628,-0.176275531774525,-158.128866065145,28.0344708646842,-164.220524102381
49.48488146,-0.210351138106852,-0.215340841742597,-0.937216778521978,-0.17608358989874,-158.074500979413,28.042424425459,-164.257463883658
49.49492746,-0.210423073618605,-0.215679823237335,-0.937149895499182,-0.1759386748361,-158.027271144946,28.0530426879112,-164.287489731203
49.50497346,-0.210526862338501,-0.215980551539884,-0.937072304296615,-0.175858858493582,-157.987093094719,28.0681841043508,-164.308710587845
49.51501975,-0.210637501391071,-0.216259414228919,-0.936996973840117,-0.17578503855435,-157.949922509265,28.0838840868241,-164.328624247338
49.52506575,-0.210661565457113,-0.216490336255193,-0.936947562163431,-0.175735326281528,-157.919042280365,28.0893353652674,-164.342527730125
49.53511175,-0.210749897148737,-0.21678184701954,-0.936874078589434,-0.175661812929823,-157.88009871543,28.1026588180576,-164.362435520222
49.54515775,-0.210675308315104,-0.217200176469558,-0.936853380720185,-0.175344634480467,-157.816517565037,28.0936114956869,-164.414060530687
49.55520375,-0.210581755716271,-0.217386335516613,-0.936888008554571,-0.175041037236304,-157.782941386329,28.0788421716553,-164.456334160776
49.56524975,-0.210757618078779,-0.217384115725637,-0.936835391764629,-0.175113738436358,-157.786519483322,28.1008054413918,-164.450223243632
49.57529575,-0.210940468132182,-0.217386711185689,-0.936760828693941,-0.175289151200771,-157.792636283009,28.1260305642301,-164.431505690689
49.58534175,-0.210700966562071,-0.217580006799117,-0.936744755035812,-0.175423223217458,-157.770457310412,28.1046338694054,-164.416604185041
49.59538775,-0.210655483554978,-0.2180734577495,-0.936627967871889,-0.17548870070056,-157.709007338597,28.1090033069611,-164.42312991951
49.60543375,-0.210688270637243,-0.218556938344807,-0.936567557173599,-0.175169997908061,-157.637694001174,28.1133129404634,-164.478871463797
49.61547975,-0.210638318643445,-0.218660509178019,-0.936624783815325,-0.174794435803796,-157.612784811261,28.1004896585365,-164.528310142498
49.62552575,-0.210815789988651,-0.218581805448888,-0.936627110201675,-0.174666406196,-157.620065202128,28.116725364157,-164.545014490747
49.63557175,-0.210797953931002,-0.218626282690083,-0.936638689727751,-0.174570146476139,-157.611354584898,28.1131471851526,-164.558161359771
49.64561775,-0.210627927691485,-0.218726814364735,-0.93666541684953,-0.174506027495733,-157.595526017545,28.0936482291688,-164.566346204271
49.65566375,-0.210665009304197,-0.218822041213304,-0.936657444515871,-0.17438463168268,-157.579893100533,28.0966497984194,-164.58520980664
49.66570975,-0.210826632418847,-0.218950603242102,-0.93662827425255,-0.17418450066966,-157.558351367064,28.1127372668729,-164.617204718698
49.67575575,-0.210997058141355,-0.21910451059007,-0.936573575344612,-0.17407869732104,-157.536451241101,28.1324491800518,-164.638349325186
49.68580175,-0.211096636770616,-0.219254840132788,-0.936527287697223,-0.174017712951768,-157.51593734602,28.1449620732404,-164.652510976859
49.69584775,-0.211141287692402,-0.219449358463334,-0.936486697572319,-0.173936772913948,-157.488832965758,28.15137361719,-164.669590950837
49.70589375,-0.211110595481578,-0.219566926986422,-0.93648969617156,-0.17380946468375,-157.469744400567,28.1467452385396,-164.688701571989
49.71593975,-0.211098957421934,-0.219618609063594,-0.936485888853721,-0.173778815470131,-157.462129789422,28.1455169969332,-164.693963718457
49.72598575,-0.211174286962763,-0.219695214421337,-0.936447759729196,-0.173795933739261,-157.45326758547,28.1558578504836,-164.695591209772
49.73603175,-0.211222990343101,-0.219764058842567,-0.936433442011488,-0.17372684154752,-157.442637326301,28.1609742775558,-164.70729698203
49.74607775,-0.211208480750416,-0.219793249879029,-0.93644072979824,-0.173668260029446,-157.437042115498,28.1583939168537,-164.715296896569
49.75612375,-0.21118193257827,-0.219827273118296,-0.936450459276751,-0.173605007607048,-157.430618155468,28.1543905231551,-164.723817254531
49.76616975,-0.211193722285043,-0.219858677420622,-0.936457181825183,-0.17351461102247,-157.423928502231,28.1541354849114,-164.736344893246
49.77621575,-0.211248366371594,-0.219838283097817,-0.93645650474742,-0.173477582719443,-157.425733220425,28.159249883137,-164.74132358633
49.78626175,-0.211287385619555,-0.219838163174066,-0.936441027312464,-0.173513760423444,-157.427064927051,28.1646052800007,-164.737491021346
49.79630775,-0.211304623690623,-0.219929202734626,-0.936419623860027,-0.173492910060679,-157.414866245623,28.1675729156976,-164.743291027371
49.80635375,-0.21131992866578,-0.220010831380961,-0.936420351380111,-0.173366800007663,-157.40067767407,28.167690167036,-164.761944767184
49.81639975,-0.21134522915783,-0.220004389966119,-0.936438533400109,-0.173245882119355,-157.397988509093,28.1676661697232,-164.777344449141
49.82644575,-0.21140319122035,-0.219974655422144,-0.936444305252602,-0.173181710563598,-157.400184175271,28.172375735214,-164.78548998554
49.83649175,-0.211372821032611,-0.219867932559332,-0.936469001175858,-0.173220762605098,-157.414871489556,28.1680710105373,-164.776675501067
49.84653775,-0.211362215780367,-0.21962679408099,-0.936496020393626,-0.173393450998074,-157.450935795042,28.1670228270446,-164.747229717562
49.85658375,-0.211375142158401,-0.219737709444619,-0.936437569244655,-0.173552779386299,-157.441618045472,28.1740413155283,-164.731007876543
49.86662975,-0.211310579616723,-0.219879843463758,-0.9364356489178,-0.173461721472773,-157.420281742141,28.1667335086194,-164.745745247423
49.87667575,-0.211289126758281,-0.21994822081282,-0.936441856439729,-0.17336762841636,-157.408551948127,28.1631443825117,-164.759305882904
49.88672175,-0.211277840327942,-0.220038131246616,-0.936447675176422,-0.173235812234456,-157.392980516145,28.1601864954337,-164.778454191687
49.89676775,-0.211194236467253,-0.219999354182016,-0.936516320154675,-0.173015781726568,-157.390829558623,28.1447311256654,-164.803273792931
49.90681375,-0.211116157637942,-0.2198780147069,-0.936564253614578,-0.173005853901285,-157.405638548847,28.1335320503659,-164.799273594453
49.91685975,-0.211124996620964,-0.219868979654848,-0.936545008369105,-0.173110701247055,-157.410012667164,28.1368722809366,-164.786018246514
49.92690575,-0.211229128559658,-0.219850808684172,-0.936531564733252,-0.173079477197989,-157.411984170657,28.1478761405789,-164.791235877525
49.93695175,-0.211359019059806,-0.219793107943241,-0.936518907020504,-0.173062681002714,-157.419601095295,28.1615610422085,-164.793862286846
49.94699775,-0.211410897164996,-0.219816708659942,-0.936493068051162,-0.173109158180388,-157.418274347841,28.1690250564314,-164.789723325189
49.95704375,-0.211427036948002,-0.21989167519871,-0.936479114941084,-0.173069715735763,-157.407564607323,28.1711658485028,-164.797325658054
49.96708975,-0.211384935382174,-0.219925844421043,-0.936492885925026,-0.173003198412575,-157.400937658145,28.1652863687719,-164.805976538982
49.97713575,-0.21136486295035,-0.219912714102591,-0.936497034421697,-0.173021956425705,-157.403075130876,28.1631979145279,-164.802849088846
49.98718175,-0.211438433105205,-0.219912952712958,-0.93647981303352,-0.173024975121477,-157.403548155429,28.1717720352566,-164.803808600037
49.99722775,-0.211509854737182,-0.219939941694656,-0.936469870827256,-0.172957175130697,-157.398437318807,28.1788619514006,-164.814446381385
50.00727375,-0.211522612768106,-0.219963672659542,-0.936467559484281,-0.172923905320912,-157.39446018368,28.1799337888439,-164.819595315074
50.01731975,-0.21149740982698,-0.21998937381022,-0.936467816484131,-0.172920645778661,-157.390926918662,28.1773571929052,-164.820360452268
50.02736575,-0.211370239362171,-0.21987418328311,-0.936518991377078,-0.172945494961922,-157.405730902841,28.1614038707282,-164.811305142106
50.03741175,-0.211334781942242,-0.21981012893938,-0.936539354951003,-0.172959977408177,-157.414178401755,28.1566211010048,-164.806826049422
50.04745775,-0.211394854768197,-0.219802155200599,-0.93654226629331,-0.172880916797938,-157.413146287527,28.161575655313,-164.817561812951
50.05750375,-0.211251681216481,-0.219553075072023,-0.936663169397774,-0.172717345693322,-157.439316526137,28.1372047747309,-164.827592577276
50.06754875,-0.210959190743085,-0.218970214048128,-0.936881443616168,-0.172630894710142,-157.50971601039,28.0920546713945,-164.814767856725
50.07759475,-0.211125139664376,-0.218067322759259,-0.93704060881291,-0.172707022387158,-157.62857206459,28.0985251860569,-164.77976013544
50.08764075,-0.211730324587117,-0.217195902776272,-0.937096407971761,-0.172761487704458,-157.745308761132,28.1557267157709,-164.75618817294
50.09768675,-0.212071701374922,-0.216409001650355,-0.937223277890279,-0.172642013604001,-157.844450559941,28.179775013617,-164.75231766247
50.10773275,-0.212306403754326,-0.216140845071115,-0.937240472121809,-0.17259612809602,-157.878778913868,28.2015401111127,-164.753705813328
50.11777875,-0.212674995781295,-0.216465095789025,-0.937111815149738,-0.172434493014706,-157.834492812774,28.2456378876746,-164.790705029299
50.12782475,-0.212802871208184,-0.216956830726227,-0.937045930054307,-0.172016268345301,-157.759497774113,28.2586296293186,-164.86100137298
50.13787075,-0.21267998735454,-0.217606800262596,-0.936981764549512,-0.171696465776178,-157.665779031062,28.2473664123393,-164.919534597993
50.14791675,-0.212551097982199,-0.218134637925254,-0.936932396994983,-0.171455515936393,-157.59008871013,28.2352444560351,-164.964171651497
50.15796275,-0.212509552927028,-0.218263920494647,-0.936968286289859,-0.171146082082254,-157.5638985427,28.225272590923,-165.006300023446
50.16800875,-0.212522578097225,-0.218226117703163,-0.937023486042176,-0.170875691531831,-157.560612898486,28.2198701142449,-165.039214181406
50.17805475,-0.212332521434305,-0.218291709840246,-0.937118180282855,-0.170508492280364,-157.540057368605,28.1903621934814,-165.083861438498
50.18810075,-0.211986296746672,-0.218439368625818,-0.937228970340738,-0.170140851590749,-157.508174478689,28.14407476317,-165.128302398742
50.19814675,-0.211896173651089,-0.21842871785402,-0.937279762161187,-0.169986923766935,-157.504414479093,28.1298924698343,-165.145600266882
50.20819275,-0.211990049432436,-0.218263064375966,-0.937293233279651,-0.170008377790696,-157.526783022499,28.1386465309919,-165.139382802468
50.21823875,-0.211959621447548,-0.218201056870181,-0.937302389932324,-0.170075417046976,-157.536592192548,28.1357236110181,-165.12848019195
50.22828475,-0.211953692001202,-0.218255527403259,-0.93728397194518,-0.170114411910488,-157.530759581353,28.1368039306899,-165.125212123141
50.23833075,-0.21208350039966,-0.218204385062167,-0.937278940022194,-0.170045946110872,-157.535931140272,28.1494045326164,-165.134516983053
50.24837675,-0.212114751193411,-0.218074931216811,-0.93731163962072,-0.169992784942354,-157.551077523335,28.1497451103502,-165.137645734186
50.25842275,-0.212022848867331,-0.217979291420262,-0.937335029528679,-0.170101094907036,-157.566117401961,28.1401502096973,-165.119401716225
50.26846875,-0.212069457655394,-0.217825074202447,-0.937334644872706,-0.17024260835585,-157.590402157924,28.1464139849227,-165.097650661612
50.27851475,-0.212192080805623,-0.217572522287954,-0.937335779096521,-0.170406442408012,-157.62837434236,28.1604285237999,-165.071356837347
50.28856075,-0.212195291448257,-0.217441942006801,-0.937333687174964,-0.170580535321258,-157.65038967178,28.162790093162,-165.045481338281
50.29860675,-0.212160034480704,-0.217448626181675,-0.937320213894967,-0.17068986895754,-157.65265002074,28.161361442681,-165.031366551088
50.30865275,-0.212197833639544,-0.217417724996181,-0.937305255338974,-0.170764371489228,-157.659070853246,28.1669739662477,-165.021734229207
50.31869875,-0.212223510306062,-0.217364675283638,-0.937289791051956,-0.170884836079717,-157.669655689688,28.17190190416,-165.005425628344
50.32874475,-0.21220832316635,-0.217346215096121,-0.93728023337973,-0.170979573276912,-157.674805991255,28.1720544143657,-164.992702265786
50.33879075,-0.21217484053896,-0.217345608261876,-0.937283416174606,-0.171004448408812,-157.675452106796,28.1687520995556,-164.98896873564
50.34883675,-0.212126865101289,-0.217342371590946,-0.937288728214846,-0.171038962154591,-157.676646436079,28.1639567306986,-164.983685944433
50.35888275,-0.212106387379709,-0.217368466977417,-0.937280424721848,-0.171076694584177,-157.674332562318,28.1628792442517,-164.979418318628
50.36892875,-0.21212005158622,-0.217402290003278,-0.937264526478879,-0.171103873190272,-157.670898300316,28.1656257404653,-164.977326789398
50.37897475,-0.21213089070153,-0.217424665667757,-0.93725377230907,-0.171120911234887,-157.668607789777,28.1676289163027,-164.976093348029
50.38902075,-0.212160943977968,-0.217467397038189,-0.937233421063351,-0.171140817801303,-157.663902748073,28.1722423481052,-164.975487529311
50.39906675,-0.212197437285392,-0.21751158107875,-0.937211583835197,-0.171159010371219,-157.658995072366,28.1775835304915,-164.975257855097
50.40911275,-0.212149643345888,-0.217543320023633,-0.937212556267257,-0.171172594524655,-157.655075911062,28.1728778186965,-164.973705517246
50.41915875,-0.212084892073504,-0.217539357987542,-0.937223055997562,-0.171200378466662,-157.65606630838,28.1659763751801,-164.968942178237
50.42920475,-0.212136856794609,-0.217490803102617,-0.937212706765469,-0.171254333762463,-157.664208521906,28.1724665614598,-164.961576130684
50.43925075,-0.21222014119772,-0.217439395652675,-0.937197311240179,-0.171300673356523,-157.672660861102,28.1823542146382,-164.955631397417
50.44929675,-0.212228009858871,-0.217448718849538,-0.937194231317658,-0.171295940661013,-157.671366735112,28.1833017884303,-164.956659739261
50.45934275,-0.212233407043842,-0.217473537982674,-0.937190186374491,-0.171279875569806,-157.66773013827,28.1839462790604,-164.959554100578
50.46938875,-0.212289365861394,-0.217474055872509,-0.937177859955928,-0.171277315990634,-157.667896753393,28.1903634615373,-164.960890283557
50.47943475,-0.212336287290935,-0.21748272787966,-0.937164969378978,-0.171278674511518,-157.667087030066,28.1959564396675,-164.961832290309
50.48948075,-0.212359338757811,-0.217544801312009,-0.937148577420598,-0.171260954402963,-157.658723769532,28.1991938582126,-164.966429414702
50.49952675,-0.212406022693037,-0.217617816872694,-0.937129861421984,-0.171212704360691,-157.64816231247,28.2046262784736,-164.975621756938
50.50957271,-0.212420925023606,-0.217689070012274,-0.937122913159884,-0.171141651972976,-157.636958743887,28.2058253735135,-164.987048030674
50.51961871,-0.212405884692739,-0.217767060012488,-0.937116361357562,-0.17109696957391,-157.625526762828,28.2042819940934,-164.994847310759
50.52966471,-0.21243554568751,-0.21781472704524,-0.937099005841351,-0.171094526101245,-157.619506330772,28.2084082388505,-164.997194931577
50.53971071,-0.212507288928104,-0.217824574877926,-0.937076704460488,-0.171115039342392,-157.619259015987,28.2173348230406,-164.996222785196
50.54975671,-0.212543341369324,-0.21781893925699,-0.937065320794913,-0.171139774173188,-157.620929097864,28.2219889857734,-164.993590949963
50.55980271,-0.212536493368382,-0.217832405555102,-0.93705925095534,-0.171164372098186,-157.619912015024,28.2219832319897,-164.990812652501
50.56984871,-0.212559576974256,-0.217816685198632,-0.937052014216389,-0.171195328612129,-157.622992807727,28.2251233214504,-164.986848757032
50.57989471,-0.212601997313806,-0.217786530146732,-0.937043822445654,-0.171225853308616,-157.628017057862,28.2302598564018,-164.98282732549
50.58994071,-0.212620372807768,-0.217794420101741,-0.937036914493266,-0.171230804812017,-157.62725689381,28.2326243105256,-164.982786058642
50.59998671,-0.212602701482874,-0.217814919157466,-0.937038698247275,-0.171216910092618,-157.624110646112,28.2305828508301,-164.98486083675
50.61003271,-0.212609239109442,-0.217785676864276,-0.937037050310817,-0.171255005015553,-157.629051161557,28.2317619238895,-164.979276575408
50.62007871,-0.212651341785463,-0.217727087812875,-0.937023261021316,-0.171352649160571,-157.639757426173,28.2379720725031,-164.965934433949
50.63012471,-0.21264443259075,-0.217680713316832,-0.937014085754194,-0.171470275663935,-157.649235863436,28.2391730907263,-164.949597139979
50.64016971,-0.212613773845785,-0.217664786816627,-0.937007272505865,-0.171565716337051,-157.654006064129,28.2375949142636,-164.936581772488
50.65021571,-0.21261516649073,-0.21765656933549,-0.936999802802632,-0.17161520431201,-157.656570180755,28.2387757420929,-164.930143003438
50.66026171,-0.212624753014633,-0.217631430967888,-0.936996887554778,-0.171651121094486,-157.660936543175,28.2403190888658,-164.92501479535
50.67030771,-0.212606071811137,-0.217631504230096,-0.936998568869837,-0.171664989242016,-157.661244353571,28.2384829707041,-164.922945503623
50.68035371,-0.212591623967652,-0.217655316937044,-0.937004138832024,-0.171622283633239,-157.656814760073,28.2361988305667,-164.928795759354
50.69039971,-0.212598322918649,-0.21765422572163,-0.937012727276559,-0.171568470411787,-157.655357499418,28.2357049436701,-164.935625838408
50.70044571,-0.212578078097907,-0.217617672482874,-0.937022878136036,-0.171584484103304,-157.660416159982,28.2331558478607,-164.932098380829
50.71049171,-0.212543519533366,-0.217578603205644,-0.937026338836767,-0.171657927453451,-157.66746100518,28.2302462454627,-164.921037892628
50.72053771,-0.212547143676179,-0.217539123467542,-0.937022838287275,-0.171722572785672,-157.674503982298,28.2315387780138,-164.911748127905
50.73058371,-0.212556803270735,-0.217518230044305,-0.937019324936102,-0.171756250768379,-157.678258504692,28.233105037127,-164.907036431557
50.74062971,-0.212540223085601,-0.21754932912494,-0.937017028816373,-0.17174990735412,-157.673987452977,28.2315361326661,-164.90852201187
50.75067571,-0.212513025944961,-0.217604331550935,-0.937020865440058,-0.171692942265986,-157.665056679831,28.2279440943948,-164.916920824931
50.76072171,-0.212514858412874,-0.217654220225702,-0.937019951278698,-0.171632416161295,-157.656835638518,28.2275428054261,-164.926120972398
50.77076771,-0.212531234825361,-0.217668205393012,-0.937018144434061,-0.171604264474814,-157.654279751285,28.2290038414005,-164.930384986434
50.78081371,-0.212528727057713,-0.217668577373218,-0.937023676441904,-0.171576689520591,-157.653380935917,28.2280787932531,-164.933808133409
50.79085971,-0.212540972884825,-0.217642191589903,-0.937035360345662,-0.171531177186514,-157.655448863969,28.2280170604685,-164.938894694244
50.80090571,-0.212559351721238,-0.217538170534916,-0.937071742256721,-0.171441582529216,-157.666162148234,28.2264071767799,-164.947154952328
50.81095171,-0.212451567296828,-0.217330928067415,-0.937145604367997,-0.171434289079573,-157.691898437406,28.2104861468782,-164.939581254522
50.82099771,-0.212296541378489,-0.216856142944263,-0.937258392536082,-0.171610889534284,-157.757210692437,28.1891055282898,-164.899666779596
50.83104371,-0.212392696221799,-0.216144466792607,-0.937345427657275,-0.171914110289339,-157.858112796219,28.1958683947898,-164.840844796497
50.84108971,-0.212503291329644,-0.215227094857583,-0.937482438938624,-0.172181083441017,-157.984336838717,28.2000982706811,-164.780291078509
50.85113571,-0.212681855141285,-0.214283374429978,-0.937619049954146,-0.172393680567611,-158.112681163589,28.2104384205179,-164.72687263426
50.86118171,-0.213102430454618,-0.213855252483932,-0.937603467637731,-0.172490644943637,-158.172991370216,28.2543936920066,-164.708378186689
50.87122771,-0.213490040828824,-0.213987017136105,-0.937511406693902,-0.172348255816298,-158.154121544661,28.2981171969982,-164.737077208049
50.88127371,-0.213557111362052,-0.214547793257127,-0.937434732941858,-0.171984668123123,-158.071585767889,28.3065960786292,-164.801681445832
50.89131971,-0.21328241731922,-0.21531231116616,-0.937389248098145,-0.171617646740514,-157.960835592194,28.2786492267103,-164.867241441732
50.90136571,-0.213099724403928,-0.215805447978734,-0.937358304135039,-0.17139406568126,-157.88979339946,28.2602429193935,-164.907736171697
50.91141171,-0.213104021591521,-0.215789676912287,-0.937381292655205,-0.171282817292536,-157.888452247634,28.2579294846583,-164.92126360407
50.92145771,-0.213018659969583,-0.215656098657696,-0.937449367394418,-0.171184640632011,-157.902093252914,28.2436762108092,-164.927839939765
50.93150371,-0.212751498598364,-0.215660819511781,-0.937521184148032,-0.171117620499259,-157.897930573394,28.2113154773436,-164.931699686982
50.94154971,-0.21250377616797,-0.215627024914871,-0.937596713501117,-0.171054184610082,-157.898921459274,28.1806754204428,-164.934229531319
50.95159571,-0.212426088235092,-0.215436014976097,-0.937652242044216,-0.171086976353579,-157.923929565725,28.1694110166589,-164.922718516418
50.96164171,-0.212544151080021,-0.215273093187503,-0.937628215153455,-0.171276995943136,-157.951233338944,28.1848322575418,-164.895818130769
50.97168771,-0.212582367866436,-0.215268657264639,-0.937606142048053,-0.171355958360206,-157.954418997894,28.1909920385285,-164.886446841269
50.98173371,-0.212418416482307,-0.215367182138316,-0.93763823910856,-0.171259819450882,-157.937940047479,28.1713973035856,-164.898744375659
50.99177971,-0.212254687332506,-0.215420466286913,-0.937671245671145,-0.171215085350656,-157.928818364481,28.1522872990163,-164.903165982317
51.00182571,-0.212262717176534,-0.215368968957644,-0.937662431348426,-0.171318157078327,-157.938580725522,28.1547618666286,-164.888762608786
51.01187171,-0.212304750851818,-0.215277097400968,-0.937649245298378,-0.171453658146288,-157.954692843979,28.1612664113813,-164.869613020768
51.02191771,-0.212171939275068,-0.215215978375857,-0.937680552923581,-0.171523559620556,-157.963861426185,28.1465378960147,-164.856601929353
51.03196371,-0.212054519172639,-0.215162322227728,-0.937715778472832,-0.171543507003682,-157.970646622728,28.132562353129,-164.850359643101
51.04200971,-0.212024936731064,-0.214993032873261,-0.937750610120468,-0.171601909193442,-157.99390638356,28.1277754615046,-164.837186645866
51.05205571,-0.211999526066858,-0.214746015599154,-0.937782789938715,-0.171766669137163,-158.030354316829,28.1246552099757,-164.808308061199
51.06210171,-0.211986512509562,-0.214595630946619,-0.937791461092189,-0.171923265427435,-158.054261175766,28.1243184338788,-164.783714268754
51.07214771,-0.211985100544981,-0.214543131286756,-0.93779373441809,-0.171978119686143,-158.062631229551,28.1245653688321,-164.77515930212
51.08219371,-0.212037126798381,-0.214516802847051,-0.937785735219947,-0.171990444424536,-158.066684973361,28.1304397852224,-164.77368474518
51.09223971,-0.212061656755715,-0.214514116877013,-0.93777892313193,-0.172000693963755,-158.06748626399,28.1334669203528,-164.772739490863
51.10228571,-0.212039682573733,-0.214546925955878,-0.937777452529941,-0.171994881038268,-158.062980581042,28.1313199102052,-164.774122213768
51.11233171,-0.212000937337364,-0.214582156309913,-0.937786134761067,-0.171951348384844,-158.056922116019,28.1264113907676,-164.780019125799
51.12237771,-0.211960893262474,-0.214589497923949,-0.937800595654298,-0.171912681028964,-158.054572117858,28.1210162264247,-164.784404077039
51.13242371,-0.211947084720662,-0.214566888952486,-0.93780719387282,-0.171921931597021,-158.057662259484,28.1192682919623,-164.782293098941
51.14246971,-0.211925884466725,-0.214533101151019,-0.937807975695982,-0.171985955021121,-158.063796761958,28.11773649119,-164.772836420511
51.15251571,-0.211917790213341,-0.214531367906781,-0.937801179875867,-0.172035140010906,-158.065459391069,28.1178953403127,-164.766476359677
51.16256171,-0.211942212652675,-0.21454927405506,-0.937792534652714,-0.172029850456175,-158.063155009813,28.1208858385378,-164.768126001682
51.17260771,-0.21199351279414,-0.214602108472561,-0.937767803464079,-0.172035555506671,-158.056875853302,28.1277956149123,-164.769963362437
51.18265371,-0.212050378895566,-0.214740806588495,-0.937727136045002,-0.172014072449925,-158.038818547821,28.1361056119997,-164.778013394814
51.19269971,-0.212042224904949,-0.214977310858745,-0.93769318027178,-0.171913787536362,-158.005467295638,28.1366613735055,-164.797900262886
51.20274571,-0.212014851247858,-0.215313241809071,-0.937656636246438,-0.171726361561155,-157.956636923091,28.1345796115159,-164.831509184102
51.21279171,-0.211986684737852,-0.215693961418656,-0.937614511767262,-0.171513229299729,-157.901289989476,28.1325093259789,-164.869733843705
51.22283771,-0.211907485123279,-0.216150775876608,-0.937562691170152,-0.17131917569977,-157.836485536295,28.1261637430944,-164.907063506699
51.23288371,-0.211772034231434,-0.216634027901986,-0.937509737902737,-0.171165986136217,-157.769217016632,28.1146516344564,-164.939097835769
51.24292971,-0.211633917077387,-0.217087122339449,-0.93745876576775,-0.171041892359928,-157.706682047159,28.1030037147859,-164.966468702704
51.25297571,-0.211543469286705,-0.217464414772341,-0.937410784467772,-0.170937444912997,-157.654717551999,28.0961029987405,-164.989824158753
51.26302171,-0.211453573816891,-0.217615639488064,-0.93739879649085,-0.170921958530117,-157.634389819473,28.0877477011821,-164.994918941413
51.27306671,-0.211367889590736,-0.217572078989523,-0.937405559236689,-0.171046260427655,-157.643241591993,28.0800466460369,-164.976450847815
51.28311271,-0.211364964950448,-0.21740477698409,-0.937402848864643,-0.171277299944991,-157.671612815873,28.082423242628,-164.942204057734
51.29315871,-0.211401151222114,-0.217139648344871,-0.937404796717609,-0.171558076083434,-157.714230294721,28.0889032744247,-164.899340901088
51.30320471,-0.211484815286603,-0.216849018543941,-0.93739864974023,-0.171855891737569,-157.760904521979,28.1008341325224,-164.854370867871
51.31325071,-0.21166290362386,-0.216606251261088,-0.937370579940021,-0.172095737910741,-157.80025999684,28.1230799766764,-164.819818792527
51.32329671,-0.211841651357016,-0.216365523472299,-0.937357958212732,-0.172247302382792,-157.836705009436,28.1433829648498,-164.796380485501
51.33334271,-0.211901767764115,-0.216094143793336,-0.937379860879691,-0.172394774438902,-157.876265347972,28.149376097816,-164.770389027378
51.34338871,-0.211902456820134,-0.215845598983581,-0.937399781233562,-0.172596860737038,-157.914207826022,28.1501089246987,-164.737227144286
51.35343471,-0.211955708255611,-0.21560459975157,-0.937403469067414,-0.172812529881966,-157.951910782075,28.1573355940057,-164.703512719262
51.36348071,-0.212058111760297,-0.215388175752195,-0.93739629368677,-0.172995605623685,-157.985782393238,28.1698791842349,-164.675504414633
51.37352671,-0.212117611316637,-0.215288103843862,-0.937385314538194,-0.173106682137837,-158.002323312818,28.177684918128,-164.659445731391
51.38357271,-0.212133693528927,-0.215324565125985,-0.937369689354326,-0.173126234877486,-157.998347860888,28.1805816338711,-164.658423313484
51.39361871,-0.212171366395325,-0.215431860577927,-0.937349778096546,-0.173054379407831,-157.982660543512,28.1850257620784,-164.671476870794
51.40366471,-0.212216000694144,-0.215579958456774,-0.937333116065447,-0.172905407920626,-157.959447685447,28.1891621043924,-164.695613641398
51.41371071,-0.212228524466518,-0.215752074822468,-0.937320967564638,-0.172741134001881,-157.932499593968,28.1896142997253,-164.721871446715
51.42375671,-0.212216237440026,-0.215930890865483,-0.937309186994623,-0.172596659620966,-157.905146203352,28.1877519510512,-164.745424706718
51.43380271,-0.21221423735203,-0.216097728602637,-0.937295210923513,-0.172466161138131,-157.879811473539,28.1872000056953,-164.767025214868
51.44384871,-0.212205208378924,-0.216243727043241,-0.937287935229804,-0.172333764898108,-157.857045999999,28.1854505054379,-164.788080675395
51.45389471,-0.212177962529717,-0.216373907408972,-0.937286244274318,-0.172213067748806,-157.836555329818,28.181605316019,-164.806847753824
51.46394071,-0.21216374220613,-0.2164910760282,-0.937282154876101,-0.172105556691395,-157.818207691891,28.1793571568163,-164.823777567084
51.47398671,-0.212142323717865,-0.216578637296554,-0.937285834972013,-0.172001720675022,-157.803722216241,28.1758844788274,-164.839182593732
51.48403271,-0.212114393403066,-0.216626016934057,-0.937293352830933,-0.171935521744297,-157.795487041121,28.1718839244617,-164.848484136685
51.49407871,-0.21211040799077,-0.216628900107744,-0.937296420807383,-0.171920080275016,-157.794626865429,28.1711125483374,-164.850440175743
51.50412471,-0.212121687184311,-0.216593989364278,-0.937298124629629,-0.171940859492816,-157.799792312548,28.1723386416566,-164.846931770453
51.51417058,-0.212121667020651,-0.216542132746075,-0.937304170179783,-0.171973241202666,-157.807414530126,28.1722553465229,-164.841234241535
51.52421658,-0.212117257141005,-0.216499798539674,-0.937311883602994,-0.171989939565849,-157.813316470981,28.1714542899278,-164.837725918873
51.53426258,-0.212132422640731,-0.216485011746815,-0.937313543598247,-0.171980801082135,-157.815020553269,28.1727601055279,-164.83867130935
51.54430858,-0.212161742409743,-0.216492638431529,-0.937310533543104,-0.171951435794409,-157.813322801718,28.1755936393758,-164.843109613204
51.55435458,-0.212173741943331,-0.216519225850544,-0.937309834001319,-0.171906960741168,-157.808638679328,28.1763789322506,-164.849735850843
51.56440058,-0.212185278742425,-0.216557384679554,-0.937307533626499,-0.171857190809001,-157.802309262781,28.1771728452853,-164.857383398494
51.57444658,-0.212206075382855,-0.216597859524998,-0.937301987200449,-0.171810749401442,-157.795836963395,28.1791504669241,-164.864850593996
51.58449258,-0.212218259699687,-0.216629815877585,-0.937299855066289,-0.171767036463905,-157.790488637955,28.1800590162678,-164.871554699437
51.59453858,-0.212214035830064,-0.216650667299521,-0.937301863476397,-0.171734993752181,-157.786822474005,28.1791628842858,-164.876155203371
51.60458458,-0.212202962012524,-0.216678246988456,-0.937304896238078,-0.171697325789448,-157.782085060049,28.1774519220068,-164.881552168895
51.61463058,-0.212198338306648,-0.216713161763021,-0.937307745125247,-0.171643414283211,-157.775952779103,28.1762276301503,-164.889330520407
51.62467658,-0.212199561364631,-0.21674953946954,-0.937309611394099,-0.171585767721698,-157.769553304711,28.1756155489542,-164.89772641769
51.63472258,-0.21221420195293,-0.216774195927353,-0.937308354965326,-0.171543371138975,-157.765193383388,28.1767200406195,-164.904078206324
51.64476858,-0.212221410893619,-0.216787799650339,-0.937306997434613,-0.171524678227937,-157.762925272006,28.1773375448657,-164.906978537142
51.65481458,-0.212213454422121,-0.216799775720277,-0.937309067792367,-0.171508071075595,-157.760842946963,28.1762241824124,-164.909297324819
51.66486058,-0.212208524184454,-0.216803110275684,-0.937312375389261,-0.171491879050836,-157.759897208101,28.1753326938907,-164.911344462484
51.67490658,-0.212220384139875,-0.216793004613009,-0.937315086826654,-0.171475157715424,-157.760751882322,28.1761560596633,-164.913330583869
51.68495258,-0.212228975222639,-0.216792769894318,-0.937318378390076,-0.17144682712053,-157.759971879396,28.1764900201521,-164.91702564575
51.69499858,-0.212219529145956,-0.216817025697777,-0.937324116322579,-0.171396469557385,-157.755285629233,28.1746185969995,-164.923935390233
51.70504458,-0.212217742913043,-0.216844826739457,-0.937330647958945,-0.171327776808353,-157.749633107785,28.1732642195569,-164.933390300802
51.71509058,-0.21223367829314,-0.21685619416687,-0.937334911499599,-0.171270314221884,-157.746525508128,28.1739568255451,-164.941232843949
51.72513658,-0.212247324147624,-0.216865975069454,-0.937334323883602,-0.171244233535086,-157.744559007295,28.1750858478227,-164.945052380619
51.73518258,-0.212248032735958,-0.216879899283106,-0.937336004125774,-0.171216521563175,-157.741939713241,28.1747472228312,-164.948977598394
51.74522858,-0.212242237122047,-0.216883951943749,-0.937341595185202,-0.171187961335928,-157.740522755226,28.1734802854632,-164.952581387577
51.75527458,-0.212244222605353,-0.216879803343538,-0.937344808024533,-0.171173163030219,-157.740616890899,28.1733013294914,-164.954339718927
51.76532058,-0.212243368279486,-0.216881607011923,-0.937347064244582,-0.171159581424375,-157.73996957526,28.1729167091738,-164.956083321223
51.77536658,-0.212243483038232,-0.216890637095937,-0.937350469259767,-0.171129346479242,-157.737897511961,28.1723731054523,-164.960159214919
51.78541258,-0.212255422994731,-0.216910247008459,-0.937344954145121,-0.171119890985057,-157.735165906108,28.1738454185938,-164.962176208817
51.79545858,-0.212292553612542,-0.216929424347976,-0.937328068469914,-0.171142012934235,-157.733587138516,28.1789542792665,-164.960670892672
51.80550458,-0.212333334245111,-0.216953869743601,-0.93731138942361,-0.171151783012657,-157.730979514771,28.1842826498221,-164.960944941861
51.81555058,-0.212363105576976,-0.216968456067337,-0.937302185307701,-0.171146761228096,-157.729124833948,28.1878393213511,-164.962565077366
51.82559658,-0.212377101307096,-0.216987308006492,-0.93729709892142,-0.171133349637001,-157.726381182132,28.1894455195741,-164.965091066478
51.83564258,-0.212364895878785,-0.21704645575417,-0.937290385281821,-0.1711102589011,-157.71803575144,28.1884372189986,-164.969638777068
51.84568858,-0.212346416859699,-0.217110126862101,-0.937284192302733,-0.171086337619878,-157.709050878738,28.1867556649164,-164.974321664194
51.85573458,-0.212348717081137,-0.21715170527669,-0.937278111451746,-0.171064026150647,-157.703060605994,28.1871630131196,-164.978473810463
51.86577958,-0.212341168983141,-0.21719128469154,-0.937275778566366,-0.171035928160503,-157.697096409804,28.1862656838113,-164.983112162138
51.87582558,-0.212321062073775,-0.217228244858597,-0.937277366490804,-0.171005246994298,-157.69132013067,28.1838148109535,-164.987767056846
51.88587158,-0.212312919238049,-0.217249420801041,-0.937278990636094,-0.170979551989164,-157.687783524628,28.182612489235,-164.991511033441
51.89591758,-0.212314842189384,-0.217262744005195,-0.93727980624609,-0.170955762279963,-157.685366369511,28.1824935208719,-164.994947437404
51.90596358,-0.212312218074086,-0.21727165217635,-0.937280517112043,-0.170943802049685,-157.68384820511,28.1820535472602,-164.996680877434
51.91600958,-0.212307494099821,-0.217270978502588,-0.937283821410317,-0.170932407612058,-157.683563215637,28.1812323194629,-164.998002783855
51.92605558,-0.212315318148998,-0.217262697156901,-0.93728333327461,-0.170935892278463,-157.684772930753,28.1820866007199,-164.997443914662
51.93610158,-0.212325832178647,-0.21725473116942,-0.937280107436839,-0.170950644857913,-157.686298539169,28.1835183484298,-164.995531277576
51.94614758,-0.212327001755832,-0.217250211371078,-0.937279887736431,-0.170956140660069,-157.687050595753,28.1837095697451,-164.994720592488
51.95619358,-0.212332701127464,-0.217246428653811,-0.937281543609129,-0.17094479014807,-157.687222731833,28.1840451093833,-164.996124748359
51.96623958,-0.212348999529517,-0.21723459607682,-0.937283439681728,-0.170929185233366,-157.688355734922,28.1853797789001,-164.99799644114
51.97628558,-0.212368512066865,-0.217212971099369,-0.937283992413947,-0.170929394292683,-157.691240300572,28.1872980840052,-164.997634255809
51.98633158,-0.212383548701435,-0.217190646015695,-0.937283333762209,-0.170942691495926,-157.69458661865,28.1889915672277,-164.995530044554
51.99637758,-0.212395892618857,-0.217164919165581,-0.937283302083916,-0.170960212672761,-157.698482043959,28.1904178294547,-164.992740738679
52.00642358,-0.212406276884018,-0.217145156220846,-0.937281250041254,-0.170983662936546,-157.701782384538,28.1918493604472,-164.989362160859
52.01646958,-0.212402457136575,-0.217131558140567,-0.937279867034515,-0.171013255373835,-157.704400570004,28.1918788050854,-164.985155733852
52.02651558,-0.212392164991296,-0.217127694371351,-0.937278116899857,-0.171040533698739,-157.705665557025,28.1912604270582,-164.981431978314
52.03656158,-0.212394834283766,-0.217129985456996,-0.937275141649595,-0.171050614236688,-157.705692431605,28.1918390705985,-164.980288929598
52.04660758,-0.212394608689444,-0.217130882973956,-0.937274967251427,-0.171050710675065,-157.705579115966,28.1918294462782,-164.980301229108
52.05665358,-0.212394777141667,-0.21712622061818,-0.937274248568116,-0.171060357576148,-157.706469852597,28.191998769999,-164.978947887571
52.06669958,-0.212399284832587,-0.217117359791779,-0.937272264769746,-0.171076876207873,-157.708130909886,28.1927625259314,-164.976677914986
52.07674558,-0.212403869538051,-0.217109551928614,-0.937268793355691,-0.171100110076487,-157.709861137774,28.1937075307691,-164.973601125964
52.08679158,-0.212397299288611,-0.217097911105882,-0.937269489738431,-0.171119221169999,-157.711895493345,28.1932065815985,-164.970720930906
52.09683758,-0.212382596620161,-0.217086487618875,-0.937274825669783,-0.171122735812209,-157.713383855088,28.1914073068672,-164.969657196748
52.10688358,-0.212380582640895,-0.217083755501916,-0.93727724144471,-0.171115469447078,-157.713502381075,28.1909627194281,-164.970445401757
52.11692958,-0.212384102065708,-0.217094489022712,-0.937277464456987,-0.171096261346626,-157.71156447116,28.1910943899487,-164.973254623186
52.12697558,-0.212386649939514,-0.217104459554227,-0.937279540397329,-0.171069072955079,-157.709476962507,28.1909165522222,-164.977022360683
52.13702158,-0.212395889948625,-0.217110037884239,-0.937282024213682,-0.171036909667878,-157.707838452084,28.1913273104068,-164.981393695072
52.14706758,-0.212412846225733,-0.217111984894984,-0.937282277797677,-0.17101198934473,-157.706927440482,28.1927404722111,-164.984880077291
52.15711358,-0.212423770671362,-0.217108362953804,-0.937281726115401,-0.171006041645946,-157.707271657213,28.1938080941136,-164.985705404526
52.16715958,-0.212424461693332,-0.217106430590307,-0.937281705691288,-0.171007748500074,-157.707574811316,28.1938969568402,-164.985442682645
52.17720558,-0.212421524319107,-0.217107600152017,-0.937282965451964,-0.171003007680425,-157.707264960469,28.1934659737684,-164.986021397632
52.18725158,-0.212428634482686,-0.217118588531677,-0.937283364851736,-0.170978032910783,-157.705139250975,28.1938827625123,-164.989625346555
52.19729758,-0.2124383166243,-0.217134837045213,-0.937284202330033,-0.170940774052699,-157.701981305059,28.1943951328,-164.994980900177
52.20734358,-0.212456418177061,-0.217154479878057,-0.93728075128363,-0.170912245077579,-157.698699481672,28.1961368286578,-164.999500261059
52.21738958,-0.212470387506442,-0.217163644478033,-0.937276084638917,-0.170908826904355,-157.697498637086,28.1978174462856,-165.000467890665
52.22743558,-0.212473409359056,-0.217168154429714,-0.937274074858729,-0.170910361343731,-157.696983971906,28.1982737359255,-165.000472308803
52.23748158,-0.212478058857159,-0.217166359960447,-0.937272378616045,-0.170916163335259,-157.697415471468,28.1989174483475,-164.999771433466
52.24752758,-0.21247055528019,-0.217164352938649,-0.937272001825636,-0.170930107194228,-157.698054078236,28.1983417208084,-164.997826811463
52.25757358,-0.212450937569695,-0.217171352395167,-0.93727197367795,-0.170945752162646,-157.697523391815,28.196547540502,-164.995738083029
52.26761958,-0.212434877391971,-0.217180003649629,-0.937272895448778,-0.170949666098737,-157.696444957089,28.1949186493719,-164.995235024488
52.27766558,-0.21243178542957,-0.217189395542166,-0.937272249343569,-0.170945118718493,-157.695086676923,28.1946043463296,-164.996046940619
52.28771158,-0.212437318343624,-0.21719397947735,-0.937270200689635,-0.170943651397105,-157.694485399402,28.1952824658402,-164.996474609961
52.29775758,-0.212441079482043,-0.217197331939415,-0.937267584068081,-0.170949064349841,-157.694240730987,28.195895910075,-164.995969585378
52.30780358,-0.212438573848366,-0.217190171027708,-0.937268027567734,-0.170958844314991,-157.695440936079,28.195719827693,-164.994472757889
52.31784958,-0.212438895573622,-0.217176574394602,-0.937268937548411,-0.170970728162917,-157.697545120278,28.1958175099559,-164.992559026003
52.32789558,-0.212439574250988,-0.217167256148744,-0.93726571734075,-0.170999372064971,-157.699611296936,28.1964129218193,-164.988686972902
52.33794158,-0.212439105457378,-0.217168199015601,-0.937260630412757,-0.171026636776469,-157.700314631406,28.1970061054832,-164.985292044636
52.34798758,-0.212438427015303,-0.217171456037279,-0.937257595895671,-0.1710399729472,-157.700297964539,28.1972886096915,-164.983711943727
52.35803358,-0.212443806229458,-0.217175368286611,-0.937252252462248,-0.171057603919729,-157.700361129238,28.1983814086246,-164.981722397844
52.36807958,-0.212459640175105,-0.217187121838627,-0.937240594157916,-0.171086890399686,-157.699831035357,28.2010774281582,-164.978706884964
52.37812558,-0.21248107787539,-0.217205764542691,-0.937226380358094,-0.17111446272949,-157.698397398134,28.2044907420606,-164.976224145818
52.38817158,-0.212494212303943,-0.217221805282936,-0.937215563269322,-0.171137035771675,-157.697099571334,28.2067870443877,-164.974137484835
52.39821758,-0.212490493739082,-0.217233266717681,-0.937208938751718,-0.171163381088259,-157.696409578203,28.2071500735721,-164.971132647171
52.40826358,-0.212477024656177,-0.217252178847379,-0.937203486805889,-0.17118594889245,-157.694596211173,28.2064164528288,-164.968663323048
52.41830958,-0.21246580803746,-0.217283782292246,-0.937197737718426,-0.171191234539711,-157.690644862692,28.205743510317,-164.968801749534
52.42835558,-0.212457324953332,-0.217315335332185,-0.937193269248443,-0.171186174028598,-157.686401298476,28.2051456493,-164.970283784937
52.43840158,-0.212440158037285,-0.217342652061977,-0.937189294967665,-0.171194556706022,-157.683060213149,28.2037887996036,-164.969792085305
52.44844758,-0.212419671409319,-0.217363839543372,-0.937186193958065,-0.171210053185309,-157.680701849084,28.2021162396203,-164.96815555933
52.45849358,-0.212415318795376,-0.217369655342404,-0.937184055448687,-0.171219775406157,-157.680227378288,28.201931025414,-164.967043744722
52.46853958,-0.212425924831507,-0.21736405372555,-0.937181412255725,-0.171228196071326,-157.681259313432,28.2032637587385,-164.96600040953
52.47858558,-0.212430723432133,-0.217364112090307,-0.937179999279859,-0.171229902374252,-157.681330190514,28.2038590181596,-164.9658740463
52.48863058,-0.212421473310781,-0.217369811839606,-0.937183645413932,-0.171214185586196,-157.680071908556,28.2025151818842,-164.967858973877
52.49867658,-0.212414215762105,-0.217371403783411,-0.937187088993775,-0.17120231885922,-157.679467829388,28.2014259267643,-164.969266892585
52.50872258,-0.212418094469785,-0.217372062313941,-0.93718512350236,-0.171207429608284,-157.6795599313,28.2020034092825,-164.968716530485
52.51876875,-0.212425968958613,-0.217378859651283,-0.937180721469356,-0.17121312565011,-157.67890533526,28.2031537301701,-164.968358494755
52.52881475,-0.212442276634153,-0.217382187577601,-0.937176357285541,-0.171212554935318,-157.678551933838,28.2050784127081,-164.968826396091
52.53886075,-0.212457369405341,-0.217379666983807,-0.937172696299143,-0.171217066552273,-157.679095361358,28.2068879381292,-164.968450533363
52.54890675,-0.212472263070307,-0.217370255280675,-0.937167208519081,-0.171240570022264,-157.681096877917,28.2090061323573,-164.965472848551
52.55895275,-0.212491453166791,-0.217355085930114,-0.937159910795836,-0.171275948540708,-157.68422046504,28.211805288369,-164.960901081873
52.56899875,-0.212497123321113,-0.217344536873832,-0.937155185812852,-0.171308150931092,-157.686580816467,28.2130409317458,-164.956632367787
52.57904475,-0.212485123239733,-0.217336638992181,-0.937154222046476,-0.171338325700474,-157.688441767315,28.2122287493044,-164.952386666673
52.58909075,-0.212471765988883,-0.21732612733961,-0.937153275565781,-0.171373396796179,-157.690778544632,28.2113317258947,-164.947420417206
52.59913675,-0.2124641640717,-0.217313518858594,-0.937151054288254,-0.171410953421954,-157.693491366819,28.2111242751764,-164.942178849051
52.60918275,-0.212456107143209,-0.217305955265006,-0.937149399859397,-0.171439571532038,-157.695283940402,28.2107368063348,-164.938209193333
52.61922875,-0.212439612366878,-0.217299402873527,-0.937150774758423,-0.171460800120338,-157.696675533546,28.209218443972,-164.93504744531
52.62927475,-0.212427274223352,-0.217285552625083,-0.937154056505919,-0.171475701371796,-157.69883334278,28.2079177616252,-164.932521666577
52.63932075,-0.212422325838508,-0.217259918538928,-0.937155801173752,-0.171504774301478,-157.702972216282,28.2076126962928,-164.927978270434
52.64936675,-0.21242124957693,-0.21723253093066,-0.937155027651139,-0.171545021442855,-157.707696443798,28.2079862785415,-164.922047787065
52.65941275,-0.212410102227681,-0.21721421516198,-0.937155821253312,-0.171577678892747,-157.710971495781,28.2071636110534,-164.917176637619
52.66945875,-0.212396678595637,-0.217199940801751,-0.937159023032141,-0.171594878089939,-157.713246802486,28.2057835081507,-164.914330457353
52.67950475,-0.212389544541413,-0.217185442659194,-0.937160336451402,-0.171614884694528,-157.71567121698,28.2051919350651,-164.911237207322
52.68955075,-0.212391533475463,-0.217177589345061,-0.937158456041187,-0.171632629370721,-157.717226966285,28.2057082347631,-164.908799948571
52.69959675,-0.212402717448474,-0.217180501405576,-0.937156451763128,-0.171626047989432,-157.71671712463,28.206894900402,-164.909915739953
52.70964275,-0.212410860642759,-0.217185538366232,-0.937156229620822,-0.171610808192426,-157.715655167413,28.2075631278673,-164.912129985717
52.71968875,-0.212408306431368,-0.217189465683614,-0.937156696220473,-0.171606451172886,-157.715005418591,28.2072293415273,-164.912755014757
52.72973475,-0.212401870463086,-0.217190149692278,-0.937155904878689,-0.171617872762231,-157.715228142431,28.2067610181973,-164.911230785916
52.73978075,-0.212405373772847,-0.217185854364214,-0.937153436321658,-0.17163245219658,-157.716240560059,28.2074356467608,-164.909329759278
52.74982675,-0.212407673893917,-0.217187222496128,-0.937150740430599,-0.171642594264285,-157.716385962934,28.2079584479198,-164.908142799171
52.75987275,-0.212397621340767,-0.217195162595056,-0.937150335716912,-0.171647196480953,-157.715451714938,28.2070294471915,-164.907638747019
52.76991875,-0.212393367439446,-0.217203603175851,-0.937147953857476,-0.171654783842181,-157.714576558442,28.2068479682358,-164.90687943438
52.77996475,-0.212398913572332,-0.217205273677537,-0.937144524369747,-0.17166453053488,-157.714689498184,28.2077416800195,-164.905809287399
52.79001075,-0.212411120639409,-0.217199318248741,-0.937142060903917,-0.171670409988883,-157.715699679859,28.2091943309036,-164.905100728776
52.80005675,-0.212412460661599,-0.217190547302755,-0.937142439016853,-0.171677784560373,-157.717054784468,28.2093805537294,-164.903922514516
52.81010275,-0.212405794104312,-0.217170517583226,-0.93714583859656,-0.171692813258741,-157.720039537971,28.2086393103803,-164.901286239854
52.82014875,-0.212396966308367,-0.217135674749542,-0.937151202499393,-0.17171852290305,-157.725233987957,28.2076596996262,-164.896803930475
52.83019475,-0.212389618890208,-0.217097718325965,-0.937156580629484,-0.171746248483584,-157.730896709839,28.2068480222658,-164.891996763487
52.84024075,-0.212384378050033,-0.21706684076243,-0.937161074803155,-0.171767233416371,-157.735459743032,28.2062362208984,-164.888296031588
52.85028675,-0.212377863699789,-0.217042942407335,-0.937167222122754,-0.171771947477462,-157.738627590783,28.2052114068753,-164.88683312248
52.86033275,-0.212372041655699,-0.217013768305908,-0.937173653448204,-0.171780917366296,-157.742604307044,28.2042810232977,-164.884682134114
52.87037875,-0.212373247399853,-0.216983774691319,-0.937177307056461,-0.171797381958942,-157.746953230781,28.2043234312753,-164.881690420687
52.88042475,-0.212383208605362,-0.216953932335765,-0.937179631112892,-0.171810078207431,-157.751218150802,28.2052930289251,-164.879330912874
52.89047075,-0.212381888131243,-0.216931936595833,-0.937182619439233,-0.171823183242567,-157.754426173846,28.2050929048405,-164.876968638616
52.90051675,-0.212361204873236,-0.216905512644651,-0.937190990190901,-0.171836448852235,-157.758096109823,28.202587331391,-164.874103298134
52.91056275,-0.212349391729065,-0.216873277385919,-0.937197785008928,-0.171854674543769,-157.762711272292,28.2011290975865,-164.870589547872
52.92060875,-0.212360450150463,-0.216845709771942,-0.937198251238655,-0.171873253418336,-157.766869528632,28.2023973913786,-164.867583989275
52.93065475,-0.212370135026872,-0.216827982439305,-0.937197210447111,-0.171889326341462,-157.76968344638,28.2036058552669,-164.865179536092
52.94070075,-0.21237059508046,-0.216823473055255,-0.937197205069263,-0.171894475442903,-157.770419994883,28.2037061535392,-164.86439951538
52.95074675,-0.21236341863825,-0.216820991528957,-0.937199285065529,-0.1718951311973,-157.77071679995,28.2028520697845,-164.864111874563
52.96079275,-0.212363253217335,-0.216815666288172,-0.937201224397559,-0.171891478912374,-157.771287176685,28.2026634706704,-164.864398236455
52.97083875,-0.212367868699556,-0.216804165022092,-0.937202304423819,-0.171894394777041,-157.77287532911,28.2030808884849,-164.863750363475
52.98088475,-0.21235315607073,-0.216796500306357,-0.937207871772231,-0.171891883606762,-157.773696908116,28.2011995957871,-164.863562456332
52.99093075,-0.21233246650159,-0.216790648150054,-0.93721536612391,-0.171883960988964,-157.774087926413,28.1985311436094,-164.864004572109
53.00097675,-0.212323612348643,-0.216778289646627,-0.937220313562825,-0.17188350887245,-157.775606654427,28.1972998264477,-164.863513690464
53.01102275,-0.212325512542952,-0.216771931695643,-0.937219823827511,-0.171891850234504,-157.776685012679,28.1976108733321,-164.862300560636
53.02106875,-0.212325922844815,-0.216775408069504,-0.937217508018079,-0.171899585830738,-157.776476772202,28.1978926687005,-164.861448168107
53.03111475,-0.212321471827213,-0.216782712342338,-0.937219219013882,-0.171886543224402,-157.775119968873,28.197193136733,-164.8632354339
53.04116075,-0.212325614861112,-0.216778789289315,-0.937221314917638,-0.171874944806282,-157.775294256052,28.1973412749469,-164.864638372159
53.05120675,-0.212334543053137,-0.216762013311525,-0.937221943566852,-0.171881645059389,-157.777697469644,28.1982605549744,-164.863425560153
53.06125275,-0.212332462652312,-0.216751681853924,-0.93722265838332,-0.171893345800247,-157.77936399117,28.1981256365629,-164.861595243801
53.07129775,-0.212327235058487,-0.216742791649854,-0.937225392458277,-0.17189610598171,-157.780556600774,28.1974431726517,-164.860875602496
53.08134375,-0.21232182169782,-0.216721171607248,-0.937230011835801,-0.17190486532488,-157.783560716191,28.1966746401547,-164.858997980374
53.09138975,-0.212327768241108,-0.216702628048512,-0.937229459727825,-0.171923906565978,-157.786547770269,28.1975060772452,-164.856129548998
53.10143575,-0.212343342121018,-0.216692870932202,-0.937225486289878,-0.17193863030959,-157.788333606518,28.1994909622499,-164.85425023715
53.11148175,-0.212347856167091,-0.216694110446082,-0.937223482077137,-0.171942418042864,-157.788315658752,28.2001201510188,-164.8538943627
53.12152775,-0.212342207818396,-0.216705492417876,-0.937221971716943,-0.171943281537083,-157.786851555379,28.199668924028,-164.85404651063
53.13157375,-0.212333968203656,-0.216718356915905,-0.937221208414189,-0.171941403452476,-157.785099513586,28.1988784451959,-164.854543443994
53.14161975,-0.212330362655255,-0.216725379591548,-0.937220897598203,-0.171938698496893,-157.784097231514,28.1985112671637,-164.85504102083
53.15166575,-0.212325145671681,-0.216735919501223,-0.937219498605483,-0.171939481059896,-157.782741021862,28.1980945850471,-164.855184241357
53.16171175,-0.212307058046863,-0.216749485314213,-0.937220606746266,-0.171938675142248,-157.780875303006,28.1962016013564,-164.855394901876
53.17175775,-0.212300279227729,-0.216762220543761,-0.937218701333634,-0.171941376798207,-157.779287192803,28.1956837995903,-164.855339372075
53.18180375,-0.212307357455415,-0.216775648557909,-0.937213195986068,-0.171945716527565,-157.777739403204,28.1968168765241,-164.855345287132
53.19184975,-0.21231021531481,-0.216788882512538,-0.937208513883946,-0.171951023246126,-157.776221624803,28.1974813292334,-164.855149296927
53.20189575,-0.21230905194119,-0.216797546688599,-0.937207283828741,-0.17194824032828,-157.775020713681,28.1974208701357,-164.855751687784
53.21194175,-0.212298877567949,-0.216796297282021,-0.937211781403935,-0.171937863386336,-157.774807672763,28.1959847636315,-164.85683304446
53.22198775,-0.212299570082438,-0.216785612439207,-0.937213279372228,-0.171942315183099,-157.7763153332,28.1959971164885,-164.855949238969
53.23203375,-0.212312213548102,-0.216772508095574,-0.937212231553613,-0.171948936427525,-157.778267175455,28.1974025496043,-164.854928133689
53.24207975,-0.212320364605196,-0.216779842874791,-0.937210986896171,-0.171936408413703,-157.776994189743,28.1981723330149,-164.856874607841
53.25212575,-0.212317232973871,-0.216798964660776,-0.937211967715605,-0.171910817213397,-157.773750422629,28.1975238889916,-164.860632045518
53.26217175,-0.212325003205049,-0.216813168851507,-0.937211625206393,-0.171885172148547,-157.771197256251,28.198055849196,-164.864433358287
53.27221775,-0.212348157596326,-0.216829481499714,-0.937206020897203,-0.171866547972672,-157.768674746547,28.2005622137379,-164.867693504179
53.28226375,-0.2123671270514,-0.216857644924292,-0.937198051304526,-0.1718510337962,-157.764704411635,28.2028457235489,-164.870865016736
53.29230975,-0.212371393615907,-0.21688263239258,-0.937195063290206,-0.171830521981894,-157.760905299328,28.2032630527089,-164.874302434978
53.30235575,-0.212372297888074,-0.216896599299005,-0.937193634783786,-0.171819565891143,-157.758788757576,28.2033368710395,-164.876133789134
53.31240175,-0.212378666482553,-0.216898002786227,-0.937190855094258,-0.171825084135386,-157.758812662732,28.2042231926858,-164.875599265856
53.32244775,-0.212388338981076,-0.216905956374988,-0.937184673205435,-0.171836805902381,-157.758204538253,28.2057395071511,-164.87455295518
53.33249375,-0.212389845363662,-0.216928735162987,-0.937180180257064,-0.171830693359261,-157.755109471874,28.2061355530702,-164.876066843996
53.34253975,-0.212382655401623,-0.216944203643249,-0.937180727397581,-0.171817066628126,-157.752673411352,28.205235683803,-164.878137204683
53.35258575,-0.212378459636653,-0.21694252658744,-0.937182421537345,-0.17181512972267,-157.752805626908,28.2046790549997,-164.878252590015
53.36263175,-0.212382332837891,-0.216937995570338,-0.937182063861683,-0.171818014050377,-157.753495631416,28.2051213107743,-164.877816233864
53.37267775,-0.212388782329277,-0.216934681554211,-0.93718129455577,-0.171818422220758,-157.753969233876,28.2058234944813,-164.877774394859
53.38272375,-0.212387794087668,-0.216929061947106,-0.937181575999829,-0.171825203657092,-157.754889336917,28.2057765726838,-164.876728982677
53.39276975,-0.212383873078207,-0.216917517634418,-0.937182989048905,-0.17183691697939,-157.756701423505,28.2054102249736,-164.874825910784
53.40281575,-0.212384213827951,-0.21690914499523,-0.937183176685264,-0.171846041188729,-157.758052858754,28.2055272004645,-164.873423229771
53.41286175,-0.21239303634285,-0.216907722059545,-0.937181437225592,-0.171846419642011,-157.758296850252,28.2065331868423,-164.873486934468
53.42290775,-0.212403962463067,-0.216913214129556,-0.937179569723901,-0.171836167200324,-157.757344277413,28.207646664881,-164.875139352488
53.43295375,-0.212410761965133,-0.216916591827961,-0.937180195439805,-0.171820085166265,-157.756462118552,28.2081144274424,-164.877382540108
53.44299975,-0.212420312899533,-0.216909222900311,-0.937181327634502,-0.17181140480678,-157.757196980183,28.2089001624298,-164.878406454783
53.45304575,-0.212437449505095,-0.216894613769735,-0.937179827439394,-0.171816843196805,-157.759331075313,28.2107741201975,-164.877565638285
53.46309175,-0.212446896918479,-0.21688646707138,-0.937178490344976,-0.17182273896582,-157.760607464006,28.2118727973167,-164.876735896317
53.47313775,-0.212443495701872,-0.216881855642267,-0.937181189484102,-0.171818043011494,-157.761036340966,28.211297380645,-164.877118341549
53.48318375,-0.212440871549079,-0.216879021100599,-0.93718355367663,-0.171811969955404,-157.761200195969,28.2108082797645,-164.877743423383
53.49322975,-0.212445125087377,-0.216882730749145,-0.937181905298473,-0.171811019176673,-157.760720274129,28.2113371870226,-164.878055349893
53.50327575,-0.212453754958814,-0.21689358314512,-0.937178020539861,-0.171807838620242,-157.759282457008,28.2124343498329,-164.878950423094
53.51332146,-0.212464487211632,-0.216900248256124,-0.937175627258378,-0.171799207370686,-157.758227518449,28.2135816413632,-164.880433437454
53.52336746,-0.212465596939995,-0.216900013796471,-0.937176518720371,-0.17179326788669,-157.758083541554,28.2135687491984,-164.881190199958
53.53341346,-0.212461265812957,-0.216889808165457,-0.937179457898395,-0.171795475308224,-157.759433436231,28.2129563771644,-164.880513655421
53.54345946,-0.212455605386857,-0.216867009179576,-0.937184335202509,-0.171804650461623,-157.762600645355,28.2121506991868,-164.878541434448
53.55350546,-0.212447273935779,-0.216833579443083,-0.937190835888509,-0.171821685912328,-157.767353103876,28.2110484115942,-164.875200116466
53.56355146,-0.212427516443299,-0.216791950339908,-0.937202229235718,-0.171836497989079,-157.773023167606,28.2084427410618,-164.871675996506
53.57359746,-0.212401819947323,-0.216734126553943,-0.93721967933306,-0.171846029749894,-157.780573216391,28.2047697265117,-164.868196594033
53.58364346,-0.212396472172999,-0.216659957911825,-0.937237130142721,-0.171850991058962,-157.790194009818,28.2030824305472,-164.865132918487
53.59368946,-0.212414582942255,-0.21658017736033,-0.937253927203517,-0.171837561870563,-157.800109419827,28.2035925561243,-164.864611351219
53.60373546,-0.212423707367924,-0.216502571274126,-0.937276577230769,-0.171800532462308,-157.80897835412,28.2025537173055,-164.866958380683
53.61378146,-0.212423218181478,-0.216412499714337,-0.93730689338424,-0.171749218220056,-157.818955079482,28.1998754257431,-164.870532252231
53.62382746,-0.212430808476803,-0.216290595326559,-0.937344979651327,-0.17168552386741,-157.832679221564,28.1973388851631,-164.874793634668
53.63387346,-0.21245057520949,-0.216129745677802,-0.937390584441296,-0.171614621542604,-157.851241772093,28.1954246366167,-164.878941331049
53.64391946,-0.212478471327363,-0.215935272690933,-0.937442796716995,-0.171539675042537,-157.874033424466,28.1938235286471,-164.882675666413
53.65396546,-0.212504797361452,-0.215711466026554,-0.937499381480316,-0.171479398899894,-157.901016522426,28.1919135494744,-164.883615794621
53.66401146,-0.212525858502385,-0.215571922314309,-0.937526303089012,-0.171481593163193,-157.919073872106,28.1921749447086,-164.879296942413
53.67405746,-0.212577665625343,-0.215473578222436,-0.937518681826603,-0.171582616810118,-157.935034081616,28.1989170048364,-164.864427849492
53.68410346,-0.212631139432658,-0.215284721921959,-0.937521790085793,-0.17173636820687,-157.96419869687,28.2056120701892,-164.840109219145
53.69414846,-0.212659015688773,-0.215078168411839,-0.937533302736671,-0.171897733488725,-157.995713924383,28.2092291338621,-164.813824361605
53.70419446,-0.212680042726072,-0.214832489469121,-0.937561313623344,-0.172026114562314,-158.031196529515,28.2106621016677,-164.7903161124
53.71424046,-0.21270992024169,-0.214803492728397,-0.937544109651156,-0.172119120962424,-158.037914432015,28.2157782403236,-164.778250980128
53.72428646,-0.212720166531289,-0.214770458296582,-0.93752326913052,-0.172261141389457,-158.046524415032,28.2196782208726,-164.759568434214
53.73433246,-0.212728732895763,-0.214679747317838,-0.93751487320748,-0.172409265432213,-158.062695668375,28.2225937479409,-164.738264397374
53.74437846,-0.21271387448419,-0.214644846667415,-0.937506223007553,-0.172518054774444,-158.070384604372,28.2227971343728,-164.723255268561
53.75442446,-0.212672314548148,-0.21466641720381,-0.9374952977781,-0.172601803564054,-158.069920535468,28.2202498414293,-164.712713563716
53.76447046,-0.212623395219682,-0.214714363688643,-0.937478085788674,-0.1726958960052,-158.066349275161,28.2175132835327,-164.701581668196
53.77451646,-0.212570933394845,-0.214759896097023,-0.937455017885976,-0.172829033279842,-158.064252419823,28.2152206459648,-164.685413831774
53.78456246,-0.212489966848253,-0.214777038200582,-0.937436472613084,-0.17300779654499,-158.067002610826,28.2102158679522,-164.662132740317
53.79460846,-0.212373663269365,-0.214754199268273,-0.937427983405006,-0.173224816280513,-158.075813359805,28.2013508607796,-164.63218106542
53.80465446,-0.212230930997714,-0.214678885268855,-0.937433311416012,-0.173464102324303,-158.091845559198,28.1890839263344,-164.597327909199
53.81470046,-0.212067653589284,-0.214552090547915,-0.937452451279575,-0.173717046752965,-158.114739194261,28.173909074161,-164.558791634273
53.82474646,-0.211876442340019,-0.214325078043561,-0.937496723986632,-0.173991455587021,-158.150910587154,28.1543475949017,-164.513937531605
53.83479246,-0.211712204110087,-0.213995070703776,-0.937552829410006,-0.17429499250015,-158.201282781673,28.1368606180155,-164.462664827473
53.84483846,-0.211600853705337,-0.21362443897615,-0.937602086965785,-0.174619598844753,-158.257802026518,28.1252660353023,-164.408387225711
53.85488446,-0.21150518645338,-0.213148181533732,-0.93766231715198,-0.17499367932975,-158.329402965497,28.1148213671871,-164.344859986804
53.86493046,-0.211472259053878,-0.212741880924591,-0.937686164965912,-0.175399634500296,-158.393427390178,28.1134483634656,-164.280591989808
53.87497646,-0.211366706241012,-0.211979495841873,-0.937776663487763,-0.175965162044113,-158.507276534584,28.1012769971534,-164.183908874805
53.88502246,-0.211143055967231,-0.210581582961964,-0.93799490113607,-0.176747198780594,-158.707931345241,28.0694606290371,-164.038230950876
53.89506846,-0.211018359268603,-0.209037087579249,-0.938214467268611,-0.177562274923051,-158.928821689921,28.0469653213861,-163.885528807749
53.90511446,-0.21101585687287,-0.207606682237114,-0.938400467014147,-0.178259185307062,-159.132356121792,28.0375651292402,-163.753229804784
53.91516046,-0.211048511020068,-0.206384087839739,-0.938565719173141,-0.178769474675563,-159.303929512736,28.0314498487229,-163.651432414118
53.92520646,-0.211067552886638,-0.205586542097119,-0.938683528184681,-0.179047188589363,-159.414126634698,28.0259008130503,-163.591932547151
53.93525246,-0.211057725815965,-0.205252655072041,-0.938743078647405,-0.179129607410006,-159.459077433359,28.020770578097,-163.571013746061
53.94529846,-0.211113092048461,-0.205274960574532,-0.938740971451862,-0.179049829501391,-159.454261152055,28.0258525487084,-163.582577958975
53.95534446,-0.211162918643832,-0.205435361935949,-0.938710397877849,-0.178967379072483,-159.431727904465,28.0326160595003,-163.598700538001
53.96539046,-0.211164107265839,-0.2055901365943,-0.938675636948202,-0.178970567797182,-159.412119961029,28.0354891554038,-163.60314313329
53.97543646,-0.211135530900423,-0.20567201403654,-0.938648045136375,-0.17905490106448,-159.40402508351,28.0354046512614,-163.594656285602
53.98548246,-0.211088383816909,-0.205649002324126,-0.938633631504639,-0.179212409919265,-159.411366188538,28.0329346312401,-163.573413984459
53.99552846,-0.211038922864891,-0.205538621182611,-0.938627106429958,-0.179431333142524,-159.431683000782,28.0300023340518,-163.541689121036
