"Time (s)","X (m/s^2)","Y (m/s^2)","Z (m/s^2)"
-8.062500274E-5,1.187031555E-1,3.545976105E0,9.051227875E0
9.938374977E-3,-5.298980713E-2,3.337310028E0,9.000483398E0
1.995737496E-2,-2.776725769E-1,3.354374542E0,9.037755890E0
2.997637499E-2,-2.049238586E-1,3.540437622E0,9.247020721E0
3.999537497E-2,-2.360591125E-1,3.651656342E0,9.144933014E0
5.001437495E-2,-3.156935120E-1,3.712130585E0,9.088200989E0
6.003337499E-2,-3.203338623E-1,3.699107666E0,9.028325500E0
7.005237497E-2,-2.793191528E-1,3.754043427E0,9.042695618E0
8.007137495E-2,-3.097059631E-1,3.863914948E0,9.240434418E0
9.009074996E-2,-2.682421875E-1,3.823648682E0,9.265133057E0
1.001097500E-1,-2.507286072E-1,3.672313385E0,9.233997803E0
1.101297500E-1,-2.284249878E-1,3.554358673E0,9.211095428E0
1.201487500E-1,-2.426454163E-1,3.545976105E0,9.123826904E0
1.301677500E-1,-3.511697388E-1,3.497626648E0,9.084608459E0
1.401867500E-1,-3.041674805E-1,3.478316803E0,9.047335968E0
1.502057500E-1,-1.663041687E-1,3.580554199E0,8.994495850E0
1.602247500E-1,-1.624122620E-1,3.700305176E0,9.079219666E0
1.702437500E-1,-2.116598511E-1,3.776796112E0,9.182804260E0
1.802627500E-1,-2.362088013E-1,3.776347046E0,9.259295197E0
1.902817500E-1,-2.647993469E-1,3.712130585E0,9.258995819E0
2.003007500E-1,-2.779719543E-1,3.647614746E0,9.222022705E0
2.103197500E-1,-2.354603577E-1,3.601809998E0,9.194330292E0
2.203387500E-1,-2.137554932E-1,3.552562408E0,9.213191071E0
2.303577500E-1,-2.565664673E-1,3.629502411E0,9.273365936E0
2.403777500E-1,-2.029779053E-1,3.642225952E0,9.278305664E0
2.503967500E-1,7.858657837E-2,3.388653259E0,9.124575348E0
2.604157500E-1,9.535171509E-2,3.303630066E0,9.125772858E0
2.704347500E-1,-8.816665649E-2,3.596570892E0,9.153165894E0
2.804537500E-1,-4.281097412E-2,3.586691437E0,9.169631653E0
2.904727500E-1,-2.903961182E-2,3.562441864E0,9.118438110E0
3.004917499E-1,-3.472778320E-2,3.590283966E0,9.136251068E0
3.105107500E-1,-6.750961304E-2,3.550915833E0,9.200317841E0
3.205297500E-1,-1.794767761E-1,3.577859802E0,9.279503174E0
3.305487500E-1,-2.811154175E-1,3.700305176E0,9.330547028E0
3.405677500E-1,-3.465293884E-1,3.721860352E0,9.380093994E0
3.505867500E-1,-2.670446777E-1,3.629053345E0,9.385931854E0
3.606057500E-1,-3.607498169E-2,3.526965637E0,9.142238617E0
3.706257500E-1,1.532812500E-1,3.445684662E0,9.006021881E0
3.806447500E-1,1.586700439E-1,3.398981781E0,9.060957642E0
3.906637500E-1,1.173559570E-1,3.367547150E0,9.168434143E0
4.006827500E-1,3.951782227E-2,3.440295868E0,9.117689667E0
4.107017500E-1,-3.203338623E-2,3.605103149E0,9.066346436E0
4.207207500E-1,-5.074447632E-2,3.623065796E0,9.134754181E0
4.307397500E-1,-5.628295898E-2,3.581901398E0,9.183552704E0
4.407587500E-1,-7.783813477E-2,3.529061279E0,9.106612701E0
4.507777500E-1,8.981323242E-3,3.591182098E0,9.056017914E0
4.607967500E-1,4.864883423E-2,3.564088440E0,9.104816437E0
4.708157500E-1,4.490661621E-4,3.521876221E0,9.165440369E0
4.808347500E-1,-3.188369751E-2,3.508254547E0,9.119635620E0
4.908537500E-1,7.274871826E-2,3.563040619E0,9.353150024E0
5.008737500E-1,2.139051819E-1,3.657494202E0,9.409283295E0
5.108927500E-1,1.806742859E-1,3.611539764E0,9.363927612E0
5.209117500E-1,1.916015625E-2,3.527265015E0,9.339528351E0
5.309307500E-1,-3.876937866E-2,3.531456299E0,9.334289246E0
5.409497500E-1,-4.355941772E-2,3.557053070E0,9.251810760E0
5.509687500E-1,-2.559677124E-2,3.592229919E0,9.172326050E0
5.609877500E-1,-2.320175171E-2,3.558999023E0,9.118587799E0
5.710067500E-1,1.930984497E-2,3.476221161E0,9.152866516E0
5.810257500E-1,9.610015869E-2,3.457061005E0,9.154513092E0
5.910447499E-1,1.564247131E-1,3.496429138E0,9.093889160E0
6.010637500E-1,1.213975525E-1,3.527863770E0,9.188043365E0
6.110827500E-1,7.469467163E-2,3.521127777E0,9.302106171E0
6.211017500E-1,4.266128540E-2,3.504512329E0,9.289382629E0
6.311217500E-1,1.990859985E-2,3.533701630E0,9.207203522E0
6.411407500E-1,2.694396973E-2,3.520529022E0,9.155860291E0
6.511597499E-1,1.646575928E-2,3.470083923E0,9.151369629E0
6.611787500E-1,4.086502075E-2,3.439098358E0,9.177116089E0
6.711977500E-1,8.202941895E-2,3.529210968E0,9.143735504E0
6.812167500E-1,5.523513794E-2,3.582799530E0,9.116492157E0
6.912357500E-1,1.541793823E-2,3.520828400E0,9.173224182E0
7.012547500E-1,3.562591553E-2,3.495830383E0,9.179810486E0
7.112737500E-1,3.023712158E-2,3.521726532E0,9.208101654E0
7.212927500E-1,2.993774414E-3,3.513194275E0,9.249116364E0
7.313117500E-1,-3.697311401E-2,3.538491669E0,9.271120605E0
7.413307500E-1,-5.688171387E-2,3.580853577E0,9.308093719E0
7.513507500E-1,-7.035369873E-2,3.608246613E0,9.286538544E0
7.613697500E-1,-6.406677246E-2,3.583697662E0,9.233997803E0
7.713887500E-1,2.245330811E-3,3.566932526E0,9.214089203E0
7.814077500E-1,1.272354126E-2,3.627556458E0,9.229058075E0
7.914267500E-1,-1.481918335E-2,3.669918365E0,9.146130524E0
8.014457500E-1,5.837860107E-3,3.603007507E0,9.092541962E0
8.114647500E-1,-5.598358154E-2,3.574866028E0,9.093140717E0
8.214837500E-1,-7.783813477E-2,3.568130035E0,9.150321808E0
8.315027500E-1,-4.251159668E-2,3.564687195E0,9.206754456E0
8.415217500E-1,-5.538482666E-2,3.536845093E0,9.226213989E0
8.515407500E-1,-1.158590698E-1,3.533402252E0,9.280700684E0
8.615597500E-1,-6.661148071E-2,3.516637115E0,9.297166443E0
8.715787500E-1,-2.395019531E-3,3.470532990E0,9.298214264E0
8.815987500E-1,1.287322998E-2,3.442391510E0,9.264085236E0
8.916177500E-1,-3.143463135E-2,3.456162872E0,9.164093170E0
9.016367500E-1,-6.990463257E-2,3.484753418E0,9.056616669E0
9.116557500E-1,-1.023870850E-1,3.575464783E0,8.999734955E0
9.216747500E-1,-4.400848389E-2,3.595074005E0,9.057065735E0
9.316937500E-1,-1.541793823E-2,3.487747192E0,9.104367371E0
9.417127499E-1,-2.993774414E-2,3.515589294E0,9.169481964E0
9.517317500E-1,1.377136230E-2,3.630699921E0,9.326355743E0
9.617507500E-1,8.771759033E-2,3.624862061E0,9.424551544E0
9.717697500E-1,8.337661743E-2,3.614982605E0,9.395811310E0
9.817887500E-1,-1.167572021E-2,3.573668518E0,9.254654846E0
9.918077500E-1,3.891906738E-3,3.409759369E0,9.160500641E0
1.001827750E0,2.194436646E-1,3.354524231E0,9.042994995E0
1.011846750E0,2.808160400E-1,3.348985748E0,8.981323242E0
1.021865750E0,2.811154175E-1,3.450474701E0,9.106612701E0
1.031884750E0,2.609074402E-1,3.526666260E0,9.247619476E0
1.041903750E0,2.230361938E-1,3.660937042E0,9.105714569E0
1.051922750E0,1.213975525E-1,3.463347931E0,9.153614960E0
1.061941750E0,1.856140137E-1,3.642974396E0,9.158554688E0
1.071960750E0,9.999206543E-2,3.714525604E0,9.148824921E0
1.081979750E0,1.112187195E-1,3.527115326E0,9.196725311E0
1.091998625E0,1.314266968E-1,3.700754242E0,9.159602509E0
1.102017625E0,1.070274353E-1,3.748954010E0,9.240135040E0
1.112036625E0,1.922003174E-1,3.745511169E0,9.252858582E0
1.122055625E0,2.146536255E-1,3.825444946E0,9.181906128E0
1.132075625E0,1.784289551E-1,3.795357513E0,9.093739471E0
1.142094625E0,1.490899658E-1,3.678750000E0,9.002579041E0
1.152113625E0,8.637039185E-2,3.627257080E0,8.937464447E0
1.162132625E0,1.347198486E-3,3.581003265E0,8.988957367E0
1.172151625E0,5.029541016E-2,3.627855835E0,9.070088654E0
1.182170625E0,1.040336609E-1,3.773652649E0,9.185947723E0
1.192189625E0,8.352630615E-2,3.860472107E0,9.267378387E0
1.202208625E0,8.891510010E-2,3.834575958E0,9.270970917E0
1.212227625E0,1.101708984E-1,3.750600586E0,9.281299438E0
1.222246625E0,1.227447510E-1,3.699407043E0,9.236542511E0
1.232265625E0,1.347198486E-1,3.690874786E0,9.185947723E0
1.242284625E0,1.749861145E-1,3.667074280E0,9.175020447E0
1.252304625E0,1.788780212E-1,3.640878754E0,9.160051575E0
1.262323625E0,1.664538574E-1,3.693569183E0,9.104666748E0
1.272342625E0,2.246827698E-1,3.682791595E0,9.025780792E0
1.282361625E0,2.559677124E-1,3.684138794E0,8.992549896E0
1.292380625E0,2.655477905E-1,3.694617004E0,8.979526978E0
1.302399625E0,2.454895020E-1,3.671415253E0,9.008416901E0
1.312418625E0,2.601589966E-1,3.678899689E0,9.098080444E0
1.322437625E0,2.818638611E-1,3.702700195E0,9.205856323E0
1.332456625E0,2.433938599E-1,3.740421753E0,9.262887726E0
1.342475625E0,2.237846375E-1,3.715274048E0,9.256301422E0
1.352494625E0,2.180964661E-1,3.686533813E0,9.249565430E0
1.362513625E0,1.938468933E-1,3.684737549E0,9.225764923E0
1.372533625E0,1.981878662E-1,3.678899689E0,9.180708618E0
1.382552625E0,1.939965820E-1,3.654949493E0,9.127569122E0
1.392571625E0,2.101629639E-1,3.617078247E0,9.084907837E0
1.402590625E0,2.073188782E-1,3.651806030E0,9.061556396E0
1.412609625E0,1.769320679E-1,3.671714630E0,9.094188538E0
1.422628625E0,1.543290710E-1,3.688779144E0,9.160949707E0
1.432647625E0,1.284329224E-1,3.689677277E0,9.188492432E0
1.442666625E0,1.160087585E-1,3.708687744E0,9.220675507E0
1.452685625E0,8.442443848E-2,3.742816772E0,9.202563171E0
1.462704625E0,6.691085815E-2,3.705544281E0,9.138496399E0
1.472723625E0,5.987548828E-2,3.669618988E0,9.091643829E0
1.482742625E0,7.349716187E-2,3.661984863E0,9.094188538E0
1.492761625E0,9.759704590E-2,3.659440155E0,9.117390289E0
1.502781625E0,1.184037781E-1,3.710484009E0,9.064250793E0
1.512800625E0,8.322692871E-2,3.754791870E0,9.073980560E0
1.522819625E0,5.388793945E-2,3.714375916E0,9.108259277E0
1.532838625E0,3.637435913E-2,3.732188873E0,9.107810211E0
1.542857625E0,1.661544800E-2,3.738326111E0,9.123826904E0
1.552876625E0,6.092330933E-2,3.709286499E0,9.142987061E0
1.562895625E0,9.595046997E-2,3.719165955E0,9.200018463E0
1.572914625E0,1.365161133E-1,3.730542297E0,9.228459320E0
1.582933625E0,1.589694214E-1,3.714974670E0,9.232650604E0
1.592952625E0,1.654060364E-1,3.653302917E0,9.218579865E0
1.602971625E0,1.513352966E-1,3.627855835E0,9.181457062E0
1.612991625E0,1.516346741E-1,3.575015717E0,9.151968384E0
1.623010625E0,1.681004333E-1,3.546275482E0,9.075627136E0
1.633029625E0,1.767823792E-1,3.588038635E0,9.021140442E0
1.643048625E0,1.793270874E-1,3.594475250E0,9.011859741E0
1.653067625E0,1.411564636E-1,3.635340271E0,8.988508301E0
1.663086625E0,1.197509766E-1,3.673510895E0,9.045839081E0
1.673105625E0,1.354682922E-1,3.714974670E0,9.138197021E0
1.683124625E0,1.194515991E-1,3.732637939E0,9.240733795E0
1.693143625E0,1.136137390E-1,3.697311401E0,9.326804810E0
1.703162625E0,1.266366577E-1,3.675456848E0,9.379644928E0
1.713181625E0,1.124162292E-1,3.625311127E0,9.400451660E0
1.723200625E0,8.861572266E-2,3.582051086E0,9.339827728E0
1.733219625E0,8.187973022E-2,3.560645599E0,9.237440643E0
1.743239625E0,8.262817383E-2,3.544778595E0,9.103618927E0
1.753258625E0,5.748046875E-2,3.534450073E0,8.995393982E0
1.763277625E0,6.780899048E-2,3.576662292E0,8.946296082E0
1.773296625E0,6.960525513E-2,3.633544006E0,8.932225342E0
1.783315625E0,7.768844604E-2,3.675456848E0,8.956175537E0
1.793334625E0,7.903564453E-2,3.712280273E0,9.027726746E0
1.803353625E0,7.753875732E-2,3.750301208E0,9.114546204E0
1.813372625E0,9.131011963E-2,3.730691986E0,9.206455078E0
1.823391625E0,8.487350464E-2,3.733835449E0,9.279203796E0
1.833410625E0,8.487350464E-2,3.753744049E0,9.320218506E0
1.843429625E0,6.795867920E-2,3.714974670E0,9.313632202E0
1.853448625E0,6.331832886E-2,3.675157471E0,9.265432434E0
1.863468625E0,7.409591675E-2,3.647914124E0,9.208101654E0
1.873487625E0,1.017883301E-1,3.650009766E0,9.116192780E0
1.883506625E0,1.401086426E-1,3.689377899E0,9.075776825E0
1.893525625E0,2.095642090E-2,3.498674469E0,9.049880676E0
1.903544625E0,9.116043091E-2,3.476221161E0,9.043444061E0
1.913563625E0,1.213975525E-1,3.498674469E0,9.042246552E0
1.923582625E0,1.070274353E-1,3.545676727E0,9.082662506E0
1.933601625E0,1.228944397E-1,3.601809998E0,9.212143250E0
1.943620625E0,1.016386414E-1,3.712579651E0,9.267528076E0
1.953639625E0,9.325607300E-2,3.737128601E0,9.309889984E0
1.963658625E0,6.975494385E-2,3.721411285E0,9.298513641E0
1.973677625E0,2.005828857E-1,3.854634247E0,9.270222473E0
1.983697625E0,-8.427474976E-2,3.535946960E0,9.235345001E0
1.993716625E0,-1.118174744E-1,3.502416687E0,9.138346710E0
2.003735625E0,7.185058594E-3,3.583248596E0,9.084458771E0
2.013754625E0,4.700225830E-2,3.556604004E0,9.092841339E0
2.023773625E0,5.104385376E-2,3.612138519E0,9.126970367E0
2.033792625E0,5.613327026E-2,3.622766418E0,9.167386322E0
2.043811625E0,9.310638428E-2,3.599864044E0,9.181756439E0
2.053830625E0,2.520758057E-1,3.770958252E0,9.130413208E0
2.063849625E0,7.364685059E-2,3.552712097E0,9.251810760E0
2.073868625E0,-8.487350464E-2,3.316503296E0,9.294621735E0
2.083888125E0,-3.005749512E-1,3.412453766E0,9.392817535E0
2.093907125E0,1.660047913E-1,3.558999023E0,9.208251343E0
2.103927125E0,3.606001282E-1,3.516038361E0,9.062155151E0
2.113946125E0,1.986369324E-1,3.648213501E0,9.104217682E0
2.123965125E0,1.547781372E-1,3.681444397E0,9.195827179E0
2.133984125E0,1.564247131E-1,3.636687469E0,9.166637878E0
2.144003125E0,1.312770081E-1,3.596720581E0,9.138496399E0
2.154022125E0,9.879455566E-2,3.600612488E0,9.145831146E0
2.164041125E0,6.631210327E-2,3.638932800E0,9.150022430E0
2.174060125E0,5.957611084E-2,3.617527313E0,9.191037140E0
2.184079125E0,6.212081909E-2,3.610192566E0,9.191785583E0
2.194098125E0,6.451583862E-2,3.623215485E0,9.223968658E0
2.204117125E0,8.786727905E-2,3.643423462E0,9.217382355E0
2.214137125E0,1.007405090E-1,3.615132294E0,9.178463287E0
2.224156125E0,8.592132568E-2,3.590283966E0,9.125772858E0
2.234175125E0,4.146377563E-2,3.654350739E0,9.102571106E0
2.244194125E0,4.939727783E-2,3.652853851E0,9.079369354E0
2.254213125E0,8.876541138E-2,3.610791321E0,9.069340210E0
2.264232125E0,1.038839722E-1,3.635190582E0,9.076525269E0
2.274251125E0,1.080752563E-1,3.640429688E0,9.121431885E0
2.284270125E0,1.055305481E-1,3.617527313E0,9.191336517E0
2.294289125E0,1.115180969E-1,3.610192566E0,9.212592316E0
2.304308125E0,8.322692871E-2,3.623215485E0,9.248517609E0
2.314327125E0,4.879852295E-2,3.611839142E0,9.286388855E0
2.324346125E0,7.813751221E-2,3.566184082E0,9.257049866E0
2.334365125E0,8.891510010E-2,3.562890930E0,9.242230682E0
2.344385125E0,1.032852173E-1,3.559298401E0,9.214238892E0
2.354404125E0,9.565109253E-2,3.533102875E0,9.174870758E0
2.364423125E0,7.888595581E-2,3.553460541E0,9.195378113E0
2.374442125E0,8.547225952E-2,3.622017975E0,9.189091187E0
2.384461125E0,1.255888367E-1,3.579207001E0,9.192534027E0
2.394480125E0,1.552272034E-1,3.527414703E0,9.161398773E0
2.404499125E0,1.028361511E-1,3.527863770E0,9.155411224E0
2.414518125E0,6.002517700E-2,3.557502136E0,9.176068268E0
2.424537125E0,6.706054688E-2,3.640429688E0,9.207802277E0
2.434556125E0,7.454498291E-2,3.667972412E0,9.228758698E0
2.444575125E0,9.235794067E-2,3.659589844E0,9.238937531E0
2.454595125E0,1.076261902E-1,3.608246613E0,9.222322083E0
2.464614125E0,9.849517822E-2,3.562741241E0,9.208101654E0
2.474633125E0,6.242019653E-2,3.569028168E0,9.181606750E0
2.484652125E0,4.116439819E-2,3.568429413E0,9.148525543E0
2.494671125E0,5.673202515E-2,3.547173615E0,9.139843597E0
2.504690125E0,1.026864624E-1,3.550317078E0,9.135352936E0
2.514709125E0,8.831634521E-2,3.594325562E0,9.140292664E0
2.524728125E0,8.128097534E-2,3.598666534E0,9.185199280E0
2.534747125E0,6.765930176E-2,3.568429413E0,9.237740021E0
2.544766125E0,3.697311401E-2,3.534001007E0,9.279652863E0
2.554785125E0,1.691482544E-2,3.542084198E0,9.296717377E0
2.564804125E0,3.622467041E-2,3.521576843E0,9.282047882E0
2.574824125E0,7.993377686E-2,3.529210968E0,9.252110138E0
2.584843125E0,9.460327148E-2,3.532354431E0,9.218430176E0
2.594862125E0,9.580078125E-2,3.539988556E0,9.180409241E0
2.604881125E0,7.544311523E-2,3.550466766E0,9.185947723E0
2.614900125E0,5.628295898E-2,3.597019958E0,9.158704376E0
2.624919125E0,6.271957397E-2,3.601959686E0,9.126670990E0
2.634938125E0,6.466552734E-2,3.608545990E0,9.114995270E0
2.644957125E0,8.756790161E-2,3.578308868E0,9.121731262E0
2.654976125E0,8.008346558E-2,3.584146729E0,9.154812469E0
2.664995125E0,8.442443848E-2,3.595822449E0,9.192384338E0
2.675014125E0,9.340576172E-2,3.585194550E0,9.200317841E0
2.685033125E0,8.756790161E-2,3.583997040E0,9.217532043E0
2.695052125E0,7.963439941E-2,3.587888947E0,9.229058075E0
2.705072125E0,7.035369873E-2,3.565435638E0,9.256301422E0
2.715091125E0,6.092330933E-2,3.546724548E0,9.248068542E0
2.725110125E0,6.691085815E-2,3.511996765E0,9.270372162E0
2.735129125E0,5.269042969E-2,3.489094391E0,9.255852356E0
2.745148125E0,4.939727783E-2,3.447929993E0,9.189390564E0
2.755167125E0,5.149291992E-2,3.417692871E0,9.144184570E0
2.765186125E0,4.670288086E-2,3.470532990E0,9.132808228E0
2.775205125E0,4.430786133E-2,3.525169373E0,9.155261536E0
2.785224125E0,6.062393188E-2,3.581302643E0,9.191037140E0
2.795243125E0,4.685256958E-2,3.595223694E0,9.205556946E0
2.805262125E0,4.266128540E-2,3.579506378E0,9.249565430E0
2.815282125E0,5.358856201E-2,3.593277740E0,9.268426208E0
2.825301125E0,6.706054688E-2,3.582051086E0,9.260193329E0
2.835320125E0,6.152206421E-2,3.575315094E0,9.233698425E0
2.845339125E0,6.691085815E-2,3.564387817E0,9.219028931E0
2.855358125E0,8.607101440E-2,3.575165405E0,9.177265778E0
2.865377125E0,1.219963074E-1,3.583847351E0,9.155111847E0
2.875396125E0,1.573228455E-1,3.571423187E0,9.145980835E0
2.885415125E0,1.543290710E-1,3.557202759E0,9.141789551E0
2.895434125E0,1.353186035E-1,3.558250580E0,9.167086945E0
2.905453125E0,1.089733887E-1,3.554957428E0,9.197623444E0
2.915472125E0,8.861572266E-2,3.539539490E0,9.245523834E0
2.925491125E0,9.535171509E-2,3.532055054E0,9.282796326E0
2.935511125E0,1.139131165E-1,3.503015442E0,9.282047882E0
2.945530125E0,1.321751404E-1,3.477268982E0,9.291178894E0
2.955549125E0,1.460961914E-1,3.492237854E0,9.293424225E0
2.965568125E0,1.243913269E-1,3.505709839E0,9.274413757E0
2.975587125E0,8.861572266E-2,3.526965637E0,9.260343018E0
2.985606125E0,5.807922363E-2,3.530109100E0,9.162895660E0
2.995625125E0,4.760101318E-2,3.513793030E0,9.104217682E0
3.005644125E0,3.263214111E-2,3.517834625E0,9.078770599E0
3.015663125E0,3.053649902E-2,3.532653809E0,9.060658264E0
3.025682125E0,4.565505981E-2,3.562890930E0,9.071136475E0
3.035701125E0,5.179229736E-2,3.606300659E0,9.126072235E0
3.045720125E0,4.805007935E-2,3.657344513E0,9.196126556E0
3.055740125E0,5.792953491E-2,3.673510895E0,9.240434418E0
3.065759125E0,6.840774536E-2,3.651057587E0,9.284143524E0
3.075778125E0,6.631210327E-2,3.628304901E0,9.304351501E0
3.085796750E0,8.607101440E-2,3.573967896E0,9.266031189E0
3.095815750E0,1.008901978E-1,3.540138245E0,9.227261810E0
3.105834750E0,9.804611206E-2,3.531605988E0,9.220376129E0
3.115853750E0,9.175918579E-2,3.492537231E0,9.209299164E0
3.125872750E0,9.205856323E-2,3.494632874E0,9.173523560E0
3.135891750E0,1.119671631E-1,3.503913574E0,9.126521301E0
3.145910750E0,1.336720276E-1,3.501518555E0,9.111402740E0
3.155929750E0,1.592687988E-1,3.494034119E0,9.144633636E0
3.165948750E0,1.791773987E-1,3.502266998E0,9.170080719E0
3.175968750E0,1.863624573E-1,3.510350189E0,9.205107880E0
3.185987750E0,1.924996948E-1,3.520229645E0,9.230255585E0
3.196006750E0,1.917512512E-1,3.516936493E0,9.231902161E0
3.206025750E0,1.586700439E-1,3.540287933E0,9.214238892E0
3.216044750E0,1.535806274E-1,3.562741241E0,9.193132782E0
3.226063750E0,1.701960754E-1,3.571123810E0,9.175319824E0
3.236082750E0,1.877096558E-1,3.601510620E0,9.161548462E0
3.246101750E0,1.770817566E-1,3.628005524E0,9.159602509E0
3.256120750E0,1.360670471E-1,3.624113617E0,9.210197296E0
3.266139750E0,1.148112488E-1,3.616479492E0,9.232051849E0
3.276158750E0,8.771759033E-2,3.602558441E0,9.214687958E0
3.286177750E0,6.810836792E-2,3.579506378E0,9.225315857E0
3.296197750E0,4.490661621E-2,3.570974121E0,9.197473755E0
3.306216750E0,2.544708252E-2,3.564088440E0,9.193132782E0
3.316235750E0,1.137634277E-2,3.575614471E0,9.177714844E0
3.326254750E0,1.631607056E-2,3.566184082E0,9.186845856E0
3.336273750E0,-1.242416382E-2,3.560645599E0,9.192983093E0
3.346292750E0,-2.050735474E-2,3.559597778E0,9.169032898E0
3.356311750E0,-1.152603149E-2,3.524869995E0,9.150621185E0
3.366330750E0,-1.796264648E-2,3.507955170E0,9.150321808E0
3.376349750E0,-3.218307495E-2,3.503913574E0,9.164542236E0
3.386368750E0,-2.005828857E-2,3.533252563E0,9.186845856E0
3.396387750E0,2.395019531E-3,3.543581085E0,9.228459320E0
3.406406750E0,2.409988403E-2,3.533252563E0,9.251062317E0
3.416426750E0,2.439926147E-2,3.550167389E0,9.265881500E0
3.426445750E0,6.137237549E-2,3.562142487E0,9.272467804E0
3.436464750E0,8.592132568E-2,3.547622681E0,9.263187103E0
3.446483750E0,1.064286804E-1,3.535497894E0,9.238039398E0
3.456502750E0,1.199006653E-1,3.500770111E0,9.180259552E0
3.466521750E0,1.323248291E-1,3.469485168E0,9.122629395E0
3.476540750E0,1.422042847E-1,3.463497620E0,9.091643829E0
3.486559750E0,1.450483704E-1,3.472778320E0,9.110354919E0
3.496578750E0,1.471440125E-1,3.491489410E0,9.143436127E0
3.506597750E0,1.561253357E-1,3.538641357E0,9.186396790E0
3.516616750E0,1.571731567E-1,3.593128052E0,9.269773407E0
3.526635750E0,1.516346741E-1,3.606150970E0,9.341324615E0
3.536655750E0,1.414558411E-1,3.603306885E0,9.386530609E0
3.546674750E0,1.290316772E-1,3.543880463E0,9.405241699E0
3.556693750E0,1.167572021E-1,3.490441589E0,9.349108429E0
3.566712750E0,1.080752563E-1,3.459006958E0,9.255403290E0
3.576731750E0,8.622070312E-2,3.448528748E0,9.169631653E0
3.586750750E0,7.229965210E-2,3.456911316E0,9.114396515E0
3.596769750E0,7.544311523E-2,3.468587036E0,9.094637604E0
3.606788750E0,6.721023560E-2,3.509152679E0,9.090596008E0
3.616807750E0,5.733078003E-2,3.537892914E0,9.123976593E0
3.626826750E0,5.074447632E-2,3.558400269E0,9.183403015E0
3.636845750E0,5.463638306E-2,3.553310852E0,9.231303406E0
3.646864750E0,6.017486572E-2,3.532354431E0,9.271569672E0
3.656884750E0,6.361770630E-2,3.504212952E0,9.296717377E0
3.666903750E0,7.559280396E-2,3.493285675E0,9.315877533E0
3.676922750E0,7.798782349E-2,3.495231628E0,9.282796326E0
3.686941750E0,8.666976929E-2,3.490740967E0,9.254355469E0
3.696960750E0,7.873626709E-2,3.497776337E0,9.217532043E0
3.706979750E0,7.424560547E-2,3.476520538E0,9.174122314E0
3.716998750E0,9.131011963E-2,3.461851044E0,9.153914337E0
3.727017750E0,1.230441284E-1,3.448528748E0,9.157207489E0
3.737036750E0,1.302291870E-1,3.472928009E0,9.183403015E0
3.747055750E0,1.489402771E-1,3.476670227E0,9.238638153E0
3.757074750E0,1.734892273E-1,3.480113068E0,9.285490723E0
3.767093750E0,1.856140137E-1,3.490890656E0,9.304351501E0
3.777113750E0,2.100132751E-1,3.477568359E0,9.312434692E0
3.787132750E0,2.002835083E-1,3.459456024E0,9.311985626E0
3.797151750E0,1.812730408E-1,3.464695129E0,9.303902435E0
3.807170750E0,1.788780212E-1,3.476819916E0,9.284293213E0
3.817189750E0,1.672023010E-1,3.469784546E0,9.228609009E0
3.827208750E0,1.526824951E-1,3.470233612E0,9.222322083E0
3.837227750E0,1.450483704E-1,3.452570343E0,9.200018463E0
3.847246750E0,1.354682922E-1,3.473975830E0,9.198671265E0
3.857265750E0,1.098715210E-1,3.487896881E0,9.198371887E0
3.867284750E0,1.076261902E-1,3.505260773E0,9.195677490E0
3.877303750E0,9.624984741E-2,3.500770111E0,9.210496674E0
3.887323750E0,5.777984619E-2,3.506757660E0,9.225016479E0
3.897342750E0,3.562591553E-2,3.529959412E0,9.259444885E0
3.907361750E0,4.849914551E-2,3.510200500E0,9.256750488E0
3.917380750E0,6.990463257E-2,3.488046570E0,9.277108154E0
3.927399750E0,6.721023560E-2,3.481460266E0,9.310638428E0
3.937418750E0,5.134323120E-2,3.482807465E0,9.332642670E0
3.947437750E0,8.128097534E-2,3.473077698E0,9.316027222E0
3.957456750E0,1.142124939E-1,3.450474701E0,9.282796326E0
3.967475750E0,1.245410156E-1,3.426823883E0,9.245673523E0
3.977494750E0,1.282832336E-1,3.432811432E0,9.201964417E0
3.987513750E0,1.420545959E-1,3.439397736E0,9.194030914E0
3.997532750E0,1.520837402E-1,3.460653534E0,9.185648346E0
4.007552750E0,1.558259583E-1,3.459306335E0,9.165440369E0
4.017571750E0,1.333726501E-1,3.479813690E0,9.201215973E0
4.027590750E0,1.157093811E-1,3.509452057E0,9.187743988E0
4.037609750E0,1.181044006E-1,3.531605988E0,9.229357452E0
4.047628750E0,1.197509766E-1,3.548221436E0,9.280550995E0
4.057647750E0,1.209484863E-1,3.619922333E0,9.316326599E0
4.067666750E0,8.038284302E-2,3.605701904E0,9.424252167E0
4.077685750E0,1.568737793E-1,3.628604279E0,9.290879517E0
4.087705125E0,2.080673218E-1,3.558400269E0,9.205407257E0
4.097724125E0,2.562670898E-1,3.545826416E0,9.176816711E0
4.107743125E0,1.947450256E-1,3.471580811E0,9.037157135E0
4.117762125E0,1.649569702E-1,3.446433105E0,8.937165070E0
4.127782125E0,1.868115234E-1,3.475323029E0,9.080566864E0
4.137801125E0,1.413061523E-1,3.464545441E0,9.167086945E0
4.147820125E0,1.212478638E-1,3.488495636E0,9.242679749E0
4.157839125E0,1.236428833E-1,3.456611938E0,9.255702667E0
4.167858125E0,1.445993042E-1,3.447181549E0,9.267528076E0
4.177877125E0,1.426533508E-1,3.439697113E0,9.252858582E0
4.187896125E0,1.101708984E-1,3.477718048E0,9.217831421E0
4.197915125E0,1.050814819E-1,3.498973846E0,9.180558929E0
4.207934125E0,7.993377686E-2,3.498225403E0,9.172775116E0
4.217953125E0,5.493576050E-2,3.533701630E0,9.254205780E0
4.227972125E0,2.170486450E-2,3.541036377E0,9.269324341E0
4.237991125E0,-2.275268555E-2,3.526366882E0,9.270521851E0
4.248011125E0,-4.385879517E-2,3.512146454E0,9.253307648E0
4.258030125E0,-5.074447632E-2,3.510499878E0,9.241182861E0
4.268049125E0,-2.724334717E-2,3.517984314E0,9.234596558E0
4.278068125E0,-1.137634277E-2,3.498674469E0,9.281299438E0
4.288087125E0,9.580078125E-3,3.519930267E0,9.307345276E0
4.298106125E0,3.323089600E-2,3.496129761E0,9.331894226E0
4.308125125E0,6.017486572E-2,3.485501862E0,9.322613525E0
4.318144125E0,9.984237671E-2,3.460354156E0,9.310189362E0
4.328163125E0,1.284329224E-1,3.420387268E0,9.238189087E0
4.338182125E0,1.320254517E-1,3.393742676E0,9.162895660E0
4.348201125E0,1.486408997E-1,3.423530731E0,9.134005737E0
4.358220125E0,1.555265808E-1,3.473227386E0,9.123078461E0
4.368240125E0,1.612147522E-1,3.506907349E0,9.160051575E0
4.378259125E0,1.615141296E-1,3.506458282E0,9.224567413E0
4.388278125E0,1.845661926E-1,3.534599762E0,9.258995819E0
4.398297125E0,1.844165039E-1,3.554358673E0,9.267228699E0
4.408316125E0,1.893562317E-1,3.529959412E0,9.281000061E0
4.418335125E0,2.058219910E-1,3.532803497E0,9.290879517E0
4.428354125E0,2.287243652E-1,3.519630890E0,9.277706909E0
4.438373125E0,2.192939758E-1,3.500919800E0,9.250014496E0
4.448392125E0,1.981878662E-1,3.484004974E0,9.233249359E0
4.458411125E0,1.778302002E-1,3.499572601E0,9.212891693E0
4.468430125E0,1.778302002E-1,3.507356415E0,9.189540253E0
4.478449125E0,1.445993042E-1,3.504512329E0,9.178463287E0
4.488469125E0,1.112187195E-1,3.532653809E0,9.191935272E0
4.498488125E0,7.364685059E-2,3.550466766E0,9.198072510E0
4.508507125E0,7.229965210E-2,3.518283691E0,9.190438385E0
4.518526125E0,5.583389282E-2,3.495081940E0,9.193881226E0
4.528545125E0,4.056564331E-2,3.509152679E0,9.224567413E0
4.538564125E0,1.272354126E-2,3.523971863E0,9.249715118E0
4.548583125E0,2.110610962E-2,3.557801514E0,9.257947998E0
4.558602125E0,4.849914551E-2,3.516936493E0,9.240733795E0
4.568621125E0,6.990463257E-2,3.491639099E0,9.216633911E0
4.578640125E0,9.864486694E-2,3.497776337E0,9.202712860E0
4.588659125E0,1.323248291E-1,3.501817932E0,9.207053833E0
4.598679125E0,1.577719116E-1,3.501219177E0,9.221124573E0
4.608698125E0,1.598675537E-1,3.493884430E0,9.190139008E0
4.618717125E0,1.809736633E-1,3.480113068E0,9.198072510E0
4.628736125E0,1.996847534E-1,3.474275208E0,9.219627686E0
4.638755125E0,1.993853760E-1,3.492237854E0,9.254804535E0
4.648774125E0,1.577719116E-1,3.490890656E0,9.264085236E0
4.658793125E0,1.372645569E-1,3.480412445E0,9.248667297E0
4.668812125E0,1.499880981E-1,3.469934235E0,9.223818970E0
4.678831125E0,1.737886047E-1,3.474424896E0,9.201515350E0
4.688850125E0,1.748364258E-1,3.470532990E0,9.199419708E0
4.698869125E0,1.778302002E-1,3.484004974E0,9.215286713E0
4.708888125E0,1.775308228E-1,3.500171356E0,9.222920837E0
4.718907125E0,1.883084106E-1,3.519630890E0,9.216184845E0
4.728927125E0,1.767823792E-1,3.542682953E0,9.211245117E0
4.738946125E0,1.559756470E-1,3.546724548E0,9.190438385E0
4.748965125E0,1.442999268E-1,3.527265015E0,9.200916595E0
4.758984125E0,1.330732727E-1,3.512894897E0,9.216783600E0
4.769003125E0,9.580078125E-2,3.524121552E0,9.238189087E0
4.779022125E0,8.053253174E-2,3.508404236E0,9.268725586E0
4.789041125E0,8.906478882E-2,3.488495636E0,9.274413757E0
4.799060125E0,9.624984741E-2,3.489842834E0,9.268126831E0
4.809079125E0,9.295669556E-2,3.468437347E0,9.289831696E0
4.819098125E0,8.577163696E-2,3.450325012E0,9.305549011E0
4.829117125E0,8.382568359E-2,3.423381042E0,9.291927338E0
4.839137125E0,8.681945801E-2,3.408561859E0,9.279503174E0
4.849156125E0,9.699829102E-2,3.442241821E0,9.238638153E0
4.859175125E0,1.004411316E-1,3.471131744E0,9.181756439E0
4.869194125E0,1.139131165E-1,3.466192017E0,9.126072235E0
4.879213125E0,1.318757629E-1,3.465144196E0,9.092541962E0
4.889232125E0,1.401086426E-1,3.489992523E0,9.117689667E0
4.899251125E0,1.101708984E-1,3.526666260E0,9.186396790E0
4.909270125E0,9.639953613E-2,3.574566650E0,9.255552979E0
4.919289125E0,7.394622803E-2,3.552562408E0,9.294322357E0
4.929308125E0,5.942642212E-2,3.500321045E0,9.326655121E0
4.939327125E0,7.185058594E-2,3.469784546E0,9.353299713E0
4.949346125E0,6.691085815E-2,3.445385284E0,9.332343292E0
4.959366125E0,5.882766724E-2,3.437601471E0,9.310937805E0
4.969385125E0,7.888595581E-2,3.423680420E0,9.268426208E0
4.979404125E0,9.580078125E-2,3.430865479E0,9.223519592E0
4.989423125E0,9.535171509E-2,3.434308319E0,9.208401031E0
4.999442125E0,6.182144165E-2,3.438798981E0,9.203311615E0
5.009461125E0,3.682342529E-2,3.424877930E0,9.231902161E0
5.019480125E0,4.116439819E-2,3.432212677E0,9.246571655E0
5.029499125E0,6.092330933E-2,3.407813416E0,9.278155975E0
5.039518125E0,6.256988525E-2,3.371588745E0,9.306147766E0
5.049537125E0,6.122268677E-2,3.355272675E0,9.326804810E0
5.059556125E0,5.373825073E-2,3.372636566E0,9.338480530E0
5.069576125E0,5.643264771E-2,3.377725983E0,9.339678040E0
5.079595125E0,6.661148071E-2,3.379671936E0,9.358987885E0
5.089613375E0,7.694000244E-2,3.385809174E0,9.339079285E0
5.099632375E0,1.163081360E-1,3.385958862E0,9.296417999E0
5.109651375E0,1.344204712E-1,3.358865204E0,9.275461578E0
5.119670375E0,1.296304321E-1,3.350183258E0,9.294472046E0
5.129689375E0,1.531315613E-1,3.348386993E0,9.310189362E0
5.139708375E0,1.664538574E-1,3.343447266E0,9.323511658E0
5.149727375E0,1.550775146E-1,3.345243530E0,9.348060608E0
5.159746375E0,1.303788757E-1,3.356170807E0,9.412426758E0
5.169765375E0,1.281335449E-1,3.367247772E0,9.490564270E0
5.179784375E0,1.407073975E-1,3.363804932E0,9.551487579E0
5.189803375E0,1.492396545E-1,3.334915009E0,9.548942871E0
5.199823375E0,1.438508606E-1,3.262315979E0,9.493707733E0
5.209842375E0,1.486408997E-1,3.184178467E0,9.373507690E0
5.219861375E0,1.645079041E-1,3.129392395E0,9.201814728E0
5.229880375E0,1.487905884E-1,3.127296753E0,9.024283905E0
5.239899375E0,1.571731567E-1,3.212319946E0,8.921896820E0
5.249918375E0,1.576222229E-1,3.314407654E0,8.903485107E0
5.259937375E0,1.469943237E-1,3.429817657E0,8.991651764E0
5.269956375E0,1.237925720E-1,3.564088440E0,9.182355194E0
5.279975375E0,8.113128662E-2,3.624712372E0,9.428144073E0
5.289994375E0,4.819976807E-2,3.579207001E0,9.683812408E0
5.300013375E0,5.074447632E-2,3.488046570E0,9.843979340E0
5.310033375E0,5.643264771E-2,3.336112518E0,9.868079224E0
5.320052375E0,8.173004150E-2,3.205883331E0,9.760003967E0
5.330071375E0,7.035369873E-2,3.113525391E0,9.559271393E0
5.340090375E0,7.828720093E-2,3.031046906E0,9.358389130E0
5.350109375E0,1.188528442E-1,3.032693481E0,9.183403015E0
5.360128375E0,1.252894592E-1,3.117716675E0,9.016200714E0
5.370147375E0,1.279838562E-1,3.201242981E0,8.970545654E0
5.380166375E0,1.401086426E-1,3.303929443E0,9.037306824E0
5.390185375E0,1.513352966E-1,3.362906799E0,9.145681458E0
5.400204375E0,1.543290710E-1,3.368145905E0,9.315877533E0
5.410223375E0,1.252894592E-1,3.379971313E0,9.476942596E0
5.420242375E0,1.360670471E-1,3.359014893E0,9.591604156E0
5.430262375E0,1.407073975E-1,3.347339172E0,9.664053497E0
5.440281375E0,1.234931946E-1,3.329825592E0,9.651180267E0
5.450300375E0,1.155596924E-1,3.321293335E0,9.543703766E0
5.460319375E0,1.210981750E-1,3.329077148E0,9.398655396E0
5.470338375E0,1.525328064E-1,3.332669678E0,9.280550995E0
5.480357375E0,1.802252197E-1,3.328478394E0,9.195976868E0
5.490376375E0,2.212399292E-1,3.289110260E0,9.137598267E0
5.500395375E0,2.393522644E-1,3.238964539E0,9.123677216E0
5.510414375E0,2.519261169E-1,3.189567261E0,9.160500641E0
5.520433375E0,2.414479065E-1,3.162024536E0,9.261241150E0
5.530452375E0,2.294728088E-1,3.190315704E0,9.388775940E0
5.540472375E0,1.808239746E-1,3.223995667E0,9.496402130E0
5.550491375E0,1.293310547E-1,3.238665161E0,9.575437775E0
5.560510375E0,9.205856323E-2,3.254382477E0,9.631720734E0
5.570529375E0,6.571334839E-2,3.272345123E0,9.607770538E0
5.580548375E0,4.834945679E-2,3.279530182E0,9.503587189E0
5.590567375E0,6.077362061E-2,3.254831543E0,9.365574188E0
5.600586375E0,8.367599487E-2,3.235671387E0,9.254954224E0
5.610605375E0,1.067280579E-1,3.257675629E0,9.176966400E0
5.620624375E0,1.062789917E-1,3.273542633E0,9.161398773E0
5.630643375E0,9.385482788E-2,3.289409637E0,9.216933289E0
5.640662375E0,6.721023560E-2,3.304528198E0,9.324709167E0
5.650681375E0,2.829116821E-2,3.306174774E0,9.425749054E0
5.660701375E0,-1.167572021E-2,3.299289093E0,9.499395905E0
5.670720375E0,-3.577560425E-2,3.266357574E0,9.537716217E0
5.680739375E0,-6.825805664E-2,3.256627808E0,9.521549835E0
5.690758375E0,-5.194198608E-2,3.240012360E0,9.456135864E0
5.700777375E0,-1.242416382E-2,3.212319946E0,9.374854889E0
5.710796375E0,2.335144043E-2,3.225193176E0,9.298513641E0
5.720815375E0,6.122268677E-2,3.236868896E0,9.260193329E0
5.730834375E0,8.307723999E-2,3.239413605E0,9.266929321E0
5.740853375E0,1.031355286E-1,3.239114227E0,9.293424225E0
5.750872375E0,1.216969299E-1,3.254382477E0,9.337582397E0
5.760891375E0,1.303788757E-1,3.273991699E0,9.394763489E0
5.770910375E0,1.466949463E-1,3.257226562E0,9.442364502E0
5.780930375E0,1.630110168E-1,3.248245239E0,9.461674347E0
5.790949375E0,1.667532349E-1,3.228186951E0,9.458979950E0
5.800968375E0,1.721420288E-1,3.227887573E0,9.439819794E0
5.810987375E0,1.766326904E-1,3.214116211E0,9.396859131E0
5.821006375E0,1.883084106E-1,3.208877106E0,9.385183411E0
5.831025375E0,2.004331970E-1,3.233875122E0,9.386979675E0
5.841044375E0,1.868115234E-1,3.198249207E0,9.385482788E0
5.851063375E0,1.805245972E-1,3.173251190E0,9.408983917E0
5.861082375E0,1.776805115E-1,3.200344849E0,9.480984192E0
5.871101375E0,1.781295776E-1,3.218157806E0,9.522597656E0
5.881120375E0,1.963916016E-1,3.213667145E0,9.507628784E0
5.891140375E0,1.740879822E-1,3.197650452E0,9.464518433E0
5.901159375E0,1.185534668E-1,3.180585938E0,9.407786407E0
5.911178375E0,6.706054688E-2,3.208577728E0,9.360185394E0
5.921197375E0,1.347198486E-2,3.274590454E0,9.330247650E0
5.931216375E0,-3.727249146E-2,3.310216370E0,9.292675781E0
5.941235375E0,-5.179229736E-2,3.288361816E0,9.255103912E0
5.951254375E0,-3.622467041E-2,3.276087341E0,9.215436401E0
5.961273375E0,-2.395019531E-3,3.256478119E0,9.207652588E0
5.971292375E0,3.487747192E-2,3.208128662E0,9.274413757E0
5.981311375E0,5.583389282E-2,3.216660919E0,9.329798584E0
5.991330375E0,5.897735596E-2,3.265160065E0,9.418414307E0
6.001349375E0,1.106199646E-1,3.287463684E0,9.498797150E0
6.011369375E0,1.742376709E-1,3.258424072E0,9.524393921E0
6.021388375E0,1.993853760E-1,3.223546600E0,9.549841003E0
6.031407375E0,2.171983337E-1,3.172802124E0,9.521849213E0
6.041426375E0,2.092648315E-1,3.141966248E0,9.466614075E0
6.051445375E0,1.842668152E-1,3.135679321E0,9.390272827E0
6.061464375E0,1.666035461E-1,3.151546326E0,9.335037689E0
6.071483375E0,1.535806274E-1,3.193010101E0,9.339678040E0
6.081502375E0,1.678010559E-1,3.211272125E0,9.378896484E0
6.091522042E0,1.751358032E-1,3.199596405E0,9.409432983E0
6.101541042E0,1.769320679E-1,3.195105743E0,9.436077576E0
6.111560042E0,1.603166199E-1,3.205733643E0,9.403445435E0
6.121580042E0,1.492396545E-1,3.205733643E0,9.356143799E0
6.131599042E0,1.323248291E-1,3.240910492E0,9.319919128E0
6.141618042E0,1.094224548E-1,3.265459442E0,9.315877533E0
6.151637042E0,8.427474976E-2,3.261417847E0,9.333989868E0
6.161656042E0,8.951385498E-2,3.251837769E0,9.388476563E0
6.171675042E0,1.028361511E-1,3.225193176E0,9.428593140E0
6.181694042E0,1.106199646E-1,3.200943604E0,9.405092010E0
6.191713042E0,1.184037781E-1,3.162772980E0,9.394763489E0
6.201732042E0,1.050814819E-1,3.125201111E0,9.397906952E0
6.211751042E0,9.804611206E-2,3.114573212E0,9.421857147E0
6.221770042E0,9.415420532E-2,3.121608582E0,9.460177460E0
6.231789042E0,8.173004150E-2,3.146905975E0,9.523645477E0
6.241809042E0,4.909790039E-2,3.181633759E0,9.551188202E0
6.251828042E0,4.475692749E-2,3.192111969E0,9.528884583E0
6.261847042E0,4.340972900E-2,3.193758545E0,9.477092285E0
6.271866042E0,4.535568237E-2,3.166515198E0,9.356742554E0
6.281885042E0,5.912704468E-2,3.134332123E0,9.249565430E0
6.291904042E0,6.870712280E-2,3.107388153E0,9.167835388E0
6.301923042E0,7.873626709E-2,3.135978699E0,9.160650330E0
6.311942042E0,7.334747314E-2,3.179538116E0,9.182953949E0
6.321961042E0,7.379653931E-2,3.269051971E0,9.247619476E0
6.331980042E0,9.535171509E-2,3.358565826E0,9.338181152E0
6.341999042E0,1.216969299E-1,3.378025360E0,9.434580688E0
6.352019042E0,1.113684082E-1,3.324586487E0,9.540560303E0
6.362038042E0,1.089733887E-1,3.221900024E0,9.616302795E0
6.372057042E0,1.154100037E-1,3.115171967E0,9.624685364E0
6.382076042E0,1.336720276E-1,3.038531342E0,9.585616608E0
6.392095042E0,1.609153748E-1,2.984344025E0,9.545200653E0
6.402114042E0,1.865121460E-1,2.973865814E0,9.492959290E0
6.412133042E0,1.933978271E-1,3.033741302E0,9.393715668E0
6.422152042E0,1.951940918E-1,3.094215546E0,9.317823486E0
6.432171042E0,1.839674377E-1,3.169958038E0,9.270072784E0
6.442190042E0,1.654060364E-1,3.224145355E0,9.275012512E0
6.452209042E0,1.555265808E-1,3.215912476E0,9.318422241E0
6.462229042E0,1.371148682E-1,3.196003876E0,9.370513916E0
6.472248042E0,1.079255676E-1,3.169209595E0,9.411229248E0
6.482267042E0,9.445358276E-2,3.145558777E0,9.465715942E0
6.492286042E0,6.990463257E-2,3.134631500E0,9.529633026E0
6.502305042E0,5.987548828E-2,3.131338348E0,9.531578979E0
6.512324042E0,4.685256958E-2,3.155138855E0,9.517059174E0
6.522343042E0,3.757186890E-2,3.165317688E0,9.467362518E0
6.532362042E0,3.876937866E-2,3.179238739E0,9.403894501E0
6.542381042E0,3.442840576E-3,3.183130646E0,9.329499207E0
6.552400042E0,-1.586700439E-2,3.214714966E0,9.260642395E0
6.562419042E0,-6.885681152E-3,3.199297028E0,9.231453094E0
6.572439042E0,3.742218018E-3,3.197351074E0,9.252559204E0
6.582458042E0,1.706451416E-2,3.199746094E0,9.331744537E0
6.592477042E0,2.859054565E-2,3.212469635E0,9.429640961E0
6.602496042E0,4.400848389E-2,3.220103760E0,9.516161041E0
6.612515042E0,4.206253052E-2,3.206182709E0,9.581874390E0
6.622534042E0,5.269042969E-2,3.188220062E0,9.589508514E0
6.632553042E0,6.945556641E-2,3.171754303E0,9.525890808E0
6.642572042E0,1.049317932E-1,3.125799866E0,9.366472321E0
6.652591042E0,1.567240906E-1,3.057541809E0,9.222621460E0
6.662610042E0,1.972897339E-1,3.037932587E0,9.149723053E0
6.672629042E0,2.047741699E-1,3.072959747E0,9.143136749E0
6.682648042E0,2.412982178E-1,3.150947571E0,9.192084961E0
6.692668042E0,2.481838989E-1,3.221301270E0,9.226513367E0
6.702687042E0,2.408491516E-1,3.220702515E0,9.272467804E0
6.712706042E0,2.252815247E-1,3.214116211E0,9.354347534E0
6.722725042E0,1.977388000E-1,3.223845978E0,9.422605591E0
6.732744042E0,1.719923401E-1,3.222349091E0,9.514215088E0
6.742763042E0,1.652563477E-1,3.202290802E0,9.574539642E0
6.752782042E0,1.486408997E-1,3.213218079E0,9.564510498E0
6.762801042E0,1.294807434E-1,3.198249207E0,9.499545593E0
6.772820042E0,1.155596924E-1,3.181035004E0,9.410630493E0
6.782839042E0,9.834548950E-2,3.155737610E0,9.337732086E0
6.792859042E0,8.262817383E-2,3.142265625E0,9.261690216E0
6.802878042E0,6.316864014E-2,3.139571228E0,9.199868774E0
6.812897042E0,3.966751099E-2,3.145558777E0,9.201665039E0
6.822916042E0,2.903961182E-2,3.173550568E0,9.250762939E0
6.832935042E0,2.424957275E-2,3.211272125E0,9.311237183E0
6.842954042E0,1.886077881E-2,3.228037262E0,9.368118896E0
6.852973042E0,-1.362167358E-2,3.215613098E0,9.458680573E0
6.862992042E0,-4.670288086E-2,3.203937378E0,9.531878357E0
6.873011042E0,-2.769241333E-2,3.189417572E0,9.511520691E0
6.883030042E0,-1.002914429E-2,3.151546326E0,9.468410339E0
6.893049042E0,2.514770508E-2,3.129392395E0,9.410630493E0
6.903069042E0,7.469467163E-2,3.124602356E0,9.333391113E0
6.913088042E0,1.143621826E-1,3.104544067E0,9.282796326E0
6.923107042E0,1.442999268E-1,3.127296753E0,9.258397064E0
6.933126042E0,1.432521057E-1,3.127446442E0,9.281449127E0
6.943145042E0,1.622625732E-1,3.146157532E0,9.324858856E0
6.953164042E0,1.679507446E-1,3.183729401E0,9.334888000E0
6.963183042E0,2.305206299E-1,3.167263641E0,9.308991852E0
6.973202042E0,2.474354553E-1,3.131488037E0,9.294771423E0
6.983221042E0,2.356100464E-1,3.130739594E0,9.288634186E0
6.993240042E0,2.433938599E-1,3.131488037E0,9.286089478E0
7.003259042E0,2.565664673E-1,3.125201111E0,9.328152008E0
7.013279042E0,2.541714478E-1,3.147953796E0,9.335636444E0
7.023298042E0,2.369572449E-1,3.171454926E0,9.348958740E0
7.033317042E0,2.324665833E-1,3.195405121E0,9.359886017E0
7.043336042E0,2.055226135E-1,3.165467377E0,9.401649170E0
7.053355042E0,1.779798889E-1,3.157384186E0,9.433832245E0
7.063374042E0,1.431024170E-1,3.118016052E0,9.421557770E0
7.073393042E0,1.181044006E-1,3.084635468E0,9.401798859E0
7.083412042E0,1.089733887E-1,3.076701965E0,9.395960999E0
7.093431750E0,8.023315430E-2,3.091820526E0,9.406588898E0
7.103450750E0,4.281097412E-2,3.113675079E0,9.395362244E0
7.113469750E0,5.987548828E-3,3.155438232E0,9.410181427E0
7.123489750E0,-2.888992310E-2,3.179089050E0,9.426048431E0
7.133508750E0,-6.721023560E-2,3.156486053E0,9.443711700E0
7.143527750E0,-7.843688965E-2,3.155887299E0,9.441166992E0
7.153546750E0,-7.574249268E-2,3.138673096E0,9.369615784E0
7.163565750E0,-6.331832886E-2,3.123853912E0,9.297765198E0
7.173584750E0,-1.451980591E-2,3.108585663E0,9.243727570E0
7.183603750E0,-6.137237549E-3,3.103196869E0,9.229956207E0
7.193622750E0,-6.286926270E-3,3.128045197E0,9.232500916E0
7.203641750E0,-8.831634521E-3,3.152294769E0,9.239087219E0
7.213660750E0,-8.532257080E-3,3.158132629E0,9.264234924E0
7.223679750E0,2.993774414E-4,3.163072357E0,9.283844147E0
7.233699750E0,4.595443726E-2,3.160228271E0,9.287586365E0
7.243718750E0,7.918533325E-2,3.165617065E0,9.302106171E0
7.253737750E0,1.231938171E-1,3.169059906E0,9.311386871E0
7.263756750E0,1.646575928E-1,3.173999634E0,9.334588623E0
7.273775750E0,2.103126526E-1,3.177592163E0,9.339528351E0
7.283794750E0,2.441423035E-1,3.137325897E0,9.344767456E0
7.293813750E0,2.499801636E-1,3.093317413E0,9.350305939E0
7.303832750E0,2.487826538E-1,3.043770447E0,9.353449402E0
7.313851750E0,2.212399292E-1,3.037333832E0,9.391170959E0
7.323870750E0,2.140548706E-1,3.058290253E0,9.443562012E0
7.333889750E0,2.237846375E-1,3.081791382E0,9.485175476E0
7.343909750E0,2.270777893E-1,3.121907959E0,9.531429291E0
7.353928750E0,2.345622253E-1,3.149151306E0,9.538314972E0
7.363947750E0,2.139051819E-1,3.119662628E0,9.469308472E0
7.373966750E0,1.978884888E-1,3.062331848E0,9.330696716E0
7.383985750E0,1.715432739E-1,3.004102936E0,9.175469513E0
7.394004750E0,1.483415222E-1,3.008892975E0,9.053772583E0
7.404023750E0,1.546284485E-1,3.081342316E0,8.970695343E0
7.414042750E0,1.532812500E-1,3.178490295E0,9.006470947E0
7.424061750E0,1.219963074E-1,3.287613373E0,9.105115814E0
7.434080750E0,8.921447754E-2,3.358565826E0,9.245374146E0
7.444099750E0,4.700225830E-2,3.372486877E0,9.390721893E0
7.454119750E0,1.676513672E-2,3.299438782E0,9.431437225E0
7.464138750E0,1.571731567E-2,3.132086792E0,9.306297455E0
7.474157750E0,5.493576050E-2,2.994822235E0,9.010662231E0
7.484176750E0,7.214996338E-2,2.921325073E0,8.765771484E0
7.494195750E0,9.295669556E-2,2.985990601E0,8.605005798E0
7.504214750E0,3.739224243E-1,3.050356750E0,8.550968170E0
7.514233750E0,2.200424194E-1,3.590134277E0,8.592881012E0
7.524252750E0,-7.619155884E-2,4.170028381E0,8.826395416E0
7.534271750E0,7.394622803E-2,4.561165009E0,9.223519592E0
7.544290750E0,-8.232879639E-3,4.739593964E0,9.831405487E0
7.554310750E0,1.646575928E-3,4.368216248E0,1.002121078E1
7.564329750E0,4.206253052E-2,3.936663666E0,9.705217896E0
7.574348750E0,8.547225952E-2,3.477568359E0,9.310339050E0
7.584367750E0,1.472937012E-1,3.153342590E0,8.873547363E0
7.594386750E0,2.070195007E-1,3.017275543E0,8.470136261E0
7.604405750E0,2.582130432E-1,3.084785156E0,8.176596680E0
7.614424750E0,2.737806702E-1,3.295846252E0,8.021668854E0
7.624443750E0,2.526745605E-1,3.529210968E0,8.086633759E0
7.634462750E0,2.179467773E-1,3.770658875E0,8.405021667E0
7.644481750E0,1.426533508E-1,3.887565765E0,8.748407593E0
7.654500750E0,8.143066406E-2,3.840413818E0,9.032067719E0
7.664520750E0,1.026864624E-1,3.702251129E0,9.310339050E0
7.674539750E0,1.058299255E-1,3.536845093E0,9.428593140E0
7.684558750E0,1.160087585E-1,3.384012909E0,9.481133881E0
7.694577750E0,8.696914673E-2,3.304677887E0,9.423952789E0
7.704596750E0,5.867797852E-2,3.346291351E0,9.249415741E0
7.714615750E0,2.963836670E-2,3.462300110E0,8.976084137E0
7.724634750E0,2.305206299E-2,3.604354706E0,8.729995880E0
7.734653750E0,2.140548706E-2,3.717369690E0,8.512198792E0
7.744672750E0,4.071533203E-2,3.774700470E0,8.384364624E0
7.754691750E0,8.831634521E-2,3.780089264E0,8.389304352E0
7.764711750E0,1.865121460E-1,3.699856110E0,8.527616730E0
7.774730750E0,2.514770508E-1,3.581302643E0,8.740923157E0
7.784749750E0,2.408491516E-1,3.520678711E0,8.998088379E0
7.794768750E0,2.115101624E-1,3.460653534E0,9.244925079E0
7.804787750E0,1.911524963E-1,3.451971588E0,9.408534851E0
7.814806750E0,1.320254517E-1,3.446283417E0,9.462722168E0
7.824825750E0,7.828720093E-2,3.455863495E0,9.364376678E0
7.834844750E0,3.936813354E-2,3.463497620E0,9.161698151E0
7.844863750E0,4.969665527E-2,3.471131744E0,8.921896820E0
7.854882750E0,1.225950623E-1,3.480711823E0,8.709787903E0
7.864901750E0,1.863624573E-1,3.496578827E0,8.581654358E0
7.874921750E0,2.579136658E-1,3.492237854E0,8.565038910E0
7.884940750E0,3.101550293E-1,3.477119293E0,8.635093231E0
7.894959750E0,2.906954956E-1,3.476071472E0,8.777896271E0
7.904978750E0,2.450404358E-1,3.480412445E0,8.937464447E0
7.914997750E0,1.995350647E-1,3.510948944E0,9.074579315E0
7.925016750E0,1.468446350E-1,3.548071747E0,9.150321808E0
7.935035750E0,1.023870850E-1,3.593726807E0,9.176966400E0
7.945054750E0,6.346801758E-2,3.617078247E0,9.125772858E0
7.955073750E0,4.685256958E-2,3.620820465E0,9.037905579E0
7.965092750E0,4.176315308E-2,3.591481476E0,8.932973785E0
7.975112750E0,6.227050781E-2,3.525917816E0,8.835227051E0
7.985131750E0,1.137634277E-1,3.492986298E0,8.774752808E0
7.995150750E0,1.142124939E-1,3.474873962E0,8.752149811E0
8.005169750E0,8.981323242E-2,3.451223145E0,8.814120941E0
8.015188750E0,5.837860107E-2,3.460952911E0,8.903036041E0
8.025207750E0,2.140548706E-2,3.492537231E0,9.004375305E0
8.035226750E0,-0.000000000E0,3.536396027E0,9.075477448E0
8.045245750E0,7.484436035E-4,3.537892914E0,9.107211456E0
8.055264750E0,1.002914429E-2,3.531755676E0,9.054670715E0
8.065283750E0,7.334747314E-3,3.531007233E0,9.003028107E0
8.075302750E0,2.679428101E-2,3.539389801E0,8.932674408E0
8.085322750E0,8.247848511E-2,3.548820190E0,8.858279114E0
8.095340542E0,1.218466187E-1,3.555556183E0,8.800349579E0
8.105359542E0,1.541793823E-1,3.546275482E0,8.785530396E0
8.115378542E0,1.633103943E-1,3.577710114E0,8.789721680E0
8.125397542E0,1.835183716E-1,3.597918091E0,8.810678101E0
8.135416542E0,1.984872437E-1,3.578308868E0,8.863518219E0
8.145435542E0,1.848655701E-1,3.556304626E0,8.915011139E0
8.155454542E0,1.767823792E-1,3.533551941E0,8.964109039E0
8.165473542E0,1.929487610E-1,3.497027893E0,9.000333710E0
8.175492542E0,1.986369324E-1,3.475472717E0,8.998687134E0
8.185512542E0,2.263293457E-1,3.440295868E0,8.996890869E0
8.195531542E0,2.368075562E-1,3.428919525E0,8.998687134E0
8.205550542E0,2.255809021E-1,3.406765594E0,8.981323242E0
8.215569542E0,2.041754150E-1,3.388353882E0,8.960217133E0
8.225588542E0,1.929487610E-1,3.372786255E0,8.931027832E0
8.235607542E0,1.715432739E-1,3.385659485E0,8.958720245E0
8.245626542E0,1.390608215E-1,3.418441315E0,8.989556122E0
8.255645542E0,1.266366577E-1,3.442990265E0,9.003626862E0
8.265664542E0,1.202000427E-1,3.448528748E0,9.018745422E0
8.275683542E0,1.257385254E-1,3.463647308E0,8.994046783E0
8.285702542E0,1.146615601E-1,3.476670227E0,8.967252502E0
8.295722542E0,9.909393311E-2,3.476370850E0,8.926237793E0
8.305741542E0,9.505233765E-2,3.503165131E0,8.903185730E0
8.315760542E0,9.415420532E-2,3.550766144E0,8.905880127E0
8.325779542E0,9.056167603E-2,3.588188324E0,8.922495575E0
8.335798542E0,8.232879639E-2,3.616629181E0,8.931476898E0
8.345817542E0,8.666976929E-2,3.638932800E0,8.941506042E0
8.355836542E0,9.011260986E-2,3.606600037E0,8.942553864E0
8.365855542E0,1.113684082E-1,3.575165405E0,8.954528961E0
8.375874542E0,1.231938171E-1,3.523971863E0,8.995543671E0
8.385893542E0,1.302291870E-1,3.480412445E0,9.019793243E0
8.395913542E0,1.354682922E-1,3.457510071E0,9.031918030E0
8.405932542E0,1.408570862E-1,3.417992249E0,9.045090637E0
8.415951542E0,1.431024170E-1,3.383114777E0,9.060209198E0
8.425970542E0,1.447489929E-1,3.380270691E0,9.035360870E0
8.435989542E0,1.469943237E-1,3.371289368E0,9.012458496E0
8.446008542E0,1.742376709E-1,3.374582520E0,9.004674683E0
8.456027542E0,1.963916016E-1,3.363206177E0,9.014853516E0
8.466046542E0,1.962419128E-1,3.344046021E0,9.009913788E0
8.476065542E0,1.847158813E-1,3.333418121E0,9.015452271E0
8.486084542E0,1.895059204E-1,3.353326721E0,9.025032349E0
8.496103542E0,1.919009399E-1,3.373534698E0,9.022337952E0
8.506123542E0,1.773811340E-1,3.404819641E0,9.027726746E0
8.516142542E0,1.734892273E-1,3.467988281E0,9.007369080E0
8.526161542E0,1.856140137E-1,3.506607971E0,8.958570557E0
8.536180542E0,1.731898499E-1,3.576961670E0,8.883426819E0
8.546199542E0,1.788780212E-1,3.654500427E0,8.848549347E0
8.556218542E0,1.728904724E-1,3.748055878E0,8.854536896E0
8.566237542E0,1.481918335E-1,3.836072845E0,8.896749115E0
8.576256542E0,1.366658020E-1,3.883673859E0,8.904083862E0
8.586275542E0,1.266366577E-1,3.859573975E0,8.825497284E0
8.596294542E0,1.288819885E-1,3.793710938E0,8.665330353E0
8.606314542E0,1.549278259E-1,3.778742065E0,8.496331787E0
8.616333542E0,1.692979431E-1,3.837869110E0,8.384364624E0
8.626352542E0,1.646575928E-1,3.948938141E0,8.294252014E0
8.636371542E0,1.245410156E-1,4.082161102E0,8.327333221E0
8.646390542E0,7.963439941E-2,4.193828888E0,8.494984589E0
8.656409542E0,7.813751221E-2,4.227808228E0,8.753796387E0
8.666428542E0,5.029541016E-2,4.178560638E0,9.025631104E0
8.676447542E0,1.077758789E-2,4.033661957E0,9.275760956E0
8.686466542E0,-1.781295776E-2,3.801794128E0,9.436077576E0
8.696485542E0,-3.457809448E-2,3.537443848E0,9.439969482E0
8.706505542E0,-2.095642090E-2,3.252436523E0,9.279054108E0
8.716524542E0,1.631607056E-2,3.022065582E0,9.047335968E0
8.726543542E0,7.559280396E-2,3.000809784E0,8.734187164E0
8.736562542E0,1.257385254E-1,3.183729401E0,8.452772369E0
8.746581542E0,1.682501221E-1,3.471580811E0,8.287216644E0
8.756600542E0,2.011816406E-1,3.757935333E0,8.285121002E0
8.766619542E0,2.043251038E-1,3.976181488E0,8.426427155E0
8.776638542E0,2.107617188E-1,4.083957367E0,8.622968445E0
8.786657542E0,1.941462708E-1,4.060306549E0,8.810079346E0
8.796676542E0,1.719923401E-1,3.936364288E0,8.970395966E0
8.806696542E0,1.447489929E-1,3.798800354E0,9.135951691E0
8.816715542E0,1.178050232E-1,3.689078522E0,9.288035431E0
8.826734542E0,1.164578247E-1,3.682791595E0,9.326954498E0
8.836753542E0,1.426533508E-1,3.706891479E0,9.247020721E0
8.846772542E0,1.607656860E-1,3.789968719E0,9.103768616E0
8.856791542E0,1.682501221E-1,3.844455414E0,8.920848999E0
8.866810542E0,1.812730408E-1,3.838916931E0,8.744815063E0
8.876829542E0,1.926493835E-1,3.792064362E0,8.611891479E0
8.886848542E0,1.697470093E-1,3.717519379E0,8.567882996E0
8.896867542E0,1.466949463E-1,3.624263306E0,8.589438171E0
8.906887542E0,1.312770081E-1,3.546874237E0,8.663234711E0
8.916906542E0,9.205856323E-2,3.493135986E0,8.802145844E0
8.926925542E0,6.840774536E-2,3.531905365E0,8.998238068E0
8.936944542E0,5.403762817E-2,3.621269531E0,9.165290680E0
8.946963542E0,4.011657715E-2,3.730093231E0,9.242979126E0
8.956982542E0,1.122665405E-2,3.802841949E0,9.223818970E0
8.967001542E0,3.906875610E-2,3.840563507E0,9.096583557E0
8.977020542E0,7.125183105E-2,3.828588409E0,8.894653473E0
8.987039542E0,9.475296021E-2,3.848646698E0,8.643475800E0
8.997058542E0,1.104702759E-1,3.883224792E0,8.424181824E0
9.007077542E0,1.191522217E-1,3.952530670E0,8.294252014E0
9.017097542E0,1.474433899E-1,4.054468689E0,8.193361816E0
9.027116542E0,1.624122620E-1,4.176015930E0,8.163873138E0
9.037135542E0,1.553768921E-1,4.351151733E0,8.201295319E0
9.047154542E0,1.359173584E-1,4.497846680E0,8.289162598E0
9.057173542E0,1.052311707E-1,4.636907501E0,8.427325287E0
9.067192542E0,9.624984741E-2,4.739144897E0,8.536598053E0
9.077211542E0,9.550140381E-2,4.757706299E0,8.676557007E0
9.087230542E0,7.828720093E-2,4.654720459E0,8.806935883E0
9.097249375E0,9.819580078E-2,4.483775940E0,8.834179230E0
9.107268375E0,1.249900818E-1,4.300706635E0,8.847202148E0
9.117288375E0,1.514849854E-1,4.167932739E0,8.881480865E0
9.127307375E0,1.576222229E-1,4.077371063E0,8.919052734E0
9.137326375E0,1.523831177E-1,4.030817871E0,8.957672424E0
9.147345375E0,1.428030396E-1,3.993695068E0,8.992549896E0
9.157364375E0,1.236428833E-1,3.950135651E0,9.015601959E0
9.167383375E0,1.145118713E-1,3.889362030E0,9.009165344E0
9.177402375E0,1.210981750E-1,3.819307709E0,8.930878143E0
9.187421375E0,1.428030396E-1,3.698209534E0,8.806786194E0
9.197440375E0,1.884580994E-1,3.595822449E0,8.666677551E0
9.207459375E0,2.008822632E-1,3.554957428E0,8.560248871E0
9.217479375E0,2.083666992E-1,3.569477234E0,8.534352722E0
9.227498375E0,1.992356873E-1,3.622916107E0,8.610544281E0
9.237517375E0,1.764830017E-1,3.697311401E0,8.759634247E0
9.247536375E0,1.434017944E-1,3.781586151E0,8.939859467E0
9.257555375E0,1.348695374E-1,3.843706970E0,9.098529510E0
9.267574375E0,1.336720276E-1,3.873644714E0,9.213041382E0
9.277593375E0,1.193019104E-1,3.883524170E0,9.275162201E0
9.287612375E0,1.392105103E-1,3.852239227E0,9.269623718E0
9.297631375E0,1.354682922E-1,3.838168488E0,9.203012238E0
9.307650375E0,1.420545959E-1,3.857777710E0,9.083710327E0
9.317670375E0,1.408570862E-1,3.891307983E0,8.943901062E0
9.327689375E0,1.233435059E-1,3.911965027E0,8.839268646E0
9.337708375E0,9.864486694E-2,3.959116974E0,8.816815338E0
9.347727375E0,7.364685059E-2,3.984564056E0,8.851393433E0
9.357746375E0,7.065307617E-2,3.992796936E0,8.960516510E0
9.367765375E0,6.646179199E-2,3.969146118E0,9.099727020E0
9.377784375E0,8.128097534E-2,3.906276855E0,9.228758698E0
9.387803375E0,1.031355286E-1,3.835474091E0,9.307195587E0
9.397822375E0,1.106199646E-1,3.767814789E0,9.370663605E0
9.407841375E0,1.007405090E-1,3.672163696E0,9.399254150E0
9.417860375E0,1.016386414E-1,3.567082214E0,9.403146057E0
9.427880375E0,1.116677856E-1,3.475472717E0,9.336384888E0
9.437899375E0,1.444496155E-1,3.429368591E0,9.252409515E0
9.447918375E0,1.622625732E-1,3.386856995E0,9.148675232E0
9.457937375E0,1.872605896E-1,3.415297852E0,9.053024139E0
9.467956375E0,2.038760376E-1,3.512296143E0,8.987161102E0
9.477975375E0,1.999841309E-1,3.632945251E0,8.969647522E0
9.487994375E0,2.047741699E-1,3.755091248E0,8.971743164E0
9.498013375E0,2.212399292E-1,3.862567749E0,8.963061218E0
9.508032375E0,2.124082947E-1,3.955524445E0,8.919202423E0
9.518051375E0,1.773811340E-1,4.044439545E0,8.867260437E0
9.528071375E0,1.459465027E-1,4.135300598E0,8.822204132E0
9.538090375E0,1.287322998E-1,4.221072235E0,8.796457672E0
9.548109375E0,1.064286804E-1,4.325854340E0,8.815617828E0
9.558128375E0,8.187973022E-2,4.428840179E0,8.868457947E0
9.568147375E0,8.113128662E-2,4.453838196E0,8.949439545E0
9.578166375E0,7.574249268E-2,4.402794342E0,9.070238342E0
9.588185375E0,7.499404907E-2,4.326453094E0,9.165739746E0
9.598204375E0,5.957611084E-2,4.222718811E0,9.186845856E0
9.608223375E0,6.331832886E-2,4.084855499E0,9.164691925E0
9.618242375E0,6.676116943E-2,3.965553589E0,9.079519043E0
9.628262375E0,6.990463257E-2,3.885769501E0,8.917555847E0
9.638281375E0,8.442443848E-2,3.885021057E0,8.692124634E0
9.648300375E0,1.043330383E-1,3.952380981E0,8.481811981E0
9.658319375E0,1.437011719E-1,4.059558105E0,8.389304352E0
9.668338375E0,1.606159973E-1,4.209246826E0,8.410709839E0
9.678357375E0,1.824705505E-1,4.349954224E0,8.529862061E0
9.688376375E0,1.820214844E-1,4.426744537E0,8.655450897E0
9.698395375E0,1.962419128E-1,4.477638702E0,8.801846466E0
9.708414375E0,1.872605896E-1,4.480033722E0,8.936416626E0
9.718433375E0,1.715432739E-1,4.487069092E0,9.088799744E0
9.728453375E0,1.420545959E-1,4.478387146E0,9.193282471E0
9.738472375E0,1.344204712E-1,4.452490997E0,9.219028931E0
9.748491375E0,1.468446350E-1,4.376748505E0,9.148375854E0
9.758510375E0,1.504371643E-1,4.270319824E0,9.009165344E0
9.768529375E0,1.805245972E-1,4.159550171E0,8.869655457E0
9.778548375E0,1.984872437E-1,4.071383514E0,8.741671600E0
9.788567375E0,2.011816406E-1,4.045187988E0,8.619675293E0
9.798586375E0,1.936972046E-1,4.075724487E0,8.579109650E0
9.808605375E0,1.887574768E-1,4.177063751E0,8.653055878E0
9.818624375E0,1.594184875E-1,4.288731537E0,8.801098022E0
9.828643375E0,1.082249451E-1,4.397255859E0,8.976533203E0
9.838663375E0,6.107299805E-2,4.444707184E0,9.169182587E0
9.848682375E0,1.901046753E-2,4.422553253E0,9.303902435E0
9.858701375E0,-4.520599365E-2,4.340074768E0,9.343719635E0
9.868720375E0,-7.723937988E-2,4.231251068E0,9.299860840E0
9.878739375E0,-7.319778442E-2,4.108955383E0,9.261690216E0
9.888758375E0,-3.712280273E-2,3.996539154E0,9.208101654E0
9.898777375E0,3.442840576E-2,3.906725922E0,9.141041107E0
9.908796375E0,8.247848511E-2,3.825744324E0,9.074429626E0
9.918815375E0,1.354682922E-1,3.796405334E0,9.020541687E0
9.928835375E0,1.806742859E-1,3.794758759E0,8.989406433E0
9.938854375E0,2.065704346E-1,3.823199615E0,9.004674683E0
9.948873375E0,2.237846375E-1,3.859124908E0,9.056616669E0
9.958892375E0,2.363584900E-1,3.898493042E0,9.113348694E0
9.968911375E0,2.585124207E-1,3.946094055E0,9.182654572E0
9.978930375E0,2.615061951E-1,4.005819855E0,9.211843872E0
9.988949375E0,2.713856506E-1,4.047732697E0,9.221873016E0
9.998968375E0,2.436932373E-1,4.118535461E0,9.173373871E0
1.000898737E1,2.233355713E-1,4.192631378E0,9.099128265E0
1.001900637E1,2.109114075E-1,4.272565155E0,8.999285889E0
1.002902537E1,1.842668152E-1,4.310735779E0,8.921747131E0
1.003904537E1,1.691482544E-1,4.324507141E0,8.896000671E0
1.004906437E1,1.685494995E-1,4.339176636E0,8.902736664E0
1.005908337E1,1.483415222E-1,4.365521851E0,8.936716003E0
1.006910237E1,1.303788757E-1,4.366869049E0,8.990903320E0
1.007912137E1,9.909393311E-2,4.353097687E0,9.057664490E0
1.008914037E1,6.077362061E-2,4.345014496E0,9.137598267E0
1.009916025E1,2.739303589E-2,4.309687958E0,9.199569397E0
1.010917925E1,-1.646575928E-3,4.273163910E0,9.212891693E0
1.011919825E1,-1.077758789E-2,4.232298889E0,9.156309357E0
1.012921725E1,-3.637435913E-2,4.199666748E0,9.085506592E0
1.013923725E1,-3.397933960E-2,4.159849548E0,9.000483398E0
1.014925625E1,-4.939727783E-3,4.132905579E0,8.946445770E0
1.015927525E1,9.580078125E-3,4.130959625E0,8.955427094E0
1.016929425E1,2.829116821E-2,4.154460754E0,9.001980286E0
1.017931325E1,7.065307617E-2,4.177812195E0,9.072932739E0
1.018933225E1,1.056802368E-1,4.187691650E0,9.136550446E0
1.019935125E1,1.121168518E-1,4.190685425E0,9.171577606E0
1.020937025E1,1.451980591E-1,4.166735229E0,9.168434143E0
1.021938925E1,1.673519897E-1,4.128414917E0,9.152567139E0
1.022940825E1,1.751358032E-1,4.133953400E0,9.118288422E0
1.023942825E1,1.898052979E-1,4.144431610E0,9.092092896E0
1.024944725E1,2.107617188E-1,4.163891144E0,9.095236359E0
1.025946625E1,2.278262329E-1,4.181704102E0,9.108109589E0
1.026948525E1,2.252815247E-1,4.222868500E0,9.146130524E0
1.027950425E1,2.323168945E-1,4.236490173E0,9.176367645E0
1.028952325E1,2.249821472E-1,4.236939240E0,9.185049591E0
1.029954225E1,2.140548706E-1,4.210444336E0,9.197324066E0
1.030956125E1,2.192939758E-1,4.187691650E0,9.219927063E0
1.031958025E1,2.168989563E-1,4.171974335E0,9.204509125E0
1.032959925E1,2.157014465E-1,4.170627136E0,9.179361420E0
1.033961925E1,2.148033142E-1,4.179309082E0,9.160350952E0
1.034963825E1,2.026785278E-1,4.181853790E0,9.121880951E0
1.035965725E1,1.766326904E-1,4.200265503E0,9.078920288E0
1.036967625E1,1.535806274E-1,4.230502625E0,9.058113556E0
1.037969525E1,1.434017944E-1,4.259242859E0,9.038504333E0
1.038971425E1,1.306782532E-1,4.291276245E0,9.057215424E0
1.039973325E1,1.104702759E-1,4.318220215E0,9.060059509E0
1.040975225E1,9.445358276E-2,4.342320099E0,9.079369354E0
1.041977125E1,1.026864624E-1,4.359085236E0,9.106463013E0
1.042979025E1,7.738906860E-2,4.377946014E0,9.126371613E0
1.043980925E1,7.125183105E-2,4.367767181E0,9.122330017E0
1.044982925E1,6.840774536E-2,4.332290955E0,9.072333984E0
1.045984825E1,5.328918457E-2,4.316423950E0,9.052874451E0
1.046986725E1,4.400848389E-2,4.316274261E0,9.048383789E0
1.047988625E1,5.508544922E-2,4.304748230E0,9.054670715E0
1.048990525E1,6.167175293E-2,4.309837646E0,9.071585541E0
1.049992425E1,5.912704468E-2,4.301155701E0,9.069789276E0
1.050994325E1,6.242019653E-2,4.316274261E0,9.078920288E0
1.051996225E1,8.637039185E-2,4.347858582E0,9.119036865E0
1.052998125E1,9.819580078E-2,4.366120605E0,9.167086945E0
1.054000025E1,1.080752563E-1,4.373006287E0,9.224118347E0
1.055002025E1,1.151106262E-1,4.362378387E0,9.257648621E0
1.056003925E1,1.272354126E-1,4.331991577E0,9.262738037E0
1.057005825E1,1.417552185E-1,4.251459045E0,9.232800293E0
1.058007725E1,1.561253357E-1,4.193379822E0,9.139693909E0
1.059009625E1,1.763333130E-1,4.143982544E0,9.017697601E0
1.060011525E1,1.868115234E-1,4.110751648E0,8.885821838E0
1.061013425E1,2.101629639E-1,4.142785034E0,8.777447205E0
1.062015325E1,2.354603577E-1,4.228257294E0,8.744515686E0
1.063017225E1,2.526745605E-1,4.348008270E0,8.809181213E0
1.064019125E1,2.574645996E-1,4.479135590E0,8.931776276E0
1.065021125E1,2.288740540E-1,4.579277344E0,9.117989044E0
1.066023025E1,1.944456482E-1,4.590503998E0,9.341324615E0
1.067024925E1,1.752854919E-1,4.534071350E0,9.494605865E0
1.068026825E1,1.550775146E-1,4.386627960E0,9.528585205E0
1.069028725E1,1.329235840E-1,4.230352936E0,9.447603607E0
1.070030625E1,1.345701599E-1,4.101470947E0,9.298363953E0
1.071032525E1,1.341210938E-1,4.047433319E0,9.105564880E0
1.072034425E1,1.580712891E-1,4.082460480E0,8.946296082E0
1.073036325E1,1.660047913E-1,4.173321533E0,8.828640747E0
1.074038225E1,1.508862305E-1,4.289779358E0,8.819210358E0
1.075040225E1,1.315763855E-1,4.376748505E0,8.884175262E0
1.076042125E1,9.639953613E-2,4.410578156E0,9.003028107E0
1.077044025E1,7.050338745E-2,4.408033447E0,9.165440369E0
1.078045925E1,3.712280273E-2,4.359983368E0,9.287436676E0
1.079047825E1,2.439926147E-2,4.305047607E0,9.370214539E0
1.080049725E1,2.409988403E-2,4.296665039E0,9.384584656E0
1.081051625E1,5.448669434E-2,4.275409241E0,9.337732086E0
1.082053525E1,5.688171387E-2,4.298910370E0,9.220376129E0
1.083055425E1,5.942642212E-2,4.321513367E0,9.117689667E0
1.084057325E1,8.008346558E-2,4.370611267E0,9.009764099E0
1.085059225E1,1.014889526E-1,4.422403564E0,8.910370789E0
1.086061225E1,1.314266968E-1,4.433181152E0,8.863518219E0
1.087063125E1,1.393601990E-1,4.441414032E0,8.868907013E0
1.088065025E1,1.624122620E-1,4.453838196E0,8.943451996E0
1.089066925E1,1.731898499E-1,4.452191620E0,9.048084412E0
1.090068825E1,1.773811340E-1,4.453987885E0,9.164392548E0
1.091070725E1,1.642085266E-1,4.439917145E0,9.251062317E0
1.092072625E1,1.490899658E-1,4.423002319E0,9.295669556E0
1.093074525E1,1.528321838E-1,4.397106171E0,9.281598816E0
1.094076425E1,1.330732727E-1,4.341272278E0,9.220226440E0
1.095078325E1,1.395098877E-1,4.288731537E0,9.127419434E0
1.096080325E1,1.624122620E-1,4.254752197E0,9.037755890E0
1.097082225E1,1.755848694E-1,4.229005737E0,8.962013397E0
1.098084125E1,1.889071655E-1,4.229903870E0,8.926237793E0
1.099086025E1,1.935475159E-1,4.224365387E0,8.936716003E0
1.100087925E1,1.923500061E-1,4.237088928E0,8.970695343E0
1.101089825E1,1.847158813E-1,4.247118073E0,9.006770325E0
1.102091725E1,1.883084106E-1,4.287683716E0,9.075926514E0
1.103093625E1,1.868115234E-1,4.386627960E0,9.207353210E0
1.104095525E1,1.585203552E-1,4.494254150E0,9.358538818E0
1.105097425E1,1.570234680E-1,4.559518433E0,9.481433258E0
1.106099425E1,1.410067749E-1,4.512216797E0,9.555080109E0
1.107101325E1,1.392105103E-1,4.331093445E0,9.456884308E0
1.108103225E1,1.454974365E-1,4.080514526E0,9.204808502E0
1.109105125E1,1.434017944E-1,3.879183197E0,8.976533203E0
1.110107029E1,1.487905884E-1,3.847299500E0,8.857979736E0
1.111108929E1,1.722917175E-1,3.967349854E0,8.962612152E0
1.112110829E1,1.745370483E-1,4.132007446E0,9.268575897E0
1.113112729E1,1.700463867E-1,4.224964142E0,9.682465210E0
1.114114629E1,2.809657288E-1,4.291575623E0,1.008827133E1
1.115116529E1,3.861968994E-2,3.797153778E0,1.026176056E1
1.116118529E1,8.906478882E-2,3.533402252E0,1.031804352E1
1.117120429E1,6.840774536E-2,3.101849670E0,1.010743149E1
1.118122329E1,4.610412598E-2,2.984194336E0,9.767937469E0
1.119124229E1,2.981799316E-1,3.020269318E0,9.408534851E0
1.120126129E1,3.320095825E-1,3.145708466E0,9.071286163E0
1.121128029E1,2.591111755E-1,3.373534698E0,8.874445496E0
1.122129929E1,1.658551025E-1,3.697311401E0,8.837173004E0
1.123131829E1,9.071136475E-2,4.011957092E0,8.927435303E0
1.124133729E1,5.942642212E-2,4.275409241E0,9.126521301E0
1.125135629E1,6.242019653E-2,4.467908936E0,9.370214539E0
1.126137629E1,6.346801758E-2,4.489464111E0,9.622889099E0
1.127139529E1,9.580078125E-2,4.372257843E0,9.857601013E0
1.128141429E1,1.086740112E-1,4.128115540E0,1.001582199E1
1.129143329E1,1.109193420E-1,3.934118958E0,9.981243896E0
1.130145229E1,1.076261902E-1,3.798201599E0,9.840237122E0
1.131147129E1,1.149609375E-1,3.783532104E0,9.686357117E0
1.132149029E1,1.264869690E-1,3.832180939E0,9.506880341E0
1.133150929E1,1.299298096E-1,3.876189423E0,9.313781891E0
1.134152829E1,1.564247131E-1,3.856131134E0,9.151369629E0
1.135154729E1,1.917512512E-1,3.774401093E0,9.089548187E0
1.136156629E1,2.282752991E-1,3.696113892E0,9.117539978E0
1.137158629E1,2.683918762E-1,3.656147003E0,9.212891693E0
1.138160529E1,2.938389587E-1,3.655548248E0,9.335037689E0
1.139162429E1,2.721340942E-1,3.701352997E0,9.504485321E0
1.140164329E1,2.258802795E-1,3.781436462E0,9.658515015E0
1.141166229E1,1.790277100E-1,3.876638489E0,9.769883423E0
1.142168129E1,1.285826111E-1,3.939807129E0,9.810299377E0
1.143170029E1,8.666976929E-2,3.948489075E0,9.742340698E0
1.144171929E1,7.529342651E-2,3.917653198E0,9.596843262E0
1.145173829E1,9.131011963E-2,3.857777710E0,9.403146057E0
1.146175729E1,1.139131165E-1,3.805536346E0,9.237290955E0
1.147177729E1,1.454974365E-1,3.797303467E0,9.147028656E0
1.148179629E1,1.537303162E-1,3.837420044E0,9.135203247E0
1.149181529E1,1.420545959E-1,3.904630280E0,9.246871033E0
1.150183429E1,1.074765015E-1,3.967050476E0,9.402696991E0
1.151185329E1,7.289840698E-2,3.991000671E0,9.517807617E0
1.152187229E1,2.739303589E-2,3.986659698E0,9.590855713E0
1.153189129E1,-4.340972900E-3,3.945046234E0,9.597442017E0
1.154191029E1,-2.245330811E-3,3.918401642E0,9.571246490E0
1.155192929E1,1.901046753E-2,3.887266388E0,9.513017578E0
1.156194829E1,6.212081909E-2,3.858975220E0,9.439969482E0
1.157196729E1,1.148112488E-1,3.841461639E0,9.388326874E0
1.158198729E1,1.469943237E-1,3.844156036E0,9.355245667E0
1.159200629E1,1.583706665E-1,3.862717438E0,9.366023254E0
1.160202529E1,1.695973206E-1,3.879332886E0,9.392817535E0
1.161204429E1,1.469943237E-1,3.873794403E0,9.436676331E0
1.162206329E1,1.398092651E-1,3.839365997E0,9.469308472E0
1.163208229E1,1.478924561E-1,3.779340820E0,9.505533142E0
1.164210129E1,1.516346741E-1,3.750151520E0,9.533225555E0
1.165212029E1,1.448986816E-1,3.751798096E0,9.536369019E0
1.166213929E1,1.606159973E-1,3.777544556E0,9.537267151E0
1.167215829E1,1.639091492E-1,3.795956268E0,9.548344116E0
1.168217829E1,1.770817566E-1,3.821253662E0,9.526938629E0
1.169219729E1,1.850152588E-1,3.855981445E0,9.506131897E0
1.170221629E1,1.666035461E-1,3.876937866E0,9.518256683E0
1.171223529E1,1.399589539E-1,3.886517944E0,9.497749329E0
1.172225429E1,1.225950623E-1,3.865860901E0,9.465266876E0
1.173227329E1,1.127156067E-1,3.826642456E0,9.415570221E0
1.174229229E1,1.115180969E-1,3.806434479E0,9.365574188E0
1.175231129E1,1.095721436E-1,3.813170471E0,9.339228973E0
1.176233029E1,9.624984741E-2,3.855083313E0,9.353299713E0
1.177234929E1,9.969268799E-2,3.917503510E0,9.392667847E0
1.178236929E1,9.610015869E-2,3.959566040E0,9.438622284E0
1.179238829E1,9.340576172E-2,3.965703278E0,9.467811584E0
1.180240729E1,8.367599487E-2,3.955524445E0,9.483229523E0
1.181242629E1,7.229965210E-2,3.914509735E0,9.490414581E0
1.182244529E1,6.092330933E-2,3.884721680E0,9.477391663E0
1.183246429E1,4.475692749E-2,3.860322418E0,9.458830261E0
1.184248329E1,4.565505981E-2,3.840264130E0,9.435029755E0
1.185250229E1,4.550537109E-2,3.831731873E0,9.439370728E0
1.186252129E1,5.179229736E-2,3.856131134E0,9.490264893E0
1.187254029E1,6.601272583E-2,3.896098022E0,9.617649994E0
1.188256029E1,6.481521606E-2,3.955374756E0,9.809550934E0
1.189257929E1,7.738906860E-2,3.940256195E0,9.943672028E0
1.190259829E1,8.262817383E-2,3.830833740E0,1.002914429E1
1.191261729E1,6.691085815E-2,3.610342255E0,1.003573059E1
1.192263629E1,9.445358276E-2,3.373684387E0,9.906249847E0
1.193265529E1,1.428030396E-1,3.132086792E0,9.684710541E0
1.194267429E1,2.981799316E-1,3.037034454E0,9.383985901E0
1.195269329E1,3.155438232E-1,2.977757721E0,9.057814178E0
1.196271229E1,5.343887329E-2,2.710713043E0,8.905730438E0
1.197273129E1,2.966830444E-1,3.266806641E0,8.861272888E0
1.198275029E1,2.317181396E-1,3.559597778E0,9.267528076E0
1.199277029E1,2.240840149E-1,3.969595184E0,9.711355133E0
1.200278929E1,1.904040527E-1,4.193978577E0,1.016431320E1
1.201280829E1,1.547781372E-1,4.205953674E0,1.051338730E1
1.202282729E1,1.384620667E-1,4.001029816E0,1.063238983E1
1.203284629E1,1.302291870E-1,3.710184631E0,1.043539948E1
1.204286529E1,1.496887207E-1,3.464395752E0,1.008063721E1
1.205288429E1,1.649569702E-1,3.318449249E0,9.640552368E0
1.206290329E1,1.986369324E-1,3.354374542E0,9.253457336E0
1.207292229E1,1.922003174E-1,3.479963379E0,8.983867950E0
1.208294129E1,1.646575928E-1,3.629801788E0,8.901239777E0
1.209296129E1,1.179547119E-1,3.785178680E0,9.077273712E0
1.210298012E1,6.466552734E-2,3.884721680E0,9.365125122E0
1.211299912E1,2.260299683E-2,3.865711212E0,9.693242798E0
1.212301812E1,7.035369873E-3,3.784579926E0,9.978549500E0
1.213303712E1,9.131011963E-3,3.676055603E0,1.013647110E1
1.214305612E1,1.541793823E-2,3.614383850E0,1.016431320E1
1.215307512E1,1.272354126E-2,3.594475250E0,1.005578888E1
1.216309412E1,7.484436035E-3,3.635340271E0,9.789941711E0
1.217311312E1,2.110610962E-2,3.723656616E0,9.529333649E0
1.218313212E1,3.472778320E-2,3.790268097E0,9.331894226E0
1.219315112E1,6.765930176E-2,3.837420044E0,9.213340759E0
1.220317112E1,1.251397705E-1,3.900888062E0,9.175319824E0
1.221319012E1,1.640588379E-1,3.915407867E0,9.283544769E0
1.222320912E1,1.992356873E-1,3.880081329E0,9.480684814E0
1.223322812E1,2.137554932E-1,3.805835724E0,9.690548401E0
1.224324712E1,2.305206299E-1,3.702550507E0,9.872120819E0
1.225326612E1,2.435435486E-1,3.613635406E0,1.000998413E1
1.226328512E1,2.525248718E-1,3.541784821E0,1.005414230E1
1.227330413E1,2.445913696E-1,3.481310577E0,1.000624191E1
1.228332312E1,2.276765442E-1,3.441343689E0,9.912836151E0
1.229334212E1,2.040257263E-1,3.422782288E0,9.811496887E0
1.230336212E1,1.776805115E-1,3.428769836E0,9.721533966E0
1.231338112E1,1.660047913E-1,3.460054779E0,9.718689880E0
1.232340012E1,1.508862305E-1,3.485202484E0,9.828561401E0
1.233341913E1,1.577719116E-1,3.492986298E0,9.970017242E0
1.234343812E1,1.516346741E-1,3.461551666E0,1.009755203E1
1.235345712E1,1.453477478E-1,3.367397461E0,1.022538620E1
1.236347612E1,1.459465027E-1,3.227139130E0,1.028376480E1
1.237349512E1,1.398092651E-1,3.049458618E0,1.023227188E1
1.238351412E1,2.510279846E-1,2.977009277E0,1.007315277E1
1.239353312E1,2.498304749E-1,2.863545227E0,9.907746735E0
1.240355212E1,-9.116043091E-2,2.401456146E0,9.742789764E0
1.241357212E1,2.121089172E-1,2.712958374E0,9.443562012E0
1.242359112E1,2.062710571E-1,2.935695190E0,9.548493805E0
1.243361012E1,1.404080200E-1,3.228186951E0,9.825717316E0
1.244362912E1,7.708969116E-2,3.441044312E0,1.012479538E1
1.245364812E1,-2.888992310E-2,3.575614471E0,1.044677582E1
1.246366712E1,-1.269360352E-1,3.589984589E0,1.074899734E1
1.247368612E1,-1.757345581E-1,3.486399994E0,1.089913513E1
1.248370512E1,-1.724414062E-1,3.281925201E0,1.079839462E1
1.249372412E1,-7.050338745E-2,3.108435974E0,1.055021072E1
1.250374312E1,4.131408691E-2,3.014581146E0,1.019230499E1
1.251376312E1,1.224453735E-1,3.029999084E0,9.764494629E0
1.252378212E1,1.799258423E-1,3.096610565E0,9.421707458E0
1.253380112E1,2.284249878E-1,3.244053955E0,9.317823486E0
1.254382012E1,2.751278687E-1,3.466341705E0,9.406888275E0
1.255383912E1,3.275189209E-1,3.679648132E0,9.679321747E0
1.256385812E1,2.875520325E-1,3.813170471E0,9.935439148E0
1.257387712E1,2.489323425E-1,3.779041443E0,1.017464172E1
1.258389612E1,2.088157654E-1,3.598367157E0,1.037717056E1
1.259391512E1,1.893562317E-1,3.438948669E0,1.042237656E1
1.260393412E1,2.151026917E-1,3.324885864E0,1.035666321E1
1.261395412E1,2.329156494E-1,3.232527924E0,1.022269180E1
1.262397312E1,2.368075562E-1,3.218157806E0,1.006836273E1
1.263399212E1,2.309696960E-1,3.238365784E0,9.931247864E0
1.264401112E1,2.243833923E-1,3.312162323E0,9.829010468E0
1.265403012E1,2.209405518E-1,3.374283142E0,9.753717041E0
1.266404912E1,2.395019531E-1,3.400029602E0,9.700876923E0
1.267406812E1,2.418969727E-1,3.415447540E0,9.669142914E0
1.268408713E1,2.173480225E-1,3.452420654E0,9.681866455E0
1.269410612E1,1.884580994E-1,3.529959412E0,9.726922760E0
1.270412512E1,1.218466187E-1,3.554059296E0,9.798174591E0
1.271414412E1,8.247848511E-2,3.584745483E0,9.919572144E0
1.272416412E1,5.433700562E-2,3.621119843E0,1.007030869E1
1.273418312E1,8.981323242E-3,3.654949493E0,1.017329453E1
1.274420213E1,-6.436614990E-3,3.656895447E0,1.021146515E1
1.275422112E1,-2.290237427E-2,3.610042877E0,1.017688705E1
1.276424012E1,-1.122665405E-2,3.575764160E0,1.007060806E1
1.277425912E1,3.592529297E-3,3.581003265E0,9.951755219E0
1.278427812E1,1.871109009E-2,3.610192566E0,9.861343231E0
1.279429712E1,5.748046875E-2,3.623963928E0,9.792037354E0
1.280431612E1,7.903564453E-2,3.612288208E0,9.789342957E0
1.281433512E1,1.037342834E-1,3.591331787E0,9.808652802E0
1.282435412E1,1.061293030E-1,3.548071747E0,9.883646851E0
1.283437412E1,1.179547119E-1,3.542682953E0,9.940678253E0
1.284439312E1,1.493893433E-1,3.499273224E0,9.985584869E0
1.285441212E1,1.573228455E-1,3.454665985E0,9.970915375E0
1.286443112E1,1.764830017E-1,3.421884155E0,9.927056580E0
1.287445012E1,2.050735474E-1,3.410058746E0,9.889185333E0
1.288446912E1,2.279759216E-1,3.431464233E0,9.864636383E0
1.289448812E1,2.456391907E-1,3.493884430E0,9.861043854E0
1.290450712E1,2.580633545E-1,3.545077972E0,9.862840118E0
1.291452612E1,2.399510193E-1,3.578907623E0,9.893226929E0
1.292454512E1,2.225871277E-1,3.591780853E0,9.951006775E0
1.293456512E1,2.221380615E-1,3.597169647E0,9.996661835E0
1.294458412E1,2.079176331E-1,3.590882721E0,1.001836670E1
1.295460312E1,1.892065430E-1,3.568878479E0,1.004456223E1
1.296462212E1,1.704954529E-1,3.552712097E0,1.007120682E1
1.297464112E1,1.444496155E-1,3.550017700E0,1.004546036E1
1.298466012E1,1.139131165E-1,3.529360657E0,1.002091141E1
1.299467912E1,7.125183105E-2,3.522624664E0,9.989476776E0
1.300469812E1,5.493576050E-2,3.534300385E0,9.945318604E0
1.301471712E1,4.041595459E-2,3.536845093E0,9.877958679E0
1.302473612E1,2.185455322E-2,3.510799255E0,9.857750702E0
1.303475612E1,-3.592529297E-3,3.497476959E0,9.832153931E0
1.304477512E1,-2.874023438E-2,3.510499878E0,9.859097900E0
1.305479412E1,-3.847000122E-2,3.534300385E0,9.885443115E0
1.306481312E1,-2.978805542E-2,3.576213226E0,9.873318329E0
1.307483212E1,-2.395019531E-3,3.585942993E0,9.863289185E0
1.308485112E1,4.041595459E-2,3.551364899E0,9.858798523E0
1.309486954E1,8.502319336E-2,3.573369141E0,9.831255798E0
1.310488854E1,1.511856079E-1,3.563040619E0,9.839638367E0
1.311490754E1,2.038760376E-1,3.593876495E0,9.888436890E0
1.312492654E1,2.450404358E-1,3.627706146E0,9.930050354E0
1.313494554E1,2.624043274E-1,3.625161438E0,9.980345764E0
1.314496554E1,2.465373230E-1,3.642225952E0,1.006477020E1
1.315498454E1,2.299218750E-1,3.636388092E0,1.016221756E1
1.316500354E1,2.106120300E-1,3.603306885E0,1.022658371E1
1.317502254E1,1.893562317E-1,3.523223419E0,1.024544449E1
1.318504154E1,1.694476318E-1,3.435206451E0,1.022897873E1
1.319506054E1,1.853146362E-1,3.288062439E0,1.015308655E1
1.320507954E1,2.133064270E-1,3.145558777E0,9.998308411E0
1.321509854E1,2.146536255E-1,3.077300720E0,9.757459259E0
1.322511754E1,1.881587219E-1,3.101849670E0,9.544152832E0
1.323513654E1,1.463955688E-1,3.212170258E0,9.416917419E0
1.324515654E1,1.363664246E-1,3.372935944E0,9.319320374E0
1.325517554E1,1.395098877E-1,3.487298126E0,9.354646912E0
1.326519454E1,1.821711731E-1,3.664828949E0,9.479038239E0
1.327521354E1,1.474433899E-1,3.872596893E0,9.636061707E0
1.328523254E1,9.460327148E-2,3.869004364E0,9.894873505E0
1.329525154E1,-1.167572021E-2,3.967948608E0,1.011626312E1
1.330527054E1,-1.990859985E-2,4.065695343E0,1.032313293E1
1.331528954E1,3.772155762E-2,3.956871643E0,1.047192352E1
1.332530854E1,5.688171387E-2,3.753444672E0,1.045171555E1
1.333532754E1,7.738906860E-2,3.532354431E0,1.030397278E1
1.334534654E1,7.828720093E-2,3.322191467E0,1.009006760E1
1.335536654E1,1.294807434E-1,3.267255707E0,9.796677704E0
1.336538554E1,1.448986816E-1,3.265908508E0,9.418414307E0
1.337540454E1,2.043251038E-1,3.349285126E0,9.242530060E0
1.338542354E1,2.658471680E-1,3.416345673E0,9.217532043E0
1.339544254E1,2.918930054E-1,3.446882172E0,9.323960724E0
1.340546154E1,2.477348328E-1,3.485651550E0,9.492959290E0
1.341548054E1,2.026785278E-1,3.537892914E0,9.674831085E0
1.342549954E1,1.766326904E-1,3.582051086E0,9.872869263E0
1.343551854E1,1.583706665E-1,3.598666534E0,1.006761429E1
1.344553754E1,1.681004333E-1,3.604953461E0,1.015428406E1
1.345555654E1,1.184037781E-1,3.522025909E0,1.010473709E1
1.346557654E1,1.007405090E-1,3.495680695E0,9.966873779E0
1.347559554E1,7.559280396E-2,3.478915558E0,9.870773621E0
1.348561454E1,5.164260864E-2,3.544329529E0,9.840536499E0
1.349563354E1,7.978408813E-2,3.652554474E0,9.666149139E0
1.350565254E1,1.755848694E-1,3.641776886E0,9.502389679E0
1.351567154E1,2.818638611E-1,3.539539490E0,9.407786407E0
1.352569054E1,2.794688416E-1,3.542084198E0,9.316625977E0
1.353570954E1,2.909948730E-1,3.503165131E0,9.345964966E0
1.354572854E1,3.228785706E-1,3.495081940E0,9.438322906E0
1.355574754E1,3.106040955E-1,3.495980072E0,9.571994934E0
1.356576754E1,2.624043274E-1,3.506458282E0,9.677824860E0
1.357578654E1,2.481838989E-1,3.536096649E0,9.744735718E0
1.358580554E1,2.287243652E-1,3.499572601E0,9.780211945E0
1.359582454E1,2.112107849E-1,3.480262756E0,9.796228638E0
1.360584354E1,2.335144043E-1,3.470682678E0,9.798324280E0
1.361586254E1,1.923500061E-1,3.465443573E0,9.851613464E0
1.362588154E1,1.579216003E-1,3.401077423E0,9.854158173E0
1.363590054E1,1.595681763E-1,3.396437073E0,9.786199493E0
1.364591954E1,1.745370483E-1,3.395988007E0,9.734706573E0
1.365593854E1,1.664538574E-1,3.376528473E0,9.699829102E0
1.366595754E1,1.598675537E-1,3.400927734E0,9.697284393E0
1.367597754E1,1.264869690E-1,3.417243805E0,9.646390228E0
1.368599654E1,1.011895752E-1,3.428919525E0,9.583820343E0
1.369601554E1,8.711883545E-2,3.389701080E0,9.544452209E0
1.370603454E1,8.472381592E-2,3.382066956E0,9.460776215E0
1.371605354E1,6.721023560E-2,3.409160614E0,9.434431000E0
1.372607254E1,7.274871826E-2,3.427871704E0,9.414971466E0
1.373609154E1,7.738906860E-2,3.474275208E0,9.416019287E0
1.374611054E1,7.768844604E-2,3.538341980E0,9.427844696E0
1.375612954E1,7.304809570E-2,3.592379608E0,9.470505981E0
1.376614854E1,9.954299927E-2,3.610192566E0,9.528285828E0
1.377616854E1,1.290316772E-1,3.589236145E0,9.595346375E0
1.378618754E1,1.472937012E-1,3.551664276E0,9.595346375E0
1.379620654E1,1.691482544E-1,3.464545441E0,9.589059448E0
1.380622554E1,1.966909790E-1,3.381917267E0,9.584868164E0
1.381624454E1,2.216889954E-1,3.332370300E0,9.536518707E0
1.382626354E1,2.330653381E-1,3.278182983E0,9.519753571E0
1.383628254E1,2.459385681E-1,3.238515472E0,9.475146332E0
1.384630154E1,2.454895020E-1,3.196602631E0,9.465266876E0
1.385632054E1,2.670446777E-1,3.170706482E0,9.465715942E0
1.386633954E1,2.728825378E-1,3.201991425E0,9.466165009E0
1.387635854E1,2.556683350E-1,3.250191193E0,9.452243958E0
1.388637854E1,2.257305908E-1,3.289559326E0,9.469009094E0
1.389639754E1,2.064207458E-1,3.342249756E0,9.468859406E0
1.390641654E1,1.492396545E-1,3.343147888E0,9.472751312E0
1.391643554E1,1.059796143E-1,3.324287109E0,9.463470612E0
1.392645454E1,1.119671631E-1,3.299139404E0,9.426497498E0
1.393647354E1,1.100212097E-1,3.295696564E0,9.375603333E0
1.394649254E1,1.308279419E-1,3.333418121E0,9.307794342E0
1.395651154E1,1.330732727E-1,3.356919250E0,9.227860565E0
1.396653054E1,1.311273193E-1,3.334316254E0,9.226213989E0
1.397654954E1,1.474433899E-1,3.336411896E0,9.267228699E0
1.398656954E1,1.359173584E-1,3.342100067E0,9.329050140E0
1.399658854E1,1.360670471E-1,3.329975281E0,9.400152283E0
1.400660754E1,1.445993042E-1,3.311713257E0,9.449100494E0
1.401662654E1,1.363664246E-1,3.292403412E0,9.474397888E0
1.402664554E1,1.350192261E-1,3.270249481E0,9.456435242E0
1.403666454E1,1.288819885E-1,3.212769012E0,9.408235474E0
1.404668354E1,8.232879639E-2,3.186423798E0,9.347012787E0
1.405670254E1,6.945556641E-2,3.181484070E0,9.275461578E0
1.406672154E1,7.664062500E-2,3.179987183E0,9.216035156E0
1.407674054E1,1.068777466E-1,3.183729401E0,9.235345001E0
1.408675954E1,1.300794983E-1,3.184627533E0,9.286837921E0
1.409678025E1,1.386117554E-1,3.181035004E0,9.333091736E0
1.410679925E1,1.547781372E-1,3.181484070E0,9.339378662E0
1.411681825E1,1.905537415E-1,3.167563019E0,9.310189362E0
1.412683725E1,2.014810181E-1,3.153492279E0,9.278155975E0
1.413685625E1,2.031275940E-1,3.140319672E0,9.240135040E0
1.414687525E1,2.047741699E-1,3.107088776E0,9.175020447E0
1.415689425E1,1.981878662E-1,3.084485779E0,9.088650055E0
1.416691325E1,2.035766602E-1,3.087479553E0,9.032217407E0
1.417693225E1,2.297721863E-1,3.084186401E0,8.966803436E0
1.418695125E1,2.863545227E-1,3.133284302E0,8.976233826E0
1.419697025E1,3.137475586E-1,3.158581696E0,9.015302582E0
1.420699025E1,2.502795410E-1,3.213517456E0,9.056916046E0
1.421700925E1,2.426454163E-1,3.203338623E0,9.101972351E0
1.422702825E1,2.183958435E-1,3.145259399E0,9.156459045E0
1.423704725E1,1.796264648E-1,3.137924652E0,9.227411499E0
1.424706625E1,1.272354126E-1,3.061284027E0,9.269474030E0
1.425708525E1,6.930587769E-2,3.042123871E0,9.336983643E0
1.426710425E1,6.930587769E-2,3.038980408E0,9.339827728E0
1.427712325E1,6.481521606E-2,3.042273560E0,9.349557495E0
1.428714225E1,6.795867920E-2,3.034190369E0,9.319320374E0
1.429716125E1,6.331832886E-2,2.987487488E0,9.246122589E0
1.430718125E1,5.269042969E-2,2.937341766E0,9.149573364E0
1.431720025E1,4.251159668E-2,2.869832153E0,9.041647797E0
1.432721925E1,2.140548706E-2,2.843486938E0,8.924890594E0
1.433723825E1,2.065704346E-2,2.826422424E0,8.786129150E0
1.434725725E1,2.844085693E-2,2.872376862E0,8.756939850E0
1.435727625E1,5.179229736E-2,2.968926086E0,8.689430237E0
1.436729525E1,8.681945801E-2,3.084186401E0,8.721014557E0
1.437731425E1,1.419049072E-1,3.227288818E0,8.802295532E0
1.438733325E1,6.328839111E-1,3.086282043E0,8.788673859E0
1.439735225E1,-1.872605896E-1,3.594175873E0,9.020391998E0
1.440737125E1,-3.712280273E-2,3.437900848E0,9.082812195E0
1.441739125E1,1.405577087E-1,3.391497345E0,9.267079010E0
1.442741025E1,1.550775146E-1,3.157833252E0,9.286239166E0
1.443742925E1,2.195933533E-1,2.918181610E0,9.087751923E0
1.444744825E1,3.112028503E-1,2.748733978E0,8.935518494E0
1.445746725E1,3.366499329E-1,2.690654755E0,8.776399384E0
1.446748625E1,3.004252625E-1,2.733765106E0,8.641679535E0
1.447750525E1,2.806663513E-1,2.845283203E0,8.616232452E0
1.448752425E1,2.380050659E-1,2.968027954E0,8.708141327E0
1.449754325E1,2.167492676E-1,3.067421265E0,8.807235260E0
1.450756225E1,1.978884888E-1,3.085383911E0,8.965456238E0
1.451758125E1,1.269360352E-1,2.985840912E0,9.096882935E0
1.452760125E1,1.040336609E-1,2.786605225E0,9.148675232E0
1.453762025E1,9.280700684E-2,2.688259735E0,9.072483673E0
1.454763925E1,1.245410156E-1,2.697540436E0,8.872050476E0
1.455765825E1,1.652563477E-1,2.783012695E0,8.620573425E0
1.456767725E1,1.306782532E-1,2.894680481E0,8.415649567E0
1.457769625E1,2.170486450E-2,3.019820251E0,8.239016876E0
1.458771525E1,-6.975494385E-2,3.143762512E0,8.092920685E0
1.459773425E1,1.026864624E-1,3.254981232E0,8.350684662E0
1.460775325E1,-1.556762695E-2,3.603007507E0,7.955057373E0
1.461777225E1,-9.595046997E-2,3.900289307E0,8.046517181E0
1.462779225E1,-1.335223389E-1,4.164190521E0,8.566535797E0
1.463781125E1,-2.329156494E-1,4.184548187E0,8.784183197E0
1.464783025E1,-1.866618347E-1,4.011508026E0,9.072783051E0
1.465784925E1,-2.439926147E-1,4.035158844E0,8.580307159E0
1.466786825E1,-2.847079468E-1,3.916455688E0,8.625662842E0
1.467788725E1,-2.953358459E-1,3.756887512E0,8.510402527E0
1.468790625E1,-1.477427673E-1,3.557651825E0,8.319250031E0
1.469792525E1,2.484832764E-1,3.509302368E0,8.204139404E0
1.470794425E1,2.613565063E-1,3.372337189E0,8.022566986E0
1.471796325E1,2.799179077E-2,2.843636627E0,7.647147675E0
1.472798225E1,7.843688965E-2,2.829565887E0,7.547904053E0
1.473800225E1,2.791694641E-1,3.079845428E0,7.743547211E0
1.474802125E1,3.546125793E-1,2.926863556E0,7.837252350E0
1.475804025E1,3.543132019E-1,2.869083710E0,7.727081451E0
1.476805925E1,3.655398560E-1,2.900368652E0,8.033943329E0
1.477807825E1,4.766088867E-1,3.011737061E0,8.367150421E0
1.478809725E1,4.038601685E-1,3.067570953E0,8.267757111E0
1.479811625E1,3.092568970E-1,3.096760254E0,8.503965912E0
1.480813525E1,1.085243225E-1,3.124452667E0,8.303682404E0
1.481815425E1,-5.119354248E-2,3.463048553E0,7.939789124E0
1.482817325E1,1.481918335E-2,3.596870270E0,7.821684723E0
1.483819325E1,1.667532349E-1,3.662733307E0,7.883057098E0
1.484821225E1,3.281176758E-1,3.756588135E0,7.770341492E0
1.485823125E1,3.743714905E-1,3.613485718E0,7.690108337E0
1.486825025E1,2.570155334E-1,3.517235870E0,7.676187286E0
1.487826925E1,1.889071655E-1,3.487447815E0,7.819738770E0
1.488828825E1,9.011260986E-2,3.388204193E0,7.948620758E0
1.489830725E1,4.819976807E-2,3.295097809E0,8.112829285E0
1.490832625E1,5.718109131E-2,3.266207886E0,8.236172791E0
1.491834525E1,3.996688843E-2,3.200644226E0,8.349487152E0
1.492836425E1,-2.305206299E-2,3.192561035E0,8.381520538E0
1.493838325E1,-7.634124756E-3,3.203787689E0,8.393046570E0
1.494840325E1,4.236190796E-2,3.219355316E0,8.299940186E0
1.495842225E1,7.170089722E-2,3.205284576E0,8.252788239E0
1.496844125E1,4.206253052E-2,3.201542358E0,8.216413879E0
1.497846025E1,-2.350112915E-2,3.161874847E0,8.126450958E0
1.498847925E1,-6.436614990E-2,3.184028778E0,8.108338623E0
1.499849825E1,-1.130149841E-1,3.206033020E0,8.034242706E0
1.500851725E1,-5.688171387E-2,3.267405396E0,8.020171967E0
1.501853625E1,2.305206299E-2,3.327280884E0,8.030799866E0
1.502855525E1,7.858657837E-2,3.362008667E0,8.031847687E0
1.503857425E1,1.574725342E-1,3.381767578E0,8.020920410E0
1.504859425E1,2.148033142E-1,3.387455750E0,8.009544067E0
1.505861325E1,2.326162720E-1,3.359463959E0,8.023165741E0
1.506863225E1,2.312690735E-1,3.362457733E0,8.042325897E0
1.507865125E1,2.085163879E-1,3.317850494E0,8.037086792E0
1.508867025E1,2.154020691E-1,3.217858429E0,7.994874573E0
1.509869200E1,2.213896179E-1,3.168161774E0,7.973618774E0
1.510871100E1,1.790277100E-1,3.151845703E0,7.998018036E0
1.511873000E1,2.088157654E-1,3.115321655E0,8.085286560E0
1.512874900E1,2.252815247E-1,3.101849670E0,8.096213837E0
1.513876800E1,1.963916016E-1,3.164868622E0,8.081244965E0
1.514878700E1,1.673519897E-1,3.163222046E0,8.131240997E0
1.515880700E1,1.225950623E-1,3.152444458E0,8.122559052E0
1.516882600E1,1.480421448E-1,3.171155548E0,8.054151306E0
1.517884500E1,1.472937012E-1,3.180136871E0,8.045020294E0
1.518886400E1,7.484436035E-2,3.218606873E0,8.022117920E0
1.519888300E1,-2.395019531E-2,3.233276367E0,7.948620758E0
1.520890200E1,2.245330811E-3,3.251688080E0,7.867339783E0
1.521892100E1,1.601669312E-2,3.272195435E0,7.870782623E0
1.522894000E1,-1.002914429E-2,3.351380768E0,7.885751495E0
1.523895900E1,1.437011719E-2,3.385958862E0,7.930209045E0
1.524897800E1,2.080673218E-2,3.436703339E0,7.959997101E0
1.525899800E1,4.700225830E-2,3.422333221E0,8.007149048E0
1.526901700E1,2.275268555E-2,3.351829834E0,8.049810333E0
1.527903600E1,6.616241455E-2,3.325035553E0,8.056845703E0
1.528905500E1,2.155517578E-2,3.325185242E0,8.155789948E0
1.529907400E1,3.562591553E-2,3.270698547E0,8.218659210E0
1.530909300E1,8.622070312E-2,3.199596405E0,8.174800415E0
1.531911200E1,9.789642334E-2,3.152594147E0,8.162226562E0
1.532913100E1,7.155120850E-2,3.114722900E0,8.187374268E0
1.533915000E1,7.319778442E-2,3.071911926E0,8.166717224E0
1.534916900E1,6.960525513E-2,3.051853638E0,8.142018585E0
1.535918800E1,1.152603149E-1,3.073558502E0,8.134683838E0
1.536920800E1,1.383123779E-1,3.078647919E0,8.134384460E0
1.537922700E1,1.407073975E-1,3.075504456E0,8.100105743E0
1.538924600E1,1.540296936E-1,3.147205353E0,8.076005859E0
1.539926500E1,1.639091492E-1,3.174448700E0,8.055498505E0
1.540928400E1,1.601669312E-1,3.221450958E0,8.023315430E0
1.541930300E1,1.793270874E-1,3.232527924E0,7.993078308E0
1.542932200E1,1.996847534E-1,3.269051971E0,7.988437958E0
1.543934100E1,2.076182556E-1,3.327879639E0,8.006999359E0
1.544936000E1,2.163002014E-1,3.367098083E0,8.057743835E0
1.545937900E1,2.101629639E-1,3.369493103E0,8.068222046E0
1.546939800E1,1.615141296E-1,3.358116760E0,8.121810608E0
1.547941800E1,1.505868530E-1,3.368744659E0,8.142018585E0
1.548943700E1,1.248403931E-1,3.360212402E0,8.179590454E0
1.549945600E1,1.098715210E-1,3.323987732E0,8.155191193E0
1.550947500E1,1.206491089E-1,3.280877380E0,8.209977264E0
1.551949400E1,6.780899048E-2,3.268153839E0,8.204139404E0
1.552951300E1,1.586700439E-2,3.246898041E0,8.235424347E0
1.553953200E1,8.831634521E-3,3.207529907E0,8.247998199E0
1.554955100E1,-5.089416504E-3,3.172053680E0,8.250991974E0
1.555957000E1,-2.859054565E-2,3.156486053E0,8.265661469E0
1.556958900E1,-5.448669434E-2,3.153492279E0,8.294102325E0
1.557960900E1,-5.089416504E-2,3.177143097E0,8.261320496E0
1.558962800E1,-4.340972900E-2,3.192860413E0,8.197104034E0
1.559964700E1,-7.484436035E-4,3.227887573E0,8.146658936E0
1.560966600E1,5.478607178E-2,3.268752594E0,8.152796173E0
1.561968500E1,8.158035278E-2,3.318299561E0,8.158334656E0
1.562970400E1,1.052311707E-1,3.334765320E0,8.147856445E0
1.563972300E1,1.161584473E-1,3.385659485E0,8.096213837E0
1.564974200E1,1.547781372E-1,3.455713806E0,8.048313446E0
1.565976100E1,1.972897339E-1,3.510499878E0,8.019124146E0
1.566978000E1,2.386038208E-1,3.594026184E0,7.990383911E0
1.567979900E1,2.532733154E-1,3.673211517E0,7.923772430E0
1.568981900E1,2.312690735E-1,3.721261597E0,7.876321106E0
1.569983800E1,2.303709412E-1,3.749552765E0,7.808961182E0
1.570985700E1,3.261717224E-1,3.791764984E0,7.699688416E0
1.571987600E1,4.053570557E-1,3.880829773E0,7.555538177E0
1.572989500E1,7.394622803E-2,4.174968109E0,7.633226624E0
1.573991400E1,1.733395386E-1,4.323159943E0,7.679031372E0
1.574993300E1,1.778302002E-1,4.527784424E0,7.793543243E0
1.575995200E1,1.493893433E-1,4.591402130E0,7.953710175E0
1.576997100E1,1.237925720E-1,4.541406097E0,8.094866638E0
1.577999000E1,1.639091492E-1,4.363426208E0,8.174351349E0
1.579000900E1,1.484912109E-1,4.190236359E0,8.118367767E0
1.580002900E1,1.228944397E-1,3.999233551E0,8.091872864E0
1.581004800E1,1.058299255E-1,3.842359772E0,8.007897491E0
1.582006700E1,8.322692871E-2,3.724554749E0,7.930957489E0
1.583008600E1,5.478607178E-2,3.725452881E0,7.854466553E0
1.584010500E1,4.984634399E-2,3.779041443E0,7.772137756E0
1.585012400E1,6.721023560E-2,3.867058411E0,7.704777832E0
1.586014300E1,9.340576172E-2,3.981570282E0,7.724836121E0
1.587016200E1,1.007405090E-1,4.083657990E0,7.774682465E0
1.588018100E1,1.197509766E-1,4.135599976E0,7.846533051E0
1.589020000E1,1.528321838E-1,4.175417175E0,7.911048889E0
1.590022000E1,1.962419128E-1,4.194277954E0,7.968379669E0
1.591023900E1,2.315684509E-1,4.197271729E0,8.037236481E0
1.592025800E1,2.475851440E-1,4.193529510E0,8.076604614E0
1.593027700E1,2.498304749E-1,4.163741455E0,8.116122437E0
1.594029600E1,2.495310974E-1,4.159550171E0,8.175548859E0
1.595031500E1,2.520758057E-1,4.179009705E0,8.233777771E0
1.596033400E1,2.100132751E-1,4.189338226E0,8.279133453E0
1.597035300E1,2.112107849E-1,4.205354919E0,8.291258240E0
1.598037200E1,2.074685669E-1,4.166884918E0,8.327333221E0
1.599039100E1,1.960922241E-1,4.111949158E0,8.409811707E0
1.600041000E1,1.757345581E-1,4.049379272E0,8.497379608E0
1.601043000E1,1.501377869E-1,3.979474640E0,8.527616730E0
1.602044900E1,1.342707825E-1,3.894451447E0,8.593928833E0
1.603046800E1,1.193019104E-1,3.841162262E0,8.642877045E0
1.604048700E1,1.197509766E-1,3.809877319E0,8.634793854E0
1.605050600E1,1.351689148E-1,3.807631989E0,8.599317627E0
1.606052500E1,1.540296936E-1,3.843856659E0,8.522976379E0
1.607054400E1,1.663041687E-1,3.911216583E0,8.466244354E0
1.608056300E1,1.469943237E-1,3.963757324E0,8.422086182E0
1.609058200E1,1.222956848E-1,4.017944641E0,8.383765869E0
1.610059737E1,9.265731812E-2,4.095633087E0,8.320597229E0
1.611061738E1,8.741821289E-2,4.169729004E0,8.320746918E0
1.612063637E1,7.903564453E-2,4.238286438E0,8.365204468E0
1.613065537E1,7.873626709E-2,4.314477997E0,8.446036377E0
1.614067437E1,1.161584473E-1,4.365821228E0,8.557105408E0
1.615069337E1,1.510359192E-1,4.399800568E0,8.669072571E0
1.616071237E1,1.384620667E-1,4.417613525E0,8.750652924E0
1.617073137E1,1.580712891E-1,4.391567688E0,8.749305725E0
1.618075037E1,1.811233521E-1,4.328698425E0,8.647218018E0
1.619076937E1,1.681004333E-1,4.292024689E0,8.505163422E0
1.620078837E1,1.305285645E-1,4.282294922E0,8.341254272E0
1.621080737E1,1.097218323E-1,4.280199280E0,8.182733917E0
1.622082737E1,1.359173584E-1,4.320465546E0,8.085735626E0
1.623084637E1,1.517843628E-1,4.450694733E0,8.042176208E0
1.624086537E1,1.887574768E-1,4.626279602E0,8.009544067E0
1.625088437E1,2.291734314E-1,4.681814117E0,8.048313446E0
1.626090337E1,2.685415649E-1,4.882397003E0,8.121660919E0
1.627092237E1,3.332070923E-1,5.054688721E0,8.277337189E0
1.628094137E1,3.598516846E-1,5.146447906E0,8.583001556E0
1.629096037E1,3.156935120E-1,5.064568176E0,8.876690826E0
1.630097937E1,2.240840149E-1,4.939727783E0,9.089248810E0
1.631099838E1,1.567240906E-1,4.740941162E0,9.234147491E0
1.632101737E1,1.034349060E-1,4.520599365E0,9.332792358E0
1.633103737E1,1.341210938E-1,4.293521576E0,9.336384888E0
1.634105637E1,1.181044006E-1,4.107608185E0,9.218579865E0
1.635107537E1,1.639091492E-1,3.984114990E0,9.060209198E0
1.636109437E1,1.989363098E-1,3.995191956E0,8.925339661E0
1.637111338E1,2.243833923E-1,4.108805695E0,8.808133392E0
1.638113237E1,2.309696960E-1,4.282145233E0,8.745713196E0
1.639115137E1,2.016307068E-1,4.449646912E0,8.788673859E0
1.640117038E1,1.311273193E-1,4.539759521E0,8.855285339E0
1.641118937E1,8.412506104E-2,4.547842712E0,8.978179779E0
1.642120837E1,7.813751221E-2,4.508773956E0,9.082213440E0
1.643122838E1,7.379653931E-2,4.475093994E0,9.158704376E0
1.644124737E1,4.745132446E-2,4.468358002E0,9.223519592E0
1.645126637E1,3.397933960E-2,4.450395355E0,9.222322083E0
1.646128538E1,4.730163574E-2,4.491559753E0,9.163045349E0
1.647130437E1,5.897735596E-2,4.594844971E0,9.095236359E0
1.648132337E1,7.259902954E-2,4.704566803E0,9.043144684E0
1.649134237E1,6.496490479E-2,4.820725250E0,8.973838806E0
1.650136137E1,1.471440125E-1,4.914879456E0,8.920998688E0
1.651138037E1,1.886077881E-1,4.854105835E0,8.932075653E0
1.652139937E1,1.924996948E-1,4.731361084E0,8.991502075E0
1.653141837E1,2.293231201E-1,4.608466644E0,9.081015930E0
1.654143837E1,2.411485291E-1,4.536765747E0,9.208999786E0
1.655145737E1,2.312690735E-1,4.441114655E0,9.348060608E0
1.656147637E1,2.261796570E-1,4.399052124E0,9.449549561E0
1.657149537E1,2.609074402E-1,4.415517883E0,9.548493805E0
1.658151437E1,2.897973633E-1,4.372407532E0,9.596394196E0
1.659153337E1,2.742297363E-1,4.346661072E0,9.549691315E0
1.660155237E1,2.627037048E-1,4.300407257E0,9.494306488E0
1.661157137E1,2.456391907E-1,4.318070526E0,9.472901001E0
1.662159037E1,2.704875183E-1,4.529580688E0,9.450148315E0
1.663160937E1,2.537223816E-1,4.607718201E0,9.449100494E0
1.664162937E1,1.916015625E-1,4.588558044E0,9.519304504E0
1.665164837E1,2.308200073E-1,4.588258667E0,9.558073883E0
1.666166737E1,2.537223816E-1,4.553530884E0,9.526489563E0
1.667168637E1,2.365081787E-1,4.519701233E0,9.493258667E0
1.668170537E1,1.983375549E-1,4.541406097E0,9.475894775E0
1.669172437E1,2.177970886E-1,4.612508240E0,9.434131622E0
1.670174337E1,1.760339355E-1,4.640799408E0,9.411678314E0
1.671176237E1,1.517843628E-1,4.712200928E0,9.389075317E0
1.672178138E1,1.478924561E-1,4.812642059E0,9.408385162E0
1.673180037E1,1.064286804E-1,4.805457001E0,9.433083801E0
1.674181937E1,8.532257080E-2,4.697381744E0,9.485923920E0
1.675183937E1,1.116677856E-1,4.601131897E0,9.516161041E0
1.676185837E1,1.435514832E-1,4.638105011E0,9.616901550E0
1.677187737E1,1.450483704E-1,4.578229523E0,9.740245056E0
1.678189638E1,1.052311707E-1,4.571343842E0,9.855804749E0
1.679191537E1,1.582209778E-1,4.602329407E0,9.914333038E0
1.680193437E1,1.743873596E-1,4.472549286E0,9.957443390E0
1.681195337E1,1.339714050E-1,4.366869049E0,9.992919617E0
1.682197237E1,1.181044006E-1,4.358486481E0,9.941726074E0
1.683199137E1,1.507365417E-1,4.402045898E0,9.857151947E0
1.684201037E1,1.603166199E-1,4.487218781E0,9.770781555E0
1.685203037E1,1.992356873E-1,4.571643219E0,9.681118011E0
1.686204937E1,2.592608643E-1,4.643793182E0,9.595196686E0
1.687206837E1,3.135978699E-1,4.689747620E0,9.518256683E0
1.688208737E1,3.228785706E-1,4.738246765E0,9.450597382E0
1.689210637E1,3.439846802E-1,4.820126495E0,9.367220764E0
1.690212537E1,3.701802063E-1,4.945266266E0,9.346264343E0
1.691214437E1,3.659889221E-1,5.096451874E0,9.343719635E0
1.692216337E1,3.372486877E-1,5.194647675E0,9.402996368E0
1.693218237E1,3.128494263E-1,5.190755768E0,9.535919952E0
1.694220137E1,2.737806702E-1,5.190007324E0,9.698032837E0
1.695222037E1,2.234852600E-1,5.189707947E0,9.842033386E0
1.696224037E1,2.255809021E-1,5.084925842E0,9.993967438E0
1.697225937E1,2.591111755E-1,4.906796265E0,1.008931915E1
1.698227837E1,3.053649902E-1,4.694387970E0,1.006551865E1
1.699229737E1,3.273692322E-1,4.482578430E0,9.963131561E0
1.700231637E1,3.306623840E-1,4.374802551E0,9.804012451E0
1.701233537E1,3.088078308E-1,4.351451111E0,9.632918243E0
1.702235437E1,2.300715637E-1,4.419858856E0,9.528734894E0
1.703237337E1,2.121089172E-1,4.610262909E0,9.347012787E0
1.704239237E1,2.195933533E-1,4.753814392E0,9.401948547E0
1.705241137E1,1.944456482E-1,4.838987274E0,9.503287811E0
1.706243037E1,1.243913269E-1,4.990472260E0,9.596693573E0
1.707245037E1,9.310638428E-2,5.045108643E0,9.726773071E0
1.708246937E1,1.065783691E-1,5.049150238E0,9.849368134E0
1.709248837E1,1.549278259E-1,5.064119110E0,9.932744751E0
1.710251179E1,1.812730408E-1,5.046455841E0,9.973011017E0
1.711253079E1,1.898052979E-1,5.020260315E0,9.918674011E0
1.712254979E1,2.139051819E-1,5.018763428E0,9.870025177E0
1.713256879E1,2.336640930E-1,5.049449615E0,9.839039612E0
1.714258779E1,2.872526550E-1,4.975353699E0,9.727970581E0
1.715260679E1,3.469784546E-1,4.890031128E0,9.612111511E0
1.716262579E1,4.147874451E-1,4.845872955E0,9.553732910E0
1.717264579E1,4.421804810E-1,4.812941437E0,9.550290070E0
1.718266479E1,4.682263184E-1,4.814887390E0,9.607022095E0
1.719268379E1,4.604425049E-1,4.877157898E0,9.672585754E0
1.720270279E1,4.182302856E-1,4.978946228E0,9.737999725E0
1.721272179E1,3.713777161E-1,5.075046387E0,9.778864746E0
1.722274079E1,3.481759644E-1,5.138963470E0,9.749675446E0
1.723275979E1,3.385958862E-1,5.202431488E0,9.654323730E0
1.724277879E1,3.366499329E-1,5.213358765E0,9.522298279E0
1.725279779E1,3.266207886E-1,5.191803589E0,9.303902435E0
1.726281679E1,3.168910217E-1,5.187612305E0,9.142837372E0
1.727283679E1,3.022215271E-1,5.215604095E0,9.045839081E0
1.728285579E1,2.950364685E-1,5.436544647E0,8.945098572E0
1.729287479E1,2.628533936E-1,5.635780334E0,9.026080170E0
1.730289379E1,2.525248718E-1,5.855074310E0,9.204808502E0
1.731291279E1,2.065704346E-1,6.060746613E0,9.400900726E0
1.732293179E1,1.375639343E-1,6.048023071E0,9.711355133E0
1.733295079E1,1.219963074E-1,5.877976685E0,9.823322296E0
1.734296979E1,1.055305481E-1,5.623805237E0,9.820777588E0
1.735298879E1,5.298980713E-2,5.272934875E0,9.864935760E0
1.736300779E1,2.200424194E-2,5.006189575E0,9.834998016E0
1.737302779E1,8.517288208E-2,4.835245056E0,9.760003967E0
1.738304679E1,2.171983337E-1,4.741539917E0,9.664801941E0
1.739306579E1,2.724334717E-1,4.671934662E0,9.573491821E0
1.740308479E1,3.197351074E-1,4.738995209E0,9.445507965E0
1.741310379E1,3.456312561E-1,4.875810699E0,9.307195587E0
1.742312279E1,3.737727356E-1,5.032834167E0,9.263785858E0
1.743314179E1,3.980223083E-1,5.172942810E0,9.267827454E0
1.744316079E1,3.939807129E-1,5.270240479E0,9.312584381E0
1.745317979E1,3.785627747E-1,5.373525696E0,9.376950531E0
1.746319879E1,3.628454590E-1,5.464835815E0,9.421557770E0
1.747321879E1,3.224295044E-1,5.514083405E0,9.480984192E0
1.748323779E1,3.065625000E-1,5.590274963E0,9.542506256E0
1.749325679E1,3.113525391E-1,5.629643097E0,9.577383728E0
1.750327579E1,3.068618774E-1,5.613476715E0,9.602232056E0
1.751329479E1,3.014730835E-1,5.549110565E0,9.586514740E0
1.752331379E1,3.465293884E-1,5.489833832E0,9.566456451E0
1.753333279E1,4.019142151E-1,5.437442780E0,9.519454193E0
1.754335179E1,4.234693909E-1,5.332211609E0,9.459129639E0
1.755337079E1,4.246669006E-1,5.222938843E0,9.429042206E0
1.756338979E1,3.984713745E-1,5.161416779E0,9.410780182E0
1.757340879E1,3.811074829E-1,5.175038452E0,9.373657379E0
1.758342879E1,3.213816833E-1,5.229076080E0,9.368717651E0
1.759344779E1,2.778222656E-1,5.302273865E0,9.381590881E0
1.760346679E1,2.273771667E-1,5.383854218E0,9.412576447E0
1.761348579E1,9.969268799E-2,5.444478149E0,9.385183411E0
1.762350479E1,6.870712280E-2,5.469925232E0,9.412426758E0
1.763352379E1,1.829196167E-1,5.488786011E0,9.417516174E0
1.764354279E1,2.516267395E-1,5.452112274E0,9.446555786E0
1.765356179E1,3.195854187E-1,5.430257721E0,9.438921661E0
1.766358079E1,3.517684937E-1,5.353317719E0,9.439370728E0
1.767359979E1,2.600093079E-1,5.270090790E0,9.414522400E0
1.768361979E1,2.338137817E-1,5.247787170E0,9.437873840E0
1.769363879E1,2.035766602E-1,5.221741333E0,9.425000610E0
1.770365779E1,1.892065430E-1,5.238805847E0,9.344168701E0
1.771367679E1,1.434017944E-1,5.232369232E0,9.332792358E0
1.772369579E1,2.371069336E-1,5.207820282E0,9.274862823E0
1.773371479E1,2.442919922E-1,5.295088806E0,9.204209747E0
1.774373379E1,2.191442871E-1,5.399571533E0,9.263037415E0
1.775375279E1,2.715353394E-1,5.467829590E0,9.349407806E0
1.776377179E1,3.170407104E-1,5.502557373E0,9.381590881E0
1.777379079E1,3.089575195E-1,5.470523987E0,9.417665863E0
1.778381079E1,2.692900085E-1,5.395380249E0,9.439670105E0
1.779382979E1,2.612068176E-1,5.341941376E0,9.439370728E0
1.780384879E1,4.108955383E-1,5.501808929E0,9.310039673E0
1.781386779E1,1.598675537E-1,5.076393585E0,9.521699524E0
1.782388679E1,2.981799316E-1,5.156177673E0,9.407337341E0
1.783390579E1,3.912863159E-1,5.268294525E0,9.270521851E0
1.784392479E1,4.779560852E-1,5.315147095E0,9.121880951E0
1.785394379E1,2.136058044E-1,4.975503387E0,9.403445435E0
1.786396279E1,2.468367004E-1,5.022206268E0,9.200018463E0
1.787398179E1,3.231779480E-1,5.090164948E0,9.119934998E0
1.788400179E1,3.161425781E-1,5.101241913E0,9.258397064E0
1.789402079E1,2.878514099E-1,5.199737091E0,9.367819519E0
1.790403979E1,2.679428101E-1,5.231770477E0,9.452393646E0
1.791405879E1,3.248245239E-1,5.271288300E0,9.517208862E0
1.792407779E1,2.656974792E-1,5.261109467E0,9.558972015E0
1.793409679E1,1.700463867E-1,5.234015808E0,9.486522675E0
1.794411579E1,1.200503540E-1,5.263354797E0,9.346863098E0
1.795413479E1,9.205856323E-2,5.269641724E0,9.211394806E0
1.796415379E1,2.007325745E-1,5.130131836E0,9.358688507E0
1.797417279E1,1.200503540E-1,5.155429230E0,9.091494141E0
1.798419279E1,1.396595764E-1,5.142855377E0,9.012009430E0
1.799421179E1,1.245410156E-1,5.140909424E0,9.058412933E0
1.800423079E1,1.068777466E-1,5.157973938E0,9.142088928E0
1.801424979E1,7.918533325E-2,5.187612305E0,9.312285004E0
1.802426879E1,9.819580078E-2,5.220693512E0,9.438322906E0
1.803428779E1,1.139131165E-1,5.129832458E0,9.470955048E0
1.804430679E1,1.303788757E-1,5.109175415E0,9.458830261E0
1.805432579E1,4.213737488E-1,5.387746124E0,9.182804260E0
1.806434479E1,1.043330383E-1,4.949307861E0,9.498647461E0
1.807436379E1,8.592132568E-2,4.997657318E0,9.292526093E0
1.808438379E1,2.992277527E-1,4.881049805E0,9.606872406E0
1.809440279E1,1.047821045E-1,4.642895050E0,9.619595947E0
1.810441800E1,2.031275940E-1,4.601880341E0,9.425000610E0
1.811443700E1,3.035687256E-1,4.582720184E0,9.348359985E0
1.812445600E1,3.345542908E-1,4.550537109E0,9.352551270E0
1.813447500E1,3.161425781E-1,4.617597656E0,9.337732086E0
1.814449400E1,3.279679871E-1,4.733756104E0,9.378447418E0
1.815451300E1,3.643423462E-1,4.825964355E0,9.465266876E0
1.816453200E1,3.439846802E-1,4.815336456E0,9.532028046E0
1.817455100E1,2.472857666E-1,4.803960114E0,9.589658203E0
1.818457100E1,2.740800476E-1,4.794080658E0,9.615853729E0
1.819459000E1,4.529580688E-1,4.927153931E0,9.378148041E0
1.820460900E1,-6.137237549E-3,4.401746521E0,9.945168915E0
1.821462800E1,-7.170089722E-2,4.389621735E0,9.666149139E0
1.822464700E1,1.962419128E-1,4.473896484E0,9.402098236E0
1.823466600E1,3.312611389E-1,4.368216248E0,9.441316681E0
1.824468500E1,1.354682922E-1,4.305346985E0,9.387129364E0
1.825470400E1,2.850073242E-1,4.538412323E0,9.131461029E0
1.826472300E1,2.525248718E-1,4.609364777E0,9.154812469E0
1.827474200E1,2.260299683E-1,4.612059174E0,9.160500641E0
1.828476200E1,1.835183716E-1,4.673431549E0,9.195527802E0
1.829478100E1,1.112187195E-1,4.816533966E0,9.246871033E0
1.830480000E1,9.101074219E-2,4.896318054E0,9.401200104E0
1.831481900E1,1.034349060E-1,4.878654785E0,9.528136139E0
1.832483800E1,1.161584473E-1,4.808450775E0,9.619296570E0
1.833485700E1,1.070274353E-1,4.700525208E0,9.659113770E0
1.834487600E1,1.128652954E-1,4.588408356E0,9.596543884E0
1.835489500E1,1.005908203E-1,4.530628510E0,9.514215088E0
1.836491400E1,1.478924561E-1,4.496649170E0,9.378148041E0
1.837493300E1,1.926493835E-1,4.475543060E0,9.237440643E0
1.838495300E1,2.122586060E-1,4.449796600E0,9.141490173E0
1.839497200E1,2.236349487E-1,4.444557495E0,9.106013947E0
1.840499100E1,2.653981018E-1,4.467908936E0,9.126670990E0
1.841501000E1,2.761756897E-1,4.486470337E0,9.156159668E0
1.842502900E1,2.415975952E-1,4.524042206E0,9.212592316E0
1.843504800E1,1.920506287E-1,4.567751312E0,9.303752747E0
1.844506700E1,1.502874756E-1,4.626728668E0,9.366172943E0
1.845508600E1,1.568737793E-1,4.645589447E0,9.408684540E0
1.846510500E1,2.167492676E-1,4.628225555E0,9.401349792E0
1.847512400E1,2.932402039E-1,4.596491547E0,9.379345551E0
1.848514400E1,3.056643677E-1,4.546046448E0,9.323960724E0
1.849516300E1,3.058140564E-1,4.526437225E0,9.254654846E0
1.850518200E1,3.477268982E-1,4.499343567E0,9.181307373E0
1.851520100E1,3.101550293E-1,4.492757263E0,9.106313324E0
1.852522000E1,2.402503967E-1,4.509073334E0,9.098828888E0
1.853523900E1,2.332150269E-1,4.527335358E0,9.136999512E0
1.854525800E1,2.195933533E-1,4.543352051E0,9.190737762E0
1.855527700E1,1.963916016E-1,4.521048431E0,9.275760956E0
1.856529600E1,1.588197327E-1,4.515060883E0,9.308692474E0
1.857531600E1,1.209484863E-1,4.504283295E0,9.321565704E0
1.858533500E1,1.407073975E-1,4.470603333E0,9.318122864E0
1.859535400E1,1.859133911E-1,4.458478546E0,9.301357727E0
1.860537300E1,2.634521484E-1,4.429438934E0,9.266629944E0
1.861539200E1,2.826123047E-1,4.402944031E0,9.210945740E0
1.862541100E1,2.782713318E-1,4.401896210E0,9.178463287E0
1.863543000E1,2.625540161E-1,4.442611542E0,9.206455078E0
1.864544900E1,2.294728088E-1,4.486919403E0,9.182804260E0
1.865546800E1,2.064207458E-1,4.540807343E0,9.186995544E0
1.866548700E1,2.294728088E-1,4.551884308E0,9.208700409E0
1.867550700E1,2.365081787E-1,4.575684814E0,9.179511108E0
1.868552600E1,2.109114075E-1,4.595892792E0,9.137897644E0
1.869554500E1,2.134561157E-1,4.594395905E0,9.151519318E0
1.870556400E1,2.185455322E-1,4.588408356E0,9.159752197E0
1.871558300E1,2.242337036E-1,4.571792908E0,9.181157684E0
1.872560200E1,2.180964661E-1,4.543651428E0,9.163943481E0
1.873562100E1,2.466870117E-1,4.496499481E0,9.161099396E0
1.874564000E1,2.508782959E-1,4.483925629E0,9.181606750E0
1.875565900E1,2.517764282E-1,4.487817535E0,9.197174377E0
1.876567800E1,2.736309814E-1,4.489314423E0,9.224866791E0
1.877569800E1,2.757266235E-1,4.470453644E0,9.271120605E0
1.878571700E1,2.529739380E-1,4.435725861E0,9.264534302E0
1.879573600E1,2.378553772E-1,4.427343292E0,9.271719360E0
1.880575500E1,2.179467773E-1,4.439767456E0,9.288634186E0
1.881577400E1,2.278262329E-1,4.454137573E0,9.291478271E0
1.882579300E1,2.191442871E-1,4.447850647E0,9.277706909E0
1.883581200E1,1.962419128E-1,4.441713409E0,9.226513367E0
1.884583100E1,2.299218750E-1,4.472698975E0,9.196725311E0
1.885585000E1,2.186952209E-1,4.496200104E0,9.195976868E0
1.886586900E1,1.829196167E-1,4.522545319E0,9.173074493E0
1.887588900E1,1.576222229E-1,4.508324890E0,9.161847839E0
1.888590800E1,1.586700439E-1,4.528233490E0,9.152716827E0
1.889592700E1,1.377136230E-1,4.578229523E0,9.181606750E0
1.890594600E1,1.745370483E-1,4.647685089E0,9.172475739E0
1.891596500E1,2.025288391E-1,4.652624817E0,9.196425934E0
1.892598400E1,1.919009399E-1,4.647685089E0,9.216334534E0
1.893600300E1,1.691482544E-1,4.619992676E0,9.216633911E0
1.894602200E1,1.701960754E-1,4.583768005E0,9.190139008E0
1.895604100E1,1.532812500E-1,4.545298004E0,9.170978851E0
1.896606000E1,1.437011719E-1,4.534819794E0,9.134305115E0
1.897608000E1,1.398092651E-1,4.559668121E0,9.148824921E0
1.898609900E1,1.447489929E-1,4.591551819E0,9.163793793E0
1.899611800E1,1.685494995E-1,4.592899017E0,9.222471771E0
1.900613700E1,1.878593445E-1,4.563260651E0,9.284442902E0
1.901615600E1,2.284249878E-1,4.511468353E0,9.306596832E0
1.902617500E1,2.261796570E-1,4.479734344E0,9.280550995E0
1.903619400E1,2.441423035E-1,4.442162476E0,9.310339050E0
1.904621300E1,2.877017212E-1,4.471052399E0,9.303453369E0
1.905623200E1,2.505789185E-1,4.499044189E0,9.367071075E0
1.906625100E1,2.659968567E-1,4.524940338E0,9.373657379E0
1.907627100E1,2.909948730E-1,4.567601624E0,9.342971191E0
1.908629000E1,2.966830444E-1,4.563859406E0,9.344318390E0
1.909630900E1,3.137475586E-1,4.562661896E0,9.326355743E0
1.910632750E1,3.282673645E-1,4.551435242E0,9.250313873E0
1.911634650E1,3.399430847E-1,4.577930145E0,9.228159943E0
1.912636550E1,3.592529297E-1,4.557422791E0,9.168434143E0
1.913638450E1,3.933819580E-1,4.523593140E0,9.169182587E0
1.914640350E1,3.909869385E-1,4.561464386E0,9.181457062E0
1.915642250E1,3.849993896E-1,4.584666138E0,9.247918854E0
1.916644250E1,3.453318787E-1,4.593647461E0,9.318571930E0
1.917646150E1,2.856060791E-1,4.610262909E0,9.337432709E0
1.918648050E1,2.371069336E-1,4.632117462E0,9.361981659E0
1.919649950E1,2.122586060E-1,4.648882599E0,9.380393372E0
1.920651850E1,2.100132751E-1,4.639751587E0,9.412726135E0
1.921653750E1,1.842668152E-1,4.632566528E0,9.453740845E0
1.922655650E1,1.489402771E-1,4.619094543E0,9.436975708E0
1.923657550E1,1.381626892E-1,4.611460419E0,9.421258392E0
1.924659450E1,1.016386414E-1,4.644242249E0,9.426198120E0
1.925661350E1,9.789642334E-2,4.662653961E0,9.437873840E0
1.926663350E1,1.052311707E-1,4.660708008E0,9.425599365E0
1.927665250E1,1.028361511E-1,4.668342133E0,9.428742828E0
1.928667150E1,1.341210938E-1,4.686454468E0,9.446855164E0
1.929669050E1,1.368154907E-1,4.697232056E0,9.451794891E0
1.930670950E1,1.652563477E-1,4.667593689E0,9.450148315E0
1.931672850E1,1.904040527E-1,4.626878357E0,9.414821777E0
1.932674750E1,2.351609802E-1,4.652325439E0,9.408983917E0
1.933676650E1,2.974314880E-1,4.668940887E0,9.425000610E0
1.934678550E1,3.552113342E-1,4.694238281E0,9.401649170E0
1.935680450E1,3.896397400E-1,4.755161591E0,9.398954773E0
1.936682450E1,4.155358887E-1,4.762047272E0,9.417216797E0
1.937684350E1,4.556524658E-1,4.767735443E0,9.427994385E0
1.938686250E1,4.821473694E-1,4.758005676E0,9.470356293E0
1.939688150E1,5.123844910E-1,4.731361084E0,9.531578979E0
1.940690050E1,4.888833618E-1,4.691693573E0,9.556876373E0
1.941691950E1,4.263134766E-1,4.697980499E0,9.536219330E0
1.942693850E1,4.095483398E-1,4.702171783E0,9.573641510E0
1.943695750E1,3.989204407E-1,4.729564819E0,9.574240265E0
1.944697650E1,3.510200500E-1,4.731660461E0,9.563163300E0
1.945699550E1,3.257226562E-1,4.714745636E0,9.549092560E0
1.946701550E1,3.103047180E-1,4.734953613E0,9.554032288E0
1.947703450E1,2.496807861E-1,4.777016144E0,9.582173767E0
1.948705350E1,1.898052979E-1,4.837789764E0,9.616302795E0
1.949707250E1,1.836680603E-1,4.860243073E0,9.636959839E0
1.950709150E1,1.736389160E-1,4.836592255E0,9.585017853E0
1.951711050E1,1.727407837E-1,4.825515289E0,9.553433533E0
1.952712950E1,1.908531189E-1,4.860243073E0,9.559421082E0
1.953714850E1,2.161505127E-1,4.916825409E0,9.576485596E0
1.954716750E1,2.073188782E-1,4.977449341E0,9.645941162E0
1.955718750E1,1.800755310E-1,5.055287476E0,9.885143738E0
1.956720650E1,1.481918335E-1,5.032834167E0,1.014650024E1
1.957722550E1,1.496887207E-1,4.947661285E0,1.031310379E1
1.958724450E1,1.628613281E-1,4.774920502E0,1.039438477E1
1.959726350E1,1.971400452E-1,4.590653687E0,1.039498352E1
1.960728250E1,2.480342102E-1,4.400399323E0,1.042956161E1
1.961730150E1,5.682183838E-1,4.491260376E0,1.027433441E1
1.962732050E1,3.308120728E-1,3.743864594E0,1.076501404E1
1.963733950E1,1.939965820E-1,3.251688080E0,1.072744217E1
1.964735950E1,3.035687256E-1,3.160527649E0,1.066562073E1
1.965737850E1,2.890489197E-1,3.026406555E0,1.035441788E1
1.966739750E1,3.912863159E-1,2.611469421E0,1.104747665E1
1.967741650E1,2.856060791E-1,2.128124542E0,1.093640762E1
1.968743550E1,3.727249146E-1,1.888472900E0,1.022628433E1
1.969745450E1,4.264631653E-1,2.377356262E0,9.821376343E0
1.970747350E1,3.281176758E-1,2.928210754E0,1.033840118E1
1.971749250E1,3.164419556E-1,3.755390625E0,1.086889801E1
1.972751150E1,2.779719543E-1,4.709356842E0,1.111902786E1
1.973753050E1,4.379891968E-1,5.594017181E0,1.120420074E1
1.974755050E1,5.096900940E-1,5.880521393E0,1.122560623E1
1.975756950E1,4.637356567E-1,5.770051117E0,1.099119370E1
1.976758850E1,2.227368164E-1,5.368136902E0,1.080917221E1
1.977760750E1,1.537303162E-1,5.097948761E0,1.052880524E1
1.978762650E1,1.901046753E-1,4.976251831E0,1.019395157E1
1.979764550E1,2.517764282E-1,4.920118561E0,9.918224945E0
1.980766450E1,3.761677551E-1,4.927602997E0,9.851763153E0
1.981768350E1,4.448748779E-1,5.013823700E0,9.926757202E0
1.982770250E1,3.317102051E-1,5.013674011E0,1.011416748E1
1.983772150E1,2.315684509E-1,4.878355408E0,1.034004776E1
1.984774150E1,1.766326904E-1,4.642895050E0,1.054407349E1
1.985776050E1,1.942959595E-1,4.384682007E0,1.060364960E1
1.986777950E1,2.203417969E-1,4.188589783E0,1.068088898E1
1.987779850E1,2.113604736E-1,4.096231842E0,1.071516769E1
1.988781750E1,1.844165039E-1,4.086801453E0,1.070903046E1
1.989783650E1,1.658551025E-1,4.190835114E0,1.063433578E1
1.990785550E1,1.550775146E-1,4.370162201E0,1.051114197E1
1.991787450E1,1.543290710E-1,4.542304230E0,1.034603531E1
1.992789350E1,1.615141296E-1,4.696184235E0,1.017149826E1
1.993791250E1,2.052232361E-1,4.806654510E0,1.001462448E1
1.994793250E1,2.826123047E-1,4.895719299E0,1.000279907E1
1.995795150E1,3.589535522E-1,4.955594788E0,1.002600082E1
1.996797050E1,3.731739807E-1,5.053491211E0,1.016551071E1
1.997798950E1,3.613485718E-1,5.111271057E0,1.041114990E1
1.998800850E1,6.605763245E-1,5.176984406E0,1.054137909E1
1.999802750E1,4.303550720E-1,5.194198608E0,1.074001602E1
2.000804650E1,1.477427673E-1,5.308560791E0,1.101708984E1
2.001806550E1,2.207908630E-1,5.203928375E0,1.089748856E1
2.002808450E1,2.999761963E-1,5.106630707E0,1.071187454E1
2.003810450E1,3.604504395E-1,4.990921326E0,1.050545380E1
2.004812350E1,4.306544495E-1,4.849465485E0,1.034932846E1
2.005814250E1,4.888833618E-1,4.801265717E0,1.022269180E1
2.006816150E1,5.007087708E-1,4.768932953E0,1.020368134E1
2.007818050E1,5.013075256E-1,4.741090851E0,1.028496231E1
2.008819950E1,4.825964355E-1,4.778662720E0,1.042492126E1
2.009821850E1,4.531077576E-1,4.821773071E0,1.055500076E1
2.010823854E1,4.176315308E-1,4.862787781E0,1.062191162E1
2.011825754E1,3.848497009E-1,4.936434631E0,1.066307602E1
2.012827654E1,3.501219177E-1,5.021008759E0,1.064750839E1
2.013829654E1,3.161425781E-1,5.079537048E0,1.055006104E1
2.014831554E1,2.980302429E-1,5.057383118E0,1.046638504E1
2.015833454E1,3.058140564E-1,5.021158447E0,1.038929535E1
2.016835354E1,3.122506714E-1,5.014572144E0,1.035471725E1
2.017837254E1,2.695893860E-1,4.984484711E0,1.038196060E1
2.018839154E1,2.348616028E-1,4.993915100E0,1.048599426E1
2.019841054E1,2.074685669E-1,5.043462067E0,1.060110489E1
2.020842954E1,1.712438965E-1,5.087919617E0,1.070977890E1
2.021844854E1,1.501377869E-1,5.102888489E0,1.073896820E1
2.022846754E1,1.640588379E-1,5.086422729E0,1.071097641E1
2.023848754E1,2.035766602E-1,5.054389343E0,1.071397018E1
2.024850654E1,2.466870117E-1,4.994064789E0,1.070079758E1
2.025852554E1,2.757266235E-1,4.920867004E0,1.062894699E1
2.026854454E1,3.195854187E-1,4.864883423E0,1.054991135E1
2.027856354E1,3.664379883E-1,4.848417664E0,1.049602341E1
2.028858254E1,3.990701294E-1,4.855303345E0,1.048704208E1
2.029860154E1,4.158352661E-1,4.885989532E0,1.052626053E1
2.030862054E1,4.451742554E-1,4.905449066E0,1.049602341E1
2.031863954E1,3.182382202E-1,4.703668671E0,1.047192352E1
2.032865954E1,6.113287354E-1,4.980293427E0,1.035801041E1
2.033867854E1,6.771917725E-1,5.242098999E0,1.033450928E1
2.034869754E1,5.186714172E-1,5.099295959E0,1.047746201E1
2.035871654E1,5.577401733E-1,5.166356506E0,1.048838928E1
2.036873554E1,5.239105225E-1,5.132077789E0,1.053793625E1
2.037875454E1,4.788542175E-1,5.041965179E0,1.063852707E1
2.038877354E1,4.508624268E-1,4.949756927E0,1.067999084E1
2.039879254E1,4.207749939E-1,4.828509064E0,1.069016968E1
2.040881154E1,3.836521912E-1,4.746329956E0,1.068852310E1
2.041883054E1,3.484753418E-1,4.727469177E0,1.070424042E1
2.042885054E1,3.043171692E-1,4.779261475E0,1.076381653E1
2.043886954E1,3.100053406E-1,4.870870972E0,1.088147186E1
2.044888854E1,2.935395813E-1,4.979844360E0,1.107741440E1
2.045890754E1,2.800675964E-1,5.023254089E0,1.123743164E1
2.046892654E1,2.630030823E-1,4.875211945E0,1.130733627E1
2.047894554E1,2.336640930E-1,4.583618317E0,1.113803833E1
2.048896454E1,1.567240906E-1,4.272415466E0,1.085901855E1
2.049898354E1,1.194515991E-1,4.075724487E0,1.049976562E1
2.050900254E1,1.050814819E-1,4.072581024E0,1.015997223E1
2.051902154E1,9.430389404E-2,4.225562897E0,9.886191559E0
2.052904154E1,1.116677856E-1,4.516258392E0,9.698631592E0
2.053906054E1,2.019300842E-1,4.804858246E0,9.680070190E0
2.054907954E1,3.079096985E-1,5.050198059E0,9.788145447E0
2.055909854E1,4.290078735E-1,5.342091064E0,9.967173157E0
2.056911754E1,5.321434021E-1,5.534590759E0,1.027657974E1
2.057913654E1,5.757028198E-1,5.558690643E0,1.055754547E1
2.058915554E1,5.334906006E-1,5.541626129E0,1.078417419E1
2.059917454E1,4.564009094E-1,5.427114258E0,1.094329330E1
2.060919354E1,3.564088440E-1,5.248236237E0,1.096454910E1
2.061921354E1,2.734812927E-1,5.094505920E0,1.084599564E1
2.062923254E1,2.417472839E-1,4.929698639E0,1.069720505E1
2.063925154E1,2.535726929E-1,4.803660736E0,1.055470139E1
2.064927054E1,2.932402039E-1,4.727469177E0,1.039408539E1
2.065928954E1,3.344046021E-1,4.629423065E0,1.022972717E1
2.066930854E1,3.833528137E-1,4.537963257E0,1.011371841E1
2.067932754E1,4.134402466E-1,4.482877808E0,1.005444168E1
2.068934654E1,4.234693909E-1,4.400399323E0,1.010353958E1
2.069936554E1,4.144880676E-1,4.406985626E0,1.019215530E1
2.070938454E1,3.847000122E-1,4.502936096E0,1.035995636E1
2.071940454E1,3.866459656E-1,4.584516449E0,1.054467224E1
2.072942354E1,3.887416077E-1,4.706512756E0,1.069630692E1
2.073944254E1,3.869453430E-1,4.801415405E0,1.074944641E1
2.074946154E1,3.689826965E-1,4.819976807E0,1.070678513E1
2.075948054E1,3.379971313E-1,4.758903809E0,1.054991135E1
2.076949954E1,3.086581421E-1,4.650978241E0,1.034813095E1
2.077951854E1,3.007246399E-1,4.623285828E0,1.013766861E1
2.078953754E1,3.402424622E-1,4.706063690E0,1.002779709E1
2.079955654E1,4.243675232E-1,4.793481903E0,9.987830200E0
2.080957554E1,4.628375244E-1,4.895868988E0,9.952653351E0
2.081959554E1,4.761598206E-1,5.123844910E0,9.860145721E0
2.082961454E1,4.587959290E-1,5.227878571E0,9.899214478E0
2.083963354E1,3.730242920E-1,5.193749542E0,1.001941452E1
2.084965254E1,2.412982178E-1,5.068310394E0,1.012299911E1
2.085967154E1,1.363664246E-1,4.848567352E0,1.018511993E1
2.086969054E1,8.816665649E-2,4.590054932E0,1.023376877E1
2.087970954E1,9.595046997E-2,4.369114380E0,1.018931122E1
2.088972854E1,1.167572021E-1,4.262536011E0,1.007345215E1
2.089974754E1,1.213975525E-1,4.247716827E0,9.968370667E0
2.090976754E1,1.300794983E-1,4.251309357E0,9.869576111E0
2.091978654E1,1.942959595E-1,4.321663055E0,9.785001984E0
2.092980554E1,2.549198914E-1,4.387526093E0,9.746981049E0
2.093982454E1,2.294728088E-1,4.445305939E0,9.825867004E0
2.094984354E1,2.206411743E-1,4.554279327E0,1.000249969E1
2.095986254E1,2.484832764E-1,4.571493530E0,1.012449600E1
2.096988154E1,2.601589966E-1,4.648283844E0,1.027433441E1
2.097990054E1,3.481759644E-1,4.689298553E0,1.030157776E1
2.098991954E1,4.260140991E-1,4.661755829E0,1.028107040E1
2.099993854E1,4.192781067E-1,4.433330841E0,1.016042130E1
2.100995854E1,4.375401306E-1,3.333567810E0,9.898765411E0
2.101997754E1,1.020577698E0,4.538861389E0,9.582473145E0
2.102999654E1,3.215313721E-1,5.294939117E0,9.845476227E0
2.104001554E1,-2.155517578E-2,4.055965576E0,9.710756378E0
2.105003454E1,7.174580383E-1,4.351301422E0,9.158105621E0
2.106005354E1,7.857160950E-1,4.475393372E0,9.452393646E0
2.107007254E1,4.894821167E-1,4.504582672E0,9.621691589E0
2.108009154E1,4.134402466E-1,4.522695007E0,9.483977966E0
2.109011054E1,4.435276794E-1,4.534520416E0,9.649982758E0
2.110012954E1,4.090992737E-1,4.461622009E0,9.724827118E0
2.111014825E1,3.161425781E-1,4.253554688E0,9.585616608E0
2.112016725E1,2.839595032E-1,4.177662506E0,9.842033386E0
2.113018625E1,2.731819153E-1,4.020189972E0,9.788295135E0
2.114020525E1,1.323248291E-1,3.824995880E0,9.672286377E0
2.115022425E1,1.695973206E-1,3.770509186E0,9.600136414E0
2.116024325E1,1.805245972E-1,3.810027008E0,9.427695007E0
2.117026225E1,2.339634705E-1,3.898343353E0,9.314530334E0
2.118028125E1,2.570155334E-1,4.035458221E0,9.314680023E0
2.119030025E1,2.830613708E-1,4.154460754E0,9.338031464E0
2.120032025E1,3.146456909E-1,4.285737762E0,9.338031464E0
2.121033925E1,2.769241333E-1,4.271517334E0,9.342671814E0
2.122035825E1,2.656974792E-1,4.240382080E0,9.333690491E0
2.123037725E1,2.686912537E-1,4.216880951E0,9.339678040E0
2.124039625E1,3.073109436E-1,4.167333984E0,9.361233215E0
2.125041525E1,3.511697388E-1,4.077071686E0,9.399403839E0
2.126043425E1,3.950285339E-1,4.003275146E0,9.394464111E0
2.127045325E1,3.929328918E-1,3.913162537E0,9.342671814E0
2.128047225E1,3.577560425E-1,3.865411835E0,9.286688232E0
2.129049125E1,2.891986084E-1,3.848347321E0,9.258846130E0
2.130051125E1,2.647993469E-1,3.900139618E0,9.221873016E0
2.131053025E1,2.728825378E-1,3.960763550E0,9.198222198E0
2.132054925E1,3.052153015E-1,3.959266663E0,9.171876984E0
2.133056825E1,3.231779480E-1,3.924987946E0,9.081614685E0
2.134058725E1,3.606001282E-1,3.895199890E0,9.008716278E0
2.135060625E1,3.674858093E-1,3.839515686E0,8.986712036E0
2.136062525E1,3.550616455E-1,3.803440704E0,8.912765808E0
2.137064425E1,3.125500488E-1,3.769012299E0,8.863667908E0
2.138066325E1,2.845582581E-1,3.731739807E0,8.818461914E0
2.139068225E1,2.802172852E-1,3.729195099E0,8.854686584E0
2.140070225E1,2.642005920E-1,3.721111908E0,8.959319000E0
2.141072125E1,2.728825378E-1,3.743116150E0,9.037606201E0
2.142074025E1,3.065625000E-1,3.759132843E0,9.023385773E0
2.143075925E1,3.290158081E-1,3.765419769E0,8.981622620E0
2.144077825E1,3.608995056E-1,3.705244904E0,8.967551880E0
2.145079725E1,3.724255371E-1,3.682043152E0,8.876990204E0
2.146081625E1,3.911366272E-1,3.625460815E0,8.743168488E0
2.147083525E1,3.725752258E-1,3.562890930E0,8.640482025E0
2.148085425E1,3.662882996E-1,3.498824158E0,8.542435913E0
2.149087425E1,3.803590393E-1,3.483555908E0,8.479267273E0
2.150089325E1,3.643423462E-1,3.510948944E0,8.478369141E0
2.151091225E1,3.414399719E-1,3.569327545E0,8.549321594E0
2.152093125E1,2.948867798E-1,3.587739258E0,8.662935333E0
2.153095025E1,2.639012146E-1,3.551664276E0,8.770561523E0
2.154096925E1,2.383044434E-1,3.504362640E0,8.814270630E0
2.155098825E1,2.481838989E-1,3.410058746E0,8.801996155E0
2.156100725E1,2.644999695E-1,3.348985748E0,8.700656891E0
2.157102625E1,2.953358459E-1,3.319347382E0,8.585995331E0
2.158104525E1,2.905458069E-1,3.316203918E0,8.498726807E0
2.159106525E1,2.647993469E-1,3.391647034E0,8.396788788E0
2.160108425E1,2.272274780E-1,3.446882172E0,8.321645050E0
2.161110325E1,1.951940918E-1,3.459905090E0,8.292306061E0
2.162112225E1,2.052232361E-1,3.465443573E0,8.248147888E0
2.163114125E1,2.406994629E-1,3.408262482E0,8.158184967E0
2.164116025E1,2.338137817E-1,3.324736176E0,8.156538391E0
2.165117925E1,2.013313293E-1,3.269950104E0,8.114326172E0
2.166119825E1,2.552192688E-1,3.232677612E0,8.109835510E0
2.167121725E1,2.260299683E-1,3.244053955E0,8.115373993E0
2.168123625E1,2.195933533E-1,3.265309753E0,8.179291077E0
2.169125625E1,2.514770508E-1,3.290158081E0,8.298143921E0
2.170127525E1,2.469863892E-1,3.315156097E0,8.431815948E0
2.171129425E1,1.850152588E-1,3.272494812E0,8.391849060E0
2.172131325E1,1.387614441E-1,3.210673370E0,8.150251465E0
2.173133225E1,1.405577087E-1,3.074157257E0,7.891739044E0
2.174135125E1,1.910028076E-1,3.007246399E0,7.766748962E0
2.175137025E1,2.872526550E-1,3.123105469E0,7.650291138E0
2.176138925E1,4.927752686E-1,3.303929443E0,7.465275879E0
2.177140825E1,6.527925110E-1,3.404071198E0,7.345075836E0
2.178142825E1,1.459465027E-1,3.798650665E0,7.583230591E0
2.179144725E1,2.125579834E-1,3.818409576E0,7.644303589E0
2.180146625E1,2.344125366E-1,3.986210632E0,7.642058258E0
2.181148525E1,2.631527710E-1,3.948788452E0,7.742050323E0
2.182150425E1,2.362088013E-1,3.923191681E0,7.631430359E0
2.183152325E1,1.513352966E-1,3.855831757E0,7.308851166E0
2.184154225E1,2.008822632E-1,3.635939026E0,7.121889954E0
2.185156125E1,1.649569702E-1,3.509601746E0,7.029232635E0
2.186158025E1,1.434017944E-1,3.460204468E0,6.936575317E0
2.187159925E1,1.187031555E-1,3.452570343E0,6.890920258E0
2.188161925E1,1.016386414E-1,3.512745209E0,6.910080414E0
2.189163825E1,1.803749084E-1,3.538791046E0,7.004234619E0
2.190165725E1,2.766247559E-1,3.447929993E0,7.212751007E0
2.191167625E1,3.492237854E-1,3.391647034E0,7.410789185E0
2.192169525E1,3.975732422E-1,3.294499054E0,7.510781250E0
2.193171425E1,4.149371338E-1,3.144660645E0,7.517517242E0
2.194173325E1,3.721261597E-1,3.038531342E0,7.487579498E0
2.195175225E1,3.191363525E-1,2.936443634E0,7.387587433E0
2.196177125E1,3.317102051E-1,2.855911102E0,7.241940308E0
2.197179125E1,3.864962769E-1,2.845732269E0,7.073241119E0
2.198181025E1,3.763174438E-1,2.891686707E0,6.971303101E0
2.199182925E1,3.471281433E-1,3.010389862E0,6.937922516E0
2.200184825E1,2.984793091E-1,3.182382202E0,6.900200958E0
2.201186725E1,2.152523804E-1,3.277883606E0,6.903793488E0
2.202188625E1,1.725910950E-1,3.276386719E0,6.911577301E0
2.203190525E1,1.550775146E-1,3.219505005E0,6.957831116E0
2.204192425E1,1.929487610E-1,3.161575470E0,7.013066254E0
2.205194325E1,2.553689575E-1,3.135829010E0,7.051386566E0
2.206196225E1,2.595602417E-1,3.148103485E0,7.113208008E0
2.207198225E1,2.490820312E-1,3.193459167E0,7.197632446E0
2.208200125E1,2.116598511E-1,3.274889832E0,7.220534821E0
2.209202025E1,1.794767761E-1,3.301235046E0,7.181166687E0
2.210203925E1,1.582209778E-1,3.232976990E0,7.113507385E0
2.211205850E1,1.607656860E-1,3.172802124E0,7.031328278E0
2.212207750E1,1.639091492E-1,3.119063873E0,6.959477692E0
2.213209650E1,1.508862305E-1,3.029999084E0,6.859036560E0
2.214211550E1,1.809736633E-1,2.973117371E0,6.806645508E0
2.215213450E1,2.344125366E-1,2.935246124E0,6.741530914E0
2.216215350E1,2.820135498E-1,2.864892426E0,6.721772003E0
2.217217350E1,2.860551453E-1,2.892435150E0,6.760541382E0
2.218219250E1,2.883004761E-1,2.871628418E0,6.873855743E0
2.219221150E1,2.932402039E-1,2.878963165E0,6.977590027E0
2.220223050E1,2.749781799E-1,2.866688690E0,7.026687927E0
2.221224950E1,2.463876343E-1,2.877466278E0,7.036118317E0
2.222226850E1,2.438429260E-1,2.867736511E0,6.960226135E0
2.223228750E1,2.803669739E-1,2.911595306E0,6.853348389E0
2.224230650E1,3.270698547E-1,2.961291962E0,6.762038269E0
2.225232550E1,3.769161987E-1,3.029400330E0,6.670428772E0
2.226234450E1,3.926335144E-1,3.095862122E0,6.649771729E0
2.227236450E1,3.980223083E-1,3.112178192E0,6.693480835E0
2.228238350E1,3.754193115E-1,3.144061890E0,6.701414337E0
2.229240250E1,3.656895447E-1,3.068020020E0,6.763535156E0
2.230242150E1,3.043171692E-1,2.935246124E0,6.800358582E0
2.231244050E1,2.692900085E-1,2.875370636E0,6.825805664E0
2.232245950E1,2.459385681E-1,2.814597015E0,6.832691345E0
2.233247850E1,2.420466614E-1,2.718347168E0,6.884633331E0
2.234249750E1,2.366578674E-1,2.685265961E0,6.964118042E0
2.235251650E1,2.612068176E-1,2.595303040E0,6.997648315E0
2.236253550E1,2.418969727E-1,2.558329926E0,6.954388275E0
2.237255550E1,2.332150269E-1,2.596350861E0,6.878496094E0
2.238257450E1,2.683918762E-1,2.665956116E0,6.830745392E0
2.239259350E1,2.758763123E-1,2.814447327E0,6.776258698E0
2.240261250E1,2.986289978E-1,2.985541534E0,6.775809631E0
2.241263150E1,2.891986084E-1,3.135529633E0,6.881489868E0
2.242265050E1,2.725831604E-1,3.255879364E0,6.937024384E0
2.243266950E1,2.324665833E-1,3.225492554E0,6.965614929E0
2.244268850E1,1.709445190E-1,3.113076324E0,6.991511078E0
2.245270750E1,1.264869690E-1,2.971321106E0,6.957980804E0
2.246272650E1,1.323248291E-1,2.834355927E0,6.852001190E0
2.247274650E1,1.496887207E-1,2.727627869E0,6.785389709E0
2.248276550E1,2.103126526E-1,2.690804443E0,6.727609863E0
2.249278450E1,2.730322266E-1,2.687511292E0,6.714137878E0
2.250280350E1,2.845582581E-1,2.701282654E0,6.740932159E0
2.251282250E1,2.609074402E-1,2.700534210E0,6.765930176E0
2.252284150E1,2.543211365E-1,2.722688141E0,6.786437531E0
2.253286050E1,2.950364685E-1,2.771486664E0,6.810387726E0
2.254287950E1,3.499722290E-1,2.853216705E0,6.853348389E0
2.255289850E1,3.694317627E-1,2.923869781E0,6.932833099E0
2.256291750E1,3.683839417E-1,2.969225464E0,6.975943451E0
2.257293750E1,4.752616882E-1,2.927013245E0,6.909481659E0
2.258295650E1,3.736230469E-1,2.881807251E0,6.812932434E0
2.259297550E1,5.568420410E-2,2.976560211E0,7.126380615E0
2.260299450E1,1.561253357E-1,2.929857330E0,6.924300842E0
2.261301350E1,2.077679443E-1,2.985691223E0,6.870263214E0
2.262303250E1,2.209405518E-1,2.936293945E0,6.935826874E0
2.263305150E1,2.279759216E-1,2.902913361E0,6.862180023E0
2.264307050E1,2.372566223E-1,2.885848846E0,6.804250488E0
2.265308950E1,2.128573608E-1,2.903811493E0,6.817572784E0
2.266310850E1,2.347119141E-1,2.939587097E0,6.832691345E0
2.267312850E1,2.673440552E-1,2.972069550E0,6.861132202E0
2.268314750E1,3.092568970E-1,3.052901459E0,6.921456757E0
2.269316650E1,3.611988831E-1,3.179089050E0,7.002588043E0
2.270318550E1,4.233197021E-1,3.313958588E0,7.084018707E0
2.271320450E1,4.649331665E-1,3.403173065E0,7.165449371E0
2.272322350E1,4.899311829E-1,3.376977539E0,7.195686493E0
2.273324250E1,4.641847229E-1,3.324436798E0,7.172185364E0
2.274326150E1,3.676354980E-1,3.225492554E0,7.128176880E0
2.275328050E1,2.727328491E-1,3.111130371E0,7.070995789E0
2.276330050E1,1.809736633E-1,2.919379120E0,7.019802246E0
2.277331950E1,1.528321838E-1,2.814447327E0,7.067702637E0
2.278333850E1,1.392105103E-1,2.743345184E0,7.130571899E0
2.279335750E1,1.736389160E-1,2.724185028E0,7.220834198E0
2.280337650E1,2.323168945E-1,2.737357635E0,7.290439453E0
2.281339550E1,2.529739380E-1,2.787653046E0,7.365732880E0
2.282341450E1,2.427951050E-1,2.909200287E0,7.384443970E0
2.283343350E1,2.420466614E-1,3.062331848E0,7.447462921E0
2.284345250E1,2.788700867E-1,3.197351074E0,7.500153351E0
2.285347150E1,3.230282593E-1,3.225941620E0,7.514673157E0
2.286349150E1,3.457809448E-1,3.213367767E0,7.555238800E0
2.287351050E1,3.592529297E-1,3.247347107E0,7.511380005E0
2.288352950E1,4.251159668E-1,3.298390961E0,7.423961792E0
2.289354850E1,4.002676392E-1,3.279230804E0,7.330106964E0
2.290356750E1,3.522175598E-1,3.237767029E0,7.256011047E0
2.291358650E1,2.989283752E-1,3.210074615E0,7.239545288E0
2.292360550E1,2.685415649E-1,3.167712708E0,7.226222992E0
2.293362450E1,2.219883728E-1,3.165766754E0,7.332202606E0
2.294364350E1,2.415975952E-1,3.204536133E0,7.467521210E0
2.295366250E1,2.224374390E-1,3.300486603E0,7.540718994E0
2.296368250E1,2.866539001E-1,3.447031860E0,7.655081177E0
2.297370150E1,3.180885315E-1,3.589535522E0,7.723189545E0
2.298372050E1,3.231779480E-1,3.614982605E0,7.737859039E0
2.299373950E1,3.459306335E-1,3.692820740E0,7.707023163E0
2.300375850E1,3.348536682E-1,3.685785370E0,7.649842072E0
2.301377750E1,3.456312561E-1,3.622916107E0,7.610923004E0
2.302379650E1,3.056643677E-1,3.556154938E0,7.637417908E0
2.303381550E1,2.740800476E-1,3.519032135E0,7.630382538E0
2.304383450E1,2.534230042E-1,3.508853302E0,7.580985260E0
2.305385350E1,2.305206299E-1,3.426674194E0,7.577093353E0
2.306387350E1,2.249821472E-1,3.384611664E0,7.652237091E0
2.307389250E1,2.140548706E-1,3.361709290E0,7.772287445E0
2.308391150E1,2.493814087E-1,3.370391235E0,7.854316864E0
2.309393050E1,2.829116821E-1,3.404969330E0,7.920030212E0
2.310394987E1,2.844085693E-1,3.475472717E0,7.951015778E0
2.311396887E1,2.929408264E-1,3.547772369E0,7.970625000E0
2.312398787E1,2.881507874E-1,3.599864044E0,7.948920135E0
2.313400687E1,2.586621094E-1,3.655847626E0,7.894583130E0
2.314402587E1,2.562670898E-1,3.705843658E0,7.885003052E0
2.315404488E1,2.594105530E-1,3.795058136E0,7.879314880E0
2.316406487E1,2.296224976E-1,3.890110474E0,7.881709900E0
2.317408387E1,2.067201233E-1,3.964805145E0,7.925868073E0
2.318410287E1,2.025288391E-1,4.015100555E0,8.012088776E0
2.319412187E1,2.219883728E-1,4.081861725E0,8.072862396E0
2.320414087E1,2.577639771E-1,4.118086395E0,8.119864655E0
2.321415988E1,2.098635864E-1,4.102668457E0,8.199648743E0
2.322417887E1,1.956431580E-1,4.045337677E0,8.269253998E0
2.323419787E1,2.136058044E-1,3.927382965E0,8.345445557E0
2.324421687E1,2.591111755E-1,3.805686035E0,8.359366608E0
2.325423587E1,2.980302429E-1,3.779490509E0,8.291707306E0
2.326425587E1,3.207829285E-1,3.825744324E0,8.294701080E0
2.327427488E1,3.209326172E-1,3.919299774E0,8.282725983E0
2.328429387E1,3.373983765E-1,4.023034058E0,8.256081390E0
2.329431287E1,3.381468201E-1,4.030817871E0,8.250393219E0
2.330433187E1,2.787203979E-1,4.046684875E0,8.271649017E0
2.331435087E1,2.219883728E-1,4.090992737E0,8.294252014E0
2.332436987E1,1.673519897E-1,4.094734955E0,8.357121277E0
2.333438887E1,1.959425354E-1,4.087100830E0,8.395890656E0
2.334440787E1,2.173480225E-1,4.081712036E0,8.400231628E0
2.335442687E1,2.755769348E-1,4.090393982E0,8.534352722E0
2.336444687E1,4.029620361E-1,4.063150635E0,8.703201599E0
2.337446587E1,5.411247253E-1,4.106859741E0,8.841813354E0
2.338448487E1,5.836363220E-1,4.168232117E0,8.976832581E0
2.339450387E1,5.602848816E-1,4.237088928E0,9.111851807E0
2.340452287E1,4.695735168E-1,4.314777374E0,9.110654297E0
2.341454187E1,4.125421143E-1,4.387226715E0,9.019793243E0
2.342456087E1,3.844006348E-1,4.412224731E0,8.874146118E0
2.343457987E1,3.353027344E-1,4.391118622E0,8.699908447E0
2.344459887E1,3.043171692E-1,4.388124847E0,8.581055603E0
2.345461887E1,2.764750671E-1,4.472998352E0,8.554261322E0
2.346463787E1,2.640509033E-1,4.584666138E0,8.586743774E0
2.347465687E1,2.755769348E-1,4.651427307E0,8.653055878E0
2.348467587E1,3.095562744E-1,4.663552094E0,8.676856384E0
2.349469487E1,3.453318787E-1,4.614454193E0,8.744815063E0
2.350471387E1,3.832031250E-1,4.520749054E0,8.814570007E0
2.351473287E1,4.441264343E-1,4.436773682E0,8.818312225E0
2.352475187E1,5.037025452E-1,4.377496948E0,8.803792419E0
2.353477087E1,5.105882263E-1,4.392465820E0,8.915909271E0
2.354478987E1,4.141886902E-1,4.505780182E0,9.056466980E0
2.355480987E1,3.041674805E-1,4.588857422E0,9.081165619E0
2.356482887E1,2.441423035E-1,4.711003418E0,8.867559814E0
2.357484787E1,1.722917175E-1,4.825964355E0,8.631500702E0
2.358486687E1,1.513352966E-1,5.012027435E0,8.343649292E0
2.359488587E1,1.538800049E-1,5.327720947E0,8.061635742E0
2.360490487E1,2.909948730E-1,5.716761932E0,7.845485229E0
2.361492387E1,3.342549133E-1,6.143374786E0,7.857759705E0
2.362494288E1,4.092489624E-1,6.680457916E0,7.812703400E0
2.363496187E1,4.514611816E-1,7.374265137E0,7.713908844E0
2.364498087E1,4.755610657E-1,8.156688080E0,7.695048065E0
2.365500087E1,3.643423462E-1,8.525521088E0,8.089627533E0
2.366501987E1,3.799099731E-1,8.477171631E0,8.472680969E0
2.367503887E1,4.890330505E-1,8.036937103E0,8.596473541E0
2.368505788E1,4.415817261E-1,7.288493500E0,8.816965027E0
2.369507687E1,4.866380310E-1,6.268963623E0,9.137298889E0
2.370509587E1,4.908293152E-1,5.167853394E0,9.461973724E0
2.371511487E1,5.396278381E-1,4.224515076E0,9.682914276E0
2.372513387E1,4.269122314E-1,3.588487701E0,9.942624207E0
2.373515287E1,3.589535522E-1,3.287763062E0,9.989626465E0
2.374517187E1,3.513194275E-1,3.281176758E0,9.953252106E0
2.375519187E1,4.782554626E-1,3.831881561E0,9.731263733E0
2.376521087E1,4.013154602E-1,4.442461853E0,9.479636993E0
2.377522987E1,3.261717224E-1,4.939877472E0,9.364077301E0
2.378524887E1,2.782713318E-1,5.319039001E0,9.390123138E0
2.379526787E1,2.502795410E-1,5.634882202E0,9.427395630E0
2.380528687E1,2.188449097E-1,5.864953766E0,9.482032013E0
2.381530587E1,2.421963501E-1,5.926475830E0,9.539512482E0
2.382532487E1,3.335064697E-1,5.914650421E0,9.658964081E0
2.383534387E1,3.954776001E-1,5.891298981E0,9.758956146E0
2.384536287E1,4.593946838E-1,5.886658630E0,9.852810974E0
2.385538287E1,4.351451111E-1,5.943839722E0,9.960437164E0
2.386540187E1,3.790118408E-1,5.973328400E0,1.008707382E1
2.387542087E1,3.686833191E-1,5.998775482E0,1.013557297E1
2.388543987E1,3.685336304E-1,6.005810852E0,1.014215927E1
2.389545887E1,3.601510620E-1,5.929319916E0,1.005563919E1
2.390547787E1,3.667373657E-1,5.813460846E0,9.970017242E0
2.391549687E1,4.317022705E-1,5.723198547E0,9.926757202E0
2.392551587E1,4.691244507E-1,5.712420959E0,9.972112885E0
2.393553487E1,4.378395081E-1,5.755830688E0,1.011371841E1
2.394555487E1,4.328997803E-1,5.747747498E0,1.025023453E1
2.395557387E1,4.093986511E-1,5.659131775E0,1.028032196E1
2.396559287E1,4.291575623E-1,5.559439087E0,1.025427612E1
2.397561187E1,4.861889648E-1,5.537285156E0,1.027388535E1
2.398563087E1,5.051994324E-1,5.535788269E0,1.038046371E1
2.399564987E1,5.063969421E-1,5.469326477E0,1.039528290E1
2.400566888E1,4.851411438E-1,5.397176514E0,1.033376083E1
2.401568787E1,4.580474854E-1,5.388195190E0,1.031849258E1
2.402570687E1,4.450245667E-1,5.435347137E0,1.029723679E1
2.403572588E1,3.751199341E-1,5.519921265E0,1.032477951E1
2.404574587E1,3.833528137E-1,5.614973602E0,1.030472122E1
2.405576487E1,3.885919189E-1,5.698350220E0,1.034109558E1
2.406578388E1,3.321592712E-1,5.835315399E0,1.038315811E1
2.407580287E1,2.968327332E-1,5.959706726E0,1.036100418E1
2.408582187E1,2.257305908E-1,5.969735870E0,1.034618500E1
2.409584088E1,2.019300842E-1,5.919290771E0,1.036953644E1
2.410585950E1,1.353186035E-1,5.848338318E0,1.040725800E1
2.411587850E1,1.297801208E-1,5.835614777E0,1.044497955E1
2.412589750E1,2.206411743E-1,5.880371704E0,1.055320450E1
2.413591650E1,2.592608643E-1,5.986950073E0,1.063717987E1
2.414593650E1,3.095562744E-1,6.079008636E0,1.062340851E1
2.415595550E1,4.373904419E-1,6.043682098E0,1.064646057E1
2.416597450E1,5.429209900E-1,5.939648438E0,1.065514252E1
2.417599350E1,5.444178772E-1,5.804928589E0,1.071516769E1
2.418601250E1,3.608995056E-1,5.695955200E0,1.066816544E1
2.419603150E1,2.487826538E-1,5.656736755E0,1.063987427E1
2.420605050E1,2.176473999E-1,5.662724304E0,1.055440201E1
2.421606950E1,2.082170105E-1,5.772595825E0,1.056817337E1
2.422608850E1,3.350033569E-1,5.757926331E0,1.056607773E1
2.423610750E1,4.430786133E-1,5.711073761E0,1.053284683E1
2.424612750E1,4.885839844E-1,5.676645355E0,1.052162018E1
2.425614650E1,5.833369446E-1,5.707630920E0,1.036250107E1
2.426616550E1,6.158193970E-1,5.807024231E0,1.024739044E1
2.427618450E1,6.033952332E-1,6.049070892E0,1.011416748E1
2.428620350E1,6.108796692E-1,6.402935028E0,1.006297394E1
2.429622250E1,5.635780334E-1,6.764283600E0,1.019604721E1
2.430624150E1,5.763015747E-1,7.026388550E0,1.038255936E1
2.431626050E1,5.508544922E-1,7.028035126E0,1.064571213E1
2.432627950E1,3.579057312E-1,6.694828033E0,1.092862381E1
2.433629950E1,2.122586060E-1,6.377487946E0,1.111154343E1
2.434631850E1,1.037342834E-1,5.949378204E0,1.137275024E1
2.435633750E1,8.187973022E-2,5.504054260E0,1.150866760E1
2.436635650E1,1.019380188E-1,5.170398102E0,1.134700378E1
2.437637550E1,1.254391479E-1,5.133125610E0,1.108220444E1
2.438639450E1,1.817221069E-1,5.356311493E0,1.088177124E1
2.439641350E1,2.198927307E-1,5.782924347E0,1.079195801E1
2.440643250E1,2.408491516E-1,6.252198486E0,1.072684341E1
2.441645150E1,1.752854919E-1,6.639892273E0,1.076142151E1
2.442647050E1,1.288819885E-1,6.864425354E0,1.081051941E1
2.443649050E1,7.289840698E-2,6.846462708E0,1.072923843E1
2.444650950E1,2.080673218E-2,6.704108734E0,1.051892578E1
2.445652850E1,-4.490661621E-4,6.493945770E0,1.029409332E1
2.446654750E1,1.526824951E-2,6.246809692E0,1.013407608E1
2.447656650E1,5.269042969E-2,6.133046265E0,1.003902374E1
2.448658550E1,1.001417542E-1,6.212530975E0,1.003243744E1
2.449660450E1,1.749861145E-1,6.332132263E0,1.022568558E1
2.450662350E1,2.624043274E-1,6.361471252E0,1.043045975E1
2.451664250E1,3.227288818E-1,6.398743744E0,1.056203613E1
2.452666150E1,3.439846802E-1,6.438710632E0,1.058284286E1
2.453668150E1,3.757186890E-1,6.398144989E0,1.057176590E1
2.454670050E1,4.257147217E-1,6.317013702E0,1.048494644E1
2.455671950E1,4.242178345E-1,6.345753937E0,1.026161087E1
2.456673850E1,3.399430847E-1,6.673422546E0,1.003483246E1
2.457675750E1,3.365002441E-1,7.052584076E0,9.741891632E0
2.458677650E1,3.222798157E-1,7.401658173E0,9.576186218E0
2.459679550E1,2.757266235E-1,7.593858490E0,9.572593689E0
2.460681450E1,2.534230042E-1,7.631280670E0,9.719438324E0
2.461683350E1,2.905458069E-1,7.495812378E0,9.809700623E0
2.462685250E1,3.134481812E-1,7.184160461E0,1.002914429E1
2.463687250E1,2.293231201E-1,6.735393677E0,1.016281631E1
2.464689150E1,1.423539734E-1,6.292764130E0,1.018556900E1
2.465691050E1,4.221221924E-2,5.912105713E0,1.035860916E1
2.466692950E1,2.694396973E-2,5.798192596E0,1.061637314E1
2.467694850E1,7.574249268E-2,5.917494507E0,1.086590424E1
2.468696750E1,1.847158813E-1,6.208639069E0,1.096305222E1
2.469698650E1,1.688488770E-1,6.493796082E0,1.095317276E1
2.470700550E1,1.905537415E-1,6.723268890E0,1.088132217E1
2.471702450E1,2.894979858E-1,6.638694763E0,1.075438614E1
2.472704350E1,3.317102051E-1,6.286626892E0,1.057116714E1
2.473706350E1,3.481759644E-1,6.032455444E0,1.034259247E1
2.474708250E1,3.032693481E-1,5.983956299E0,1.018751495E1
2.475710150E1,2.613565063E-1,6.077511749E0,1.018332367E1
2.476712050E1,2.263293457E-1,6.284830627E0,1.023915756E1
2.477713950E1,2.329156494E-1,6.592740326E0,1.033974838E1
2.478715850E1,2.880010986E-1,6.811734924E0,1.040112076E1
2.479717750E1,3.141966248E-1,6.909781036E0,1.037761963E1
2.480719650E1,2.989283752E-1,6.842570801E0,1.024260040E1
2.481721550E1,3.251239014E-1,6.730753326E0,1.011731094E1
2.482723550E1,3.544628906E-1,6.594386902E0,1.007599686E1
2.483725450E1,3.579057312E-1,6.471642151E0,1.009874954E1
2.484727350E1,3.128494263E-1,6.341263275E0,1.017539017E1
2.485729250E1,2.130070496E-1,6.271658020E0,1.028690826E1
2.486731150E1,1.442999268E-1,6.284531250E0,1.034049683E1
2.487733050E1,8.562194824E-2,6.318660278E0,1.034154465E1
2.488734950E1,9.520202637E-2,6.371051331E0,1.027852570E1
2.489736850E1,1.390608215E-1,6.366410980E0,1.025607239E1
2.490738750E1,1.796264648E-1,6.331533508E0,1.030292496E1
2.491740650E1,2.628533936E-1,6.272855530E0,1.031190628E1
2.492742650E1,3.363505554E-1,6.160588989E0,1.022373962E1
2.493744550E1,3.320095825E-1,6.076014862E0,1.011446686E1
2.494746450E1,2.694396973E-1,6.051316223E0,1.000594254E1
2.495748350E1,2.025288391E-1,6.100563812E0,9.950857086E0
2.496750250E1,1.419049072E-1,6.133345642E0,9.926757202E0
2.497752150E1,1.200503540E-1,6.138135681E0,9.904154205E0
2.498754050E1,1.697470093E-1,6.102809143E0,9.888436890E0
2.499755950E1,2.240840149E-1,6.017935638E0,9.942923584E0
2.500757850E1,2.912942505E-1,5.908363495E0,9.970915375E0
2.501759750E1,3.239263916E-1,5.801934814E0,9.918224945E0
2.502761750E1,3.432362366E-1,5.754333801E0,9.892029419E0
2.503763650E1,3.882925415E-1,5.782924347E0,9.853559418E0
2.504765550E1,3.577560425E-1,5.927523651E0,9.874815216E0
2.505767450E1,3.052153015E-1,6.133794708E0,9.945468292E0
2.506769350E1,2.582130432E-1,6.251899109E0,9.994715881E0
2.507771250E1,2.517764282E-1,6.281088409E0,1.000564316E1
2.508773150E1,2.142045593E-1,6.286177826E0,9.991871796E0
2.509775050E1,1.676513672E-1,6.260281677E0,9.993368683E0
2.510776987E1,1.618135071E-1,6.254593506E0,9.972711639E0
2.511778887E1,2.195933533E-1,6.253994751E0,9.866133270E0
2.512780887E1,2.670446777E-1,6.230343933E0,9.796378326E0
2.513782787E1,2.724334717E-1,6.159241791E0,9.742340698E0
2.514784687E1,2.625540161E-1,6.075565796E0,9.704020386E0
2.515786587E1,2.330653381E-1,6.010301514E0,9.693542175E0
2.516788487E1,2.110610962E-1,5.857169952E0,9.728120270E0
2.517790387E1,2.088157654E-1,5.737119598E0,9.770033112E0
2.518792287E1,1.883084106E-1,5.642366638E0,9.760453033E0
2.519794187E1,1.863624573E-1,5.565276947E0,9.716145172E0
2.520796087E1,1.965412903E-1,5.509892120E0,9.641600189E0
2.521797987E1,2.091151428E-1,5.503455505E0,9.576036530E0
2.522799987E1,2.441423035E-1,5.566025391E0,9.513466644E0
2.523801887E1,2.552192688E-1,5.654042358E0,9.453291779E0
2.524803787E1,2.616558838E-1,5.740113373E0,9.394464111E0
2.525805687E1,2.570155334E-1,5.793552246E0,9.329948273E0
2.526807587E1,2.393522644E-1,5.879174194E0,9.295819244E0
2.527809487E1,2.661465454E-1,5.985004120E0,9.289682007E0
2.528811387E1,2.757266235E-1,6.091283112E0,9.274264069E0
2.529813288E1,2.688409424E-1,6.185736694E0,9.316625977E0
2.530815187E1,2.689906311E-1,6.275549927E0,9.328601074E0
2.531817087E1,2.160008240E-1,6.270310822E0,9.350904694E0
2.532819087E1,1.733395386E-1,6.177054749E0,9.401649170E0
2.533820987E1,1.550775146E-1,6.070626068E0,9.431287537E0
2.534822887E1,1.389111328E-1,5.927224274E0,9.457782440E0
2.535824788E1,1.194515991E-1,5.767656097E0,9.469907227E0
2.536826687E1,1.215472412E-1,5.544021149E0,9.413923645E0
2.537828587E1,1.273851013E-1,5.344037018E0,9.353150024E0
2.538830487E1,1.505868530E-1,5.240302734E0,9.421258392E0
2.539832387E1,1.583706665E-1,5.242697754E0,9.570198669E0
2.540834287E1,2.013313293E-1,5.272485809E0,9.723479919E0
2.541836187E1,2.157014465E-1,5.168152771E0,9.860594788E0
2.542838187E1,2.134561157E-1,4.964127045E0,9.891879730E0
2.543840087E1,2.067201233E-1,4.757556610E0,9.802515564E0
2.544841987E1,1.896556091E-1,4.544848938E0,9.728569336E0
2.545843887E1,2.194436646E-1,4.320615234E0,9.657467194E0
2.546845787E1,2.619552612E-1,4.207899628E0,9.524094543E0
2.547847687E1,3.378474426E-1,4.233945465E0,9.372459869E0
2.548849587E1,3.224295044E-1,4.355941772E0,9.233399048E0
2.549851487E1,2.627037048E-1,4.542154541E0,9.253756714E0
2.550853387E1,2.074685669E-1,4.793481903E0,9.379046173E0
2.551855287E1,1.583706665E-1,5.038672028E0,9.459878082E0
2.552857287E1,1.020877075E-1,5.164260864E0,9.481882324E0
2.553859187E1,1.496887207E-4,5.231471100E0,9.456884308E0
2.554861087E1,2.380050659E-2,5.260061646E0,9.433832245E0
2.555862987E1,9.939331055E-2,5.283862152E0,9.404343567E0
2.556864887E1,9.520202637E-2,5.290149078E0,9.417067108E0
2.557866787E1,4.745132446E-2,5.325325928E0,9.451794891E0
2.558868687E1,2.380050659E-2,5.292095032E0,9.513316956E0
2.559870587E1,2.634521484E-2,5.213807831E0,9.519005127E0
2.560872487E1,1.332229614E-2,5.110372925E0,9.436526642E0
2.561874387E1,-3.143463135E-3,4.999752960E0,9.307644653E0
2.562876387E1,2.484832764E-2,4.884043579E0,9.186845856E0
2.563878287E1,5.583389282E-2,4.800517273E0,9.080716553E0
2.564880187E1,7.529342651E-2,4.749772797E0,9.015152893E0
2.565882087E1,8.427474976E-2,4.726571045E0,8.984766083E0
2.566883987E1,1.131646729E-1,4.720733185E0,8.956774292E0
2.567885887E1,1.556762695E-1,4.726121979E0,8.941955109E0
2.568887787E1,1.766326904E-1,4.687202911E0,8.907526703E0
2.569889687E1,2.136058044E-1,4.663701782E0,8.849896545E0
2.570891588E1,2.601589966E-1,4.652774506E0,8.837023315E0
2.571893487E1,3.293151855E-1,4.687053223E0,8.836274872E0
2.572895487E1,3.608995056E-1,4.667144623E0,8.862470398E0
2.573897387E1,3.540138245E-1,4.687202911E0,8.873846741E0
2.574899287E1,3.276686096E-1,4.709805908E0,8.913514252E0
2.575901187E1,3.396437073E-1,4.747078400E0,8.956774292E0
2.576903088E1,2.884501648E-1,4.778962097E0,8.992998962E0
2.577904987E1,2.381547546E-1,4.771777039E0,9.007369080E0
2.578906887E1,1.689985657E-1,4.787644043E0,9.028924255E0
2.579908787E1,1.550775146E-1,4.808899841E0,8.982071686E0
2.580910687E1,1.260379028E-1,4.818779297E0,8.929530945E0
2.581912587E1,7.065307617E-2,4.768184509E0,8.894503784E0
2.582914588E1,6.466552734E-2,4.718338165E0,8.855285339E0
2.583916487E1,2.933898926E-2,4.691992950E0,8.859925690E0
2.584918387E1,-2.305206299E-2,4.701273651E0,8.827592926E0
2.585920287E1,-3.652404785E-2,4.734654236E0,8.775800629E0
2.586922187E1,-3.847000122E-2,4.750970306E0,8.733289032E0
2.587924087E1,-5.313949585E-2,4.785548401E0,8.732839966E0
2.588925987E1,-4.685256958E-2,4.792883148E0,8.756790161E0
2.589927887E1,-5.059478760E-2,4.794679413E0,8.766968994E0
2.590929787E1,-4.041595459E-3,4.812192993E0,8.811426544E0
2.591931687E1,1.646575928E-2,4.798721008E0,8.847351837E0
2.592933687E1,4.101470947E-2,4.784799957E0,8.861123199E0
2.593935587E1,1.134640503E-1,4.774770813E0,8.847501526E0
2.594937487E1,1.523831177E-1,4.740641785E0,8.769364014E0
2.595939387E1,1.829196167E-1,4.669539642E0,8.698710938E0
2.596941287E1,1.913021851E-1,4.615502014E0,8.682694244E0
2.597943187E1,1.420545959E-1,4.606221313E0,8.685238953E0
2.598945087E1,1.577719116E-1,4.574337616E0,8.697663116E0
2.599946987E1,1.960922241E-1,4.590354309E0,8.712631989E0
2.600948887E1,1.688488770E-1,4.602179718E0,8.761580200E0
2.601950787E1,1.514849854E-1,4.651427307E0,8.829389191E0
2.602952787E1,1.725910950E-1,4.687502289E0,8.865164795E0
2.603954687E1,1.628613281E-1,4.729415131E0,8.844058685E0
2.604956587E1,1.905537415E-1,4.696633301E0,8.807684326E0
2.605958487E1,2.148033142E-1,4.622687073E0,8.758885803E0
2.606960387E1,1.389111328E-1,4.568200378E0,8.688681793E0
2.607962287E1,9.086105347E-2,4.562512207E0,8.659043427E0
2.608964187E1,5.703140259E-2,4.577181702E0,8.669371948E0
2.609966087E1,8.487350464E-2,4.647086334E0,8.696914673E0
2.610968012E1,6.975494385E-2,4.688101044E0,8.722361755E0
2.611969913E1,7.170089722E-2,4.752317505E0,8.713979187E0
2.612971912E1,7.873626709E-2,4.773872681E0,8.656349030E0
2.613973812E1,9.190887451E-2,4.741689606E0,8.616082764E0
2.614975712E1,6.900650024E-2,4.703369293E0,8.597371674E0
2.615977612E1,7.244934082E-2,4.709955597E0,8.647068329E0
2.616979512E1,8.382568359E-2,4.727469177E0,8.694819031E0
2.617981413E1,6.346801758E-2,4.744683380E0,8.745413818E0
2.618983312E1,1.601669312E-2,4.748575287E0,8.802594910E0
2.619985212E1,-9.131011963E-3,4.735552368E0,8.826994171E0
2.620987113E1,1.362167358E-2,4.765939178E0,8.854087830E0
2.621989012E1,2.424957275E-2,4.790787506E0,8.885073395E0
2.622991012E1,4.760101318E-2,4.784201202E0,8.888067169E0
2.623992913E1,7.679031372E-2,4.797523499E0,8.870553589E0
2.624994812E1,8.397537231E-2,4.785099335E0,8.860973511E0
2.625996712E1,9.310638428E-2,4.763993225E0,8.830736389E0
2.626998613E1,1.113684082E-1,4.741390228E0,8.840017090E0
2.628000512E1,9.550140381E-2,4.733307037E0,8.841663666E0
2.629002412E1,7.020401001E-2,4.722978516E0,8.845256195E0
2.630004312E1,7.484436035E-2,4.736151123E0,8.842262421E0
2.631006212E1,1.079255676E-1,4.705614624E0,8.788075104E0
2.632008112E1,1.471440125E-1,4.712799683E0,8.794212341E0
2.633010113E1,1.818717957E-1,4.747527466E0,8.812773743E0
2.634012012E1,2.243833923E-1,4.770280151E0,8.789571991E0
2.635013912E1,2.017803955E-1,4.795876923E0,8.815168762E0
2.636015812E1,2.061213684E-1,4.815186768E0,8.850195923E0
2.637017712E1,2.146536255E-1,4.868775330E0,8.863218842E0
2.638019612E1,2.722837830E-1,4.907544708E0,8.873846741E0
2.639021512E1,2.764750671E-1,4.928950195E0,8.874445496E0
2.640023412E1,2.751278687E-1,4.910837860E0,8.848100281E0
2.641025312E1,2.877017212E-1,4.918771362E0,8.854387207E0
2.642027212E1,2.653981018E-1,4.918322296E0,8.882828064E0
2.643029112E1,2.155517578E-1,4.916825409E0,8.909023590E0
2.644031112E1,1.981878662E-1,4.926106110E0,8.956474915E0
2.645033012E1,1.727407837E-1,4.921914825E0,8.985664215E0
2.646034912E1,1.255888367E-1,4.945865021E0,9.015601959E0
2.647036812E1,9.804611206E-2,4.980742493E0,9.059011688E0
2.648038712E1,8.128097534E-2,4.942721558E0,9.105415192E0
2.649040612E1,9.804611206E-2,4.955594788E0,9.130413208E0
2.650042512E1,9.654922485E-2,4.977299652E0,9.113648071E0
2.651044412E1,8.292755127E-2,4.959037628E0,9.151669006E0
2.652046312E1,9.550140381E-2,4.975353699E0,9.150920563E0
2.653048213E1,1.178050232E-1,4.987478485E0,9.129814453E0
2.654050212E1,1.468446350E-1,5.016967163E0,9.121581573E0
2.655052112E1,1.465452576E-1,4.988975372E0,9.093589783E0
2.656054012E1,1.868115234E-1,4.969665527E0,9.090745697E0
2.657055912E1,2.327659607E-1,5.010979614E0,9.110354919E0
2.658057812E1,2.625540161E-1,5.040468292E0,9.118138733E0
2.659059713E1,2.628533936E-1,5.076094208E0,9.196875000E0
2.660061612E1,2.941383362E-1,5.150938568E0,9.227261810E0
2.661063512E1,3.734733582E-1,5.206772461E0,9.234746246E0
2.662065412E1,3.799099731E-1,5.198240204E0,9.281598816E0
2.663067312E1,3.508703613E-1,5.215005341E0,9.309291229E0
2.664069312E1,3.370989990E-1,5.205724640E0,9.326954498E0
2.665071213E1,3.290158081E-1,5.195096741E0,9.355844421E0
2.666073112E1,3.037184143E-1,5.188510437E0,9.414522400E0
2.667075012E1,2.853067017E-1,5.188510437E0,9.449250183E0
2.668076912E1,2.695893860E-1,5.199737091E0,9.454938354E0
2.669078812E1,2.644999695E-1,5.200934601E0,9.429191895E0
2.670080712E1,2.409988403E-1,5.171445923E0,9.422306213E0
2.671082612E1,1.716929626E-1,5.156926117E0,9.452992401E0
2.672084512E1,1.475930786E-1,5.221441956E0,9.490863647E0
2.673086412E1,1.270857239E-1,5.279371490E0,9.526639252E0
2.674088412E1,8.382568359E-2,5.293741608E0,9.580976257E0
2.675090312E1,4.206253052E-2,5.340294800E0,9.602381744E0
2.676092212E1,3.412902832E-2,5.365292816E0,9.614805908E0
2.677094112E1,2.769241333E-2,5.382806396E0,9.622739410E0
2.678096012E1,5.448669434E-2,5.395829315E0,9.615105286E0
2.679097912E1,9.190887451E-2,5.412145386E0,9.637558594E0
2.680099812E1,1.468446350E-1,5.443729706E0,9.642348633E0
2.681101712E1,2.005828857E-1,5.478008423E0,9.642049255E0
2.682103612E1,2.489323425E-1,5.487289124E0,9.664652252E0
2.683105512E1,2.890489197E-1,5.517825623E0,9.711205444E0
2.684107412E1,3.188369751E-1,5.537883911E0,9.729018402E0
2.685109412E1,3.436853027E-1,5.542524261E0,9.727072449E0
2.686111312E1,3.646417236E-1,5.521567841E0,9.721384277E0
2.687113212E1,3.941304016E-1,5.472469940E0,9.745633850E0
2.688115112E1,4.351451111E-1,5.441783752E0,9.796677704E0
2.689117012E1,4.599934387E-1,5.453908539E0,9.868977356E0
2.690118912E1,4.571493530E-1,5.489833832E0,9.940528564E0
2.691120812E1,4.529580688E-1,5.523364105E0,1.000609222E1
2.692122712E1,4.085005188E-1,5.525310059E0,1.006117767E1
2.693124612E1,3.649411011E-1,5.516628113E0,1.006671616E1
2.694126513E1,3.047662354E-1,5.531596985E0,1.007075775E1
2.695128512E1,2.445913696E-1,5.516927490E0,1.009336075E1
2.696130412E1,1.945953369E-1,5.556894379E0,1.009380981E1
2.697132312E1,1.610650635E-1,5.635630646E0,1.008228378E1
2.698134212E1,1.646575928E-1,5.677244110E0,1.005025040E1
2.699136112E1,1.601669312E-1,5.717061310E0,1.003318588E1
2.700138013E1,1.372645569E-1,5.755381622E0,1.006267456E1
2.701139912E1,1.233435059E-1,5.801485748E0,1.007150620E1
2.702141812E1,1.381626892E-1,5.841153259E0,1.011805939E1
2.703143712E1,1.471440125E-1,5.863157501E0,1.011102402E1
2.704145612E1,1.116677856E-1,5.844745789E0,1.017149826E1
2.705147612E1,1.293310547E-1,5.821094971E0,1.024260040E1
2.706149513E1,1.758842468E-1,5.878725128E0,1.028571075E1
2.707151412E1,2.330653381E-1,5.867947540E0,1.036833893E1
2.708153312E1,2.529739380E-1,5.834566956E0,1.037552399E1
2.709155212E1,2.694396973E-1,5.792354736E0,1.037088364E1
2.710157112E1,3.209326172E-1,5.747448120E0,1.036729111E1
2.711158975E1,3.197351074E-1,5.755980377E0,1.038809784E1
2.712160875E1,3.320095825E-1,5.794151001E0,1.044887146E1
2.713162775E1,3.436853027E-1,5.826633453E0,1.047177383E1
2.714164675E1,3.526666260E-1,5.870791626E0,1.046892975E1
2.715166675E1,3.754193115E-1,5.892945557E0,1.051533325E1
2.716168575E1,3.652404785E-1,5.929619293E0,1.055559952E1
2.717170475E1,3.565585327E-1,5.941893768E0,1.058598633E1
2.718172375E1,3.496728516E-1,5.940396881E0,1.063298859E1
2.719174275E1,3.665876770E-1,5.968688049E0,1.064391586E1
2.720176175E1,3.677851868E-1,5.973927155E0,1.063523392E1
2.721178075E1,3.544628906E-1,5.980064392E0,1.067340454E1
2.722179975E1,3.382965088E-1,6.006858673E0,1.069855225E1
2.723181875E1,3.201841736E-1,6.004164276E0,1.066202820E1
2.724183775E1,3.131488037E-1,5.986950073E0,1.062355820E1
2.725185775E1,3.104544067E-1,5.957611084E0,1.057745407E1
2.726187675E1,2.933898926E-1,5.983956299E0,1.059272232E1
2.727189575E1,2.908451843E-1,6.083050232E0,1.069615723E1
2.728191475E1,2.761756897E-1,6.372548218E0,1.111962662E1
2.729193375E1,2.025288391E-1,6.604416046E0,1.168036057E1
2.730195275E1,2.236349487E-1,6.653064880E0,1.186642365E1
2.731197175E1,2.621049500E-1,6.421795807E0,1.190070236E1
2.732199075E1,3.028202820E-1,6.059249725E0,1.191237808E1
2.733200975E1,3.005749512E-1,5.575156403E0,1.184456909E1
2.734202875E1,1.871109009E-1,4.849914551E0,1.121183487E1
2.735204875E1,4.477189636E-1,3.894900513E0,1.158710449E1
2.736206775E1,1.522334290E-1,3.015179901E0,1.063807800E1
2.737208675E1,1.787283325E-1,2.412084045E0,1.064301773E1
2.738210575E1,3.809577942E-1,2.740800476E0,1.101394638E1
2.739212475E1,3.317102051E-1,4.032913513E0,1.093715607E1
2.740214375E1,3.435356140E-1,5.438041534E0,1.186552551E1
2.741216275E1,1.950444031E-1,6.800059204E0,1.245664627E1
2.742218175E1,2.550695801E-1,7.762407990E0,1.274015671E1
2.743220075E1,4.138893127E-1,8.154442749E0,1.274150391E1
2.744221975E1,2.139051819E-1,7.775131531E0,1.255364456E1
2.745223875E1,8.996292114E-2,7.022646332E0,1.213870743E1
2.746225875E1,2.017803955E-1,6.308930511E0,1.150178192E1
2.747227775E1,2.942880249E-1,5.854924622E0,1.094089828E1
2.748229675E1,3.478765869E-1,5.670807495E0,1.067804489E1
2.749231575E1,3.978726196E-1,5.683531036E0,1.054901321E1
2.750233475E1,3.802093506E-1,5.904471588E0,1.081291443E1
2.751235375E1,4.210743713E-1,6.126310272E0,1.107427094E1
2.752237275E1,5.424719238E-1,6.174959106E0,1.136092484E1
2.753239175E1,5.709127808E-1,5.945635986E0,1.168260590E1
2.754241075E1,5.451663208E-1,5.706433411E0,1.182960022E1
2.755242975E1,5.309458923E-1,5.615422668E0,1.201027451E1
2.756244975E1,4.927752686E-1,5.677842865E0,1.222403000E1
2.757246875E1,3.902384949E-1,5.864953766E0,1.230156876E1
2.758248775E1,2.634521484E-1,6.022276611E0,1.216265762E1
2.759250675E1,1.716929626E-1,6.184838562E0,1.187001617E1
2.760252575E1,1.790277100E-1,6.309828644E0,1.156345367E1
2.761254475E1,2.417472839E-1,6.362519073E0,1.126751907E1
2.762256375E1,3.113525391E-1,6.350843353E0,1.104927292E1
2.763258275E1,3.245251465E-1,6.274801483E0,1.090617050E1
2.764260175E1,4.266128540E-1,6.164181519E0,1.090482330E1
2.765262075E1,8.167016602E-1,6.026617584E0,1.081022003E1
2.766264075E1,2.167492676E-1,6.503974915E0,1.127245880E1
2.767265975E1,1.104702759E-1,6.861132202E0,1.174382858E1
2.768267875E1,1.592687988E-1,6.964716797E0,1.198093552E1
2.769269775E1,1.158590698E-1,7.037166138E0,1.205772583E1
2.770271675E1,7.409591675E-2,6.847510529E0,1.197135544E1
2.771273575E1,1.125659180E-1,6.614445190E0,1.177316757E1
2.772275475E1,1.916015625E-1,6.403683472E0,1.160357025E1
2.773277375E1,3.210823059E-1,6.261179810E0,1.150088379E1
2.774279275E1,4.408332825E-1,6.216871948E0,1.148112488E1
2.775281175E1,5.186714172E-1,6.255192261E0,1.150357819E1
2.776283175E1,5.866300964E-1,6.319857788E0,1.157003998E1
2.777285075E1,6.032455444E-1,6.285878448E0,1.168949158E1
2.778286975E1,5.776487732E-1,6.247258759E0,1.168470154E1
2.779288875E1,5.861810303E-1,6.194718018E0,1.168006119E1
2.780290775E1,6.734495544E-1,6.182593231E0,1.171523804E1
2.781292675E1,7.084767151E-1,6.224955139E0,1.161105469E1
2.782294575E1,7.089257812E-1,6.242169342E0,1.149324966E1
2.783296475E1,7.030879211E-1,6.271508331E0,1.139999359E1
2.784298375E1,6.815327454E-1,6.356232147E0,1.140762772E1
2.785300275E1,6.785389709E-1,6.418951721E0,1.146810196E1
2.786302275E1,5.686674500E-1,6.491550751E0,1.157932068E1
2.787304175E1,5.343887329E-1,6.463558960E0,1.162722107E1
2.788306075E1,5.349874878E-1,6.394103394E0,1.164802780E1
2.789307975E1,4.409829712E-1,6.290967865E0,1.169113815E1
2.790309875E1,4.159849548E-1,6.405779114E0,1.161135406E1
2.791311775E1,3.858975220E-1,6.435716858E0,1.158411072E1
2.792313675E1,3.333567810E-1,6.462810516E0,1.164757874E1
2.793315575E1,2.935395813E-1,6.619983673E0,1.149085464E1
2.794317475E1,2.811154175E-1,6.741680603E0,1.125165207E1
2.795319375E1,2.535726929E-1,6.625222778E0,1.114746872E1
2.796321375E1,1.377136230E-2,6.614445190E0,1.115300720E1
2.797323275E1,1.347198486E-2,6.549779663E0,1.108085724E1
2.798325175E1,6.316864014E-2,6.399492188E0,1.103280716E1
2.799327075E1,3.757186890E-2,6.452032928E0,1.112471603E1
2.800328975E1,1.445993042E-1,6.744524689E0,1.111453720E1
2.801330875E1,3.650907898E-1,6.938670959E0,1.104418350E1
2.802332775E1,4.305047607E-1,6.935826874E0,1.102921463E1
2.803334675E1,4.119433594E-1,6.938221893E0,1.091245743E1
2.804336575E1,3.597019958E-1,6.853498077E0,1.082369202E1
2.805338475E1,3.890409851E-1,6.755152588E0,1.076561279E1
2.806340475E1,5.034031677E-1,6.667434998E0,1.078821579E1
2.807342375E1,6.008505249E-1,6.567143555E0,1.078671890E1
2.808344275E1,6.712042236E-1,6.420598297E0,1.076082275E1
2.809346175E1,6.948550415E-1,6.306086426E0,1.074300980E1
2.810348075E1,6.650669861E-1,6.268664246E0,1.065334625E1
2.811350100E1,6.789880371E-1,6.275400238E0,1.062685135E1
2.812352000E1,7.071295166E-1,6.403982849E0,1.070753357E1
2.813353900E1,6.571334839E-1,6.558311920E0,1.092697723E1
2.814355800E1,6.075865173E-1,6.712940369E0,1.109118576E1
2.815357700E1,5.381309509E-1,6.715784454E0,1.125374771E1
2.816359700E1,5.692662048E-1,6.569239197E0,1.127635071E1
2.817361600E1,5.903723145E-1,6.338419189E0,1.123758133E1
2.818363500E1,5.737568665E-1,6.095175018E0,1.115240845E1
2.819365400E1,5.668711853E-1,5.901627502E0,1.106663681E1
2.820367300E1,5.974076843E-1,5.851631470E0,1.086051544E1
2.821369200E1,5.547463989E-1,6.027216339E0,1.065154999E1
2.822371100E1,5.809419250E-1,6.161936188E0,1.050036438E1
2.823373000E1,6.096821594E-1,6.332281952E0,1.027268784E1
2.824374900E1,5.935157776E-1,6.341862030E0,1.003168900E1
2.825376800E1,5.310955811E-1,6.373446350E0,9.965975647E0
2.826378800E1,5.032534790E-1,6.435716858E0,9.825567627E0
2.827380700E1,4.260140991E-1,6.472390594E0,9.805060272E0
2.828382600E1,3.823049927E-1,6.528523865E0,9.915829926E0
2.829384500E1,4.653822327E-1,6.495891724E0,1.005983047E1
2.830386400E1,4.339476013E-1,6.473139038E0,1.025667114E1
2.831388300E1,3.779640198E-1,6.482270050E0,1.049737061E1
2.832390200E1,3.281176758E-1,6.427783356E0,1.068118835E1
2.833392100E1,3.110531616E-1,6.304140472E0,1.068912186E1
2.834394000E1,3.094065857E-1,6.155649261E0,1.072384964E1
2.835395900E1,3.415896606E-1,5.993087311E0,1.068837341E1
2.836397900E1,4.209246826E-1,5.807772675E0,1.034558624E1
2.837399800E1,4.064048767E-1,5.547014923E0,1.038719971E1
2.838401700E1,4.366419983E-1,5.451663208E0,1.030352371E1
2.839403600E1,5.513035583E-1,5.612428894E0,1.007794281E1
2.840405500E1,6.051914978E-1,5.680836639E0,1.010204269E1
2.841407400E1,5.581892395E-1,5.705834656E0,1.014530273E1
2.842409300E1,5.177732849E-1,5.705684967E0,1.021865021E1
2.843411200E1,4.569996643E-1,5.658832397E0,1.010713211E1
2.844413100E1,4.031117249E-1,5.613027649E0,1.000564316E1
2.845415000E1,4.484674072E-1,5.566923523E0,9.938283234E0
2.846417000E1,5.174739075E-1,5.552403717E0,9.804611206E0
2.847418900E1,5.432203674E-1,5.618117065E0,9.627828827E0
2.848420800E1,5.056484985E-1,5.684429169E0,9.536518707E0
2.849422700E1,4.629872131E-1,5.801635437E0,9.539512482E0
2.850424600E1,4.414320374E-1,5.894143066E0,9.483828278E0
2.851426500E1,4.186793518E-1,5.895789642E0,9.491911469E0
2.852428400E1,4.204756165E-1,5.831872559E0,9.542057190E0
2.853430300E1,4.788542175E-1,5.769003296E0,9.630074158E0
2.854432200E1,5.125341797E-1,5.658832397E0,9.732461243E0
2.855434200E1,5.261558533E-1,5.519023132E0,9.745035095E0
2.856436100E1,5.680686951E-1,5.387895813E0,9.611363068E0
2.857438000E1,3.472778320E-1,5.284760284E0,9.658814392E0
2.858439900E1,2.263293457E-1,5.277425537E0,9.758058014E0
2.859441800E1,2.841091919E-1,5.284760284E0,9.538015594E0
2.860443700E1,2.490820312E-1,5.342689819E0,9.301657104E0
2.861445600E1,2.595602417E-1,5.312602386E0,9.247320099E0
2.862447500E1,3.031196594E-1,5.201383667E0,9.312135315E0
2.863449400E1,3.058140564E-1,5.169050903E0,9.033414917E0
2.864451300E1,4.318519592E-1,5.112468567E0,8.861572266E0
2.865453300E1,5.454656982E-1,5.049299927E0,8.782835999E0
2.866455200E1,6.342311096E-1,4.976551208E0,8.795409851E0
2.867457100E1,6.598278809E-1,4.935985565E0,8.788374481E0
2.868459000E1,5.851332092E-1,4.966821442E0,8.902736664E0
2.869460900E1,5.785469055E-1,4.964276733E0,8.919052734E0
2.870462800E1,6.848258972E-1,5.066514130E0,8.850495300E0
2.871464700E1,7.427554321E-1,5.133424988E0,8.843160553E0
2.872466600E1,8.358618164E-1,5.259313202E0,8.680598602E0
2.873468500E1,8.894503784E-1,5.323679352E0,8.691825256E0
2.874470400E1,7.406597900E-1,5.130580902E0,8.793463898E0
2.875472400E1,6.403683472E-1,4.963378601E0,8.815168762E0
2.876474300E1,6.300398254E-1,4.715194702E0,8.832382965E0
2.877476200E1,5.947132874E-1,4.654421082E0,8.701255646E0
2.878478100E1,5.159770203E-1,4.644092560E0,8.717721405E0
2.879480000E1,5.111869812E-1,4.686903534E0,8.489745483E0
2.880481900E1,4.706213379E-1,4.773872681E0,8.483159180E0
2.881483800E1,4.096980286E-1,4.775968323E0,8.523724823E0
2.882485700E1,3.420387268E-1,4.732558594E0,8.358019409E0
2.883487600E1,2.769241333E-1,4.710704041E0,8.166866913E0
2.884489500E1,3.592529297E-1,4.695735168E0,8.115523682E0
2.885491500E1,4.466711426E-1,4.714296570E0,8.117020569E0
2.886493400E1,4.472698975E-1,4.754263458E0,8.095615082E0
2.887495300E1,4.448748779E-1,4.749323730E0,8.057444458E0
2.888497200E1,3.794609070E-1,4.787045288E0,8.019124146E0
2.889499100E1,3.342549133E-1,4.906796265E0,7.901768188E0
2.890501000E1,3.567082214E-1,4.941224670E0,7.827821960E0
2.891502900E1,3.662882996E-1,4.868775330E0,7.847131805E0
2.892504800E1,4.575984192E-1,4.830005951E0,7.830366669E0
2.893506700E1,6.071374512E-1,4.735552368E0,7.591014404E0
2.894508600E1,6.264472961E-1,4.734205170E0,7.390431519E0
2.895510600E1,5.828878784E-1,4.727618866E0,7.585775299E0
2.896512500E1,6.330335999E-1,4.725672913E0,7.387587433E0
2.897514400E1,4.682263184E-1,4.603526917E0,7.322323151E0
2.898516300E1,3.676354980E-1,4.374054108E0,7.313341827E0
2.899518200E1,3.094065857E-1,4.183949432E0,7.184010773E0
2.900520100E1,2.588117981E-1,4.362977142E0,7.089407501E0
2.901522000E1,1.734892273E-1,4.321064301E0,7.047344971E0
2.902523900E1,4.049079895E-1,4.294120331E0,6.720724182E0
2.903525800E1,6.836283875E-1,4.448748779E0,6.610702972E0
2.904527700E1,6.993457031E-1,4.489763489E0,6.674470367E0
2.905529700E1,7.030879211E-1,4.518653412E0,6.742878113E0
2.906531600E1,7.376660156E-1,4.580325165E0,6.718329163E0
2.907533500E1,8.039781189E-1,4.725822601E0,6.544989624E0
2.908535400E1,6.927593994E-1,4.851411438E0,6.377188568E0
2.909537300E1,6.789880371E-1,4.761448517E0,6.292913818E0
2.910539200E1,7.388635254E-1,4.686903534E0,6.170767822E0
2.911540967E1,6.405180359E-1,4.520599365E0,6.195915527E0
2.912542867E1,5.388793945E-1,4.348307648E0,6.277196503E0
2.913544767E1,4.716691589E-1,4.148772583E0,6.346352692E0
2.914546767E1,4.915777588E-1,4.073479156E0,6.394552460E0
2.915548667E1,6.574328613E-1,4.141886902E0,6.350094910E0
2.916550567E1,7.951464844E-1,4.212539978E0,6.363716583E0
2.917552467E1,6.884184265E-1,4.143982544E0,6.306685181E0
2.918554367E1,7.946974182E-1,4.064048767E0,6.153703308E0
2.919556267E1,8.024812317E-1,3.974235535E0,6.160888367E0
2.920558167E1,7.388635254E-1,3.839365997E0,6.257437592E0
2.921560067E1,5.774990845E-1,3.628005524E0,6.423143005E0
2.922561967E1,5.200186157E-1,3.521277466E0,6.342460785E0
2.923563867E1,5.954617310E-1,3.490740967E0,6.154302063E0
2.924565867E1,6.378236389E-1,3.407813416E0,6.158343658E0
2.925567767E1,6.700067139E-1,3.581302643E0,6.192622375E0
2.926569667E1,7.122189331E-1,3.852089539E0,6.451883240E0
2.927571567E1,5.631289673E-1,3.970792694E0,6.632108459E0
2.928573467E1,5.352868652E-1,3.983067169E0,6.575975189E0
2.929575367E1,6.203100586E-1,3.796105957E0,6.462960205E0
2.930577267E1,6.743476868E-1,3.675307159E0,6.215824127E0
2.931579167E1,6.721023560E-1,3.636986847E0,5.994883575E0
2.932581067E1,6.156697083E-1,3.620970154E0,5.851182404E0
2.933583067E1,5.459147644E-1,3.615132294E0,5.701643372E0
2.934584967E1,4.763095093E-1,3.583547974E0,5.608237610E0
2.935586867E1,4.866380310E-1,3.557352448E0,5.485941925E0
2.936588767E1,5.204676819E-1,3.540287933E0,5.389392700E0
2.937590667E1,5.330415344E-1,3.471730499E0,5.394033051E0
2.938592567E1,5.900729370E-1,3.472029877E0,5.453309784E0
2.939594467E1,6.489006042E-1,3.463497620E0,5.536686401E0
2.940596367E1,6.375242615E-1,3.406166840E0,5.615572357E0
2.941598267E1,6.279441833E-1,3.368594971E0,5.743406525E0
2.942600167E1,5.674699402E-1,3.381617889E0,5.789660339E0
2.943602167E1,4.507127380E-1,3.413501587E0,5.802832947E0
2.944604067E1,4.707710266E-1,3.327879639E0,5.790857849E0
2.945605967E1,4.595443726E-1,3.254831543E0,5.733826447E0
2.946607867E1,4.061054993E-1,3.284020844E0,5.674549713E0
2.947609767E1,3.752696228E-1,3.239862671E0,5.714516602E0
2.948611667E1,4.040098572E-1,3.156935120E0,5.716163177E0
2.949613567E1,4.885839844E-1,3.136278076E0,5.639522552E0
2.950615467E1,5.954617310E-1,3.164868622E0,5.626200256E0
2.951617367E1,5.450166321E-1,3.208278351E0,5.673950958E0
2.952619367E1,4.312532043E-1,3.242407379E0,5.650749207E0
2.953621267E1,4.987628174E-1,3.209924927E0,5.554199982E0
2.954623167E1,4.168830872E-1,3.211870880E0,5.422473907E0
2.955625067E1,2.176473999E-1,3.318149872E0,5.530249786E0
2.956626967E1,3.257226562E-1,3.246598663E0,5.540578308E0
2.957628867E1,4.043092346E-1,3.173400879E0,5.449717255E0
2.958630767E1,4.888833618E-1,3.143014069E0,5.469476166E0
2.959632667E1,5.764512634E-1,2.961142273E0,5.536237335E0
2.960634567E1,6.024971008E-1,2.935096436E0,5.511089630E0
2.961636567E1,5.444178772E-1,2.900368652E0,5.437742157E0
2.962638467E1,5.649252319E-1,2.913541260E0,5.382956085E0
2.963640367E1,6.268963623E-1,3.115022278E0,5.466931458E0
2.964642267E1,5.295986938E-1,3.053200836E0,5.541326752E0
2.965644167E1,5.137316895E-1,2.960543518E0,5.440436554E0
2.966646067E1,5.352868652E-1,2.923121338E0,5.367089081E0
2.967647967E1,4.087998962E-1,2.852767639E0,5.355712738E0
2.968649867E1,3.842509460E-1,2.833158417E0,5.282514954E0
2.969651767E1,3.121009827E-1,2.854414215E0,5.275479584E0
2.970653667E1,2.508782959E-1,2.878214722E0,5.262756042E0
2.971655667E1,2.880010986E-1,2.895728302E0,5.187013550E0
2.972657567E1,4.995112610E-1,2.851869507E0,5.072351990E0
2.973659467E1,6.848258972E-1,2.903661804E0,4.990322571E0
2.974661367E1,6.960525513E-1,2.856509857E0,5.084776154E0
2.975663267E1,7.277865601E-1,2.929857330E0,5.252427521E0
2.976665167E1,7.267387390E-1,2.998414764E0,5.345833282E0
2.977667067E1,6.207591248E-1,2.999013519E0,5.419480133E0
2.978668967E1,4.858895874E-1,2.966680756E0,5.594615936E0
2.979670867E1,4.007167053E-1,3.020419006E0,5.640121307E0
2.980672867E1,3.456312561E-1,3.025358734E0,5.520819397E0
2.981674767E1,3.543132019E-1,2.991678772E0,5.404211884E0
2.982676667E1,4.384382629E-1,2.910697174E0,5.316943359E0
2.983678567E1,5.376818848E-1,2.829715576E0,5.187163239E0
2.984680467E1,5.923182678E-1,2.776725769E0,5.153333588E0
2.985682367E1,6.032455444E-1,2.765050049E0,5.190007324E0
2.986684267E1,5.596861267E-1,2.696193237E0,5.290598145E0
2.987686167E1,5.724096680E-1,2.757266235E0,5.439388733E0
2.988688067E1,5.165757751E-1,2.934797058E0,5.560935974E0
2.989690067E1,4.567002869E-1,2.873873749E0,5.722749481E0
2.990691967E1,4.586462402E-1,2.923869781E0,5.751040649E0
2.991693867E1,4.716691589E-1,3.084934845E0,5.743406525E0
2.992695767E1,4.772076416E-1,3.119063873E0,5.611081696E0
2.993697667E1,3.677851868E-1,3.103047180E0,5.584586792E0
2.994699567E1,4.098477173E-1,3.089126129E0,5.480702820E0
2.995701467E1,4.953199768E-1,3.034489746E0,5.397775269E0
2.996703367E1,4.766088867E-1,2.995271301E0,5.365442505E0
2.997705267E1,4.779560852E-1,3.062481537E0,5.414390717E0
2.998707267E1,4.894821167E-1,3.136427765E0,5.474864960E0
2.999709167E1,4.635859680E-1,3.155438232E0,5.553451538E0
3.000711067E1,4.020639038E-1,3.192111969E0,5.555247803E0
3.001712967E1,4.361929321E-1,3.203188934E0,5.564378815E0
3.002714867E1,4.255650330E-1,3.222798157E0,5.583838348E0
3.003716767E1,3.912863159E-1,3.208128662E0,5.578599243E0
3.004718667E1,4.189787292E-1,3.222798157E0,5.574108582E0
3.005720567E1,3.794609070E-1,3.213816833E0,5.645360413E0
3.006722467E1,3.619473267E-1,3.227288818E0,5.716312866E0
3.007724467E1,3.641926575E-1,3.260070648E0,5.712870026E0
3.008726367E1,3.923341370E-1,3.339705048E0,5.750292206E0
3.009728267E1,3.906875610E-1,3.375630341E0,5.820645905E0
3.010730167E1,3.996688843E-1,3.434308319E0,5.838608551E0
3.011732050E1,3.881428528E-1,3.467539215E0,5.848937073E0
3.012733950E1,4.387376404E-1,3.433410187E0,5.838309174E0
3.013735850E1,4.761598206E-1,3.330723724E0,5.865552521E0
3.014737750E1,5.249583435E-1,3.270848236E0,5.784421234E0
3.015739650E1,5.331912231E-1,3.165916443E0,5.702391815E0
3.016741650E1,5.400769043E-1,3.136128387E0,5.751040649E0
3.017743550E1,5.980064392E-1,3.181334381E0,5.826783142E0
3.018745450E1,6.030958557E-1,3.269201660E0,5.891448669E0
3.019747350E1,5.881269836E-1,3.355272675E0,5.971681824E0
3.020749250E1,6.442602539E-1,3.481160889E0,5.975124664E0
3.021751150E1,6.794371033E-1,3.585793304E0,6.026767273E0
3.022753050E1,6.354286194E-1,3.658542023E0,6.099066925E0
3.023754950E1,6.062393188E-1,3.718866577E0,6.121819611E0
3.024756850E1,5.399272156E-1,3.760629730E0,6.120472412E0
3.025758850E1,4.537065125E-1,3.803889771E0,6.201004944E0
3.026760750E1,4.778063965E-1,3.867657166E0,6.237678680E0
3.027762650E1,4.523593140E-1,3.753145294E0,6.217620392E0
3.028764550E1,4.218228149E-1,3.653602295E0,6.190377045E0
3.029766450E1,3.978726196E-1,3.590283966E0,6.177354126E0
3.030768350E1,3.430865479E-1,3.623065796E0,6.160289612E0
3.031770250E1,3.100053406E-1,3.639830933E0,6.160139923E0
3.032772150E1,2.930905151E-1,3.677702179E0,6.117029572E0
3.033774050E1,2.881507874E-1,3.695515137E0,6.158942413E0
3.034776050E1,3.195854187E-1,3.704047394E0,6.199058990E0
3.035777950E1,3.817062378E-1,3.777245178E0,6.240971832E0
3.036779850E1,4.610412598E-1,3.890110474E0,6.366111603E0
3.037781750E1,4.647834778E-1,3.973786469E0,6.432872772E0
3.038783650E1,4.541555786E-1,4.040996704E0,6.554120636E0
3.039785550E1,4.342469788E-1,4.078119507E0,6.679709473E0
3.040787450E1,4.590953064E-1,4.145479431E0,6.647975464E0
3.041789350E1,5.242098999E-1,4.139342194E0,6.698420563E0
3.042791250E1,5.909710693E-1,4.118086395E0,6.686146088E0
3.043793250E1,6.824308777E-1,4.155508575E0,6.670578461E0
3.044795150E1,6.424639893E-1,4.195325775E0,6.719227295E0
3.045797050E1,5.405259705E-1,4.237088928E0,6.783593445E0
3.046798950E1,3.655398560E-1,4.199966125E0,6.850055237E0
3.047800850E1,2.854563904E-1,4.174668732E0,6.981481934E0
3.048802750E1,2.915936279E-1,4.220623169E0,7.123386841E0
3.049804650E1,3.766168213E-1,4.279450836E0,7.125632172E0
3.050806550E1,5.251080322E-1,4.236490173E0,7.150330811E0
3.051808550E1,6.673123169E-1,4.210893402E0,7.231162720E0
3.052810450E1,8.030799866E-1,4.168830872E0,7.274123383E0
3.053812350E1,8.819659424E-1,4.133654022E0,7.189998322E0
3.054814250E1,9.877958679E-1,4.131109314E0,7.192243652E0
3.055816150E1,1.045725403E0,4.243226166E0,7.170838165E0
3.056818050E1,9.828561401E-1,4.421056366E0,7.202272797E0
3.057819950E1,8.753796387E-1,4.512216797E0,7.299420776E0
3.058821850E1,8.355624390E-1,4.541256409E0,7.436236267E0
3.059823750E1,6.719526672E-1,4.633314972E0,7.562124481E0
3.060825750E1,5.709127808E-1,4.729265442E0,7.735314331E0
3.061827650E1,5.701643372E-1,4.752018127E0,7.914192352E0
3.062829550E1,5.861810303E-1,4.737348633E0,8.021668854E0
3.063831450E1,5.861810303E-1,4.693190460E0,8.050259399E0
3.064833350E1,5.530998230E-1,4.677024078E0,7.984246674E0
3.065835250E1,5.382806396E-1,4.716691589E0,7.953710175E0
3.066837150E1,5.439688110E-1,4.779710541E0,7.926167450E0
3.067839050E1,5.920188904E-1,4.849764862E0,7.893535309E0
3.068840950E1,5.828878784E-1,4.925806732E0,7.950866089E0
3.069842950E1,5.840853882E-1,5.019511871E0,8.014783173E0
3.070844850E1,5.447172546E-1,5.131628723E0,8.084089050E0
3.071846750E1,4.367916870E-1,5.205724640E0,8.164920959E0
3.072848650E1,3.778143311E-1,5.242847443E0,8.234226837E0
3.073850550E1,3.376977539E-1,5.288951569E0,8.292904816E0
3.074852450E1,3.912863159E-1,5.242098999E0,8.233328705E0
3.075854350E1,5.111869812E-1,5.128634949E0,8.183482361E0
3.076856250E1,5.653742981E-1,5.112468567E0,8.198451233E0
3.077858250E1,6.021977234E-1,5.130880280E0,8.194110260E0
3.078860150E1,6.553372192E-1,5.089416504E0,8.259673920E0
3.079862050E1,6.932084656E-1,5.089416504E0,8.315358124E0
3.080863950E1,7.441026306E-1,5.140460358E0,8.388555908E0
3.081865850E1,6.752458191E-1,5.201982422E0,8.485404510E0
3.082867750E1,5.737568665E-1,5.281916199E0,8.524622955E0
3.083869650E1,5.637277222E-1,5.383704529E0,8.617579651E0
3.084871550E1,5.786965942E-1,5.491779785E0,8.779991913E0
3.085873450E1,5.204676819E-1,5.574258270E0,8.894653473E0
3.086875450E1,4.951702881E-1,5.612279205E0,8.898246002E0
3.087877350E1,4.833448792E-1,5.649551697E0,8.759783936E0
3.088879250E1,4.529580688E-1,5.695655823E0,8.684191132E0
3.089881150E1,4.758604431E-1,5.745502167E0,8.659791870E0
3.090883050E1,5.191204834E-1,5.816903687E0,8.733438721E0
3.091884950E1,5.077441406E-1,5.873336334E0,8.763975220E0
3.092886850E1,5.956114197E-1,5.980962524E0,8.955127716E0
3.093888750E1,6.997947693E-1,6.033503265E0,9.029073944E0
3.094890650E1,7.497908020E-1,5.978717194E0,8.957223358E0
3.095892650E1,8.526269531E-1,5.937403107E0,8.999734955E0
3.096894550E1,8.178991699E-1,5.868396606E0,8.926088104E0
3.097896450E1,9.220825195E-1,5.987099762E0,9.049132233E0
3.098898350E1,9.482780457E-1,6.112987976E0,9.202712860E0
3.099900250E1,7.436535645E-1,6.111042023E0,9.229058075E0
3.100902150E1,5.616320801E-1,6.180347900E0,9.339079285E0
3.101904050E1,4.284091187E-1,6.236481171E0,9.488019562E0
3.102905950E1,4.249662781E-1,6.308481445E0,9.558522949E0
3.103907950E1,4.661306763E-1,6.341412964E0,9.592801666E0
3.104909850E1,5.475613403E-1,6.323001251E0,9.551188202E0
3.105911750E1,6.140231323E-1,6.273304596E0,9.412426758E0
3.106913650E1,6.292913818E-1,6.311924286E0,9.334588623E0
3.107915550E1,6.210585022E-1,6.389912109E0,9.393565979E0
3.108917450E1,5.894741821E-1,6.471941528E0,9.467063141E0
3.109919350E1,5.839356995E-1,6.531068573E0,9.432634735E0
3.110921250E1,5.837860107E-1,6.644083557E0,9.332792358E0
3.111923300E1,5.587879944E-1,6.607709198E0,9.352401581E0
3.112925200E1,5.722599792E-1,6.547384644E0,9.497749329E0
3.113927100E1,5.292993164E-1,6.563551025E0,9.455088043E0
3.114929000E1,6.249504089E-1,6.683601379E0,9.215286713E0
3.115930900E1,8.668473816E-1,6.939120026E0,8.962462463E0
3.116932800E1,9.274713135E-1,7.236850891E0,8.778794403E0
3.117934700E1,7.140151978E-1,7.489525452E0,8.703800354E0
3.118936600E1,8.602610779E-1,8.216563568E0,8.503516846E0
3.119938500E1,1.100511475E0,8.929381256E0,8.514893188E0
3.120940500E1,1.115630035E0,9.379046173E0,8.764274597E0
3.121942400E1,8.828640747E-1,9.436376953E0,9.354497223E0
3.122944300E1,7.378157043E-1,9.112151184E0,9.682165833E0
3.123946200E1,8.006849670E-1,8.552165680E0,9.612560577E0
3.124948100E1,8.412506104E-1,7.888296204E0,9.697883148E0
3.125950000E1,7.768844604E-1,7.413782959E0,9.845476227E0
3.126951900E1,8.074209595E-1,7.211254120E0,1.015398468E1
3.127953800E1,8.616082764E-1,7.124135284E0,1.052700897E1
3.128955800E1,8.882528687E-1,6.995702362E0,1.071890991E1
3.129957700E1,8.065228271E-1,6.832691345E0,1.081007034E1
3.130959600E1,6.173162842E-1,6.783743134E0,1.074869797E1
3.131961500E1,4.285588074E-1,6.856791229E0,1.061203217E1
3.132963400E1,3.176394653E-1,7.104076996E0,1.046354095E1
3.133965300E1,2.740800476E-1,7.364535370E0,1.035037628E1
3.134967200E1,3.269201660E-1,7.497758331E0,1.034753220E1
3.135969100E1,4.099974060E-1,7.562573547E0,1.030277527E1
3.136971000E1,4.861889648E-1,7.513924713E0,1.025607239E1
3.137973000E1,5.734574890E-1,7.478897552E0,1.033899994E1
3.138974900E1,6.800358582E-1,7.513625336E0,1.052895493E1
3.139976800E1,7.728428650E-1,7.611671448E0,1.069915100E1
3.140978700E1,8.318202209E-1,7.699089661E0,1.078641953E1
3.141980600E1,8.213420105E-1,7.709717560E0,1.087249054E1
3.142982500E1,8.232879639E-1,7.681276703E0,1.104777603E1
3.143984400E1,7.565267944E-1,7.733667755E0,1.123084534E1
3.144986300E1,6.710545349E-1,7.812853088E0,1.135628448E1
3.145988300E1,6.653663635E-1,7.824977875E0,1.128413452E1
3.146990200E1,7.467970276E-1,7.908204803E0,1.114327744E1
3.147992100E1,7.918533325E-1,7.969427490E0,1.101918549E1
3.148994000E1,8.345146179E-1,7.901618500E0,1.088596252E1
3.149995900E1,9.571096802E-1,7.806416473E0,1.083551743E1
3.150997800E1,1.056952057E0,7.701784058E0,1.062325882E1
3.151999700E1,1.034947815E0,7.749534760E0,1.045934967E1
3.153001600E1,9.583071899E-1,7.841293945E0,1.065903442E1
3.154003600E1,7.815248108E-1,8.021968231E0,1.090078171E1
3.155005500E1,6.355783081E-1,8.140970764E0,1.110585526E1
3.156007400E1,7.132667542E-1,7.943082275E0,1.121108643E1
3.157009300E1,6.873706055E-1,7.783065033E0,1.121303238E1
3.158011200E1,5.981561279E-1,7.826923828E0,1.123862915E1
3.159013100E1,4.638853455E-1,7.892786865E0,1.135643417E1
3.160015000E1,4.176315308E-1,7.910300446E0,1.150432663E1
3.161016900E1,5.047503662E-1,7.857759705E0,1.156495056E1
3.162018800E1,5.596861267E-1,7.730673981E0,1.150387756E1
3.163020800E1,5.427713013E-1,7.752827911E0,1.143696671E1
3.164022700E1,5.548960876E-1,7.817493439E0,1.136406830E1
3.165024600E1,5.099894714E-1,7.797285461E0,1.128383514E1
3.166026500E1,4.694238281E-1,7.769892426E0,1.112187195E1
3.167028400E1,4.284091187E-1,7.720195770E0,1.082473984E1
3.168030300E1,3.146456909E-1,7.837701416E0,1.060290115E1
3.169032200E1,2.565664673E-1,8.078550568E0,1.051847672E1
3.170034100E1,2.130070496E-1,8.405620422E0,1.048449738E1
3.171036100E1,1.601669312E-1,8.765621796E0,1.061831909E1
3.172038000E1,1.597178650E-1,9.066645813E0,1.097233292E1
3.173039900E1,1.228944397E-1,9.312285004E0,1.118578903E1
3.174041800E1,3.665876770E-1,8.994645538E0,1.124895767E1
3.175043700E1,5.466632080E-1,8.762777710E0,1.154444321E1
3.176045600E1,5.263055420E-1,8.609646149E0,1.136796021E1
3.177047500E1,5.309458923E-1,8.323740692E0,1.120450012E1
3.178049400E1,6.216572571E-1,8.144563293E0,1.106364304E1
3.179051400E1,7.729925537E-1,8.136180725E0,1.098490677E1
3.180053300E1,9.324110413E-1,8.179740143E0,1.094284424E1
3.181055200E1,8.830137634E-1,8.256680145E0,1.092368408E1
3.182057100E1,7.872129822E-1,8.350085907E0,1.089823700E1
3.183059000E1,7.625143433E-1,8.454418945E0,1.097637451E1
3.184060900E1,7.212002563E-1,8.500672760E0,1.110256210E1
3.185062800E1,6.451583862E-1,8.476872253E0,1.127455444E1
3.186064700E1,5.141807556E-1,8.395740967E0,1.143082947E1
3.187066700E1,3.641926575E-1,8.341703339E0,1.145043869E1
3.188068600E1,2.513273621E-1,8.164172516E0,1.141047180E1
3.189070500E1,2.127076721E-1,8.003257141E0,1.123054596E1
3.190072400E1,2.435435486E-1,7.879314880E0,1.106274490E1
3.191074300E1,2.547702026E-1,7.785460052E0,1.100197128E1
3.192076200E1,3.493734741E-1,7.740403748E0,1.109777206E1
3.193078100E1,4.246669006E-1,7.961194611E0,1.149744095E1
3.194080000E1,2.853067017E-1,8.286767578E0,1.198931808E1
3.195082000E1,1.640588379E-1,8.275840302E0,1.188723038E1
3.196083900E1,1.293310547E-1,8.212971039E0,1.157048904E1
3.197085800E1,6.990463257E-2,8.128995667E0,1.131571884E1
3.198087700E1,1.050814819E-1,8.212521973E0,1.115585129E1
3.199089600E1,8.592132568E-2,8.346493378E0,1.106843307E1
3.200091500E1,-1.103205872E-1,8.418194275E0,1.110615463E1
3.201093400E1,3.727249146E-2,8.506061554E0,1.100316879E1
3.202095300E1,3.215313721E-1,8.288863220E0,1.070079758E1
3.203097300E1,4.457730103E-1,8.182733917E0,1.075438614E1
3.204099200E1,3.415896606E-1,8.236771545E0,1.103265747E1
3.205101100E1,2.357597351E-1,8.292605438E0,1.120180573E1
3.206103000E1,3.342549133E-1,8.176746368E0,1.116468292E1
3.207104900E1,5.364843750E-1,8.021070099E0,1.111169312E1
3.208106800E1,5.978567505E-1,7.957901459E0,1.100706070E1
3.209108700E1,5.909710693E-1,7.895032196E0,1.099164276E1
3.210110600E1,6.354286194E-1,7.836503906E0,1.096080688E1
3.211112600E1,6.346801758E-1,7.865543518E0,1.091964249E1
3.212114500E1,5.894741821E-1,7.926616516E0,1.093910202E1
3.213116400E1,5.896238708E-1,7.991731110E0,1.097203354E1
3.214118300E1,5.971083069E-1,7.977810059E0,1.098101486E1
3.215120200E1,5.692662048E-1,7.979905701E0,1.091305618E1
3.216122100E1,5.167254639E-1,8.018226013E0,1.095871124E1
3.217124000E1,5.454656982E-1,8.075407104E0,1.106304428E1
3.218125900E1,5.050497437E-1,8.051606598E0,1.100616257E1
3.219127900E1,4.649331665E-1,8.019124146E0,1.089539291E1
3.220129800E1,4.385879517E-1,7.997119904E0,1.078926361E1
3.221131700E1,4.071533203E-1,7.985444183E0,1.061831909E1
3.222133600E1,3.170407104E-1,8.038883057E0,1.055140823E1
3.223135500E1,2.671943665E-1,8.036637726E0,1.054377411E1
3.224137400E1,2.489323425E-1,8.050409088E0,1.055814423E1
3.225139300E1,1.371148682E-1,8.063731384E0,1.062191162E1
3.226141200E1,8.322692871E-2,8.023165741E0,1.056383240E1
3.227143200E1,1.902543640E-1,7.954458618E0,1.053509216E1
3.228145100E1,3.302133179E-1,7.960895233E0,1.054706726E1
3.229147000E1,3.429368591E-1,7.991581421E0,1.061876816E1
3.230148900E1,2.983296204E-1,8.013136597E0,1.058224411E1
3.231150800E1,3.062631226E-1,7.958799591E0,1.056787399E1
3.232152700E1,3.879931641E-1,7.925868073E0,1.055664734E1
3.233154600E1,4.947212219E-1,7.829318848E0,1.054437286E1
3.234156500E1,6.475534058E-1,7.613767090E0,1.040740768E1
3.235158500E1,7.384144592E-1,7.450756073E0,1.025906616E1
3.236160400E1,7.620652771E-1,7.338190155E0,1.021056702E1
3.237162300E1,7.258406067E-1,7.357500000E0,1.010623398E1
3.238164200E1,6.710545349E-1,7.402705994E0,1.003767654E1
3.239166100E1,6.301895142E-1,7.483986969E0,1.008273285E1
3.240168000E1,5.902226257E-1,7.644453278E0,1.007225464E1
3.241169900E1,5.821394348E-1,7.745642853E0,1.003902374E1
3.242171800E1,5.605842590E-1,7.843688965E0,1.009650421E1
3.243173800E1,5.297483826E-1,7.813002777E0,1.011282028E1
3.244175700E1,5.379812622E-1,7.607779541E0,9.986033936E0
3.245177600E1,5.146298218E-1,7.452103271E0,9.846673737E0
3.246179500E1,5.245092773E-1,7.334747314E0,9.733059998E0
3.247181400E1,4.731660461E-1,7.260651398E0,9.787097626E0
3.248183300E1,3.995191956E-1,7.430697784E0,9.922116852E0
3.249185200E1,3.996688843E-1,7.587721252E0,1.000863693E1
3.250187100E1,4.058061218E-1,7.464826813E0,1.008722351E1
3.251189100E1,4.213737488E-1,7.336244202E0,1.012389725E1
3.252191000E1,3.921844482E-1,7.355703735E0,1.011491592E1
3.253192900E1,3.092568970E-1,7.307953033E0,1.000489471E1
3.254194800E1,2.550695801E-1,7.164401550E0,9.930200043E0
3.255196700E1,2.737806702E-1,7.045997772E0,9.830207977E0
3.256198600E1,2.993774414E-1,7.035818939E0,9.721384277E0
3.257200500E1,3.511697388E-1,7.026987305E0,9.646689606E0
3.258202400E1,3.891906738E-1,7.016359406E0,9.548643494E0
3.259204400E1,4.082011414E-1,7.003785553E0,9.466015320E0
3.260206300E1,4.498146057E-1,7.000642090E0,9.469009094E0
3.261208200E1,4.567002869E-1,6.983278198E0,9.516759796E0
3.262210100E1,4.420307922E-1,6.949448547E0,9.578281860E0
3.263212000E1,4.122427368E-1,6.866670685E0,9.774673462E0
3.264213900E1,3.794609070E-1,6.715335388E0,1.001103195E1
3.265215800E1,4.231700134E-1,6.507717133E0,1.012883698E1
3.266217700E1,5.774990845E-1,6.325246582E0,1.018062927E1
3.267219700E1,6.430627441E-1,6.142925720E0,1.024020538E1
3.268221600E1,6.370751953E-1,5.950426025E0,1.005683670E1
3.269223500E1,7.265890503E-1,5.821394348E0,9.858948212E0
3.270225400E1,6.843768311E-1,5.764662323E0,9.706864471E0
3.271227300E1,6.716532898E-1,5.812413025E0,9.555379486E0
3.272229200E1,6.195616150E-1,5.928721161E0,9.409432983E0
3.273231100E1,5.334906006E-1,5.981112213E0,9.433832245E0
3.274233000E1,4.525090027E-1,6.103407898E0,9.452693024E0
3.275235000E1,3.623963928E-1,6.246809692E0,9.461374969E0
3.276236900E1,2.908451843E-1,6.316564636E0,9.473050690E0
3.277238800E1,2.724334717E-1,6.413113861E0,9.449399872E0
3.278240700E1,2.157014465E-1,6.485563202E0,9.494456177E0
3.279242600E1,1.716929626E-1,6.455026703E0,9.513915710E0
3.280244500E1,1.877096558E-1,6.370452576E0,9.456135864E0
3.281246400E1,2.168989563E-1,6.241720276E0,9.369166718E0
3.282248300E1,2.481838989E-1,6.205345917E0,9.191486206E0
3.283250300E1,2.642005920E-1,6.098019104E0,9.152118073E0
3.284252200E1,2.592608643E-1,5.982309723E0,9.076674957E0
3.285254100E1,2.161505127E-1,5.965095520E0,9.044192505E0
3.286256000E1,2.131567383E-1,5.927224274E0,9.016200714E0
3.287257900E1,1.924996948E-1,5.894592133E0,9.024283905E0
3.288259800E1,2.118095398E-1,5.975124664E0,8.986412659E0
3.289261700E1,2.447410583E-1,5.935157776E0,9.048832855E0
3.290263700E1,2.357597351E-1,5.903723145E0,8.975635071E0
3.291265600E1,7.304809570E-2,6.018684082E0,8.918753357E0
3.292267500E1,1.727407837E-1,6.146518250E0,9.055419159E0
3.293269400E1,5.209167480E-1,5.909261627E0,9.131910095E0
3.294271300E1,3.513194275E-1,5.786067810E0,8.912316742E0
3.295273200E1,4.948709106E-1,5.679339752E0,8.671168213E0
3.296275100E1,5.974076843E-1,5.493875427E0,8.630752258E0
3.297277000E1,2.939886475E-1,5.351820831E0,8.365204468E0
3.298279000E1,2.429447937E-1,5.377267914E0,8.230933685E0
3.299280900E1,4.477189636E-1,5.489684143E0,8.461304626E0
3.300282800E1,3.893403625E-1,5.578150177E0,8.409362640E0
3.301284700E1,3.351530457E-1,5.568570099E0,8.262817383E0
3.302286600E1,2.424957275E-1,5.528154144E0,8.195607147E0
3.303288500E1,2.158511353E-1,5.523813171E0,8.356223145E0
3.304290400E1,2.234852600E-1,5.526956635E0,8.385711823E0
3.305292300E1,2.134561157E-1,5.552852783E0,8.348139954E0
3.306294300E1,1.440005493E-1,5.567073212E0,8.403075714E0
3.307296200E1,5.553451538E-2,5.632487183E0,8.491092682E0
3.308298100E1,7.439529419E-2,5.676495667E0,8.517587585E0
3.309300000E1,1.353186035E-1,5.578748932E0,8.497379608E0
3.310301900E1,1.393601990E-1,5.521717529E0,8.452772369E0
3.311303800E1,1.339714050E-1,5.482050018E0,8.367300110E0
3.312306042E1,1.019380188E-1,5.443879395E0,8.247249756E0
3.313307942E1,8.337661743E-2,5.406756592E0,8.154891815E0
3.314309942E1,7.065307617E-2,5.378764801E0,8.080795898E0
3.315311842E1,9.834548950E-2,5.389692078E0,8.070018311E0
3.316313742E1,8.607101440E-2,5.454956360E0,8.087681580E0
3.317315642E1,7.110214233E-2,5.395230560E0,8.101303253E0
3.318317542E1,4.625381470E-2,5.385051727E0,8.095465393E0
3.319319442E1,5.867797852E-2,5.370082855E0,8.086334381E0
3.320321342E1,7.050338745E-2,5.327122192E0,8.140372009E0
3.321323242E1,2.439926147E-2,5.292544098E0,8.126900024E0
3.322325242E1,-1.107696533E-2,5.266947327E0,8.149203644E0
3.323327142E1,-1.811233521E-2,5.258714447E0,8.146509247E0
3.324329042E1,4.266128540E-2,5.258415070E0,8.164172516E0
3.325330942E1,8.981323242E-2,5.255421295E0,8.208929443E0
3.326332842E1,1.552272034E-1,5.207820282E0,8.167465668E0
3.327334742E1,2.183958435E-1,5.155429230E0,8.106242981E0
3.328336642E1,2.734812927E-1,5.132975922E0,7.989635468E0
3.329338542E1,3.260220337E-1,5.089715881E0,7.917784882E0
3.330340542E1,3.489244080E-1,5.112318878E0,7.922874298E0
3.331342442E1,3.673361206E-1,5.168302460E0,7.952362976E0
3.332344342E1,3.418890381E-1,5.170697479E0,7.972271576E0
3.333346242E1,3.444337463E-1,5.167104950E0,7.958350525E0
3.334348142E1,3.351530457E-1,5.156327362E0,7.948022003E0
3.335350042E1,3.378474426E-1,5.167404327E0,7.927065582E0
3.336351942E1,3.336561584E-1,5.192552032E0,7.953410797E0
3.337353842E1,2.845582581E-1,5.238656158E0,7.938890991E0
3.338355842E1,3.041674805E-1,5.238207092E0,7.872578888E0
3.339357742E1,2.655477905E-1,5.189408569E0,7.811805267E0
3.340359642E1,2.276765442E-1,5.187013550E0,7.798183594E0
3.341361542E1,2.427951050E-1,5.186115417E0,7.827073517E0
3.342363442E1,1.788780212E-1,5.190306702E0,7.857759705E0
3.343365342E1,1.362167358E-1,5.201383667E0,7.845185852E0
3.344367242E1,1.642085266E-1,5.186115417E0,7.836653595E0
3.345369242E1,1.664538574E-1,5.144951019E0,7.801327057E0
3.346371142E1,1.377136230E-1,5.107828217E0,7.836503906E0
3.347373042E1,9.565109253E-2,5.091063080E0,7.852370911E0
3.348374942E1,7.828720093E-2,5.062472534E0,7.853418732E0
3.349376842E1,8.592132568E-2,5.043312378E0,7.859106903E0
3.350378742E1,7.649093628E-2,5.050647125E0,7.895032196E0
3.351380642E1,1.246907043E-1,5.046605530E0,7.863896942E0
3.352382542E1,2.002835083E-1,5.063520355E0,7.865543518E0
3.353384542E1,2.104623413E-1,5.050946503E0,7.899073792E0
3.354386442E1,1.836680603E-1,5.060376892E0,7.874524841E0
3.355388342E1,1.606159973E-1,5.098996582E0,7.864795074E0
3.356390242E1,1.537303162E-1,5.106780396E0,7.832612000E0
3.357392142E1,1.381626892E-1,5.107678528E0,7.806266785E0
3.358394042E1,1.216969299E-1,5.114115143E0,7.792645111E0
3.359395942E1,1.118174744E-1,5.143603821E0,7.815397797E0
3.360397842E1,8.637039185E-2,5.200934601E0,7.814799042E0
3.361399842E1,7.394622803E-2,5.231471100E0,7.868986359E0
3.362401742E1,6.825805664E-2,5.235662384E0,7.876021729E0
3.363403642E1,3.667373657E-2,5.246290283E0,7.887996826E0
3.364405542E1,1.586700439E-2,5.267845459E0,7.951614532E0
3.365407442E1,5.748046875E-2,5.290598145E0,7.960146790E0
3.366409342E1,6.810836792E-2,5.255271606E0,7.973918152E0
3.367411242E1,8.098159790E-2,5.222340088E0,7.958500214E0
3.368413142E1,1.062789917E-1,5.204527130E0,7.976013794E0
3.369415142E1,1.505868530E-1,5.192851410E0,8.001610565E0
3.370417042E1,1.766326904E-1,5.196294250E0,7.993976440E0
3.371418942E1,1.559756470E-1,5.222489777E0,8.036787415E0
3.372420842E1,1.616638184E-1,5.250930634E0,8.104746094E0
3.373422742E1,1.631607056E-1,5.279820557E0,8.119714966E0
3.374424642E1,1.438508606E-1,5.256020050E0,8.111182709E0
3.375426542E1,1.465452576E-1,5.218897247E0,8.088280334E0
3.376428542E1,1.688488770E-1,5.254223785E0,8.078251190E0
3.377430442E1,1.848655701E-1,5.271138611E0,8.053552551E0
3.378432342E1,2.168989563E-1,5.267097015E0,8.084987183E0
3.379434242E1,2.796185303E-1,5.297483826E0,8.137827301E0
3.380436142E1,2.830613708E-1,5.358107758E0,8.140222321E0
3.381438042E1,2.579136658E-1,5.413941650E0,8.185877380E0
3.382439942E1,2.477348328E-1,5.450765076E0,8.213719482E0
3.383441842E1,2.353106689E-1,5.447471924E0,8.201445007E0
3.384443842E1,2.368075562E-1,5.449118500E0,8.182584229E0
3.385445742E1,2.342628479E-1,5.450465698E0,8.208630066E0
3.386447642E1,2.697390747E-1,5.470374298E0,8.299341431E0
3.387449542E1,2.884501648E-1,5.482349396E0,8.329877930E0
3.388451442E1,3.246748352E-1,5.478008423E0,8.386160889E0
3.389453342E1,3.511697388E-1,5.536087646E0,8.468639374E0
3.390455242E1,3.213816833E-1,5.553601227E0,8.456664276E0
3.391457142E1,3.122506714E-1,5.592669983E0,8.510851593E0
3.392459142E1,3.336561584E-1,5.655539246E0,8.547675018E0
3.393461042E1,2.917433167E-1,5.656138000E0,8.513246613E0
3.394462942E1,2.639012146E-1,5.650599518E0,8.477620697E0
3.395464842E1,2.835104370E-1,5.612728271E0,8.455317078E0
3.396466742E1,2.719844055E-1,5.602250061E0,8.492290192E0
3.397468642E1,3.109034729E-1,5.551206207E0,8.494236145E0
3.398470542E1,2.517764282E-1,5.581143951E0,8.509205017E0
3.399472442E1,1.510359192E-1,5.724695435E0,8.559650116E0
3.400474442E1,9.490264893E-2,5.674100647E0,8.583750000E0
3.401476342E1,2.537223816E-1,5.927074585E0,8.564140778E0
3.402478242E1,1.850152588E-1,5.939498749E0,8.669671326E0
3.403480142E1,1.606159973E-1,5.940845947E0,8.730594635E0
3.404482042E1,1.651066589E-1,5.927972717E0,8.759484558E0
3.405483942E1,1.832189941E-1,5.906417542E0,8.836723938E0
3.406485842E1,2.189945984E-1,5.928870850E0,8.866062927E0
3.407487842E1,2.501298523E-1,5.926924896E0,8.879085846E0
3.408489742E1,2.999761963E-1,5.904022522E0,8.919651489E0
3.409491642E1,2.992277527E-1,5.935457153E0,8.956325226E0
3.410493542E1,3.007246399E-1,6.011049957E0,8.976233826E0
3.411495087E1,2.788700867E-1,6.034850464E0,8.998088379E0
3.412496987E1,2.386038208E-1,6.049220581E0,9.089099121E0
3.413498887E1,2.369572449E-1,6.156397705E0,9.176367645E0
3.414500787E1,2.338137817E-1,6.238427124E0,9.226962433E0
3.415502787E1,2.633024597E-1,6.237978058E0,9.241482239E0
3.416504687E1,3.046165466E-1,6.207591248E0,9.243128815E0
3.417506587E1,3.302133179E-1,6.183042297E0,9.166039124E0
3.418508487E1,3.052153015E-1,6.206543427E0,9.154064026E0
3.419510387E1,2.871029663E-1,6.251749420E0,9.176068268E0
3.420512287E1,3.017724609E-1,6.299500122E0,9.217981110E0
3.421514187E1,3.040177917E-1,6.306535492E0,9.252708893E0
3.422516087E1,3.206332397E-1,6.320606232E0,9.285640411E0
3.423518087E1,4.034111023E-1,6.314019928E0,9.361382904E0
3.424519987E1,3.365002441E-1,6.369554443E0,9.402098236E0
3.425521887E1,2.709365845E-1,6.519991608E0,9.400451660E0
3.426523787E1,3.543132019E-1,6.462211761E0,9.494605865E0
3.427525687E1,3.456312561E-1,6.546486511E0,9.530680847E0
3.428527587E1,3.317102051E-1,6.584507446E0,9.616751862E0
3.429529487E1,2.658471680E-1,6.592740326E0,9.661359100E0
3.430531487E1,2.724334717E-2,6.471043396E0,9.723629608E0
3.431533387E1,4.246669006E-1,6.825506287E0,9.693691864E0
3.432535287E1,4.038601685E-1,6.762038269E0,9.801617432E0
3.433537187E1,2.595602417E-1,6.703360291E0,9.826465759E0
3.434539087E1,3.242257690E-1,6.761439514E0,9.774374084E0
3.435540987E1,3.406915283E-1,6.753805389E0,9.737850037E0
3.436542887E1,3.462300110E-1,6.797664185E0,9.757159882E0
3.437544787E1,3.522175598E-1,6.815626831E0,9.766440582E0
3.438546787E1,3.604504395E-1,6.834637299E0,9.835147705E0
3.439548687E1,3.582051086E-1,6.875053253E0,9.929301910E0
3.440550587E1,3.370989990E-1,6.881789246E0,9.980046387E0
3.441552487E1,3.206332397E-1,6.869365082E0,9.991572418E0
3.442554387E1,3.508703613E-1,6.868317261E0,1.002794678E1
3.443556287E1,3.582051086E-1,6.903793488E0,1.008632538E1
3.444558187E1,3.537144470E-1,6.990912323E0,1.015847534E1
3.445560087E1,3.987707520E-1,7.057823181E0,1.020562729E1
3.446562087E1,4.661306763E-1,7.082970886E0,1.025173141E1
3.447563987E1,4.776567078E-1,7.107819214E0,1.030531998E1
3.448565887E1,4.728666687E-1,7.139253845E0,1.035441788E1
3.449567787E1,4.710704041E-1,7.153623962E0,1.039932449E1
3.450569687E1,4.249662781E-1,7.167694702E0,1.042477158E1
3.451571587E1,3.826043701E-1,7.170089722E0,1.045530807E1
3.452573488E1,3.924838257E-1,7.191794586E0,1.045336212E1
3.453575487E1,4.104464722E-1,7.203170929E0,1.049168243E1
3.454577387E1,4.309538269E-1,7.282655640E0,1.052162018E1
3.455579287E1,4.766088867E-1,7.343728638E0,1.052132080E1
3.456581187E1,4.984634399E-1,7.374115448E0,1.053748718E1
3.457583087E1,5.093907166E-1,7.402256927E0,1.054212753E1
3.458584988E1,5.369334412E-1,7.451205139E0,1.061397812E1
3.459586887E1,4.764591980E-1,7.520361328E0,1.071232361E1
3.460588787E1,3.959266663E-1,7.561076660E0,1.078716797E1
3.461590787E1,3.552113342E-1,7.597301331E0,1.080138840E1
3.462592687E1,3.326083374E-1,7.620203705E0,1.084434906E1
3.463594587E1,3.824546814E-1,7.608228607E0,1.087084396E1
3.464596488E1,4.191284180E-1,7.592062225E0,1.084090622E1
3.465598387E1,4.397854614E-1,7.587421875E0,1.080827408E1
3.466600287E1,4.507127380E-1,7.549101563E0,1.080992065E1
3.467602187E1,4.607418823E-1,7.527097321E0,1.082773361E1
3.468604187E1,4.715194702E-1,7.527247009E0,1.088491470E1
3.469606087E1,4.830455017E-1,7.531737671E0,1.098400864E1
3.470607988E1,5.492079163E-1,7.524702301E0,1.102592148E1
3.471609887E1,6.177653503E-1,7.459587708E0,1.099194214E1
3.472611787E1,7.283853149E-1,7.419471130E0,1.094119766E1
3.473613687E1,8.267308044E-1,7.390730896E0,1.100212097E1
3.474615587E1,8.518785095E-1,7.429799652E0,1.116632950E1
3.475617487E1,7.842192078E-1,7.589667206E0,1.126946503E1
3.476619488E1,5.459147644E-1,7.873327332E0,1.132185608E1
3.477621387E1,3.245251465E-1,7.994724884E0,1.145028900E1
3.478623287E1,2.049238586E-1,8.142617340E0,1.154668854E1
3.479625187E1,4.038601685E-1,8.357270966E0,1.156809402E1
3.480627087E1,3.261717224E-1,8.216114502E0,1.160042679E1
3.481628987E1,3.990701294E-1,8.161627808E0,1.154279663E1
3.482630887E1,4.800517273E-1,8.015232239E0,1.150567383E1
3.483632787E1,5.334906006E-1,7.878566437E0,1.151734955E1
3.484634787E1,6.048921204E-1,7.918832703E0,1.157228531E1
3.485636687E1,6.069877625E-1,8.270451508E0,1.190923462E1
3.486638587E1,4.692741394E-1,8.503516846E0,1.247909958E1
3.487640487E1,4.498146057E-1,8.437055054E0,1.281080978E1
3.488642387E1,4.138893127E-1,8.090675354E0,1.253463409E1
3.489644287E1,2.234852600E-1,7.466174011E0,1.202988373E1
3.490646187E1,2.110610962E-2,6.521787872E0,1.167527115E1
3.491648187E1,-1.796264648E-3,5.634732513E0,1.135538635E1
3.492650087E1,1.341210938E-1,5.249134369E0,1.120629639E1
3.493651987E1,3.670367432E-1,5.677992554E0,1.153755753E1
3.494653887E1,5.158273315E-1,6.747368774E0,1.207987976E1
3.495655787E1,5.879772949E-1,7.909252625E0,1.259196487E1
3.496657687E1,5.550457764E-1,8.812174988E0,1.286529648E1
3.497659587E1,3.975732422E-1,9.086105347E0,1.286275177E1
3.498661487E1,1.963916016E-1,9.000782776E0,1.274704239E1
3.499663487E1,2.722837830E-1,8.761879578E0,1.262609390E1
3.500665387E1,5.595364380E-1,8.438252563E0,1.234063751E1
3.501667287E1,7.930508423E-1,8.130342865E0,1.200758011E1
3.502669187E1,9.033714294E-1,7.932604065E0,1.180205750E1
3.503671087E1,8.390052795E-1,7.881410522E0,1.175176208E1
3.504672987E1,6.673123169E-1,7.934849396E0,1.186941742E1
3.505674887E1,5.810916138E-1,8.002808075E0,1.200533478E1
3.506676887E1,6.068380737E-1,8.018675079E0,1.221430023E1
3.507678787E1,7.045848083E-1,7.987689514E0,1.239287888E1
3.508680687E1,7.616162109E-1,7.991731110E0,1.262504608E1
3.509682587E1,6.800358582E-1,8.030350800E0,1.282428177E1
3.510684487E1,5.328918457E-1,8.103249207E0,1.283865189E1
3.511686392E1,4.317022705E-1,8.085436249E0,1.272967850E1
3.512688292E1,3.788621521E-1,8.024063873E0,1.254541168E1
3.513690192E1,3.854484558E-1,8.028554535E0,1.244781464E1
3.514692192E1,4.073030090E-1,8.005801849E0,1.231968109E1
3.515694092E1,4.099974060E-1,8.025411072E0,1.216699860E1
3.516695992E1,4.481680298E-1,8.021369476E0,1.200952606E1
3.517697892E1,5.710624695E-1,7.993227997E0,1.190474396E1
3.518699792E1,6.462062073E-1,8.029452667E0,1.192076065E1
3.519701692E1,6.541397095E-1,8.135282593E0,1.204051163E1
3.520703592E1,6.803352356E-1,8.248596954E0,1.220741455E1
3.521705592E1,6.324348450E-1,8.343649292E0,1.238629257E1
3.522707492E1,5.587879944E-1,8.412206726E0,1.242221786E1
3.523709392E1,5.089416504E-1,8.421637115E0,1.244556931E1
3.524711292E1,4.725672913E-1,8.421637115E0,1.247969833E1
3.525713192E1,4.195774841E-1,8.366851044E0,1.244601837E1
3.526715092E1,4.656816101E-1,8.239765320E0,1.231878296E1
3.527716992E1,5.655239868E-1,8.088729401E0,1.213795898E1
3.528718892E1,7.590715027E-1,8.014932861E0,1.198707275E1
3.529720892E1,9.291178894E-1,8.015381927E0,1.209125610E1
3.530722792E1,9.544152832E-1,8.090525665E0,1.224962677E1
3.531724692E1,8.827143860E-1,7.990683289E0,1.238928635E1
3.532726592E1,9.557624817E-1,7.567962341E0,1.244018051E1
3.533728492E1,1.123862915E0,8.205187225E0,1.209065735E1
3.534730392E1,7.878117371E-1,8.309819641E0,1.215128128E1
3.535732292E1,6.993457031E-1,7.809410248E0,1.222163498E1
3.536734192E1,8.241860962E-1,8.018974457E0,1.194710587E1
3.537736192E1,9.128018188E-1,8.085286560E0,1.190384583E1
3.538738092E1,9.409432983E-1,8.109835510E0,1.190758804E1
3.539739992E1,9.705816650E-1,8.181835785E0,1.198437836E1
3.540741892E1,9.686357117E-1,8.186176758E0,1.209424988E1
3.541743792E1,9.683363342E-1,8.156388702E0,1.218810471E1
3.542745692E1,9.354048157E-1,8.064779205E0,1.229617996E1
3.543747592E1,9.310638428E-1,7.998916168E0,1.231608856E1
3.544749592E1,9.102571106E-1,7.946974182E0,1.223630447E1
3.545751492E1,9.107061768E-1,7.833659821E0,1.215262848E1
3.546753392E1,9.505233765E-1,7.812254333E0,1.204949295E1
3.547755292E1,9.616003418E-1,7.806566162E0,1.199904785E1
3.548757192E1,9.367520142E-1,7.811655579E0,1.205697739E1
3.549759092E1,8.915460205E-1,7.832162933E0,1.208182571E1
3.550760992E1,8.898994446E-1,7.765252075E0,1.213242050E1
3.551762892E1,8.559201050E-1,7.603288879E0,1.217583023E1
3.552764892E1,8.683442688E-1,7.517666931E0,1.213840805E1
3.553766792E1,9.069639587E-1,7.587870941E0,1.210233307E1
3.554768692E1,9.071136475E-1,7.737409973E0,1.214589249E1
3.555770592E1,8.747808838E-1,7.892337799E0,1.209724365E1
3.556772492E1,8.903485107E-1,7.909252625E0,1.203123093E1
3.557774392E1,8.496331787E-1,7.775131531E0,1.186552551E1
3.558776292E1,8.237370300E-1,7.512427826E0,1.163635208E1
3.559778292E1,8.259823608E-1,7.300618286E0,1.137140305E1
3.560780192E1,8.653504944E-1,7.169940033E0,1.113833771E1
3.561782092E1,8.863069153E-1,7.151528320E0,1.100271973E1
3.562783992E1,9.382489014E-1,7.279063110E0,1.102023331E1
3.563785892E1,1.005010071E0,7.576045532E0,1.108834167E1
3.564787792E1,1.021176453E0,7.875722351E0,1.119102814E1
3.565789692E1,1.019978943E0,8.081244965E0,1.132470016E1
3.566791592E1,9.744735718E-1,8.184230804E0,1.149744095E1
3.567793592E1,9.632469177E-1,8.106242981E0,1.155102951E1
3.568795492E1,9.526190186E-1,7.833360443E0,1.157662628E1
3.569797392E1,9.369017029E-1,7.600744171E0,1.162677200E1
3.570799292E1,9.484277344E-1,7.449259186E0,1.159369080E1
3.571801192E1,9.527687073E-1,7.296427002E0,1.148651367E1
3.572803092E1,9.388476562E-1,7.080426178E0,1.139041351E1
3.573804992E1,9.035211182E-1,6.931635590E0,1.124326950E1
3.574806992E1,8.641529846E-1,6.872209167E0,1.104418350E1
3.575808892E1,8.119116211E-1,6.882837067E0,1.093715607E1
3.576810792E1,7.664062500E-1,6.966962128E0,1.096454910E1
3.577812692E1,7.482939148E-1,7.016509094E0,1.097338074E1
3.578814592E1,7.664062500E-1,6.906188507E0,1.094853241E1
3.579816492E1,7.658074951E-1,6.757547607E0,1.088551346E1
3.580818392E1,7.619155884E-1,6.696025543E0,1.081022003E1
3.581820292E1,7.698490906E-1,6.691983948E0,1.073313034E1
3.582822292E1,7.834707642E-1,6.783743134E0,1.060140427E1
3.583824192E1,7.403604126E-1,6.854246521E0,1.042866348E1
3.584826092E1,7.023394775E-1,6.917265472E0,1.033855087E1
3.585827992E1,6.695576477E-1,6.967411194E0,1.031265472E1
3.586829892E1,6.527925110E-1,6.990313568E0,1.036235138E1
3.587831792E1,6.819818115E-1,6.974147186E0,1.048045578E1
3.588833692E1,7.128176880E-1,6.797364807E0,1.062969543E1
3.589835692E1,7.192543030E-1,6.612948303E0,1.074420731E1
3.590837592E1,7.460485840E-1,6.400540009E0,1.070918015E1
3.591839492E1,8.152047729E-1,6.208339691E0,1.066891388E1
3.592841392E1,8.181985474E-1,6.078409882E0,1.063732956E1
3.593843292E1,8.141569519E-1,6.044879608E0,1.061352905E1
3.594845192E1,7.963439941E-1,6.071224823E0,1.051683014E1
3.595847092E1,7.533833313E-1,6.064339142E0,1.038211029E1
3.596848992E1,7.478448486E-1,6.023174744E0,1.024140289E1
3.597850992E1,7.827223206E-1,5.970484314E0,1.009859985E1
3.598852892E1,8.069718933E-1,5.921386414E0,9.981992340E0
3.599854792E1,8.309220886E-1,5.817352753E0,9.930050354E0
3.600856692E1,8.180488586E-1,5.747148743E0,9.886490936E0
3.601858592E1,7.755372620E-1,5.691015472E0,9.841434631E0
3.602860492E1,7.147636414E-1,5.656587067E0,9.797575836E0
3.603862392E1,7.131170654E-1,5.697302399E0,9.746232605E0
3.604864392E1,7.083270264E-1,5.789360962E0,9.704469452E0
3.605866292E1,6.824308777E-1,5.908962250E0,9.692644043E0
3.606868192E1,6.665638733E-1,5.895190887E0,9.699978790E0
3.607870092E1,5.843847656E-1,5.752537537E0,9.637109528E0
3.608871992E1,5.795947266E-1,5.635181580E0,9.519603882E0
3.609873892E1,6.577322388E-1,5.471272430E0,9.525142365E0
3.610875792E1,7.608677673E-1,5.436844025E0,9.537716217E0
3.611877675E1,8.891510010E-1,5.422473907E0,9.457632751E0
3.612879675E1,1.034648438E0,5.361849976E0,9.422306213E0
3.613881575E1,1.058898010E0,5.351222076E0,9.505084076E0
3.614883475E1,1.360371094E0,4.872068481E0,9.511670380E0
3.615885375E1,7.414082336E-1,5.060376892E0,9.521549835E0
3.616887275E1,5.324427795E-1,5.163662109E0,9.570498047E0
3.617889175E1,3.773652649E-1,4.977748718E0,9.585766296E0
3.618891075E1,1.038839722E-1,4.974455566E0,9.441166992E0
3.619893075E1,1.990859985E-2,4.855752411E0,9.194629669E0
3.620894975E1,1.914518738E-1,4.702471161E0,8.979526978E0
3.621896875E1,3.758683777E-1,4.694687347E0,8.766819305E0
3.622898775E1,5.665718079E-1,4.896318054E0,8.643026733E0
3.623900675E1,6.496490479E-1,5.149890747E0,8.452472992E0
3.624902575E1,7.162605286E-1,5.592819672E0,8.056546326E0
3.625904475E1,7.756869507E-1,5.851332092E0,7.644602966E0
3.626906375E1,6.836283875E-1,5.806275787E0,7.431595917E0
3.627908375E1,6.938072205E-1,5.929170227E0,7.291487274E0
3.628910275E1,2.980302429E-1,6.068530426E0,7.198530579E0
3.629912175E1,-6.541397095E-2,6.111491089E0,6.921905823E0
3.630914075E1,-1.170565796E-1,5.707481232E0,7.029981079E0
3.631915975E1,1.471440125E-1,5.809568939E0,6.425388336E0
3.632917875E1,3.561094666E-1,5.864205322E0,6.078709259E0
3.633919775E1,6.131250000E-1,5.612129517E0,6.210435333E0
3.634921775E1,8.710386658E-1,5.547613678E0,6.322402496E0
3.635923675E1,8.427474976E-1,5.403912506E0,6.619235229E0
3.636925575E1,7.872129822E-1,4.970713348E0,6.930587769E0
3.637927475E1,7.891589355E-1,4.629423065E0,6.961273956E0
3.638929375E1,6.533912659E-1,4.107608185E0,6.808292084E0
3.639931275E1,5.233117676E-1,3.765719147E0,6.775210876E0
3.640933175E1,4.441264343E-1,3.911815338E0,7.116052094E0
3.641935075E1,2.731819153E-1,4.138444061E0,7.441475372E0
3.642937075E1,3.055146790E-1,4.381688232E0,7.557184753E0
3.643938975E1,4.864883423E-1,4.441563721E0,7.564070435E0
3.644940875E1,7.179071045E-1,4.460574188E0,7.317084045E0
3.645942775E1,9.021739197E-1,4.454886017E0,6.975195007E0
3.646944675E1,8.734336853E-1,4.158951416E0,6.795718231E0
3.647946575E1,6.843768311E-1,3.751349030E0,6.789580994E0
3.648948475E1,4.781057739E-1,3.499422913E0,6.718029785E0
3.649950475E1,4.031117249E-1,3.582500153E0,6.681505737E0
3.650952375E1,2.362088013E-1,3.608845367E0,6.633904724E0
3.651954275E1,2.315684509E-1,3.512745209E0,6.374494171E0
3.652956175E1,6.117778015E-1,3.923041992E0,6.145470428E0
3.653958075E1,5.667214966E-1,4.137096863E0,6.208339691E0
3.654959975E1,6.116281128E-1,4.233047333E0,6.530769196E0
3.655961875E1,8.731343079E-1,4.080215149E0,6.605164490E0
3.656963875E1,7.439529419E-1,3.856430511E0,6.650520172E0
3.657965775E1,6.993457031E-1,3.487447815E0,6.623127136E0
3.658967675E1,8.364605713E-1,3.419938202E0,6.291117554E0
3.659969575E1,7.240443420E-1,3.214714966E0,6.018534393E0
3.660971475E1,6.550378418E-1,2.860102386E0,5.831573181E0
3.661973375E1,6.450086975E-1,2.636617126E0,5.855223999E0
3.662975275E1,3.330574036E-1,2.648292847E0,6.105353851E0
3.663977275E1,2.065704346E-2,2.864293671E0,6.174060974E0
3.664979175E1,1.475930786E-1,3.196752319E0,6.229146423E0
3.665981075E1,1.049317932E-1,3.528312836E0,6.149512024E0
3.666982975E1,3.832031250E-1,3.613186340E0,5.930068359E0
3.667984875E1,8.069718933E-1,3.582051086E0,5.596412201E0
3.668986775E1,1.051263885E0,3.525917816E0,5.297184448E0
3.669988675E1,1.178199921E0,3.572171631E0,5.056784363E0
3.670990575E1,1.383123779E0,3.458258514E0,5.028193817E0
3.671992575E1,1.352886658E0,3.416495361E0,5.085823975E0
3.672994475E1,1.112187195E0,3.253783722E0,5.362299042E0
3.673996375E1,8.128097534E-1,3.225941620E0,5.515879669E0
3.674998275E1,6.111790466E-1,3.207978973E0,5.530698853E0
3.676000175E1,5.700146484E-1,3.231330414E0,5.507197723E0
3.677002075E1,4.174818420E-1,3.270698547E0,5.386398926E0
3.678003975E1,2.266287231E-1,3.256178741E0,5.186863861E0
3.679005975E1,2.787203979E-1,3.141966248E0,5.229525146E0
3.680007875E1,2.972817993E-1,3.019071808E0,5.308111725E0
3.681009775E1,3.040177917E-1,2.861150208E0,5.317542114E0
3.682011675E1,3.869453430E-1,2.824626160E0,5.409151611E0
3.683013575E1,4.059558105E-1,2.757266235E0,5.465883636E0
3.684015475E1,3.324586487E-1,2.648741913E0,5.501359863E0
3.685017375E1,3.004252625E-1,2.486928406E0,5.497917023E0
3.686019275E1,3.064128113E-1,2.444267120E0,5.391039276E0
3.687021275E1,3.165916443E-1,2.446811829E0,5.203778687E0
3.688023175E1,1.466949463E-1,2.424957275E0,5.166955261E0
3.689025075E1,4.311035156E-2,2.454445953E0,5.132975922E0
3.690026975E1,4.430786133E-2,2.426903229E0,5.015320587E0
3.691028875E1,4.475692749E-2,2.443518677E0,4.894970856E0
3.692030775E1,3.089575195E-1,2.560126190E0,4.793332214E0
3.693032675E1,5.746549988E-1,2.591710510E0,4.815486145E0
3.694034675E1,6.882687378E-1,2.641257477E0,4.833149414E0
3.695036575E1,8.357121277E-1,2.603685608E0,4.874762878E0
3.696038475E1,8.271798706E-1,2.616558838E0,4.834197235E0
3.697040375E1,7.253915405E-1,2.578238525E0,4.812043304E0
3.698042275E1,6.456074524E-1,2.511776733E0,4.781057739E0
3.699044175E1,6.141728210E-1,2.480940857E0,4.650379486E0
3.700046075E1,6.207591248E-1,2.348616028E0,4.851112061E0
3.701048075E1,7.191046143E-1,2.380350037E0,4.658911743E0
3.702049975E1,8.259823608E-1,2.314786377E0,4.668491821E0
3.703051875E1,8.342152405E-1,2.239043884E0,4.688849487E0
3.704053775E1,8.774752808E-1,2.181114349E0,4.686903534E0
3.705055675E1,9.033714294E-1,2.119143219E0,4.748126221E0
3.706057575E1,9.307644653E-1,2.163600769E0,4.942571869E0
3.707059475E1,8.731343079E-1,2.249372406E0,5.034331055E0
3.708061475E1,7.804769897E-1,2.221380615E0,4.829856262E0
3.709063375E1,6.821315002E-1,2.240091705E0,4.573738861E0
3.710065275E1,6.728507996E-1,2.120340729E0,4.490511932E0
3.711067175E1,6.474037170E-1,2.023043060E0,4.488865356E0
3.712069117E1,4.605921936E-1,2.035167847E0,4.461472321E0
3.713071017E1,3.971241760E-1,1.997895355E0,4.375401306E0
3.714072917E1,3.957769775E-1,1.995949402E0,4.305346985E0
3.715074817E1,4.439767456E-1,2.068398743E0,4.229604492E0
3.716076817E1,5.203179932E-1,2.083068237E0,4.242777100E0
3.717078717E1,5.701643372E-1,2.016307068E0,4.305496674E0
3.718080617E1,5.522016907E-1,1.999242554E0,4.336931305E0
3.719082517E1,5.454656982E-1,1.918859711E0,4.357139282E0
3.720084417E1,5.640270996E-1,1.825004883E0,4.289629669E0
3.721086317E1,5.583389282E-1,1.791474609E0,4.130660248E0
3.722088217E1,4.932243347E-1,1.848955078E0,4.023782501E0
3.723090217E1,3.393443298E-1,1.958527222E0,4.101920013E0
3.724092117E1,1.972897339E-1,2.076631622E0,4.259542236E0
3.725094017E1,1.796264648E-1,2.241588593E0,4.368365936E0
3.726095917E1,1.225950623E-1,2.461780701E0,4.518354034E0
3.727097817E1,1.529818726E-1,2.618804169E0,4.683460693E0
3.728099717E1,2.619552612E-1,2.636766815E0,4.752167816E0
3.729101617E1,3.851490784E-1,2.631378021E0,4.701123962E0
3.730103617E1,4.837939453E-1,2.533182220E0,4.626578979E0
3.731105517E1,6.087840271E-1,2.381547546E0,4.534819794E0
3.732107417E1,6.807843018E-1,2.227517853E0,4.596192169E0
3.733109317E1,7.505392456E-1,2.161804504E0,4.693040771E0
3.734111217E1,7.634124756E-1,2.198478241E0,4.774022369E0
3.735113117E1,6.920109558E-1,2.213447113E0,4.819976807E0
3.736115017E1,5.965095520E-1,2.256258087E0,4.731211395E0
3.737117017E1,5.005590820E-1,2.328857117E0,4.525988159E0
3.738118917E1,4.897814941E-1,2.364782410E0,4.360881500E0
3.739120817E1,4.423301697E-1,2.379900970E0,4.337679749E0
3.740122717E1,4.123924255E-1,2.438728638E0,4.387077026E0
3.741124617E1,4.366419983E-1,2.511926422E0,4.492008820E0
3.742126517E1,4.201762390E-1,2.463127899E0,4.544699249E0
3.743128417E1,3.757186890E-1,2.501897278E0,4.479285278E0
3.744130417E1,4.029620361E-1,2.432890778E0,4.493056641E0
3.745132317E1,5.167254639E-1,2.408940582E0,4.626129913E0
3.746134217E1,6.373745728E-1,2.387385406E0,4.772226105E0
3.747136117E1,7.574249268E-1,2.385140076E0,4.990472260E0
3.748138017E1,8.144563293E-1,2.435285797E0,5.137765961E0
3.749139917E1,8.092172241E-1,2.551144867E0,5.057083740E0
3.750141817E1,7.840695190E-1,2.501597900E0,5.036426697E0
3.751143817E1,6.300398254E-1,2.433190155E0,5.011428680E0
3.752145717E1,4.960684204E-1,2.344125366E0,4.980592804E0
3.753147617E1,4.369413757E-1,2.239642639E0,5.028642883E0
3.754149517E1,3.929328918E-1,2.264640656E0,5.111720123E0
3.755151417E1,3.640429688E-1,2.378853149E0,5.267995148E0
3.756153317E1,3.751199341E-1,2.459086304E0,5.434598694E0
3.757155217E1,2.878514099E-1,2.548151093E0,5.474116516E0
3.758157117E1,2.092648315E-1,2.637515259E0,5.482648773E0
3.759159117E1,1.670526123E-1,2.836002502E0,5.272934875E0
3.760161017E1,2.507286072E-1,2.907254333E0,5.445525970E0
3.761162917E1,3.643423462E-1,2.940335541E0,5.460345154E0
3.762164817E1,4.126918030E-1,2.850821686E0,5.135520630E0
3.763166717E1,5.246589661E-1,2.708467712E0,5.193599854E0
3.764168617E1,5.397775269E-1,2.653082886E0,5.175188141E0
3.765170517E1,5.801934814E-1,2.614163818E0,5.112767944E0
3.766172517E1,6.027964783E-1,2.677182770E0,5.319338379E0
3.767174417E1,5.319937134E-1,2.810705109E0,5.391638031E0
3.768176317E1,5.071453857E-1,2.964884491E0,5.403164062E0
3.769178217E1,4.802014160E-1,3.040477295E0,5.397625580E0
3.770180117E1,4.489164734E-1,3.093167725E0,5.381608887E0
3.771182017E1,4.875361633E-1,3.107388153E0,5.381159821E0
3.772183917E1,5.487588501E-1,3.147355042E0,5.397176514E0
3.773185917E1,5.933660889E-1,3.185974731E0,5.465434570E0
3.774187817E1,6.262976074E-1,3.180585938E0,5.522316284E0
3.775189717E1,6.851252747E-1,3.231480103E0,5.570965118E0
3.776191617E1,7.225474548E-1,3.289409637E0,5.621110840E0
3.777193517E1,7.182064819E-1,3.307372284E0,5.649701385E0
3.778195417E1,7.137158203E-1,3.318149872E0,5.688470764E0
3.779197317E1,6.982978821E-1,3.385659485E0,5.770649872E0
3.780199317E1,7.499404907E-1,3.466042328E0,5.844147034E0
3.781201217E1,7.364685059E-1,3.513493652E0,5.863756256E0
3.782203117E1,6.981481934E-1,3.529959412E0,5.909860382E0
3.783205017E1,7.756869507E-1,3.556454315E0,6.058950348E0
3.784206917E1,7.614665222E-1,3.574566650E0,6.166726227E0
3.785208817E1,6.801855469E-1,3.585793304E0,6.251599731E0
3.786210717E1,6.730004883E-1,3.643573151E0,6.356980591E0
3.787212717E1,7.429051208E-1,3.750600586E0,6.475234680E0
3.788214617E1,7.876620483E-1,3.792812805E0,6.552324371E0
3.789216517E1,8.451425171E-1,3.886817322E0,6.506968689E0
3.790218417E1,8.087681580E-1,3.908971252E0,6.466403046E0
3.791220317E1,7.517367554E-1,3.985312500E0,6.465654602E0
3.792222217E1,7.626640320E-1,4.055815887E0,6.486012268E0
3.793224117E1,7.870632935E-1,4.157903595E0,6.486910400E0
3.794226017E1,8.030799866E-1,4.254901886E0,6.613846436E0
3.795228017E1,8.256829834E-1,4.288282471E0,6.728208618E0
3.796229917E1,7.976911926E-1,4.317621460E0,6.811136169E0
3.797231817E1,7.524851990E-1,4.303999786E0,6.859186249E0
3.798233717E1,7.330256653E-1,4.271068268E0,6.831194458E0
3.799235617E1,7.292834473E-1,4.249513092E0,6.802154846E0
3.800237517E1,6.836283875E-1,4.259093170E0,6.782845001E0
3.801239517E1,7.497908020E-1,4.349505157E0,6.915469208E0
3.802241417E1,7.418572998E-1,4.414320374E0,6.948999481E0
3.803243317E1,6.628216553E-1,4.537364502E0,6.925049286E0
3.804245217E1,6.551875305E-1,4.578229523E0,6.996301117E0
3.805247117E1,6.180647278E-1,4.678221588E0,7.057374115E0
3.806249017E1,5.821394348E-1,4.753065948E0,7.243586884E0
3.807250917E1,5.297483826E-1,4.832999725E0,7.354805603E0
3.808252817E1,5.249583435E-1,4.904101868E0,7.436685333E0
3.809254817E1,5.304968262E-1,4.950804749E0,7.486381989E0
3.810256717E1,5.391787720E-1,5.004243622E0,7.560028839E0
3.811258617E1,5.445675659E-1,5.090314636E0,7.661068726E0
3.812260500E1,5.978567505E-1,5.096002808E0,7.718848572E0
3.813262400E1,7.075785828E-1,5.088069305E0,7.773634644E0
3.814264300E1,7.716453552E-1,5.126539307E0,7.858957214E0
3.815266200E1,8.575666809E-1,5.172493744E0,7.987090759E0
3.816268200E1,9.211843872E-1,5.191803589E0,8.011490021E0
3.817270100E1,8.601113892E-1,5.264402618E0,8.117769012E0
3.818272000E1,7.994874573E-1,5.349425812E0,8.171806641E0
3.819273900E1,8.274792480E-1,5.389392700E0,8.121660919E0
3.820275800E1,8.038284302E-1,5.422922974E0,8.035589905E0
3.821277700E1,7.827223206E-1,5.427263947E0,8.012837219E0
3.822279600E1,8.430468750E-1,5.449417877E0,8.036188660E0
3.823281600E1,8.656498718E-1,5.436245270E0,8.122858429E0
3.824283500E1,9.364526367E-1,5.498515778E0,8.192613373E0
3.825285400E1,9.614506531E-1,5.582341461E0,8.383765869E0
3.826287300E1,9.452842712E-1,5.666466522E0,8.508456573E0
3.827289200E1,8.970845032E-1,5.776936798E0,8.566835175E0
3.828291100E1,8.955876160E-1,5.836961975E0,8.508456573E0
3.829293000E1,9.142987061E-1,5.815406799E0,8.465944977E0
3.830295000E1,9.292675781E-1,5.846092987E0,8.490493927E0
3.831296900E1,9.409432983E-1,5.882766724E0,8.585546265E0
3.832298800E1,9.578581238E-1,6.023474121E0,8.696315918E0
3.833300700E1,9.961784363E-1,6.134543152E0,8.720266113E0
3.834302600E1,1.013542328E0,6.284381561E0,8.779243469E0
3.835304500E1,9.919871521E-1,6.439758453E0,8.909921722E0
3.836306400E1,9.470805359E-1,6.528673553E0,8.956624603E0
3.837308400E1,8.653504944E-1,6.578370209E0,9.113348694E0
3.838310300E1,8.752299500E-1,6.616241455E0,9.284891968E0
3.839312200E1,9.226812744E-1,6.596931610E0,9.417815552E0
3.840314100E1,9.487271118E-1,6.561006317E0,9.582323456E0
3.841316000E1,9.455836487E-1,6.502178650E0,9.584868164E0
3.842317900E1,9.467811584E-1,6.505471802E0,9.460327148E0
3.843319800E1,9.343569946E-1,6.593488770E0,9.483379211E0
3.844321800E1,8.354127502E-1,6.699767761E0,9.499395905E0
3.845323700E1,8.033793640E-1,6.845564575E0,9.569749603E0
3.846325600E1,8.059240723E-1,6.897955627E0,9.653874664E0
3.847327500E1,8.346643066E-1,6.894063721E0,9.698781281E0
3.848329400E1,8.958869934E-1,6.938072205E0,9.800419922E0
3.849331300E1,9.376501465E-1,7.009623413E0,9.810149689E0
3.850333200E1,9.458830261E-1,7.025340729E0,9.820478210E0
3.851335200E1,8.960366821E-1,7.098688202E0,9.838590546E0
3.852337100E1,8.987310791E-1,7.174131317E0,9.830357666E0
3.853339000E1,9.214837646E-1,7.244934082E0,9.870923309E0
3.854340900E1,9.620494080E-1,7.295379181E0,9.891580353E0
3.855342800E1,1.008153534E0,7.335795135E0,9.914033661E0
3.856344700E1,1.014440460E0,7.358248444E0,9.955946503E0
3.857346600E1,1.090182953E0,7.383096771E0,1.001477417E1
3.858348600E1,1.197509766E0,7.460934906E0,1.018137772E1
3.859350500E1,1.221459961E0,7.505841522E0,1.035187317E1
3.860352400E1,1.166673889E0,7.491022339E0,1.047940796E1
3.861354300E1,1.114731903E0,7.456444244E0,1.047656387E1
3.862356200E1,1.077758789E0,7.421866150E0,1.049123337E1
3.863358100E1,1.125808868E0,7.468569031E0,1.054961197E1
3.864360000E1,1.172811127E0,7.591613159E0,1.068388275E1
3.865362000E1,1.150058441E0,7.699538727E0,1.085527634E1
3.866363900E1,1.138831787E0,7.826025696E0,1.076980408E1
3.867365800E1,1.179098053E0,7.855514374E0,1.058688446E1
3.868367700E1,1.146914978E0,7.798333282E0,1.065184937E1
3.869369600E1,1.089733887E0,7.965685272E0,1.051623138E1
3.870371500E1,1.132544861E0,8.278834076E0,1.026924500E1
3.871373400E1,1.079105988E0,8.695717163E0,1.005264542E1
3.872375400E1,9.903405762E-1,9.106313324E0,9.815388794E0
3.873377300E1,9.925859070E-1,9.413025513E0,9.762698364E0
3.874379200E1,1.060544586E0,9.532177734E0,9.871372375E0
3.875381100E1,1.072968750E0,9.404942322E0,1.015024246E1
3.876383000E1,1.054856415E0,9.093140717E0,1.041938278E1
3.877384900E1,1.141226807E0,8.828341370E0,1.055949142E1
3.878386800E1,1.273252258E0,8.620423737E0,1.071741302E1
3.879388800E1,1.245859222E0,8.505911865E0,1.089509354E1
3.880390700E1,1.121018829E0,8.676557007E0,1.106005051E1
3.881392600E1,1.083596649E0,8.948840790E0,1.126377686E1
3.882394500E1,1.123264160E0,9.112151184E0,1.143322449E1
3.883396400E1,1.199306030E0,9.075178070E0,1.143741577E1
3.884398300E1,1.182989960E0,8.880582733E0,1.125105331E1
3.885400200E1,1.116977234E0,8.673114166E0,1.105585922E1
3.886402200E1,1.018182678E0,8.554261322E0,1.108879074E1
3.887404100E1,9.383985901E-1,8.535400543E0,1.121572678E1
3.888406000E1,8.740324402E-1,8.508456573E0,1.140119110E1
3.889407900E1,8.578660583E-1,8.504564667E0,1.167871399E1
3.890409800E1,8.508306885E-1,8.505313110E0,1.181523010E1
3.891411700E1,8.357121277E-1,8.454868011E0,1.185983734E1
3.892413700E1,9.234297180E-1,8.476722565E0,1.189980423E1
3.893415600E1,9.786648560E-1,8.673413544E0,1.210068649E1
3.894417500E1,9.927355957E-1,8.907526703E0,1.226579315E1
3.895419400E1,1.155447235E0,8.965456238E0,1.224348953E1
3.896421300E1,1.359622650E0,8.975635071E0,1.216879486E1
3.897423200E1,1.465452576E0,8.973988495E0,1.216789673E1
3.898425100E1,1.464853821E0,8.964558105E0,1.220472015E1
3.899427000E1,1.353186035E0,8.834628296E0,1.211026657E1
3.900429000E1,1.236428833E0,8.688681793E0,1.194411209E1
3.901430900E1,1.220412140E0,8.697663116E0,1.195473999E1
3.902432800E1,1.156045990E0,8.689729614E0,1.208407104E1
3.903434700E1,1.092128906E0,8.693771210E0,1.211954727E1
3.904436600E1,1.067430267E0,8.751401367E0,1.209290268E1
3.905438500E1,1.100361786E0,8.737180939E0,1.198797089E1
3.906440500E1,1.137933655E0,8.747509460E0,1.191686874E1
3.907442400E1,1.258433075E0,8.815019073E0,1.208676544E1
3.908444300E1,1.378184052E0,9.098080444E0,1.232477051E1
3.909446200E1,1.456171875E0,9.330696716E0,1.264031433E1
3.910448100E1,1.483564911E0,9.441017303E0,1.273057663E1
3.911450000E1,1.485810242E0,9.406289520E0,1.280512161E1
3.912451829E1,1.376836853E0,9.344019012E0,1.284089722E1
3.913453829E1,1.195264435E0,9.201066284E0,1.271575745E1
3.914455729E1,1.076561279E0,9.059760132E0,1.233749405E1
3.915457629E1,9.201365662E-1,8.855884094E0,1.198512680E1
3.916459529E1,7.473957825E-1,8.800948334E0,1.158321259E1
3.917461429E1,6.822811890E-1,8.858578491E0,1.139250916E1
3.918463329E1,7.458988953E-1,9.034762115E0,1.143202698E1
3.919465229E1,9.439370728E-1,9.240733795E0,1.157677597E1
3.920467229E1,1.165925446E0,9.399852905E0,1.178619049E1
3.921469129E1,1.228195953E0,9.484576721E0,1.219079910E1
3.922471029E1,1.186432800E0,9.462422791E0,1.271246429E1
3.923472929E1,1.162332916E0,9.393715668E0,1.304477325E1
3.924474829E1,1.004111938E0,9.231602783E0,1.323308167E1
3.925476729E1,8.738827515E-1,8.835227051E0,1.331690735E1
3.926478629E1,7.866142273E-1,8.547974396E0,1.317515213E1
3.927480629E1,8.878038025E-1,8.511450348E0,1.290601181E1
3.928482529E1,1.051862640E0,8.662186890E0,1.257789413E1
3.929484429E1,1.128054199E0,9.035211182E0,1.204605011E1
3.930486329E1,1.280886383E0,9.512568512E0,1.167841461E1
3.931488229E1,1.273401947E0,9.883048096E0,1.154100037E1
3.932490129E1,1.140029297E0,1.013841705E1,1.157423126E1
3.933492029E1,1.187480621E0,1.013168106E1,1.173469757E1
3.934494029E1,1.116528168E0,9.898765411E0,1.187226151E1
3.935495929E1,1.129102020E0,9.389075317E0,1.208002945E1
3.936497829E1,1.304537201E0,8.855734406E0,1.229303650E1
3.937499729E1,1.262175293E0,8.541986847E0,1.261217285E1
3.938501629E1,1.145867157E0,8.337661743E0,1.293849426E1
3.939503529E1,1.202299805E0,8.238867188E0,1.307081909E1
3.940505429E1,1.309327240E0,8.183632050E0,1.311752197E1
3.941507429E1,1.391506348E0,8.361611938E0,1.312919769E1
3.942509329E1,1.432071991E0,8.658744049E0,1.303474411E1
3.943511229E1,1.370849304E0,8.948840790E0,1.274973679E1
3.944513129E1,1.339414673E0,9.180409241E0,1.232192642E1
3.945515029E1,1.234033813E0,9.381441193E0,1.180909286E1
3.946516929E1,1.117126923E0,9.400601349E0,1.141825562E1
3.947518829E1,1.076561279E0,9.417665863E0,1.127709915E1
3.948520829E1,1.066532135E0,9.465416565E0,1.132080826E1
3.949522729E1,1.041085052E0,9.550439758E0,1.157108780E1
3.950524629E1,1.097218323E0,9.568252716E0,1.190279800E1
3.951526529E1,1.183888092E0,9.385632477E0,1.205847427E1
3.952528429E1,1.250499573E0,9.127269745E0,1.211670319E1
3.953530329E1,1.223106537E0,8.860674133E0,1.218316498E1
3.954532329E1,1.127305756E0,8.564290466E0,1.222343124E1
3.955534229E1,1.047371979E0,8.330626373E0,1.221953934E1
3.956536129E1,1.038240967E0,8.259075165E0,1.222672440E1
3.957538029E1,1.021775208E0,8.374634857E0,1.223136475E1
3.958539929E1,9.991722107E-1,8.564440155E0,1.214050369E1
3.959541829E1,1.014290771E0,8.775501251E0,1.202524338E1
3.960543729E1,1.028062134E0,8.962462463E0,1.184741318E1
3.961545729E1,1.035995636E0,9.171278229E0,1.166194885E1
3.962547629E1,1.008752289E0,9.244176636E0,1.147738266E1
3.963549529E1,9.979747009E-1,9.212592316E0,1.133772308E1
3.964551429E1,1.032103729E0,9.177714844E0,1.125284958E1
3.965553329E1,1.129401398E0,9.006470947E0,1.123264160E1
3.966555229E1,1.173559570E0,8.796307983E0,1.117950211E1
3.967557129E1,1.153351593E0,8.668623505E0,1.126707001E1
3.968559129E1,1.133442993E0,8.581354980E0,1.143157791E1
3.969561029E1,1.122665405E0,8.581804047E0,1.160476776E1
3.970562929E1,1.101259918E0,8.608897705E0,1.168889282E1
3.971564829E1,1.091829529E0,8.622369690E0,1.170146667E1
3.972566729E1,1.107397156E0,8.543633423E0,1.168544998E1
3.973568629E1,1.131796417E0,8.493787079E0,1.169862259E1
3.974570629E1,1.097817078E0,8.437204742E0,1.161734161E1
3.975572529E1,1.090033264E0,8.382568359E0,1.146196472E1
3.976574429E1,1.093476105E0,8.295748901E0,1.133278336E1
3.977576329E1,1.061891785E0,8.338260498E0,1.118234619E1
3.978578229E1,9.550140381E-1,8.407865753E0,1.103984253E1
3.979580129E1,8.514294434E-1,8.465495911E0,1.098415833E1
3.980582029E1,8.229885864E-1,8.458759918E0,1.092218719E1
3.981584029E1,8.234376526E-1,8.381071472E0,1.089209976E1
3.982585929E1,8.690927124E-1,8.307125244E0,1.087997498E1
3.983587829E1,8.809181213E-1,8.239016876E0,1.084734283E1
3.984589729E1,8.472381592E-1,8.238118744E0,1.086066513E1
3.985591629E1,8.678952026E-1,8.230484619E0,1.084345093E1
3.986593529E1,9.277706909E-1,8.229436798E0,1.080842377E1
3.987595429E1,9.565109253E-1,8.193212128E0,1.077429474E1
3.988597429E1,9.921368408E-1,8.040978699E0,1.066786606E1
3.989599329E1,1.015637970E0,7.896678772E0,1.071711365E1
3.990601229E1,9.607022095E-1,7.899672546E0,1.082518890E1
3.991603129E1,8.809181213E-1,7.974816284E0,1.095332245E1
3.992605029E1,9.042695618E-1,7.975714417E0,1.110465775E1
3.993606929E1,9.916877747E-1,7.859555969E0,1.119506973E1
3.994608829E1,1.025667114E0,7.559130707E0,1.115570160E1
3.995610829E1,1.038390656E0,7.240593109E0,1.106648712E1
3.996612729E1,1.020278320E0,6.938820648E0,1.093176727E1
3.997614629E1,9.361532593E-1,6.633755035E0,1.090916428E1
3.998616529E1,8.141569519E-1,6.485563202E0,1.089883575E1
3.999618429E1,7.767347717E-1,6.421346741E0,1.073851913E1
4.000620329E1,8.646020508E-1,6.459068298E0,1.062864761E1
4.001622229E1,9.363029480E-1,6.613547058E0,1.068837341E1
4.002624229E1,9.171427917E-1,6.739734650E0,1.075453583E1
4.003626129E1,8.249345398E-1,7.023544464E0,1.072714279E1
4.004628029E1,6.292913818E-1,7.198380890E0,1.049976562E1
4.005629929E1,4.173321533E-1,7.213798828E0,1.021386017E1
4.006631829E1,2.695893860E-1,7.164850616E0,1.011192215E1
4.007633729E1,2.433938599E-1,7.171137543E0,1.012734009E1
4.008635629E1,2.821632385E-1,7.143594818E0,1.023092468E1
4.009637629E1,3.968247986E-1,7.068301392E0,1.031714539E1
4.010639529E1,4.893324280E-1,6.929539948E0,1.030397278E1
4.011641429E1,3.064128113E-1,6.804549866E0,1.023511597E1
4.012643392E1,3.938310242E-1,6.615343323E0,1.023287064E1
4.013645292E1,5.147795105E-1,6.315067749E0,1.004561005E1
4.014647192E1,5.083428955E-1,6.241271210E0,9.931547241E0
4.015649192E1,4.713697815E-1,6.074667664E0,1.001507355E1
4.016651092E1,4.564009094E-1,6.039191437E0,1.003513184E1
4.017652992E1,3.773652649E-1,6.089486847E0,1.012090347E1
4.018654892E1,3.583547974E-1,6.090384979E0,1.014200958E1
4.019656792E1,3.047662354E-1,6.215225372E0,1.004096970E1
4.020658692E1,4.102967834E-1,6.215973816E0,9.909243622E0
4.021660592E1,5.566923523E-1,6.113137665E0,9.763895874E0
4.022662592E1,6.581813049E-1,6.059249725E0,9.613608398E0
4.023664492E1,7.213499451E-1,5.968837738E0,9.548942871E0
4.024666392E1,7.614665222E-1,5.913003845E0,9.541907501E0
4.025668292E1,6.538403320E-1,5.836662598E0,9.579179993E0
4.026670192E1,4.195774841E-1,5.763015747E0,9.594298553E0
4.027672092E1,1.832189941E-1,5.726641388E0,9.529932404E0
4.028673992E1,1.061293030E-1,5.748346252E0,9.506730652E0
4.029675992E1,1.666035461E-1,5.684878235E0,9.436526642E0
4.030677892E1,1.890568542E-1,5.737868042E0,9.255403290E0
4.031679792E1,1.971400452E-1,5.954617310E0,9.139244843E0
4.032681692E1,2.459385681E-1,6.128555603E0,9.045390015E0
4.033683592E1,3.315605164E-1,6.208190002E0,8.969198456E0
4.034685492E1,3.781137085E-1,6.241570587E0,8.917855225E0
4.035687492E1,3.763174438E-1,6.121220856E0,8.886570282E0
4.036689392E1,3.785627747E-1,5.783672791E0,8.791967010E0
4.037691292E1,3.550616455E-1,5.450914764E0,8.729846191E0
4.038693192E1,2.923420715E-1,5.223088531E0,8.735684052E0
4.039695092E1,2.969824219E-1,5.129982147E0,8.816066895E0
4.040696992E1,3.390449524E-1,5.086273041E0,8.873397675E0
4.041698892E1,3.809577942E-1,5.105882263E0,8.895850983E0
4.042700892E1,4.281097412E-1,5.167404327E0,8.948242035E0
4.043702792E1,4.655319214E-1,5.301525421E0,9.077423401E0
4.044704692E1,4.806504822E-1,5.405110016E0,9.145980835E0
4.045706592E1,4.405339050E-1,5.508844299E0,9.036408691E0
4.046708492E1,3.354524231E-1,5.652545471E0,8.876690826E0
4.047710392E1,2.854563904E-1,5.672005005E0,8.707392883E0
4.048712292E1,3.135978699E-1,5.607489166E0,8.468040619E0
4.049714292E1,2.972817993E-1,5.559439087E0,8.226742401E0
4.050716192E1,2.894979858E-1,5.362149353E0,8.033943329E0
4.051718092E1,2.995271301E-1,5.145699463E0,7.911647644E0
4.052719992E1,3.038681030E-1,5.001100159E0,7.869884491E0
4.053721892E1,2.939886475E-1,4.890929260E0,7.921227722E0
4.054723792E1,3.237767029E-1,4.906496887E0,8.147706757E0
4.055725792E1,3.517684937E-1,4.968318329E0,8.380323029E0
4.056727692E1,4.052073669E-1,4.985083466E0,8.549770660E0
4.057729592E1,4.240681458E-1,4.998106384E0,8.603508911E0
4.058731492E1,4.367916870E-1,5.044809265E0,8.565637665E0
4.059733392E1,4.475692749E-1,5.055137787E0,8.474626923E0
4.060735292E1,4.441264343E-1,5.084776154E0,8.291108551E0
4.061737192E1,4.924758911E-1,5.194198608E0,8.123307495E0
4.062739192E1,5.176235962E-1,5.282514954E0,8.072263641E0
4.063741092E1,5.522016907E-1,5.301675110E0,8.105195160E0
4.064742992E1,5.854325867E-1,5.311255188E0,8.110134888E0
4.065744892E1,5.246589661E-1,5.338199158E0,8.056696014E0
4.066746792E1,4.394860840E-1,5.319338379E0,7.870483246E0
4.067748692E1,4.092489624E-1,5.157824249E0,7.554190979E0
4.068750592E1,4.382885742E-1,4.980892181E0,7.342082062E0
4.069752592E1,4.689747620E-1,4.829856262E0,7.274273071E0
4.070754492E1,4.423301697E-1,4.620142365E0,7.249724121E0
4.071756392E1,3.387455750E-1,4.453239441E0,7.300318909E0
4.072758292E1,2.043251038E-1,4.297114105E0,7.510631561E0
4.073760192E1,1.005908203E-1,4.194876709E0,7.786507874E0
4.074762092E1,5.718109131E-2,4.215533752E0,8.001460876E0
4.075764092E1,7.319778442E-2,4.335883484E0,8.158933411E0
4.076765992E1,1.209484863E-1,4.415817261E0,8.253237305E0
4.077767892E1,1.911524963E-1,4.484973450E0,8.335865479E0
4.078769792E1,2.532733154E-1,4.602479095E0,8.314909058E0
4.079771692E1,2.650987244E-1,4.736300812E0,8.183033295E0
4.080773592E1,2.450404358E-1,4.851112061E0,8.002059631E0
4.081775492E1,2.863545227E-1,4.953349457E0,7.841293945E0
4.082777492E1,3.603007507E-1,4.990621948E0,7.705526276E0
4.083779392E1,4.334985352E-1,4.940925293E0,7.514373779E0
4.084781292E1,4.787045288E-1,4.869523773E0,7.342082062E0
4.085783192E1,4.911286926E-1,4.729714508E0,7.259753265E0
4.086785092E1,4.989125061E-1,4.590953064E0,7.256160736E0
4.087786992E1,5.170248413E-1,4.520000610E0,7.327412567E0
4.088788892E1,5.029541016E-1,4.494852905E0,7.471413116E0
4.089790892E1,4.291575623E-1,4.505181427E0,7.600893860E0
4.090792792E1,3.299139404E-1,4.502337341E0,7.687563629E0
4.091794692E1,2.460882568E-1,4.509223022E0,7.759713593E0
4.092796592E1,2.767744446E-1,4.514462128E0,7.765252075E0
4.093798492E1,3.161425781E-1,4.506678314E0,7.738906860E0
4.094800392E1,3.574566650E-1,4.539460144E0,7.727530518E0
4.095802392E1,3.836521912E-1,4.566553802E0,7.777376862E0
4.096804292E1,3.990701294E-1,4.601580963E0,7.826624451E0
4.097806192E1,3.974235535E-1,4.621190186E0,7.803422699E0
4.098808092E1,4.025129700E-1,4.605023804E0,7.747588806E0
4.099809992E1,3.797602844E-1,4.594844971E0,7.638765106E0
4.100811892E1,3.944297791E-1,4.624782715E0,7.530540161E0
4.101813792E1,3.977229309E-1,4.639302521E0,7.474855957E0
4.102815792E1,3.996688843E-1,4.677173767E0,7.423662415E0
4.103817692E1,3.990701294E-1,4.720134430E0,7.388934631E0
4.104819592E1,3.632945251E-1,4.740192719E0,7.391329651E0
4.105821492E1,3.617976379E-1,4.697830811E0,7.419321442E0
4.106823392E1,3.763174438E-1,4.619842987E0,7.438631287E0
4.107825292E1,4.056564331E-1,4.544399872E0,7.522606659E0
4.108827192E1,4.317022705E-1,4.551435242E0,7.614665222E0
4.109829192E1,4.659809875E-1,4.532873840E0,7.694299622E0
4.110831092E1,4.665797424E-1,4.503235474E0,7.761958923E0
4.111832992E1,4.547543335E-1,4.579726410E0,7.814799042E0
4.112834867E1,4.402345276E-1,4.677473145E0,7.846083984E0
4.113836767E1,4.099974060E-1,4.680167542E0,7.887398071E0
4.114838667E1,3.920347595E-1,4.742138672E0,7.838000793E0
4.115840667E1,4.037104797E-1,4.771477661E0,7.789052582E0
4.116842567E1,4.215234375E-1,4.758903809E0,7.721243591E0
4.117844467E1,4.257147217E-1,4.747228088E0,7.682773590E0
4.118846367E1,4.140390015E-1,4.727768555E0,7.622449036E0
4.119848267E1,4.442761230E-1,4.733007660E0,7.616162109E0
4.120850167E1,4.688250732E-1,4.734953613E0,7.669301605E0
4.121852067E1,4.572990417E-1,4.795727234E0,7.743098145E0
4.122854067E1,4.698728943E-1,4.838687897E0,7.795040131E0
4.123855967E1,5.228627014E-1,4.892426147E0,7.834258575E0
4.124857867E1,5.424719238E-1,4.949756927E0,7.921826477E0
4.125859767E1,5.288502502E-1,4.975653076E0,7.988737335E0
4.126861667E1,4.998106384E-1,5.011877747E0,8.012687531E0
4.127863567E1,4.837939453E-1,5.043611755E0,8.024363251E0
4.128865567E1,4.544549561E-1,5.027744751E0,8.071515198E0
4.129867467E1,4.587959290E-1,4.996908875E0,8.088729401E0
4.130869367E1,5.031037903E-1,4.965174866E0,8.057893524E0
4.131871267E1,5.557942200E-1,4.893923035E0,8.050858154E0
4.132873167E1,5.831872559E-1,4.864134979E0,8.037685547E0
4.133875067E1,5.550457764E-1,4.867428131E0,8.055049438E0
4.134876967E1,5.156776428E-1,4.891528015E0,8.137827301E0
4.135878967E1,4.977149963E-1,4.930596771E0,8.215964813E0
4.136880867E1,5.041516113E-1,4.990172882E0,8.270301819E0
4.137882767E1,4.926255798E-1,5.094056854E0,8.312514038E0
4.138884667E1,4.917274475E-1,5.169499969E0,8.369545441E0
4.139886567E1,4.616400146E-1,5.199138336E0,8.391699371E0
4.140888467E1,4.279600525E-1,5.268144836E0,8.354576569E0
4.141890367E1,4.406835938E-1,5.315596161E0,8.330027618E0
4.142892367E1,4.204756165E-1,5.338199158E0,8.342451782E0
4.143894267E1,3.897894287E-1,5.348527679E0,8.331075439E0
4.144896167E1,3.948788452E-1,5.364244995E0,8.347391510E0
4.145898067E1,4.132905579E-1,5.415887604E0,8.407716064E0
4.146899967E1,4.129911804E-1,5.484744415E0,8.449928284E0
4.147901867E1,4.417314148E-1,5.572611694E0,8.493338013E0
4.148903867E1,4.911286926E-1,5.619015198E0,8.575068054E0
4.149905767E1,5.125341797E-1,5.615871735E0,8.660540314E0
4.150907667E1,5.114863586E-1,5.622308350E0,8.764723663E0
4.151909567E1,5.219645691E-1,5.630840607E0,8.853339386E0
4.152911467E1,5.261558533E-1,5.613027649E0,8.919801178E0
4.153913367E1,5.478607178E-1,5.564378815E0,8.950786743E0
4.154915267E1,5.809419250E-1,5.568869476E0,8.928183746E0
4.155917267E1,6.114784241E-1,5.574557648E0,8.889414368E0
4.156919167E1,6.252497864E-1,5.604645081E0,8.886420593E0
4.157921067E1,5.990542603E-1,5.641169128E0,8.916508026E0
4.158922967E1,6.116281128E-1,5.704188080E0,8.938512268E0
4.159924867E1,6.192622375E-1,5.813011780E0,8.992549896E0
4.160926767E1,5.984555054E-1,5.881419525E0,9.086404724E0
4.161928667E1,6.233038330E-1,5.908363495E0,9.106912079E0
4.162930667E1,6.451583862E-1,5.976621552E0,9.128467255E0
4.163932567E1,6.122268677E-1,6.056255951E0,9.172326050E0
4.164934467E1,6.078858948E-1,6.093827820E0,9.219927063E0
4.165936367E1,5.965095520E-1,6.122568054E0,9.259594574E0
4.166938267E1,5.677693176E-1,6.152505798E0,9.308393097E0
4.167940167E1,5.131329346E-1,6.179150391E0,9.387877808E0
4.168942167E1,5.228627014E-1,6.159391479E0,9.453740845E0
4.169944067E1,5.258564758E-1,6.161636810E0,9.473649445E0
4.170945967E1,5.075944519E-1,6.187832336E0,9.575737152E0
4.171947867E1,5.279521179E-1,6.224356384E0,9.695937195E0
4.172949767E1,5.498066711E-1,6.253545685E0,9.766141205E0
4.173951667E1,5.697152710E-1,6.343209229E0,9.794582062E0
4.174953567E1,5.731581116E-1,6.370602264E0,9.826016693E0
4.175955567E1,5.709127808E-1,6.372099152E0,9.853709106E0
4.176957467E1,6.017486572E-1,6.392905884E0,9.825118561E0
4.177959367E1,6.140231323E-1,6.433022461E0,9.836644592E0
4.178961267E1,6.126759338E-1,6.478976898E0,9.902357941E0
4.179963167E1,5.942642212E-1,6.557413788E0,9.932145996E0
4.180965067E1,6.261479187E-1,6.668183441E0,1.004635849E1
4.181966967E1,6.505471802E-1,6.712790680E0,1.012599289E1
4.182968967E1,6.140231323E-1,6.770121460E0,1.020652542E1
4.183970867E1,5.992039490E-1,6.817273407E0,1.025307861E1
4.184972767E1,5.965095520E-1,6.778504028E0,1.029214737E1
4.185974667E1,5.724096680E-1,6.737339630E0,1.031609756E1
4.186976567E1,6.167175293E-1,6.710994415E0,1.038884628E1
4.187978467E1,6.506968689E-1,6.706952820E0,1.046548691E1
4.188980467E1,5.737568665E-1,6.793921967E0,1.049347870E1
4.189982367E1,5.450166321E-1,6.949598236E0,1.052655991E1
4.190984267E1,6.348298645E-1,7.002887421E0,1.057685532E1
4.191986167E1,6.295907593E-1,7.091203766E0,1.063253952E1
4.192988067E1,6.300398254E-1,7.151678009E0,1.070259384E1
4.193989967E1,6.515950012E-1,7.170239410E0,1.075064392E1
4.194991867E1,7.042854309E-1,7.170089722E0,1.079031143E1
4.195993867E1,7.123686218E-1,7.156468048E0,1.077609100E1
4.196995767E1,6.897656250E-1,7.161108398E0,1.077609100E1
4.197997667E1,7.153623962E-1,7.210505676E0,1.087623276E1
4.198999567E1,7.295828247E-1,7.237749023E0,1.094149704E1
4.200001467E1,7.158114624E-1,7.227570190E0,1.095242432E1
4.201003367E1,7.063810730E-1,7.291786652E0,1.100376755E1
4.202005367E1,7.183561707E-1,7.360194397E0,1.116318604E1
4.203007267E1,7.517367554E-1,7.419022064E0,1.120255417E1
4.204009167E1,8.226892090E-1,7.455995178E0,1.123578506E1
4.205011067E1,8.231382751E-1,7.507787476E0,1.131601822E1
4.206012967E1,7.640112305E-1,7.556286621E0,1.137424713E1
4.207014867E1,7.445516968E-1,7.596403198E0,1.141870468E1
4.208016767E1,7.207511902E-1,7.655380554E0,1.143187729E1
4.209018767E1,7.185058594E-1,7.671247559E0,1.144684616E1
4.210020667E1,7.535330200E-1,7.664960632E0,1.141945312E1
4.211022567E1,7.854167175E-1,7.633975067E0,1.141601028E1
4.212024467E1,8.234376526E-1,7.722890167E0,1.146076721E1
4.213026338E1,8.286767578E-1,7.844736786E0,1.155192764E1
4.214028237E1,8.117619324E-1,7.928412781E0,1.163515457E1
4.215030237E1,8.105644226E-1,7.986342316E0,1.167676804E1
4.216032137E1,8.077203369E-1,8.033643951E0,1.169847290E1
4.217034037E1,8.186476135E-1,8.049810333E0,1.173230255E1
4.218035937E1,8.702902222E-1,8.074209595E0,1.179247742E1
4.219037838E1,8.893006897E-1,8.088879089E0,1.187375839E1
4.220039737E1,8.625064087E-1,8.127049713E0,1.192450287E1
4.221041637E1,8.291258240E-1,8.165968781E0,1.199216217E1
4.222043637E1,8.307723999E-1,8.129295044E0,1.208017914E1
4.223045537E1,8.620573425E-1,8.093070374E0,1.213047455E1
4.224047437E1,8.632548523E-1,8.084388428E0,1.219708603E1
4.225049338E1,8.559201050E-1,8.128845978E0,1.221295303E1
4.226051237E1,8.634045410E-1,8.130193176E0,1.220771393E1
4.227053137E1,9.523196411E-1,8.050558777E0,1.224049576E1
4.228055137E1,8.518785095E-1,8.238717499E0,1.222956848E1
4.229057037E1,8.475375366E-1,8.341104584E0,1.225606339E1
4.230058937E1,8.484356689E-1,8.369545441E0,1.228225891E1
4.231060838E1,8.382568359E-1,8.468339996E0,1.230576004E1
4.232062737E1,8.921447754E-1,8.494086456E0,1.231099915E1
4.233064637E1,9.123527527E-1,8.503367157E0,1.229483276E1
4.234066537E1,9.261241150E-1,8.539292450E0,1.230950226E1
4.235068537E1,9.502239990E-1,8.561895447E0,1.232806366E1
4.236070437E1,9.592053223E-1,8.563242645E0,1.238419693E1
4.237072338E1,9.662406921E-1,8.625962219E0,1.246966919E1
4.238074237E1,9.439370728E-1,8.690028992E0,1.253223907E1
4.239076137E1,9.282197571E-1,8.704099731E0,1.260393997E1
4.240078037E1,9.355545044E-1,8.698561249E0,1.263821869E1
4.241079937E1,9.345066833E-1,8.673263855E0,1.269345383E1
4.242081937E1,9.407936096E-1,8.998088379E0,1.313129333E1
4.243083838E1,1.028511200E0,9.341474304E0,1.395697632E1
4.244085737E1,1.048569489E0,9.163793793E0,1.418600006E1
4.245087637E1,1.025068359E0,8.363108826E0,1.371942032E1
4.246089537E1,7.991880798E-1,7.173382874E0,1.310060715E1
4.247091437E1,7.454498291E-1,6.192921753E0,1.273806107E1
4.248093437E1,9.069639587E-1,5.850583649E0,1.258238480E1
4.249095338E1,1.043031006E0,6.256838837E0,1.249182312E1
4.250097237E1,1.128054199E0,7.527696075E0,1.297127609E1
4.251099137E1,1.133293304E0,8.962911530E0,1.345716568E1
4.252101037E1,1.379082184E0,9.532327423E0,1.400622391E1
4.253102937E1,8.246351624E-1,9.892029419E0,1.402194122E1
4.254104837E1,5.987548828E-1,9.838740234E0,1.355670868E1
4.255106838E1,9.656419373E-1,9.399104462E0,1.308069855E1
4.256108737E1,1.254990234E0,9.150172119E0,1.273851013E1
4.257110637E1,1.459015961E0,9.095984802E0,1.283116745E1
4.258112537E1,1.365310822E0,9.074729004E0,1.296962952E1
4.259114437E1,1.164129181E0,8.969797211E0,1.308189606E1
4.260116337E1,1.031654663E0,8.759634247E0,1.316317703E1
4.261118237E1,1.031355286E0,8.482710114E0,1.324969711E1
4.262120237E1,1.128802643E0,8.296048279E0,1.339624237E1
4.263122137E1,1.179397430E0,8.266409912E0,1.357422226E1
4.264124038E1,1.094224548E0,8.315657501E0,1.380130005E1
4.265125937E1,9.705816650E-1,8.481961670E0,1.409259430E1
4.266127837E1,9.099577332E-1,8.666228485E0,1.429153061E1
4.267129737E1,9.020242310E-1,8.710686035E0,1.416983368E1
4.268131737E1,9.437873840E-1,8.591683502E0,1.381671799E1
4.269133637E1,9.638456726E-1,8.453670502E0,1.349488724E1
4.270135538E1,9.732760620E-1,8.472830658E0,1.329190933E1
4.271137437E1,9.901908875E-1,8.593180389E0,1.312710205E1
4.272139337E1,9.952803040E-1,8.712482300E0,1.302920563E1
4.273141237E1,9.963281250E-1,8.794362030E0,1.304612045E1
4.274143137E1,9.467811584E-1,8.858428802E0,1.315674042E1
4.275145137E1,1.147513733E0,8.745413818E0,1.336959778E1
4.276147038E1,9.168434143E-1,9.066795502E0,1.354293732E1
4.277148937E1,1.010398865E0,9.222771149E0,1.374965744E1
4.278150837E1,1.211131439E0,8.849746857E0,1.384949982E1
4.279152737E1,1.162781982E0,8.734037476E0,1.366777771E1
4.280154637E1,1.136885834E0,8.583300934E0,1.353874603E1
4.281156537E1,1.089284821E0,8.503666534E0,1.341435471E1
4.282158538E1,1.090182953E0,8.568930817E0,1.326361816E1
4.283160437E1,1.087937622E0,8.559799805E0,1.318548065E1
4.284162337E1,1.100661163E0,8.564589844E0,1.314461563E1
4.285164237E1,1.159488831E0,8.548872528E0,1.311632446E1
4.286166137E1,1.212029572E0,8.527317352E0,1.319565948E1
4.287168037E1,1.191372528E0,8.578361206E0,1.330897385E1
4.288170038E1,1.176852722E0,8.629105682E0,1.343740677E1
4.289171937E1,1.194515991E0,8.717571716E0,1.347797241E1
4.290173837E1,1.165027313E0,8.796307983E0,1.350042572E1
4.291175737E1,1.179397430E0,8.832981720E0,1.348276245E1
4.292177637E1,1.165326691E0,8.806337128E0,1.342258759E1
4.293179537E1,1.107247467E0,8.688232727E0,1.326002563E1
4.294181437E1,1.105451202E0,8.518785095E0,1.311886917E1
4.295183437E1,1.142424316E0,8.431815948E0,1.298489777E1
4.296185337E1,1.155297546E0,8.398734741E0,1.292412415E1
4.297187237E1,1.139729919E0,8.458759918E0,1.291334656E1
4.298189137E1,1.115779724E0,8.503965912E0,1.296483948E1
4.299191037E1,1.070124664E0,8.529113617E0,1.303145096E1
4.300192937E1,1.039139099E0,8.481512604E0,1.312306046E1
4.301194937E1,1.017883301E0,8.455017700E0,1.323981766E1
4.302196837E1,9.973759460E-1,8.490493927E0,1.330568069E1
4.303198737E1,1.014440460E0,8.447084198E0,1.333651657E1
4.304200637E1,1.044527893E0,8.346343689E0,1.329146027E1
4.305202537E1,1.004261627E0,8.177644501E0,1.322230408E1
4.306204437E1,9.316625977E-1,7.997419281E0,1.303145096E1
4.307206337E1,9.011260986E-1,7.810607758E0,1.276470566E1
4.308208337E1,9.006770325E-1,7.752977600E0,1.244467117E1
4.309210237E1,9.213340759E-1,7.850125580E0,1.217942276E1
4.310212137E1,9.568103027E-1,8.112230530E0,1.216400482E1
4.311214037E1,9.771679688E-1,8.339458008E0,1.229303650E1
4.312215937E1,9.883946228E-1,8.513096924E0,1.239347763E1
4.313217912E1,9.565109253E-1,8.556057587E0,1.252580246E1
4.314219812E1,1.036444702E0,8.482859802E0,1.262699203E1
4.315221813E1,1.128802643E0,8.343200226E0,1.274928772E1
4.316223712E1,1.100212097E0,8.169261932E0,1.276470566E1
4.317225612E1,1.002315674E0,8.072862396E0,1.272773254E1
4.318227513E1,1.000818787E0,7.948321381E0,1.253523285E1
4.319229412E1,9.589059448E-1,7.660919037E0,1.232956055E1
4.320231312E1,9.110055542E-1,7.445516968E0,1.221729401E1
4.321233313E1,9.303153992E-1,7.418273621E0,1.209350143E1
4.322235212E1,9.942324829E-1,7.527097321E0,1.202075272E1
4.323237112E1,1.055754547E0,7.643106079E0,1.208302322E1
4.324239013E1,1.075064392E0,7.636819153E0,1.221100708E1
4.325240912E1,1.029708710E0,7.568860474E0,1.221534805E1
4.326242812E1,9.843530273E-1,7.492369537E0,1.211805038E1
4.327244712E1,9.267228699E-1,7.475903778E0,1.198243240E1
4.328246712E1,9.114546204E-1,7.444469147E0,1.172885971E1
4.329248612E1,8.675958252E-1,7.423512726E0,1.149699188E1
4.330250513E1,8.369096375E-1,7.475754089E0,1.137694153E1
4.331252412E1,8.946894836E-1,7.566465454E0,1.133248398E1
4.332254312E1,8.710386658E-1,7.721243591E0,1.137768997E1
4.333256212E1,8.292755127E-1,7.649393005E0,1.144190643E1
4.334258112E1,7.942483521E-1,7.439828796E0,1.142963196E1
4.335260112E1,7.289840698E-1,7.267237701E0,1.141571091E1
4.336262013E1,7.222480774E-1,7.128925323E0,1.146151566E1
4.337263912E1,7.283853149E-1,7.057074738E0,1.147453857E1
4.338265812E1,7.488926697E-1,7.085066528E0,1.145343246E1
4.339267712E1,6.957531738E-1,7.102131042E0,1.137724091E1
4.340269612E1,6.653663635E-1,6.906787262E0,1.117875366E1
4.341271612E1,6.861730957E-1,6.768923950E0,1.105720642E1
4.342273513E1,7.212002563E-1,6.636748810E0,1.099628311E1
4.343275412E1,8.005352783E-1,6.413562927E0,1.083970871E1
4.344277312E1,8.002359009E-1,6.505471802E0,1.079525116E1
4.345279212E1,7.538323975E-1,6.510561218E0,1.079989151E1
4.346281112E1,7.179071045E-1,6.498286743E0,1.076740906E1
4.347283012E1,6.551875305E-1,6.584058380E0,1.068148773E1
4.348285013E1,6.794371033E-1,6.500681763E0,1.059975769E1
4.349286912E1,7.699987793E-1,6.503076782E0,1.055515045E1
4.350288812E1,7.725434875E-1,6.419849854E0,1.052057236E1
4.351290712E1,7.963439941E-1,6.333180084E0,1.041279648E1
4.352292612E1,7.744894409E-1,6.186634827E0,1.030038025E1
4.353294512E1,6.629713440E-1,6.041885834E0,1.014260834E1
4.354296513E1,5.697152710E-1,5.929469604E0,1.004561005E1
4.355298412E1,5.725593567E-1,5.899382172E0,1.004905289E1
4.356300312E1,6.298901367E-1,5.941444702E0,1.002644989E1
4.357302212E1,6.285429382E-1,5.962101746E0,1.001971390E1
4.358304112E1,6.478527832E-1,5.931116180E0,9.955198059E0
4.359306012E1,7.638615417E-1,5.848637695E0,9.894723816E0
4.360307912E1,7.714956665E-1,5.685327301E0,9.708211670E0
4.361309912E1,7.469467163E-1,5.745651855E0,9.611213379E0
4.362311812E1,7.370672607E-1,5.874384155E0,9.536518707E0
4.363313712E1,7.042854309E-1,6.121370544E0,9.381441193E0
4.364315612E1,6.092330933E-1,6.189478912E0,9.311087494E0
4.365317512E1,5.748046875E-1,6.190676422E0,9.219477997E0
4.366319412E1,5.243595886E-1,6.211183777E0,9.028924255E0
4.367321312E1,5.349874878E-1,6.101611633E0,8.850794678E0
4.368323312E1,5.333409119E-1,5.971831512E0,8.606203308E0
4.369325212E1,5.601351929E-1,5.832321625E0,8.321046295E0
4.370327112E1,6.432124329E-1,5.725144501E0,8.162825317E0
4.371329012E1,6.271957397E-1,5.704337769E0,8.080646210E0
4.372330912E1,7.114704895E-1,5.624853058E0,8.035739594E0
4.373332812E1,7.906558228E-1,5.454058228E0,8.054300995E0
4.374334812E1,6.715036011E-1,5.420677643E0,8.078999634E0
4.375336712E1,5.043013000E-1,5.422024841E0,8.122409363E0
4.376338612E1,4.204756165E-1,5.309159546E0,8.168363800E0
4.377340512E1,4.134402466E-1,5.161267090E0,8.035589905E0
4.378342412E1,5.180726624E-1,5.114863586E0,7.932304688E0
4.379344312E1,6.062393188E-1,5.076243896E0,7.930957489E0
4.380346212E1,6.978488159E-1,5.025349731E0,7.853269043E0
4.381348212E1,7.691006470E-1,4.937332764E0,7.753276978E0
4.382350112E1,7.143145752E-1,4.847070465E0,7.648943939E0
4.383352012E1,6.267466736E-1,4.730313263E0,7.592361603E0
4.384353912E1,5.921685791E-1,4.779111786E0,7.508535919E0
4.385355812E1,5.701643372E-1,4.402794342E0,7.537874908E0
4.386357712E1,7.743397522E-1,4.334236908E0,7.646399231E0
4.387359612E1,7.975415039E-1,4.335284729E0,7.654931488E0
4.388361612E1,4.803511047E-1,4.499493256E0,7.355554047E0
4.389363512E1,4.013154602E-1,4.521796875E0,7.206913147E0
4.390365412E1,3.137475586E-1,4.440216522E0,7.158114624E0
4.391367312E1,5.608836365E-1,4.177213440E0,6.943311310E0
4.392369212E1,6.704557800E-1,4.094734955E0,6.847809906E0
4.393371112E1,5.053491211E-1,4.231550446E0,6.910379791E0
4.394373112E1,4.138893127E-1,4.203558655E0,6.978937225E0
4.395375012E1,4.189787292E-1,4.285887451E0,6.901997223E0
4.396376912E1,4.177812195E-1,4.216431885E0,6.713838501E0
4.397378812E1,4.366419983E-1,4.176914062E0,6.594237213E0
4.398380712E1,3.158432007E-1,4.085304565E0,6.464157715E0
4.399382612E1,2.974314880E-1,3.653302917E0,6.180198212E0
4.400384512E1,5.090913391E-1,3.551514587E0,6.146368561E0
4.401386512E1,7.059320068E-1,3.550766144E0,6.253545685E0
4.402388412E1,6.982978821E-1,3.729793854E0,6.142776031E0
4.403390312E1,7.265890503E-1,3.792812805E0,6.313870239E0
4.404392212E1,6.017486572E-1,3.736978912E0,6.323600006E0
4.405394112E1,5.884263611E-1,3.705095215E0,6.274352417E0
4.406396012E1,4.813989258E-1,3.516637115E0,6.207441559E0
4.407398012E1,3.471281433E-1,3.264561310E0,6.155349884E0
4.408399912E1,2.513273621E-1,3.235372009E0,6.133944397E0
4.409401812E1,2.427951050E-1,3.163072357E0,6.000721436E0
4.410403712E1,2.959346008E-1,3.038681030E0,5.984405365E0
4.411405612E1,3.778143311E-1,2.940335541E0,5.863756256E0
4.412407512E1,3.800596619E-1,2.968626709E0,5.704038391E0
4.413409350E1,2.915936279E-1,3.029250641E0,5.676196289E0
4.414411350E1,2.896476746E-1,2.976111145E0,5.605692902E0
4.415413250E1,2.743794250E-1,2.943928070E0,5.524411926E0
4.416415150E1,3.104544067E-1,2.945874023E0,5.402415619E0
4.417417050E1,3.841012573E-1,2.911595306E0,5.358706512E0
4.418418950E1,3.855981445E-1,2.868484955E0,5.242697754E0
4.419420850E1,3.608995056E-1,2.847827911E0,5.201084290E0
4.420422750E1,3.668870544E-1,2.849923553E0,5.207969971E0
4.421424750E1,4.026626587E-1,2.861299896E0,5.167254639E0
4.422426650E1,3.808081055E-1,2.854264526E0,5.233566742E0
4.423428550E1,3.956272888E-1,2.843037872E0,5.374124451E0
4.424430450E1,3.858975220E-1,2.787353668E0,5.440735931E0
4.425432350E1,4.376898193E-1,2.683769073E0,5.424419861E0
4.426434250E1,5.254074097E-1,2.604134674E0,5.303471375E0
4.427436150E1,5.310955811E-1,2.481240234E0,5.090763702E0
4.428438150E1,4.758604431E-1,2.331252136E0,4.944517822E0
4.429440050E1,4.558021545E-1,2.255210266E0,4.761298828E0
4.430441950E1,4.234693909E-1,2.144590302E0,4.660857697E0
4.431443850E1,4.553530884E-1,2.211052094E0,4.590054932E0
4.432445750E1,4.558021545E-1,2.253563690E0,4.573738861E0
4.433447650E1,5.059478760E-1,2.397414551E0,4.649481354E0
4.434449650E1,4.197271729E-1,2.532433777E0,4.756359100E0
4.435451550E1,3.472778320E-1,2.465373230E0,4.729115753E0
4.436453450E1,3.881428528E-1,2.370320892E0,4.625082092E0
4.437455350E1,4.480183411E-1,2.248773651E0,4.488715668E0
4.438457250E1,5.059478760E-1,2.117646332E0,4.348008270E0
4.439459150E1,5.658233643E-1,2.108365631E0,4.289180603E0
4.440461050E1,6.135740662E-1,2.086810455E0,4.226161652E0
4.441463050E1,6.002517700E-1,2.124532013E0,4.275259552E0
4.442464950E1,5.771997070E-1,2.161205750E0,4.302353210E0
4.443466850E1,5.659730530E-1,2.203417969E0,4.261488190E0
4.444468750E1,5.325924683E-1,2.230811005E0,4.296215973E0
4.445470650E1,4.460723877E-1,2.206411743E0,4.309538269E0
4.446472550E1,2.507286072E-1,2.268233185E0,4.311783600E0
4.447474550E1,8.861572266E-2,2.199076996E0,4.343816986E0
4.448476450E1,2.335144043E-2,1.991309052E0,4.096980286E0
4.449478350E1,7.574249268E-2,1.815424805E0,3.963607635E0
4.450480250E1,2.401007080E-1,1.716480560E0,3.851790161E0
4.451482150E1,3.552113342E-1,1.726809082E0,3.739972687E0
4.452484050E1,5.111869812E-1,1.811383209E0,3.908522186E0
4.453485950E1,5.851332092E-1,1.961820374E0,3.944746857E0
4.454487950E1,4.376898193E-1,2.168989563E0,4.092489624E0
4.455489850E1,3.403921509E-1,2.240091705E0,3.920497284E0
4.456491750E1,2.703378296E-1,2.134112091E0,3.751199341E0
4.457493650E1,1.936972046E-1,1.917961578E0,3.803590393E0
4.458495550E1,2.116598511E-1,1.735341339E0,3.706741791E0
4.459497450E1,3.960763550E-1,1.707798615E0,3.560944977E0
4.460499350E1,5.481600952E-1,1.687890015E0,3.345842285E0
4.461501350E1,7.349716187E-1,1.651066589E0,3.305276642E0
4.462503250E1,7.638615417E-1,1.762135620E0,3.351081390E0
4.463505150E1,6.941065979E-1,1.822310486E0,3.435655518E0
4.464507050E1,6.068380737E-1,1.888323212E0,3.685485992E0
4.465508950E1,3.429368591E-1,1.983076172E0,3.998485107E0
4.466510850E1,7.394622803E-2,1.897753601E0,4.085603943E0
4.467512850E1,8.981323242E-3,1.791474609E0,3.995940399E0
4.468514750E1,1.679507446E-1,1.766476593E0,3.992796936E0
4.469516650E1,3.820056152E-1,1.796264648E0,4.020639038E0
4.470518550E1,6.207591248E-1,1.811682587E0,3.914509735E0
4.471520450E1,7.843688965E-1,1.766626282E0,3.867208099E0
4.472522350E1,7.764353943E-1,1.644330597E0,3.891607361E0
4.473524250E1,6.773414612E-1,1.569935303E0,3.968547363E0
4.474526250E1,6.990463257E-1,1.536105652E0,4.051474915E0
4.475528150E1,6.930587769E-1,1.612895966E0,4.149221649E0
4.476530050E1,6.496490479E-1,1.741927643E0,4.219575348E0
4.477531950E1,6.307882690E-1,1.772015076E0,4.234394531E0
4.478533850E1,6.021977234E-1,1.808090057E0,4.126319275E0
4.479535750E1,5.170248413E-1,1.802252197E0,3.804488525E0
4.480537750E1,4.788542175E-1,1.726809082E0,3.514840851E0
4.481539650E1,4.703219604E-1,1.611399078E0,3.161276093E0
4.482541550E1,5.352868652E-1,1.491797791E0,2.921175385E0
4.483543450E1,5.673202515E-1,1.500928802E0,2.984942780E0
4.484545350E1,5.496569824E-1,1.651815033E0,3.153492279E0
4.485547250E1,4.737648010E-1,1.805395660E0,3.376977539E0
4.486549150E1,3.870950317E-1,1.945055237E0,3.543281708E0
4.487551150E1,3.589535522E-1,2.018851776E0,3.705693970E0
4.488553050E1,3.415896606E-1,2.129022675E0,3.678450623E0
4.489554950E1,3.147953796E-1,2.135159912E0,3.714675293E0
4.490556850E1,2.236349487E-1,2.188299408E0,3.859873352E0
4.491558750E1,2.550695801E-1,2.182012482E0,4.015250244E0
4.492560650E1,3.323089600E-1,2.084116058E0,4.075425110E0
4.493562550E1,3.200344849E-1,2.031275940E0,4.182003479E0
4.494564550E1,2.883004761E-1,2.010169830E0,4.275109863E0
4.495566450E1,2.972817993E-1,2.040706329E0,4.367767181E0
4.496568350E1,2.917433167E-1,2.071841583E0,4.403093719E0
4.497570250E1,2.487826538E-1,2.076332245E0,4.322860565E0
4.498572150E1,2.339634705E-1,1.996099091E0,4.229454803E0
4.499574050E1,2.980302429E-1,1.949845276E0,4.221072235E0
4.500576050E1,4.055067444E-1,1.935325470E0,4.192332001E0
4.501577950E1,5.032534790E-1,1.930984497E0,4.113595734E0
4.502579850E1,6.146218872E-1,1.935924225E0,4.068389740E0
4.503581750E1,7.396119690E-1,1.990261230E0,4.137096863E0
4.504583650E1,7.741900635E-1,2.095193024E0,4.256847839E0
4.505585550E1,6.680607605E-1,2.191293182E0,4.449197845E0
4.506587450E1,5.510041809E-1,2.188748474E0,4.608167267E0
4.507589450E1,4.074526978E-1,2.154170380E0,4.669539642E0
4.508591350E1,2.556683350E-1,2.140399017E0,4.725672913E0
4.509593250E1,2.911445618E-1,2.100282440E0,4.732109528E0
4.510595150E1,3.529660034E-1,2.142195282E0,4.781656494E0
4.511597050E1,3.725752258E-1,2.291584625E0,4.673730927E0
4.512598992E1,4.207749939E-1,2.324965210E0,4.604275360E0
4.513600992E1,4.623884583E-1,2.429298248E0,4.599485321E0
4.514602892E1,5.075944519E-1,2.537223816E0,4.636009369E0
4.515604792E1,4.993615723E-1,2.667752380E0,4.671335907E0
4.516606692E1,5.090913391E-1,2.733016663E0,4.676724701E0
4.517608592E1,5.279521179E-1,2.715203705E0,4.705614624E0
4.518610492E1,4.662803650E-1,2.704126740E0,4.774471436E0
4.519612392E1,4.180805969E-1,2.743345184E0,4.793930969E0
4.520614392E1,4.608915710E-1,2.738854523E0,4.780608673E0
4.521616292E1,5.433700562E-1,2.680326233E0,4.820425873E0
4.522618192E1,5.402265930E-1,2.736309814E0,4.884342957E0
4.523620092E1,4.784051514E-1,2.841540985E0,4.943470001E0
4.524621992E1,5.219645691E-1,2.887645111E0,4.969216461E0
4.525623892E1,5.800437927E-1,2.856809235E0,5.004842377E0
4.526625792E1,6.111790466E-1,2.896027679E0,5.092709656E0
4.527627792E1,6.343807983E-1,2.972219238E0,5.218897247E0
4.528629692E1,6.312373352E-1,2.999761963E0,5.353018341E0
4.529631592E1,6.599775696E-1,3.071762238E0,5.438340912E0
4.530633492E1,7.011419678E-1,3.159479828E0,5.467081146E0
4.531635392E1,7.514373779E-1,3.219055939E0,5.465434570E0
4.532637292E1,7.243437195E-1,3.251239014E0,5.371430054E0
4.533639292E1,6.818321228E-1,3.227438507E0,5.276976471E0
4.534641192E1,6.496490479E-1,3.220552826E0,5.256768494E0
4.535643092E1,6.505471802E-1,3.186872864E0,5.219496002E0
4.536644992E1,6.295907593E-1,3.223696289E0,5.275030518E0
4.537646892E1,6.333329773E-1,3.303779755E0,5.409301300E0
4.538648792E1,6.819818115E-1,3.372786255E0,5.598507843E0
4.539650692E1,6.039939880E-1,3.556304626E0,5.829028473E0
4.540652692E1,5.360353088E-1,3.736080780E0,6.009553070E0
4.541654592E1,6.002517700E-1,3.833228760E0,6.146368561E0
4.542656492E1,6.953041077E-1,3.920497284E0,6.256240082E0
4.543658392E1,7.131170654E-1,4.013453979E0,6.366261292E0
4.544660292E1,7.249424744E-1,4.099375305E0,6.433770905E0
4.545662192E1,7.530839539E-1,4.124223633E0,6.462361450E0
4.546664092E1,7.755372620E-1,4.151017914E0,6.478827209E0
4.547666092E1,8.313711548E-1,4.197122040E0,6.613996124E0
4.548667992E1,8.428971863E-1,4.228107605E0,6.691983948E0
4.549669892E1,8.598120117E-1,4.217330017E0,6.727460175E0
4.550671792E1,8.461903381E-1,4.195475464E0,6.725065155E0
4.551673692E1,8.701405334E-1,4.240082703E0,6.727909241E0
4.552675592E1,8.870553589E-1,4.262086945E0,6.832541656E0
4.553677592E1,9.199868774E-1,4.299060059E0,6.981032867E0
4.554679492E1,9.523196411E-1,4.336482239E0,7.042704620E0
4.555681392E1,1.036145325E0,4.327351227E0,7.043752441E0
4.556683292E1,1.071920929E0,4.369413757E0,7.014712830E0
4.557685192E1,1.099763031E0,4.450095978E0,6.995402985E0
4.558687092E1,1.043929138E0,4.517006836E0,7.009324036E0
4.559688992E1,9.630972290E-1,4.561913452E0,7.020850067E0
4.560690992E1,9.101074219E-1,4.694837036E0,7.098239136E0
4.561692892E1,8.408015442E-1,4.825964355E0,7.261848907E0
4.562694792E1,8.518785095E-1,4.971910858E0,7.445067902E0
4.563696692E1,8.406518555E-1,5.163811798E0,7.550598450E0
4.564698592E1,8.578660583E-1,5.284760284E0,7.634424133E0
4.565700492E1,9.479786682E-1,5.351970520E0,7.668253784E0
4.566702492E1,9.927355957E-1,5.331014099E0,7.681127014E0
4.567704392E1,1.002465363E0,5.299280090E0,7.541317749E0
4.568706292E1,1.003064117E0,5.344486084E0,7.541916504E0
4.569708192E1,9.487271118E-1,5.415139160E0,7.755372620E0
4.570710092E1,8.900491333E-1,5.471721497E0,8.002808075E0
4.571711992E1,8.128097534E-1,5.514233093E0,8.214018860E0
4.572713892E1,7.467970276E-1,5.531896362E0,8.392747192E0
4.573715892E1,7.173083496E-1,5.485941925E0,8.537496185E0
4.574717792E1,7.640112305E-1,5.491929474E0,8.524922333E0
4.575719692E1,8.238867188E-1,5.492677917E0,8.387957153E0
4.576721592E1,8.821156311E-1,5.532046051E0,8.264613647E0
4.577723492E1,9.157955933E-1,5.550158386E0,8.196056213E0
4.578725392E1,9.491761780E-1,5.650749207E0,8.234825592E0
4.579727292E1,9.945318604E-1,5.802383881E0,8.369545441E0
4.580729292E1,1.077758789E0,6.050268402E0,8.566386108E0
4.581731192E1,1.196162567E0,6.321803741E0,8.697363739E0
4.582733092E1,1.237177277E0,6.549629974E0,8.669371948E0
4.583734992E1,1.157991943E0,6.725214844E0,8.901688843E0
4.584736892E1,1.057850189E0,6.759044495E0,9.028624878E0
4.585738792E1,1.048719177E0,6.749314728E0,9.040150909E0
4.586740792E1,1.065035248E0,6.705755310E0,9.146429901E0
4.587742692E1,1.085542603E0,6.635102234E0,9.220525818E0
4.588744592E1,1.118773499E0,6.603368225E0,9.405541077E0
4.589746492E1,1.067430267E0,6.600823517E0,9.548194427E0
4.590748392E1,1.058598633E0,6.613097992E0,9.559720459E0
4.591750292E1,1.084195404E0,6.657106476E0,9.520052948E0
4.592752192E1,1.052012329E0,6.712640991E0,9.524543610E0
4.593754192E1,1.029858398E0,6.788982239E0,9.522298279E0
4.594756092E1,1.021026764E0,6.898704071E0,9.473499756E0
4.595757992E1,1.055455170E0,7.030579834E0,9.562265167E0
4.596759892E1,1.176253967E0,7.101981354E0,9.659263458E0
4.597761792E1,1.299148407E0,7.191944275E0,9.634864197E0
4.598763692E1,1.331481171E0,7.260202332E0,9.609117737E0
4.599765692E1,1.365161133E0,7.312443695E0,9.695787506E0
4.600767592E1,1.319057007E0,7.388784943E0,9.797875214E0
4.601769492E1,1.289867706E0,7.434739380E0,9.903106384E0
4.602771392E1,1.213975525E0,7.489974518E0,9.986932068E0
4.603773292E1,1.199755096E0,7.669600983E0,1.022703278E1
4.604775192E1,1.181942139E0,7.833510132E0,1.051099228E1
4.605777092E1,1.117426300E0,7.903564453E0,1.059856018E1
4.606779092E1,1.090931396E0,7.937992859E0,1.063553329E1
4.607780992E1,1.083896027E0,7.962541809E0,1.069181625E1
4.608782892E1,1.116677856E0,8.014034729E0,1.080108902E1
4.609784792E1,1.065334625E0,8.010591888E0,1.094164673E1
4.610786692E1,9.690847778E-1,7.933801575E0,1.107906097E1
4.611788592E1,9.210346985E-1,7.858208771E0,1.122380997E1
4.612790492E1,9.545649719E-1,7.826325073E0,1.127679977E1
4.613792492E1,1.082548828E0,7.810308380E0,1.123413849E1
4.614794392E1,1.226100311E0,7.782466278E0,1.125090363E1
4.615796292E1,1.295106812E0,7.774682465E0,1.130104935E1
4.616798192E1,1.366807709E0,7.840096436E0,1.127066254E1
4.617800092E1,1.542691956E0,7.976163483E0,1.128832581E1
4.618801992E1,1.707798615E0,8.095914459E0,1.138382721E1
4.619803992E1,1.764380951E0,8.191116486E0,1.147259262E1
4.620805892E1,1.746268616E0,8.287366333E0,1.153845566E1
4.621807792E1,1.712438965E0,8.397836609E0,1.159907959E1
4.622809692E1,1.662143555E0,8.454119568E0,1.166179916E1
4.623811592E1,1.610500946E0,8.487200775E0,1.167646866E1
4.624813492E1,1.616787872E0,8.614885254E0,1.141436371E1
4.625815392E1,1.519340515E0,8.670120392E0,1.120899078E1
4.626817392E1,1.401834869E0,8.894653473E0,1.141166931E1
4.627819292E1,1.315464478E0,9.296417999E0,1.162243103E1
4.628821192E1,1.187480621E0,9.559720459E0,1.161030624E1
4.629823092E1,1.135987701E0,9.717192993E0,1.136945709E1
4.630824992E1,1.045875092E0,9.652377777E0,1.114387619E1
4.631826892E1,8.660989380E-1,9.442065125E0,1.132664612E1
4.632828792E1,7.776329041E-1,9.192683716E0,1.167886368E1
4.633830792E1,7.964936829E-1,8.963959351E0,1.177930481E1
4.634832692E1,9.163943481E-1,9.024283905E0,1.179382462E1
4.635834592E1,1.122665405E0,9.251361694E0,1.203467377E1
4.636836492E1,1.228345642E0,9.449549561E0,1.224438766E1
4.637838392E1,1.217268677E0,9.599088593E0,1.234213440E1
4.638840292E1,1.143322449E0,9.676926727E0,1.242955261E1
4.639842292E1,1.182391205E0,9.706714783E0,1.244526993E1
4.640844192E1,1.226998444E0,9.640402679E0,1.241952347E1
4.641846092E1,1.232985992E0,9.527387695E0,1.234018845E1
4.642847992E1,1.235979767E0,9.406139832E0,1.230082031E1
4.643849892E1,1.254092102E0,9.266779633E0,1.240979370E1
4.644851792E1,1.354982300E0,9.276808777E0,1.263133301E1
4.645853692E1,1.469194794E0,9.310788116E0,1.287757095E1
4.646855692E1,1.490151215E0,9.238189087E0,1.293624893E1
4.647857592E1,1.527573395E0,9.209448853E0,1.288146286E1
4.648859492E1,1.606758728E0,9.200766907E0,1.278895523E1
4.649861392E1,1.620530090E0,9.251212006E0,1.275482620E1
4.650863292E1,1.664538574E0,9.444759521E0,1.281425262E1
4.651865192E1,1.677561493E0,9.688003693E0,1.294642776E1
4.652867092E1,1.609602814E0,9.878856812E0,1.304492294E1
4.653869092E1,1.576072540E0,9.882898407E0,1.304417450E1
4.654870992E1,1.544039154E0,9.801018677E0,1.300405792E1
4.655872892E1,1.475781097E0,9.758656769E0,1.296947983E1
4.656874792E1,1.399739227E0,9.651329956E0,1.298160461E1
4.657876692E1,1.348695374E0,9.568851471E0,1.282009048E1
4.658878592E1,1.354682922E0,9.541308746E0,1.269315445E1
4.659880592E1,1.395547943E0,9.655072174E0,1.276036469E1
4.660882492E1,1.507066040E0,9.852511597E0,1.289089325E1
4.661884392E1,1.574875031E0,1.001327728E1,1.301229080E1
4.662886292E1,1.563648376E0,1.014485367E1,1.311048660E1
4.663888192E1,1.551523590E0,1.019215530E1,1.328188019E1
4.664890092E1,1.566492462E0,1.012629227E1,1.349009720E1
4.665891992E1,1.547182617E0,1.001103195E1,1.355506210E1
4.666893992E1,1.472487946E0,9.718540192E0,1.349324066E1
4.667895892E1,1.496288452E0,9.451345825E0,1.331615891E1
4.668897792E1,1.553319855E0,9.265582123E0,1.325254120E1
4.669899692E1,1.546134796E0,9.339977417E0,1.331241669E1
4.670901592E1,1.481918335E0,9.576934662E0,1.342767700E1
4.671903492E1,1.471739502E0,9.885892181E0,1.352452560E1
4.672905392E1,1.476828918E0,1.001956421E1,1.355506210E1
4.673907392E1,1.584006042E0,1.008737320E1,1.341375595E1
4.674909292E1,1.651066589E0,1.006267456E1,1.340866653E1
4.675911192E1,1.686393127E0,9.972412262E0,1.345042969E1
4.676913092E1,1.657802582E0,9.859397278E0,1.348036743E1
4.677914992E1,1.577270050E0,9.687255249E0,1.345986008E1
4.678916892E1,1.475631409E0,9.563911743E0,1.323742264E1
4.679918792E1,1.390608215E0,9.519903259E0,1.302022430E1
4.680920792E1,1.330882416E0,9.535171509E0,1.282308426E1
4.681922692E1,1.274749146E0,9.768536224E0,1.274734177E1
4.682924592E1,1.283880157E0,1.002944366E1,1.277428574E1
4.683926492E1,1.356479187E0,1.030172745E1,1.294448181E1
4.684928392E1,1.406475220E0,1.051024384E1,1.317949310E1
4.685930292E1,1.430275726E0,1.054542068E1,1.331421295E1
4.686932292E1,1.430874481E0,1.036923706E1,1.352916595E1
4.687934192E1,1.391356659E0,1.007390121E1,1.366074234E1
4.688936092E1,1.355431366E0,9.801617432E0,1.355027206E1
4.689937992E1,1.336121521E0,9.498348083E0,1.334280350E1
4.690939892E1,1.330583038E0,9.305698700E0,1.318024155E1
4.691941792E1,1.359772339E0,9.289682007E0,1.294882278E1
4.692943692E1,1.360820160E0,9.378297729E0,1.276006531E1
4.693945692E1,1.390159149E0,9.553283844E0,1.271560776E1
4.694947592E1,1.537153473E0,9.793983307E0,1.284957916E1
4.695949492E1,1.680854645E0,9.961035919E0,1.307471100E1
4.696951392E1,1.787582703E0,1.000669098E1,1.323113571E1
4.697953292E1,1.785636749E0,9.954299927E0,1.332723587E1
4.698955192E1,1.765578461E0,9.794432373E0,1.332738556E1
4.699957092E1,1.697619781E0,9.713750153E0,1.330104034E1
4.700959092E1,1.599873047E0,9.684261475E0,1.329804657E1
4.701960992E1,1.522933044E0,9.605674896E0,1.313413742E1
4.702962892E1,1.435963898E0,9.559121704E0,1.285466858E1
4.703964792E1,1.369202728E0,9.554780731E0,1.264061371E1
4.704966692E1,1.368304596E0,9.582622833E0,1.254376511E1
4.705968592E1,1.297052765E0,9.557026062E0,1.254975266E1
4.706970592E1,1.255738678E0,9.585167542E0,1.251218079E1
4.707972492E1,1.287772064E0,9.571096802E0,1.245125748E1
4.708974392E1,1.325643311E0,9.601633301E0,1.253538254E1
4.709976292E1,1.341809692E0,9.673334198E0,1.270123764E1
4.710978192E1,1.316661987E0,9.678573303E0,1.283865189E1
4.711980092E1,1.282682648E0,9.650880890E0,1.288251068E1
4.712981967E1,1.288370819E0,9.641450500E0,1.290152115E1
4.713983967E1,1.281036072E0,9.551038513E0,1.277817764E1
4.714985867E1,1.223256226E0,9.402547302E0,1.255918304E1
4.715987767E1,1.169817352E0,9.274114380E0,1.238105347E1
4.716989667E1,1.154399414E0,9.196276245E0,1.214439560E1
4.717991567E1,1.063987427E0,9.204209747E0,1.191956314E1
4.718993467E1,9.532177734E-1,9.253607025E0,1.205607925E1
4.719995367E1,1.197958832E0,9.336384888E0,1.238928635E1
4.720997367E1,1.508263550E0,9.512718201E0,1.245829285E1
4.721999267E1,1.171014862E0,9.231153717E0,1.218406311E1
4.723001167E1,1.050964508E0,9.108708344E0,1.240814713E1
4.724003067E1,1.313817902E0,9.421707458E0,1.249062561E1
4.725004967E1,1.711391144E0,9.259893951E0,1.218241653E1
4.726006867E1,1.823507996E0,9.062155151E0,1.155866364E1
4.727008867E1,1.735640717E0,8.956923981E0,1.155566986E1
4.728010767E1,1.552421722E0,8.979826355E0,1.152648056E1
4.729012667E1,1.491348724E0,8.972341919E0,1.138637192E1
4.730014567E1,1.530417480E0,8.955726471E0,1.129146927E1
4.731016467E1,1.550775146E0,8.969048767E0,1.122515717E1
4.732018367E1,1.491049347E0,9.034911804E0,1.120360199E1
4.733020267E1,1.347198486E0,9.113947449E0,1.128907425E1
4.734022267E1,1.311123505E0,9.144633636E0,1.142708725E1
4.735024167E1,1.316063232E0,9.062753906E0,1.155552017E1
4.736026067E1,1.239272919E0,8.946296082E0,1.168095932E1
4.737027967E1,1.184786224E0,8.763376465E0,1.182675613E1
4.738029867E1,1.225202179E0,8.718020782E0,1.189142166E1
4.739031767E1,1.198407898E0,8.525670776E0,1.210532684E1
4.740033667E1,1.135388947E0,8.204438782E0,1.213691116E1
4.741035667E1,1.120120697E0,7.935597839E0,1.196087723E1
4.742037567E1,1.064885559E0,7.590265961E0,1.176418625E1
4.743039467E1,1.087638245E0,7.326065369E0,1.162033539E1
4.744041367E1,1.189127197E0,7.256609802E0,1.144280457E1
4.745043267E1,1.251846771E0,7.342082062E0,1.124746078E1
4.746045167E1,1.201401672E0,7.511679382E0,1.118279526E1
4.747047167E1,1.156644745E0,7.705077209E0,1.117830460E1
4.748049067E1,1.176852722E0,7.827372894E0,1.118533997E1
4.749050967E1,1.135239258E0,7.948022003E0,1.115719849E1
4.750052867E1,1.113833771E0,7.970625000E0,1.115959351E1
4.751054767E1,1.047222290E0,7.890242157E0,1.115615067E1
4.752056667E1,9.816586304E-1,7.867190094E0,1.110750183E1
4.753058567E1,9.940827942E-1,7.816744995E0,1.103939346E1
4.754060567E1,9.755213928E-1,7.695048065E0,1.090856552E1
4.755062467E1,8.997789001E-1,7.574698334E0,1.076666061E1
4.756064367E1,8.777746582E-1,7.477849731E0,1.067071014E1
4.757066267E1,8.559201050E-1,7.407196655E0,1.061712158E1
4.758068167E1,7.994874573E-1,7.313491516E0,1.056263489E1
4.759070067E1,8.202941895E-1,7.173831940E0,1.052521271E1
4.760071967E1,8.300239563E-1,7.041207733E0,1.055051010E1
4.761073967E1,8.491841125E-1,6.965315552E0,1.051892578E1
4.762075867E1,8.551716614E-1,6.868167572E0,1.047850983E1
4.763077767E1,8.466394043E-1,6.946155396E0,1.050889664E1
4.764079667E1,8.849597168E-1,6.973847809E0,1.046788193E1
4.765081567E1,9.098080444E-1,6.976392517E0,1.038615189E1
4.766083467E1,9.753717041E-1,6.934779053E0,1.025951523E1
4.767085467E1,1.008452911E0,6.853797455E0,1.010413834E1
4.768087367E1,1.042881317E0,6.814279633E0,9.977052612E0
4.769089267E1,1.089284821E0,6.856192474E0,9.785001984E0
4.770091167E1,1.115180969E0,6.838828583E0,9.655820618E0
4.771093067E1,1.125958557E0,6.760990448E0,9.603429565E0
4.772094967E1,1.084045715E0,6.730603638E0,9.502689056E0
4.773096867E1,1.023571472E0,6.717580719E0,9.403445435E0
4.774098867E1,9.548643494E-1,6.788233795E0,9.375453644E0
4.775100767E1,9.698332214E-1,6.773115234E0,9.347611542E0
4.776102667E1,1.026415558E0,6.712790680E0,9.292975159E0
4.777104567E1,1.040635986E0,6.664141846E0,9.243128815E0
4.778106467E1,9.945318604E-1,6.573729858E0,9.211394806E0
4.779108367E1,9.532177734E-1,6.433022461E0,9.229357452E0
4.780110267E1,8.726852417E-1,6.335575104E0,9.254505157E0
4.781112267E1,7.975415039E-1,6.244714050E0,9.261390839E0
4.782114167E1,7.036866760E-1,6.195466461E0,9.280101929E0
4.783116067E1,5.623805237E-1,6.173462219E0,9.337881775E0
4.784117967E1,4.709207153E-1,6.137686615E0,9.355694733E0
4.785119867E1,4.020639038E-1,6.056255951E0,9.329199829E0
4.786121767E1,3.826043701E-1,5.985453186E0,9.222172394E0
4.787123667E1,3.770658875E-1,5.946085052E0,9.062454529E0
4.788125667E1,3.635939026E-1,5.923482056E0,8.950038300E0
4.789127567E1,3.550616455E-1,5.943240967E0,8.889863434E0
4.790129467E1,3.791615295E-1,5.982459412E0,8.806187439E0
4.791131367E1,4.020639038E-1,6.010600891E0,8.788973236E0
4.792133267E1,4.216731262E-1,6.043233032E0,8.683442688E0
4.793135167E1,4.781057739E-1,5.983058167E0,8.569529572E0
4.794137167E1,4.595443726E-1,5.972729645E0,8.480464783E0
4.795139067E1,5.885760498E-1,5.990243225E0,8.378975830E0
4.796140967E1,7.059320068E-1,5.809868317E0,8.274343414E0
4.797142867E1,6.704557800E-1,5.776936798E0,8.192014618E0
4.798144767E1,6.650669861E-1,5.737568665E0,8.206384735E0
4.799146667E1,6.367758179E-1,5.631589050E0,8.201145630E0
4.800148567E1,5.951623535E-1,5.565127258E0,8.203840027E0
4.801150567E1,6.584806824E-1,5.442083130E0,8.193361816E0
4.802152467E1,6.607260132E-1,5.359005890E0,8.153544617E0
4.803154367E1,6.072871399E-1,5.394182739E0,8.113428040E0
4.804156267E1,6.646179199E-1,5.374274139E0,8.116571503E0
4.805158167E1,7.367678833E-1,5.304219818E0,8.130193176E0
4.806160067E1,6.932084656E-1,5.291047211E0,8.112829285E0
4.807162067E1,6.176156616E-1,5.272635498E0,8.057743835E0
4.808163967E1,5.158273315E-1,5.253924408E0,7.978109436E0
4.809165867E1,4.453239441E-1,5.247787170E0,7.955805817E0
4.810167767E1,4.067042542E-1,5.217999115E0,7.925718384E0
4.811169667E1,3.709286499E-1,5.235961761E0,7.886350250E0
4.812171567E1,3.502716064E-1,5.252128143E0,7.839347992E0
4.813173462E1,3.472778320E-1,5.251679077E0,7.725883942E0
4.814175462E1,3.709286499E-1,5.253625031E0,7.615114288E0
4.815177362E1,3.951782227E-1,5.180876312E0,7.567962341E0
4.816179262E1,4.007167053E-1,5.117857361E0,7.525001678E0
4.817181162E1,3.781137085E-1,5.106331329E0,7.484885101E0
4.818183062E1,3.641926575E-1,5.065316620E0,7.465874634E0
4.819184962E1,3.433859253E-1,5.052293701E0,7.459138641E0
4.820186862E1,3.150947571E-1,5.052742767E0,7.481442261E0
4.821188862E1,3.258723450E-1,5.053640900E0,7.502398682E0
4.822190762E1,3.484753418E-1,5.010530548E0,7.457342377E0
4.823192662E1,3.394940186E-1,4.988825684E0,7.402256927E0
4.824194562E1,3.568579102E-1,4.997058563E0,7.385342102E0
4.825196462E1,3.329077148E-1,4.990771637E0,7.408543854E0
4.826198362E1,3.056643677E-1,4.982538757E0,7.387587433E0
4.827200362E1,3.008743286E-1,4.974754944E0,7.355703735E0
4.828202262E1,3.113525391E-1,4.919370117E0,7.301217041E0
4.829204162E1,3.255729675E-1,4.825814667E0,7.250322876E0
4.830206062E1,3.414399719E-1,4.760101318E0,7.219786377E0
4.831207962E1,3.261717224E-1,4.676874390E0,7.218289490E0
4.832209862E1,3.173400879E-1,4.634063416E0,7.221133575E0
4.833211762E1,3.227288818E-1,4.633314972E0,7.219187622E0
4.834213762E1,3.284170532E-1,4.631518707E0,7.219936066E0
4.835215662E1,3.489244080E-1,4.649331665E0,7.205266571E0
4.836217562E1,3.872447205E-1,4.674778748E0,7.186854858E0
4.837219462E1,4.061054993E-1,4.676125946E0,7.171436920E0
4.838221362E1,4.559518433E-1,4.653822327E0,7.148085480E0
4.839223262E1,5.040019226E-1,4.622836761E0,7.143445129E0
4.840225262E1,5.224136353E-1,4.625830536E0,7.124584351E0
4.841227162E1,5.152285767E-1,4.650978241E0,7.127877502E0
4.842229062E1,4.900808716E-1,4.656965790E0,7.124284973E0
4.843230962E1,5.044509888E-1,4.628674622E0,7.113357697E0
4.844232862E1,5.221142578E-1,4.607119446E0,7.132517853E0
4.845234762E1,4.899311829E-1,4.617747345E0,7.156468048E0
4.846236662E1,4.287084961E-1,4.631219330E0,7.205865326E0
4.847238662E1,4.185296631E-1,4.675377502E0,7.245233459E0
4.848240562E1,4.114942932E-1,4.697232056E0,7.289241943E0
4.849242462E1,3.839515686E-1,4.690795441E0,7.249574432E0
4.850244362E1,3.667373657E-1,4.669539642E0,7.170089722E0
4.851246262E1,3.535647583E-1,4.623585205E0,7.137158203E0
4.852248162E1,3.189866638E-1,4.614753571E0,7.092251587E0
4.853250162E1,2.883004761E-1,4.599485321E0,7.096143494E0
4.854252062E1,3.001258850E-1,4.596192169E0,7.108268280E0
4.855253962E1,3.019221497E-1,4.594994659E0,7.146289215E0
4.856255862E1,3.047662354E-1,4.570745087E0,7.117848358E0
4.857257762E1,3.385958862E-1,4.558919678E0,7.116800537E0
4.858259662E1,3.689826965E-1,4.552483063E0,7.115603027E0
4.859261562E1,3.887416077E-1,4.551285553E0,7.094047852E0
4.860263562E1,4.161346436E-1,4.568350067E0,7.082072754E0
4.861265462E1,4.498146057E-1,4.592150574E0,7.078330536E0
4.862267362E1,4.698728943E-1,4.603526917E0,7.052434387E0
4.863269262E1,4.924758911E-1,4.631818085E0,7.079677734E0
4.864271162E1,4.960684204E-1,4.624633026E0,7.099286957E0
4.865273062E1,5.093907166E-1,4.631069641E0,7.045249329E0
4.866274962E1,5.674699402E-1,4.623585205E0,7.049889679E0
4.867276962E1,6.415658569E-1,4.629722443E0,7.056475983E0
4.868278862E1,7.071295166E-1,4.666396179E0,7.060068512E0
4.869280762E1,7.439529419E-1,4.722379761E0,7.091503143E0
4.870282662E1,7.491920471E-1,4.725972290E0,7.154073029E0
4.871284562E1,7.351213074E-1,4.741988983E0,7.242838440E0
4.872286462E1,7.102729797E-1,4.738546143E0,7.322772217E0
4.873288462E1,6.957531738E-1,4.727020111E0,7.360493774E0
4.874290362E1,6.761439514E-1,4.722379761E0,7.413633270E0
4.875292262E1,6.095324707E-1,4.783303070E0,7.536827087E0
4.876294162E1,5.237608337E-1,4.826712799E0,7.630981293E0
4.877296062E1,4.737648010E-1,4.848267975E0,7.647896118E0
4.878297962E1,4.222718811E-1,4.860542450E0,7.591463470E0
4.879299862E1,3.704795837E-1,4.863386536E0,7.540718994E0
4.880301862E1,3.520678711E-1,4.861590271E0,7.533384247E0
4.881303762E1,3.511697388E-1,4.838388519E0,7.483537903E0
4.882305662E1,3.519181824E-1,4.836592255E0,7.452702026E0
4.883307562E1,3.764671326E-1,4.867577820E0,7.462132416E0
4.884309462E1,4.147874451E-1,4.910987549E0,7.521858215E0
4.885311362E1,4.480183411E-1,4.957540741E0,7.594906311E0
4.886313362E1,4.782554626E-1,5.011129303E0,7.624544678E0
4.887315262E1,5.137316895E-1,5.062472534E0,7.641160126E0
4.888317162E1,5.743556213E-1,5.089715881E0,7.695197754E0
4.889319062E1,5.948629761E-1,5.127736816E0,7.729027405E0
4.890320962E1,5.876779175E-1,5.161416779E0,7.765551453E0
4.891322862E1,5.625302124E-1,5.212460632E0,7.827522583E0
4.892324763E1,5.536985779E-1,5.239254913E0,7.859106903E0
4.893326762E1,5.656736755E-1,5.226830750E0,7.884553986E0
4.894328662E1,5.774990845E-1,5.201982422E0,7.925269318E0
4.895330562E1,5.992039490E-1,5.208119659E0,7.959548035E0
4.896332462E1,6.062393188E-1,5.226531372E0,8.015830994E0
4.897334362E1,6.024971008E-1,5.269042969E0,8.113877106E0
4.898336263E1,6.050418091E-1,5.300477600E0,8.203390961E0
4.899338262E1,5.992039490E-1,5.323080597E0,8.240663452E0
4.900340162E1,6.179150391E-1,5.355263672E0,8.282276917E0
4.901342062E1,6.375242615E-1,5.373675385E0,8.296497345E0
4.902343962E1,6.343807983E-1,5.432503052E0,8.310268707E0
4.903345862E1,6.396199036E-1,5.468278656E0,8.343798981E0
4.904347763E1,6.475534058E-1,5.520969086E0,8.349786530E0
4.905349662E1,6.489006042E-1,5.580395508E0,8.360414429E0
4.906351662E1,6.514453125E-1,5.630241852E0,8.365204468E0
4.907353562E1,6.601272583E-1,5.708978119E0,8.411907349E0
4.908355462E1,6.200106812E-1,5.770500183E0,8.534352722E0
4.909357362E1,6.050418091E-1,5.810467072E0,8.601562958E0
4.910359263E1,6.084846497E-1,5.818250885E0,8.655151520E0
4.911361162E1,6.111790466E-1,5.849835205E0,8.695268097E0
4.912363062E1,6.150709534E-1,5.838009796E0,8.724607086E0
4.913365092E1,6.198609924E-1,5.869743805E0,8.732091522E0
4.914366992E1,6.270460510E-1,5.912105713E0,8.785231018E0
4.915368892E1,6.129753113E-1,5.964047699E0,8.852141876E0
4.916370792E1,5.945635986E-1,6.012696533E0,8.935069427E0
4.917372692E1,5.920188904E-1,6.055806885E0,9.005872192E0
4.918374592E1,6.045927429E-1,6.084397430E0,9.084309082E0
4.919376592E1,6.361770630E-1,6.104755096E0,9.155261536E0
4.920378492E1,6.562353516E-1,6.137387238E0,9.200317841E0
4.921380392E1,6.638694763E-1,6.202501831E0,9.247619476E0
4.922382292E1,6.472540283E-1,6.249504089E0,9.235195312E0
4.923384192E1,6.424639893E-1,6.330635376E0,9.302704926E0
4.924386092E1,6.149212646E-1,6.406826935E0,9.379046173E0
4.925388092E1,6.093827820E-1,6.467899933E0,9.416468353E0
4.926389992E1,5.971083069E-1,6.455625458E0,9.429940338E0
4.927391892E1,6.068380737E-1,6.525380402E0,9.483678589E0
4.928393792E1,6.033952332E-1,6.608008575E0,9.568252716E0
4.929395692E1,6.578819275E-1,6.620283051E0,9.642348633E0
4.930397592E1,7.367678833E-1,6.657555542E0,9.682914276E0
4.931399492E1,7.704478455E-1,6.710096283E0,9.779014435E0
4.932401492E1,8.205935669E-1,6.727609863E0,9.857451324E0
4.933403392E1,8.572673035E-1,6.720424805E0,9.895771637E0
4.934405292E1,8.146060181E-1,6.701114960E0,9.932595062E0
4.935407192E1,7.670050049E-1,6.725514221E0,9.976902924E0
4.936409092E1,7.876620483E-1,6.784790955E0,1.000130219E1
4.937410992E1,7.882608032E-1,6.876699829E0,1.001492386E1
4.938412992E1,8.104147339E-1,6.970704346E0,1.012105316E1
4.939414892E1,8.324189758E-1,7.073091431E0,1.025756927E1
4.940416792E1,8.271798706E-1,7.147786102E0,1.036774017E1
4.941418692E1,8.231382751E-1,7.170089722E0,1.044273422E1
4.942420592E1,8.168513489E-1,7.164700928E0,1.050290909E1
4.943422492E1,7.716453552E-1,7.176975403E0,1.055919205E1
4.944424392E1,6.881190491E-1,7.177424469E0,1.062595322E1
4.945426392E1,6.930587769E-1,7.167395325E0,1.067954178E1
4.946428292E1,6.926097107E-1,7.233857117E0,1.077160034E1
4.947430192E1,7.026388550E-1,7.333400116E0,1.084839066E1
4.948432092E1,7.149133301E-1,7.391329651E0,1.090871521E1
4.949433992E1,7.222480774E-1,7.478448486E0,1.096230377E1
4.950435892E1,7.216493225E-1,7.568860474E0,1.101229980E1
4.951437892E1,7.265890503E-1,7.576344910E0,1.104583008E1
4.952439792E1,7.665559387E-1,7.586523743E0,1.109597580E1
4.953441692E1,7.804769897E-1,7.611821136E0,1.112277008E1
4.954443592E1,8.051756287E-1,7.642507324E0,1.117096985E1
4.955445492E1,8.264314270E-1,7.708969116E0,1.124880798E1
4.956447392E1,8.334667969E-1,7.769143982E0,1.133981873E1
4.957449292E1,8.315208435E-1,7.820038147E0,1.134984787E1
4.958451292E1,8.343649292E-1,7.881709900E0,1.138487503E1
4.959453192E1,8.422984314E-1,7.914491730E0,1.142020157E1
4.960455092E1,9.120533752E-1,7.937543793E0,1.144924118E1
4.961456992E1,9.876461792E-1,7.966134338E0,1.151719986E1
4.962458892E1,1.003962250E0,8.008645935E0,1.161225220E1
4.963460792E1,9.961784363E-1,8.056845703E0,1.170745422E1
4.964462792E1,9.752220154E-1,8.129893799E0,1.174981613E1
4.965464692E1,9.636959839E-1,8.178243256E0,1.182002014E1
4.966466592E1,9.741741943E-1,8.218509521E0,1.188962540E1
4.967468492E1,1.010548553E0,8.264763336E0,1.197839081E1
4.968470392E1,1.006956024E0,8.281528473E0,1.204754700E1
4.969472292E1,9.809101868E-1,8.314909058E0,1.212343918E1
4.970474292E1,9.659413147E-1,8.353379059E0,1.216505264E1
4.971476192E1,9.786648560E-1,8.382867737E0,1.222148529E1
4.972478092E1,1.025517426E0,8.408015442E0,1.227028381E1
4.973479992E1,1.077609100E0,8.446784821E0,1.230920288E1
4.974481892E1,1.097368011E0,8.460107117E0,1.239228012E1
4.975483792E1,1.046024780E0,8.493188324E0,1.242386444E1
4.976485692E1,9.613009644E-1,8.565038910E0,1.245874191E1
4.977487692E1,8.912466431E-1,8.610993347E0,1.248029709E1
4.978489592E1,8.437953186E-1,8.669521637E0,1.251562363E1
4.979491492E1,8.554710388E-1,8.793763275E0,1.247924927E1
4.980493392E1,9.717791748E-1,8.878786469E0,1.249227219E1
4.981495292E1,1.070424042E0,8.961564331E0,1.249062561E1
4.982497192E1,1.101110229E0,9.049281921E0,1.248329086E1
4.983499192E1,1.191522217E0,9.069040833E0,1.253268814E1
4.984501092E1,1.226699066E0,9.119934998E0,1.262459702E1
4.985502992E1,1.221459961E0,9.151968384E0,1.271006927E1
4.986504892E1,1.210233307E0,9.097332001E0,1.273282196E1
4.987506792E1,1.234782257E0,9.036259003E0,1.279554153E1
4.988508692E1,1.260379028E0,9.078920288E0,1.283760406E1
4.989510592E1,1.286424866E0,9.087751923E0,1.288460632E1
4.990512592E1,1.280886383E0,9.054970093E0,1.298085617E1
4.991514492E1,1.242416382E0,9.120533752E0,1.306348434E1
4.992516392E1,1.248553619E0,9.233698425E0,1.313293991E1
4.993518292E1,1.288670197E0,9.295370178E0,1.319161789E1
4.994520192E1,1.261726227E0,9.353449402E0,1.324026672E1
4.995522092E1,1.164578247E0,9.452094269E0,1.329205902E1
4.996524092E1,1.156794434E0,9.457932129E0,1.332364334E1
4.997525992E1,1.207389221E0,9.313183136E0,1.332214645E1
4.998527892E1,1.292711792E0,9.254505157E0,1.330268692E1
4.999529792E1,1.367855530E0,9.231303406E0,1.327454544E1
5.000531692E1,1.434616699E0,9.258397064E0,1.331032104E1
5.001533592E1,1.508712616E0,9.448052673E0,1.345911163E1
5.002535492E1,1.596280518E0,1.005788452E1,1.416294800E1
5.003537492E1,1.683099976E0,1.008108627E1,1.530267792E1
5.004539392E1,1.459614716E0,9.458381195E0,1.498952911E1
5.005541292E1,1.176553345E0,8.473279724E0,1.362811020E1
5.006543192E1,1.114731903E0,7.467670898E0,1.306887314E1
5.007545092E1,1.207987976E0,7.274123383E0,1.313967590E1
5.008546992E1,1.245859222E0,7.799680481E0,1.325553497E1
5.009548992E1,1.519639893E0,8.825796661E0,1.359877121E1
5.010550892E1,1.808090057E0,1.003138962E1,1.373079666E1
5.011552792E1,1.892065430E0,1.066921326E1,1.388961639E1
5.012554692E1,1.805545349E0,1.054182816E1,1.432925217E1
5.013556592E1,1.359922028E0,1.019410126E1,1.434586761E1
5.014558492E1,1.325792999E0,9.753267975E0,1.398631531E1
5.015560392E1,1.753603363E0,9.508526917E0,1.372974884E1
5.016562392E1,1.907932434E0,9.860744476E0,1.355446335E1
5.017564292E1,1.787283325E0,1.012719040E1,1.360221405E1
5.018566192E1,1.538500671E0,1.004860382E1,1.375489655E1
5.019568092E1,1.302441559E0,9.798773346E0,1.376941635E1
5.020569992E1,1.349892883E0,9.406588898E0,1.376941635E1
5.021571892E1,1.563498688E0,9.132658539E0,1.393946274E1
5.022573892E1,1.769769745E0,9.114396515E0,1.406969193E1
5.023575792E1,1.745071106E0,9.283395081E0,1.419378387E1
5.024577692E1,1.680405579E0,9.579629059E0,1.433868256E1
5.025579592E1,1.642983398E0,9.740394745E0,1.437625443E1
5.026581492E1,1.605710907E0,9.785451050E0,1.433538940E1
5.027583392E1,1.566642151E0,9.689799957E0,1.411474823E1
5.028585392E1,1.599124603E0,9.568252716E0,1.388662262E1
5.029587292E1,1.640887756E0,9.625433807E0,1.380803604E1
5.030589192E1,1.600771179E0,9.849368134E0,1.383842285E1
5.031591092E1,1.595232697E0,9.985285492E0,1.376492569E1
5.032592992E1,1.573827209E0,1.000624191E1,1.361329102E1
5.033594892E1,1.621428223E0,9.920769653E0,1.364203125E1
5.034596792E1,1.719923401E0,9.776769104E0,1.376028534E1
5.035598792E1,1.782193909E0,9.470206604E0,1.374127487E1
5.036600692E1,1.555265808E0,9.671238556E0,1.364053436E1
5.037602592E1,1.640139313E0,9.552236023E0,1.373229355E1
5.038604492E1,1.530866547E0,9.630223846E0,1.381596954E1
5.039606392E1,1.433419189E0,9.873168640E0,1.394470184E1
5.040608292E1,1.438059540E0,9.945468292E0,1.406834473E1
5.041610292E1,1.493144989E0,9.932295685E0,1.401879776E1
5.042612192E1,1.562750244E0,9.826914825E0,1.390563309E1
5.043614092E1,1.675914917E0,9.688752136E0,1.382854340E1
5.044615992E1,1.731150055E0,9.649234314E0,1.379830627E1
5.045617892E1,1.686093750E0,9.631421356E0,1.373468857E1
5.046619792E1,1.675914917E0,9.539063416E0,1.368244720E1
5.047621792E1,1.603016510E0,9.505832520E0,1.359472961E1
5.048623692E1,1.489253082E0,9.491462402E0,1.343531113E1
5.049625592E1,1.438957672E0,9.399852905E0,1.334519852E1
5.050627492E1,1.466650085E0,9.369765472E0,1.329295715E1
5.051629392E1,1.602417755E0,9.451794891E0,1.328472427E1
5.052631292E1,1.730551300E0,9.595046997E0,1.336331085E1
5.053633192E1,1.751807098E0,9.762249298E0,1.347258362E1
5.054635192E1,1.668729858E0,9.893226929E0,1.361179413E1
5.055637092E1,1.571581879E0,9.880802765E0,1.374127487E1
5.056638992E1,1.512754211E0,9.705517273E0,1.378992371E1
5.057640892E1,1.482966156E0,9.500294037E0,1.372959915E1
5.058642792E1,1.463506622E0,9.248367920E0,1.362930771E1
5.059644692E1,1.453926544E0,9.015751648E0,1.342109070E1
5.060646692E1,1.365759888E0,8.824898529E0,1.315973419E1
5.061648592E1,1.287921753E0,8.701105957E0,1.284823196E1
5.062650492E1,1.275497589E0,8.689280548E0,1.270123764E1
5.063652392E1,1.272054749E0,8.816066895E0,1.265992355E1
5.064654292E1,1.326990509E0,9.103469238E0,1.265154099E1
5.065656192E1,1.364861755E0,9.423354034E0,1.273701324E1
5.066658092E1,1.415606232E0,9.648485870E0,1.287846909E1
5.067660092E1,1.447489929E0,9.693691864E0,1.306363403E1
5.068661992E1,1.469494171E0,9.648186493E0,1.327978455E1
5.069663892E1,1.441801758E0,9.457632751E0,1.338471634E1
5.070665792E1,1.422192535E0,9.090895386E0,1.323038727E1
5.071667692E1,1.378483429E0,8.722810822E0,1.297157547E1
5.072669592E1,1.302142181E0,8.405171356E0,1.258133698E1
5.073671592E1,1.390458527E0,8.150550842E0,1.230186813E1
5.074673492E1,1.528621216E0,7.948471069E0,1.230276627E1
5.075675392E1,1.106648712E0,8.347990265E0,1.238165222E1
5.076677292E1,1.311871948E0,8.527916107E0,1.249840942E1
5.077679192E1,1.440903625E0,8.720116425E0,1.269090912E1
5.078681092E1,1.373992767E0,8.699160004E0,1.289268951E1
5.079682992E1,1.487905884E0,8.563242645E0,1.282637741E1
5.080684992E1,1.574725342E0,8.388256531E0,1.265827698E1
5.081686892E1,1.514251099E0,8.223748627E0,1.249032623E1
5.082688792E1,1.379231873E0,8.131690063E0,1.213870743E1
5.083690692E1,1.254990234E0,8.061935120E0,1.185699326E1
5.084692592E1,1.198707275E0,8.040978699E0,1.170790329E1
5.085694492E1,1.133592682E0,8.126001892E0,1.161898819E1
5.086696492E1,1.076860657E0,8.212072906E0,1.165551224E1
5.087698392E1,1.100062408E0,8.147407379E0,1.178678925E1
5.088700292E1,1.229243774E0,8.053103485E0,1.184187469E1
5.089702192E1,1.441502380E0,7.828271027E0,1.194096863E1
5.090704092E1,1.280437317E0,7.819289703E0,1.203048248E1
5.091705992E1,1.113085327E0,7.873776398E0,1.194950089E1
5.092707892E1,1.174757080E0,7.638615417E0,1.181088913E1
5.093709892E1,1.105451202E0,7.532635803E0,1.166060165E1
5.094711792E1,1.027313690E0,7.491471405E0,1.147528702E1
5.095713692E1,1.020428009E0,7.338639221E0,1.125509491E1
5.096715592E1,1.080902252E0,7.229516144E0,1.124596390E1
5.097717492E1,1.221759338E0,7.142996063E0,1.119896164E1
5.098719392E1,1.188827820E0,6.995702362E0,1.108534790E1
5.099721392E1,1.134790192E0,7.034022675E0,1.107382187E1
5.100723292E1,1.066232758E0,7.173532562E0,1.108430008E1
5.101725192E1,1.129251709E0,7.220235443E0,1.095616653E1
5.102727092E1,1.303788757E0,7.195536804E0,1.085617447E1
5.103728992E1,1.204395447E0,6.985074463E0,1.102502335E1
5.104730892E1,9.972262573E-1,6.708449707E0,1.112127319E1
5.105732792E1,1.695673828E0,7.220834198E0,1.031280441E1
5.106734792E1,1.531165924E0,6.783743134E0,1.072609497E1
5.107736692E1,1.138382721E0,6.759792938E0,1.072953781E1
5.108738592E1,9.457333374E-1,6.677763519E0,1.057954971E1
5.109740492E1,1.035696259E0,6.304140472E0,1.036519547E1
5.110742392E1,1.125060425E0,6.115682373E0,1.023885818E1
5.111744292E1,1.156345367E0,6.150859222E0,1.017179764E1
5.112746292E1,1.091679840E0,6.212081909E0,1.029499146E1
5.113748217E1,1.074615326E0,6.293961639E0,1.049317932E1
5.114750117E1,1.076710968E0,6.474186859E0,1.027478348E1
5.115752017E1,1.049317932E0,6.496939545E0,9.919871521E0
5.116753917E1,1.166224823E0,6.478228455E0,9.609267426E0
5.117755817E1,1.593137054E0,6.759194183E0,9.030570831E0
5.118757817E1,1.664239197E0,6.524332581E0,8.880732422E0
5.119759717E1,1.671274567E0,6.471193085E0,8.907676392E0
5.120761617E1,1.571731567E0,6.517446899E0,8.903485107E0
5.121763517E1,1.492845612E0,6.327491913E0,8.793463898E0
5.122765417E1,1.274150391E0,6.309529266E0,8.779393158E0
5.123767317E1,9.870474243E-1,6.009553070E0,8.723559265E0
5.124769217E1,7.972421265E-1,6.063441010E0,8.751850433E0
5.125771217E1,8.963360596E-1,5.977519684E0,8.738977203E0
5.126773117E1,1.181642761E0,5.676196289E0,8.545130310E0
5.127775017E1,1.322200470E0,5.437442780E0,8.253536682E0
5.128776917E1,1.391955414E0,5.364694061E0,8.152945862E0
5.129778817E1,1.450932770E0,5.215155029E0,8.237519989E0
5.130780717E1,1.306333466E0,4.803810425E0,8.715176697E0
5.131782617E1,1.780846710E0,5.503605194E0,7.731272736E0
5.132784617E1,1.718576202E0,5.245541840E0,7.977211304E0
5.133786517E1,1.417103119E0,5.308710480E0,8.346343689E0
5.134788417E1,1.141226807E0,5.324876862E0,8.268206177E0
5.135790317E1,1.110690308E0,5.182822266E0,8.174201660E0
5.136792217E1,1.038390656E0,5.047204285E0,8.018375702E0
5.137794117E1,1.032103729E0,4.751868439E0,7.866441650E0
5.138796117E1,1.158890076E0,4.577331390E0,7.726183319E0
5.139798017E1,1.322200470E0,4.368665314E0,7.626640320E0
5.140799917E1,1.491648102E0,4.318818970E0,7.493866425E0
5.141801817E1,1.521885223E0,4.376598816E0,7.341632996E0
5.142803717E1,1.406475220E0,4.425097961E0,7.509134674E0
5.143805617E1,1.220412140E0,4.521347809E0,7.597001953E0
5.144807617E1,1.154399414E0,4.434079285E0,7.504494324E0
5.145809517E1,1.175655212E0,4.214635620E0,7.322173462E0
5.146811417E1,1.176104279E0,3.966751099E0,7.184310150E0
5.147813317E1,1.178798676E0,3.926933899E0,7.203919373E0
5.148815217E1,1.089584198E0,3.924838257E0,7.168143768E0
5.149817117E1,1.074315948E0,3.935017090E0,7.063810730E0
5.150819017E1,1.095871124E0,4.107009430E0,7.016658783E0
5.151821017E1,1.058598633E0,4.109853516E0,6.922654266E0
5.152822917E1,9.951306152E-1,4.053720245E0,6.645430756E0
5.153824817E1,9.984237671E-1,3.995790710E0,6.513255615E0
5.154826717E1,1.029109955E0,3.879183197E0,6.390361176E0
5.155828617E1,1.025517426E0,3.780238953E0,6.162834320E0
5.156830517E1,9.895921326E-1,3.441493378E0,6.048621826E0
5.157832517E1,8.313711548E-1,3.433559875E0,5.870192871E0
5.158834417E1,5.625302124E-1,3.611988831E0,5.838458862E0
5.159836317E1,6.644682312E-1,3.561843109E0,5.739065552E0
5.160838217E1,1.005010071E0,3.322041779E0,5.450016632E0
5.161840117E1,1.076261902E0,3.198847961E0,5.380710754E0
5.162842017E1,1.097368011E0,3.210972748E0,5.548811188E0
5.163843917E1,1.202898560E0,3.278033295E0,5.690865784E0
5.164845917E1,1.057700500E0,3.343147888E0,5.798342285E0
5.165847817E1,9.678872681E-1,3.135679321E0,5.962999878E0
5.166849717E1,8.015830994E-1,3.126997375E0,6.033353577E0
5.167851617E1,6.843768311E-1,3.106639709E0,5.979016571E0
5.168853517E1,7.849676514E-1,2.908601532E0,5.772146759E0
5.169855417E1,8.506809998E-1,2.775378571E0,5.528154144E0
5.170857417E1,9.253756714E-1,2.745590515E0,5.416186981E0
5.171859317E1,1.069525909E0,2.609822845E0,5.366490326E0
5.172861217E1,1.135538635E0,2.595003662E0,5.242548065E0
5.173863117E1,1.107846222E0,2.738555145E0,5.260510712E0
5.174865017E1,1.108295288E0,2.826422424E0,5.204527130E0
5.175866917E1,1.114731903E0,2.724634094E0,5.033881989E0
5.176868817E1,1.101708984E0,2.593506775E0,4.911586304E0
5.177870817E1,1.030157776E0,2.530038757E0,4.855902100E0
5.178872717E1,9.843530273E-1,2.358046417E0,4.692292328E0
5.179874617E1,9.851014709E-1,2.256557465E0,4.670886841E0
5.180876517E1,9.509724426E-1,2.266287231E0,4.690795441E0
5.181878417E1,9.397457886E-1,2.274220734E0,4.598287811E0
5.182880317E1,9.346563721E-1,2.211650848E0,4.532574463E0
5.183882317E1,9.312135315E-1,2.171833649E0,4.536616058E0
5.184884217E1,8.240364075E-1,2.256258087E0,4.639901276E0
5.185886117E1,6.616241455E-1,2.263592834E0,4.738695831E0
5.186888017E1,6.415658569E-1,2.288141785E0,4.822371826E0
5.187889917E1,6.611750793E-1,2.257455597E0,4.816084900E0
5.188891817E1,6.475534058E-1,2.221679993E0,4.722379761E0
5.189893817E1,6.474037170E-1,2.135159912E0,4.637506256E0
5.190895717E1,7.337741089E-1,2.055974579E0,4.519701233E0
5.191897617E1,8.437953186E-1,2.024839325E0,4.394860840E0
5.192899517E1,8.451425171E-1,2.097887421E0,4.254003754E0
5.193901417E1,8.238867188E-1,1.978884888E0,4.214635620E0
5.194903317E1,8.610095215E-1,1.886976013E0,4.068240051E0
5.195905217E1,5.688171387E-1,2.306553497E0,4.185745697E0
5.196907217E1,4.610412598E-1,2.091001740E0,4.515959015E0
5.197909117E1,5.484594727E-1,1.773062897E0,4.086202698E0
5.198911017E1,4.387376404E-1,1.673070831E0,3.882027283E0
5.199912917E1,3.218307495E-1,1.666933594E0,3.873644714E0
5.200914817E1,3.339555359E-1,1.837429047E0,3.699407043E0
5.201916717E1,3.784130859E-1,1.748513947E0,3.631897430E0
5.202918717E1,5.236111450E-1,1.481618958E0,3.321443024E0
5.203920617E1,5.189707947E-1,1.346150665E0,3.096760254E0
5.204922517E1,4.375401306E-1,9.861492920E-1,3.143612823E0
5.205924417E1,6.533912659E-1,7.937992859E-1,3.271297302E0
5.206926317E1,5.953120422E-1,1.275347900E0,3.326682129E0
5.207928217E1,3.679348755E-1,1.415755920E0,3.445834351E0
5.208930117E1,4.396357727E-1,1.516795807E0,3.633693695E0
5.209932117E1,5.430706787E-1,1.619033203E0,3.669469299E0
5.210934017E1,7.464976501E-1,1.388961639E0,3.326532440E0
5.211935917E1,7.622149658E-1,1.447938995E0,3.306474152E0
5.212937817E1,4.558021545E-1,1.777403870E0,3.399879913E0
5.213939637E1,3.403921509E-1,1.785187683E0,3.570974121E0
5.214941537E1,4.583468628E-1,1.569336548E0,3.700454865E0
5.215943537E1,4.746629333E-1,1.504221954E0,3.598217468E0
5.216945437E1,4.490661621E-1,1.386865997E0,3.687431946E0
5.217947337E1,5.212161255E-1,1.200952606E0,3.720662842E0
5.218949237E1,7.256909180E-1,1.093476105E0,3.555107117E0
5.219951137E1,9.624984741E-1,9.211843872E-1,3.293451233E0
5.220953037E1,1.054557037E0,9.184899902E-1,3.229384460E0
5.221954938E1,9.166937256E-1,1.213825836E0,3.236270142E0
5.222956937E1,8.241860962E-1,1.474882965E0,3.257675629E0
5.223958837E1,8.840615845E-1,1.554068298E0,3.317251740E0
5.224960737E1,9.461824036E-1,1.492695923E0,3.319197693E0
5.225962637E1,8.116122437E-1,1.310674438E0,3.383414154E0
5.226964537E1,6.632707214E-1,1.155896301E0,3.431164856E0
5.227966438E1,5.921685791E-1,1.055006104E0,3.457659760E0
5.228968437E1,5.536985779E-1,1.071621552E0,3.441643066E0
5.229970337E1,5.897735596E-1,1.084644470E0,3.348836060E0
5.230972237E1,5.683680725E-1,1.158890076E0,3.377426605E0
5.231974137E1,4.569996643E-1,1.293609924E0,3.414549408E0
5.232976037E1,4.617897034E-1,1.319206696E0,3.468437347E0
5.233977938E1,4.703219604E-1,1.346300354E0,3.418291626E0
5.234979937E1,3.957769775E-1,1.455872498E0,3.489543457E0
5.235981837E1,2.603086853E-1,1.528920593E0,3.593427429E0
5.236983737E1,1.960922241E-1,1.495090942E0,3.534899139E0
5.237985637E1,2.233355713E-1,1.373094635E0,3.359164581E0
5.238987537E1,2.043251038E-1,1.232237549E0,3.350033569E0
5.239989438E1,2.853067017E-1,1.140628052E0,3.327580261E0
5.240991337E1,3.731739807E-1,1.052461395E0,3.347488861E0
5.241993337E1,4.505630493E-1,1.022074585E0,3.282523956E0
5.242995237E1,5.152285767E-1,1.114731903E0,3.221600647E0
5.243997137E1,5.013075256E-1,1.221609650E0,3.235821075E0
5.244999037E1,4.806504822E-1,1.262923737E0,3.339705048E0
5.246000937E1,4.745132446E-1,1.260678406E0,3.388952637E0
5.247002837E1,4.562512207E-1,1.312021637E0,3.336711273E0
5.248004837E1,4.038601685E-1,1.411265259E0,3.219355316E0
5.249006737E1,2.951861572E-1,1.516496429E0,3.303480377E0
5.250008637E1,1.802252197E-1,1.689835968E0,3.467389526E0
5.251010537E1,1.371148682E-1,1.781146088E0,3.537593536E0
5.252012437E1,2.353106689E-1,1.855541382E0,3.570525055E0
5.253014337E1,3.577560425E-1,1.872306519E0,3.618425446E0
5.254016337E1,3.882925415E-1,1.787433014E0,3.588338013E0
5.255018237E1,4.147874451E-1,1.724563751E0,3.566633148E0
5.256020137E1,4.760101318E-1,1.667831726E0,3.625011749E0
5.257022037E1,5.559439087E-1,1.660796356E0,3.674558716E0
5.258023937E1,6.297404480E-1,1.691033478E0,3.725303192E0
5.259025837E1,6.200106812E-1,1.729054413E0,3.827390900E0
5.260027737E1,6.379733276E-1,1.757495270E0,4.046834564E0
5.261029737E1,5.827381897E-1,1.751058655E0,4.216282196E0
5.262031637E1,5.243595886E-1,1.736688538E0,4.283193054E0
5.263033537E1,5.451663208E-1,1.718576202E0,4.311035156E0
5.264035437E1,5.971083069E-1,1.648372192E0,4.286336517E0
5.265037337E1,6.637197876E-1,1.582808533E0,4.306245117E0
5.266039237E1,7.364685059E-1,1.643432465E0,4.371210022E0
5.267041237E1,8.077203369E-1,1.725312195E0,4.461172943E0
5.268043137E1,9.518705750E-1,1.823058929E0,4.449946289E0
5.269045037E1,1.077908478E0,1.882335663E0,4.300257568E0
5.270046937E1,1.123264160E0,1.962419128E0,4.197571106E0
5.271048837E1,1.124761047E0,2.035317535E0,4.218078461E0
5.272050737E1,1.097517700E0,2.057471466E0,4.143234100E0
5.273052638E1,1.030307465E0,2.072290649E0,4.137845306E0
5.274054637E1,8.788224792E-1,2.110161896E0,4.155508575E0
5.275056537E1,7.244934082E-1,2.158211975E0,4.269122314E0
5.276058437E1,6.903643799E-1,2.174078979E0,4.471501465E0
5.277060337E1,6.743476868E-1,2.237397308E0,4.575086060E0
5.278062237E1,6.018983459E-1,2.339485016E0,4.623585205E0
5.279064138E1,5.152285767E-1,2.443518677E0,4.661007385E0
5.280066137E1,4.658312988E-1,2.462978210E0,4.713697815E0
5.281068037E1,4.781057739E-1,2.458337860E0,4.714296570E0
5.282069937E1,5.532495117E-1,2.433489532E0,4.664450226E0
5.283071837E1,6.569837952E-1,2.450104980E0,4.679419098E0
5.284073737E1,7.267387390E-1,2.556383972E0,4.784500580E0
5.285075638E1,7.845185852E-1,2.661615143E0,4.912035370E0
5.286077637E1,8.150550842E-1,2.763403473E0,4.994214478E0
5.287079537E1,8.375083923E-1,2.885549469E0,5.077890472E0
5.288081437E1,8.307723999E-1,3.013683014E0,5.135820007E0
5.289083337E1,8.262817383E-1,3.106639709E0,5.187612305E0
5.290085237E1,7.809260559E-1,3.085683289E0,5.240302734E0
5.291087138E1,7.575746155E-1,3.120860138E0,5.194497986E0
5.292089037E1,7.978408813E-1,3.188669128E0,5.124293976E0
5.293091037E1,8.973838806E-1,3.069217529E0,5.086871796E0
5.294092937E1,1.024319916E0,3.046165466E0,5.118306427E0
5.295094837E1,1.179696808E0,3.098257141E0,5.291645966E0
5.296096737E1,1.328637085E0,3.120860138E0,5.460345154E0
5.297098638E1,1.402134247E0,3.150797882E0,5.608387299E0
5.298100537E1,1.483115845E0,3.195255432E0,5.741161194E0
5.299102537E1,1.541344757E0,3.249143372E0,5.911207581E0
5.300104437E1,1.562750244E0,3.301534424E0,6.056405640E0
5.301106337E1,1.624421997E0,3.362607422E0,6.134842529E0
5.302108237E1,1.596729584E0,3.438499603E0,6.155798950E0
5.303110138E1,1.560205536E0,3.491339722E0,6.188281403E0
5.304112037E1,1.583257599E0,3.545527039E0,6.232289886E0
5.305113937E1,1.581311646E0,3.658392334E0,6.287075958E0
5.306115937E1,1.535207520E0,3.854783936E0,6.416107635E0
5.307117837E1,1.424886932E0,3.983366547E0,6.508914642E0
5.308119737E1,1.367705841E0,4.094136200E0,6.569987640E0
5.309121638E1,1.338666229E0,4.173471222E0,6.552474060E0
5.310123537E1,1.270108795E0,4.176764374E0,6.490802307E0
5.311125437E1,1.228195953E0,4.206103363E0,6.519841919E0
5.312127437E1,1.200054474E0,4.217479706E0,6.536008301E0
5.313129337E1,1.166224823E0,4.216431885E0,6.529122620E0
5.314131287E1,1.201102295E0,4.227359161E0,6.613846436E0
5.315133187E1,1.238973541E0,4.296215973E0,6.709497528E0
5.316135087E1,1.292113037E0,4.374652863E0,6.835385742E0
5.317136987E1,1.378483429E0,4.520000610E0,7.004533997E0
5.318138987E1,1.450633392E0,4.719535675E0,7.127129059E0
5.319140887E1,1.461710358E0,4.946463776E0,7.304360504E0
5.320142787E1,1.492995300E0,5.052892456E0,7.392527161E0
5.321144687E1,1.590742035E0,5.068460083E0,7.412286072E0
5.322146587E1,1.668580170E0,5.082231445E0,7.477700043E0
5.323148487E1,1.709145813E0,5.137915649E0,7.548951874E0
5.324150388E1,1.734592896E0,5.187462616E0,7.620054016E0
5.325152387E1,1.799108734E0,5.204078064E0,7.740553436E0
5.326154287E1,1.842219086E0,5.172044678E0,7.863447876E0
5.327156187E1,1.860481110E0,5.160518646E0,7.939489746E0
5.328158087E1,1.898352356E0,5.126688995E0,7.978857880E0
5.329159987E1,1.903292084E0,5.102888489E0,7.987689514E0
5.330161888E1,1.888622589E0,5.186714172E0,7.965685272E0
5.331163887E1,1.851350098E0,5.289999390E0,7.976462860E0
5.332165787E1,1.827699280E0,5.403912506E0,8.004454651E0
5.333167687E1,1.833836517E0,5.501808929E0,8.122259674E0
5.334169587E1,1.833537140E0,5.645061035E0,8.277636566E0
5.335171487E1,1.824256439E0,5.803581390E0,8.476572876E0
5.336173388E1,1.872156830E0,5.990243225E0,8.679251404E0
5.337175387E1,1.905836792E0,6.121220856E0,8.791068878E0
5.338177287E1,1.937870178E0,6.169720001E0,8.912765808E0
5.339179187E1,1.953587494E0,6.154302063E0,8.944050751E0
5.340181087E1,1.933229828E0,6.120173035E0,8.940607910E0
5.341182987E1,1.979633331E0,6.115233307E0,9.000333710E0
5.342184888E1,1.982776794E0,6.149212646E0,9.021439819E0
5.343186787E1,1.959125977E0,6.245462494E0,9.079069977E0
5.344188787E1,1.982477417E0,6.359076233E0,9.134754181E0
5.345190687E1,2.048789520E0,6.452631683E0,9.164841614E0
5.346192587E1,2.091750183E0,6.476881256E0,9.233848114E0
5.347194487E1,2.107168121E0,6.575975189E0,9.381291504E0
5.348196387E1,2.109862518E0,6.761589203E0,9.542206879E0
5.349198287E1,2.147434387E0,6.860533447E0,9.685009918E0
5.350200287E1,2.138902130E0,6.941215668E0,9.820178833E0
5.351202187E1,2.138303375E0,6.992708588E0,9.912087708E0
5.352204087E1,2.167193298E0,7.018604736E0,9.931696930E0
5.353205987E1,2.197580109E0,7.014263763E0,9.962083740E0
5.354207887E1,2.253713379E0,6.998546448E0,1.005638763E1
5.355209787E1,2.215393066E0,7.042704620E0,1.018826340E1
5.356211687E1,2.188149719E0,7.151678009E0,1.027687912E1
5.357213687E1,2.192939758E0,7.237749023E0,1.027149033E1
5.358215587E1,2.159559174E0,7.294331360E0,1.025292892E1
5.359217487E1,2.183509369E0,7.387886810E0,1.028870453E1
5.360219387E1,2.218835907E0,7.488178253E0,1.040441391E1
5.361221287E1,2.230062561E0,7.599696350E0,1.048464706E1
5.362223187E1,2.233355713E0,7.679480438E0,1.061128372E1
5.363225187E1,2.296674042E0,7.735613708E0,1.077100159E1
5.364227087E1,2.378104706E0,7.791597290E0,1.081411194E1
5.365228987E1,2.407892761E0,7.834108887E0,1.090167984E1
5.366230887E1,2.417323151E0,7.839647369E0,1.097727264E1
5.367232787E1,2.465822296E0,7.850424957E0,1.099703156E1
5.368234687E1,2.459535370E0,7.887398071E0,1.108879074E1
5.369236687E1,2.407144318E0,7.967481537E0,1.119536911E1
5.370238587E1,2.367776184E0,8.033793640E0,1.132679581E1
5.371240487E1,2.329755249E0,8.151598663E0,1.141705811E1
5.372242387E1,2.320773926E0,8.246501312E0,1.149160309E1
5.373244287E1,2.324815521E0,8.327782288E0,1.154279663E1
5.374246187E1,2.334844666E0,8.353977814E0,1.152139114E1
5.375248088E1,2.369722137E0,8.354426880E0,1.154279663E1
5.376250087E1,2.424807587E0,8.425678711E0,1.155986115E1
5.377251987E1,2.428849182E0,8.478069763E0,1.158650574E1
5.378253887E1,2.428998871E0,8.524473267E0,1.166913391E1
5.379255787E1,2.391127625E0,8.619076538E0,1.181552948E1
5.380257687E1,2.379451904E0,8.722661133E0,1.195967972E1
5.381259588E1,2.384541321E0,8.750952301E0,1.208631638E1
5.382261487E1,2.336640930E0,8.776549072E0,1.213855774E1
5.383263487E1,2.292183380E0,8.794212341E0,1.221669525E1
5.384265387E1,2.268382874E0,8.818611603E0,1.222852066E1
5.385267287E1,2.305355988E0,8.930129700E0,1.209185486E1
5.386269187E1,2.388582916E0,9.060059509E0,1.190204956E1
5.387271088E1,2.226619720E0,9.180708618E0,1.216789673E1
5.388272987E1,2.125430145E0,9.601483612E0,1.256951157E1
5.389274987E1,2.167792053E0,9.852212219E0,1.268896317E1
5.390276887E1,2.133962402E0,9.988428955E0,1.239287888E1
5.391278787E1,2.178719330E0,9.913434906E0,1.209365112E1
5.392280687E1,2.103276215E0,9.527986450E0,1.207583817E1
5.393282588E1,2.024390259E0,9.259893951E0,1.242985199E1
5.394284487E1,2.223625946E0,9.073381805E0,1.252011429E1
5.395286487E1,2.485581207E0,9.123078461E0,1.240709930E1
5.396288387E1,2.386786652E0,9.481582947E0,1.242685822E1
5.397290287E1,2.069147186E0,9.863738251E0,1.263282990E1
5.398292187E1,1.833537140E0,1.002375549E1,1.281709671E1
5.399294088E1,1.674717407E0,1.009425888E1,1.288310944E1
5.400295987E1,1.635199585E0,1.010683273E1,1.301229080E1
5.401297887E1,1.738335114E0,1.000264938E1,1.320074890E1
5.402299887E1,1.786385193E0,9.822424164E0,1.327738953E1
5.403301787E1,1.704355774E0,9.722282410E0,1.330178879E1
5.404303687E1,1.611099701E0,9.544003143E0,1.330523163E1
5.405305588E1,1.560953979E0,9.495054932E0,1.351778961E1
5.406307487E1,1.520388336E0,9.656868439E0,1.374980713E1
5.407309387E1,1.544787598E0,9.738897858E0,1.375040588E1
5.408311387E1,1.585802307E0,9.703421631E0,1.350386856E1
5.409313287E1,1.605112152E0,9.681267700E0,1.335956863E1
5.410315187E1,1.592238922E0,9.789342957E0,1.336645432E1
5.411317088E1,1.613644409E0,9.964927826E0,1.355790619E1
5.412318987E1,1.676064606E0,1.016431320E1,1.363843872E1
5.413320887E1,1.745370483E0,1.022837997E1,1.367945343E1
5.414322725E1,1.772613831E0,1.019305344E1,1.378678024E1
5.415324725E1,1.695673828E0,1.017314484E1,1.402373749E1
5.416326625E1,1.600920868E0,1.010443771E1,1.415471512E1
5.417328525E1,1.382375336E0,9.918823700E0,1.420560928E1
5.418330425E1,1.268312531E0,9.685758362E0,1.394425278E1
5.419332325E1,1.336121521E0,9.445807343E0,1.361972763E1
5.420334225E1,1.434167633E0,9.601034546E0,1.342243790E1
5.421336225E1,1.553020477E0,9.949958954E0,1.343007202E1
5.422338125E1,1.590442657E0,1.042836411E1,1.373708359E1
5.423340025E1,1.508712616E0,1.079644867E1,1.411908920E1
5.424341925E1,1.434916077E0,1.090437424E1,1.436263275E1
5.425343825E1,1.432970123E0,1.070903046E1,1.464599350E1
5.426345725E1,1.438508606E0,1.032178574E1,1.465707047E1
5.427347625E1,1.451681213E0,9.840386810E0,1.442894485E1
5.428349625E1,1.423839111E0,9.389823761E0,1.407193726E1
5.429351525E1,1.442699890E0,9.239835663E0,1.370160736E1
5.430353425E1,1.443897400E0,9.419911194E0,1.345117813E1
5.431355325E1,1.214873657E0,9.937385101E0,1.342887451E1
5.432357225E1,1.027313690E0,1.046967819E1,1.356419312E1
5.433359125E1,1.070723419E0,1.076561279E1,1.373259293E1
5.434361125E1,1.080453186E0,1.102652023E1,1.414333878E1
5.435363025E1,9.922865295E-1,1.097472794E1,1.447924026E1
5.436364925E1,9.599537659E-1,1.071322174E1,1.454255859E1
5.437366825E1,9.325607300E-1,1.051653076E1,1.440664124E1
5.438368725E1,8.445437622E-1,1.046399002E1,1.433044968E1
5.439370625E1,8.397537231E-1,1.011282028E1,1.405202866E1
5.440372525E1,8.419990540E-1,9.799970856E0,1.381073044E1
5.441374525E1,8.042774963E-1,9.798773346E0,1.357721603E1
5.442376425E1,8.285270691E-1,1.011162277E1,1.334819229E1
5.443378325E1,9.919871521E-1,1.025397675E1,1.320254517E1
5.444380225E1,8.937913513E-1,1.037223083E1,1.316482361E1
5.445382125E1,7.180567932E-1,1.048090485E1,1.336046677E1
5.446384025E1,5.153782654E-1,1.056038956E1,1.369068008E1
5.447386025E1,4.326004028E-1,1.059002792E1,1.399005753E1
5.448387925E1,4.960684204E-1,1.061218185E1,1.408376266E1
5.449389825E1,4.170327759E-1,1.063224014E1,1.412911835E1
5.450391725E1,2.207908630E-1,1.062221100E1,1.412298111E1
5.451393625E1,-8.083190918E-3,1.069885162E1,1.403212006E1
5.452395525E1,2.368075562E-1,1.058389069E1,1.387479721E1
5.453397425E1,3.517684937E-1,1.020862106E1,1.371343277E1
5.454399425E1,2.809657288E-1,9.869725800E0,1.355820557E1
5.455401325E1,1.913021851E-1,9.757608948E0,1.359547806E1
5.456403225E1,3.445834351E-1,9.772577820E0,1.343456268E1
5.457405125E1,5.459147644E-1,9.823022919E0,1.341854599E1
5.458407025E1,8.304730225E-1,1.008557693E1,1.325149338E1
5.459408925E1,1.112785950E0,1.041773621E1,1.325852875E1
5.460410925E1,1.336570587E0,1.071831116E1,1.334849167E1
5.461412825E1,1.458267517E0,1.079510147E1,1.344055023E1
5.462414725E1,1.395697632E0,1.059676392E1,1.347288300E1
5.463416625E1,1.142424316E0,1.051922516E1,1.328637085E1
5.464418525E1,9.818083191E-1,1.075752960E1,1.250125351E1
5.465420425E1,5.281018066E-1,1.051578232E1,1.317500244E1
5.466422325E1,2.709365845E-1,1.040127045E1,1.317500244E1
5.467424325E1,2.406994629E-1,1.016027161E1,1.284658539E1
5.468426225E1,5.763015747E-2,9.585167542E0,1.304746765E1
5.469428125E1,-2.278262329E-1,9.471853180E0,1.298040710E1
5.470430025E1,-5.411247253E-1,9.662556610E0,1.297891022E1
5.471431925E1,-6.044430542E-1,1.007899063E1,1.316961365E1
5.472433825E1,-6.960525513E-2,1.037672150E1,1.321945999E1
5.473435825E1,2.583627319E-1,1.049766998E1,1.298085617E1
5.474437725E1,3.302133179E-1,1.046428940E1,1.211790070E1
5.475439625E1,4.590953064E-1,1.012734009E1,1.226250000E1
5.476441525E1,4.532574463E-1,9.962981873E0,1.295436127E1
5.477443425E1,3.631448364E-1,9.996063080E0,1.237341934E1
5.478445325E1,3.034190369E-1,9.886640625E0,1.222837097E1
5.479447225E1,1.670526123E-1,9.926607513E0,1.240844650E1
5.480449225E1,1.022373962E-1,1.011581406E1,1.236653366E1
5.481451125E1,3.183879089E-1,1.018661682E1,1.227731918E1
5.482453025E1,4.748126221E-1,1.007914032E1,1.192779602E1
5.483454925E1,3.406915283E-1,1.019874161E1,1.157976974E1
5.484456825E1,9.400451660E-2,1.034992722E1,1.162527512E1
5.485458725E1,7.544311523E-2,1.015593063E1,1.138083344E1
5.486460725E1,5.882766724E-2,1.003767654E1,1.113938553E1
5.487462625E1,3.447331238E-1,1.009800110E1,1.205982147E1
5.488464525E1,5.668711853E-1,1.021146515E1,1.210008774E1
5.489466425E1,6.960525513E-1,1.034244278E1,1.202928497E1
5.490468325E1,7.710466003E-1,1.011296997E1,1.186941742E1
5.491470225E1,9.577084351E-1,9.687554626E0,1.112306946E1
5.492472125E1,1.209335175E0,9.361532593E0,1.091425369E1
5.493474125E1,1.151854706E0,9.289831696E0,1.104493195E1
5.494476025E1,1.051862640E0,9.338480530E0,1.116887421E1
5.495477925E1,8.869056702E-1,9.344617767E0,1.159428955E1
5.496479825E1,6.218069458E-1,9.329199829E0,1.189770859E1
5.497481725E1,5.583389282E-1,9.300309906E0,1.217014206E1
5.498483625E1,5.900729370E-1,9.154064026E0,1.208302322E1
5.499485525E1,7.033872986E-1,8.887468414E0,1.161764099E1
5.500487525E1,8.219407654E-1,8.776399384E0,1.113923584E1
5.501489425E1,9.066645813E-1,8.784332886E0,1.076486435E1
5.502491325E1,9.219328308E-1,8.769663391E0,1.073777069E1
5.503493225E1,8.632548523E-1,8.816066895E0,1.060439804E1
5.504495125E1,7.628137207E-1,8.966204681E0,1.035292099E1
5.505497025E1,5.523513794E-1,9.093440094E0,1.046967819E1
5.506499025E1,4.376898193E-1,8.975186005E0,1.068238586E1
5.507500925E1,4.004173279E-1,8.877738647E0,1.062745010E1
5.508502825E1,3.918850708E-1,8.877139893E0,1.054901321E1
5.509504725E1,3.589535522E-1,8.860524445E0,1.058853104E1
5.510506625E1,3.396437073E-1,8.865015106E0,1.060230240E1
5.511508525E1,2.989283752E-1,8.901688843E0,1.053419403E1
5.512510425E1,2.432441711E-1,8.981772308E0,1.044722488E1
5.513512487E1,2.799179077E-1,8.903036041E0,1.048300049E1
5.514514387E1,3.734733582E-1,8.612639923E0,1.023331970E1
5.515516287E1,4.878355408E-1,8.427175598E0,1.000190094E1
5.516518187E1,6.158193970E-1,8.294252014E0,1.003692810E1
5.517520087E1,6.566844177E-1,8.163124695E0,1.019185593E1
5.518521987E1,5.812413025E-1,8.165070648E0,1.020667511E1
5.519523987E1,5.628295898E-1,8.228239288E0,1.005548950E1
5.520525887E1,6.424639893E-1,8.190817108E0,9.918224945E0
5.521527787E1,7.376660156E-1,8.174201660E0,9.633666687E0
5.522529687E1,7.276368713E-1,8.215815125E0,9.242380371E0
5.523531587E1,6.508465576E-1,8.185278625E0,9.046886902E0
5.524533487E1,5.950126648E-1,8.126001892E0,9.168284454E0
5.525535387E1,3.679348755E-1,8.213719482E0,9.332492981E0
5.526537387E1,3.604504395E-1,8.302933960E0,9.343569946E0
5.527539287E1,4.451742554E-1,8.277786255E0,9.193282471E0
5.528541187E1,4.508624268E-1,8.139623566E0,9.189689941E0
5.529543087E1,4.908293152E-1,7.990383911E0,9.200168152E0
5.530544987E1,5.102888489E-1,7.976911926E0,9.060508575E0
5.531546887E1,4.719685364E-1,8.109087067E0,8.903485107E0
5.532548887E1,3.240760803E-1,8.137527924E0,8.845106506E0
5.533550787E1,2.357597351E-1,8.049361267E0,8.648714905E0
5.534552687E1,2.974314880E-1,8.052654419E0,8.519234161E0
5.535554587E1,2.647993469E-1,7.886799316E0,8.500972137E0
5.536556487E1,1.995350647E-1,7.728129272E0,8.483009491E0
5.537558387E1,5.942642212E-2,7.544012146E0,8.404422913E0
5.538560287E1,-1.445993042E-1,7.403903503E0,8.367000732E0
5.539562287E1,-1.901046753E-1,7.312294006E0,8.238418121E0
5.540564187E1,-1.116677856E-1,7.353907471E0,8.029302979E0
5.541566087E1,-1.760339355E-1,7.361990662E0,7.958350525E0
5.542567987E1,-2.745291138E-1,7.277266846E0,8.082592163E0
5.543569887E1,-3.056643677E-1,7.399861908E0,8.194110260E0
5.544571787E1,-3.607498169E-1,7.527546387E0,8.259224854E0
5.545573787E1,-3.903881836E-1,7.461833038E0,8.215964813E0
5.546575687E1,-3.309617615E-1,7.337292023E0,8.112978973E0
5.547577587E1,-3.535647583E-1,7.158264313E0,7.838898926E0
5.548579487E1,-5.010081482E-1,6.937772827E0,7.493267670E0
5.549581387E1,-5.788462830E-1,6.692433014E0,7.356751556E0
5.550583287E1,-4.285588074E-1,6.668632507E0,7.324418793E0
5.551585187E1,-2.875520325E-1,6.774761810E0,7.199728088E0
5.552587187E1,-2.296224976E-1,6.765481110E0,7.087162170E0
5.553589087E1,-2.071691895E-1,6.799759827E0,7.267537079E0
5.554590987E1,-8.517288208E-2,6.798562317E0,7.536527710E0
5.555592887E1,2.761756897E-1,6.934180298E0,7.671397247E0
5.556594787E1,5.213658142E-1,7.076833649E0,7.769742737E0
5.557596687E1,5.614823914E-1,7.048093414E0,7.848329315E0
5.558598587E1,5.432203674E-1,6.892566833E0,7.783065033E0
5.559600587E1,4.706213379E-1,6.636748810E0,7.572453003E0
5.560602487E1,4.095483398E-1,6.394253082E0,7.386240234E0
5.561604387E1,3.787124634E-1,6.206992493E0,7.411238251E0
5.562606287E1,3.397933960E-1,6.134992218E0,7.307503967E0
5.563608187E1,3.046165466E-1,6.134842529E0,7.052135010E0
5.564610087E1,3.147953796E-1,6.149062958E0,7.027735748E0
5.565612087E1,3.441343689E-1,6.167923737E0,7.149881744E0
5.566613987E1,2.788700867E-1,6.188131714E0,7.110962677E0
5.567615887E1,2.686912537E-1,6.212980042E0,7.045848083E0
5.568617787E1,2.499801636E-1,6.137087860E0,6.977889404E0
5.569619687E1,2.734812927E-1,6.092181244E0,6.951244812E0
5.570621587E1,2.207908630E-1,6.119873657E0,6.949298859E0
5.571623487E1,1.324745178E-1,6.137985992E0,7.008575592E0
5.572625487E1,1.031355286E-1,6.115382996E0,7.000342712E0
5.573627387E1,1.176553345E-1,6.016289062E0,6.970255280E0
5.574629287E1,1.133143616E-1,5.896238708E0,6.916666718E0
5.575631187E1,5.029541016E-2,5.796845398E0,6.862329712E0
5.576633087E1,4.805007935E-2,5.727689209E0,6.747967529E0
5.577634987E1,8.891510010E-2,5.646258545E0,6.640341339E0
5.578636987E1,8.637039185E-2,5.584137726E0,6.558012543E0
5.579638887E1,6.541397095E-2,5.639522552E0,6.513105927E0
5.580640787E1,6.376739502E-2,5.792055359E0,6.523584137E0
5.581642687E1,4.490661621E-2,5.811664581E0,6.618187408E0
5.582644587E1,-1.646575928E-2,5.786965942E0,6.599925385E0
5.583646487E1,-1.088237000E-1,5.756429443E0,6.686295776E0
5.584648387E1,-1.887574768E-1,5.692811737E0,6.741680603E0
5.585650387E1,-1.875599670E-1,5.628146210E0,6.618486786E0
5.586652287E1,-1.562750244E-1,5.540877686E0,6.592291260E0
5.587654187E1,-1.043330383E-1,5.490432587E0,6.556815033E0
5.588656087E1,-7.140151978E-2,5.454207916E0,6.499184875E0
5.589657987E1,-5.987548828E-3,5.414241028E0,6.450835419E0
5.590659887E1,3.817062378E-2,5.409151611E0,6.450985107E0
5.591661887E1,1.886077881E-2,5.421126709E0,6.449039154E0
5.592663787E1,2.245330811E-3,5.415588226E0,6.473588104E0
5.593665687E1,7.364685059E-2,5.412444763E0,6.469097443E0
5.594667587E1,1.204994202E-1,5.407505035E0,6.459966431E0
5.595669487E1,1.086740112E-1,5.372178497E0,6.413862305E0
5.596671387E1,1.692979431E-1,5.391039276E0,6.368506622E0
5.597673287E1,2.073188782E-1,5.460794220E0,6.337670746E0
5.598675287E1,2.486329651E-1,5.464536438E0,6.352040863E0
5.599677187E1,2.387535095E-1,5.428012390E0,6.350394287E0
5.600679087E1,2.145039368E-1,5.371130676E0,6.463109894E0
5.601680987E1,1.823208618E-1,5.352269897E0,6.508764954E0
5.602682887E1,1.672023010E-1,5.248385925E0,6.438111877E0
5.603684787E1,1.701960754E-1,5.150788879E0,6.315516815E0
5.604686687E1,2.468367004E-1,5.167404327E0,6.167474670E0
5.605688687E1,2.273771667E-1,5.110821991E0,6.108197937E0
5.606690587E1,3.209326172E-1,5.050647125E0,6.111940155E0
5.607692487E1,3.534150696E-1,5.147495728E0,6.156248016E0
5.608694387E1,3.073109436E-1,5.212460632E0,6.299500122E0
5.609696287E1,3.242257690E-1,5.204227753E0,6.381679230E0
5.610698187E1,2.770738220E-1,5.298980713E0,6.370452576E0
5.611700187E1,2.377056885E-1,5.316494293E0,6.431974640E0
5.612702087E1,2.565664673E-1,5.281167755E0,6.403982849E0
5.613704029E1,2.338137817E-1,5.284011841E0,6.338718567E0
5.614705929E1,1.001417542E-1,5.248086548E0,6.433321838E0
5.615707829E1,4.715194702E-2,5.244494019E0,6.507118378E0
5.616709729E1,3.457809448E-2,5.225932617E0,6.406527557E0
5.617711629E1,1.019380188E-1,5.185816040E0,6.344706116E0
5.618713629E1,1.255888367E-1,5.154680786E0,6.344107361E0
5.619715529E1,1.037342834E-1,5.214107208E0,6.251749420E0
5.620717429E1,1.393601990E-1,5.256618805E0,6.206393738E0
5.621719329E1,1.261875916E-1,5.284311218E0,6.241869965E0
5.622721229E1,2.270777893E-1,5.363047485E0,6.313570862E0
5.623723129E1,3.251239014E-1,5.387895813E0,6.435716858E0
5.624725129E1,3.861968994E-1,5.449866943E0,6.580316162E0
5.625727029E1,4.643344116E-1,5.561834106E0,6.549779663E0
5.626728929E1,4.161346436E-1,5.448070679E0,6.467899933E0
5.627730829E1,3.957769775E-1,5.244793396E0,6.385571136E0
5.628732729E1,4.400848389E-1,5.084626465E0,6.466552734E0
5.629734629E1,4.026626587E-1,5.064867554E0,6.687642975E0
5.630736529E1,3.820056152E-1,5.111271057E0,6.841522980E0
5.631738529E1,3.870950317E-1,5.092709656E0,6.820865936E0
5.632740429E1,4.652325439E-1,5.143304443E0,6.729705505E0
5.633742329E1,4.641847229E-1,5.336851959E0,6.667884064E0
5.634744229E1,3.806584167E-1,5.494474182E0,6.644981689E0
5.635746129E1,2.923420715E-1,5.711822205E0,6.760691071E0
5.636748029E1,1.416055298E-1,5.809119873E0,6.919510803E0
5.637750029E1,1.460961914E-1,5.511389008E0,7.019502869E0
5.638751929E1,3.237767029E-1,5.358257446E0,6.864425354E0
5.639753829E1,7.182064819E-1,5.221441956E0,6.422244873E0
5.640755729E1,7.683522034E-1,5.014572144E0,6.156248016E0
5.641757629E1,7.866142273E-1,5.174589386E0,6.178851013E0
5.642759529E1,8.298742676E-1,5.789061584E0,6.481970673E0
5.643761429E1,5.104385376E-1,6.168372803E0,6.962920532E0
5.644763429E1,2.326162720E-1,6.086343384E0,7.089856567E0
5.645765329E1,3.183879089E-1,6.098168793E0,6.906188507E0
5.646767229E1,3.677851868E-1,5.976322174E0,6.819818115E0
5.647769129E1,4.689747620E-1,5.773194580E0,6.892866211E0
5.648771029E1,5.586383057E-1,5.653144226E0,6.954987030E0
5.649772929E1,4.285588074E-1,5.539829865E0,6.867568817E0
5.650774829E1,3.502716064E-1,5.467979279E0,6.804699554E0
5.651776829E1,3.029699707E-1,5.526657257E0,6.885980530E0
5.652778729E1,3.242257690E-1,5.672304382E0,7.039710846E0
5.653780629E1,4.749623108E-1,5.959557037E0,7.220983887E0
5.654782529E1,6.010002136E-1,6.223757629E0,7.428901520E0
5.655784429E1,6.864724731E-1,6.381529541E0,7.594606934E0
5.656786329E1,6.831793213E-1,6.408473511E0,7.644602966E0
5.657788329E1,7.511380005E-1,6.326743469E0,7.581733704E0
5.658790229E1,8.470884705E-1,6.231541443E0,7.576045532E0
5.659792129E1,8.607101440E-1,6.101012878E0,7.602690125E0
5.660794029E1,8.506809998E-1,5.979465637E0,7.524103546E0
5.661795929E1,8.419990540E-1,5.970184937E0,7.316934357E0
5.662797829E1,7.777825928E-1,5.979914703E0,7.251370697E0
5.663799829E1,6.668632507E-1,6.071673889E0,7.278614044E0
5.664801729E1,5.667214966E-1,6.338119812E0,7.283703461E0
5.665803629E1,5.228627014E-1,6.601122894E0,7.350614319E0
5.666805529E1,4.810995483E-1,6.739734650E0,7.563621368E0
5.667807429E1,5.578898621E-1,6.844965820E0,7.708070984E0
5.668809329E1,6.692582703E-1,6.950496368E0,7.803422699E0
5.669811229E1,6.816824341E-1,6.971602478E0,7.983947296E0
5.670813229E1,6.098318481E-1,6.858437805E0,8.136031036E0
5.671815129E1,5.794450378E-1,6.896309052E0,8.108488312E0
5.672817029E1,5.089416504E-1,6.990014191E0,7.914791107E0
5.673818929E1,4.381388855E-1,6.885980530E0,7.885751495E0
5.674820829E1,4.269122314E-1,6.729705505E0,7.895780640E0
5.675822729E1,4.447251892E-1,6.622229004E0,7.861950989E0
5.676824729E1,4.897814941E-1,6.689738617E0,7.890990601E0
5.677826629E1,5.617817688E-1,6.875801697E0,8.122559052E0
5.678828529E1,5.177732849E-1,7.093449097E0,8.387059021E0
5.679830429E1,4.408332825E-1,7.301815796E0,8.399333496E0
5.680832329E1,4.505630493E-1,7.459138641E0,8.279732208E0
5.681834229E1,4.873864746E-1,7.517367554E0,8.402327271E0
5.682836129E1,5.405259705E-1,7.554041290E0,8.762777710E0
5.683838129E1,6.491999817E-1,7.574848022E0,8.860524445E0
5.684840029E1,5.993536377E-1,7.421716461E0,8.808732147E0
5.685841929E1,6.382727051E-1,7.371870117E0,8.693022766E0
5.686843829E1,7.729925537E-1,7.546556854E0,8.485254822E0
5.687845729E1,7.261399841E-1,7.665709076E0,8.458011475E0
5.688847629E1,6.908134460E-1,7.781268768E0,8.577912140E0
5.689849529E1,7.547305298E-1,7.910749512E0,8.556506653E0
5.690851529E1,8.051756287E-1,7.969277802E0,8.710236969E0
5.691853429E1,8.122109985E-1,7.960446167E0,8.975036316E0
5.692855329E1,7.280859375E-1,7.954458618E0,9.048982544E0
5.693857229E1,5.911207581E-1,8.012088776E0,9.092691650E0
5.694859129E1,4.159849548E-1,8.012986908E0,9.313781891E0
5.695861029E1,5.948629761E-1,8.273445282E0,9.440418549E0
5.696863029E1,8.396040344E-1,8.498277740E0,9.428144073E0
5.697864929E1,8.316705322E-1,8.128546600E0,9.474846954E0
5.698866829E1,9.002279663E-1,7.861352234E0,9.353150024E0
5.699868729E1,1.050365753E0,8.106841736E0,9.242679749E0
5.700870629E1,9.515711975E-1,8.169561310E0,9.335935822E0
5.701872529E1,8.072712708E-1,8.296647034E0,9.471104736E0
5.702874429E1,8.081694031E-1,8.551117859E0,9.570947113E0
5.703876429E1,7.967930603E-1,8.623267822E0,9.748178558E0
5.704878329E1,7.616162109E-1,8.619226227E0,9.765991516E0
5.705880229E1,8.776249695E-1,8.665330353E0,9.604178009E0
5.706882129E1,1.048419800E0,8.694819031E0,9.715247040E0
5.707884029E1,1.163380737E0,8.862171021E0,1.002165985E1
5.708885929E1,1.185834045E0,8.986562347E0,1.014410522E1
5.709887929E1,1.189127197E0,9.117989044E0,1.006506958E1
5.710889829E1,1.096170502E0,9.173822937E0,1.008872040E1
5.711891729E1,1.044677582E0,9.137598267E0,1.012958542E1
5.712893629E1,1.070873108E0,9.130413208E0,1.024529480E1
5.713895425E1,1.101259918E0,9.080117798E0,1.048060547E1
5.714897325E1,1.047970734E0,8.951684875E0,1.054033127E1
5.715899225E1,1.031654663E0,8.996890869E0,1.029469208E1
5.716901225E1,1.141376495E0,9.197324066E0,1.013407608E1
5.717903125E1,1.226699066E0,9.345815277E0,1.028077103E1
5.718905025E1,1.234931946E0,9.407936096E0,1.040935364E1
5.719906925E1,1.313518524E0,9.475445709E0,1.042731628E1
5.720908825E1,1.389560394E0,9.479038239E0,1.053763687E1
5.721910725E1,1.361867981E0,9.470805359E0,1.070618637E1
5.722912725E1,1.284628601E0,9.467512207E0,1.080692688E1
5.723914625E1,1.303938446E0,9.477092285E0,1.084704346E1
5.724916525E1,1.330583038E0,9.628277893E0,1.100212097E1
5.725918425E1,1.487007751E0,9.835447083E0,1.106888214E1
5.726920325E1,1.714833984E0,1.004096970E1,1.101469482E1
5.727922225E1,1.838027802E0,1.011925690E1,1.103909409E1
5.728924125E1,1.936073914E0,1.009291168E1,1.102023331E1
5.729926125E1,1.832938385E0,1.009336075E1,1.105331451E1
5.730928025E1,1.586700439E0,1.008931915E1,1.107546844E1
5.731929925E1,1.365759888E0,1.005773483E1,1.119851257E1
5.732931825E1,1.284179535E0,9.989327087E0,1.139026382E1
5.733933725E1,1.358425140E0,1.013332764E1,1.146091690E1
5.734935625E1,1.453178101E0,1.035561539E1,1.152348679E1
5.735937625E1,1.484163666E0,1.035920792E1,1.153321655E1
5.736939525E1,1.549877014E0,1.039184006E1,1.154369476E1
5.737941425E1,1.491348724E0,1.042387344E1,1.161928757E1
5.738943325E1,1.383423157E0,1.043749512E1,1.172676407E1
5.739945225E1,1.319655762E0,1.037582336E1,1.170221512E1
5.740947125E1,1.392404480E0,1.041623932E1,1.172871002E1
5.741949025E1,1.459315338E0,1.035816010E1,1.173619446E1
5.742951025E1,1.619931335E0,1.029124924E1,1.157318344E1
5.743952925E1,1.838476868E0,1.037836807E1,1.177271851E1
5.744954825E1,1.813179474E0,1.043809387E1,1.200743042E1
5.745956725E1,1.740730133E0,1.055170761E1,1.217178864E1
5.746958625E1,1.716630249E0,1.070663544E1,1.238913666E1
5.747960525E1,1.679507446E0,1.080108902E1,1.250918701E1
5.748962525E1,1.715732117E0,1.082429077E1,1.255678802E1
5.749964425E1,1.751058655E0,1.080827408E1,1.253598129E1
5.750966325E1,1.829495544E0,1.080333435E1,1.239647141E1
5.751968225E1,1.987267456E0,1.083806213E1,1.235889954E1
5.752970125E1,2.066901855E0,1.089554260E1,1.236922806E1
5.753972025E1,2.054178314E0,1.092667786E1,1.227896576E1
5.754973925E1,2.098935242E0,1.089344696E1,1.223136475E1
5.755975925E1,2.130519562E0,1.091350525E1,1.227716949E1
5.756977825E1,2.035317535E0,1.080812439E1,1.227372665E1
5.757979725E1,2.011367340E0,1.095451996E1,1.225157272E1
5.758981625E1,1.949096832E0,1.108400070E1,1.258178604E1
5.759983525E1,1.847458191E0,1.113055389E1,1.265842667E1
5.760985425E1,1.886077881E0,1.124102417E1,1.256532028E1
5.761987425E1,1.996248779E0,1.133233429E1,1.277563293E1
5.762989325E1,2.064656525E0,1.130853378E1,1.295151718E1
5.763991225E1,2.064806213E0,1.148905838E1,1.294612839E1
5.764993125E1,2.268682251E0,1.203587128E1,1.350132385E1
5.765995025E1,2.387385406E0,1.218825439E1,1.441921509E1
5.766996925E1,2.089355164E0,1.138248001E1,1.364053436E1
5.767998825E1,1.939666443E0,1.032073792E1,1.241368561E1
5.769000825E1,1.979633331E0,9.707014160E0,1.204769669E1
5.770002725E1,2.279759216E0,9.586065674E0,1.236997650E1
5.771004625E1,2.297272797E0,1.007195526E1,1.283416122E1
5.772006525E1,2.021695862E0,1.083192490E1,1.309970901E1
5.773008425E1,1.890718231E0,1.163934586E1,1.314566345E1
5.774010325E1,2.148332520E0,1.217717743E1,1.305734711E1
5.775012325E1,2.493814087E0,1.253268814E1,1.306572968E1
5.776014225E1,2.859952698E0,1.239856705E1,1.315344727E1
5.777016125E1,2.959495697E0,1.206356369E1,1.300585419E1
5.778018025E1,2.990481262E0,1.168110901E1,1.254062164E1
5.779019925E1,2.930605774E0,1.151465515E1,1.228734833E1
5.780021825E1,2.904260559E0,1.172287216E1,1.232312393E1
5.781023725E1,2.747835846E0,1.195279404E1,1.260169464E1
5.782025725E1,2.747386780E0,1.202539307E1,1.307905197E1
5.783027625E1,2.714754639E0,1.172945847E1,1.325313995E1
5.784029525E1,2.597248993E0,1.157917099E1,1.308219543E1
5.785031425E1,2.668500824E0,1.165805695E1,1.318967194E1
5.786033325E1,2.755769348E0,1.158530823E1,1.309851151E1
5.787035225E1,2.744692383E0,1.149040558E1,1.296977921E1
5.788037225E1,2.636317749E0,1.172257278E1,1.313054489E1
5.789039125E1,2.444117432E0,1.170820267E1,1.284448975E1
5.790041025E1,2.491419067E0,1.192360474E1,1.253672974E1
5.791042925E1,2.425705719E0,1.163320862E1,1.259735367E1
5.792044825E1,2.324516144E0,1.139804764E1,1.273821075E1
5.793046725E1,2.737806702E0,1.203811661E1,1.288011566E1
5.794048625E1,2.904410248E0,1.245065872E1,1.324131454E1
5.795050625E1,2.740351410E0,1.261651382E1,1.347093704E1
5.796052525E1,2.659519501E0,1.230411346E1,1.302591248E1
5.797054425E1,2.697989502E0,1.162108383E1,1.262744110E1
5.798056325E1,3.031346283E0,1.123698257E1,1.251412674E1
5.799058225E1,3.379971313E0,1.129116989E1,1.239557327E1
5.800060125E1,3.497327271E0,1.125509491E1,1.239527390E1
5.801062125E1,3.392844543E0,1.143217667E1,1.216699860E1
5.802064025E1,3.375330963E0,1.170161636E1,1.208107727E1
5.803065925E1,3.223396912E0,1.160386963E1,1.208197540E1
5.804067825E1,3.297792206E0,1.154878418E1,1.181537979E1
5.805069725E1,3.467239838E0,1.148411865E1,1.194411209E1
5.806071625E1,3.546125793E0,1.142229721E1,1.199216217E1
5.807073525E1,3.505260773E0,1.144100830E1,1.208571762E1
5.808075525E1,3.222349091E0,1.159249329E1,1.234722382E1
5.809077425E1,2.993624725E0,1.170595734E1,1.250783981E1
5.810079325E1,2.907553711E0,1.181717606E1,1.285287231E1
5.811081225E1,2.970422974E0,1.197988770E1,1.280272659E1
5.812083125E1,3.087180176E0,1.187151306E1,1.263253052E1
5.813085025E1,3.299738159E0,1.179367493E1,1.257190659E1
5.814087112E1,3.594325562E0,1.164353714E1,1.238240067E1
5.815089012E1,3.606300659E0,1.134266281E1,1.206431213E1
5.816090912E1,3.428470459E0,1.106663681E1,1.178768738E1
5.817092812E1,3.104843445E0,1.110211304E1,1.195997910E1
5.818094712E1,2.793790283E0,1.106918152E1,1.221774307E1
5.819096612E1,2.616109772E0,1.104747665E1,1.217163895E1
5.820098512E1,2.595153351E0,1.111917755E1,1.217717743E1
5.821100512E1,2.791095886E0,1.111483658E1,1.208227478E1
5.822102412E1,2.867886200E0,1.106843307E1,1.173604477E1
5.823104312E1,2.957998810E0,1.099059494E1,1.161389877E1
5.824106212E1,3.010090485E0,1.096874039E1,1.172377029E1
5.825108112E1,2.866688690E0,1.096889008E1,1.169907166E1
5.826110012E1,2.772235107E0,1.104223755E1,1.183753372E1
5.827112012E1,2.818937988E0,1.119985977E1,1.249062561E1
5.828113912E1,2.845432892E0,1.108220444E1,1.280721725E1
5.829115812E1,2.747237091E0,1.092458221E1,1.266905457E1
5.830117712E1,2.846780090E0,1.075932587E1,1.224244171E1
5.831119612E1,2.923121338E0,1.057715469E1,1.183543808E1
5.832121512E1,2.921025696E0,1.050455566E1,1.166643951E1
5.833123412E1,2.842738495E0,1.040576111E1,1.144744492E1
5.834125412E1,2.758014679E0,1.029020142E1,1.114776810E1
5.835127312E1,2.835104370E0,1.032253418E1,1.104792572E1
5.836129212E1,3.042423248E0,1.041758652E1,1.119087845E1
5.837131112E1,3.162024536E0,1.049362839E1,1.141735748E1
5.838133012E1,3.207978973E0,1.041668839E1,1.168455185E1
5.839134912E1,3.034190369E0,1.026250900E1,1.170910080E1
5.840136913E1,2.777923279E0,1.009904892E1,1.152213959E1
5.841138812E1,2.448458405E0,9.908195801E0,1.143157791E1
5.842140712E1,2.219284973E0,9.755812683E0,1.136302048E1
5.843142612E1,2.103425903E0,9.668693848E0,1.136032608E1
5.844144512E1,2.015558624E0,9.574539642E0,1.105451202E1
5.845146412E1,2.220781860E0,9.667196960E0,1.047865952E1
5.846148413E1,2.397115173E0,9.670490112E0,1.037372772E1
5.847150312E1,2.349514160E0,9.709708557E0,1.060933777E1
5.848152212E1,2.503543854E0,9.853709106E0,1.096095657E1
5.849154112E1,2.623294830E0,9.880503387E0,1.127814697E1
5.850156012E1,2.568957825E0,9.847122803E0,1.143067978E1
5.851157912E1,2.374811554E0,9.788145447E0,1.117755615E1
5.852159812E1,2.185305634E0,9.633666687E0,1.080542999E1
5.853161812E1,2.054777069E0,9.395661621E0,1.063328796E1
5.854163712E1,2.024689636E0,9.148974609E0,1.044872177E1
5.855165612E1,2.054328003E0,9.045839081E0,1.030801437E1
5.856167512E1,2.091450806E0,8.961714020E0,1.017943176E1
5.857169412E1,2.165397034E0,8.945996704E0,1.025622208E1
5.858171312E1,2.231709137E0,8.967701569E0,1.043031006E1
5.859173312E1,2.292782135E0,8.868008881E0,1.040456360E1
5.860175212E1,2.267634430E0,8.815617828E0,1.020113663E1
5.861177112E1,2.198927307E0,8.696166229E0,1.012569351E1
5.862179012E1,2.165995789E0,8.571325836E0,1.030038025E1
5.863180912E1,2.249372406E0,8.629105682E0,1.015952316E1
5.864182812E1,2.395169220E0,8.609346771E0,9.555978241E0
5.865184712E1,2.349813538E0,8.323291626E0,9.491462402E0
5.866186712E1,2.318528595E0,8.030350800E0,9.636361084E0
5.867188612E1,2.513423309E0,7.966284027E0,9.541907501E0
5.868190512E1,2.658621368E0,8.028255157E0,9.365574188E0
5.869192412E1,2.684966583E0,7.950866089E0,9.247020721E0
5.870194312E1,2.624791718E0,7.928263092E0,9.230704651E0
5.871196212E1,2.380799103E0,7.952213287E0,9.416168976E0
5.872198212E1,2.176623688E0,7.856412506E0,9.493707733E0
5.873200112E1,2.098935242E0,7.864346008E0,9.329948273E0
5.874202012E1,2.125879211E0,7.863597565E0,9.097032623E0
5.875203912E1,2.318977661E0,7.976612549E0,8.752598877E0
5.876205812E1,2.489473114E0,8.085885315E0,8.555159454E0
5.877207712E1,2.601290588E0,8.109386444E0,8.489595795E0
5.878209612E1,2.606529694E0,8.029003601E0,8.401279449E0
5.879211612E1,2.459535370E0,7.932903442E0,8.203540649E0
5.880213512E1,2.309247894E0,7.744295654E0,7.896828461E0
5.881215412E1,2.186952209E0,7.504793701E0,7.389533386E0
5.882217312E1,2.050735474E0,7.301516418E0,6.800508270E0
5.883219212E1,1.890718231E0,7.142546997E0,6.619085541E0
5.884221112E1,1.727856903E0,7.090754700E0,7.096592560E0
5.885223112E1,1.650318146E0,7.039261780E0,7.662266235E0
5.886225012E1,1.911824341E0,7.023843842E0,7.817343750E0
5.887226912E1,2.331102448E0,7.225923615E0,7.920928345E0
5.888228812E1,2.358495483E0,7.292086029E0,8.001760254E0
5.889230712E1,2.346969452E0,7.304210815E0,7.773035889E0
5.890232612E1,2.344724121E0,7.093299408E0,7.580835571E0
5.891234612E1,2.221530304E0,6.684349823E0,7.408244476E0
5.892236512E1,2.082319794E0,6.584208069E0,7.086264038E0
5.893238412E1,2.237996063E0,6.520590363E0,6.912026367E0
5.894240312E1,2.469265137E0,6.236032104E0,6.991660767E0
5.895242212E1,2.410736847E0,5.920937347E0,6.910978546E0
5.896244112E1,2.107467499E0,5.646557922E0,6.731950836E0
5.897246012E1,1.958527222E0,5.483995972E0,6.785838776E0
5.898248012E1,1.970951385E0,5.673352203E0,6.876101074E0
5.899249912E1,1.987866211E0,5.719905396E0,6.799161072E0
5.900251812E1,1.916913757E0,5.869594116E0,6.786886597E0
5.901253712E1,2.115101624E0,5.767656097E0,6.929539948E0
5.902255612E1,2.508184204E0,5.594915314E0,6.764433289E0
5.903257512E1,2.593955841E0,5.527106323E0,6.664590912E0
5.904259512E1,2.261796570E0,5.277425537E0,6.919660492E0
5.905261412E1,1.824705505E0,5.595364380E0,7.013814697E0
5.906263312E1,1.458117828E0,5.436394958E0,6.837331696E0
5.907265212E1,1.154249725E0,5.414690094E0,6.985373840E0
5.908267112E1,1.288370819E0,5.240901489E0,6.951544189E0
5.909269012E1,1.827250214E0,4.850962372E0,6.138584747E0
5.910271012E1,2.443668365E0,4.963977356E0,5.019811249E0
5.911272912E1,3.086282043E0,4.777614899E0,4.412973175E0
5.912274812E1,1.971849518E0,3.504362640E0,4.286037140E0
5.913276712E1,2.457888794E0,4.980143738E0,5.699847107E0
5.914278600E1,3.263363800E0,5.440735931E0,6.670578461E0
5.915280500E1,2.894081726E0,4.388274536E0,7.138505402E0
5.916282400E1,2.904260559E0,4.317172394E0,6.537056122E0
5.917284400E1,2.346071320E0,4.293072510E0,4.796026611E0
5.918286300E1,1.785487061E0,3.909869385E0,3.471131744E0
5.919288200E1,1.896855469E0,4.006268921E0,3.021466827E0
5.920290100E1,1.980980530E0,4.125271454E0,3.470383301E0
5.921292000E1,1.918260956E0,3.974385223E0,4.236340485E0
5.922293900E1,2.108066254E0,4.281097412E0,4.891827393E0
5.923295900E1,2.258802795E0,4.279001770E0,4.991220703E0
5.924297800E1,2.216740265E0,4.046385498E0,4.713697815E0
5.925299700E1,2.311942291E0,4.095333710E0,4.469555511E0
5.926301600E1,2.466720428E0,3.816613312E0,4.118385773E0
5.927303500E1,2.404449921E0,3.463198242E0,4.165238342E0
5.928305400E1,2.265538788E0,3.373834076E0,4.446802826E0
5.929307400E1,2.159409485E0,3.420686646E0,4.513563995E0
5.930309300E1,2.011067963E0,3.524869995E0,4.988825684E0
5.931311200E1,1.804796906E0,3.558250580E0,5.059179382E0
5.932313100E1,1.797911224E0,3.308569794E0,4.597239990E0
5.933315000E1,1.736239471E0,3.301235046E0,4.219275970E0
5.934316900E1,1.891167297E0,3.269351349E0,4.535568237E0
5.935318900E1,1.759441223E0,3.351081390E0,5.137167206E0
5.936320800E1,1.488953705E0,3.296744385E0,5.058430939E0
5.937322700E1,1.663490753E0,3.091970215E0,4.829856262E0
5.938324600E1,1.947899323E0,3.175346832E0,4.453389130E0
5.939326500E1,2.066602478E0,3.144061890E0,3.845652924E0
5.940328400E1,1.837878113E0,3.104843445E0,4.235442352E0
5.941330400E1,1.880240021E0,3.282823334E0,5.019212494E0
5.942332300E1,1.684447174E0,3.188369751E0,4.762496338E0
5.943334200E1,9.526190186E-1,2.774181061E0,5.126389618E0
5.944336100E1,9.072633362E-1,2.912343750E0,5.359754333E0
5.945338000E1,1.184187469E0,2.502046967E0,3.994293823E0
5.946339900E1,1.585951996E0,2.002835083E0,2.871628418E0
5.947341800E1,2.646346893E0,1.854792938E0,2.632425842E0
5.948343800E1,2.467917938E0,2.198029175E0,2.241139526E0
5.949345700E1,2.029030609E0,2.320474548E0,2.192939758E0
5.950347600E1,1.875300293E0,2.513572998E0,2.058070221E0
5.951349500E1,1.320104828E0,2.621648254E0,2.795287170E0
5.952351400E1,1.089733887E0,2.659818878E0,3.516786804E0
5.953353300E1,1.391057281E0,2.641257477E0,3.060984650E0
5.954355300E1,1.707648926E0,2.216141510E0,3.209475861E0
5.955357200E1,1.978435822E0,1.991309052E0,3.606001282E0
5.956359100E1,2.277214508E0,2.000589752E0,3.010389862E0
5.957361000E1,2.479743347E0,2.046693878E0,2.771187286E0
5.958362900E1,2.311193848E0,2.156864777E0,2.793191528E0
5.959364800E1,1.956132202E0,2.030377808E0,2.554887085E0
5.960366800E1,1.732796631E0,2.027683411E0,2.743195496E0
5.961368700E1,1.320703583E0,2.147584076E0,2.767145691E0
5.962370600E1,1.042881317E0,1.955982513E0,2.947819977E0
5.963372500E1,1.288969574E0,1.963916016E0,3.189417572E0
5.964374400E1,1.409768372E0,1.976190491E0,3.212170258E0
5.965376300E1,1.428329773E0,1.957629089E0,3.335962830E0
5.966378300E1,1.551373901E0,1.952389984E0,3.493435364E0
5.967380200E1,1.332079926E0,1.944157104E0,2.573448486E0
5.968382100E1,1.422342224E0,2.007475433E0,3.811224518E0
5.969384000E1,1.287023621E0,2.128573608E0,3.544778595E0
5.970385900E1,9.475296021E-1,1.979783020E0,2.410287781E0
5.971387800E1,1.238374786E0,1.923200684E0,2.553988953E0
5.972389800E1,7.749385071E-1,1.807640991E0,2.907553711E0
5.973391700E1,2.514770508E-1,1.641187134E0,3.028053131E0
5.974393600E1,1.875599670E-1,1.561403046E0,3.759432220E0
5.975395500E1,1.332229614E-2,1.362766113E0,3.899540863E0
5.976397400E1,5.755531311E-1,1.389111328E0,3.303630066E0
5.977399300E1,1.479822693E0,1.321751404E0,3.111429749E0
5.978401200E1,1.686243439E0,1.521136780E0,3.175197144E0
5.979403200E1,2.021845551E0,1.622925110E0,3.045117645E0
5.980405100E1,2.388133850E0,1.550475769E0,2.715802460E0
5.981407000E1,2.587369537E0,1.823657684E0,2.829116821E0
5.982408900E1,2.071841583E0,1.513502655E0,2.442171478E0
5.983410800E1,1.421743469E0,1.423539734E0,1.498533783E0
5.984412700E1,1.502725067E0,1.328487396E0,2.310595093E0
5.985414700E1,1.099164276E0,1.208886108E0,2.917732544E0
5.986416600E1,8.424481201E-1,1.108744354E0,1.927691345E0
5.987418500E1,7.732919312E-1,1.182840271E0,1.786385193E0
5.988420400E1,5.366340637E-1,1.430575104E0,2.004331970E0
5.989422300E1,5.694158936E-1,1.533111877E0,2.124532013E0
5.990424200E1,7.092251587E-1,1.667232971E0,2.933749237E0
5.991426200E1,1.228794708E0,1.714833984E0,2.809208221E0
5.992428100E1,2.220482483E0,1.735041962E0,2.426304474E0
5.993430000E1,2.820734253E0,1.959125977E0,2.786305847E0
5.994431900E1,2.053878937E0,1.864223328E0,2.032772827E0
5.995433800E1,1.516646118E0,1.329235840E0,1.345701599E0
5.996435700E1,2.226769409E0,1.666933594E0,1.707648926E0
5.997437700E1,2.059417419E0,1.813029785E0,2.166594543E0
5.998439600E1,1.719624023E0,1.833387451E0,2.750081177E0
5.999441500E1,1.591191101E0,1.727108459E0,3.164120178E0
6.000443400E1,1.321601715E0,1.492845612E0,3.330723724E0
6.001445300E1,1.079854431E0,1.301693115E0,3.364703064E0
6.002447200E1,9.306147766E-1,1.140178986E0,2.890339508E0
6.003449100E1,8.966354370E-1,1.212179260E0,2.641407166E0
6.004451100E1,9.565109253E-1,1.377136230E0,2.227517853E0
6.005453000E1,1.071322174E0,1.444196777E0,1.859283600E0
6.006454900E1,1.228944397E0,1.709744568E0,1.962119751E0
6.007456800E1,1.195264435E0,2.015858002E0,1.970202942E0
6.008458700E1,1.148561554E0,2.118843842E0,2.246079254E0
6.009460600E1,1.110091553E0,2.104773102E0,2.404599609E0
6.010462600E1,1.032702484E0,1.930236053E0,2.592758331E0
6.011464500E1,1.278641052E0,1.997146912E0,2.961741028E0
6.012466400E1,1.152603149E0,1.897154846E0,3.748355255E0
6.013468300E1,1.131197662E0,1.921853485E0,3.569028168E0
6.014470179E1,1.200503540E0,2.042502594E0,2.829416199E0
6.015472079E1,1.230890350E0,1.950893097E0,3.015329590E0
6.016474079E1,1.405277710E0,1.960622864E0,3.332070923E0
6.017475979E1,1.459614716E0,1.959125977E0,3.130739594E0
6.018477879E1,1.498084717E0,1.841770020E0,2.777923279E0
6.019479779E1,1.547032928E0,1.731898499E0,2.766846313E0
6.020481679E1,1.469344482E0,1.650916901E0,3.284918976E0
6.021483579E1,1.407223663E0,1.882635040E0,3.492686920E0
6.022485579E1,1.316961365E0,1.923350372E0,3.563489685E0
6.023487479E1,1.358425140E0,2.086211700E0,3.831731873E0
6.024489379E1,1.516346741E0,2.228715363E0,3.449576569E0
6.025491279E1,1.638492737E0,2.360740814E0,2.863096161E0
6.026493179E1,1.673519897E0,2.428250427E0,2.760110321E0
6.027495079E1,1.690883789E0,2.479893036E0,2.957998810E0
6.028497079E1,1.694027252E0,2.485132141E0,3.166664886E0
6.029498979E1,1.504820709E0,2.377505951E0,3.359913025E0
6.030500879E1,1.250649261E0,2.410886536E0,3.675756226E0
6.031502779E1,1.363364868E0,2.476450195E0,3.946692810E0
6.032504679E1,1.376238098E0,2.434387665E0,3.623065796E0
6.033506579E1,1.333427124E0,2.337988129E0,3.272195435E0
6.034508479E1,1.443298645E0,2.453248444E0,3.471131744E0
6.035510479E1,1.638193359E0,2.616109772E0,3.754941559E0
6.036512379E1,1.821861420E0,2.663561096E0,3.639381866E0
6.037514279E1,1.863325195E0,2.674488373E0,3.528462524E0
6.038516179E1,1.733844452E0,2.753973083E0,3.614084473E0
6.039518079E1,1.613644409E0,2.942580872E0,3.833677826E0
6.040519979E1,1.614692230E0,3.011587372E0,3.929328918E0
6.041521979E1,1.570683746E0,3.088976440E0,3.756588135E0
6.042523879E1,1.607207794E0,3.156336365E0,3.548670502E0
6.043525779E1,1.759141846E0,3.259172516E0,3.626358948E0
6.044527679E1,1.880090332E0,3.331322479E0,4.002377014E0
6.045529579E1,1.854493561E0,3.271596680E0,4.064348145E0
6.046531479E1,1.731299744E0,3.154540100E0,3.905827789E0
6.047533479E1,1.775757294E0,3.144960022E0,3.943549347E0
6.048535379E1,1.844614105E0,3.268303528E0,4.083059235E0
6.049537279E1,1.854343872E0,3.400478668E0,4.123774567E0
6.050539179E1,1.899998932E0,3.414699097E0,3.858526154E0
6.051541079E1,1.907183990E0,3.538192291E0,3.622167664E0
6.052542979E1,1.801354065E0,3.616030426E0,3.758384399E0
6.053544979E1,1.829794922E0,3.729644165E0,4.007017365E0
6.054546879E1,1.856738892E0,3.996389465E0,4.060905304E0
6.055548779E1,2.001487885E0,3.799997864E0,4.445156250E0
6.056550679E1,1.859283600E0,4.181704102E0,5.225034485E0
6.057552579E1,2.342628479E0,4.005969543E0,4.339176636E0
6.058554479E1,2.142344971E0,4.051624603E0,4.983885956E0
6.059556379E1,2.456242218E0,4.263733521E0,5.240302734E0
6.060558379E1,2.451452179E0,4.396357727E0,4.985233154E0
6.061560279E1,2.352657623E0,4.322261810E0,4.797074432E0
6.062562179E1,2.549498291E0,4.292473755E0,4.583318939E0
6.063564079E1,2.635569305E0,4.355492706E0,4.568649445E0
6.064565979E1,2.591111755E0,4.496349792E0,4.811743927E0
6.065567879E1,2.559826813E0,4.600533142E0,4.956193542E0
6.066569879E1,2.409539337E0,4.680167542E0,4.958738251E0
6.067571779E1,2.205064545E0,4.682412872E0,5.047054596E0
6.068573679E1,2.088007965E0,4.696333923E0,5.187163239E0
6.069575579E1,2.189945984E0,4.834945679E0,5.238656158E0
6.070577479E1,2.336191864E0,5.073549500E0,5.032085724E0
6.071579379E1,2.337688751E0,5.230273590E0,4.840633850E0
6.072581379E1,2.444566498E0,5.398374023E0,4.826263733E0
6.073583279E1,2.396516418E0,5.636977844E0,5.202581177E0
6.074585179E1,2.171833649E0,5.758974152E0,5.777834930E0
6.075587079E1,1.903741150E0,5.970933380E0,6.365363159E0
6.076588979E1,1.840422821E0,6.096522217E0,6.659501495E0
6.077590879E1,1.889071655E0,6.057902527E0,6.282585297E0
6.078592879E1,1.967957611E0,5.916296997E0,5.708678741E0
6.079594779E1,2.131268005E0,5.693859558E0,5.467979279E0
6.080596679E1,2.357597351E0,5.645510101E0,5.459896088E0
6.081598579E1,2.447709961E0,5.738317108E0,5.545667725E0
6.082600479E1,2.565215607E0,5.939349060E0,5.740263062E0
6.083602379E1,2.661914520E0,6.130950623E0,6.054160309E0
6.084604279E1,2.727777557E0,6.466702423E0,6.210585022E0
6.085606279E1,2.570903778E0,6.657705231E0,6.349196777E0
6.086608179E1,2.426154785E0,6.655759277E0,6.386020203E0
6.087610079E1,2.293829956E0,6.554420013E0,6.188131714E0
6.088611979E1,2.239193573E0,6.591842194E0,6.015839996E0
6.089613879E1,2.333048401E0,6.634653168E0,6.072871399E0
6.090615779E1,2.470762024E0,6.636150055E0,6.105054474E0
6.091617779E1,2.793939972E0,6.785689087E0,6.232439575E0
6.092619679E1,2.933000793E0,7.106621704E0,6.641089783E0
6.093621579E1,2.957998810E0,7.329957275E0,7.198231201E0
6.094623479E1,3.207230530E0,7.411387939E0,7.583829346E0
6.095625379E1,3.287313995E0,7.426805878E0,7.683821411E0
6.096627279E1,3.163820801E0,7.356751556E0,7.605534210E0
6.097629279E1,3.116818542E0,7.145690460E0,7.403005371E0
6.098631179E1,3.023861847E0,7.028334503E0,7.199129333E0
6.099633079E1,2.963986359E0,7.110214233E0,7.013365631E0
6.100634979E1,3.023263092E0,7.183412018E0,6.859036560E0
6.101636879E1,3.088377686E0,7.510182495E0,6.832691345E0
6.102638779E1,3.155288544E0,7.844736786E0,7.032825165E0
6.103640779E1,3.259920959E0,8.076005859E0,7.167245636E0
6.104642679E1,3.217559052E0,8.375233612E0,7.412884827E0
6.105644579E1,2.968926086E0,8.357121277E0,7.780670013E0
6.106646479E1,2.861000519E0,8.208779755E0,7.938890991E0
6.107648379E1,2.835852814E0,8.126750336E0,7.887847137E0
6.108650279E1,2.828967133E0,8.154592438E0,7.731272736E0
6.109652179E1,2.856809235E0,8.211623840E0,7.822433167E0
6.110654179E1,2.902464294E0,8.331075439E0,8.123307495E0
6.111656079E1,2.913690948E0,8.511300659E0,8.288863220E0
6.112657979E1,2.830763397E0,8.637637939E0,8.392298126E0
6.113659879E1,2.786605225E0,8.835825806E0,8.478818207E0
6.114661850E1,2.724933472E0,8.979377289E0,8.587342529E0
6.115663750E1,2.704725494E0,9.042695618E0,8.636590118E0
6.116665750E1,2.877615967E0,9.032666473E0,8.484805756E0
6.117667650E1,3.100502472E0,9.031768341E0,8.502918091E0
6.118669550E1,3.294798431E0,9.108858032E0,8.645721130E0
6.119671450E1,3.413501587E0,9.232800293E0,8.667725372E0
6.120673350E1,3.559148712E0,9.400900726E0,8.791517944E0
6.121675250E1,3.585643616E0,9.564809875E0,9.026080170E0
6.122677250E1,3.429967346E0,9.587562561E0,9.136400757E0
6.123679150E1,3.309617615E0,9.525741119E0,9.197922821E0
6.124681050E1,3.214415588E0,9.466314697E0,9.207502899E0
6.125682950E1,3.150648193E0,9.507329407E0,8.995393982E0
6.126684850E1,3.085683289E0,9.571845245E0,8.963809662E0
6.127686750E1,3.168012085E0,9.728719025E0,9.279503174E0
6.128688650E1,3.354374542E0,9.932445374E0,9.536518707E0
6.129690650E1,3.545377350E0,1.003812561E1,9.595645752E0
6.130692550E1,3.562142487E0,1.007899063E1,9.382039948E0
6.131694450E1,3.598367157E0,1.007704468E1,9.231902161E0
6.132696350E1,3.703448639E0,1.019395157E1,9.390871582E0
6.133698250E1,3.715872803E0,1.035337006E1,9.518705750E0
6.134700150E1,3.591780853E0,1.043300446E1,9.462871857E0
6.135702150E1,3.424728241E0,1.049377808E1,9.424701233E0
6.136704050E1,3.322640533E0,1.067475174E1,9.396260376E0
6.137705950E1,3.280877380E0,1.077668976E1,9.483678589E0
6.138707850E1,3.297792206E0,1.086785019E1,9.662406921E0
6.139709750E1,3.450474701E0,1.104118973E1,9.772727509E0
6.140711650E1,3.649860077E0,1.111423782E1,9.714797974E0
6.141713650E1,3.724405060E0,1.123548569E1,9.696685638E0
6.142715550E1,3.801794128E0,1.138083344E1,9.908944244E0
6.143717450E1,3.907474365E0,1.136167328E1,1.006237518E1
6.144719350E1,3.817361755E0,1.121467896E1,9.968220978E0
6.145721250E1,3.699856110E0,1.103759720E1,9.771080933E0
6.146723150E1,3.614683228E0,1.093775482E1,9.709708557E0
6.147725150E1,3.554508362E0,1.095047836E1,9.842183075E0
6.148727050E1,3.360511780E0,1.092757599E1,9.853260040E0
6.149728950E1,3.352129211E0,1.110271179E1,9.870174866E0
6.150730850E1,3.746708679E0,1.168080963E1,1.058104660E1
6.151732750E1,3.791166229E0,1.242625946E1,1.120958954E1
6.152734650E1,3.658542023E0,1.263836838E1,1.100676132E1
6.153736550E1,3.535797272E0,1.227357697E1,1.080108902E1
6.154738550E1,3.713627472E0,1.186821991E1,1.077504318E1
6.155740450E1,4.096381531E0,1.160910873E1,1.087728058E1
6.156742350E1,4.139192505E0,1.145792313E1,1.083701431E1
6.157744250E1,3.892804871E0,1.147573608E1,1.066412384E1
6.158746150E1,3.602259064E0,1.156330399E1,1.075663147E1
6.159748050E1,3.275189209E0,1.192390411E1,1.071681427E1
6.160750050E1,3.200793915E0,1.226115280E1,1.076486435E1
6.161751950E1,3.304677887E0,1.252595215E1,1.067520081E1
6.162753850E1,3.378324738E0,1.266546204E1,1.060095520E1
6.163755750E1,3.525468750E0,1.276305908E1,1.066487228E1
6.164757650E1,3.727698212E0,1.274494675E1,1.077863571E1
6.165759550E1,3.841162262E0,1.261801071E1,1.087593338E1
6.166761450E1,3.836970978E0,1.257430161E1,1.100960541E1
6.167763450E1,3.781137085E0,1.253538254E1,1.138068375E1
6.168765350E1,3.658392334E0,1.249945724E1,1.173005722E1
6.169767250E1,3.512894897E0,1.237985596E1,1.189217010E1
6.170769150E1,3.331921234E0,1.219888229E1,1.194815369E1
6.171771050E1,3.216211853E0,1.204021225E1,1.176897629E1
6.172772950E1,3.362008667E0,1.205712708E1,1.156884247E1
6.173774950E1,3.606600037E0,1.219858292E1,1.160731247E1
6.174776850E1,3.744313660E0,1.230875381E1,1.160162430E1
6.175778750E1,3.739373932E0,1.233869156E1,1.140972336E1
6.176780650E1,3.708538055E0,1.243269608E1,1.138532410E1
6.177782550E1,3.783981171E0,1.259540771E1,1.154399414E1
6.178784450E1,3.825444946E0,1.267444336E1,1.176822784E1
6.179786450E1,3.770060120E0,1.260304184E1,1.190070236E1
6.180788350E1,3.724554749E0,1.261262192E1,1.193243637E1
6.181790250E1,3.771856384E0,1.256696686E1,1.189606201E1
6.182792150E1,3.818858643E0,1.255738678E1,1.188244034E1
6.183794050E1,3.797004089E0,1.265034348E1,1.195054871E1
6.184795950E1,3.888613586E0,1.282428177E1,1.210592560E1
6.185797950E1,3.975732422E0,1.301438644E1,1.224468704E1
6.186799850E1,3.935615845E0,1.285781204E1,1.217882401E1
6.187801750E1,3.844305725E0,1.249631378E1,1.202254898E1
6.188803650E1,3.837270355E0,1.215442474E1,1.205054077E1
6.189805550E1,3.938459930E0,1.193153824E1,1.215382599E1
6.190807450E1,3.963158569E0,1.187300995E1,1.210308151E1
6.191809350E1,4.012705536E0,1.207134750E1,1.205308548E1
6.192811350E1,4.139042816E0,1.238329880E1,1.199725159E1
6.193813250E1,4.177063751E0,1.273282196E1,1.213271988E1
6.194815150E1,4.050726471E0,1.288774979E1,1.231818420E1
6.195817050E1,4.011208649E0,1.277383667E1,1.218585938E1
6.196818950E1,3.973487091E0,1.260379028E1,1.214604218E1
6.197820850E1,3.903133392E0,1.236024673E1,1.232731522E1
6.198822850E1,3.809428253E0,1.211685287E1,1.236533615E1
6.199824750E1,3.799548798E0,1.202045334E1,1.253119125E1
6.200826650E1,3.914210358E0,1.216684891E1,1.271216492E1
6.201828550E1,3.990401917E0,1.226833786E1,1.269944138E1
6.202830450E1,4.175267487E0,1.228615082E1,1.228420486E1
6.203832350E1,4.344116364E0,1.267833527E1,1.201012482E1
6.204834350E1,4.171525269E0,1.272563690E1,1.257490036E1
6.205836250E1,4.005520477E0,1.244257553E1,1.277039383E1
6.206838150E1,3.817810822E0,1.229273712E1,1.205009171E1
6.207840050E1,3.679348755E0,1.215592163E1,1.172047714E1
6.208841950E1,3.849993896E0,1.194650711E1,1.169922134E1
6.209843850E1,3.955374756E0,1.174966644E1,1.130733627E1
6.210845750E1,4.076772308E0,1.182780396E1,1.117561020E1
6.211847750E1,4.266427917E0,1.210742249E1,1.128338608E1
6.212849650E1,4.401746521E0,1.239497452E1,1.138068375E1
6.213851550E1,4.336631927E0,1.251053421E1,1.164368683E1
6.214853725E1,4.149521027E0,1.243509109E1,1.190833649E1
6.215855625E1,4.101470947E0,1.219094879E1,1.212448700E1
6.216857525E1,4.132306824E0,1.197375046E1,1.219169724E1
6.217859525E1,4.085005188E0,1.199620377E1,1.215577194E1
6.218861425E1,4.183200989E0,1.200039505E1,1.207374252E1
6.219863325E1,4.262536011E0,1.186836960E1,1.191567123E1
6.220865225E1,4.216581573E0,1.187241119E1,1.162377823E1
6.221867125E1,4.128414917E0,1.196551758E1,1.170580765E1
6.222869025E1,4.146078186E0,1.201521423E1,1.184771255E1
6.223870925E1,4.135749664E0,1.196087723E1,1.175191177E1
6.224872925E1,4.138743439E0,1.193078979E1,1.144744492E1
6.225874825E1,4.137246552E0,1.189890610E1,1.138756943E1
6.226876725E1,3.913312225E0,1.172212372E1,1.146989822E1
6.227878625E1,3.634442139E0,1.174712173E1,1.162422729E1
6.228880525E1,3.512745209E0,1.185594543E1,1.182989960E1
6.229882425E1,3.470532990E0,1.206446182E1,1.185235291E1
6.230884425E1,3.508703613E0,1.206042023E1,1.181957108E1
6.231886325E1,3.597319336E0,1.194156738E1,1.166060165E1
6.232888225E1,3.586392059E0,1.180460220E1,1.133248398E1
6.233890125E1,3.568429413E0,1.163829803E1,1.114462463E1
6.234892025E1,3.610342255E0,1.151300858E1,1.092877350E1
6.235893925E1,3.530857544E0,1.143142822E1,1.067056046E1
6.236895925E1,3.541485443E0,1.151675079E1,1.050156189E1
6.237897825E1,3.593577118E0,1.160476776E1,1.053808594E1
6.238899725E1,3.585344238E0,1.163126266E1,1.065080154E1
6.239901625E1,3.554807739E0,1.156659714E1,1.088656128E1
6.240903525E1,3.413202209E0,1.162587387E1,1.125838806E1
6.241905425E1,3.290457458E0,1.159728333E1,1.136870865E1
6.242907325E1,3.262315979E0,1.128188919E1,1.098340988E1
6.243909325E1,3.350482635E0,1.112606323E1,1.047237259E1
6.244911225E1,3.392245789E0,1.103265747E1,1.052865555E1
6.245913125E1,3.416645050E0,1.099628311E1,1.078058167E1
6.246915025E1,3.440295868E0,1.102547241E1,1.069840256E1
6.247916925E1,3.486849060E0,1.109043732E1,1.049826874E1
6.248918825E1,3.532204742E0,1.113908615E1,1.053688843E1
6.249920825E1,3.426674194E0,1.108549759E1,1.049332901E1
6.250922725E1,3.354224854E0,1.086530548E1,1.035441788E1
6.251924625E1,3.208577728E0,1.091949280E1,1.061637314E1
6.252926525E1,3.055296478E0,1.092937225E1,1.107022934E1
6.253928425E1,2.913690948E0,1.069481003E1,1.140613083E1
6.254930325E1,2.639910278E0,1.047446823E1,1.157527908E1
6.255932225E1,2.414928131E0,1.019799316E1,1.129356491E1
6.256934225E1,2.500250702E0,9.962532806E0,1.099957626E1
6.257936125E1,2.855012970E0,9.847721558E0,1.074286011E1
6.258938025E1,3.053500214E0,9.822124786E0,1.058074722E1
6.259939925E1,3.050057373E0,9.790839844E0,1.040950333E1
6.260941825E1,3.058290253E0,9.763147430E0,1.032956955E1
6.261943725E1,3.014581146E0,9.854307861E0,1.030367340E1
6.262945725E1,2.780168610E0,9.830956421E0,1.022284149E1
6.263947625E1,2.495161285E0,9.775870972E0,1.041249710E1
6.264949525E1,2.251168671E0,9.786798248E0,1.069735474E1
6.265951425E1,2.120191040E0,9.672286377E0,1.048928741E1
6.266953325E1,2.141746216E0,9.527836761E0,1.029169830E1
6.267955225E1,2.201172638E0,9.455387421E0,1.022778122E1
6.268957225E1,2.225422211E0,9.439071350E0,1.001761826E1
6.269959125E1,2.224374390E0,9.456285553E0,9.969717865E0
6.270961025E1,2.266137543E0,9.523645477E0,1.008692413E1
6.271962925E1,2.320175171E0,9.562863922E0,1.036025574E1
6.272964825E1,2.321222992E0,9.429191895E0,1.041204803E1
6.273966725E1,2.275418243E0,9.304650879E0,1.023631348E1
6.274968625E1,2.242486725E0,9.178463287E0,1.008512787E1
6.275970625E1,2.259251862E0,8.984317017E0,9.938582611E0
6.276972525E1,2.209854584E0,8.846154327E0,9.771829376E0
6.277974425E1,2.091301117E0,8.768016815E0,9.599986725E0
6.278976325E1,2.015708313E0,8.707243195E0,9.561067657E0
6.279978225E1,2.048490143E0,8.634494476E0,9.428144073E0
6.280980125E1,2.108964386E0,8.560248871E0,9.359287262E0
6.281982125E1,2.115550690E0,8.504265289E0,9.383536835E0
6.282984025E1,2.107168121E0,8.507259064E0,9.328451385E0
6.283985925E1,2.160457306E0,8.443791046E0,9.241182861E0
6.284987825E1,2.181713104E0,8.447084198E0,9.130413208E0
6.285989725E1,2.150877228E0,8.505163422E0,9.106313324E0
6.286991625E1,2.123783569E0,8.461604004E0,9.199719086E0
6.287993525E1,2.148182831E0,8.379125519E0,9.218280487E0
6.288995525E1,2.157164154E0,8.261470184E0,8.983718262E0
6.289997425E1,2.204765167E0,8.128845978E0,8.685688019E0
6.290999325E1,2.291584625E0,8.022716675E0,8.484057312E0
6.292001225E1,2.286345520E0,7.949668579E0,8.440348206E0
6.293003125E1,2.163600769E0,7.946225739E0,8.453520813E0
6.294005025E1,2.046394501E0,7.923473053E0,8.337961121E0
6.295007025E1,1.941163330E0,7.824379120E0,8.312963104E0
6.296008925E1,1.887125702E0,7.876770172E0,8.318950653E0
6.297010825E1,1.828597412E0,7.952362976E0,8.293353882E0
6.298012725E1,1.805695038E0,7.933352509E0,8.322243805E0
6.299014625E1,1.760039978E0,7.833360443E0,8.380772095E0
6.300016525E1,1.644180908E0,7.749684448E0,8.338709564E0
6.301018425E1,1.577270050E0,7.669301605E0,8.306825867E0
6.302020425E1,1.495689697E0,7.606731720E0,8.451874237E0
6.303022325E1,1.437760162E0,7.552245026E0,8.463699646E0
6.304024225E1,1.557062073E0,7.437733154E0,8.213120728E0
6.305026125E1,1.626068573E0,7.320077820E0,7.951913910E0
6.306028025E1,1.617386627E0,7.266638947E0,7.924071808E0
6.307029925E1,1.573078766E0,7.216792603E0,7.836204529E0
6.308031925E1,1.517095184E0,7.117249603E0,7.664960632E0
6.309033825E1,1.488055573E0,7.028484192E0,7.630681915E0
6.310035725E1,1.482217712E0,6.943910065E0,7.641758881E0
6.311037625E1,1.523531799E0,6.894063721E0,7.488777008E0
6.312039525E1,1.553319855E0,6.903643799E0,7.427704010E0
6.313041425E1,1.617985382E0,6.888375549E0,7.421716461E0
6.314043325E1,1.661095734E0,6.850204926E0,7.400760040E0
6.315045012E1,1.594035187E0,6.838678894E0,7.327861633E0
6.316046912E1,1.534758453E0,6.789281616E0,7.229965210E0
6.317048813E1,1.552122345E0,6.755751343E0,7.208110657E0
6.318050712E1,1.533261566E0,6.804998932E0,7.353159027E0
6.319052612E1,1.431173859E0,6.820716248E0,7.438930664E0
6.320054513E1,1.306932220E0,6.889273682E0,7.294630737E0
6.321056412E1,1.597478027E0,6.713090057E0,7.311246185E0
6.322058412E1,1.573078766E0,6.628515930E0,7.268285522E0
6.323060313E1,1.622176666E0,6.484814758E0,7.046297150E0
6.324062212E1,1.646426239E0,6.335724792E0,6.970404968E0
6.325064112E1,1.678759003E0,6.148164825E0,6.896907806E0
6.326066013E1,1.739233246E0,6.050268402E0,6.912625122E0
6.327067912E1,1.651066589E0,6.082750854E0,6.992558899E0
6.328069912E1,1.511107635E0,6.151308289E0,7.046147461E0
6.329071813E1,1.430575104E0,6.187083893E0,7.100185089E0
6.330073712E1,1.345851288E0,6.187532959E0,6.952592010E0
6.331075612E1,1.280137939E0,6.132447510E0,6.673272858E0
6.332077513E1,1.203347626E0,6.058201904E0,6.561455383E0
6.333079412E1,1.119072876E0,6.040538635E0,6.552923126E0
6.334081312E1,1.083446960E0,5.995482330E0,6.580316162E0
6.335083312E1,1.080752563E0,5.961802368E0,6.606511688E0
6.336085212E1,1.085392914E0,5.914949799E0,6.609954529E0
6.337087112E1,1.076860657E0,5.892197113E0,6.557413788E0
6.338089013E1,1.057700500E0,5.893544312E0,6.499633942E0
6.339090912E1,1.004860382E0,5.819747772E0,6.490053864E0
6.340092812E1,1.045575714E0,5.736071777E0,6.347250824E0
6.341094812E1,1.048120422E0,5.698799286E0,6.183790741E0
6.342096712E1,9.900411987E-1,5.660478973E0,6.221362610E0
6.343098612E1,1.018032990E0,5.644911346E0,6.357429657E0
6.344100513E1,1.097218323E0,5.677393799E0,6.459966431E0
6.345102412E1,1.170715485E0,5.757926331E0,6.555018768E0
6.346104312E1,1.256636810E0,5.854026489E0,6.599326630E0
6.347106212E1,1.313668213E0,5.819897461E0,6.499484253E0
6.348108212E1,1.356479187E0,5.716013489E0,6.342909851E0
6.349110112E1,1.399589539E0,5.612728271E0,6.190975800E0
6.350112013E1,1.415456543E0,5.529651031E0,6.144272919E0
6.351113912E1,1.448388062E0,5.406756592E0,6.026168518E0
6.352115812E1,1.476080475E0,5.283712463E0,5.837411041E0
6.353117712E1,1.485810242E0,5.273533630E0,5.928571472E0
6.354119712E1,1.466500397E0,5.370232544E0,6.152505798E0
6.355121612E1,1.435215454E0,5.379064178E0,6.176306305E0
6.356123513E1,1.427880707E0,5.360951843E0,6.018235016E0
6.357125412E1,1.445394287E0,5.384902039E0,5.926026764E0
6.358127312E1,1.316661987E0,5.436095581E0,6.070027313E0
6.359129212E1,1.229543152E0,5.427713013E0,6.218817902E0
6.360131112E1,1.242416382E0,5.414989471E0,6.158044281E0
6.361133112E1,1.265468445E0,5.483397217E0,6.117628326E0
6.362135013E1,1.337618408E0,5.459447021E0,6.142925720E0
6.363136912E1,1.376537476E0,5.389692078E0,6.060746613E0
6.364138812E1,1.378932495E0,5.309009857E0,5.961203613E0
6.365140712E1,1.410367126E0,5.196593628E0,5.809119873E0
6.366142612E1,1.384171600E0,5.050048370E0,5.713319092E0
6.367144512E1,1.282233582E0,5.053640900E0,5.789360962E0
6.368146513E1,1.289867706E0,5.098397827E0,5.965245209E0
6.369148412E1,1.322350159E0,5.102140045E0,6.043382721E0
6.370150312E1,1.303489380E0,5.148094482E0,6.048621826E0
6.371152212E1,1.274300079E0,5.213059387E0,6.036497040E0
6.372154112E1,1.364263000E0,5.228926392E0,6.006110229E0
6.373156012E1,1.430275726E0,5.201533356E0,5.885012054E0
6.374158013E1,1.437311096E0,5.163362732E0,5.803282013E0
6.375159912E1,1.427281952E0,5.140310669E0,5.862708435E0
6.376161812E1,1.407972107E0,5.165158997E0,5.914201355E0
6.377163712E1,1.431772614E0,5.181774445E0,5.961502991E0
6.378165612E1,1.423988800E0,5.169799347E0,6.066434784E0
6.379167512E1,1.401385803E0,5.150190125E0,6.102509766E0
6.380169412E1,1.437760162E0,5.142855377E0,6.057004395E0
6.381171412E1,1.485810242E0,5.149741058E0,6.010002136E0
6.382173312E1,1.490151215E0,5.159919891E0,5.940696259E0
6.383175212E1,1.510957947E0,5.170847168E0,5.827531586E0
6.384177112E1,1.568139038E0,5.204676819E0,5.736969910E0
6.385179012E1,1.589694214E0,5.247338104E0,5.750292206E0
6.386180912E1,1.634301453E0,5.281766510E0,5.852230225E0
6.387182812E1,1.672322388E0,5.336253204E0,5.938899994E0
6.388184812E1,1.685195618E0,5.361400909E0,6.019731903E0
6.389186712E1,1.688039703E0,5.346731415E0,6.092031555E0
6.390188612E1,1.658101959E0,5.345234528E0,6.108796692E0
6.391190512E1,1.661544800E0,5.339845734E0,6.008056183E0
6.392192412E1,1.682201843E0,5.287454681E0,5.982908478E0
6.393194312E1,1.675914917E0,5.306465149E0,6.138285370E0
6.394196312E1,1.645528107E0,5.351371765E0,6.341712341E0
6.395198212E1,1.610500946E0,5.369334412E0,6.347699890E0
6.396200112E1,1.595083008E0,5.403912506E0,6.235283661E0
6.397202012E1,1.609453125E0,5.468428345E0,6.231840820E0
6.398203912E1,1.635498962E0,5.492977295E0,6.212530975E0
6.399205812E1,1.617985382E0,5.480104065E0,6.068979492E0
6.400207712E1,1.568887482E0,5.477858734E0,6.037844238E0
6.401209712E1,1.495390320E0,5.494773560E0,6.195765839E0
6.402211612E1,1.433718567E0,5.558091888E0,6.282136230E0
6.403213512E1,1.384920044E0,5.652395782E0,6.332880707E0
6.404215412E1,1.386716309E0,5.738017731E0,6.381978607E0
6.405217312E1,1.427281952E0,5.802383881E0,6.398893433E0
6.406219212E1,1.497635651E0,5.852828979E0,6.432872772E0
6.407221112E1,1.570234680E0,5.914500732E0,6.509064331E0
6.408223112E1,1.600771179E0,5.915847931E0,6.621330872E0
6.409225012E1,1.624871063E0,5.860014038E0,6.642436981E0
6.410226912E1,1.666484528E0,5.824388123E0,6.692732391E0
6.411228812E1,1.667682037E0,5.828878784E0,6.710395660E0
6.412230712E1,1.700463867E0,5.863007812E0,6.624025269E0
6.413232612E1,1.750310211E0,5.886958008E0,6.556815033E0
6.414234612E1,1.745220795E0,5.898484039E0,6.509363708E0
6.415236850E1,1.684896240E0,5.949976959E0,6.418352966E0
6.416238750E1,1.615141296E0,6.040388947E0,6.431076508E0
6.417240650E1,1.623673553E0,6.117328949E0,6.603068848E0
6.418242550E1,1.650018768E0,6.204298096E0,6.763984222E0
6.419244450E1,1.683099976E0,6.332132263E0,6.914421387E0
6.420246350E1,1.763482819E0,6.343658295E0,6.983278198E0
6.421248350E1,1.738933868E0,6.307583313E0,6.995702362E0
6.422250250E1,1.748963013E0,6.334826660E0,7.113806763E0
6.423252150E1,1.783990173E0,6.371350708E0,7.134014740E0
6.424254050E1,1.805096283E0,6.407126312E0,7.050937500E0
6.425255950E1,1.771416321E0,6.462660828E0,7.060068512E0
6.426257850E1,1.763033752E0,6.521638184E0,7.155270538E0
6.427259850E1,1.836680603E0,6.562054138E0,7.125482483E0
6.428261750E1,1.865869904E0,6.576124878E0,7.038513336E0
6.429263650E1,1.864073639E0,6.633755035E0,7.064559174E0
6.430265550E1,1.896705780E0,6.685547333E0,7.185208282E0
6.431267450E1,1.861678619E0,6.750661926E0,7.350165253E0
6.432269350E1,1.779948578E0,6.833140411E0,7.430847473E0
6.433271250E1,1.743574219E0,6.853348389E0,7.551047516E0
6.434273250E1,1.663041687E0,6.907535706E0,7.618407440E0
6.435275150E1,1.651216278E0,7.045997772E0,7.624245300E0
6.436277050E1,1.743873596E0,7.117548981E0,7.638765106E0
6.437278950E1,1.802252197E0,7.162455597E0,7.537425842E0
6.438280850E1,1.862876129E0,7.190896454E0,7.574398956E0
6.439282750E1,1.986818390E0,7.237150269E0,7.757617950E0
6.440284650E1,2.071991272E0,7.275620270E0,7.846383362E0
6.441286650E1,2.031425629E0,7.312593384E0,7.953710175E0
6.442288550E1,1.959724731E0,7.346273346E0,8.084987183E0
6.443290450E1,1.821112976E0,7.345075836E0,8.138126678E0
6.444292350E1,1.775607605E0,7.401059418E0,8.160729675E0
6.445294250E1,1.728904724E0,7.416776733E0,8.262518005E0
6.446296150E1,1.767225037E0,7.489974518E0,8.305478668E0
6.447298050E1,1.948049011E0,7.671097870E0,8.313561859E0
6.448300050E1,2.069296875E0,7.971972198E0,8.439001007E0
6.449301950E1,2.135309601E0,7.999514923E0,8.551866302E0
6.450303850E1,2.055974579E0,7.849227448E0,8.489595795E0
6.451305750E1,1.982028351E0,7.815248108E0,8.359216919E0
6.452307650E1,2.019151154E0,7.801776123E0,8.380323029E0
6.453309550E1,2.119592285E0,7.897576904E0,8.473579102E0
6.454311550E1,2.070943451E0,7.984096985E0,8.569679260E0
6.455313450E1,1.924847260E0,8.026159515E0,8.715775452E0
6.456315350E1,1.898502045E0,8.105943604E0,8.986113281E0
6.457317250E1,1.916614380E0,8.243058472E0,9.126820679E0
6.458319150E1,1.986369324E0,8.408165131E0,9.211843872E0
6.459321050E1,1.963916016E0,8.444240112E0,9.360335083E0
6.460322950E1,1.974992981E0,8.614136810E0,9.257199554E0
6.461324950E1,2.109712830E0,8.734935608E0,8.994495850E0
6.462326850E1,2.220482483E0,8.643026733E0,9.016949158E0
6.463328750E1,2.321672058E0,8.656648407E0,9.117390289E0
6.464330650E1,2.498604126E0,8.678502960E0,9.323361969E0
6.465332550E1,2.609822845E0,8.748557281E0,9.392069092E0
6.466334450E1,2.562970276E0,8.783883820E0,9.352251892E0
6.467336350E1,2.685864716E0,8.637188873E0,9.113199005E0
6.468338350E1,2.681374054E0,8.724607086E0,9.041348419E0
6.469340250E1,2.578088837E0,8.837173004E0,9.232351227E0
6.470342150E1,2.457888794E0,8.929231567E0,9.255552979E0
6.471344050E1,2.349514160E0,8.950337677E0,9.119036865E0
6.472345950E1,2.391427002E0,9.117390289E0,9.256451111E0
6.473347850E1,2.480491791E0,9.279353485E0,9.859996033E0
6.474349850E1,2.486479340E0,9.402846680E0,1.005608826E1
6.475351750E1,2.512824554E0,9.470805359E0,9.795929260E0
6.476353650E1,2.682421875E0,9.470505981E0,9.606123962E0
6.477355550E1,2.780617676E0,9.603579254E0,9.818681946E0
6.478357450E1,2.761906586E0,9.521998901E0,1.027852570E1
6.479359350E1,2.595303040E0,9.596843262E0,1.035486694E1
6.480361250E1,2.479893036E0,9.630972290E0,1.008378067E1
6.481363250E1,2.417173462E0,9.633966064E0,1.003827530E1
6.482365150E1,2.432292023E0,9.674382019E0,1.024230103E1
6.483367050E1,2.525997162E0,9.842183075E0,1.037552399E1
6.484368950E1,2.565664673E0,9.904603271E0,1.056907150E1
6.485370850E1,2.572550354E0,9.946516113E0,1.068957092E1
6.486372750E1,2.528242493E0,1.001148102E1,1.086126389E1
6.487374650E1,2.530487823E0,1.014485367E1,1.108774292E1
6.488376650E1,2.500999146E0,1.027298721E1,1.118938156E1
6.489378550E1,2.490071869E0,1.036609360E1,1.105600891E1
6.490380450E1,2.587668915E0,1.040321640E1,1.065768723E1
6.491382350E1,2.739153900E0,1.028675858E1,1.039977356E1
6.492384250E1,2.575693817E0,1.030966095E1,1.058987823E1
6.493386150E1,2.425406342E0,1.050051407E1,1.092862381E1
6.494388150E1,2.434387665E0,1.071980804E1,1.110016708E1
6.495390050E1,2.589914246E0,1.065439407E1,1.159863052E1
6.496391950E1,2.765648804E0,1.077025314E1,1.117995117E1
6.497393850E1,2.852617950E0,1.073432785E1,1.101858673E1
6.498395750E1,2.904110870E0,1.058703415E1,1.114971405E1
6.499397650E1,3.313359833E0,1.037732025E1,1.104388412E1
6.500399550E1,3.285817108E0,1.084195404E1,1.130643814E1
6.501401550E1,3.115321655E0,1.119956039E1,1.133787277E1
6.502403450E1,3.022963715E0,1.119551880E1,1.140717865E1
6.503405350E1,3.126697998E0,1.107052872E1,1.156719589E1
6.504407250E1,2.935096436E0,1.111109436E1,1.086425766E1
6.505409150E1,2.227068787E0,1.064391586E1,1.096709381E1
6.506411050E1,2.200873260E0,1.079540085E1,1.116887421E1
6.507413050E1,2.791544952E0,1.124611359E1,1.080677719E1
6.508414950E1,2.753224640E0,1.167452271E1,1.113339798E1
6.509416850E1,2.632874908E0,1.176418625E1,1.144744492E1
6.510418750E1,2.901715851E0,1.187690186E1,1.115315689E1
6.511420650E1,3.099454651E0,1.201641174E1,1.154279663E1
6.512422550E1,3.077600098E0,1.169009033E1,1.164338745E1
6.513424450E1,2.916235657E0,1.173754166E1,1.096230377E1
6.514426075E1,2.823728027E0,1.173993668E1,1.109073669E1
6.515427975E1,2.803969116E0,1.207494003E1,1.111753098E1
6.516429875E1,2.646047516E0,1.230067062E1,1.211550568E1
6.517431775E1,2.390229492E0,1.262504608E1,1.237955658E1
6.518433675E1,2.380050659E0,1.242625946E1,1.201341797E1
6.519435575E1,2.297422485E0,1.228510300E1,1.225501556E1
6.520437575E1,2.497256927E0,1.234557724E1,1.207868225E1
6.521439475E1,2.780767365E0,1.246907043E1,1.123249191E1
6.522441375E1,2.854414215E0,1.242146942E1,1.074375824E1
6.523443275E1,3.042722626E0,1.226714035E1,1.091500214E1
6.524445175E1,2.934647369E0,1.248164429E1,1.134685410E1
6.525447075E1,2.732866974E0,1.272848099E1,1.183349213E1
6.526448975E1,2.522254944E0,1.289433609E1,1.238928635E1
6.527450975E1,2.354453888E0,1.299387909E1,1.239048386E1
6.528452875E1,2.717149658E0,1.385713394E1,1.242146942E1
6.529454775E1,2.998265076E0,1.421518936E1,1.316886520E1
6.530456675E1,2.651136932E0,1.308982956E1,1.274090515E1
6.531458575E1,2.377655640E0,1.145477966E1,1.143891266E1
6.532460475E1,2.048789520E0,1.104044128E1,1.107861191E1
6.533462375E1,2.355202332E0,1.155462204E1,1.133113678E1
6.534464375E1,2.816842346E0,1.214918564E1,1.203018311E1
6.535466275E1,2.465073853E0,1.286170395E1,1.241263779E1
6.536468175E1,1.866019592E0,1.322948914E1,1.325538528E1
6.537470075E1,2.191442871E0,1.345821350E1,1.310599594E1
6.538471975E1,4.032913513E0,1.374965744E1,8.890761566E0
6.539473875E1,4.260140991E0,1.320449112E1,1.157453064E1
6.540475775E1,3.113076324E0,1.324790085E1,1.194261520E1
6.541477775E1,2.889591064E0,1.339025482E1,1.136691238E1
6.542479675E1,2.923121338E0,1.358619736E1,1.131886230E1
6.543481575E1,3.097059631E0,1.379456406E1,1.158830200E1
6.544483475E1,3.268602905E0,1.381641861E1,1.155522079E1
6.545485375E1,3.347788239E0,1.368169876E1,1.159833115E1
6.546487275E1,3.197650452E0,1.316617081E1,1.125090363E1
6.547489175E1,3.152594147E0,1.287053558E1,1.155851395E1
6.548491175E1,2.975063324E0,1.300824921E1,1.219543945E1
6.549493075E1,2.955304413E0,1.290646088E1,1.210308151E1
6.550494975E1,2.736459503E0,1.329370560E1,1.218795502E1
6.551496875E1,2.961441650E0,1.348410965E1,1.215861603E1
6.552498775E1,3.232677612E0,1.347902023E1,1.211071564E1
6.553500675E1,3.114722900E0,1.310060715E1,1.209544739E1
6.554502675E1,2.807262268E0,1.294882278E1,1.194156738E1
6.555504575E1,2.939437408E0,1.318368439E1,1.136736145E1
6.556506475E1,3.352428589E0,1.343516144E1,1.132185608E1
6.557508375E1,3.337010651E0,1.361718292E1,1.141466309E1
6.558510275E1,3.264860687E0,1.376971573E1,1.134475845E1
6.559512175E1,3.904031525E0,1.369786514E1,1.108909012E1
6.560514075E1,4.516707458E0,1.353964417E1,1.119387222E1
6.561516075E1,4.148772583E0,1.326167221E1,1.120854172E1
6.562517975E1,3.724554749E0,1.336675369E1,1.124611359E1
6.563519875E1,3.342998199E0,1.352317841E1,1.174831924E1
6.564521775E1,3.244652710E0,1.339878708E1,1.162781982E1
6.565523675E1,3.589834900E0,1.321077805E1,1.170850204E1
6.566525575E1,4.055366821E0,1.308159668E1,1.035277130E1
6.567527475E1,4.699926453E0,1.283610718E1,9.834399261E0
6.568529475E1,4.392465820E0,1.258148666E1,1.078162949E1
6.569531375E1,3.913312225E0,1.284658539E1,1.130299530E1
6.570533275E1,3.944746857E0,1.326346848E1,1.120539825E1
6.571535175E1,4.365521851E0,1.321511902E1,1.091140961E1
6.572537075E1,4.872517548E0,1.322649536E1,1.039034317E1
6.573538975E1,5.061873779E0,1.358455078E1,1.014485367E1
6.574540975E1,4.788991241E0,1.355296646E1,9.941726074E0
6.575542875E1,4.648882599E0,1.380998199E1,1.001222946E1
6.576544775E1,4.307891693E0,1.397613647E1,1.006117767E1
6.577546675E1,3.985312500E0,1.389216110E1,9.969119110E0
6.578548575E1,4.229155426E0,1.353380630E1,9.895322571E0
6.579550475E1,4.486470337E0,1.323487793E1,1.029379395E1
6.580552375E1,4.082011414E0,1.303175034E1,1.058493851E1
6.581554375E1,3.971092072E0,1.272159531E1,1.111034592E1
6.582556275E1,3.712130585E0,1.243883331E1,1.096260315E1
6.583558175E1,3.823199615E0,1.215367630E1,1.051443512E1
6.584560075E1,3.816912689E0,1.196985855E1,1.062580353E1
6.585561975E1,3.556304626E0,1.208901077E1,1.007405090E1
6.586563875E1,3.737427979E0,1.206416245E1,9.394913177E0
6.587565775E1,3.681145020E0,1.285077667E1,9.322763214E0
6.588567775E1,4.436025238E0,1.346015945E1,9.723479919E0
6.589569675E1,4.921316071E0,1.362496674E1,9.686207428E0
6.590571575E1,5.746999054E0,1.401685181E1,1.087264023E1
6.591573475E1,4.719984741E0,1.245679596E1,9.558373260E0
6.592575375E1,4.669988708E0,1.243568985E1,9.772128754E0
6.593577275E1,4.569996643E0,1.218032089E1,1.009934830E1
6.594579175E1,4.471800842E0,1.192689789E1,1.000773880E1
6.595581175E1,4.260140991E0,1.187495590E1,9.917177124E0
6.596583075E1,4.290378113E0,1.206955124E1,1.012838791E1
6.597584975E1,4.484225006E0,1.223361008E1,1.015143997E1
6.598586875E1,4.503534851E0,1.232641708E1,9.868228912E0
6.599588775E1,4.479135590E0,1.224483673E1,9.672136688E0
6.600590675E1,4.422852631E0,1.195893127E1,9.598489838E0
6.601592675E1,4.377047882E0,1.165940414E1,9.464518433E0
6.602594575E1,4.159550171E0,1.139580231E1,9.233399048E0
6.603596475E1,3.957769775E0,1.110854965E1,9.010961609E0
6.604598375E1,3.836821289E0,1.082908081E1,8.766819305E0
6.605600275E1,3.772155762E0,1.098819992E1,8.891060944E0
6.606602175E1,3.585942993E0,1.145807281E1,9.091494141E0
6.607604075E1,3.783532104E0,1.179606995E1,9.311087494E0
6.608606075E1,4.131857758E0,1.182061890E1,9.358389130E0
6.609607975E1,4.388573914E0,1.175894714E1,9.397308197E0
6.610609875E1,4.436324615E0,1.156614807E1,9.458830261E0
6.611611775E1,4.444707184E0,1.129057114E1,9.548194427E0
6.612613675E1,4.248315582E0,1.106184677E1,9.483828278E0
6.613615575E1,3.998784485E0,1.076755875E1,9.352401581E0
6.614617504E1,3.743565216E0,1.056113800E1,9.069340210E0
6.615619504E1,3.607498169E0,1.042147842E1,8.804840240E0
6.616621404E1,3.762425995E0,1.025816803E1,8.732091522E0
6.617623304E1,3.909270630E0,1.019035904E1,8.613687744E0
6.618625204E1,3.933220825E0,1.023900787E1,8.714278564E0
6.619627104E1,3.885769501E0,1.019529877E1,8.848399658E0
6.620629004E1,3.864663391E0,1.006941055E1,8.872349854E0
6.621631004E1,3.808679810E0,1.003722748E1,8.942254486E0
6.622632904E1,3.846700745E0,1.004201752E1,8.981772308E0
6.623634804E1,3.850592651E0,1.006012985E1,8.879983978E0
6.624636704E1,3.757037201E0,9.928703156E0,8.669371948E0
6.625638604E1,3.627556458E0,9.768685913E0,8.430319061E0
6.626640504E1,3.584446106E0,9.588311005E0,8.207881622E0
6.627642404E1,3.665427704E0,9.319769440E0,8.111931152E0
6.628644404E1,3.704346771E0,9.166937256E0,8.100554810E0
6.629646304E1,3.785777435E0,9.086704102E0,8.145461426E0
6.630648204E1,3.911815338E0,9.000333710E0,8.024662628E0
6.631650104E1,4.115391998E0,8.970545654E0,7.803422699E0
6.632652004E1,4.271217957E0,9.065897369E0,7.937543793E0
6.633653904E1,4.215683441E0,9.203760681E0,8.085136871E0
6.634655804E1,4.190835114E0,9.311536560E0,8.128696289E0
6.635657804E1,3.901636505E0,9.365274811E0,8.176446991E0
6.636659704E1,3.558100891E0,9.344468079E0,8.048163757E0
6.637661604E1,3.292104034E0,9.177116089E0,7.933651886E0
6.638663504E1,3.037483521E0,8.821455688E0,7.621550903E0
6.639665404E1,2.837499390E0,8.493637390E0,7.234755249E0
6.640667304E1,2.727627869E0,8.237819366E0,7.041656799E0
6.641669204E1,2.789149933E0,8.006699982E0,6.911427612E0
6.642671204E1,2.948867798E0,7.893984375E0,6.952592010E0
6.643673104E1,3.106639709E0,7.883655853E0,7.131170654E0
6.644675004E1,3.118165741E0,7.928861847E0,7.349267120E0
6.645676904E1,3.065774689E0,7.985294495E0,7.380102997E0
6.646678804E1,3.070115662E0,7.939340057E0,7.457192688E0
6.647680704E1,3.023412781E0,7.811056824E0,7.254364471E0
6.648682704E1,2.980003052E0,7.704478455E0,7.008575592E0
6.649684604E1,2.890040131E0,7.622748413E0,6.804849243E0
6.650686504E1,2.898722076E0,7.547005920E0,6.619983673E0
6.651688404E1,2.982996826E0,7.498955841E0,6.483168182E0
6.652690304E1,2.943928070E0,7.475155334E0,6.324647827E0
6.653692204E1,2.872376862E0,7.407795410E0,6.266119537E0
6.654694104E1,2.800526276E0,7.276817780E0,6.233188019E0
6.655696104E1,2.661016388E0,7.058421936E0,6.206842804E0
6.656698004E1,2.595153351E0,6.792874146E0,6.117328949E0
6.657699904E1,2.657573547E0,6.522985382E0,5.992787933E0
6.658701804E1,2.734962616E0,6.409521332E0,5.977519684E0
6.659703704E1,2.700983276E0,6.423592072E0,6.012846222E0
6.660705604E1,2.746788025E0,6.420448608E0,6.062692566E0
6.661707504E1,2.835703125E0,6.469995575E0,5.989045715E0
6.662709504E1,2.914439392E0,6.464906158E0,5.789660339E0
6.663711404E1,2.993175659E0,6.476581879E0,5.534590759E0
6.664713304E1,2.959196320E0,6.434818726E0,5.330115967E0
6.665715204E1,2.847079468E0,6.311774597E0,5.368286591E0
6.666717104E1,2.788700867E0,6.118376770E0,5.508544922E0
6.667719004E1,2.721340942E0,5.951473846E0,5.526956635E0
6.668721004E1,2.516117706E0,5.826034698E0,5.604495392E0
6.669722904E1,2.387984161E0,5.676795044E0,5.732329559E0
6.670724804E1,2.418969727E0,5.576204224E0,5.698948975E0
6.671726704E1,2.592159576E0,5.502257996E0,5.562283173E0
6.672728604E1,2.673590240E0,5.366789703E0,5.586682434E0
6.673730504E1,2.519261169E0,5.348976746E0,5.481600952E0
6.674732404E1,2.283501434E0,5.347180481E0,5.316643982E0
6.675734404E1,2.063309326E0,5.259762268E0,5.144052887E0
6.676736304E1,1.972597961E0,5.148543549E0,5.037773895E0
6.677738204E1,1.944007416E0,5.050347748E0,4.957690430E0
6.678740104E1,1.997446289E0,4.920717316E0,4.956642609E0
6.679742004E1,2.014810181E0,4.871469727E0,5.041366425E0
6.680743904E1,1.927391968E0,4.921765137E0,5.042863312E0
6.681745804E1,1.827998657E0,4.873116302E0,5.008285217E0
6.682747804E1,1.802401886E0,4.704716492E0,4.943470001E0
6.683749704E1,1.760339355E0,4.564158783E0,4.873715057E0
6.684751604E1,1.799557800E0,4.448000336E0,4.805457001E0
6.685753504E1,1.825304260E0,4.286186829E0,4.612807617E0
6.686755404E1,1.792821808E0,4.174818420E0,4.287084961E0
6.687757304E1,1.833537140E0,4.226161652E0,4.101321259E0
6.688759204E1,1.836830292E0,4.250261536E0,4.074377289E0
6.689761204E1,1.794767761E0,4.256548462E0,4.037553864E0
6.690763104E1,1.836530914E0,4.200564880E0,4.105662231E0
6.691765004E1,1.909878387E0,4.127067719E0,4.096531219E0
6.692766904E1,2.005230103E0,4.115391998E0,4.170327759E0
6.693768804E1,1.973196716E0,4.062402191E0,4.119433594E0
6.694770704E1,1.826052704E0,3.997886353E0,4.017495575E0
6.695772604E1,1.728156281E0,3.908073120E0,3.960464172E0
6.696774604E1,1.696272583E0,3.713926849E0,3.889362030E0
6.697776504E1,1.678010559E0,3.480861511E0,3.781286774E0
6.698778404E1,1.810485077E0,3.201841736E0,3.720513153E0
6.699780304E1,1.843865662E0,3.056194611E0,3.607049103E0
6.700782204E1,1.798360291E0,3.122057648E0,3.490291901E0
6.701784104E1,1.891316986E0,3.272494812E0,3.531605988E0
6.702786004E1,1.944606171E0,3.319946136E0,3.588637390E0
6.703788004E1,1.868713989E0,3.309168549E0,3.667673035E0
6.704789904E1,1.769470367E0,3.217259674E0,3.687731323E0
6.705791804E1,1.643432465E0,3.084635468E0,3.630999298E0
6.706793704E1,1.628912659E0,2.905907135E0,3.643872528E0
6.707795604E1,1.634900208E0,2.713108063E0,3.593277740E0
6.708797504E1,1.551523590E0,2.635868683E0,3.475921783E0
6.709799504E1,1.510209503E0,2.574047241E0,3.408262482E0
6.710801404E1,1.471739502E0,2.562371521E0,3.391497345E0
6.711803304E1,1.397044830E0,2.600691833E0,3.561693420E0
6.712805204E1,1.320553894E0,2.620899811E0,3.485950928E0
6.713807104E1,1.277443542E0,2.585573273E0,3.288810883E0
6.714809004E1,1.254990234E0,2.509381714E0,3.169808350E0
6.715810904E1,1.369053040E0,2.484832764E0,3.005599823E0
6.716812904E1,1.406325531E0,2.506537628E0,3.049159241E0
6.717814804E1,1.487606506E0,2.571352844E0,3.233875122E0
6.718816704E1,1.507515106E0,2.576741638E0,3.475622406E0
6.719818604E1,1.529669037E0,2.509830780E0,3.544778595E0
6.720820504E1,1.381327515E0,2.496807861E0,3.453917542E0
6.721822404E1,1.136287079E0,2.500699768E0,3.222947845E0
6.722824304E1,1.014290771E0,2.370769958E0,2.972668304E0
6.723826304E1,1.133293304E0,2.182760925E0,2.749033356E0
6.724828204E1,1.238973541E0,2.074236603E0,2.576741638E0
6.725830104E1,1.266216888E0,1.987417145E0,2.439327393E0
6.726832004E1,1.273401947E0,1.902244263E0,2.439177704E0
6.727833904E1,1.277443542E0,1.829345856E0,2.577340393E0
6.728835804E1,1.281036072E0,1.761237488E0,2.624791718E0
6.729837704E1,1.206042023E0,1.793570251E0,2.628384247E0
6.730839704E1,1.071771240E0,1.866318970E0,2.678080902E0
6.731841604E1,9.773176575E-1,1.925146637E0,2.706970825E0
6.732843504E1,8.488847351E-1,1.967059479E0,2.774031372E0
6.733845404E1,8.229885864E-1,1.974394226E0,2.972967682E0
6.734847304E1,6.694079590E-1,1.932780762E0,3.101699982E0
6.735849204E1,5.746549988E-1,1.946402435E0,2.945874023E0
6.736851104E1,5.697152710E-1,1.789528656E0,2.654729462E0
6.737853104E1,6.465055847E-1,1.626667328E0,2.271077271E0
6.738855004E1,7.373666382E-1,1.554816742E0,2.077829132E0
6.739856904E1,8.393046570E-1,1.569186859E0,2.138303375E0
6.740858804E1,9.074130249E-1,1.679058380E0,2.393073578E0
6.741860704E1,8.219407654E-1,1.793420563E0,2.555785217E0
6.742862604E1,9.833052063E-1,1.876946869E0,2.724185028E0
6.743864604E1,1.161734161E0,1.658700714E0,2.650687866E0
6.744866504E1,1.116677856E0,1.743125153E0,2.344873810E0
6.745868404E1,1.060843964E0,1.459015961E0,2.437381439E0
6.746870304E1,1.194515991E0,1.316512299E0,2.338736572E0
6.747872204E1,1.229543152E0,1.259929962E0,2.317031708E0
6.748874104E1,1.209634552E0,1.196012878E0,2.472707977E0
6.749876004E1,1.197360077E0,1.183888092E0,2.636018372E0
6.750878004E1,1.129401398E0,1.226399689E0,2.767894135E0
6.751879904E1,1.076261902E0,1.370250549E0,2.775977325E0
6.752881804E1,9.987231445E-1,1.600022736E0,2.846929779E0
6.753883704E1,9.689350891E-1,1.776206360E0,3.001109161E0
6.754885604E1,8.933422852E-1,1.911524963E0,3.005450134E0
6.755887504E1,7.671546936E-1,1.929487610E0,2.934946747E0
6.756889404E1,7.020401001E-1,1.839973755E0,2.740052032E0
6.757891404E1,7.291337585E-1,1.734742584E0,2.517464905E0
6.758893304E1,8.918453979E-1,1.657054138E0,2.474953308E0
6.759895204E1,1.084794159E0,1.565594330E0,2.559228058E0
6.760897104E1,1.173110504E0,1.527274017E0,2.526296539E0
6.761899004E1,1.145118713E0,1.524729309E0,2.458936615E0
6.762900904E1,1.036594391E0,1.569186859E0,2.512974243E0
6.763902804E1,8.548722839E-1,1.611548767E0,2.511477356E0
6.764904804E1,6.971003723E-1,1.661245422E0,2.535577240E0
6.765906704E1,7.646099854E-1,1.624421997E0,2.687660980E0
6.766908604E1,9.156459045E-1,1.591041412E0,2.811752930E0
6.767910504E1,8.578660583E-1,1.535955963E0,2.815644836E0
6.768912404E1,7.843688965E-1,1.475032654E0,2.729424133E0
6.769914304E1,7.460485840E-1,1.466201019E0,2.539768524E0
6.770916304E1,7.159611511E-1,1.445693665E0,2.304757233E0
6.771918204E1,8.508306885E-1,1.543141022E0,2.170187073E0
6.772920104E1,1.010698242E0,1.702260132E0,2.243384857E0
6.773922004E1,1.075513458E0,1.946701813E0,2.405497742E0
6.774923904E1,1.043180695E0,2.189945984E0,2.654579773E0
6.775925804E1,1.051712952E0,2.231858826E0,2.851121063E0
6.776927704E1,9.921368408E-1,2.219135284E0,2.942281494E0
6.777929704E1,9.273216248E-1,2.233056335E0,2.871179352E0
6.778931604E1,9.138496399E-1,2.160606995E0,2.734214172E0
6.779933504E1,8.933422852E-1,2.112856293E0,2.613415375E0
6.780935404E1,9.054670715E-1,2.080074463E0,2.584824829E0
6.781937304E1,9.246272278E-1,2.074685669E0,2.575843506E0
6.782939204E1,9.515711975E-1,2.109862518E0,2.747386780E0
6.783941104E1,9.587562561E-1,2.143841858E0,2.974763947E0
6.784943104E1,8.843609619E-1,2.190245361E0,3.088377686E0
6.785945004E1,8.192463684E-1,2.132166138E0,3.059936829E0
6.786946904E1,8.689430237E-1,2.092947693E0,3.046464844E0
6.787948804E1,9.496252441E-1,2.176024933E0,3.018323364E0
6.788950704E1,1.018182678E0,2.199376373E0,2.952011261E0
6.789952604E1,1.104104004E0,2.189945984E0,2.889890442E0
6.790954504E1,1.197958832E0,2.218087463E0,2.933150482E0
6.791956504E1,1.309626617E0,2.270478516E0,2.978805542E0
6.792958404E1,1.335073700E0,2.426005096E0,3.021466827E0
6.793960304E1,1.424587555E0,2.604134674E0,3.124302979E0
6.794962204E1,1.542991333E0,2.675236816E0,3.182831268E0
6.795964104E1,1.678459625E0,2.734513550E0,3.263962555E0
6.796966004E1,1.734443207E0,2.799328766E0,3.367846527E0
6.797967904E1,1.663341064E0,2.834804993E0,3.397335205E0
6.798969904E1,1.576970673E0,2.830464020E0,3.347937927E0
6.799971804E1,1.492396545E0,2.861748962E0,3.390000458E0
6.800973704E1,1.449735260E0,2.926264801E0,3.478466492E0
6.801975604E1,1.502575378E0,2.908152466E0,3.465742950E0
6.802977504E1,1.635199585E0,2.939287720E0,3.404370575E0
6.803979404E1,1.687740326E0,3.057242432E0,3.372337189E0
6.804981304E1,1.789828033E0,3.190315704E0,3.416794739E0
6.805983304E1,1.876797180E0,3.401526489E0,3.550167389E0
6.806985204E1,1.868264923E0,3.574267273E0,3.719165955E0
6.807987104E1,1.728904724E0,3.720962219E0,3.728596344E0
6.808989004E1,1.535207520E0,3.805386658E0,3.681294708E0
6.809990904E1,1.482367401E0,3.708987122E0,3.515589294E0
6.810992804E1,1.499581604E0,3.577560425E0,3.300486603E0
6.811994704E1,1.574875031E0,3.464395752E0,3.154540100E0
6.812996704E1,1.674717407E0,3.439996490E0,3.276985474E0
6.813998604E1,1.822759552E0,3.511248322E0,3.648812256E0
6.815000437E1,2.054328003E0,3.664529572E0,4.079616394E0
6.816002337E1,2.135159912E0,3.892505493E0,4.507875824E0
6.817004237E1,2.057621155E0,4.112996979E0,4.777315521E0
6.818006137E1,1.907333679E0,4.209995270E0,4.714146881E0
6.819008038E1,1.730551300E0,4.280348969E0,4.472100220E0
6.820010037E1,1.778751068E0,4.175716553E0,4.189338226E0
6.821011937E1,1.805545349E0,4.049528961E0,3.885170746E0
6.822013837E1,1.723665619E0,4.114194489E0,3.629652100E0
6.823015737E1,1.913321228E0,4.251758423E0,3.609144745E0
6.824017637E1,2.174228668E0,4.497547302E0,3.792812805E0
6.825019538E1,2.354154510E0,4.800217896E0,4.114643555E0
6.826021437E1,2.469714203E0,4.983287201E0,4.462520142E0
6.827023437E1,2.453847198E0,5.077591095E0,4.657115479E0
6.828025337E1,2.333347778E0,5.085524597E0,4.836292877E0
6.829027237E1,2.358944550E0,4.996459808E0,4.895868988E0
6.830029137E1,2.418969727E0,4.938230896E0,4.885390778E0
6.831031038E1,2.500250702E0,4.919968872E0,4.904401245E0
6.832032937E1,2.498454437E0,4.958738251E0,4.815486145E0
6.833034937E1,2.457290039E0,5.062622223E0,4.651876373E0
6.834036837E1,2.535577240E0,5.155279541E0,4.567601624E0
6.835038737E1,2.739004211E0,5.261109467E0,4.502636719E0
6.836040637E1,2.885399780E0,5.492228851E0,4.636308746E0
6.837042538E1,2.696642303E0,5.766308899E0,4.670138397E0
6.838044437E1,2.561772766E0,5.961952057E0,4.715194702E0
6.839046337E1,2.490970001E0,6.063890076E0,4.877157898E0
6.840048337E1,2.500101013E0,6.134543152E0,5.012027435E0
6.841050237E1,2.629282379E0,6.142776031E0,5.209766235E0
6.842052137E1,2.735411682E0,6.125711517E0,5.344486084E0
6.843054038E1,2.771187286E0,6.249354401E0,5.334756317E0
6.844055937E1,2.641107788E0,6.392456818E0,5.253325653E0
6.845057837E1,2.512076111E0,6.467001801E0,5.222938843E0
6.846059738E1,2.534828796E0,6.450985107E0,5.310057678E0
6.847061737E1,2.646197205E0,6.422544250E0,5.410947876E0
6.848063637E1,2.760260010E0,6.470145264E0,5.592220917E0
6.849065538E1,2.832559662E0,6.649322662E0,5.854325867E0
6.850067437E1,2.873274994E0,6.894812164E0,6.066883850E0
6.851069337E1,2.917732544E0,7.114106140E0,6.269861755E0
6.852071238E1,2.935246124E0,7.230414276E0,6.295159149E0
6.853073137E1,2.976560211E0,7.311395874E0,6.081852722E0
6.854075137E1,2.967129822E0,7.370672607E0,5.802982635E0
6.855077038E1,2.868185577E0,7.438780975E0,5.595514069E0
6.856078937E1,2.868784332E0,7.481891327E0,5.503605194E0
6.857080837E1,2.932102661E0,7.533833313E0,5.448968811E0
6.858082738E1,2.960842896E0,7.679181061E0,5.610033875E0
6.859084637E1,3.140169983E0,7.688162384E0,5.916746063E0
6.860086537E1,3.328777771E0,7.690407715E0,6.163732452E0
6.861088538E1,3.439996490E0,7.793393555E0,6.395749969E0
6.862090437E1,3.560495911E0,8.008346558E0,6.690037994E0
6.863092337E1,3.660787354E0,8.222850494E0,6.813381500E0
6.864094238E1,3.629951477E0,8.415350189E0,6.771318970E0
6.865096137E1,3.502566376E0,8.465645599E0,6.579717407E0
6.866098037E1,3.547323303E0,8.396489410E0,6.160289612E0
6.867099937E1,3.583248596E0,8.366401978E0,6.004014587E0
6.868101937E1,3.636837158E0,8.473579102E0,5.922733612E0
6.869103837E1,3.850143585E0,8.738827515E0,6.136189728E0
6.870105738E1,3.929179230E0,9.031019897E0,6.502478027E0
6.871107637E1,3.843108215E0,9.245972900E0,6.680607605E0
6.872109537E1,3.739523621E0,9.360634460E0,6.963369598E0
6.873111437E1,3.753744049E0,9.301806793E0,7.190148010E0
6.874113337E1,3.751947784E0,9.220525818E0,7.317233734E0
6.875115337E1,3.777095490E0,9.196126556E0,7.426356812E0
6.876117238E1,3.797004089E0,9.210496674E0,7.275620270E0
6.877119137E1,3.946393433E0,9.410630493E0,6.955735474E0
6.878121037E1,4.117337952E0,9.675729218E0,6.674470367E0
6.879122937E1,4.244723053E0,9.745783539E0,6.611152039E0
6.880124837E1,4.327650604E0,9.956844635E0,6.928492126E0
6.881126737E1,4.219275970E0,9.898466034E0,7.341782684E0
6.882128738E1,3.968098297E0,1.021909927E1,7.735464020E0
6.883130637E1,3.967499542E0,1.037941589E1,7.999365234E0
6.884132537E1,3.882326660E0,9.787546692E0,7.551945648E0
6.885134437E1,4.070784760E0,1.024035507E1,7.548802185E0
6.886136337E1,4.253255310E0,1.021430923E1,7.481442261E0
6.887138237E1,4.503235474E0,1.045635590E1,7.607779541E0
6.888140137E1,4.635260925E0,1.061278061E1,7.767347717E0
6.889142137E1,4.715045013E0,1.056547897E1,7.746840363E0
6.890144037E1,4.515060883E0,1.058029816E1,7.633975067E0
6.891145937E1,4.505331116E0,1.057356216E1,7.659122772E0
6.892147837E1,4.498445435E0,1.081306412E1,7.703430634E0
6.893149737E1,4.561464386E0,1.101723953E1,7.854017487E0
6.894151637E1,4.667294312E0,1.133068771E1,8.177943878E0
6.895153537E1,4.572691040E0,1.158545792E1,8.267457733E0
6.896155537E1,4.515659637E0,1.140837616E1,8.155041504E0
6.897157437E1,4.764142914E0,1.122111557E1,8.239765320E0
6.898159337E1,5.004243622E0,1.117082016E1,8.328081665E0
6.899161237E1,5.196144562E0,1.109313171E1,8.373886414E0
6.900163137E1,5.300327911E0,1.121542740E1,8.399932251E0
6.901165037E1,5.307213593E0,1.139026382E1,8.302933960E0
6.902166937E1,5.267396393E0,1.162961609E1,8.207432556E0
6.903168937E1,5.229674835E0,1.180565002E1,8.242459717E0
6.904170837E1,5.197641449E0,1.190115143E1,8.280630341E0
6.905172737E1,5.101391602E0,1.194231583E1,8.439899139E0
6.906174637E1,4.968018951E0,1.191177933E1,8.522677002E0
6.907176537E1,4.932542725E0,1.194860275E1,8.618477783E0
6.908178437E1,5.000950470E0,1.194486053E1,8.555009766E0
6.909180337E1,5.108726349E0,1.205413330E1,8.465346222E0
6.910182337E1,5.295088806E0,1.213466583E1,8.352480927E0
6.911184237E1,5.466183014E0,1.230186813E1,8.249495087E0
6.912186137E1,5.599555664E0,1.250170258E1,8.296647034E0
6.913188037E1,5.659880219E0,1.258328293E1,8.407266998E0
6.914189937E1,5.599405975E0,1.265258881E1,8.668024750E0
6.915191975E1,5.764063568E0,1.289149200E1,9.062604218E0
6.916193875E1,5.726641388E0,1.303863602E1,9.590256958E0
6.917195875E1,5.571563873E0,1.292262726E1,1.003438339E1
6.918197775E1,5.343288574E0,1.253403534E1,1.014590149E1
6.919199675E1,5.115761719E0,1.190294769E1,9.750274200E0
6.920201575E1,5.267695770E0,1.141526184E1,9.059011688E0
6.921203475E1,5.516927490E0,1.175236084E1,8.556506653E0
6.922205375E1,5.616470490E0,1.235470825E1,8.109087067E0
6.923207275E1,5.770649872E0,1.303444473E1,7.937693481E0
6.924209175E1,5.981561279E0,1.380025223E1,8.051456909E0
6.925211175E1,6.055806885E0,1.425440781E1,8.284971313E0
6.926213075E1,6.039640503E0,1.449480789E1,8.656648407E0
6.927214975E1,5.869743805E0,1.425126434E1,9.202563171E0
6.928216875E1,5.727988586E0,1.383303406E1,9.551637268E0
6.929218775E1,5.643564148E0,1.346270416E1,9.927805023E0
6.930220675E1,5.513035583E0,1.305644897E1,1.019859192E1
6.931222575E1,5.462291107E0,1.281455200E1,1.023107437E1
6.932224575E1,5.608836365E0,1.264375717E1,1.008243347E1
6.933226475E1,5.657634888E0,1.273147476E1,9.817634125E0
6.934228375E1,5.768404541E0,1.280826508E1,9.225315857E0
6.935230275E1,5.979166260E0,1.324625427E1,8.852890320E0
6.936232175E1,6.101461945E0,1.371328308E1,8.449778595E0
6.937234075E1,6.263574829E0,1.414603317E1,8.427774353E0
6.938235975E1,6.284381561E0,1.439062454E1,8.714577942E0
6.939237975E1,6.191574554E0,1.430006287E1,9.205257568E0
6.940239875E1,6.020031281E0,1.383932098E1,9.600136414E0
6.941241775E1,5.777834930E0,1.343516144E1,9.878108368E0
6.942243675E1,5.500162354E0,1.316452423E1,9.997110901E0
6.943245575E1,5.460494843E0,1.307441162E1,1.005623795E1
6.944247475E1,5.611231384E0,1.330029190E1,9.782008209E0
6.945249375E1,5.787864075E0,1.365984421E1,9.685608673E0
6.946251375E1,5.965993652E0,1.402718033E1,9.534722443E0
6.947253275E1,6.030808868E0,1.436203400E1,9.433981934E0
6.948255175E1,6.083948364E0,1.446771423E1,9.415869598E0
6.949257075E1,6.169270935E0,1.463461716E1,9.786349182E0
6.950258975E1,6.162684631E0,1.435305267E1,1.016431320E1
6.951260875E1,6.041436768E0,1.398392029E1,1.049527496E1
6.952262775E1,5.799988861E0,1.362317047E1,1.063463516E1
6.953264775E1,5.427563324E0,1.303100189E1,1.046039749E1
6.954266675E1,5.189707947E0,1.269480103E1,1.005219635E1
6.955268575E1,5.323080597E0,1.278940430E1,9.796528015E0
6.956270475E1,5.540129242E0,1.333442093E1,9.682614899E0
6.957272375E1,5.809868317E0,1.395757507E1,9.340127106E0
6.958274275E1,6.101911011E0,1.458626770E1,9.344617767E0
6.959276175E1,6.217021637E0,1.482801498E1,9.421258392E0
6.960278175E1,6.089636536E0,1.478071335E1,9.446855164E0
6.961280075E1,5.855673065E0,1.460617630E1,9.679770813E0
6.962281975E1,5.733527069E0,1.414977539E1,9.987830200E0
6.963283875E1,5.761069794E0,1.398856064E1,1.043135788E1
6.964285775E1,5.414540405E0,1.367181931E1,1.082144669E1
6.965287675E1,5.221292267E0,1.319670731E1,1.084404968E1
6.966289575E1,5.091961212E0,1.301678146E1,1.049542465E1
6.967291575E1,5.070106659E0,1.320583832E1,9.967771912E0
6.968293475E1,5.337450714E0,1.362481705E1,9.458081818E0
6.969295375E1,5.742508392E0,1.415202072E1,9.216484222E0
6.970297275E1,5.989644470E0,1.438703201E1,9.237740021E0
6.971299175E1,6.011798401E0,1.444286591E1,9.434580688E0
6.972301075E1,5.862409058E0,1.413151337E1,9.760153656E0
6.973302975E1,5.589376831E0,1.374666367E1,1.008827133E1
6.974304875E1,5.314997406E0,1.349084564E1,1.036444702E1
6.975306875E1,5.191653900E0,1.319326447E1,1.040336609E1
6.976308775E1,5.290448456E0,1.309836182E1,1.021730301E1
6.977310675E1,5.583389282E0,1.321122711E1,1.000938538E1
6.978312575E1,5.759722595E0,1.345417191E1,9.620793457E0
6.979314475E1,5.889053650E0,1.368095032E1,9.247469788E0
6.980316375E1,5.968388672E0,1.376866791E1,9.062604218E0
6.981318275E1,6.084547119E0,1.380653915E1,9.151968384E0
6.982320275E1,6.145470428E0,1.380878448E1,9.438771973E0
6.983322175E1,6.038293304E0,1.371642654E1,9.784403229E0
6.984324075E1,5.919590149E0,1.346330292E1,9.975256348E0
6.985325975E1,5.879323883E0,1.319491104E1,1.012404694E1
6.986327875E1,5.819298706E0,1.294313461E1,1.022538620E1
6.987329775E1,5.683231659E0,1.271261398E1,9.977501678E0
6.988331675E1,5.573060760E0,1.264255966E1,9.476044464E0
6.989333675E1,5.591771851E0,1.269944138E1,9.000333710E0
6.990335575E1,5.616021423E0,1.304357574E1,8.754095764E0
6.991337475E1,5.596112823E0,1.332469116E1,8.715027008E0
6.992339375E1,5.556145935E0,1.341779755E1,8.895401917E0
6.993341275E1,5.472020874E0,1.347318237E1,9.198222198E0
6.994343175E1,5.354814606E0,1.335612579E1,9.479187927E0
6.995345075E1,5.218298492E0,1.310270279E1,9.673184509E0
6.996347075E1,5.143903198E0,1.284493881E1,9.827663269E0
6.997348975E1,5.109474792E0,1.260244308E1,9.765093384E0
6.998350875E1,5.081782379E0,1.244047989E1,9.562863922E0
6.999352775E1,5.097499695E0,1.241907440E1,9.329499207E0
7.000354675E1,5.189857635E0,1.253343658E1,9.142837372E0
7.001356575E1,5.300028534E0,1.259570709E1,8.945397949E0
7.002358475E1,5.445975037E0,1.257894196E1,8.717871094E0
7.003360475E1,5.578000488E0,1.259450958E1,8.580456848E0
7.004362375E1,5.666466522E0,1.261920822E1,8.563242645E0
7.005364275E1,5.697901154E0,1.248059647E1,8.642577667E0
7.006366175E1,5.623805237E0,1.237386841E1,8.795260162E0
7.007368075E1,5.609135742E0,1.229094086E1,8.982071686E0
7.008369975E1,5.587580566E0,1.208841202E1,9.101822662E0
7.009371875E1,5.468877411E0,1.200368820E1,9.139095154E0
7.010373875E1,5.307512970E0,1.193587921E1,9.148824921E0
7.011375775E1,5.244344330E0,1.189546326E1,9.094338226E0
7.012377675E1,5.177283783E0,1.176448563E1,8.954828339E0
7.013379575E1,5.115162964E0,1.164353714E1,8.715176697E0
7.014381475E1,5.083878021E0,1.155836426E1,8.568182373E0
7.015383275E1,5.125491486E0,1.165835632E1,8.419691162E0
7.016385175E1,5.142406311E0,1.177316757E1,8.465046844E0
7.017387175E1,5.099595337E0,1.173245224E1,8.498427429E0
7.018389075E1,5.047503662E0,1.171927963E1,8.614136810E0
7.019390975E1,4.957540741E0,1.157991943E1,8.709039459E0
7.020392875E1,4.834197235E0,1.140942398E1,8.735384674E0
7.021394775E1,4.726720734E0,1.126587250E1,8.772208099E0
7.022396675E1,4.610262909E0,1.117830460E1,8.752000122E0
7.023398575E1,4.563560028E0,1.113564331E1,8.658444672E0
7.024400575E1,4.561763763E0,1.105541016E1,8.430468750E0
7.025402475E1,4.645439758E0,1.099822906E1,8.184530182E0
7.026404375E1,4.711302795E0,1.104223755E1,8.034691772E0
7.027406275E1,4.752018127E0,1.097891922E1,7.914342041E0
7.028408175E1,4.728966064E0,1.096829132E1,7.874375153E0
7.029410075E1,4.649481354E0,1.089359665E1,7.891888733E0
7.030411975E1,4.598886566E0,1.075184143E1,7.910450134E0
7.031413975E1,4.641398163E0,1.060140427E1,7.919132080E0
7.032415875E1,4.737947388E0,1.054946228E1,7.921976166E0
7.033417775E1,4.828808441E0,1.047761169E1,7.930957489E0
7.034419675E1,4.849615173E0,1.041863434E1,7.832013245E0
7.035421575E1,4.789889374E0,1.035726196E1,7.852670288E0
7.036423475E1,4.727469177E0,1.031295410E1,7.900570679E0
7.037425475E1,4.651576996E0,1.028496231E1,7.906857605E0
7.038427375E1,4.523144073E0,1.023317001E1,7.937094727E0
7.039429275E1,4.402794342E0,1.006806335E1,7.867788849E0
7.040431175E1,4.360582123E0,9.843380585E0,7.663613434E0
7.041433075E1,4.354444885E0,9.673633575E0,7.428452454E0
7.042434975E1,4.363575897E0,9.729766846E0,7.296277313E0
7.043436875E1,4.365372162E0,9.707912292E0,7.234306183E0
7.044438875E1,4.319567413E0,9.651329956E0,7.202721863E0
7.045440775E1,4.233346710E0,9.661808167E0,7.227420502E0
7.046442675E1,4.182153168E0,9.588011627E0,7.216942291E0
7.047444575E1,4.130809937E0,9.509724426E0,7.155869293E0
7.048446475E1,4.099375305E0,9.493258667E0,7.157515869E0
7.049448375E1,4.132755890E0,9.438472595E0,7.251370697E0
7.050450275E1,4.113146667E0,9.429042206E0,7.303013306E0
7.051452175E1,4.053271179E0,9.343569946E0,7.312144318E0
7.052454175E1,3.991300049E0,9.147477722E0,7.212601318E0
7.053456075E1,3.924838257E0,9.051676941E0,7.158414001E0
7.054457975E1,3.854634247E0,9.002579041E0,7.120243378E0
7.055459875E1,3.782633972E0,8.918753357E0,7.045399017E0
7.056461775E1,3.748954010E0,8.806786194E0,6.950945435E0
7.057463675E1,3.799548798E0,8.750802612E0,6.877448273E0
7.058465675E1,3.859873352E0,8.837622070E0,6.869215393E0
7.059467575E1,3.900738373E0,8.903934174E0,6.867868195E0
7.060469475E1,3.944896545E0,8.838220825E0,6.837331696E0
7.061471375E1,3.988156586E0,8.700357513E0,6.809190216E0
7.062473275E1,4.000730438E0,8.559650116E0,6.741830292E0
7.063475175E1,3.945046234E0,8.477171631E0,6.737639008E0
7.064477075E1,3.843108215E0,8.267607422E0,6.642886047E0
7.065479075E1,3.720812531E0,8.067473602E0,6.620881805E0
7.066480975E1,3.611390076E0,7.999814301E0,6.635700989E0
7.067482875E1,3.486549683E0,7.965086517E0,6.580166473E0
7.068484775E1,3.331771545E0,7.973169708E0,6.526428223E0
7.069486675E1,3.247496796E0,7.955805817E0,6.331084442E0
7.070488575E1,3.231330414E0,7.973169708E0,6.166426849E0
7.071490475E1,3.185226288E0,8.128995667E0,6.080954590E0
7.072492475E1,3.138673096E0,8.185877380E0,5.949976959E0
7.073494375E1,3.138673096E0,8.197403412E0,5.876629486E0
7.074496275E1,3.183879089E0,8.096363525E0,5.829178162E0
7.075498175E1,3.212319946E0,7.864944763E0,5.714067535E0
7.076500075E1,3.211122437E0,7.791447601E0,5.772745514E0
7.077501975E1,3.195255432E0,7.663763123E0,5.937702484E0
7.078503875E1,3.222498779E0,7.530390472E0,6.164630585E0
7.079505875E1,3.277584229E0,7.398215332E0,6.416556702E0
7.080507775E1,3.273842010E0,7.244335327E0,6.539600830E0
7.081509675E1,3.241509247E0,7.253616028E0,6.484515381E0
7.082511575E1,3.162922668E0,7.349716187E0,6.354735260E0
7.083513475E1,3.104394379E0,7.342531128E0,6.103557587E0
7.084515375E1,3.185375977E0,7.328759766E0,5.910159760E0
7.085517275E1,3.226989441E0,7.346273346E0,5.762117615E0
7.086519275E1,3.250191193E0,7.299570465E0,5.653892670E0
7.087521175E1,3.257825317E0,7.244634705E0,5.532195740E0
7.088523075E1,3.179538116E0,7.174730072E0,5.432802429E0
7.089524975E1,2.998863831E0,7.032525787E0,5.397326202E0
7.090526875E1,2.919079742E0,6.864125977E0,5.375471649E0
7.091528775E1,2.888543243E0,6.762786713E0,5.468428345E0
7.092530675E1,2.943329315E0,6.680457916E0,5.580245819E0
7.093532675E1,2.998564453E0,6.606362000E0,5.729934540E0
7.094534575E1,3.001857605E0,6.581363983E0,5.786516876E0
7.095536475E1,2.919079742E0,6.511159973E0,5.770051117E0
7.096538375E1,2.883154449E0,6.499933319E0,5.673950958E0
7.097540275E1,2.829266510E0,6.611301727E0,5.511538696E0
7.098542175E1,2.794538727E0,6.617289276E0,5.410049744E0
7.099544075E1,2.721939697E0,6.668033752E0,5.334606628E0
7.100546075E1,2.631378021E0,6.702013092E0,5.205874329E0
7.101547975E1,2.623893585E0,6.697223053E0,5.046156464E0
7.102549875E1,2.658621368E0,6.699169006E0,4.990621948E0
7.103551775E1,2.696492615E0,6.616989899E0,4.949457550E0
7.104553675E1,2.706222382E0,6.556365967E0,4.929548950E0
7.105555575E1,2.627486115E0,6.497987366E0,5.014422455E0
7.106557475E1,2.589764557E0,6.327342224E0,5.088368683E0
7.107559475E1,2.588567047E0,6.234535217E0,5.179529114E0
7.108561375E1,2.592009888E0,6.180048523E0,5.341941376E0
7.109563275E1,2.628084869E0,6.110443268E0,5.359155579E0
7.110565175E1,2.673590240E0,6.097120972E0,5.299429779E0
7.111567075E1,2.748883667E0,6.145620117E0,5.250331879E0
7.112568975E1,2.835703125E0,6.215075684E0,5.194947052E0
7.113570875E1,2.877316589E0,6.248007202E0,5.156776428E0
7.114572875E1,2.820734253E0,6.292764130E0,5.144052887E0
7.115574787E1,2.696642303E0,6.286626892E0,4.993915100E0
7.116576687E1,2.619552612E0,6.251599731E0,4.809498596E0
7.117578587E1,2.568957825E0,6.244863739E0,4.632566528E0
7.118580487E1,2.548300781E0,6.186934204E0,4.542304230E0
7.119582387E1,2.545756073E0,6.197262726E0,4.588408356E0
7.120584387E1,2.494712219E0,6.146368561E0,4.695286102E0
7.121586287E1,2.418820038E0,6.023923187E0,4.794978790E0
7.122588187E1,2.398911438E0,5.889053650E0,4.915927277E0
7.123590087E1,2.435435486E0,5.770799561E0,5.014272766E0
7.124591987E1,2.535128174E0,5.648952942E0,5.041216736E0
7.125593887E1,2.617606659E0,5.598058777E0,5.068609772E0
7.126595788E1,2.693947906E0,5.678740997E0,5.140759735E0
7.127597687E1,2.834655304E0,5.797893219E0,5.177433472E0
7.128599687E1,2.935994568E0,5.970334625E0,5.247787170E0
7.129601587E1,2.907404022E0,6.086493073E0,5.228776703E0
7.130603487E1,2.688259735E0,6.154302063E0,5.077591095E0
7.131605387E1,2.439327393E0,6.109994202E0,4.817132721E0
7.132607288E1,2.265838165E0,5.985902252E0,4.516108704E0
7.133609187E1,2.209106140E0,5.859415283E0,4.392615509E0
7.134611187E1,2.277813263E0,5.835016022E0,4.464915161E0
7.135613087E1,2.350112915E0,5.818101196E0,4.658762054E0
7.136614987E1,2.426903229E0,5.818400574E0,4.878954163E0
7.137616887E1,2.520758057E0,5.803731079E0,5.027744751E0
7.138618788E1,2.595602417E0,5.731431427E0,5.088218994E0
7.139620687E1,2.677332458E0,5.783373413E0,5.132377167E0
7.140622587E1,2.681374054E0,5.877826996E0,5.119953003E0
7.141624587E1,2.708467712E0,5.935157776E0,5.106630707E0
7.142626487E1,2.739602966E0,5.971981201E0,5.102439423E0
7.143628387E1,2.750829620E0,5.981860657E0,5.019661560E0
7.144630288E1,2.750679932E0,6.025869141E0,4.897515564E0
7.145632187E1,2.669249268E0,6.045328674E0,4.823419647E0
7.146634087E1,2.622097321E0,6.011798401E0,4.838538208E0
7.147635987E1,2.603685608E0,5.939349060E0,4.924160156E0
7.148637987E1,2.571203156E0,5.826633453E0,5.012027435E0
7.149639887E1,2.571502533E0,5.788462830E0,5.109774170E0
7.150641788E1,2.538271637E0,5.767506409E0,5.146447906E0
7.151643687E1,2.521207123E0,5.818250885E0,4.993016968E0
7.152645587E1,2.558928680E0,5.961203613E0,4.893773346E0
7.153647487E1,2.685265961E0,6.073769531E0,4.803960114E0
7.154649387E1,2.853216705E0,6.169869690E0,4.782404938E0
7.155651387E1,2.922522583E0,6.251899109E0,4.819527740E0
7.156653288E1,2.931952972E0,6.261778564E0,4.866080933E0
7.157655187E1,2.923121338E0,6.199358368E0,4.863835602E0
7.158657087E1,2.875370636E0,6.059100037E0,4.841681671E0
7.159658988E1,2.822829895E0,5.951024780E0,4.738546143E0
7.160660887E1,2.797682190E0,5.959407349E0,4.654421082E0
7.161662787E1,2.777174835E0,6.030210114E0,4.662204895E0
7.162664788E1,2.814297638E0,6.160888367E0,4.774770813E0
7.163666687E1,2.859054565E0,6.320456543E0,4.984335022E0
7.164668587E1,2.856659546E0,6.432274017E0,5.179229736E0
7.165670488E1,2.791245575E0,6.403833160E0,5.184468842E0
7.166672387E1,2.729573822E0,6.428531799E0,5.183421021E0
7.167674287E1,2.706372070E0,6.464756470E0,5.175337830E0
7.168676187E1,2.716401215E0,6.489455109E0,5.129982147E0
7.169678187E1,2.755919037E0,6.575526123E0,5.122647400E0
7.170680087E1,2.806513824E0,6.608307953E0,5.121599579E0
7.171681988E1,2.853665771E0,6.606062622E0,5.175936584E0
7.172683887E1,2.897524567E0,6.597530365E0,5.283413086E0
7.173685787E1,2.899470520E0,6.588549042E0,5.378914490E0
7.174687687E1,2.918930054E0,6.572831726E0,5.426216125E0
7.175689587E1,2.938988342E0,6.613696747E0,5.490133209E0
7.176691587E1,2.950065308E0,6.642287292E0,5.469476166E0
7.177693488E1,2.966082001E0,6.701863403E0,5.418881378E0
7.178695387E1,2.997666321E0,6.816824341E0,5.341641998E0
7.179697287E1,3.085084534E0,6.913523254E0,5.292693787E0
7.180699187E1,3.191513214E0,7.032076721E0,5.310357056E0
7.181701087E1,3.265160065E0,7.068451080E0,5.393134918E0
7.182702987E1,3.281027069E0,7.127727814E0,5.479654999E0
7.183704988E1,3.236419830E0,7.194938049E0,5.549709320E0
7.184706887E1,3.175197144E0,7.195836182E0,5.582341461E0
7.185708787E1,3.141517181E0,7.143894196E0,5.561534729E0
7.186710687E1,3.135529633E0,7.193291473E0,5.633684692E0
7.187712587E1,3.118614807E0,7.230863342E0,5.692212982E0
7.188714487E1,3.142265625E0,7.278763733E0,5.728437653E0
7.189716387E1,3.185675354E0,7.344028015E0,5.773044891E0
7.190718387E1,3.230132904E0,7.364984436E0,5.748945007E0
7.191720287E1,3.268004150E0,7.429051208E0,5.747747498E0
7.192722187E1,3.288361816E0,7.529192963E0,5.780679016E0
7.193724087E1,3.298840027E0,7.611372070E0,5.769602051E0
7.194725987E1,3.349584503E0,7.628586273E0,5.795049133E0
7.195727887E1,3.361260223E0,7.706274719E0,5.850583649E0
7.196729787E1,3.375929718E0,7.742649078E0,5.896837463E0
7.197731787E1,3.372935944E0,7.784412231E0,5.935457153E0
7.198733687E1,3.363206177E0,7.824229431E0,5.943540344E0
7.199735587E1,3.338507538E0,7.926616516E0,6.038143616E0
7.200737487E1,3.296744385E0,7.982899475E0,6.167624359E0
7.201739387E1,3.294349365E0,7.976313171E0,6.226901093E0
7.202741287E1,3.297941895E0,8.041128387E0,6.338718567E0
7.203743187E1,3.357368317E0,8.137827301E0,6.398294678E0
7.204745187E1,3.479664001E0,8.218060455E0,6.406527557E0
7.205747087E1,3.583847351E0,8.318800964E0,6.348747711E0
7.206748987E1,3.670966187E0,8.471633148E0,6.310427399E0
7.207750887E1,3.714824982E0,8.605155487E0,6.253695374E0
7.208752787E1,3.718118134E0,8.741372223E0,6.288273468E0
7.209754687E1,3.700005798E0,8.745713196E0,6.386618958E0
7.210756587E1,3.695664825E0,8.718170471E0,6.496640167E0
7.211758587E1,3.685036926E0,8.654702454E0,6.533613281E0
7.212760487E1,3.706442413E0,8.667276306E0,6.550528107E0
7.213762387E1,3.769461365E0,8.741372223E0,6.616091766E0
7.214764287E1,3.802841949E0,8.770711212E0,6.611152039E0
7.215766204E1,3.845952301E0,8.855734406E0,6.654262390E0
7.216768104E1,3.898343353E0,8.885223083E0,6.694678345E0
7.217770004E1,3.965703278E0,8.948242035E0,6.792125702E0
7.218772004E1,4.049379272E0,9.038654022E0,6.852450256E0
7.219773904E1,4.112996979E0,9.187444611E0,6.989265747E0
7.220775804E1,4.127217407E0,9.318871307E0,7.060367889E0
7.221777704E1,4.098926239E0,9.357191620E0,7.080725555E0
7.222779604E1,4.106260986E0,9.447304230E0,7.098688202E0
7.223781504E1,4.126169586E0,9.560169525E0,7.050488434E0
7.224783404E1,4.186494141E0,9.686656494E0,7.004084930E0
7.225785404E1,4.180057526E0,9.752070465E0,7.010671234E0
7.226787304E1,4.134701843E0,9.806108093E0,7.046596527E0
7.227789204E1,4.074676666E0,9.855205994E0,7.153923340E0
7.228791104E1,4.046535187E0,9.876312103E0,7.278015289E0
7.229793004E1,4.085154877E0,9.829609222E0,7.375163269E0
7.230794904E1,4.197271729E0,9.824819183E0,7.387587433E0
7.231796804E1,4.312232666E0,9.954898682E0,7.413184204E0
7.232798804E1,4.410877533E0,1.006970993E1,7.372768250E0
7.233800704E1,4.493655396E0,1.018497025E1,7.323969727E0
7.234802604E1,4.511618042E0,1.037223083E1,7.363038483E0
7.235804504E1,4.522695007E0,1.045096710E1,7.452252960E0
7.236806404E1,4.538711700E0,1.047446823E1,7.535330200E0
7.237808304E1,4.479434967E0,1.053464310E1,7.598349152E0
7.238810204E1,4.452341309E0,1.062251038E1,7.703730011E0
7.239812204E1,4.504133606E0,1.062819855E1,7.772886200E0
7.240814104E1,4.543352051E0,1.063209045E1,7.869285736E0
7.241816004E1,4.586911469E0,1.063014450E1,7.926167450E0
7.242817904E1,4.643493805E0,1.066322571E1,7.927664337E0
7.243819804E1,4.703518982E0,1.074435699E1,7.970175934E0
7.244821704E1,4.764741669E0,1.082997894E1,8.008645935E0
7.245823604E1,4.835843811E0,1.093685669E1,8.076604614E0
7.246825604E1,4.905449066E0,1.102876556E1,8.121511230E0
7.247827504E1,4.981640625E0,1.112696136E1,8.140372009E0
7.248829404E1,5.032235413E0,1.123129440E1,8.117619324E0
7.249831304E1,5.013224945E0,1.125793900E1,8.041577454E0
7.250833204E1,4.935536499E0,1.134999756E1,8.050858154E0
7.251835104E1,4.915178833E0,1.141376495E1,8.105644226E0
7.252837104E1,4.919519806E0,1.145433060E1,8.292156372E0
7.253839004E1,4.972958679E0,1.145882126E1,8.486452332E0
7.254840904E1,5.001698914E0,1.151046387E1,8.590336304E0
7.255842804E1,4.973856812E0,1.155926239E1,8.543932800E0
7.256844704E1,4.962929535E0,1.163470551E1,8.490344238E0
7.257846604E1,4.979844360E0,1.173649384E1,8.550519104E0
7.258848504E1,5.043013000E0,1.182645676E1,8.624914398E0
7.259850504E1,5.127886505E0,1.189516388E1,8.651558990E0
7.260852404E1,5.176086273E0,1.202703964E1,8.701405334E0
7.261854304E1,5.170098724E0,1.206910217E1,8.690328369E0
7.262856204E1,5.149441681E0,1.207344315E1,8.695417786E0
7.263858104E1,5.147795105E0,1.206506058E1,8.732540588E0
7.264860004E1,5.141657867E0,1.209739334E1,8.809779968E0
7.265861904E1,5.137466583E0,1.217702774E1,8.854686584E0
7.266863904E1,5.203329620E0,1.220427109E1,8.849447479E0
7.267865804E1,5.277275848E0,1.223390945E1,8.877139893E0
7.268867704E1,5.295238495E0,1.231534012E1,9.001082153E0
7.269869604E1,5.347629547E0,1.238704102E1,9.113797760E0
7.270871504E1,5.358107758E0,1.239063354E1,9.207652588E0
7.271873404E1,5.294040985E0,1.246502884E1,9.226962433E0
7.272875304E1,5.280419312E0,1.255454269E1,9.219927063E0
7.273877204E1,5.309608612E0,1.252729935E1,9.112001495E0
7.274879204E1,5.331163788E0,1.256726624E1,9.079219666E0
7.275881104E1,5.389841766E0,1.265184036E1,9.149124298E0
7.276883004E1,5.510790253E0,1.273431885E1,9.219328308E0
7.277884904E1,5.550308075E0,1.283266434E1,9.368418274E0
7.278886804E1,5.515879669E0,1.289373734E1,9.558223572E0
7.279888704E1,5.390141144E0,1.286589523E1,9.729168091E0
7.280890704E1,5.275180206E0,1.281919235E1,9.835147705E0
7.281892604E1,5.227579193E0,1.282473083E1,9.882449341E0
7.282894504E1,5.234614563E0,1.290032364E1,9.945318604E0
7.283896404E1,5.333858185E0,1.294687683E1,9.976453857E0
7.284898304E1,5.482199707E0,1.295166687E1,9.913584595E0
7.285900204E1,5.637426910E0,1.297262329E1,9.801018677E0
7.286902104E1,5.759273529E0,1.303264847E1,9.779313812E0
7.287904004E1,5.804928589E0,1.306947189E1,9.836644592E0
7.288906004E1,5.790109406E0,1.303309753E1,9.850266266E0
7.289907904E1,5.692063293E0,1.304731796E1,9.931247864E0
7.290909804E1,5.482050018E0,1.308923080E1,9.878407745E0
7.291911704E1,5.750292206E0,1.344459183E1,9.677824860E0
7.292913604E1,5.858666840E0,1.350985611E1,9.267079010E0
7.293915504E1,5.996829529E0,1.376627289E1,8.567733307E0
7.294917404E1,5.959706726E0,1.438628357E1,8.316106567E0
7.295919404E1,5.837111664E0,1.482112930E1,8.432414703E0
7.296921304E1,5.483546906E0,1.459000992E1,8.582851868E0
7.297923204E1,5.017266541E0,1.352003494E1,9.025182037E0
7.298925104E1,4.865033112E0,1.264809814E1,9.539961548E0
7.299927004E1,4.989574127E0,1.226624222E1,9.876761169E0
7.300928904E1,5.397775269E0,1.268387375E1,1.007345215E1
7.301930804E1,5.771548004E0,1.341525284E1,9.977801056E0
7.302932804E1,6.165528717E0,1.397643585E1,9.425449677E0
7.303934704E1,6.348148956E0,1.434975952E1,9.035061493E0
7.304936604E1,6.235283661E0,1.433808380E1,8.775052185E0
7.305938504E1,5.999074860E0,1.405217834E1,8.837173004E0
7.306940404E1,5.620063019E0,1.365161133E1,9.212292938E0
7.307942304E1,5.189109192E0,1.325179276E1,9.745334473E0
7.308944204E1,4.901706848E0,1.287667282E1,1.016685791E1
7.309946204E1,4.965174866E0,1.279209869E1,1.038974442E1
7.310948104E1,5.225184174E0,1.305629929E1,1.047147446E1
7.311950004E1,5.673801270E0,1.341899506E1,1.024694138E1
7.312951904E1,6.077661438E0,1.370340363E1,9.859397278E0
7.313953804E1,6.321504364E0,1.378064301E1,9.488618317E0
7.314955704E1,6.423143005E0,1.372226440E1,9.236991577E0
7.315957587E1,6.293063507E0,1.360610596E1,9.302255859E0
7.316959587E1,6.049370270E0,1.341210938E1,9.620494080E0
7.317961487E1,5.777385864E0,1.325089462E1,9.974807281E0
7.318963387E1,5.631888428E0,1.308683578E1,1.015173935E1
7.319965287E1,5.645360413E0,1.308488983E1,1.007809250E1
7.320967187E1,5.708978119E0,1.333322342E1,9.794582062E0
7.321969087E1,5.822292480E0,1.364218094E1,9.466464386E0
7.322970987E1,5.950575714E0,1.368394409E1,9.135203247E0
7.323972988E1,5.966293030E0,1.356404343E1,8.980574799E0
7.324974887E1,5.824687500E0,1.346450043E1,8.954978027E0
7.325976787E1,5.672903137E0,1.348755249E1,8.990154877E0
7.326978687E1,5.545518036E0,1.355685837E1,9.141789551E0
7.327980587E1,5.490133209E0,1.346494949E1,9.198671265E0
7.328982487E1,5.417983246E0,1.341719879E1,9.125772858E0
7.329984387E1,5.314548340E0,1.336016739E1,9.009315033E0
7.330986387E1,5.310506744E0,1.339743988E1,8.974287872E0
7.331988287E1,5.361550598E0,1.337049591E1,8.908424835E0
7.332990187E1,5.404062195E0,1.326406723E1,8.810229034E0
7.333992087E1,5.383105774E0,1.331346451E1,8.806786194E0
7.334993987E1,5.397924957E0,1.323667419E1,8.770411835E0
7.335995887E1,5.414390717E0,1.315718948E1,8.775201874E0
7.336997787E1,5.422473907E0,1.320194641E1,8.907676392E0
7.337999787E1,5.400619354E0,1.318967194E1,9.130712585E0
7.339001687E1,5.351970520E0,1.310210403E1,9.367220764E0
7.340003587E1,5.322481842E0,1.299343002E1,9.587263184E0
7.341005487E1,5.328170013E0,1.281979111E1,9.656119995E0
7.342007387E1,5.378615112E0,1.261082565E1,9.554631042E0
7.343009287E1,5.435646515E0,1.249930756E1,9.446256409E0
7.344011187E1,5.505102081E0,1.246877106E1,9.251661072E0
7.345013187E1,5.546266479E0,1.248972748E1,9.043444061E0
7.346015087E1,5.502407684E0,1.243134888E1,8.805888062E0
7.347016987E1,5.452561340E0,1.233734436E1,8.643326111E0
7.348018887E1,5.388494568E0,1.234902008E1,8.596623230E0
7.349020787E1,5.371729431E0,1.231324448E1,8.608149261E0
7.350022687E1,5.219196625E0,1.232312393E1,8.680149536E0
7.351024587E1,5.139412537E0,1.245440094E1,8.805289307E0
7.352026587E1,5.098547516E0,1.252580246E1,8.915609894E0
7.353028487E1,5.098996582E0,1.251682114E1,9.057215424E0
7.354030387E1,5.084626465E0,1.236907837E1,9.125323792E0
7.355032287E1,5.018164673E0,1.210847031E1,9.081464996E0
7.356034187E1,4.935536499E0,1.185669388E1,8.882229309E0
7.357036087E1,4.925507355E0,1.173948761E1,8.610095215E0
7.358037987E1,4.883594513E0,1.176568314E1,8.330476685E0
7.359039987E1,4.821623383E0,1.191297684E1,8.160280609E0
7.360041887E1,4.755011902E0,1.194111832E1,8.023165741E0
7.361043787E1,4.732857971E0,1.187450684E1,8.029752045E0
7.362045687E1,4.707111511E0,1.190549240E1,8.153694305E0
7.363047587E1,4.773273926E0,1.189636139E1,8.290360107E0
7.364049487E1,4.814737701E0,1.187989563E1,8.478818207E0
7.365051387E1,4.799619141E0,1.184666473E1,8.667126617E0
7.366053387E1,4.715643768E0,1.159399017E1,8.733438721E0
7.367055287E1,4.552483063E0,1.117590958E1,8.527317352E0
7.368057187E1,4.346511383E0,1.082279388E1,8.142617340E0
7.369059087E1,4.215833130E0,1.055919205E1,7.641160126E0
7.370060987E1,4.205504608E0,1.045545776E1,7.203470306E0
7.371062887E1,4.373754730E0,1.061322968E1,6.891968079E0
7.372064787E1,4.628674622E0,1.106319397E1,6.805298309E0
7.373066787E1,4.802163849E0,1.144295425E1,6.931785278E0
7.374068687E1,4.885690155E0,1.162123352E1,7.273973694E0
7.375070587E1,4.869823151E0,1.166584076E1,7.758516083E0
7.376072487E1,4.704566803E0,1.143996048E1,8.236621857E0
7.377074387E1,4.384682007E0,1.100346817E1,8.610244904E0
7.378076287E1,4.113595734E0,1.051638107E1,8.803642731E0
7.379078187E1,3.917802887E0,1.009231293E1,8.757089539E0
7.380080187E1,3.779640198E0,9.740843811E0,8.423732758E0
7.381082087E1,3.811074829E0,9.540111237E0,7.958649902E0
7.382083987E1,3.987408142E0,9.532626801E0,7.487280121E0
7.383085887E1,4.170477448E0,9.632918243E0,7.068750458E0
7.384087787E1,4.359085236E0,9.755962372E0,6.847360840E0
7.385089687E1,4.449796600E0,9.873468018E0,6.710844727E0
7.386091588E1,4.395609283E0,1.004022125E1,6.667584686E0
7.387093587E1,4.302353210E0,1.017389328E1,6.734046478E0
7.388095487E1,4.257147217E0,1.020757324E1,6.881190491E0
7.389097387E1,4.165986786E0,1.012075378E1,7.092251587E0
7.390099287E1,3.997287598E0,9.870474243E0,7.310647430E0
7.391101187E1,3.898343353E0,9.487570496E0,7.571854248E0
7.392103088E1,3.760480042E0,9.237290955E0,7.721093903E0
7.393104987E1,3.673959961E0,9.033564606E0,7.624245300E0
7.394106987E1,3.671564941E0,8.901239777E0,7.417974243E0
7.395108887E1,3.687731323E0,8.843160553E0,7.011120300E0
7.396110787E1,3.744313660E0,8.891809387E0,6.687193909E0
7.397112687E1,3.789070587E0,8.958720245E0,6.442452850E0
7.398114588E1,3.856879578E0,8.902437286E0,6.223308563E0
7.399116487E1,3.957021332E0,8.801547089E0,5.990243225E0
7.400118387E1,3.967798920E0,8.707093506E0,5.986501007E0
7.401120288E1,3.889511719E0,8.625662842E0,6.048322449E0
7.402122287E1,3.722459106E0,8.405321045E0,6.135590973E0
7.403124187E1,3.610042877E0,8.286168823E0,6.369255066E0
7.404126088E1,3.498524780E0,8.179291077E0,6.655459900E0
7.405127987E1,3.452270966E0,8.084837494E0,6.953639832E0
7.406129887E1,3.501967621E0,7.872578888E0,7.105723572E0
7.407131788E1,3.559298401E0,7.701334991E0,7.076234894E0
7.408133687E1,3.561094666E0,7.707621918E0,6.890171814E0
7.409135687E1,3.569477234E0,7.699089661E0,6.591093750E0
7.410137587E1,3.666026459E0,7.667205963E0,6.201454010E0
7.411139487E1,3.677402802E0,7.575596466E0,5.803282013E0
7.412141387E1,3.658242645E0,7.497309265E0,5.527106323E0
7.413143288E1,3.585344238E0,7.474855957E0,5.331612854E0
7.414145187E1,3.501817932E0,7.540269928E0,5.327421570E0
7.415147087E1,3.399131470E0,7.473508759E0,5.421725464E0
7.416149038E1,3.304079132E0,7.441625061E0,5.619763641E0
7.417150937E1,3.189417572E0,7.286248169E0,5.724845123E0
7.418152837E1,3.094664612E0,7.122638397E0,5.796246643E0
7.419154737E1,3.054248657E0,6.999294891E0,5.786965942E0
7.420156637E1,3.073109436E0,6.916816406E0,5.809868317E0
7.421158537E1,3.117566986E0,6.776109009E0,5.782325592E0
7.422160437E1,3.138523407E0,6.651118927E0,5.715414734E0
7.423162437E1,3.124752045E0,6.595734100E0,5.700146484E0
7.424164337E1,3.105741577E0,6.563251648E0,5.688321075E0
7.425166237E1,3.019371185E0,6.419251099E0,5.493126984E0
7.426168137E1,2.919379120E0,6.274801483E0,5.331912231E0
7.427170037E1,2.888243866E0,6.139931946E0,5.297783203E0
7.428171937E1,2.859803009E0,6.123316498E0,5.276976471E0
7.429173837E1,2.848127289E0,6.087989960E0,5.288801880E0
7.430175837E1,2.860252075E0,5.976022797E0,5.237159271E0
7.431177737E1,2.864143982E0,5.907016296E0,5.139262848E0
7.432179637E1,2.855012970E0,5.892945557E0,5.103038177E0
7.433181537E1,2.846780090E0,5.827681274E0,5.032385101E0
7.434183437E1,2.801873474E0,5.775888977E0,5.004393311E0
7.435185337E1,2.763702850E0,5.690416718E0,5.047503662E0
7.436187237E1,2.761008453E0,5.567073212E0,4.975353699E0
7.437189137E1,2.757565613E0,5.418731689E0,4.852010193E0
7.438191137E1,2.747686157E0,5.366640015E0,4.682412872E0
7.439193037E1,2.708318024E0,5.365442505E0,4.558470612E0
7.440194937E1,2.716550903E0,5.367388458E0,4.542902985E0
7.441196837E1,2.737207947E0,5.251230011E0,4.566703491E0
7.442198737E1,2.743943939E0,5.117408295E0,4.500990143E0
7.443200637E1,2.737357635E0,4.972808990E0,4.356390839E0
7.444202537E1,2.711162109E0,4.943919067E0,4.339476013E0
7.445204537E1,2.664758606E0,4.896767120E0,4.355941772E0
7.446206437E1,2.588417358E0,4.796026611E0,4.352947998E0
7.447208337E1,2.476150818E0,4.761448517E0,4.418212280E0
7.448210237E1,2.329605560E0,4.681814117E0,4.443509674E0
7.449212137E1,2.177372131E0,4.501139832E0,4.361629944E0
7.450214037E1,2.102827148E0,4.447401581E0,4.338428192E0
7.451215937E1,2.066452789E0,4.353546753E0,4.281097412E0
7.452217937E1,2.075134735E0,4.304748230E0,4.203858032E0
7.453219837E1,2.068099365E0,4.392465820E0,4.202959900E0
7.454221737E1,2.076182556E0,4.454137573E0,4.269122314E0
7.455223637E1,2.108365631E0,4.353696442E0,4.284689941E0
7.456225537E1,2.096839600E0,4.264781342E0,4.229005737E0
7.457227437E1,2.051483917E0,4.146527252E0,4.143683167E0
7.458229337E1,2.063608704E0,4.040248260E0,4.124223633E0
7.459231337E1,2.116748199E0,3.985462189E0,4.033512268E0
7.460233237E1,2.162253571E0,3.926035767E0,4.032314758E0
7.461235137E1,2.196681976E0,3.874842224E0,4.064946899E0
7.462237037E1,2.186952209E0,3.789819031E0,4.092639313E0
7.463238937E1,2.183509369E0,3.620970154E0,4.061354370E0
7.464240837E1,2.145189056E0,3.503464508E0,3.995940399E0
7.465242737E1,2.060914307E0,3.428769836E0,3.845503235E0
7.466244737E1,2.009870453E0,3.365301819E0,3.718866577E0
7.467246637E1,1.978136444E0,3.340902557E0,3.617677002E0
7.468248537E1,1.975442047E0,3.275787964E0,3.567980347E0
7.469250437E1,1.990560608E0,3.220103760E0,3.514990540E0
7.470252337E1,2.052082672E0,3.217259674E0,3.481011200E0
7.471254237E1,2.079326019E0,3.229833527E0,3.439098358E0
7.472256137E1,2.077978821E0,3.277135162E0,3.459006958E0
7.473258037E1,2.052831116E0,3.242557068E0,3.426524506E0
7.474260037E1,1.950893097E0,3.177592163E0,3.325185242E0
7.475261937E1,1.900447998E0,3.147055664E0,3.246748352E0
7.476263837E1,1.830543365E0,3.088677063E0,3.180136871E0
7.477265737E1,1.727707214E0,3.005450134E0,3.118465118E0
7.478267637E1,1.731449432E0,2.935844879E0,3.180436249E0
7.479269537E1,1.749561768E0,2.868185577E0,3.301534424E0
7.480271437E1,1.694626007E0,2.797233124E0,3.353027344E0
7.481273437E1,1.634002075E0,2.798580322E0,3.403771820E0
7.482275337E1,1.591340790E0,2.742746429E0,3.434308319E0
7.483277237E1,1.572180634E0,2.764301605E0,3.411555634E0
7.484279137E1,1.557511139E0,2.740800476E0,3.447630615E0
7.485281037E1,1.528022461E0,2.698139191E0,3.454965363E0
7.486282937E1,1.544039154E0,2.672542419E0,3.359014893E0
7.487284838E1,1.515598297E0,2.553689575E0,3.193309479E0
7.488286837E1,1.500030670E0,2.491119690E0,3.009491730E0
7.489288737E1,1.520687714E0,2.544408875E0,2.995870056E0
7.490290637E1,1.519190826E0,2.564616852E0,3.051404572E0
7.491292537E1,1.538949738E0,2.530188446E0,3.103196869E0
7.492294437E1,1.530567169E0,2.561623077E0,3.173849945E0
7.493296338E1,1.451980591E0,2.603835297E0,3.165617065E0
7.494298237E1,1.382525024E0,2.533930664E0,3.135379944E0
7.495300137E1,1.380130005E0,2.437531128E0,3.125799866E0
7.496302137E1,1.441053314E0,2.457589417E0,3.124153290E0
7.497304037E1,1.491348724E0,2.410138092E0,3.134032745E0
7.498305937E1,1.581161957E0,2.351160736E0,3.026705933E0
7.499307838E1,1.638642426E0,2.261796570E0,2.849324799E0
7.500309737E1,1.628164215E0,2.291584625E0,2.625390472E0
7.501311637E1,1.582808533E0,2.254611511E0,2.521955566E0
7.502313537E1,1.559157715E0,2.241588593E0,2.547103271E0
7.503315537E1,1.520687714E0,2.207609253E0,2.678829346E0
7.504317437E1,1.410816193E0,2.181862793E0,2.849324799E0
7.505319338E1,1.305585022E0,2.161654816E0,2.995121613E0
7.506321237E1,1.202000427E0,2.170037384E0,3.057242432E0
7.507323137E1,1.117426300E0,2.179168396E0,3.032394104E0
7.508325037E1,1.102158051E0,2.238594818E0,3.035537567E0
7.509326937E1,1.081950073E0,2.245630188E0,3.060086517E0
7.510328937E1,1.105002136E0,2.305056610E0,3.070714417E0
7.511330838E1,1.143621826E0,2.311792603E0,2.970872040E0
7.512332737E1,1.141975250E0,2.318678284E0,2.849324799E0
7.513334637E1,1.229842529E0,2.303410034E0,2.810854797E0
7.514336537E1,1.330583038E0,2.280507660E0,2.852617950E0
7.515338512E1,1.404529266E0,2.309696960E0,2.931503906E0
7.516340412E1,1.397194519E0,2.266137543E0,2.987487488E0
7.517342412E1,1.418300629E0,2.294728088E0,2.985691223E0
7.518344312E1,1.430874481E0,2.305655365E0,2.993025970E0
7.519346212E1,1.457668762E0,2.343376923E0,3.048410797E0
7.520348112E1,1.435215454E0,2.328408051E0,3.086282043E0
7.521350012E1,1.424138489E0,2.322121124E0,3.079546051E0
7.522351912E1,1.465751953E0,2.203867035E0,2.996917877E0
7.523353813E1,1.489103394E0,2.099234619E0,2.851570129E0
7.524355712E1,1.625918884E0,2.019450531E0,2.809956665E0
7.525357712E1,1.627116394E0,1.976340179E0,2.765798492E0
7.526359612E1,1.571432190E0,2.036814423E0,2.685715027E0
7.527361512E1,1.559906158E0,2.123484192E0,2.737657013E0
7.528363412E1,1.503323822E0,2.185455322E0,2.779420166E0
7.529365313E1,1.394799500E0,2.262245636E0,2.747237091E0
7.530367212E1,1.323098602E0,2.354453888E0,2.714155884E0
7.531369112E1,1.250948639E0,2.380050659E0,2.640958099E0
7.532371112E1,1.289867706E0,2.431543579E0,2.679577789E0
7.533373012E1,1.335522766E0,2.497705994E0,2.744842072E0
7.534374912E1,1.374591522E0,2.617756348E0,2.879861298E0
7.535376813E1,1.454225922E0,2.694097595E0,3.068319397E0
7.536378712E1,1.462309113E0,2.740351410E0,3.192710724E0
7.537380612E1,1.417402496E0,2.766397247E0,3.318449249E0
7.538382512E1,1.376238098E0,2.712209930E0,3.376977539E0
7.539384512E1,1.342408447E0,2.610271912E0,3.403173065E0
7.540386412E1,1.370549927E0,2.419269104E0,3.322041779E0
7.541388313E1,1.429078217E0,2.275118866E0,3.167263641E0
7.542390212E1,1.492546234E0,2.366428986E0,3.141816559E0
7.543392112E1,1.555565186E0,2.434836731E0,3.197201385E0
7.544394012E1,1.610351257E0,2.531535645E0,3.354374542E0
7.545395912E1,1.632355499E0,2.634222107E0,3.453618164E0
7.546397812E1,1.572779388E0,2.728076935E0,3.484454041E0
7.547399813E1,1.568438416E0,2.806962891E0,3.469634857E0
7.548401712E1,1.597178650E0,2.864593048E0,3.374133453E0
7.549403612E1,1.638492737E0,2.914439392E0,3.340752869E0
7.550405512E1,1.651665344E0,2.887645111E0,3.209775238E0
7.551407412E1,1.592238922E0,2.957400055E0,3.081342316E0
7.552409312E1,1.560654602E0,3.140918427E0,3.154839478E0
7.553411212E1,1.573527832E0,3.182831268E0,3.309168549E0
7.554413212E1,1.609902191E0,3.176694031E0,3.511697388E0
7.555415112E1,1.650767212E0,3.177741852E0,3.708388367E0
7.556417012E1,1.670825500E0,3.133284302E0,3.829037476E0
7.557418912E1,1.648222504E0,3.092868347E0,3.832180939E0
7.558420812E1,1.597328339E0,2.995271301E0,3.657194824E0
7.559422712E1,1.591490479E0,3.016676788E0,3.355272675E0
7.560424612E1,1.715283051E0,3.135080566E0,3.157833252E0
7.561426512E1,1.832189941E0,3.312012634E0,3.049308929E0
7.562428512E1,2.013163605E0,3.600762177E0,3.117117920E0
7.563430412E1,2.150278473E0,3.750001831E0,3.303929443E0
7.564432312E1,2.180066528E0,3.813320160E0,3.595074005E0
7.565434212E1,2.129022675E0,3.868704987E0,3.902684326E0
7.566436112E1,2.094743958E0,3.867956543E0,4.039050751E0
7.567438012E1,1.945204926E0,3.835923157E0,4.101021881E0
7.568439912E1,1.915566559E0,3.822900238E0,4.087998962E0
7.569441912E1,1.836381226E0,3.729045410E0,3.917503510E0
7.570443812E1,1.842817841E0,3.764072571E0,3.734733582E0
7.571445712E1,1.884730682E0,3.968098297E0,3.653302917E0
7.572447612E1,1.925296326E0,4.194876709E0,3.738924866E0
7.573449512E1,1.990859985E0,4.418062592E0,4.000730438E0
7.574451412E1,2.040556641E0,4.538412323E0,4.237987061E0
7.575453312E1,2.121837616E0,4.599784698E0,4.434079285E0
7.576455312E1,2.190993805E0,4.475543060E0,4.355642395E0
7.577457212E1,2.229912872E0,4.430187378E0,4.127367096E0
7.578459112E1,2.304607544E0,4.438270569E0,4.018543396E0
7.579461012E1,2.435585175E0,4.473148041E0,3.883973236E0
7.580462912E1,2.568209381E0,4.512965240E0,3.738326111E0
7.581464812E1,2.702180786E0,4.568200378E0,3.717669067E0
7.582466712E1,2.762655029E0,4.584366760E0,3.741619263E0
7.583468612E1,2.706072693E0,4.590653687E0,3.873345337E0
7.584470612E1,2.584525452E0,4.638853455E0,4.058809662E0
7.585472512E1,2.512375488E0,4.711003418E0,4.248764648E0
7.586474412E1,2.487377472E0,4.885540466E0,4.496649170E0
7.587476312E1,2.512375488E0,5.133424988E0,4.825365601E0
7.588478212E1,2.576442261E0,5.277425537E0,5.060975647E0
7.589480112E1,2.692151642E0,5.452261963E0,5.268294525E0
7.590482012E1,2.763553162E0,5.509592743E0,5.318589935E0
7.591484012E1,2.782114563E0,5.510790253E0,5.192552032E0
7.592485912E1,2.762056274E0,5.538632355E0,4.966522064E0
7.593487812E1,2.753224640E0,5.477110291E0,4.672234039E0
7.594489712E1,2.795436859E0,5.493576050E0,4.494104462E0
7.595491612E1,2.796933746E0,5.649402008E0,4.464466095E0
7.596493512E1,2.829116821E0,5.805976410E0,4.560266876E0
7.597495412E1,2.856210480E0,5.895190887E0,4.709656219E0
7.598497412E1,2.884651337E0,5.927224274E0,4.824467468E0
7.599499312E1,2.839295654E0,6.063740387E0,4.942871246E0
7.600501212E1,2.847378845E0,6.180946655E0,4.968168640E0
7.601503112E1,2.948418732E0,6.242618408E0,5.005291443E0
7.602505012E1,3.022963715E0,6.326593781E0,5.027744751E0
7.603506912E1,3.048111420E0,6.357729034E0,5.015619965E0
7.604508812E1,3.044518890E0,6.432723083E0,5.022505646E0
7.605510712E1,3.027154999E0,6.530020752E0,5.128784637E0
7.606512712E1,3.093317413E0,6.554869080E0,5.268593903E0
7.607514612E1,3.199746094E0,6.463858337E0,5.486840057E0
7.608516512E1,3.356470184E0,6.485563202E0,5.705535278E0
7.609518412E1,3.495381317E0,6.511758728E0,5.787714386E0
7.610520312E1,3.595373383E0,6.578968964E0,5.736071777E0
7.611522212E1,3.673510895E0,6.736890564E0,5.618416443E0
7.612524113E1,3.682043152E0,6.977440338E0,5.423222351E0
7.613526112E1,3.655398560E0,7.181016998E0,5.360203400E0
7.614528012E1,3.597918091E0,7.439230042E0,5.457201691E0
7.615529962E1,3.574117584E0,7.580536194E0,5.645809479E0
7.616531862E1,3.547023926E0,7.599546661E0,5.907465363E0
7.617533762E1,3.542682953E0,7.617509308E0,6.150859222E0
7.618535662E1,3.570824432E0,7.560178528E0,6.295907593E0
7.619537562E1,3.657943268E0,7.537276154E0,6.280489655E0
7.620539462E1,3.788471832E0,7.549700317E0,6.194568329E0
7.621541462E1,3.872147827E0,7.547305298E0,5.949976959E0
7.622543362E1,3.888164520E0,7.662266235E0,5.686824188E0
7.623545262E1,3.869902496E0,7.819439392E0,5.520520020E0
7.624547162E1,3.911515961E0,8.000562744E0,5.454806671E0
7.625549062E1,3.970193939E0,8.218509521E0,5.555098114E0
7.626550962E1,3.996688843E0,8.532406769E0,5.887856140E0
7.627552863E1,4.083957367E0,8.729097748E0,6.363267517E0
7.628554862E1,4.095034332E0,8.788224792E0,6.705455933E0
7.629556762E1,4.076472931E0,8.684640198E0,6.934779053E0
7.630558662E1,4.154610443E0,8.518485718E0,7.047644348E0
7.631560562E1,4.257596283E0,8.463250580E0,6.979535980E0
7.632562462E1,4.283342743E0,8.463100891E0,6.908583527E0
7.633564363E1,4.225862274E0,8.500074005E0,6.774911499E0
7.634566262E1,4.151766357E0,8.576415253E0,6.584058380E0
7.635568162E1,4.106410675E0,8.682095490E0,6.454128571E0
7.636570162E1,4.139042816E0,8.936117249E0,6.530769196E0
7.637572062E1,4.209995270E0,9.255552979E0,6.693480835E0
7.638573962E1,4.307292938E0,9.446406097E0,6.845863953E0
7.639575863E1,4.395459595E0,9.543105011E0,7.019053802E0
7.640577762E1,4.443060608E0,9.549391937E0,7.141199799E0
7.641579662E1,4.478087769E0,9.436526642E0,7.074887695E0
7.642581562E1,4.548142090E0,9.510323181E0,7.024442596E0
7.643583562E1,4.680616608E0,9.511520691E0,6.932683411E0
7.644585462E1,4.766088867E0,9.529034271E0,6.902146912E0
7.645587363E1,4.824916534E0,9.594597931E0,6.938371582E0
7.646589262E1,4.905449066E0,9.664652252E0,7.051236877E0
7.647591162E1,4.964875488E0,9.851314087E0,7.256310425E0
7.648593063E1,4.966671753E0,9.944121094E0,7.379803619E0
7.649594962E1,4.961133270E0,1.002659958E1,7.503296814E0
7.650596962E1,4.938530273E0,1.009455826E1,7.574398956E0
7.651598863E1,4.908442841E0,1.005728577E1,7.571854248E0
7.652600762E1,4.811893616E0,1.013153137E1,7.587272186E0
7.653602662E1,4.779261475E0,1.024709106E1,7.688611450E0
7.654604563E1,4.875810699E0,1.038181091E1,7.801177368E0
7.655606462E1,4.948110352E0,1.043779449E1,7.905809784E0
7.656608362E1,4.979994049E0,1.048240173E1,8.036338348E0
7.657610262E1,4.978646851E0,1.051144135E1,8.036787415E0
7.658612262E1,5.026397552E0,1.051443512E1,7.908953247E0
7.659614162E1,5.036576385E0,1.064002396E1,7.843239899E0
7.660616063E1,5.030738525E0,1.087114334E1,7.873477020E0
7.661617962E1,5.085225220E0,1.092398346E1,7.884703674E0
7.662619862E1,5.126688995E0,1.095197525E1,7.934100952E0
7.663621762E1,5.147795105E0,1.104672821E1,8.051905975E0
7.664623662E1,5.129533081E0,1.110899872E1,8.131240997E0
7.665625662E1,5.023703156E0,1.109388016E1,8.132887573E0
7.666627563E1,4.945565643E0,1.117231705E1,8.153394928E0
7.667629462E1,4.945266266E0,1.130104935E1,8.264164581E0
7.668631362E1,5.176984406E0,1.143951141E1,8.529412994E0
7.669633262E1,5.307512970E0,1.150492538E1,8.843459930E0
7.670635162E1,5.467829590E0,1.175086395E1,9.488169250E0
7.671637062E1,5.428760834E0,1.173589508E1,1.027837601E1
7.672639063E1,5.268144836E0,1.121063736E1,1.092727661E1
7.673640962E1,5.078189850E0,1.024469604E1,1.112097382E1
7.674642862E1,4.891528015E0,9.211843872E0,1.082488953E1
7.675644762E1,4.771028595E0,8.677604828E0,1.013048355E1
7.676646662E1,4.896617432E0,9.041198730E0,9.245972900E0
7.677648562E1,5.237009583E0,9.963430939E0,8.513695679E0
7.678650462E1,5.662125549E0,1.090078171E1,8.084687805E0
7.679652362E1,5.962251434E0,1.181837357E1,7.840844879E0
7.680654362E1,6.062093811E0,1.268477188E1,7.819289703E0
7.681656262E1,5.921685791E0,1.313144302E1,8.012238464E0
7.682658162E1,5.623505859E0,1.306483154E1,8.276289368E0
7.683660062E1,5.341192932E0,1.278356644E1,8.885672150E0
7.684661962E1,5.091811523E0,1.236413864E1,9.497599640E0
7.685663862E1,5.044509888E0,1.187824905E1,1.002630020E1
7.686665762E1,5.181624756E0,1.149235153E1,1.037118301E1
7.687667762E1,5.293292542E0,1.123219254E1,1.038959473E1
7.688669662E1,5.288801880E0,1.096679443E1,1.011671219E1
7.689671562E1,5.319787445E0,1.083701431E1,9.610315247E0
7.690673462E1,5.470673676E0,1.122979752E1,9.235494690E0
7.691675362E1,5.539680176E0,1.177361664E1,9.079968109E0
7.692677262E1,5.517077179E0,1.217987183E1,9.116342468E0
7.693679162E1,5.520520020E0,1.239497452E1,9.297615509E0
7.694681062E1,5.591472473E0,1.238719070E1,9.467512207E0
7.695683062E1,5.713468781E0,1.229737747E1,9.551487579E0
7.696684962E1,5.689967651E0,1.213092361E1,9.772428131E0
7.697686862E1,5.529501343E0,1.171299271E1,9.820178833E0
7.698688762E1,5.559139709E0,1.152648056E1,9.807006226E0
7.699690662E1,5.659431152E0,1.164189056E1,9.785001984E0
7.700692562E1,5.766458588E0,1.178544205E1,9.721833344E0
7.701694462E1,5.802383881E0,1.181762512E1,9.539961548E0
7.702696462E1,5.707181854E0,1.176703033E1,9.180109863E0
7.703698362E1,5.632786560E0,1.167527115E1,8.843908997E0
7.704700262E1,5.644611969E0,1.174906769E1,8.663534088E0
7.705702162E1,5.743406525E0,1.208990891E1,8.681796112E0
7.706704062E1,5.900579681E0,1.260588593E1,8.928932190E0
7.707705962E1,6.127507782E0,1.312665298E1,9.509125671E0
7.708707862E1,6.190227356E0,1.325553497E1,1.009740234E1
7.709709862E1,6.168971558E0,1.294373337E1,1.057925034E1
7.710711762E1,6.073021088E0,1.229153961E1,1.090003326E1
7.711713662E1,5.809419250E0,1.148591492E1,1.084060684E1
7.712715562E1,5.423372040E0,1.076097244E1,1.040635986E1
7.713717462E1,5.193150787E0,1.047761169E1,9.694889374E0
7.714719362E1,5.202730865E0,1.075558365E1,8.934171295E0
7.715721150E1,5.475613403E0,1.126153152E1,8.346643066E0
7.716723050E1,5.850733337E0,1.200728073E1,8.148754578E0
7.717725050E1,6.100414124E0,1.266336639E1,8.243208160E0
7.718726950E1,6.239175568E0,1.317096085E1,8.556057587E0
7.719728850E1,6.131100311E0,1.341106155E1,9.124275970E0
7.720730750E1,5.910459137E0,1.338860825E1,9.843081207E0
7.721732650E1,5.685177612E0,1.299866913E1,1.050320847E1
7.722734550E1,5.444927216E0,1.232447113E1,1.086829926E1
7.723736450E1,5.227130127E0,1.146630569E1,1.083476898E1
7.724738450E1,5.095104675E0,1.079091019E1,1.044108765E1
7.725740350E1,5.083728333E0,1.074076447E1,9.874665527E0
7.726742250E1,5.276677094E0,1.126317810E1,9.287137299E0
7.727744150E1,5.549859009E0,1.186507645E1,8.824449463E0
7.728746050E1,5.791007538E0,1.224154358E1,8.601712646E0
7.729747950E1,5.942941589E0,1.242117004E1,8.565188599E0
7.730749850E1,5.991291046E0,1.249257156E1,8.738977203E0
7.731751850E1,5.901627502E0,1.241473343E1,9.054521027E0
7.732753750E1,5.722150726E0,1.227716949E1,9.404193878E0
7.733755650E1,5.506149902E0,1.201506454E1,9.700727234E0
7.734757550E1,5.426515503E0,1.171733368E1,9.819580078E0
7.735759450E1,5.471871185E0,1.149339935E1,9.767937469E0
7.736761350E1,5.521418152E0,1.149759064E1,9.633516998E0
7.737763250E1,5.503605194E0,1.146645538E1,9.306147766E0
7.738765150E1,5.506598969E0,1.153950348E1,9.008566589E0
7.739767150E1,5.578599243E0,1.164174088E1,8.806486816E0
7.740769050E1,5.698649597E0,1.175011551E1,8.820557556E0
7.741770950E1,5.812562714E0,1.185310135E1,8.944649506E0
7.742772850E1,5.921985168E0,1.183394119E1,9.127868500E0
7.743774750E1,5.944887543E0,1.173829010E1,9.232201538E0
7.744776650E1,5.937253418E0,1.164757874E1,9.279652863E0
7.745778550E1,5.875282288E0,1.164144150E1,9.315428467E0
7.746780550E1,5.740412750E0,1.158575729E1,9.365873566E0
7.747782450E1,5.545368347E0,1.148082550E1,9.362730103E0
7.748784350E1,5.373675385E0,1.138682098E1,9.328750763E0
7.749786250E1,5.248535614E0,1.122874969E1,9.209299164E0
7.750788150E1,5.221591644E0,1.119327347E1,9.087602234E0
7.751790050E1,5.209466858E0,1.117426300E1,9.056167603E0
7.752791950E1,5.229225769E0,1.102741837E1,8.981023865E0
7.753793850E1,5.254523163E0,1.096380066E1,8.892857208E0
7.754795850E1,5.269042969E0,1.100391724E1,8.834777985E0
7.755797750E1,5.260211334E0,1.117890335E1,8.838071136E0
7.756799650E1,5.230273590E0,1.129730713E1,8.879085846E0
7.757801550E1,5.179080048E0,1.128997238E1,8.872499542E0
7.758803450E1,5.143753510E0,1.120869141E1,8.763077087E0
7.759805350E1,5.169350281E0,1.117561020E1,8.706644440E0
7.760807250E1,5.262007599E0,1.114252899E1,8.657396851E0
7.761809250E1,5.345533905E0,1.107846222E1,8.658594360E0
7.762811150E1,5.375172272E0,1.094718521E1,8.665929108E0
7.763813050E1,5.354066162E0,1.088716003E1,8.720116425E0
7.764814950E1,5.292095032E0,1.076576248E1,8.777596893E0
7.765816850E1,5.240153046E0,1.057206528E1,8.740174713E0
7.766818750E1,5.213209076E0,1.046219376E1,8.670719147E0
7.767820650E1,5.210364990E0,1.043539948E1,8.570876770E0
7.768822650E1,5.223387909E0,1.038974442E1,8.488547974E0
7.769824550E1,5.203479309E0,1.030636780E1,8.408015442E0
7.770826450E1,5.220992889E0,1.025442581E1,8.276139679E0
7.771828350E1,5.149591370E0,1.026580215E1,8.186027069E0
7.772830250E1,5.088069305E0,1.038196060E1,8.174201660E0
7.773832150E1,5.033133545E0,1.038450531E1,8.193062439E0
7.774834050E1,4.988526306E0,1.032927017E1,8.141120453E0
7.775835950E1,4.935237122E0,1.036145325E1,8.242310028E0
7.776837950E1,4.892875214E0,1.034483780E1,8.308322754E0
7.777839850E1,4.843627625E0,1.030277527E1,8.368347931E0
7.778841750E1,4.846471710E0,1.022763153E1,8.389454041E0
7.779843650E1,4.858446808E0,1.023481659E1,8.426127777E0
7.780845550E1,4.826712799E0,1.018661682E1,8.414152679E0
7.781847450E1,4.776567078E0,1.008363098E1,8.368647308E0
7.782849350E1,4.693938904E0,9.829609222E0,8.200097809E0
7.783851350E1,4.615202637E0,9.615853729E0,8.065228271E0
7.784853250E1,4.564308472E0,9.379794617E0,7.860005035E0
7.785855150E1,4.505630493E0,9.231004028E0,7.623646545E0
7.786857050E1,4.513264618E0,9.302555237E0,7.354655914E0
7.787858950E1,4.764292603E0,9.773475952E0,7.235054626E0
7.788860850E1,4.898413696E0,9.945168915E0,7.223827972E0
7.789862750E1,4.936284943E0,1.007090744E1,7.133565674E0
7.790864750E1,4.951403503E0,1.026310776E1,7.074139252E0
7.791866650E1,4.905449066E0,1.044932053E1,7.062164154E0
7.792868550E1,4.793332214E0,1.030247589E1,7.112010498E0
7.793870450E1,4.677772522E0,1.007809250E1,7.158863068E0
7.794872350E1,4.462969208E0,9.704768829E0,7.163054352E0
7.795874250E1,4.290527802E0,9.237440643E0,7.044351196E0
7.796876150E1,4.158652039E0,9.075627136E0,7.010521545E0
7.797878050E1,4.185296631E0,9.014404449E0,7.141050110E0
7.798880050E1,4.364623718E0,9.098529510E0,7.204069061E0
7.799881950E1,4.505031738E0,9.164392548E0,7.078779602E0
7.800883850E1,4.510270844E0,9.266480255E0,7.081473999E0
7.801885750E1,4.458927612E0,9.348359985E0,6.900799713E0
7.802887650E1,4.393663330E0,9.419312439E0,6.860234070E0
7.803889550E1,4.286037140E0,9.539213104E0,6.745123444E0
7.804891450E1,4.155508575E0,9.470655670E0,6.650071106E0
7.805893450E1,4.127965851E0,9.260941772E0,6.564598846E0
7.806895350E1,4.111799469E0,9.062604218E0,6.479725342E0
7.807897250E1,4.048481140E0,8.968899078E0,6.611750793E0
7.808899150E1,3.820056152E0,8.988358612E0,6.782395935E0
7.809901050E1,3.682192841E0,8.933123474E0,6.790928192E0
7.810902950E1,3.580853577E0,8.769513702E0,6.796167297E0
7.811904850E1,3.497327271E0,8.698112183E0,6.810537415E0
7.812906750E1,3.435206451E0,8.652157745E0,6.773713989E0
7.813908750E1,3.411705322E0,8.488248596E0,6.867269440E0
7.814910650E1,3.440295868E0,8.578959961E0,6.903643799E0
7.815912587E1,3.441343689E0,8.434360657E0,6.658303986E0
7.816914487E1,3.487447815E0,8.340655518E0,6.601721649E0
7.817916388E1,3.491489410E0,8.228388977E0,6.562054138E0
7.818918287E1,3.486250305E0,8.061486053E0,6.424190826E0
7.819920187E1,3.523223419E0,8.123307495E0,6.538852386E0
7.820922188E1,3.542383575E0,8.162675629E0,6.744824066E0
7.821924087E1,3.482957153E0,8.188871155E0,6.904990997E0
7.822925987E1,3.345393219E0,8.169710999E0,7.069498901E0
7.823927888E1,3.210074615E0,7.971373444E0,7.275171204E0
7.824929787E1,3.242706757E0,7.722590790E0,7.319778442E0
7.825931687E1,3.062182159E0,7.425758057E0,7.309000854E0
7.826933587E1,2.888992310E0,7.326514435E0,7.328310699E0
7.827935587E1,2.752176819E0,7.409142609E0,7.263196106E0
7.828937487E1,2.748284912E0,7.411986694E0,6.988068237E0
7.829939388E1,2.778222656E0,7.510781250E0,6.609355774E0
7.830941287E1,2.816093903E0,7.671397247E0,6.369704132E0
7.831943187E1,2.920127563E0,7.726482697E0,6.274801483E0
7.832945087E1,2.996019745E0,7.803422699E0,6.262826385E0
7.833946987E1,2.968177643E0,7.908504181E0,6.414760437E0
7.834948987E1,2.944826202E0,7.855963440E0,6.664291534E0
7.835950888E1,2.945125580E0,7.725883942E0,6.852899323E0
7.836952787E1,2.940185852E0,7.591912537E0,6.973548431E0
7.837954687E1,2.885399780E0,7.383845215E0,6.903943176E0
7.838956587E1,2.785108337E0,7.209308167E0,6.692582703E0
7.839958487E1,2.648143158E0,7.092101898E0,6.564000092E0
7.840960387E1,2.633623352E0,6.994055786E0,6.430477753E0
7.841962287E1,2.651436310E0,7.010222168E0,6.429280243E0
7.842964287E1,2.712509308E0,6.973847809E0,6.460415497E0
7.843966187E1,2.756368103E0,6.968459015E0,6.486910400E0
7.844968087E1,2.755020905E0,7.094646606E0,6.603517914E0
7.845969987E1,2.726879425E0,7.156767426E0,6.658603363E0
7.846971887E1,2.690804443E0,7.077282715E0,6.659800873E0
7.847973787E1,2.680026855E0,6.994654541E0,6.644382935E0
7.848975687E1,2.674787750E0,6.897805939E0,6.649023285E0
7.849977687E1,2.686014404E0,6.790479126E0,6.540798340E0
7.850979587E1,2.695594482E0,6.697223053E0,6.408024445E0
7.851981487E1,2.610870667E0,6.683900757E0,6.320905609E0
7.852983387E1,2.520308990E0,6.622827759E0,6.232439575E0
7.853985287E1,2.476749573E0,6.569987640E0,6.232439575E0
7.854987187E1,2.367925873E0,6.508914642E0,6.245462494E0
7.855989087E1,2.318827972E0,6.407725067E0,6.280789032E0
7.856991087E1,2.359094238E0,6.362519073E0,6.351442108E0
7.857992987E1,2.476450195E0,6.471492462E0,6.551725616E0
7.858994887E1,2.630030823E0,6.519991608E0,6.582860870E0
7.859996787E1,2.690954132E0,6.569239197E0,6.473438416E0
7.860998687E1,2.708767090E0,6.605014801E0,6.449039154E0
7.862000587E1,2.700534210E0,6.622079315E0,6.431076508E0
7.863002487E1,2.664758606E0,6.597829742E0,6.343059540E0
7.864004387E1,2.628384247E0,6.450086975E0,6.242319031E0
7.865006387E1,2.569406891E0,6.264772339E0,6.104755096E0
7.866008287E1,2.491269379E0,6.177204437E0,6.031257935E0
7.867010187E1,2.405797119E0,6.175258484E0,6.028713226E0
7.868012087E1,2.345921631E0,6.196663971E0,6.123466187E0
7.869013987E1,2.265688477E0,6.273304596E0,6.228996735E0
7.870015887E1,2.216590576E0,6.312073975E0,6.273603973E0
7.871017787E1,2.123633881E0,6.240822144E0,6.246809692E0
7.872019787E1,2.103276215E0,6.223757629E0,6.145470428E0
7.873021687E1,2.123633881E0,6.137985992E0,6.005212097E0
7.874023587E1,2.157014465E0,6.171067200E0,5.878126373E0
7.875025487E1,2.216590576E0,6.229445801E0,5.934559021E0
7.876027387E1,2.257156219E0,6.287824402E0,6.018983459E0
7.877029287E1,2.301015015E0,6.313421173E0,6.016887817E0
7.878031187E1,2.274520111E0,6.287375336E0,5.994434509E0
7.879033187E1,2.232008514E0,6.206693115E0,5.953270111E0
7.880035087E1,2.204765167E0,6.183940430E0,5.869594116E0
7.881036987E1,2.213147736E0,6.199508057E0,5.895789642E0
7.882038887E1,2.255509644E0,6.264622650E0,5.968089294E0
7.883040787E1,2.244732056E0,6.221512299E0,6.051316223E0
7.884042687E1,2.194286957E0,6.217620392E0,6.118376770E0
7.885044587E1,2.260898438E0,6.155649261E0,6.035598907E0
7.886046587E1,2.328707428E0,6.138135681E0,6.054908752E0
7.887048487E1,2.428998871E0,6.164780273E0,6.089337158E0
7.888050387E1,2.534379730E0,6.100114746E0,6.157295837E0
7.889052287E1,2.624791718E0,6.015839996E0,6.232289886E0
7.890054187E1,2.641706543E0,6.133046265E0,6.178401947E0
7.891056087E1,2.620899811E0,6.234535217E0,6.141279144E0
7.892057988E1,2.559826813E0,6.235283661E0,6.058351593E0
7.893059887E1,2.446512451E0,6.181096344E0,5.798941040E0
7.894061887E1,2.458936615E0,6.131549377E0,5.683531036E0
7.895063787E1,2.430196381E0,6.140381012E0,5.796546021E0
7.896065687E1,2.444117432E0,6.170618134E0,5.875881042E0
7.897067587E1,2.515369263E0,6.277795258E0,6.067033539E0
7.898069488E1,2.519710236E0,6.281537476E0,6.129453735E0
7.899071387E1,2.532433777E0,6.264023895E0,6.051914978E0
7.900073287E1,2.497256927E0,6.348298645E0,6.020779724E0
7.901075287E1,2.431393890E0,6.385571136E0,5.871390381E0
7.902077187E1,2.424208832E0,6.299350433E0,5.836662598E0
7.903079087E1,2.371069336E0,6.323450317E0,5.896089020E0
7.904080988E1,2.187251587E0,6.328689423E0,5.874234467E0
7.905082887E1,2.069147186E0,6.250701599E0,5.981561279E0
7.906084787E1,2.073488159E0,6.265371094E0,5.892945557E0
7.907086688E1,2.106269989E0,6.277944946E0,5.881868591E0
7.908088687E1,2.100581818E0,6.333629150E0,6.029162292E0
7.909090587E1,2.121538239E0,6.368955688E0,6.151607666E0
7.910092487E1,2.179467773E0,6.388415222E0,6.205046539E0
7.911094387E1,2.230212250E0,6.369404755E0,6.260581055E0
7.912096287E1,2.190245361E0,6.404581604E0,6.267317047E0
7.913098188E1,2.294877777E0,6.389762421E0,6.149512024E0
7.914100087E1,2.307751007E0,6.360273743E0,6.056405640E0
7.915102087E1,2.310295715E0,6.363267517E0,6.055507507E0
7.916104012E1,2.373464355E0,6.387816467E0,6.180647278E0
7.917105912E1,2.407593384E0,6.506819000E0,6.206094360E0
7.918107812E1,2.371069336E0,6.639293518E0,6.327042847E0
7.919109713E1,2.459685059E0,6.723568268E0,6.329288177E0
7.920111612E1,2.515968018E0,6.673871613E0,6.260880432E0
7.921113512E1,2.472408600E0,6.573131104E0,6.413562927E0
7.922115512E1,2.617007904E0,6.501430206E0,6.477480011E0
7.923117412E1,2.736160126E0,6.436315613E0,6.169570312E0
7.924119312E1,2.811603241E0,6.513255615E0,5.832621002E0
7.925121213E1,2.777773590E0,6.825805664E0,5.463638306E0
7.926123112E1,2.474055176E0,6.919959869E0,5.287604370E0
7.927125012E1,2.562970276E0,6.984176331E0,5.301525421E0
7.928126913E1,2.493963776E0,7.011569366E0,5.490432587E0
7.929128812E1,2.121388550E0,7.200775909E0,5.676196289E0
7.930130812E1,1.864073639E0,7.154222717E0,6.200555878E0
7.931132713E1,1.700763245E0,6.804100800E0,6.558611298E0
7.932134612E1,1.488354950E0,6.811585236E0,6.852599945E0
7.933136512E1,1.356179810E0,6.841522980E0,7.331903229E0
7.934138413E1,1.347497864E0,6.916966095E0,7.603438568E0
7.935140312E1,1.389261017E0,7.028184814E0,7.745792542E0
7.936142212E1,1.388961639E0,7.044800262E0,7.528893585E0
7.937144213E1,1.540147247E0,7.140601044E0,7.182064819E0
7.938146112E1,1.685644684E0,7.253166962E0,6.671027527E0
7.939148012E1,1.872156830E0,7.422165527E0,6.136189728E0
7.940149913E1,2.148182831E0,7.526348877E0,5.786067810E0
7.941151812E1,2.520608368E0,7.593259735E0,5.772745514E0
7.942153712E1,2.759361877E0,7.811505890E0,5.967191162E0
7.943155612E1,2.839894409E0,7.891289978E0,6.485862579E0
7.944157612E1,2.883453827E0,7.744295654E0,6.875352631E0
7.945159512E1,2.769241333E0,7.602839813E0,7.129224701E0
7.946161413E1,2.588267670E0,7.527845764E0,7.087910614E0
7.947163312E1,2.610870667E0,7.408094788E0,6.935527496E0
7.948165212E1,2.634521484E0,7.340884552E0,6.672674103E0
7.949167112E1,2.701881409E0,7.414681091E0,6.515950012E0
7.950169012E1,2.847079468E0,7.552993469E0,6.562353516E0
7.951170912E1,3.012335815E0,7.610773315E0,6.583309937E0
7.952172913E1,3.096909943E0,7.702682190E0,6.596033478E0
7.953174812E1,3.136128387E0,7.717052307E0,6.705455933E0
7.954176712E1,3.110381927E0,7.767497406E0,6.815327454E0
7.955178612E1,3.041974182E0,7.779023438E0,6.946604462E0
7.956180512E1,2.887196045E0,7.788304138E0,7.070995789E0
7.957182412E1,2.744243317E0,7.763904877E0,7.246131592E0
7.958184312E1,2.755020905E0,7.758665771E0,7.438930664E0
7.959186312E1,2.755469971E0,7.855813751E0,7.547754364E0
7.960188212E1,2.759661255E0,7.917934570E0,7.600295105E0
7.961190112E1,2.803669739E0,7.957302704E0,7.551795959E0
7.962192012E1,2.848426666E0,8.040379944E0,7.409142609E0
7.963193912E1,2.890339508E0,8.172405396E0,7.295379181E0
7.964195812E1,2.907553711E0,8.311915283E0,7.285499725E0
7.965197712E1,2.916085968E0,8.395740967E0,7.262148285E0
7.966199712E1,2.897674255E0,8.485554199E0,7.294481049E0
7.967201612E1,2.831062775E0,8.498726807E0,7.398814087E0
7.968203512E1,2.761307831E0,8.490793304E0,7.446564789E0
7.969205412E1,2.715203705E0,8.462502136E0,7.505691833E0
7.970207312E1,2.715353394E0,8.419691162E0,7.705526276E0
7.971209212E1,2.804567871E0,8.444988556E0,7.814200287E0
7.972211112E1,2.856210480E0,8.475075989E0,7.936795349E0
7.973213112E1,2.949017487E0,8.495583344E0,7.947572937E0
7.974215012E1,3.057691498E0,8.530161438E0,7.893984375E0
7.975216912E1,3.148402863E0,8.615633698E0,7.821235657E0
7.976218812E1,3.214116211E0,8.732690277E0,7.838000793E0
7.977220712E1,3.243455200E0,8.809031525E0,7.899073792E0
7.978222612E1,3.247047729E0,8.849148102E0,7.882308655E0
7.979224512E1,3.213068390E0,8.877588959E0,7.944728851E0
7.980226412E1,3.126697998E0,8.999734955E0,7.983498230E0
7.981228412E1,3.096311188E0,9.029523010E0,7.990832977E0
7.982230312E1,3.121758270E0,9.034911804E0,8.019573212E0
7.983232212E1,3.162174225E0,9.023385773E0,8.046816559E0
7.984234112E1,3.184028778E0,9.025930481E0,8.068371735E0
7.985236012E1,3.219954071E0,9.060957642E0,8.081244965E0
7.986237912E1,3.226240997E0,9.166937256E0,8.137527924E0
7.987239812E1,3.232976990E0,9.286837921E0,8.197702789E0
7.988241812E1,3.296744385E0,9.309590607E0,8.201894073E0
7.989243712E1,3.325634308E0,9.410181427E0,8.283624115E0
7.990245612E1,3.326981506E0,9.512568512E0,8.358318787E0
7.991247512E1,3.343147888E0,9.568552094E0,8.431067505E0
7.992249412E1,3.386557617E0,9.545949097E0,8.485105133E0
7.993251312E1,3.423979797E0,9.506580963E0,8.458310852E0
7.994253212E1,3.439697113E0,9.543254700E0,8.412655792E0
7.995255112E1,3.439846802E0,9.637708282E0,8.330177307E0
7.996257112E1,3.457959137E0,9.740245056E0,8.247698822E0
7.997259012E1,3.447929993E0,9.846673737E0,8.214916992E0
7.998260912E1,3.422183533E0,9.934241638E0,8.302634583E0
7.999262812E1,3.423680420E0,1.001148102E1,8.496331787E0
8.000264712E1,3.391347656E0,1.009845016E1,8.692424011E0
8.001266612E1,3.320395203E0,1.006506958E1,8.818461914E0
8.002268513E1,3.248993683E0,1.004351440E1,8.910520477E0
8.003270512E1,3.233725433E0,1.002121078E1,8.951684875E0
8.004272412E1,3.294648743E0,1.005983047E1,8.916657715E0
8.005274312E1,3.383713531E0,1.014230896E1,8.874146118E0
8.006276212E1,3.439697113E0,1.024858795E1,8.843459930E0
8.007278112E1,3.462300110E0,1.032672546E1,8.836723938E0
8.008280013E1,3.563489685E0,1.028795609E1,8.910370789E0
8.009281912E1,3.548371124E0,1.032927017E1,8.965605927E0
8.010283912E1,3.600911865E0,1.030681686E1,8.910969543E0
8.011285812E1,3.632196808E0,1.037312897E1,9.042545929E0
8.012287712E1,3.585493927E0,1.052416489E1,8.928034058E0
8.013289612E1,3.627855835E0,1.057805283E1,8.980574799E0
8.014291513E1,3.646267548E0,1.069076843E1,8.912765808E0
8.015293412E1,3.702101440E0,1.070603668E1,8.864266663E0
8.016295312E1,3.720363464E0,1.076531342E1,9.005572815E0
8.017297312E1,3.710783386E0,1.078911392E1,9.173673248E0
8.018299212E1,3.710633698E0,1.081770447E1,9.212891693E0
8.019301112E1,3.697610779E0,1.083536774E1,9.276210022E0
8.020303012E1,3.702550507E0,1.083476898E1,9.351653137E0
8.021304912E1,3.782783661E0,1.080258591E1,9.354347534E0
8.022306812E1,3.787723389E0,1.086291046E1,9.284742279E0
8.023308713E1,3.781586151E0,1.103056183E1,9.193132782E0
8.024310612E1,3.845802612E0,1.106723557E1,9.311237183E0
8.025312612E1,3.841162262E0,1.103565125E1,9.328750763E0
8.026314512E1,3.814068604E0,1.096020813E1,9.225465546E0
8.027316412E1,3.780987396E0,1.086096451E1,9.095386047E0
8.028318312E1,3.751947784E0,1.091260712E1,9.175170135E0
8.029320213E1,3.757186890E0,1.105181763E1,9.442963257E0
8.030322112E1,3.808979187E0,1.126692032E1,9.686506805E0
8.031324012E1,3.733236694E0,1.139250916E1,9.772727509E0
8.032326012E1,3.625161438E0,1.158680511E1,9.803413696E0
8.033327912E1,3.524570618E0,1.164922531E1,9.531129913E0
8.034329812E1,3.489094391E0,1.154489227E1,9.192833405E0
8.035331713E1,3.400778046E0,1.152258865E1,8.867410126E0
8.036333612E1,3.591331787E0,1.157722504E1,8.380472717E0
8.037335512E1,3.878285065E0,1.114073273E1,7.758516083E0
8.038337412E1,4.126768341E0,1.100062408E1,7.158863068E0
8.039339412E1,4.489763489E0,1.189546326E1,6.957382050E0
8.040341312E1,4.670138397E0,1.363664246E1,6.961273956E0
8.041343213E1,4.572691040E0,1.544667847E1,7.051835632E0
8.042345112E1,4.323010254E0,1.603031479E1,7.639064484E0
8.043347012E1,4.173171844E0,1.469598953E1,7.279512177E0
8.044348912E1,3.616180115E0,1.249691254E1,6.761439514E0
8.045350812E1,2.981949005E0,1.075752960E1,6.934479675E0
8.046352712E1,2.511177979E0,9.695937195E0,7.648045807E0
8.047354713E1,2.301015015E0,9.676477661E0,8.456813965E0
8.048356612E1,2.604434052E0,1.040142014E1,9.242979126E0
8.049358512E1,3.480262756E0,1.146750320E1,9.890682220E0
8.050360412E1,4.464166718E0,1.280766632E1,1.022194336E1
8.051362312E1,4.839885406E0,1.355326584E1,1.005878265E1
8.052364212E1,4.733307037E0,1.323652451E1,9.296867065E0
8.053366112E1,4.403243408E0,1.249317032E1,8.325536957E0
8.054368112E1,4.114194489E0,1.190145081E1,7.486681366E0
8.055370012E1,3.969744873E0,1.183139648E1,7.265591125E0
8.056371912E1,3.792363739E0,1.186088516E1,7.562723236E0
8.057373812E1,3.604205017E0,1.199306030E1,8.028704224E0
8.058375712E1,3.432212677E0,1.205173828E1,8.368497620E0
8.059377612E1,3.355422363E0,1.195473999E1,8.643775177E0
8.060379512E1,3.485950928E0,1.191806625E1,8.776100006E0
8.061381412E1,3.664080505E0,1.190863586E1,8.766220551E0
8.062383412E1,3.943998413E0,1.195953003E1,8.711883545E0
8.063385312E1,4.095782776E0,1.209634552E1,8.742869110E0
8.064387212E1,4.241729279E0,1.202180054E1,8.826245728E0
8.065389112E1,4.326004028E0,1.193528046E1,9.039851532E0
8.066391012E1,4.327800293E0,1.193602890E1,9.309440918E0
8.067392912E1,4.210743713E0,1.199979630E1,9.557924194E0
8.068394812E1,4.055366821E0,1.175191177E1,9.530381470E0
8.069396812E1,3.878734131E0,1.132484985E1,9.134454803E0
8.070398712E1,3.745511169E0,1.114462463E1,8.742869110E0
8.071400612E1,3.710933075E0,1.119611755E1,8.544531555E0
8.072402512E1,3.754791870E0,1.147828079E1,8.466394043E0
8.073404412E1,3.845652924E0,1.167122955E1,8.424032135E0
8.074406312E1,3.893553314E0,1.178454391E1,8.405321045E0
8.075408212E1,3.904630280E0,1.185998703E1,8.419092407E0
8.076410212E1,3.910168762E0,1.195174622E1,8.517138519E0
8.077412112E1,3.943699036E0,1.198033676E1,8.645421753E0
8.078414012E1,3.959116974E0,1.193108917E1,8.760682068E0
8.079415912E1,3.884422302E0,1.173664352E1,8.721463623E0
8.080417812E1,3.772904205E0,1.156734558E1,8.609047394E0
8.081419712E1,3.673211517E0,1.156659714E1,8.547525330E0
8.082421612E1,3.603905640E0,1.162901733E1,8.584348755E0
8.083423512E1,3.608995056E0,1.166015259E1,8.646170197E0
8.084425512E1,3.596570892E0,1.162153290E1,8.737180939E0
8.085427412E1,3.645070038E0,1.143591888E1,8.741072845E0
8.086429312E1,3.612587585E0,1.130539032E1,8.670868835E0
8.087431212E1,3.619922333E0,1.126961472E1,8.546028442E0
8.088433112E1,3.617826691E0,1.118698654E1,8.363707581E0
8.089435012E1,3.612587585E0,1.114911530E1,8.164471893E0
8.090436912E1,3.636088715E0,1.118339401E1,8.007298737E0
8.091438912E1,3.644321594E0,1.120345230E1,7.915389862E0
8.092440812E1,3.613934784E0,1.127620102E1,7.947572937E0
8.093442712E1,3.606450348E0,1.135089569E1,8.175099792E0
8.094444612E1,3.619323578E0,1.127724884E1,8.449030151E0
8.095446512E1,3.619622955E0,1.116168915E1,8.668324127E0
8.096448412E1,3.581003265E0,1.108609634E1,8.813671875E0
8.097450312E1,3.566333771E0,1.101828735E1,8.882977753E0
8.098452212E1,3.613036652E0,1.087234085E1,8.837023315E0
8.099454212E1,3.656596069E0,1.073253159E1,8.698710938E0
8.100456112E1,3.654350739E0,1.060305084E1,8.478668518E0
8.101458012E1,3.621718597E0,1.044782364E1,8.251441040E0
8.102459912E1,3.559747467E0,1.034753220E1,8.113877106E0
8.103461812E1,3.499722290E0,1.034199371E1,8.100405121E0
8.104463712E1,3.501518555E0,1.043225601E1,8.139324188E0
8.105465612E1,3.543132019E0,1.055140823E1,8.242759094E0
8.106467612E1,3.572920074E0,1.060619431E1,8.352181549E0
8.107469512E1,3.664529572E0,1.060305084E1,8.375982056E0
8.108471412E1,3.661236420E0,1.056532928E1,8.380921783E0
8.109473312E1,3.644471283E0,1.044932053E1,8.347241821E0
8.110475212E1,3.625311127E0,1.031475037E1,8.225395203E0
8.111477112E1,3.541036377E0,1.024694138E1,8.202642517E0
8.112479013E1,3.507955170E0,1.014455429E1,8.143964539E0
8.113481012E1,3.422931976E0,1.010383896E1,8.083190918E0
8.114482912E1,3.328927460E0,1.008078690E1,7.964637451E0
8.115484812E1,3.304827576E0,1.003797592E1,7.781119080E0
8.116486625E1,3.301085358E0,9.971065063E0,7.547305298E0
8.117488525E1,3.301983490E0,9.908944244E0,7.354955292E0
8.118490425E1,3.322790222E0,9.838440857E0,7.194638672E0
8.119492325E1,3.325933685E0,9.852062531E0,7.147786102E0
8.120494325E1,3.366798706E0,9.983339539E0,7.262896729E0
8.121496225E1,3.312761078E0,1.008677444E1,7.496860199E0
8.122498125E1,3.187172241E0,1.013901581E1,7.838150482E0
8.123500025E1,3.128943329E0,1.001836670E1,8.088430023E0
8.124501925E1,3.021915894E0,9.737251282E0,8.195457458E0
8.125503825E1,2.951711884E0,9.407636719E0,8.106242981E0
8.126505725E1,2.931054840E0,9.165889435E0,7.812553711E0
8.127507625E1,2.997816010E0,8.997489624E0,7.445966034E0
8.128509625E1,3.059637451E0,8.931177521E0,7.104226685E0
8.129511525E1,3.125650177E0,8.976383514E0,6.844516754E0
8.130513425E1,3.151097260E0,9.109157410E0,6.835685120E0
8.131515325E1,3.222498779E0,9.289382629E0,6.994055786E0
8.132517225E1,3.262914734E0,9.488768005E0,7.235354004E0
8.133519125E1,3.249442749E0,9.537416840E0,7.440577240E0
8.134521025E1,3.275338898E0,9.278455353E0,7.546706543E0
8.135523025E1,3.228935394E0,8.976233826E0,7.494614868E0
8.136524925E1,3.163671112E0,8.711883545E0,7.357050934E0
8.137526825E1,3.075205078E0,8.511899414E0,7.291487274E0
8.138528725E1,3.053051147E0,8.321345673E0,7.120842133E0
8.139530625E1,3.018323364E0,8.311166840E0,7.035369873E0
8.140532525E1,2.982248383E0,8.292455750E0,6.997498627E0
8.141534425E1,2.998564453E0,8.253386993E0,6.938371582E0
8.142536325E1,2.975662079E0,8.219108276E0,6.822213135E0
8.143538325E1,2.990930328E0,8.147108002E0,6.683751068E0
8.144540225E1,3.028801575E0,8.096662903E0,6.589746552E0
8.145542125E1,2.980302429E0,8.127049713E0,6.555617523E0
8.146544025E1,2.978057098E0,8.198600922E0,6.552923126E0
8.147545925E1,2.991529083E0,8.252339172E0,6.630761261E0
8.148547825E1,3.014132080E0,8.290509796E0,6.719975739E0
8.149549725E1,2.947670288E0,8.289012909E0,6.810537415E0
8.150551725E1,2.837349701E0,8.136480103E0,6.900051270E0
8.151553625E1,2.780018921E0,7.896080017E0,6.882687378E0
8.152555525E1,2.694995728E0,7.664960632E0,6.838978271E0
8.153557425E1,2.678380280E0,7.432494049E0,6.631809082E0
8.154559325E1,2.616409149E0,7.351512451E0,6.388115845E0
8.155561225E1,2.616708527E0,7.251520386E0,6.108197937E0
8.156563125E1,2.669848022E0,7.209158478E0,5.880970459E0
8.157565025E1,2.709365845E0,7.286697235E0,5.747897186E0
8.158567025E1,2.756817169E0,7.400760040E0,5.748495941E0
8.159568925E1,2.803220673E0,7.469167786E0,5.860014038E0
8.160570825E1,2.824775848E0,7.478448486E0,6.037544861E0
8.161572725E1,2.874622192E0,7.436385956E0,6.201454010E0
8.162574625E1,2.837499390E0,7.353159027E0,6.265670471E0
8.163576525E1,2.755619659E0,7.182663574E0,6.296356659E0
8.164578425E1,2.681972809E0,6.930737457E0,6.271957397E0
8.165580425E1,2.631378021E0,6.685098267E0,6.214776306E0
8.166582325E1,2.641107788E0,6.521189117E0,6.209387512E0
8.167584225E1,2.696193237E0,6.344406738E0,6.211034088E0
8.168586125E1,2.719245300E0,6.244414673E0,6.131250000E0
8.169588025E1,2.791694641E0,6.246660004E0,6.117328949E0
8.170589925E1,2.808010712E0,6.253246307E0,6.219716034E0
8.171591825E1,2.750829620E0,6.183491364E0,6.401438141E0
8.172593725E1,2.765798492E0,6.140231323E0,6.582112427E0
8.173595725E1,2.625240784E0,6.066734161E0,6.683002625E0
8.174597625E1,2.507286072E0,5.896089020E0,6.645580444E0
8.175599525E1,2.464175720E0,5.751938782E0,6.403533783E0
8.176601425E1,2.456541595E0,5.731880493E0,6.178701324E0
8.177603325E1,2.487676849E0,5.716013489E0,5.957162018E0
8.178605225E1,2.535128174E0,5.732030182E0,5.726641388E0
8.179607125E1,2.508633270E0,5.779631195E0,5.590424652E0
8.180609125E1,2.474354553E0,5.817951508E0,5.557044067E0
8.181611025E1,2.474204865E0,5.827381897E0,5.590873718E0
8.182612925E1,2.480042725E0,5.859115906E0,5.702990570E0
8.183614825E1,2.403252411E0,5.852529602E0,5.763165436E0
8.184616725E1,2.274520111E0,5.828130341E0,5.822292480E0
8.185618625E1,2.205812988E0,5.750591583E0,5.885461121E0
8.186620525E1,2.154020691E0,5.635181580E0,5.873486023E0
8.187622425E1,2.202370148E0,5.461392975E0,5.773044891E0
8.188624425E1,2.270927582E0,5.283862152E0,5.627547455E0
8.189626325E1,2.251917114E0,5.243595886E0,5.480702820E0
8.190628225E1,2.197280731E0,5.258564758E0,5.427263947E0
8.191630125E1,2.175575867E0,5.264552307E0,5.360502777E0
8.192632025E1,2.190095673E0,5.199138336E0,5.270539856E0
8.193633925E1,2.173031158E0,5.176385651E0,5.209915924E0
8.194635825E1,2.154320068E0,5.117857361E0,5.157075806E0
8.195637825E1,2.104922791E0,5.058281250E0,5.106481018E0
8.196639725E1,2.092348938E0,4.982538757E0,5.070555725E0
8.197641625E1,2.136507111E0,4.850213928E0,4.973108368E0
8.198643525E1,2.187401276E0,4.773872681E0,4.833598480E0
8.199645425E1,2.172881470E0,4.765190735E0,4.799619141E0
8.200647325E1,2.134561157E0,4.766687622E0,4.700824585E0
8.201649225E1,2.188748474E0,4.749323730E0,4.672683105E0
8.202651125E1,2.193688202E0,4.757257233E0,4.736151123E0
8.203653125E1,2.202669525E0,4.700824585E0,4.765190735E0
8.204655025E1,2.172133026E0,4.563859406E0,4.742887115E0
8.205656925E1,2.128423920E0,4.483177185E0,4.730313263E0
8.206658825E1,2.114652557E0,4.438719635E0,4.750371552E0
8.207660725E1,2.137405243E0,4.379891968E0,4.769980774E0
8.208662625E1,2.136656799E0,4.424648895E0,4.730762329E0
8.209664525E1,2.059118042E0,4.452640686E0,4.670587463E0
8.210666525E1,2.059118042E0,4.439019012E0,4.634512482E0
8.211668425E1,2.033371582E0,4.381688232E0,4.601431274E0
8.212670325E1,2.024539948E0,4.300407257E0,4.560865631E0
8.213672225E1,1.987417145E0,4.243375854E0,4.602329407E0
8.214674125E1,1.953587494E0,4.195924530E0,4.626728668E0
8.215676025E1,1.939367065E0,4.132905579E0,4.614903259E0
8.216678029E1,1.893412628E0,4.050876160E0,4.529281311E0
8.217679929E1,1.853445740E0,3.984114990E0,4.519551544E0
8.218681929E1,1.850751343E0,3.930376740E0,4.553081818E0
8.219683829E1,1.775008850E0,3.929777985E0,4.557572479E0
8.220685729E1,1.715133362E0,3.898642731E0,4.549638977E0
8.221687629E1,1.691781921E0,3.873045959E0,4.562362518E0
8.222689529E1,1.754351807E0,3.801345062E0,4.596491547E0
8.223691429E1,1.837878113E0,3.747157745E0,4.635709991E0
8.224693329E1,1.906884613E0,3.708388367E0,4.620741119E0
8.225695329E1,1.967658234E0,3.761078796E0,4.597689056E0
8.226697229E1,2.011367340E0,3.785627747E0,4.552183685E0
8.227699129E1,2.063608704E0,3.774251404E0,4.564607849E0
8.228701029E1,2.126927032E0,3.757785645E0,4.546345825E0
8.229702929E1,2.116598511E0,3.704496460E0,4.479884033E0
8.230704829E1,2.054178314E0,3.648961945E0,4.380341034E0
8.231706729E1,1.967807922E0,3.562142487E0,4.270768890E0
8.232708629E1,1.860630798E0,3.502716064E0,4.243974609E0
8.233710629E1,1.833836517E0,3.479963379E0,4.226910095E0
8.234712529E1,1.822609863E0,3.480412445E0,4.282893677E0
8.235714429E1,1.817819824E0,3.461401978E0,4.286486206E0
8.236716329E1,1.738185425E0,3.477718048E0,4.231849823E0
8.237718229E1,1.675914917E0,3.490291901E0,4.192332001E0
8.238720129E1,1.665137329E0,3.401227112E0,4.088298340E0
8.239722029E1,1.651066589E0,3.375780029E0,3.995341644E0
8.240723929E1,1.652413788E0,3.449726257E0,3.916605377E0
8.241725929E1,1.618584137E0,3.528462524E0,3.886967010E0
8.242727829E1,1.635498962E0,3.526815948E0,3.960464172E0
8.243729729E1,1.618434448E0,3.494782562E0,4.021088104E0
8.244731629E1,1.580114136E0,3.397484894E0,4.069886627E0
8.245733529E1,1.548080750E0,3.306174774E0,4.129313049E0
8.246735429E1,1.578018494E0,3.233875122E0,4.194727020E0
8.247737329E1,1.569935303E0,3.168012085E0,4.189188538E0
8.248739329E1,1.465302887E0,3.153492279E0,4.173171844E0
8.249741229E1,1.388662262E0,3.127296753E0,4.197122040E0
8.250743129E1,1.404978333E0,3.101699982E0,4.201912079E0
8.251745029E1,1.410965881E0,3.071163483E0,4.129013672E0
8.252746929E1,1.420396271E0,3.072959747E0,4.112847290E0
8.253748829E1,1.439107361E0,3.118016052E0,4.067192230E0
8.254750729E1,1.477427673E0,3.157533875E0,4.020489349E0
8.255752629E1,1.572629700E0,3.179538116E0,3.982169037E0
8.256754629E1,1.669029236E0,3.226390686E0,3.987707520E0
8.257756529E1,1.731299744E0,3.283422089E0,3.939507751E0
8.258758429E1,1.745819550E0,3.292702789E0,3.945794678E0
8.259760329E1,1.748364258E0,3.279081116E0,3.932622070E0
8.260762229E1,1.764830017E0,3.249143372E0,3.954177246E0
8.261764129E1,1.757944336E0,3.180585938E0,3.958967285E0
8.262766029E1,1.770967255E0,3.164868622E0,3.946094055E0
8.263768029E1,1.759291534E0,3.166515198E0,3.946692810E0
8.264769929E1,1.767225037E0,3.171454926E0,3.994892578E0
8.265771829E1,1.843266907E0,3.196452942E0,4.056863708E0
8.266773729E1,1.837578735E0,3.213667145E0,4.159999237E0
8.267775629E1,1.790576477E0,3.238814850E0,4.260590057E0
8.268777529E1,1.792971497E0,3.202290802E0,4.319118347E0
8.269779429E1,1.802551575E0,3.143612823E0,4.332590332E0
8.270781329E1,1.844614105E0,3.108136597E0,4.320016479E0
8.271783329E1,1.851948853E0,3.071013794E0,4.246070251E0
8.272785229E1,1.881287842E0,3.155138855E0,4.135450287E0
8.273787129E1,1.886077881E0,3.196153564E0,4.089645538E0
8.274789029E1,1.852397919E0,3.216660919E0,3.982618103E0
8.275790929E1,1.781445465E0,3.234174500E0,3.943100281E0
8.276792829E1,1.716779938E0,3.247047729E0,3.884122925E0
8.277794729E1,1.633702698E0,3.249592438E0,3.919748840E0
8.278796629E1,1.566342773E0,3.257525940E0,3.980672150E0
8.279798629E1,1.526675262E0,3.270548859E0,3.981869659E0
8.280800529E1,1.584904175E0,3.311114502E0,4.034709778E0
8.281802429E1,1.647324371E0,3.383414154E0,4.087549896E0
8.282804329E1,1.679806824E0,3.459905090E0,4.174968109E0
8.283806229E1,1.719773712E0,3.483256531E0,4.259093170E0
8.284808129E1,1.753303986E0,3.449875946E0,4.299209747E0
8.285810029E1,1.763482819E0,3.451522522E0,4.332889709E0
8.286811929E1,1.780697021E0,3.472329254E0,4.309089203E0
8.287813929E1,1.794468384E0,3.467988281E0,4.269571381E0
8.288815829E1,1.776954803E0,3.452121277E0,4.207151184E0
8.289817729E1,1.743574219E0,3.487447815E0,4.194727020E0
8.290819629E1,1.737736359E0,3.516936493E0,4.250560913E0
8.291821529E1,1.718725891E0,3.497177582E0,4.304299164E0
8.292823429E1,1.722168732E0,3.455564117E0,4.345613251E0
8.293825329E1,1.748813324E0,3.439248047E0,4.351900177E0
8.294827329E1,1.760788422E0,3.545826416E0,4.309388580E0
8.295829229E1,1.767075348E0,3.710484009E0,4.282594299E0
8.296831129E1,1.828148346E0,3.792663116E0,4.248614960E0
8.297833029E1,1.977388000E0,3.849395142E0,4.234993286E0
8.298834929E1,2.071691895E0,3.885769501E0,4.240831146E0
8.299836829E1,2.104473724E0,3.910767517E0,4.241130524E0
8.300838729E1,2.147284698E0,3.914060669E0,4.320764923E0
8.301840629E1,2.175126801E0,3.922443237E0,4.441713409E0
8.302842629E1,2.108066254E0,3.860172729E0,4.539759521E0
8.303844529E1,2.038460999E0,3.806135101E0,4.621339874E0
8.304846429E1,2.027234344E0,3.805985413E0,4.669389954E0
8.305848329E1,1.966760101E0,3.860921173E0,4.642146606E0
8.306850229E1,1.904489594E0,3.915856934E0,4.574337616E0
8.307852129E1,1.908830566E0,3.938908997E0,4.528383179E0
8.308854029E1,1.949396210E0,3.983216858E0,4.508923645E0
8.309855929E1,2.004182281E0,4.066144409E0,4.534370728E0
8.310857929E1,2.064506836E0,4.146976318E0,4.622986450E0
8.311859829E1,2.117197266E0,4.261039124E0,4.736450500E0
8.312861729E1,2.172731781E0,4.351301422E0,4.887636108E0
8.313863629E1,2.151475983E0,4.400549011E0,4.959636383E0
8.314865529E1,2.101479950E0,4.407434692E0,4.979395294E0
8.315867429E1,2.060016174E0,4.389921112E0,4.931494904E0
8.316869379E1,2.025288391E0,4.366419983E0,4.816683655E0
8.317871379E1,2.060764618E0,4.366270294E0,4.734953613E0
8.318873279E1,2.123633881E0,4.417014771E0,4.711751862E0
8.319875179E1,2.184108124E0,4.521647186E0,4.708159332E0
8.320877079E1,2.226020966E0,4.643344116E0,4.798271942E0
8.321878979E1,2.305954742E0,4.740043030E0,4.946014709E0
8.322880879E1,2.377206573E0,4.744384003E0,5.087320862E0
8.323882779E1,2.437231750E0,4.783752136E0,5.216202850E0
8.324884679E1,2.456391907E0,4.798571320E0,5.276527405E0
8.325886679E1,2.478096771E0,4.800217896E0,5.251978455E0
8.326888579E1,2.522554321E0,4.774471436E0,5.214556274E0
8.327890479E1,2.552941132E0,4.808450775E0,5.146148529E0
8.328892379E1,2.572400665E0,4.871469727E0,5.098248138E0
8.329894279E1,2.578687592E0,4.869673462E0,5.057682495E0
8.330896179E1,2.565514984E0,4.929998016E0,5.017865295E0
8.331898079E1,2.504292297E0,5.023703156E0,5.112019501E0
8.332899979E1,2.496508484E0,5.140011292E0,5.284610596E0
8.333901979E1,2.485880585E0,5.198090515E0,5.464835815E0
8.334903879E1,2.505340118E0,5.235363007E0,5.592669983E0
8.335905779E1,2.525099030E0,5.343587952E0,5.607938232E0
8.336907679E1,2.567311249E0,5.433251495E0,5.533243561E0
8.337909579E1,2.645149384E0,5.520220642E0,5.384452972E0
8.338911479E1,2.673440552E0,5.541177063E0,5.260361023E0
8.339913379E1,2.724634094E0,5.617667999E0,5.200635223E0
8.340915279E1,2.721041565E0,5.631738739E0,5.246739349E0
8.341917279E1,2.722538452E0,5.730832672E0,5.332810364E0
8.342919179E1,2.658920746E0,5.783373413E0,5.494324493E0
8.343921079E1,2.622696075E0,5.852529602E0,5.715714111E0
8.344922979E1,2.651885376E0,5.931864624E0,5.994733887E0
8.345924879E1,2.627935181E0,5.910908203E0,6.125262451E0
8.346926779E1,2.683170319E0,5.880671082E0,6.194718018E0
8.347928679E1,2.654879150E0,5.906866608E0,6.164331207E0
8.348930679E1,2.653531952E0,5.925877075E0,6.101312256E0
8.349932579E1,2.754871216E0,6.008205872E0,5.998925171E0
8.350934479E1,2.755619659E0,6.083648987E0,5.872288513E0
8.351936379E1,2.831212463E0,6.140979767E0,5.710175629E0
8.352938279E1,2.875520325E0,6.324797516E0,5.690416718E0
8.353940179E1,2.923869781E0,6.475983124E0,5.792205048E0
8.354942079E1,2.998863831E0,6.617888031E0,5.968837738E0
8.355943979E1,3.045117645E0,6.678511963E0,6.163732452E0
8.356945979E1,3.077899475E0,6.665339355E0,6.295308838E0
8.357947879E1,3.078947296E0,6.545588379E0,6.275998993E0
8.358949779E1,3.099754028E0,6.531667328E0,6.284680939E0
8.359951679E1,3.176544342E0,6.540349274E0,6.292913818E0
8.360953579E1,3.246598663E0,6.637646942E0,6.254144440E0
8.361955479E1,3.237467651E0,6.707401886E0,6.195616150E0
8.362957379E1,3.261866913E0,6.884932709E0,6.234086151E0
8.363959279E1,3.237018585E0,6.956633606E0,6.353088684E0
8.364961279E1,3.257675629E0,6.994355164E0,6.445446625E0
8.365963179E1,3.205883331E0,6.998546448E0,6.537205811E0
8.366965079E1,3.192860413E0,7.052135010E0,6.589896240E0
8.367966979E1,3.223995667E0,7.081024933E0,6.646927643E0
8.368968879E1,3.317251740E0,7.107370148E0,6.617588654E0
8.369970779E1,3.325035553E0,7.188202057E0,6.609505463E0
8.370972679E1,3.354823608E0,7.270081787E0,6.614145813E0
8.371974579E1,3.394491119E0,7.404202881E0,6.624773712E0
8.372976579E1,3.423231354E0,7.584128723E0,6.741530914E0
8.373978479E1,3.414549408E0,7.737260284E0,6.903494110E0
8.374980379E1,3.356320496E0,7.802823944E0,7.016808472E0
8.375982279E1,3.244203644E0,7.772886200E0,6.997348938E0
8.376984179E1,3.158731384E0,7.770042114E0,7.049440613E0
8.377986079E1,3.131787415E0,7.731272736E0,7.071145477E0
8.378987979E1,3.155438232E0,7.719297638E0,7.031627655E0
8.379989879E1,3.219355316E0,7.763156433E0,6.920408936E0
8.380991879E1,3.232078857E0,7.933801575E0,6.884633331E0
8.381993779E1,3.318299561E0,8.122559052E0,6.962770844E0
8.382995679E1,3.365301819E0,8.227191467E0,7.000642090E0
8.383997579E1,3.365750885E0,8.261170807E0,7.101831665E0
8.384999479E1,3.409609680E0,8.277786255E0,7.214397583E0
8.386001379E1,3.456761627E0,8.292306061E0,7.361391907E0
8.387003279E1,3.487447815E0,8.310119019E0,7.523205414E0
8.388005179E1,3.532803497E0,8.318950653E0,7.674391022E0
8.389007179E1,3.568279724E0,8.359067230E0,7.762857056E0
8.390009079E1,3.587439880E0,8.396938477E0,7.653733978E0
8.391010979E1,3.571722565E0,8.473279724E0,7.532935181E0
8.392012879E1,3.529510345E0,8.513396301E0,7.370223541E0
8.393014779E1,3.508853302E0,8.600365448E0,7.374863892E0
8.394016679E1,3.488645325E0,8.577612762E0,7.511829071E0
8.395018579E1,3.525468750E0,8.510252838E0,7.704777832E0
8.396020579E1,3.519481201E0,8.498726807E0,7.846832428E0
8.397022479E1,3.584895172E0,8.488847351E0,7.872429199E0
8.398024379E1,3.687581635E0,8.480913849E0,7.893834686E0
8.399026279E1,3.819008331E0,8.519982605E0,7.883655853E0
8.400028179E1,3.957021332E0,8.649014282E0,7.876770172E0
8.401030079E1,4.114044800E0,8.867410126E0,7.873926086E0
8.402031979E1,4.131708069E0,9.150770874E0,7.977061615E0
8.403033879E1,4.147575073E0,9.224866791E0,8.067174225E0
8.404035879E1,4.121978302E0,9.305399323E0,8.309969330E0
8.405037779E1,4.086502075E0,9.421857147E0,8.685688019E0
8.406039679E1,4.197271729E0,9.639205170E0,9.394613800E0
8.407041579E1,4.030967560E0,9.535321198E0,1.033540741E1
8.408043479E1,3.468437347E0,9.000932465E0,1.118264557E1
8.409045379E1,2.814746704E0,8.019872589E0,1.163620239E1
8.410047279E1,2.393971710E0,7.021598511E0,1.154294632E1
8.411049179E1,2.033072205E0,6.293662262E0,1.036519547E1
8.412051179E1,2.341281281E0,5.732329559E0,9.931247864E0
8.413053079E1,3.298241272E0,5.710924072E0,9.223220215E0
8.414054979E1,4.571194153E0,6.622827759E0,8.501271515E0
8.415056879E1,5.863606567E0,7.617060242E0,8.324638824E0
8.416058779E1,6.659651184E0,9.019942932E0,8.471932526E0
8.417060662E1,6.337221680E0,1.070304291E1,8.528963928E0
8.418062562E1,5.588628387E0,1.174173294E1,8.662635956E0
8.419064462E1,4.804409180E0,1.171074738E1,8.927734680E0
8.420066462E1,3.942052460E0,1.082818268E1,9.244026947E0
8.421068362E1,3.083138580E0,9.641151123E0,9.481133881E0
8.422070262E1,2.642305298E0,8.573870544E0,9.904902649E0
8.423072162E1,2.673440552E0,7.934250641E0,1.042701691E1
8.424074062E1,2.864593048E0,7.697143707E0,1.064376617E1
8.425075962E1,3.210673370E0,7.825277252E0,1.043749512E1
8.426077862E1,3.520678711E0,8.288264465E0,9.722432098E0
8.427079762E1,3.909420319E0,8.937614136E0,8.884324951E0
8.428081762E1,4.203259277E0,9.640702057E0,8.320297852E0
8.429083662E1,4.281097412E0,1.017284546E1,8.062533875E0
8.430085562E1,4.297413483E0,1.049482590E1,8.053253174E0
8.431087462E1,4.159550171E0,1.052790710E1,8.362061005E0
8.432089362E1,3.795058136E0,1.024619293E1,8.753946075E0
8.433091262E1,3.367547150E0,9.723928986E0,9.334438934E0
8.434093162E1,3.151696014E0,9.149423676E0,9.792935486E0
8.435095162E1,3.102747803E0,8.850644989E0,1.015158966E1
8.436097062E1,3.323688354E0,8.918603668E0,1.035606445E1
8.437098962E1,3.701502686E0,9.251511383E0,1.040112076E1
8.438100862E1,4.000131683E0,9.638606415E0,1.025083328E1
8.439102762E1,4.227359161E0,9.626481628E0,9.699380035E0
8.440104662E1,4.323459320E0,9.410480804E0,8.951235809E0
8.441106562E1,4.336033173E0,9.165440369E0,8.391549683E0
8.442108462E1,4.260889435E0,9.185798035E0,8.190068665E0
8.443110462E1,4.284540253E0,9.440268860E0,8.424032135E0
8.444112362E1,4.371359711E0,9.688153381E0,8.840915222E0
8.445114262E1,4.502786407E0,9.759554901E0,9.215586090E0
8.446116162E1,4.591252441E0,9.795779572E0,9.444460144E0
8.447118062E1,4.560865631E0,9.818382568E0,9.598639526E0
8.448119962E1,4.537214813E0,9.782756653E0,9.683662720E0
8.449121862E1,4.527634735E0,9.796677704E0,9.681866455E0
8.450123762E1,4.579576721E0,9.912985840E0,9.703721008E0
8.451125762E1,4.454586639E0,9.960586853E0,9.815239105E0
8.452127662E1,4.270170135E0,9.907896423E0,1.004321503E1
8.453129562E1,4.111200714E0,9.632918243E0,1.033870056E1
8.454131462E1,3.875590668E0,9.205556946E0,1.046743286E1
8.455133362E1,3.706891479E0,8.830287323E0,1.049781967E1
8.456135262E1,3.619922333E0,8.472082214E0,1.042013123E1
8.457137163E1,3.654201050E0,8.363557892E0,1.012210098E1
8.458139062E1,3.736230469E0,8.586294708E0,9.750872955E0
8.459141062E1,3.903283081E0,8.994795227E0,9.355395355E0
8.460142962E1,4.213288422E0,9.391170959E0,9.094487915E0
8.461144862E1,4.359234924E0,9.642947388E0,8.841364288E0
8.462146762E1,4.423900452E0,9.856253815E0,8.748557281E0
8.463148663E1,4.399052124E0,1.006462051E1,9.003028107E0
8.464150562E1,4.191284180E0,1.012075378E1,9.318422241E0
8.465152462E1,3.750600586E0,1.016221756E1,9.938432922E0
8.466154362E1,3.364253998E0,9.955048370E0,1.062400726E1
8.467156362E1,3.323538666E0,9.596543884E0,1.089464447E1
8.468158262E1,3.411705322E0,9.355694733E0,1.103729782E1
8.469160163E1,3.564836884E0,9.177415466E0,1.085901855E1
8.470162062E1,3.808679810E0,9.033714294E0,1.039049286E1
8.471163962E1,4.153712311E0,8.903934174E0,9.846224670E0
8.472165862E1,4.402794342E0,8.853189697E0,9.332343292E0
8.473167762E1,4.536017303E0,8.850644989E0,8.775501251E0
8.474169662E1,4.609963531E0,9.025481415E0,8.541537781E0
8.475171663E1,4.555327148E0,9.295519867E0,8.610993347E0
8.476173562E1,4.385280762E0,9.559570770E0,8.988508301E0
8.477175462E1,4.091890869E0,9.680369568E0,9.645791473E0
8.478177362E1,3.790717163E0,9.492510223E0,1.019335281E1
8.479179262E1,3.584895172E0,9.164691925E0,1.054572006E1
8.480181162E1,3.607498169E0,8.802145844E0,1.073417816E1
8.481183062E1,3.751498718E0,8.702902222E0,1.067490143E1
8.482184962E1,3.996688843E0,8.904832306E0,1.038091278E1
8.483186962E1,4.273762665E0,9.085805969E0,1.000549347E1
8.484188863E1,4.533023529E0,9.132359161E0,9.616153107E0
8.485190762E1,4.643643494E0,9.020691376E0,9.321865082E0
8.486192662E1,4.671335907E0,8.866811371E0,9.218579865E0
8.487194562E1,4.624633026E0,8.713530121E0,9.157357178E0
8.488196462E1,4.506678314E0,8.668623505E0,9.203461304E0
8.489198362E1,4.300107880E0,8.795559540E0,9.410480804E0
8.490200262E1,4.067641296E0,8.892108765E0,9.694739685E0
8.491202262E1,3.892355804E0,8.935817871E0,9.963430939E0
8.492204162E1,3.804638214E0,8.879534912E0,1.007015900E1
8.493206062E1,3.795507202E0,8.960666199E0,1.002375549E1
8.494207962E1,3.754791870E0,9.132359161E0,9.924212494E0
8.495209862E1,3.774999847E0,9.173074493E0,9.729916534E0
8.496211762E1,3.779789886E0,9.043593750E0,9.448202362E0
8.497213662E1,3.820804596E0,8.806786194E0,9.114246826E0
8.498215562E1,3.850742340E0,8.720864868E0,9.014105072E0
8.499217562E1,3.919449463E0,8.769513702E0,9.137298889E0
8.500219462E1,3.933370514E0,8.883127441E0,9.398805084E0
8.501221362E1,3.922742615E0,8.973988495E0,9.586814117E0
8.502223262E1,3.850143585E0,8.975635071E0,9.702373810E0
8.503225162E1,3.753145294E0,8.879534912E0,9.627080383E0
8.504227062E1,3.687282257E0,8.787925415E0,9.611363068E0
8.505228962E1,3.634891205E0,8.528215485E0,9.465566254E0
8.506230862E1,3.683540039E0,8.204289093E0,9.350455627E0
8.507232862E1,3.797602844E0,7.987539825E0,9.270671539E0
8.508234762E1,3.897295532E0,7.947722626E0,9.233399048E0
8.509236662E1,4.022285614E0,8.113278351E0,9.201964417E0
8.510238562E1,4.190236359E0,8.377329254E0,9.411528625E0
8.511240462E1,4.223766632E0,8.447383575E0,9.522447968E0
8.512242362E1,4.137845306E0,8.442294159E0,9.468560028E0
8.513244262E1,4.022435303E0,8.284671936E0,9.423054657E0
8.514246262E1,4.049379272E0,8.254584503E0,9.424551544E0
8.515248162E1,4.029470673E0,7.982600098E0,9.381890259E0
8.516250062E1,4.003275146E0,7.709867249E0,9.348958740E0
8.517251887E1,4.069736938E0,7.607480164E0,9.558822327E0
8.518253787E1,4.051474915E0,7.473209381E0,9.631421356E0
8.519255688E1,3.982019348E0,7.451654205E0,9.673034821E0
8.520257587E1,3.965852966E0,7.388784943E0,9.666897583E0
8.521259487E1,3.973337402E0,7.290289764E0,9.571545868E0
8.522261487E1,4.026177521E0,7.398664398E0,9.518256683E0
8.523263387E1,4.032763824E0,7.522756348E0,9.489366760E0
8.524265287E1,4.047583008E0,7.677983551E0,9.400601349E0
8.525267188E1,3.984114990E0,7.835605774E0,9.386829987E0
8.526269087E1,3.915557556E0,7.834408264E0,9.292675781E0
8.527270987E1,3.844904480E0,7.741451569E0,9.102571106E0
8.528272887E1,3.794609070E0,7.698490906E0,8.999285889E0
8.529274787E1,3.760030975E0,7.676636353E0,8.939410400E0
8.530276787E1,3.794309692E0,7.611222382E0,8.887618103E0
8.531278688E1,3.796255646E0,7.493716736E0,8.754095764E0
8.532280587E1,3.853287048E0,7.459737396E0,8.628656616E0
8.533282487E1,3.879033508E0,7.437284088E0,8.468040619E0
8.534284387E1,3.881129150E0,7.495812378E0,8.397986298E0
8.535286287E1,3.890709229E0,7.527396698E0,8.417146454E0
8.536288187E1,3.865561523E0,7.548652496E0,8.512348480E0
8.537290087E1,3.775598602E0,7.497159576E0,8.688831482E0
8.538292087E1,3.725003815E0,7.399562531E0,8.904682617E0
8.539293987E1,3.692671051E0,7.332202606E0,9.062753906E0
8.540295887E1,3.634292450E0,7.263944550E0,9.149573364E0
8.541297787E1,3.579207001E0,7.117099915E0,9.054970093E0
8.542299687E1,3.608096924E0,6.989265747E0,8.808133392E0
8.543301587E1,3.682791595E0,7.023394775E0,8.522826691E0
8.544303487E1,3.720213776E0,7.138804779E0,8.277337189E0
8.545305387E1,3.764821014E0,7.251520386E0,8.137527924E0
8.546307387E1,3.773802338E0,7.366481323E0,8.145311737E0
8.547309287E1,3.725303192E0,7.405101013E0,8.297694855E0
8.548311187E1,3.673810272E0,7.327412567E0,8.490194550E0
8.549313087E1,3.648961945E0,7.161707153E0,8.597970428E0
8.550314987E1,3.590583344E0,7.038064270E0,8.637937317E0
8.551316887E1,3.509901123E0,6.991960144E0,8.583750000E0
8.552318787E1,3.439697113E0,6.916966095E0,8.439599762E0
8.553320687E1,3.389252014E0,6.822362823E0,8.255033569E0
8.554322687E1,3.365750885E0,6.865772552E0,8.143665161E0
8.555324587E1,3.355721741E0,6.907086639E0,8.045169983E0
8.556326487E1,3.352727966E0,6.926546173E0,7.946525116E0
8.557328387E1,3.329226837E0,6.997199249E0,7.877368927E0
8.558330287E1,3.302432556E0,6.979535980E0,7.870034180E0
8.559332187E1,3.284469910E0,7.023394775E0,7.966433716E0
8.560334087E1,3.179089050E0,6.987020416E0,8.020621033E0
8.561335987E1,3.163521423E0,6.982380066E0,8.020621033E0
8.562337987E1,3.293750610E0,7.121141510E0,7.962691498E0
8.563339887E1,3.476670227E0,7.257507935E0,7.904462585E0
8.564341787E1,3.544479218E0,7.306306458E0,7.775879974E0
8.565343687E1,3.549718323E0,7.281907196E0,7.697892151E0
8.566345587E1,3.509751434E0,7.234006805E0,7.595804443E0
8.567347487E1,3.417094116E0,7.125632172E0,7.561226349E0
8.568349387E1,3.359164581E0,6.963369598E0,7.614665222E0
8.569351288E1,3.279679871E0,6.763684845E0,7.655979309E0
8.570353287E1,3.218307495E0,6.621031494E0,7.657326508E0
8.571355187E1,3.183579712E0,6.514303436E0,7.569908295E0
8.572357087E1,3.267854462E0,6.508315887E0,7.431296539E0
8.573358987E1,3.376378784E0,6.568191376E0,7.272776184E0
8.574360887E1,3.469934235E0,6.674021301E0,7.180867310E0
8.575362788E1,3.562292175E0,6.807393951E0,7.143894196E0
8.576364687E1,3.552412720E0,6.897506561E0,7.135062561E0
8.577366587E1,3.447480927E0,6.892267456E0,7.254514160E0
8.578368587E1,3.293600922E0,6.780150604E0,7.482340393E0
8.579370487E1,3.145708466E0,6.637796631E0,7.644453278E0
8.580372387E1,3.061433716E0,6.561605072E0,7.732919312E0
8.581374287E1,3.005599823E0,6.554569702E0,7.688012695E0
8.582376187E1,2.958747253E0,6.563401337E0,7.504644012E0
8.583378087E1,2.977907410E0,6.589297485E0,7.289691010E0
8.584379988E1,2.991529083E0,6.654262390E0,7.082821198E0
8.585381887E1,2.982847137E0,6.718628540E0,6.954388275E0
8.586383887E1,2.926863556E0,6.749763794E0,6.953190765E0
8.587385787E1,2.836900635E0,6.744375000E0,7.008276215E0
8.588387687E1,2.854563904E0,6.693780212E0,7.050638123E0
8.589389587E1,2.881507874E0,6.662195892E0,7.100185089E0
8.590391488E1,2.909050598E0,6.644083557E0,7.231312408E0
8.591393387E1,2.955603790E0,6.575825500E0,7.338938599E0
8.592395287E1,2.996169434E0,6.510561218E0,7.384294281E0
8.593397187E1,2.997067566E0,6.446045380E0,7.357949066E0
8.594399187E1,2.947071533E0,6.387217712E0,7.190447388E0
8.595401087E1,2.909349976E0,6.334527283E0,7.017706604E0
8.596402988E1,2.883453827E0,6.336473236E0,6.956633606E0
8.597404887E1,2.891537018E0,6.322851562E0,7.035519562E0
8.598406787E1,2.952011261E0,6.291566620E0,7.131170654E0
8.599408687E1,2.993325348E0,6.294261017E0,7.186854858E0
8.600410587E1,3.059637451E0,6.293063507E0,7.175179138E0
8.601412487E1,3.105591888E0,6.243965607E0,7.070247345E0
8.602414488E1,3.229384460E0,6.217620392E0,6.912924500E0
8.603416387E1,3.305875397E0,6.241121521E0,6.793772278E0
8.604418287E1,3.253783722E0,6.147266693E0,6.636748810E0
8.605420187E1,3.234623566E0,6.120472412E0,6.604266357E0
8.606422087E1,3.156186676E0,6.173911285E0,6.775959320E0
8.607423987E1,3.063229980E0,6.232738953E0,6.932982788E0
8.608425887E1,2.980751495E0,6.225254517E0,7.116351471E0
8.609427787E1,2.943179626E0,6.190377045E0,7.300917664E0
8.610429787E1,2.909200287E0,6.158343658E0,7.344327393E0
8.611431687E1,2.830464020E0,6.193520508E0,7.301516418E0
8.612433587E1,2.775378571E0,6.224655762E0,7.174131317E0
8.613435487E1,2.736160126E0,6.211932220E0,7.054530029E0
8.614437387E1,2.690654755E0,6.235433350E0,7.090305634E0
8.615439287E1,2.591411133E0,6.265969849E0,7.206314392E0
8.616441217E1,2.482437744E0,6.259982300E0,7.297175446E0
8.617443117E1,2.410138092E0,6.204148407E0,7.279661865E0
8.618445117E1,2.382745056E0,6.202352142E0,7.174430695E0
8.619447017E1,2.381697235E0,6.195915527E0,7.053332520E0
8.620448917E1,2.466271362E0,6.205645294E0,6.912026367E0
8.621450817E1,2.568957825E0,6.219566345E0,6.802005157E0
8.622452717E1,2.686762848E0,6.249803467E0,6.703210602E0
8.623454617E1,2.815794525E0,6.364015961E0,6.736890564E0
8.624456517E1,2.909050598E0,6.384523315E0,6.852150879E0
8.625458417E1,2.941682739E0,6.341562653E0,6.922803955E0
8.626460417E1,2.930605774E0,6.257587280E0,6.985822906E0
8.627462317E1,2.919079742E0,6.155349884E0,6.951544189E0
8.628464217E1,2.889890442E0,6.040239258E0,6.927294617E0
8.629466117E1,2.886597290E0,5.906716919E0,6.884483643E0
8.630468017E1,2.914738770E0,5.838907928E0,6.937323761E0
8.631469917E1,2.935695190E0,5.831423492E0,6.985673218E0
8.632471817E1,2.976560211E0,5.919739838E0,6.977889404E0
8.633473717E1,3.037483521E0,6.057752838E0,6.970105591E0
8.634475717E1,3.031046906E0,6.141129456E0,6.962172089E0
8.635477617E1,2.996618500E0,6.185886383E0,6.977889404E0
8.636479517E1,2.887794800E0,6.179300079E0,6.980583801E0
8.637481417E1,2.800526276E0,6.173462219E0,6.989864502E0
8.638483317E1,2.713856506E0,6.134243774E0,6.958878937E0
8.639485217E1,2.654280396E0,6.121520233E0,6.911427612E0
8.640487117E1,2.671494598E0,6.137836304E0,6.955286407E0
8.641489017E1,2.676584015E0,6.128555603E0,7.046297150E0
8.642491017E1,2.746937714E0,6.083499298E0,7.107370148E0
8.643492917E1,2.743494873E0,6.117628326E0,7.168892212E0
8.644494817E1,2.698737946E0,6.191873932E0,7.194488983E0
8.645496717E1,2.684816895E0,6.256689148E0,7.166048126E0
8.646498617E1,2.672991486E0,6.252647552E0,7.073839874E0
8.647500517E1,2.698887634E0,6.295308838E0,6.977140961E0
8.648502417E1,2.725532227E0,6.330485687E0,6.965914307E0
8.649504317E1,2.751578064E0,6.321953430E0,6.955585785E0
8.650506317E1,2.736609192E0,6.279890900E0,6.950795746E0
8.651508217E1,2.731370087E0,6.280190277E0,6.976242828E0
8.652510117E1,2.708617401E0,6.282884674E0,6.942263489E0
8.653512017E1,2.719844055E0,6.281537476E0,6.942263489E0
8.654513917E1,2.774181061E0,6.292614441E0,7.017856293E0
8.655515817E1,2.838696899E0,6.318061523E0,7.133565674E0
8.656517717E1,2.893183594E0,6.291416931E0,7.212301941E0
8.657519617E1,2.888393555E0,6.312822418E0,7.297624512E0
8.658521617E1,2.851719818E0,6.281836853E0,7.376211090E0
8.659523517E1,2.825524292E0,6.242169342E0,7.377408600E0
8.660525417E1,2.845732269E0,6.240223389E0,7.312144318E0
8.661527317E1,2.877915344E0,6.265221405E0,7.251969452E0
8.662529217E1,2.938988342E0,6.313271484E0,7.199428711E0
8.663531117E1,2.964585114E0,6.368057556E0,7.178771667E0
8.664533017E1,2.978955231E0,6.404431915E0,7.151079254E0
8.665534917E1,2.994971924E0,6.418203278E0,7.196884003E0
8.666536917E1,2.996019745E0,6.388564911E0,7.248077545E0
8.667538817E1,3.008892975E0,6.372099152E0,7.281757507E0
8.668540717E1,2.998714142E0,6.407425690E0,7.290888519E0
8.669542617E1,2.984643402E0,6.471642151E0,7.269782410E0
8.670544517E1,3.039728851E0,6.534661102E0,7.279811554E0
8.671546417E1,3.080593872E0,6.547085266E0,7.250023499E0
8.672548317E1,3.100502472E0,6.580914917E0,7.260202332E0
8.673550217E1,3.116369476E0,6.540498962E0,7.283853149E0
8.674552217E1,3.124452667E0,6.486161957E0,7.237150269E0
8.675554117E1,3.122806091E0,6.506819000E0,7.264243927E0
8.676556017E1,3.082090759E0,6.563251648E0,7.367080078E0
8.677557917E1,3.063828735E0,6.630162506E0,7.446714478E0
8.678559817E1,3.052452393E0,6.688391418E0,7.517367554E0
8.679561717E1,3.007096710E0,6.679559784E0,7.584428101E0
8.680563617E1,2.989882507E0,6.668632507E0,7.607480164E0
8.681565517E1,2.999013519E0,6.699019318E0,7.608677673E0
8.682567517E1,3.033441925E0,6.772217102E0,7.612419891E0
8.683569417E1,3.085982666E0,6.866820374E0,7.611372070E0
8.684571317E1,3.127745819E0,6.911726990E0,7.616910553E0
8.685573217E1,3.124452667E0,6.906936951E0,7.601492615E0
8.686575117E1,3.096610565E0,6.846762085E0,7.478897552E0
8.687577017E1,3.029400330E0,6.847211151E0,7.387886810E0
8.688578917E1,2.985840912E0,6.883735199E0,7.373816071E0
8.689580817E1,2.995121613E0,6.920259247E0,7.363038483E0
8.690582717E1,3.024460602E0,6.936874695E0,7.406448212E0
8.691584717E1,3.032992859E0,6.966513062E0,7.622748413E0
8.692586617E1,3.096460876E0,6.967710571E0,7.792944489E0
8.693588517E1,3.192710724E0,7.014114075E0,7.922574921E0
8.694590417E1,3.272345123E0,7.046746216E0,7.983198853E0
8.695592317E1,3.365601196E0,7.055877228E0,7.906109161E0
8.696594217E1,3.438798981E0,7.073989563E0,7.766299896E0
8.697596117E1,3.490441589E0,7.138206024E0,7.637866974E0
8.698598117E1,3.474125519E0,7.173831940E0,7.539371796E0
8.699600017E1,3.395089874E0,7.179669800E0,7.493866425E0
8.700601917E1,3.306474152E0,7.204817505E0,7.525450745E0
8.701603817E1,3.292403412E0,7.243736572E0,7.661068726E0
8.702605717E1,3.307971039E0,7.275620270E0,7.756570129E0
8.703607617E1,3.308719482E0,7.355703735E0,7.868387604E0
8.704609517E1,3.277434540E0,7.367828522E0,7.871830444E0
8.705611417E1,3.289110260E0,7.425758057E0,7.881260834E0
8.706613417E1,3.280278625E0,7.416177979E0,7.890391846E0
8.707615317E1,3.280877380E0,7.425758057E0,7.901468811E0
8.708617217E1,3.294648743E0,7.437284088E0,7.909701691E0
8.709619117E1,3.302432556E0,7.445816345E0,7.986342316E0
8.710621017E1,3.309467926E0,7.470514984E0,8.044571228E0
8.711622917E1,3.298091583E0,7.487130432E0,8.086783447E0
8.712624817E1,3.299738159E0,7.514523468E0,8.068671112E0
8.713626717E1,3.272345123E0,7.585475922E0,8.075856171E0
8.714628617E1,3.285368042E0,7.585326233E0,8.077502747E0
8.715630617E1,3.348985748E0,7.627388763E0,8.093070374E0
8.716632492E1,3.410058746E0,7.668253784E0,8.168214111E0
8.717634392E1,3.460952911E0,7.689210205E0,8.287366333E0
8.718636292E1,3.483406219E0,7.672445068E0,8.373137970E0
8.719638192E1,3.481310577E0,7.657476196E0,8.372389526E0
8.720640092E1,3.510200500E0,7.649542694E0,8.396190033E0
8.721641992E1,3.586691437E0,7.684420166E0,8.401429138E0
8.722643892E1,3.698808289E0,7.710615692E0,8.410111084E0
8.723645892E1,3.755091248E0,7.705526276E0,8.445886688E0
8.724647792E1,3.777245178E0,7.708520050E0,8.441994781E0
8.725649692E1,3.776047668E0,7.772736511E0,8.422984314E0
8.726651592E1,3.746858368E0,7.803273010E0,8.421487427E0
8.727653492E1,3.786376190E0,7.844886475E0,8.425379333E0
8.728655392E1,3.814667358E0,7.879913635E0,8.428971863E0
8.729657292E1,3.850592651E0,7.909402313E0,8.457263031E0
8.730659192E1,3.821253662E0,7.921377411E0,8.515791321E0
8.731661192E1,3.750750275E0,7.938292236E0,8.535849609E0
8.732663092E1,3.665278015E0,7.954458618E0,8.546327820E0
8.733664992E1,3.607647858E0,8.019573212E0,8.562793579E0
8.734666892E1,3.560795288E0,8.103249207E0,8.615633698E0
8.735668792E1,3.523971863E0,8.199349365E0,8.677006073E0
8.736670692E1,3.469335480E0,8.209677887E0,8.705446930E0
8.737672592E1,3.438798981E0,8.230933685E0,8.646319885E0
8.738674492E1,3.388353882E0,8.248297577E0,8.573870544E0
8.739676392E1,3.384162598E0,8.317453766E0,8.515042877E0
8.740678392E1,3.460503845E0,8.418044586E0,8.519234161E0
8.741680292E1,3.535946960E0,8.459059296E0,8.599617004E0
8.742682192E1,3.630699921E0,8.389304352E0,8.652756500E0
8.743684092E1,3.685785370E0,8.341254272E0,8.688532104E0
8.744685992E1,3.701352997E0,8.318501587E0,8.748407593E0
8.745687892E1,3.742966461E0,8.319699097E0,8.761580200E0
8.746689792E1,3.828738098E0,8.397237854E0,8.795858917E0
8.747691692E1,3.913761292E0,8.447982330E0,8.866811371E0
8.748693692E1,3.991898804E0,8.401578827E0,8.899443512E0
8.749695592E1,4.046834564E0,8.419391785E0,8.860225067E0
8.750697492E1,4.041894836E0,8.509803772E0,8.877139893E0
8.751699392E1,4.065545654E0,8.527467041E0,8.901389465E0
8.752701292E1,4.083358612E0,8.514294434E0,8.922495575E0
8.753703192E1,4.027075653E0,8.409811707E0,8.882079620E0
8.754705092E1,3.949087830E0,8.450377350E0,8.856033783E0
8.755706992E1,3.886517944E0,8.477021942E0,8.809181213E0
8.756708992E1,3.832630005E0,8.486901398E0,8.873247986E0
8.757710892E1,3.743864594E0,8.534801788E0,8.856333160E0
8.758712792E1,3.855532379E0,8.773704987E0,8.791368256E0
8.759714692E1,3.807033234E0,8.549171906E0,8.463699646E0
8.760716592E1,3.777843933E0,8.239465942E0,7.903863831E0
8.761718492E1,3.815415802E0,8.220305786E0,7.225773926E0
8.762720392E1,4.260140991E0,8.924740906E0,6.821315002E0
8.763722292E1,4.753515015E0,1.027343628E1,6.667434998E0
8.764724292E1,4.890180817E0,1.193483139E1,6.668632507E0
8.765726192E1,4.705764313E0,1.322769287E1,6.820117493E0
8.766728092E1,4.223317566E0,1.315808762E1,6.985822906E0
8.767729992E1,3.406615906E0,1.171763306E1,6.923103333E0
8.768731892E1,2.551144867E0,9.805060272E0,7.044051819E0
8.769733792E1,1.965562592E0,8.219557343E0,7.389383698E0
8.770735692E1,1.800755310E0,7.207212524E0,7.871980133E0
8.771737592E1,2.089055786E0,7.046895905E0,8.109236755E0
8.772739592E1,2.942281494E0,7.749085693E0,8.326135712E0
8.773741492E1,4.038152618E0,9.086853790E0,9.116492157E0
8.774743392E1,4.937183075E0,9.920320587E0,9.513466644E0
8.775745292E1,5.187761993E0,1.021790176E1,9.632618866E0
8.776747192E1,4.756658478E0,9.785301361E0,9.401349792E0
8.777749092E1,4.108656006E0,9.036708069E0,8.816366272E0
8.778750992E1,3.553909607E0,8.470435638E0,8.324638824E0
8.779752892E1,3.292553101E0,8.176896057E0,8.072113953E0
8.780754892E1,3.262914734E0,8.269852753E0,7.946525116E0
8.781756792E1,3.551364899E0,8.746910706E0,8.034542084E0
8.782758692E1,3.966601410E0,9.238937531E0,8.196205902E0
8.783760592E1,4.240531769E0,9.552984467E0,8.191715240E0
8.784762492E1,4.428241425E0,9.752519531E0,8.167016602E0
8.785764392E1,4.443809052E0,9.761800232E0,8.039781189E0
8.786766292E1,4.399501190E0,9.567354584E0,7.933352509E0
8.787768192E1,4.282444611E0,9.263187103E0,8.005951538E0
8.788770092E1,4.093687134E0,8.982071686E0,8.244106293E0
8.789772092E1,4.023483124E0,8.771759033E0,8.608448639E0
8.790773992E1,3.996090088E0,8.717571716E0,8.975186005E0
8.791775892E1,3.953578491E0,8.744964752E0,9.213340759E0
8.792777792E1,3.872297516E0,8.650511169E0,9.281149750E0
8.793779692E1,3.811673584E0,8.558901672E0,9.129365387E0
8.794781592E1,3.794160004E0,8.600215759E0,8.868308258E0
8.795783492E1,3.839964752E0,8.703650665E0,8.645721130E0
8.796785392E1,3.921395416E0,8.858279114E0,8.531658325E0
8.797787392E1,3.981121216E0,9.016799469E0,8.511600037E0
8.798789292E1,3.949686584E0,9.119186554E0,8.622968445E0
8.799791192E1,3.823648682E0,9.180708618E0,8.753497009E0
8.800793092E1,3.643573151E0,9.151369629E0,8.902586975E0
8.801794992E1,3.464246063E0,9.036708069E0,8.963809662E0
8.802796892E1,3.337010651E0,8.910969543E0,8.913065186E0
8.803798792E1,3.377576294E0,8.857979736E0,8.754395142E0
8.804800692E1,3.531755676E0,8.929530945E0,8.538843384E0
8.805802692E1,3.734883270E0,9.092991028E0,8.371940460E0
8.806804592E1,3.938310242E0,9.196725311E0,8.247399445E0
8.807806492E1,4.046235809E0,9.216334534E0,8.162975006E0
8.808808392E1,3.962260437E0,9.136251068E0,8.134983215E0
8.809810292E1,3.850592651E0,8.966354370E0,8.184230804E0
8.810812192E1,3.768114166E0,8.762927399E0,8.214767303E0
8.811814092E1,3.773203583E0,8.662486267E0,8.298592987E0
8.812815992E1,3.837420044E0,8.697812805E0,8.336314545E0
8.813817892E1,3.951183472E0,8.768615570E0,8.355175323E0
8.814819892E1,4.040697327E0,8.760981445E0,8.274642792E0
8.815821792E1,4.139641571E0,8.775351563E0,8.214767303E0
8.816823687E1,4.107458496E0,8.785231018E0,8.144263916E0
8.817825587E1,4.108506317E0,8.768166504E0,8.121660919E0
8.818827487E1,4.090393982E0,8.771908722E0,8.139473877E0
8.819829387E1,4.043092346E0,8.751850433E0,8.154891815E0
8.820831287E1,3.976480865E0,8.728648682E0,8.204738159E0
8.821833187E1,3.852089539E0,8.643775177E0,8.231682129E0
8.822835187E1,3.799997864E0,8.602610779E0,8.242908783E0
8.823837087E1,3.702400818E0,8.522677002E0,8.178542633E0
8.824838987E1,3.690425720E0,8.451425171E0,8.178392944E0
8.825840887E1,3.711980896E0,8.409063263E0,8.245453491E0
8.826842787E1,3.717369690E0,8.400680695E0,8.308472443E0
8.827844687E1,3.763922882E0,8.327782288E0,8.327333221E0
8.828846587E1,3.790717163E0,8.243956604E0,8.336464233E0
8.829848487E1,3.727997589E0,8.227490845E0,8.349636841E0
8.830850487E1,3.733236694E0,8.229137421E0,8.398585052E0
8.831852387E1,3.700754242E0,8.166417847E0,8.458460541E0
8.832854287E1,3.694467316E0,8.134833527E0,8.549321594E0
8.833856187E1,3.682941284E0,8.141270142E0,8.623716888E0
8.834858087E1,3.699257355E0,8.169261932E0,8.679700470E0
8.835859987E1,3.717669067E0,8.111182709E0,8.688083038E0
8.836861887E1,3.752097473E0,7.994275818E0,8.578810272E0
8.837863787E1,3.783681793E0,7.941435699E0,8.444240112E0
8.838865787E1,3.748055878E0,7.962541809E0,8.240513763E0
8.839867687E1,3.707041168E0,8.032895508E0,8.111781464E0
8.840869587E1,3.691473541E0,8.052205353E0,8.011040955E0
8.841871487E1,3.711980896E0,8.108338623E0,7.996371460E0
8.842873387E1,3.662583618E0,8.058791656E0,7.976163483E0
8.843875287E1,3.664080505E0,8.010741577E0,7.924520874E0
8.844877188E1,3.586242371E0,7.957602081E0,7.848778381E0
8.845879087E1,3.592229919E0,7.914940796E0,7.835306396E0
8.846880987E1,3.575764160E0,7.916287994E0,7.821085968E0
8.847882987E1,3.602558441E0,7.945776672E0,7.799680481E0
8.848884887E1,3.639531555E0,7.994575195E0,7.730075226E0
8.849886787E1,3.580254822E0,7.998467102E0,7.669750671E0
8.850888688E1,3.483555908E0,7.932154999E0,7.697742462E0
8.851890587E1,3.392096100E0,7.814799042E0,7.808961182E0
8.852892487E1,3.349135437E0,7.702831879E0,7.896379395E0
8.853894387E1,3.329975281E0,7.611222382E0,7.974516907E0
8.854896287E1,3.343746643E0,7.596552887E0,7.978259125E0
8.855898287E1,3.414848785E0,7.536976776E0,7.927814026E0
8.856900188E1,3.474125519E0,7.485633545E0,7.772886200E0
8.857902087E1,3.568579102E0,7.425308990E0,7.617359619E0
8.858903987E1,3.629352722E0,7.393425293E0,7.550299072E0
8.859905887E1,3.610791321E0,7.403005371E0,7.487729187E0
8.860907787E1,3.533102875E0,7.401658173E0,7.439230042E0
8.861909687E1,3.463198242E0,7.339387665E0,7.488777008E0
8.862911587E1,3.454216919E0,7.210505676E0,7.506440277E0
8.863913587E1,3.410956879E0,7.163054352E0,7.508386230E0
8.864915487E1,3.316203918E0,7.227570190E0,7.554789734E0
8.865917387E1,3.251688080E0,7.220684509E0,7.573051758E0
8.866919287E1,3.255729675E0,7.162904663E0,7.595505066E0
8.867921187E1,3.262166290E0,7.086713104E0,7.612868958E0
8.868923087E1,3.318149872E0,7.105124817E0,7.585475922E0
8.869924987E1,3.346441040E0,7.183561707E0,7.552095337E0
8.870926887E1,3.325484619E0,7.194638672E0,7.519762573E0
8.871928787E1,3.328927460E0,7.117099915E0,7.542215881E0
8.872930787E1,3.161575470E0,7.032226410E0,7.529492340E0
8.873932687E1,3.009042664E0,6.931485901E0,7.592361603E0
8.874934587E1,2.911445618E0,6.765930176E0,7.579488373E0
8.875936487E1,2.889291687E0,6.688690796E0,7.447762299E0
8.876938387E1,2.884351959E0,6.663393402E0,7.330556030E0
8.877940287E1,2.876717834E0,6.658004608E0,7.167545013E0
8.878942187E1,2.924169159E0,6.604416046E0,6.987918549E0
8.879944087E1,3.032244415E0,6.667285309E0,6.854695587E0
8.880946087E1,3.159479828E0,6.793472900E0,6.772815857E0
8.881947987E1,3.232527924E0,6.923103333E0,6.773713989E0
8.882949887E1,3.234473877E0,6.954987030E0,6.728957062E0
8.883951787E1,3.143463135E0,6.956783295E0,6.721023560E0
8.884953687E1,3.054248657E0,6.869963837E0,6.757846985E0
8.885955587E1,3.047812042E0,6.725963287E0,6.838678894E0
8.886957487E1,3.032244415E0,6.595285034E0,6.906487885E0
8.887959387E1,3.063828735E0,6.425687714E0,6.993307343E0
8.888961287E1,3.072810059E0,6.305188293E0,7.033274231E0
8.889963287E1,3.125799866E0,6.171516266E0,7.035220184E0
8.890965187E1,3.118914185E0,6.081253967E0,7.078330536E0
8.891967087E1,3.094514923E0,5.980363770E0,7.021299133E0
8.892968987E1,3.052003326E0,5.916147308E0,6.930587769E0
8.893970887E1,3.032094727E0,5.934708710E0,6.859335938E0
8.894972787E1,3.020868073E0,5.987399139E0,6.759044495E0
8.895974687E1,3.011587372E0,6.011499023E0,6.681356049E0
8.896976587E1,2.951412506E0,6.052813110E0,6.615193634E0
8.897978587E1,2.875670013E0,6.043382721E0,6.591243439E0
8.898980487E1,2.801574097E0,5.993237000E0,6.589896240E0
8.899982387E1,2.703078918E0,5.947731628E0,6.618486786E0
8.900984287E1,2.675536194E0,5.887257385E0,6.656358032E0
8.901986187E1,2.649640045E0,5.810467072E0,6.626420288E0
8.902988087E1,2.661465454E0,5.813460846E0,6.566544800E0
8.903989988E1,2.674638062E0,5.836213531E0,6.512207794E0
8.904991887E1,2.697839813E0,5.879473572E0,6.429878998E0
8.905993887E1,2.719095612E0,5.910758514E0,6.363716583E0
8.906995787E1,2.702480164E0,5.905519409E0,6.243516541E0
8.907997687E1,2.668201447E0,5.901926880E0,6.164031830E0
8.908999587E1,2.617906036E0,5.893993378E0,6.150410156E0
8.910001488E1,2.579585724E0,5.816753998E0,6.143075409E0
8.911003387E1,2.580932922E0,5.742209015E0,6.176156616E0
8.912005287E1,2.578238525E0,5.692662048E0,6.206393738E0
8.913007187E1,2.568808136E0,5.673801270E0,6.278394012E0
8.914009187E1,2.545007629E0,5.559888153E0,6.282285919E0
8.915011087E1,2.568658447E0,5.418582001E0,6.250102844E0
8.916012988E1,2.609972534E0,5.340145111E0,6.189778290E0
8.917014862E1,2.567311249E0,5.331912231E0,6.178252258E0
8.918016762E1,2.563419342E0,5.307812347E0,6.118376770E0
8.919018662E1,2.545157318E0,5.341192932E0,6.075865173E0
8.920020562E1,2.482886810E0,5.345234528E0,6.078110504E0
8.921022462E1,2.425406342E0,5.285658417E0,6.070925446E0
8.922024362E1,2.429298248E0,5.235213318E0,6.056405640E0
8.923026362E1,2.481539612E0,5.201832733E0,6.015091553E0
8.924028262E1,2.507286072E0,5.200635223E0,5.946234741E0
8.925030162E1,2.559527435E0,5.220992889E0,5.884413300E0
8.926032062E1,2.586770782E0,5.215753784E0,5.869444427E0
8.927033962E1,2.574496307E0,5.092559967E0,5.788762207E0
8.928035862E1,2.625240784E0,5.036576385E0,5.755082245E0
8.929037762E1,2.605332184E0,4.982838135E0,5.676645355E0
8.930039662E1,2.602488098E0,4.994813232E0,5.653593292E0
8.931041662E1,2.581980743E0,4.990472260E0,5.611979828E0
8.932043562E1,2.554138641E0,5.034630432E0,5.633385315E0
8.933045462E1,2.532882843E0,5.068160706E0,5.666765900E0
8.934047362E1,2.464026031E0,5.029541016E0,5.686524811E0
8.935049262E1,2.408940582E0,4.961582336E0,5.720055084E0
8.936051162E1,2.359393616E0,4.847968597E0,5.751938782E0
8.937053062E1,2.266137543E0,4.686155090E0,5.738915863E0
8.938054962E1,2.176773376E0,4.632416840E0,5.766009521E0
8.939056862E1,2.155218201E0,4.618495789E0,5.743855591E0
8.940058862E1,2.148482208E0,4.615052948E0,5.671406250E0
8.941060762E1,2.189197540E0,4.681065674E0,5.698799286E0
8.942062662E1,2.244432678E0,4.716092834E0,5.734724579E0
8.943064562E1,2.246079254E0,4.689897308E0,5.748945007E0
8.944066462E1,2.258802795E0,4.685107269E0,5.726192322E0
8.945068362E1,2.269281006E0,4.675078125E0,5.698649597E0
8.946070262E1,2.272723846E0,4.598138123E0,5.655838623E0
8.947072162E1,2.272274780E0,4.483925629E0,5.642815704E0
8.948074162E1,2.254162445E0,4.350103912E0,5.728886719E0
8.949076062E1,2.122735748E0,4.220772858E0,5.909111938E0
8.950077962E1,1.999092865E0,4.125870209E0,6.078709259E0
8.951079862E1,1.936223602E0,4.048780518E0,6.202202454E0
8.952081762E1,1.951641541E0,3.980372772E0,6.239624634E0
8.953083662E1,2.033970337E0,4.008963318E0,6.218219147E0
8.954085563E1,2.150278473E0,4.005819855E0,6.036646729E0
8.955087462E1,2.301015015E0,4.020639038E0,5.741161194E0
8.956089462E1,2.393073578E0,4.115990753E0,5.538482666E0
8.957091362E1,2.455344086E0,4.209695892E0,5.427862701E0
8.958093262E1,2.481689301E0,4.254452820E0,5.396278381E0
8.959095162E1,2.428400116E0,4.319268036E0,5.470074921E0
8.960097063E1,2.277663574E0,4.358785858E0,5.638923798E0
8.961098962E1,2.165397034E0,4.295317841E0,5.798342285E0
8.962100862E1,2.093097382E0,4.204756165E0,5.932912445E0
8.963102763E1,2.053130493E0,4.099674683E0,6.032754822E0
8.964104662E1,2.049987030E0,3.990850983E0,6.020180969E0
8.965106662E1,2.029629364E0,3.924389191E0,5.902226257E0
8.966108563E1,2.004331970E0,3.932023315E0,5.737119598E0
8.967110462E1,2.015708313E0,3.927532654E0,5.540727997E0
8.968112362E1,2.099234619E0,3.970044250E0,5.426365814E0
8.969114263E1,2.155517578E0,4.046535187E0,5.364694061E0
8.970116162E1,2.153421936E0,4.123774567E0,5.361101532E0
8.971118062E1,2.089355164E0,4.147874451E0,5.339246979E0
8.972119962E1,2.020947418E0,4.182452545E0,5.339546356E0
8.973121962E1,1.963466949E0,4.183051300E0,5.376968536E0
8.974123862E1,1.924098816E0,4.155658264E0,5.411995697E0
8.975125763E1,1.915267181E0,4.092938690E0,5.448669434E0
8.976127662E1,1.939217377E0,4.021537170E0,5.469176788E0
8.977129562E1,1.974543915E0,3.952530670E0,5.580844574E0
8.978131462E1,1.994452515E0,3.886368256E0,5.636977844E0
8.979133362E1,1.977986755E0,3.847598877E0,5.708079987E0
8.980135262E1,1.965562592E0,3.838168488E0,5.735473022E0
8.981137162E1,1.955084381E0,3.847299500E0,5.729485474E0
8.982139162E1,1.981429596E0,3.848497009E0,5.677543488E0
8.983141062E1,2.029928741E0,3.873495026E0,5.599256287E0
8.984142962E1,2.061812439E0,3.914509735E0,5.562432861E0
8.985144862E1,2.066901855E0,3.905977478E0,5.470374298E0
8.986146762E1,2.082319794E0,3.929029541E0,5.372777252E0
8.987148662E1,2.082170105E0,3.985761566E0,5.366490326E0
8.988150562E1,2.053280182E0,4.040547638E0,5.405559082E0
8.989152462E1,2.017803955E0,4.045187988E0,5.428760834E0
8.990154462E1,1.971101074E0,4.008364563E0,5.434299316E0
8.991156362E1,1.940115509E0,3.928879852E0,5.422324219E0
8.992158262E1,1.941462708E0,3.830085297E0,5.368885345E0
8.993160162E1,1.975741425E0,3.819307709E0,5.303920441E0
8.994162062E1,2.008373566E0,3.874093781E0,5.278024292E0
8.995163962E1,2.057770844E0,3.878135376E0,5.243745575E0
8.996165862E1,2.070793762E0,3.955374756E0,5.285658417E0
8.997167762E1,2.060764618E0,4.000580750E0,5.313650208E0
8.998169662E1,2.031874695E0,4.018693085E0,5.409750366E0
8.999171662E1,1.957030334E0,4.006418610E0,5.544021149E0
9.000173562E1,1.867516479E0,3.982917480E0,5.655838623E0
9.001175462E1,1.831890564E0,3.938010864E0,5.705535278E0
9.002177362E1,1.833387451E0,3.891607361E0,5.751639404E0
9.003179262E1,1.872755585E0,3.893403625E0,5.764961700E0
9.004181162E1,1.918859711E0,3.930376740E0,5.691464539E0
9.005183062E1,1.961520996E0,3.973187714E0,5.590424652E0
9.006184962E1,1.989812164E0,4.025878143E0,5.569767609E0
9.007186962E1,2.043849792E0,4.001029816E0,5.461991730E0
9.008188862E1,2.076631622E0,4.019591217E0,5.381159821E0
9.009190762E1,2.068398743E0,4.045337677E0,5.362448730E0
9.010192662E1,2.086960144E0,3.995191956E0,5.328170013E0
9.011194562E1,2.149679718E0,3.976031799E0,5.320984955E0
9.012196462E1,2.167792053E0,3.979324951E0,5.367089081E0
9.013198363E1,2.186802521E0,3.992198181E0,5.427862701E0
9.014200262E1,2.155517578E0,3.968697052E0,5.472469940E0
9.015202262E1,2.159708862E0,3.999981995E0,5.520070953E0
9.016204162E1,2.146835632E0,4.027375031E0,5.576054535E0
9.017206050E1,2.106269989E0,4.045187988E0,5.620661774E0
9.018207950E1,2.083068237E0,4.047283630E0,5.673202515E0
9.019209850E1,2.102677460E0,4.063450012E0,5.682183838E0
9.020211750E1,2.096540222E0,4.125870209E0,5.677393799E0
9.021213650E1,2.095043335E0,4.180805969E0,5.713019714E0
9.022215550E1,2.091151428E0,4.241579590E0,5.737868042E0
9.023217450E1,2.091301117E0,4.284390564E0,5.769003296E0
9.024219450E1,2.081721039E0,4.298760681E0,5.775140533E0
9.025221350E1,2.059118042E0,4.256398773E0,5.728886719E0
9.026223250E1,2.043999481E0,4.235891418E0,5.735622711E0
9.027225150E1,2.025587769E0,4.173471222E0,5.680088196E0
9.028227050E1,2.030527496E0,4.201013947E0,5.648054810E0
9.029228950E1,2.004930725E0,4.243375854E0,5.610333252E0
9.030230850E1,2.036814423E0,4.266128540E0,5.572012939E0
9.031232750E1,2.071242828E0,4.292473755E0,5.558690643E0
9.032234750E1,2.066602478E0,4.349804535E0,5.586832123E0
9.033236650E1,2.063459015E0,4.376898193E0,5.666316833E0
9.034238550E1,2.077080688E0,4.392914886E0,5.746699677E0
9.035240450E1,2.102677460E0,4.392914886E0,5.862558746E0
9.036242350E1,2.157463531E0,4.394561462E0,5.927673340E0
9.037244250E1,2.216440887E0,4.402944031E0,5.963748322E0
9.038246150E1,2.249821472E0,4.410278778E0,5.973927155E0
9.039248050E1,2.323767700E0,4.423900452E0,5.943839722E0
9.040249950E1,2.358794861E0,4.468956757E0,5.943540344E0
9.041251950E1,2.377505951E0,4.464017029E0,5.933960266E0
9.042253850E1,2.350861359E0,4.508923645E0,5.927673340E0
9.043255750E1,2.343526611E0,4.496649170E0,5.967340851E0
9.044257650E1,2.328557739E0,4.556524658E0,6.007307739E0
9.045259550E1,2.382295990E0,4.558919678E0,6.020031281E0
9.046261450E1,2.403102722E0,4.600084076E0,6.021228790E0
9.047263350E1,2.413730621E0,4.668192444E0,6.006559296E0
9.048265250E1,2.414479065E0,4.668042755E0,6.012846222E0
9.049267250E1,2.392624512E0,4.688101044E0,6.007307739E0
9.050269150E1,2.355501709E0,4.703968048E0,6.042783966E0
9.051271050E1,2.285597076E0,4.742438049E0,6.056555328E0
9.052272950E1,2.253414001E0,4.770130463E0,6.085594940E0
9.053274850E1,2.267035675E0,4.804558868E0,6.066584473E0
9.054276750E1,2.265089722E0,4.890330505E0,6.082601166E0
9.055278650E1,2.238744507E0,4.985233154E0,6.088439026E0
9.056280550E1,2.253713379E0,5.065316620E0,6.116281128E0
9.057282450E1,2.283351746E0,5.051245880E0,6.156547394E0
9.058284450E1,2.329605560E0,5.002896423E0,6.209836578E0
9.059286350E1,2.371368713E0,5.012027435E0,6.252198486E0
9.060288250E1,2.372416534E0,5.012925568E0,6.298302612E0
9.061290150E1,2.360291748E0,5.037773895E0,6.371949463E0
9.062292050E1,2.398013306E0,5.015919342E0,6.436465302E0
9.063293950E1,2.408192139E0,5.031187592E0,6.462511139E0
9.064295850E1,2.419867859E0,5.048102417E0,6.530170441E0
9.065297750E1,2.440824280E0,5.112169189E0,6.506968689E0
9.066299750E1,2.506537628E0,5.114564209E0,6.472540283E0
9.067301650E1,2.571502533E0,5.184618530E0,6.408174133E0
9.068303550E1,2.604583740E0,5.273234253E0,6.366410980E0
9.069305450E1,2.626288605E0,5.311853943E0,6.335874481E0
9.070307350E1,2.635120239E0,5.333858185E0,6.357279968E0
9.071309250E1,2.593057709E0,5.330415344E0,6.414910126E0
9.072311150E1,2.531236267E0,5.346581726E0,6.466103668E0
9.073313050E1,2.538271637E0,5.353168030E0,6.504573669E0
9.074314950E1,2.584675140E0,5.384752350E0,6.523883514E0
9.075316950E1,2.610421600E0,5.461093597E0,6.586453400E0
9.076318850E1,2.638114014E0,5.501808929E0,6.652765503E0
9.077320750E1,2.665057983E0,5.525160370E0,6.703060913E0
9.078322650E1,2.669997711E0,5.510640564E0,6.718927917E0
9.079324550E1,2.674937439E0,5.544170837E0,6.747967529E0
9.080326450E1,2.658321991E0,5.599256287E0,6.797215118E0
9.081328350E1,2.676733704E0,5.629493408E0,6.836732941E0
9.082330250E1,2.699336700E0,5.671256561E0,6.858437805E0
9.083332150E1,2.731070709E0,5.686973877E0,6.812183990E0
9.084334150E1,2.709814911E0,5.740861816E0,6.799909515E0
9.085336050E1,2.692001953E0,5.823789368E0,6.831793213E0
9.086337950E1,2.700683899E0,5.839656372E0,6.880442047E0
9.087339850E1,2.681523743E0,5.857918396E0,6.924899597E0
9.088341750E1,2.650388489E0,5.888604584E0,6.980583801E0
9.089343650E1,2.630779266E0,5.878126373E0,6.987768860E0
9.090345550E1,2.637365570E0,5.921386414E0,6.979835358E0
9.091347450E1,2.685415649E0,6.012397156E0,6.981032867E0
9.092349450E1,2.772085419E0,6.065836029E0,6.954537964E0
9.093351350E1,2.863844604E0,6.092181244E0,6.896758118E0
9.094353250E1,2.889141998E0,6.140081635E0,6.862629089E0
9.095355150E1,2.940784607E0,6.187982025E0,6.872658234E0
9.096357050E1,2.931653595E0,6.211782532E0,6.924001465E0
9.097358950E1,2.895428925E0,6.234984283E0,7.020550690E0
9.098360850E1,2.896177368E0,6.243067474E0,7.081024933E0
9.099362750E1,2.900518341E0,6.259982300E0,7.136260071E0
9.100364650E1,2.899620209E0,6.243516541E0,7.203470306E0
9.101366650E1,2.928959198E0,6.293213196E0,7.288044434E0
9.102368550E1,2.933150482E0,6.337521057E0,7.375911713E0
9.103370450E1,2.952160950E0,6.388564911E0,7.460186462E0
9.104372350E1,2.990780640E0,6.409970398E0,7.536677399E0
9.105374250E1,2.998265076E0,6.373745728E0,7.543712769E0
9.106376150E1,2.965183868E0,6.389013977E0,7.527396698E0
9.107378050E1,2.948269043E0,6.422244873E0,7.498806152E0
9.108379950E1,2.968177643E0,6.413413239E0,7.424560547E0
9.109381950E1,2.935096436E0,6.553222504E0,7.435787201E0
9.110383850E1,2.918031921E0,6.708449707E0,7.506440277E0
9.111385750E1,2.920876007E0,6.732998657E0,7.490872650E0
9.112387650E1,2.938838654E0,6.813082123E0,7.478897552E0
9.113389550E1,2.904559937E0,6.826554108E0,7.595804443E0
9.114391450E1,2.993924103E0,6.774462433E0,7.776478729E0
9.115393350E1,3.103945312E0,6.776258698E0,8.154592438E0
9.116395250E1,3.110381927E0,6.847809906E0,8.736881561E0
9.117397150E1,2.778821411E0,6.621779938E0,9.631271667E0
9.118399150E1,2.508184204E0,6.003266144E0,1.012569351E1
9.119401050E1,2.402503967E0,5.466482391E0,1.036399796E1
9.120402950E1,2.286046143E0,4.888833618E0,1.015203873E1
9.121404850E1,2.319576416E0,4.602628784E0,9.799521790E0
9.122406750E1,2.363285522E0,4.543950806E0,9.484576721E0
9.123408650E1,2.753374329E0,4.731061707E0,8.987610168E0
9.124410550E1,3.363355865E0,5.377267914E0,8.501271515E0
9.125412450E1,3.907324677E0,6.194119263E0,8.057594147E0
9.126414450E1,4.204307098E0,7.075486450E0,7.995922394E0
9.127416350E1,4.239034882E0,7.673642578E0,7.900420990E0
9.128418250E1,4.146078186E0,7.806715851E0,7.586673431E0
9.129420150E1,3.860023041E0,7.592960358E0,7.333250427E0
9.130422050E1,3.604504395E0,7.316934357E0,7.234755249E0
9.131423950E1,3.334915009E0,7.021598511E0,7.451953583E0
9.132425850E1,3.054248657E0,6.883435822E0,8.081993408E0
9.133427750E1,2.760709076E0,6.712491302E0,8.874295807E0
9.134429650E1,2.462828522E0,6.396049347E0,9.537267151E0
9.135431650E1,2.335443420E0,6.056854706E0,9.829160156E0
9.136433550E1,2.441722412E0,6.079757080E0,9.746681671E0
9.137435450E1,2.720143433E0,6.466253357E0,9.371861115E0
9.138437350E1,3.055895233E0,7.084168396E0,8.907676392E0
9.139439250E1,3.244353333E0,7.527396698E0,8.468190308E0
9.140441150E1,3.343297577E0,7.724387054E0,8.127798157E0
9.141443050E1,3.292253723E0,7.729177094E0,8.074808350E0
9.142444950E1,3.194506989E0,7.428452454E0,8.151448975E0
9.143446950E1,2.985092468E0,7.078779602E0,8.332123260E0
9.144448850E1,2.765798492E0,6.780749359E0,8.515342255E0
9.145450750E1,2.558778992E0,6.668183441E0,8.669671326E0
9.146452650E1,2.461181946E0,6.718628540E0,8.670120392E0
9.147454550E1,2.512824554E0,6.862329712E0,8.675509186E0
9.148456450E1,2.765499115E0,7.139852600E0,8.752299500E0
9.149458350E1,2.916984100E0,7.322921906E0,8.653355255E0
9.150460250E1,3.164120178E0,7.324119415E0,8.479866028E0
9.151462150E1,3.312461700E0,7.207062836E0,8.408314819E0
9.152464150E1,3.474275208E0,7.256759491E0,8.247848511E0
9.153466050E1,3.644620972E0,7.356601868E0,8.270301819E0
9.154467950E1,3.704496460E0,7.465275879E0,8.352031860E0
9.155469850E1,3.719914398E0,7.517816620E0,8.516090698E0
9.156471750E1,3.738775177E0,7.480394440E0,8.675658875E0
9.157473650E1,3.726500702E0,7.465126190E0,8.817264404E0
9.158475550E1,3.669768677E0,7.398065643E0,9.083111572E0
9.159477450E1,3.501069489E0,7.274123383E0,9.125772858E0
9.160479450E1,3.506757660E0,7.072941742E0,9.149273987E0
9.161481350E1,3.437302094E0,6.987918549E0,9.097781067E0
9.162483250E1,3.464246063E0,6.939718781E0,8.922046509E0
9.163485150E1,3.546125793E0,6.956783295E0,8.798553314E0
9.164487050E1,3.585643616E0,7.019802246E0,8.741072845E0
9.165488950E1,3.541635132E0,7.069049835E0,8.739126892E0
9.166490850E1,3.510350189E0,7.234904938E0,8.800050201E0
9.167492750E1,3.433110809E0,7.394922180E0,8.829538879E0
9.168494650E1,3.341651001E0,7.490124207E0,8.895850983E0
9.169496650E1,3.260819092E0,7.496860199E0,8.965306549E0
9.170498550E1,3.187770996E0,7.416327667E0,8.934770050E0
9.171500450E1,3.100652161E0,7.399263153E0,8.898545380E0
9.172502350E1,3.003803558E0,7.309599609E0,8.859177246E0
9.173504250E1,2.968776398E0,7.322023773E0,8.766370239E0
9.174506150E1,2.898422699E0,7.448810120E0,8.712781677E0
9.175508050E1,2.895728302E0,7.545509033E0,8.751850433E0
9.176509950E1,2.937491455E0,7.728129272E0,8.845705261E0
9.177511950E1,2.934497681E0,7.760761414E0,8.970096588E0
9.178513850E1,2.953657837E0,7.757168884E0,9.166787567E0
9.179515750E1,3.002306671E0,7.723339233E0,9.382938080E0
9.180517650E1,3.079546051E0,7.548053741E0,9.499395905E0
9.181519550E1,3.122506714E0,7.405250702E0,9.581575012E0
9.182521450E1,3.200793915E0,7.171137543E0,9.434431000E0
9.183523350E1,3.257975006E0,7.025490417E0,9.275611267E0
9.184525250E1,3.273542633E0,6.997648315E0,9.024583282E0
9.185527150E1,3.271297302E0,7.040010223E0,8.790320435E0
9.186529150E1,3.228636017E0,7.138954468E0,8.596174164E0
9.187531050E1,3.185974731E0,7.296726379E0,8.447832642E0
9.188532950E1,3.291654968E0,7.466623077E0,8.472980347E0
9.189534850E1,3.369193726E0,7.712411957E0,8.509654083E0
9.190536750E1,3.342998199E0,7.906408539E0,8.642427979E0
9.191538650E1,3.339405670E0,7.907007294E0,8.906628571E0
9.192540550E1,3.501967621E0,7.766898651E0,9.170230408E0
9.193542450E1,3.513643341E0,7.400011597E0,9.398805084E0
9.194544350E1,3.552263031E0,7.318281555E0,9.505982208E0
9.195546350E1,3.431464233E0,6.979535980E0,9.602980499E0
9.196548250E1,3.411855011E0,6.851103058E0,9.461824036E0
9.197550150E1,3.337459717E0,6.800508270E0,9.305549011E0
9.198552050E1,3.224444733E0,6.837182007E0,9.104367371E0
9.199553950E1,3.191513214E0,7.050638123E0,8.999435577E0
9.200555850E1,3.247945862E0,7.231611786E0,9.022936707E0
9.201557750E1,3.317850494E0,7.408394165E0,9.010362854E0
9.202559650E1,3.252735901E0,7.486082611E0,9.106313324E0
9.203561650E1,3.072660370E0,7.415130157E0,9.212442627E0
9.204563550E1,2.823278961E0,7.246131592E0,9.287286987E0
9.205565450E1,2.736160126E0,7.084617462E0,9.476643219E0
9.206567350E1,2.765948181E0,7.013215942E0,9.620344391E0
9.207569250E1,2.841091919E0,6.983128510E0,9.560169525E0
9.208571150E1,2.910397797E0,7.096293182E0,9.566157074E0
9.209573050E1,2.997516632E0,7.094796295E0,9.520502014E0
9.210574950E1,3.049159241E0,7.102879486E0,9.437724152E0
9.211576950E1,2.972518616E0,7.088359680E0,9.267528076E0
9.212578850E1,2.915487213E0,7.053033142E0,9.121731262E0
9.213580750E1,3.005300446E0,7.115752716E0,9.088650055E0
9.214582650E1,3.135829010E0,7.194788361E0,9.041498108E0
9.215584550E1,3.294349365E0,7.260651398E0,9.136101379E0
9.216586450E1,3.425476685E0,7.202572174E0,9.214388580E0
9.217588450E1,3.498824158E0,7.083270264E0,9.273066559E0
9.218590350E1,3.432512054E0,6.971901855E0,9.303153992E0
9.219592250E1,3.335513763E0,6.854695587E0,9.313482513E0
9.220594250E1,3.253334656E0,6.741081848E0,9.240584106E0
9.221596150E1,3.216511230E0,6.751110992E0,9.135203247E0
9.222598050E1,3.302133179E0,6.812034302E0,9.179211731E0
9.223599950E1,3.309617615E0,6.965315552E0,9.196276245E0
9.224601850E1,3.264710999E0,7.076384583E0,9.141939240E0
9.225603750E1,3.240012360E0,7.120542755E0,9.091943207E0
9.226605650E1,3.209924927E0,7.165449371E0,9.008865967E0
9.227607550E1,3.122057648E0,7.155120850E0,9.132209473E0
9.228609550E1,3.051853638E0,7.087461548E0,9.218879242E0
9.229611450E1,2.961591339E0,6.987918549E0,9.320068817E0
9.230613350E1,2.912942505E0,7.037315826E0,9.458830261E0
9.231615250E1,2.807411957E0,6.908284149E0,9.445507965E0
9.232617150E1,2.734064484E0,6.815477142E0,9.320218506E0
9.233619050E1,2.723735962E0,6.614445190E0,9.125922546E0
9.234620950E1,2.823578339E0,6.611750793E0,9.011710052E0
9.235622850E1,2.992876282E0,6.748566284E0,8.970246277E0
9.236624750E1,3.098855896E0,6.940916290E0,9.032965851E0
9.237626750E1,3.146007843E0,7.058721313E0,9.045240326E0
9.238628650E1,3.181035004E0,7.044500885E0,9.014554138E0
9.239630550E1,3.239862671E0,6.948849792E0,8.979976044E0
9.240632450E1,3.284020844E0,6.933282166E0,8.954229584E0
9.241634350E1,3.251239014E0,6.880292358E0,8.916807404E0
9.242636250E1,3.207230530E0,6.713988190E0,8.706644440E0
9.243638150E1,3.247347107E0,6.603667603E0,8.525970154E0
9.244640050E1,3.278632050E0,6.658753052E0,8.390202484E0
9.245642050E1,3.207529907E0,6.638844452E0,8.271948395E0
9.246643950E1,3.053200836E0,6.804849243E0,8.491092682E0
9.247645850E1,2.886297913E0,6.908433838E0,8.821156311E0
9.248647750E1,2.844085693E0,7.012467499E0,9.168883209E0
9.249649650E1,2.852917328E0,7.107370148E0,9.401649170E0
9.250651550E1,2.990930328E0,7.052135010E0,9.410031738E0
9.251653450E1,3.078947296E0,7.016359406E0,9.300309906E0
9.252655350E1,3.164120178E0,6.900650024E0,9.054371338E0
9.253657350E1,3.262166290E0,6.780749359E0,8.838370514E0
9.254659250E1,3.305875397E0,6.692283325E0,8.765322418E0
9.255661150E1,3.275338898E0,6.693929901E0,8.793463898E0
9.256663050E1,3.232078857E0,6.678212585E0,8.728498993E0
9.257664950E1,3.188519440E0,6.464307404E0,8.648714905E0
9.258666850E1,3.197949829E0,6.294261017E0,8.447233887E0
9.259668750E1,3.212020569E0,6.245013428E0,8.197852478E0
9.260670650E1,3.255130920E0,6.324797516E0,7.894583130E0
9.261672550E1,3.269950104E0,6.526727600E0,7.732021179E0
9.262674550E1,3.022215271E0,6.891219635E0,8.090525665E0
9.263676450E1,2.902913361E0,7.218439178E0,8.625213776E0
9.264678350E1,2.938988342E0,7.260202332E0,9.092242584E0
9.265680250E1,2.913241882E0,7.217990112E0,9.173373871E0
9.266682150E1,2.951711884E0,6.987768860E0,8.852141876E0
9.267684050E1,3.099304962E0,6.769373016E0,8.653954010E0
9.268685950E1,3.022215271E0,6.637497253E0,8.462352448E0
9.269687850E1,3.011587372E0,6.459068298E0,8.243806915E0
9.270689850E1,2.997366943E0,6.351891174E0,7.976163483E0
9.271691750E1,2.973117371E0,6.388115845E0,7.812104645E0
9.272693650E1,3.051853638E0,6.526278534E0,7.788603516E0
9.273695550E1,3.106490021E0,6.658453674E0,7.865393829E0
9.274697450E1,3.078647919E0,6.760242004E0,8.005502472E0
9.275699350E1,3.102298737E0,6.816075897E0,8.130941620E0
9.276701250E1,3.063229980E0,6.824009399E0,8.401429138E0
9.277703150E1,3.011886749E0,6.749015350E0,8.615484009E0
9.278705050E1,2.940036163E0,6.573131104E0,8.702303467E0
9.279707050E1,2.931054840E0,6.420149231E0,8.632997589E0
9.280708950E1,3.007545776E0,6.323450317E0,8.572223969E0
9.281710850E1,3.128943329E0,6.409221954E0,8.413104858E0
9.282712750E1,3.093916168E0,6.429130554E0,8.269703064E0
9.283714650E1,3.046165466E0,6.330635376E0,8.259075165E0
9.284716550E1,3.035088501E0,6.331533508E0,8.330177307E0
9.285718450E1,3.096011810E0,6.365213470E0,8.289761353E0
9.286720350E1,3.176544342E0,6.418652344E0,8.149203644E0
9.287722350E1,3.173400879E0,6.467450867E0,8.131091309E0
9.288724250E1,3.084934845E0,6.376290436E0,8.116721191E0
9.289726150E1,3.023861847E0,6.325995026E0,8.202642517E0
9.290728050E1,2.872825928E0,6.389612732E0,8.280780029E0
9.291729950E1,2.729723511E0,6.327491913E0,8.238118744E0
9.292731850E1,2.732417908E0,6.317612457E0,8.171507263E0
9.293733750E1,2.746039581E0,6.277645569E0,8.257428589E0
9.294735650E1,2.733615417E0,6.252946930E0,8.369096375E0
9.295737650E1,2.737956390E0,6.287674713E0,8.416547699E0
9.296739550E1,2.790048065E0,6.279591522E0,8.401878204E0
9.297741450E1,2.805765381E0,6.273903351E0,8.246351624E0
9.298743350E1,2.779719543E0,6.339916077E0,8.090974731E0
9.299745250E1,2.752625885E0,6.395300903E0,8.009544067E0
9.300747150E1,2.722239075E0,6.379134521E0,7.950716400E0
9.301749050E1,2.743794250E0,6.358627167E0,7.990084534E0
9.302750950E1,2.757415924E0,6.401438141E0,7.996521149E0
9.303752950E1,2.733016663E0,6.350394287E0,8.037984924E0
9.304754850E1,2.840493164E0,6.311924286E0,7.974516907E0
9.305756750E1,2.844983826E0,6.293213196E0,8.165669403E0
9.306758650E1,2.868634644E0,6.230942688E0,8.112529907E0
9.307760550E1,2.888243866E0,6.210734711E0,8.072413330E0
9.308762450E1,2.821183319E0,6.076763306E0,7.973918152E0
9.309764350E1,2.816243591E0,6.098468170E0,7.905211029E0
9.310766250E1,2.850971375E0,6.137686615E0,7.955057373E0
9.311768150E1,2.861000519E0,6.134543152E0,7.990084534E0
9.312770150E1,2.849324799E0,6.153703308E0,8.055498505E0
9.313772050E1,2.806813202E0,6.206992493E0,8.060887299E0
9.314773950E1,2.790197754E0,6.140381012E0,8.036937103E0
9.315775850E1,2.796334991E0,6.080655212E0,8.121660919E0
9.316777750E1,2.757565613E0,6.033652954E0,8.112230530E0
9.317779592E1,2.704426117E0,5.971831512E0,8.148604889E0
9.318781492E1,2.691552887E0,5.907016296E0,8.208480377E0
9.319783392E1,2.668949890E0,5.954317932E0,8.161627808E0
9.320785392E1,2.688259735E0,5.948629761E0,8.070167999E0
9.321787292E1,2.684367828E0,5.979914703E0,8.115074615E0
9.322789192E1,2.690355377E0,5.992039490E0,8.092770996E0
9.323791092E1,2.700983276E0,6.014941864E0,8.049810333E0
9.324792992E1,2.695295105E0,5.958958282E0,8.021369476E0
9.325794892E1,2.714604950E0,5.944588165E0,7.945177917E0
9.326796792E1,2.677631836E0,5.994733887E0,7.978857880E0
9.327798692E1,2.731519775E0,6.030509491E0,7.979756012E0
9.328800692E1,2.772833862E0,6.064937897E0,7.946674805E0
9.329802592E1,2.736609192E0,6.014492798E0,7.921826477E0
9.330804492E1,2.646197205E0,6.004763031E0,7.876321106E0
9.331806392E1,2.624642029E0,5.952072601E0,7.856711884E0
9.332808292E1,2.711461487E0,5.999972992E0,7.906558228E0
9.333810192E1,2.697390747E0,6.069578247E0,8.076903992E0
9.334812092E1,2.640958099E0,5.976322174E0,7.915838928E0
9.335813992E1,2.694097595E0,6.003715210E0,8.241411896E0
9.336815992E1,2.589016113E0,6.051615601E0,7.975564728E0
9.337817892E1,2.543959808E0,5.924230499E0,7.892188110E0
9.338819792E1,2.541115723E0,5.957012329E0,7.867190094E0
9.339821692E1,2.571951599E0,5.980812836E0,8.181686096E0
9.340823592E1,2.516716461E0,6.033802643E0,8.084388428E0
9.341825492E1,2.499801636E0,5.895939331E0,7.968978424E0
9.342827392E1,2.499202881E0,5.959257660E0,7.977660370E0
9.343829292E1,2.487078094E0,5.925428009E0,7.983647919E0
9.344831292E1,2.498454437E0,5.789211273E0,7.970924377E0
9.345833192E1,2.573298798E0,5.940845947E0,8.197104034E0
9.346835092E1,2.556234283E0,5.974226532E0,7.977959747E0
9.347836992E1,2.581082611E0,5.903723145E0,7.973768463E0
9.348838892E1,2.598745880E0,5.953120422E0,7.949219513E0
9.349840792E1,2.592458954E0,5.994883575E0,7.886499939E0
9.350842692E1,2.591710510E0,5.880222015E0,7.759264526E0
9.351844592E1,2.676733704E0,5.932463379E0,7.860154724E0
9.352846492E1,2.604583740E0,6.063441010E0,7.636669464E0
9.353848492E1,2.618055725E0,5.932912445E0,7.771838379E0
9.354850392E1,2.628533936E0,6.118227081E0,7.802823944E0
9.355852292E1,2.629282379E0,6.040538635E0,7.876321106E0
9.356854192E1,2.621947632E0,6.104605408E0,7.845335541E0
9.357856092E1,2.591411133E0,6.165079651E0,7.833210754E0
9.358857992E1,2.590662689E0,6.152056732E0,7.851772156E0
9.359859892E1,2.538870392E0,6.154302063E0,7.853867798E0
9.360861792E1,2.578537903E0,6.149362335E0,7.767347717E0
9.361863792E1,2.530936890E0,6.300248566E0,7.815248108E0
9.362865692E1,2.427501984E0,6.267766113E0,7.715705109E0
9.363867592E1,2.409090271E0,6.277495880E0,7.698490906E0
9.364869492E1,2.361638947E0,6.322701874E0,7.731871490E0
9.365871392E1,2.338736572E0,6.344107361E0,7.710016937E0
9.366873292E1,2.333796844E0,6.345005493E0,7.672744446E0
9.367875192E1,2.425256653E0,6.345155182E0,7.664361877E0
9.368877092E1,2.471809845E0,6.317911835E0,7.560328217E0
9.369879092E1,2.502046967E0,6.196364594E0,7.447462921E0
9.370880992E1,2.522704010E0,6.116281128E0,7.384593658E0
9.371882892E1,2.524949341E0,6.276897125E0,7.481142883E0
9.372884792E1,2.480791168E0,6.526128845E0,7.551496582E0
9.373886692E1,2.464475098E0,6.438710632E0,7.408543854E0
9.374888592E1,2.522554321E0,6.531667328E0,7.805668030E0
9.375890492E1,2.510130157E0,6.454278259E0,7.778873749E0
9.376892392E1,2.604583740E0,6.363866272E0,7.731871490E0
9.377894392E1,2.633623352E0,6.275250549E0,7.497908020E0
9.378896292E1,2.662662964E0,6.232289886E0,7.517666931E0
9.379898192E1,2.675236816E0,6.230194244E0,7.551646271E0
9.380900092E1,2.657872925E0,6.260281677E0,7.573800201E0
9.381901992E1,2.619253235E0,6.320456543E0,7.581733704E0
9.382903892E1,2.583627319E0,6.326294403E0,7.600893860E0
9.383905792E1,2.561174011E0,6.397995300E0,7.645650787E0
9.384907692E1,2.534978485E0,6.507866821E0,7.708220673E0
9.385909692E1,2.475102997E0,6.521338806E0,7.735014954E0
9.386911592E1,2.393672333E0,6.494245148E0,7.742050323E0
9.387913492E1,2.356250153E0,6.479875031E0,7.805817719E0
9.388915392E1,2.278262329E0,6.451733551E0,7.846383362E0
9.389917292E1,2.275717621E0,6.502627716E0,7.867788849E0
9.390919192E1,2.249222717E0,6.443051605E0,7.848778381E0
9.391921092E1,2.267484741E0,6.483168182E0,7.847131805E0
9.392922992E1,2.273472290E0,6.423891449E0,7.812553711E0
9.393924892E1,2.292931824E0,6.456822968E0,7.777676239E0
9.394926892E1,2.283950500E0,6.456074524E0,7.754025421E0
9.395928792E1,2.306703186E0,6.455026703E0,7.700885925E0
9.396930692E1,2.329006805E0,6.454278259E0,7.737559662E0
9.397932592E1,2.382595367E0,6.477330322E0,7.825426941E0
9.398934492E1,2.416574707E0,6.486161957E0,7.825576630E0
9.399936392E1,2.543061676E0,6.506819000E0,7.794291687E0
9.400938292E1,2.586321716E0,6.503226471E0,7.731721802E0
9.401940292E1,2.679877167E0,6.550977173E0,7.738457794E0
9.402942192E1,2.731220398E0,6.556365967E0,7.720345459E0
9.403944092E1,2.715652771E0,6.587501221E0,7.725285187E0
9.404945992E1,2.679278412E0,6.612199860E0,7.799680481E0
9.405947892E1,2.664608917E0,6.616840210E0,7.871231689E0
9.406949792E1,2.688708801E0,6.613097992E0,7.893385620E0
9.407951692E1,2.696791992E0,6.591393127E0,7.890840912E0
9.408953592E1,2.659669189E0,6.577472076E0,7.896229706E0
9.409955492E1,2.646496582E0,6.569688263E0,7.866441650E0
9.410957492E1,2.642604675E0,6.601422272E0,7.802823944E0
9.411959392E1,2.587818604E0,6.622378693E0,7.782017212E0
9.412961292E1,2.476450195E0,6.640341339E0,7.778574371E0
9.413963192E1,2.476150818E0,6.611750793E0,7.773784332E0
9.414965092E1,2.360591125E0,6.722370758E0,8.031248932E0
9.415966992E1,2.351759491E0,6.657705231E0,7.970475311E0
9.416968892E1,2.378104706E0,6.687792664E0,7.965834961E0
9.417970800E1,2.368674316E0,6.757846985E0,7.981402588E0
9.418972800E1,2.387535095E0,6.686894531E0,7.989485779E0
9.419974700E1,2.423460388E0,6.670728149E0,7.989785156E0
9.420976600E1,2.381547546E0,6.715335388E0,8.066725159E0
9.421978500E1,2.350412292E0,6.696773987E0,8.071066132E0
9.422980400E1,2.393372955E0,6.702761536E0,7.999065857E0
9.423982300E1,2.428849182E0,6.732100525E0,7.893684998E0
9.424984200E1,2.437531128E0,6.801107025E0,7.824379120E0
9.425986100E1,2.470462646E0,6.874903564E0,7.865693207E0
9.426988100E1,2.461780701E0,6.902595978E0,7.926317139E0
9.427990000E1,2.463127899E0,6.860234070E0,7.970475311E0
9.428991900E1,2.511028290E0,6.840175781E0,8.028255157E0
9.429993800E1,2.549198914E0,6.779701538E0,8.028853912E0
9.430995700E1,2.600093079E0,6.726262665E0,8.000263367E0
9.431997600E1,2.618804169E0,6.731801147E0,8.028255157E0
9.432999500E1,2.614612885E0,6.751110992E0,8.086783447E0
9.434001400E1,2.662812653E0,6.749314728E0,8.045169983E0
9.435003400E1,2.715652771E0,6.746320953E0,8.002059631E0
9.436005300E1,2.784359894E0,6.815477142E0,8.006999359E0
9.437007200E1,2.762655029E0,6.860832825E0,8.045319672E0
9.438009100E1,2.730921021E0,6.894363098E0,8.062683563E0
9.439011000E1,2.689606934E0,6.912325745E0,8.091274109E0
9.440012900E1,2.665357361E0,6.877298584E0,8.204588470E0
9.441014800E1,2.646646271E0,6.857090607E0,8.294252014E0
9.442016700E1,2.613714752E0,6.829847260E0,8.412805481E0
9.443018600E1,2.597099304E0,6.754853210E0,8.518635406E0
9.444020600E1,2.607128448E0,6.729855194E0,8.547225952E0
9.445022500E1,2.606230316E0,6.606960754E0,8.555009766E0
9.446024400E1,2.601290588E0,6.533912659E0,8.479416962E0
9.447026300E1,2.609373779E0,6.564149780E0,8.369695129E0
9.448028200E1,2.631228333E0,6.635102234E0,8.265062714E0
9.449030100E1,2.587070160E0,6.743776245E0,8.173153839E0
9.450032000E1,2.519410858E0,6.834038544E0,8.155939636E0
9.451033900E1,2.531685333E0,6.998546448E0,8.188871155E0
9.452035900E1,2.541864166E0,7.084617462E0,8.226443024E0
9.453037800E1,2.552492065E0,7.227420502E0,8.252488861E0
9.454039700E1,2.523452454E0,7.287745056E0,8.264763336E0
9.455041600E1,2.526745605E0,7.319928131E0,8.267158356E0
9.456043500E1,2.558329926E0,7.268734589E0,8.240962830E0
9.457045400E1,2.532733154E0,7.159461823E0,8.224796448E0
9.458047300E1,2.520907745E0,7.089257813E0,8.242908783E0
9.459049200E1,2.546354828E0,7.044800262E0,8.263416138E0
9.460051200E1,2.540966034E0,6.943910065E0,8.309520264E0
9.461053100E1,2.542612610E0,6.881190491E0,8.409362640E0
9.462055000E1,2.531535645E0,6.843618622E0,8.507857819E0
9.463056900E1,2.645149384E0,6.741830292E0,8.472680969E0
9.464058800E1,2.628533936E0,6.784940643E0,8.752149811E0
9.465060700E1,2.643652496E0,6.639892273E0,8.772058411E0
9.466062600E1,2.681823120E0,6.624324646E0,8.824150085E0
9.467064500E1,2.731819153E0,6.604416046E0,8.807983704E0
9.468066500E1,2.790048065E0,6.639293518E0,8.822054443E0
9.469068400E1,2.817141724E0,6.685846710E0,8.798403625E0
9.470070300E1,2.827170868E0,6.813381500E0,8.710386658E0
9.471072200E1,2.803969116E0,6.939419403E0,8.588540039E0
9.472074100E1,2.785856781E0,7.013365631E0,8.418044586E0
9.473076000E1,2.834804993E0,7.127278748E0,8.213420105E0
9.474077900E1,2.808759155E0,7.288194122E0,8.207582245E0
9.475079800E1,2.791095886E0,7.280559998E0,8.049510956E0
9.476081800E1,2.740351410E0,7.338190155E0,8.052355042E0
9.477083700E1,2.654879150E0,7.381300507E0,8.074658661E0
9.478085600E1,2.556683350E0,7.419022064E0,8.192613373E0
9.479087500E1,2.420316925E0,7.355404358E0,8.267906799E0
9.480089400E1,2.407443695E0,7.279961243E0,8.387208710E0
9.481091300E1,2.409239960E0,7.287894745E0,8.491242371E0
9.482093200E1,2.432890778E0,7.156168671E0,8.685688019E0
9.483095100E1,2.427651672E0,7.005581818E0,8.936865692E0
9.484097100E1,2.427801361E0,6.853049011E0,9.174870758E0
9.485099000E1,2.465822296E0,6.693480835E0,9.286089478E0
9.486100900E1,2.506387939E0,6.492299194E0,9.253607025E0
9.487102800E1,2.607427826E0,6.431226196E0,9.153614960E0
9.488104700E1,2.637814636E0,6.394702148E0,9.040001221E0
9.489106600E1,2.683619385E0,6.398294678E0,8.862320709E0
9.490108500E1,2.690505066E0,6.660399628E0,8.818761292E0
9.491110400E1,2.668500824E0,6.801705780E0,8.735833740E0
9.492112400E1,2.725981293E0,7.084916840E0,8.596772919E0
9.493114300E1,2.767744446E0,7.282655640E0,8.491541748E0
9.494116200E1,2.727627869E0,7.463030548E0,8.362510071E0
9.495118100E1,2.763852539E0,7.506290588E0,8.434061279E0
9.496120000E1,2.666554871E0,7.518565063E0,8.538843384E0
9.497121900E1,2.637066193E0,7.439230042E0,8.554560699E0
9.498123800E1,2.596500549E0,7.331005096E0,8.548722839E0
9.499125700E1,2.577490082E0,7.181466064E0,8.500672760E0
9.500127600E1,2.589614868E0,7.070696411E0,8.521778870E0
9.501129600E1,2.595153351E0,6.994055786E0,8.441396027E0
9.502131500E1,2.566712494E0,6.965764618E0,8.420140228E0
9.503133400E1,2.533182220E0,7.010521545E0,8.387807465E0
9.504135300E1,2.498304749E0,7.092700653E0,8.352630615E0
9.505137200E1,2.416425018E0,7.118447113E0,8.439749451E0
9.506139100E1,2.407892761E0,7.233557739E0,8.549171906E0
9.507141000E1,2.443518677E0,7.250023499E0,8.784931641E0
9.508142900E1,2.479294281E0,7.186256104E0,8.982371063E0
9.509144900E1,2.466121674E0,6.964866486E0,9.336833954E0
9.510146800E1,2.365081787E0,6.680757294E0,9.610914001E0
9.511148700E1,2.400558014E0,6.461313629E0,9.529932404E0
9.512150600E1,2.532134399E0,6.404132538E0,9.403295746E0
9.513152500E1,2.605631561E0,6.310577087E0,9.118587799E0
9.514154400E1,2.639161835E0,6.492299194E0,8.854087830E0
9.515156300E1,2.613714752E0,6.673422546E0,8.542286224E0
9.516158200E1,2.616558838E0,6.922504578E0,8.408314819E0
9.517160200E1,2.624342651E0,7.194788361E0,8.278983765E0
9.518162050E1,2.652933197E0,7.385940857E0,8.293204193E0
9.519163950E1,2.572400665E0,7.489226074E0,8.365653534E0
9.520165850E1,2.519111481E0,7.501799927E0,8.426876221E0
9.521167750E1,2.447709961E0,7.397017822E0,8.562194824E0
9.522169650E1,2.385140076E0,7.157815247E0,8.678802338E0
9.523171550E1,2.393073578E0,7.004683685E0,8.754844208E0
9.524173450E1,2.426005096E0,6.920408936E0,8.674012299E0
9.525175450E1,2.472109222E0,6.921456757E0,8.498726807E0
9.526177350E1,2.487527161E0,7.008575592E0,8.423283691E0
9.527179250E1,2.474055176E0,7.034771118E0,8.438402252E0
9.528181150E1,2.412084045E0,7.053182831E0,8.493338013E0
9.529183050E1,2.387086029E0,7.068301392E0,8.564440155E0
9.530184950E1,2.437980194E0,7.020101624E0,8.703051910E0
9.531186850E1,2.488425293E0,6.852899323E0,8.865015106E0
9.532188750E1,2.462080078E0,6.624624023E0,9.047934723E0
9.533190750E1,2.419269104E0,6.430926819E0,9.155860291E0
9.534192650E1,2.476150818E0,6.324647827E0,9.139095154E0
9.535194550E1,2.636916504E0,6.336024170E0,9.136849823E0
9.536196450E1,2.672243042E0,6.376589813E0,9.005423126E0
9.537198350E1,2.688559113E0,6.472091217E0,8.824599152E0
9.538200250E1,2.695145416E0,6.604715424E0,8.586444397E0
9.539202150E1,2.715802460E0,6.768025818E0,8.373287659E0
9.540204050E1,2.737806702E0,6.990612946E0,8.204887848E0
9.541205950E1,2.766696625E0,7.204518127E0,8.245303802E0
9.542207950E1,2.704126740E0,7.245981903E0,8.256231079E0
9.543209850E1,2.597847748E0,7.171436920E0,8.294551392E0
9.544211750E1,2.498155060E0,6.959328003E0,8.270900574E0
9.545213650E1,2.439926147E0,6.859934692E0,8.210576019E0
9.546215550E1,2.483635254E0,6.751709747E0,8.087831268E0
9.547217450E1,2.451452179E0,6.888674927E0,8.188272400E0
9.548219350E1,2.447260895E0,6.913223877E0,8.227490845E0
9.549221250E1,2.445614319E0,6.954687653E0,8.174650726E0
9.550223250E1,2.377805328E0,6.891219635E0,8.208929443E0
9.551225150E1,2.328857117E0,6.954238586E0,8.300089874E0
9.552227050E1,2.350561981E0,6.941964111E0,8.497978363E0
9.553228950E1,2.318378906E0,6.765630798E0,8.800050201E0
9.554230850E1,2.233505402E0,6.469247131E0,8.969647522E0
9.555232750E1,2.208806763E0,6.155798950E0,9.029373322E0
9.556234650E1,2.218536530E0,5.924978943E0,9.057814178E0
9.557236550E1,2.342778168E0,5.883964233E0,8.918753357E0
9.558238550E1,2.410287781E0,5.983357544E0,8.824748840E0
9.559240450E1,2.532284088E0,6.214776306E0,8.552914124E0
9.560242350E1,2.466720428E0,6.251150665E0,8.311466217E0
9.561244250E1,2.518363037E0,6.529421997E0,8.391998749E0
9.562246150E1,2.566562805E0,6.736441498E0,8.057444458E0
9.563248050E1,2.584525452E0,6.909930725E0,7.915090485E0
9.564249950E1,2.552492065E0,6.967261505E0,7.885152740E0
9.565251850E1,2.520608368E0,6.890471191E0,7.863896942E0
9.566253850E1,2.443368988E0,6.834038544E0,7.999065857E0
9.567255750E1,2.421963501E0,6.773564301E0,8.226443024E0
9.568257650E1,2.391427002E0,6.560257874E0,8.198451233E0
9.569259550E1,2.279759216E0,6.310876465E0,8.154442749E0
9.570261450E1,2.346370697E0,6.265371094E0,8.057294769E0
9.571263350E1,2.317780151E0,6.314618683E0,7.954757996E0
9.572265250E1,2.323168945E0,6.429280243E0,7.895331573E0
9.573267150E1,2.303260345E0,6.547085266E0,7.851173401E0
9.574269150E1,2.230960693E0,6.630461884E0,7.903414764E0
9.575271050E1,2.099234619E0,6.653513947E0,7.987539825E0
9.576272950E1,2.126477966E0,6.578968964E0,7.966284027E0
9.577274850E1,2.136806488E0,6.444997559E0,8.287665710E0
9.578276750E1,2.117796021E0,6.250551910E0,8.463100891E0
9.579278650E1,2.154170380E0,5.949228516E0,8.582702179E0
9.580280550E1,2.065854034E0,5.658083954E0,8.677904205E0
9.581282450E1,2.041754150E0,5.510191498E0,8.660690002E0
9.582284450E1,2.168839874E0,5.594466248E0,8.605005798E0
9.583286350E1,2.178869019E0,5.696553955E0,8.493338013E0
9.584288250E1,2.200723572E0,5.879772949E0,8.236172791E0
9.585290150E1,2.169588318E0,6.022276611E0,8.014034729E0
9.586292050E1,2.166295166E0,6.171516266E0,7.908653870E0
9.587293950E1,2.240989838E0,6.297404480E0,7.823630676E0
9.588295850E1,2.371967468E0,6.417604523E0,7.775281219E0
9.589297750E1,2.515668640E0,6.415658569E0,7.809110870E0
9.590299750E1,2.581831055E0,6.352489929E0,7.747289429E0
9.591301650E1,2.426304474E0,6.287974091E0,7.613617401E0
9.592303550E1,2.228415985E0,6.373745728E0,7.447163544E0
9.593305450E1,2.108964386E0,6.358627167E0,7.359146576E0
9.594307350E1,2.091750183E0,6.356830902E0,7.614216156E0
9.595309250E1,2.084565125E0,6.274651794E0,7.495962067E0
9.596311150E1,2.108066254E0,6.069278870E0,7.583080902E0
9.597313050E1,2.023342438E0,6.264023895E0,7.222780151E0
9.598314950E1,2.138902130E0,6.149212646E0,7.357500000E0
9.599316950E1,2.157014465E0,6.059100037E0,7.551795959E0
9.600318850E1,2.176623688E0,5.894143066E0,7.708969116E0
9.601320750E1,2.183209991E0,5.727240143E0,7.796237640E0
9.602322650E1,2.175725555E0,5.526357880E0,7.817343750E0
9.603324550E1,2.036365356E0,5.466632080E0,8.025710449E0
9.604326450E1,2.041754150E0,5.303471375E0,8.106991425E0
9.605328350E1,1.957329712E0,5.217849426E0,8.231233063E0
9.606330250E1,2.031425629E0,5.273833008E0,8.144413605E0
9.607332250E1,1.985620880E0,5.380112000E0,7.977360992E0
9.608334150E1,2.107916565E0,5.579647064E0,7.724237366E0
9.609336050E1,1.978435822E0,5.747597809E0,7.618108063E0
9.610337950E1,1.993554382E0,5.644162903E0,7.605983276E0
9.611339850E1,1.853146362E0,5.935756531E0,7.248825989E0
9.612341750E1,1.909279633E0,5.915398865E0,7.155569916E0
9.613343650E1,1.979034576E0,5.936654663E0,7.201524353E0
9.614345550E1,1.976938934E0,5.873036957E0,7.239096222E0
9.615347550E1,1.962269440E0,5.740861816E0,7.274422760E0
9.616349450E1,1.908531189E0,5.634283447E0,7.361391907E0
9.617351350E1,1.862127686E0,5.489833832E0,7.444918213E0
9.618353642E1,1.723964996E0,5.419180756E0,7.624544678E0
9.619355542E1,1.832788696E0,5.491630096E0,7.746091919E0
9.620357442E1,1.871109009E0,5.435646515E0,7.554340668E0
9.621359342E1,1.898801422E0,5.386997681E0,7.509733429E0
9.622361242E1,1.876647491E0,5.302872620E0,7.433841248E0
9.623363242E1,1.782193909E0,5.296286316E0,7.421866150E0
9.624365142E1,1.757644958E0,5.296286316E0,7.397167511E0
9.625367042E1,1.752106476E0,5.363496552E0,7.346722412E0
9.626368942E1,1.710193634E0,5.380710754E0,7.394323425E0
9.627370842E1,1.618284760E0,5.380411377E0,7.399562531E0
9.628372742E1,1.737586670E0,5.375621338E0,7.575147400E0
9.629374642E1,1.872605896E0,5.177882538E0,7.333549805E0
9.630376542E1,1.790426788E0,5.148094482E0,7.337292023E0
9.631378442E1,1.766925659E0,5.085225220E0,7.482939148E0
9.632380442E1,1.854044495E0,5.101391602E0,7.329208832E0
9.633382342E1,1.882934418E0,5.043312378E0,7.281458130E0
9.634384242E1,1.850002899E0,5.060975647E0,7.305707703E0
9.635386142E1,1.827100525E0,5.107528839E0,7.266938324E0
9.636388042E1,1.822460175E0,5.142406311E0,7.219636688E0
9.637389942E1,1.818119202E0,5.178481293E0,7.236252136E0
9.638391842E1,1.812281342E0,5.156776428E0,7.185657349E0
9.639393742E1,1.794618073E0,5.093907166E0,7.150929565E0
9.640395742E1,1.775757294E0,5.023703156E0,7.135511627E0
9.641397642E1,1.773811340E0,4.956792297E0,7.094496918E0
9.642399542E1,1.748064880E0,4.912783813E0,7.020850067E0
9.643401442E1,1.729802856E0,4.849465485E0,7.012018433E0
9.644403342E1,1.720372467E0,4.887336731E0,6.997648315E0
9.645405242E1,1.735790405E0,4.950355682E0,6.985523529E0
9.646407142E1,1.645677795E0,4.924758911E0,6.970105591E0
9.647409042E1,1.628912659E0,4.971910858E0,6.994205475E0
9.648411042E1,1.608405304E0,4.969366150E0,7.001540222E0
9.649412942E1,1.584006042E0,4.990921326E0,7.021598511E0
9.650414842E1,1.591490479E0,4.942272491E0,7.049889679E0
9.651416742E1,1.560355225E0,4.839885406E0,7.095245361E0
9.652418642E1,1.572330322E0,4.808151398E0,7.203470306E0
9.653420542E1,1.629511414E0,4.775519257E0,7.186405792E0
9.654422442E1,1.629361725E0,4.655768280E0,7.006479950E0
9.655424342E1,1.637145538E0,4.635859680E0,6.941365356E0
9.656426342E1,1.660646667E0,4.607269135E0,6.940018158E0
9.657428242E1,1.717079315E0,4.645140381E0,6.939868469E0
9.658430142E1,1.741029510E0,4.667743378E0,6.906188507E0
9.659432042E1,1.777703247E0,4.651726685E0,6.912475433E0
9.660433942E1,1.734443207E0,4.623585205E0,6.916367340E0
9.661435842E1,1.773062897E0,4.655917969E0,6.960375824E0
9.662437742E1,1.716480560E0,4.634662170E0,6.908433838E0
9.663439642E1,1.683249664E0,4.580923920E0,6.875352631E0
9.664441642E1,1.681453400E0,4.537514191E0,6.862030334E0
9.665443542E1,1.693877563E0,4.514013062E0,6.900051270E0
9.666445442E1,1.672921143E0,4.531826019E0,6.878645782E0
9.667447342E1,1.657802582E0,4.526287537E0,6.905440063E0
9.668449242E1,1.623374176E0,4.520599365E0,6.934030609E0
9.669451142E1,1.589993591E0,4.520150299E0,6.879693604E0
9.670453042E1,1.556163940E0,4.474495239E0,6.868616638E0
9.671454942E1,1.556313629E0,4.481979675E0,6.911277924E0
9.672456842E1,1.552571411E0,4.450994110E0,6.839876404E0
9.673458842E1,1.542691956E0,4.449497223E0,6.790628815E0
9.674460742E1,1.515149231E0,4.489763489E0,6.784042511E0
9.675462642E1,1.489402771E0,4.499193878E0,6.778653717E0
9.676464542E1,1.476379852E0,4.508474579E0,6.678961029E0
9.677466442E1,1.487606506E0,4.487667847E0,6.598428497E0
9.678468342E1,1.506317596E0,4.504283295E0,6.681206360E0
9.679470242E1,1.507066040E0,4.485123138E0,6.695875854E0
9.680472142E1,1.508113861E0,4.462520142E0,6.678062897E0
9.681474142E1,1.503174133E0,4.401746521E0,6.583908691E0
9.682476042E1,1.531465302E0,4.398453369E0,6.562203827E0
9.683477942E1,1.563348999E0,4.428690491E0,6.629563751E0
9.684479842E1,1.579814758E0,4.415068817E0,6.563551025E0
9.685481742E1,1.603465576E0,4.451293488E0,6.590644684E0
9.686483642E1,1.610351257E0,4.451443176E0,6.625222778E0
9.687485542E1,1.611548767E0,4.405339050E0,6.579867096E0
9.688487442E1,1.581910400E0,4.374952240E0,6.481222229E0
9.689489442E1,1.564995575E0,4.337979126E0,6.494544525E0
9.690491342E1,1.548230438E0,4.346511383E0,6.567742310E0
9.691493242E1,1.492546234E0,4.378993835E0,6.523434448E0
9.692495142E1,1.461410980E0,4.421206055E0,6.681206360E0
9.693497042E1,1.442550201E0,4.398902435E0,6.749165039E0
9.694498942E1,1.423390045E0,4.318519592E0,6.785838776E0
9.695500842E1,1.425635376E0,4.243076477E0,6.773264923E0
9.696502742E1,1.426832886E0,4.181554413E0,6.740632782E0
9.697504742E1,1.445843353E0,4.180955658E0,6.716532898E0
9.698506642E1,1.480421448E0,4.192332001E0,6.638245697E0
9.699508542E1,1.483115845E0,4.182751923E0,6.522985382E0
9.700510442E1,1.543739777E0,4.254003754E0,6.494394836E0
9.701512342E1,1.567390594E0,4.307592316E0,6.431675262E0
9.702514242E1,1.551523590E0,4.364024963E0,6.472240906E0
9.703516142E1,1.539847870E0,4.376449127E0,6.506369934E0
9.704518042E1,1.532213745E0,4.378544769E0,6.509812775E0
9.705519942E1,1.539698181E0,4.351451111E0,6.454128571E0
9.706521942E1,1.548380127E0,4.312981110E0,6.388564911E0
9.707523842E1,1.535955963E0,4.285288696E0,6.394552460E0
9.708525742E1,1.534608765E0,4.264182587E0,6.374344482E0
9.709527642E1,1.594933319E0,4.311184845E0,6.383176117E0
9.710529542E1,1.557810516E0,4.342020721E0,6.360722809E0
9.711531442E1,1.507814484E0,4.346511383E0,6.414461060E0
9.712533342E1,1.473835144E0,4.343517609E0,6.477330322E0
9.713535242E1,1.444795532E0,4.370012512E0,6.553671570E0
9.714537242E1,1.443148956E0,4.364923096E0,6.577472076E0
9.715539142E1,1.450932770E0,4.302053833E0,6.585854645E0
9.716541042E1,1.484912109E0,4.271517334E0,6.567891998E0
9.717542975E1,1.461111603E0,4.266427917E0,6.490802307E0
9.718544875E1,1.448837128E0,4.267176361E0,6.509812775E0
9.719546775E1,1.444047089E0,4.290078735E0,6.530918884E0
9.720548675E1,1.455872498E0,4.307891693E0,6.561754761E0
9.721550575E1,1.462608490E0,4.346062317E0,6.550228729E0
9.722552575E1,1.473685455E0,4.367018738E0,6.536307678E0
9.723554475E1,1.503024445E0,4.367018738E0,6.540349274E0
9.724556375E1,1.527274017E0,4.345014496E0,6.535110168E0
9.725558275E1,1.557810516E0,4.336931305E0,6.539002075E0
9.726560175E1,1.565294952E0,4.345164185E0,6.571783905E0
9.727562075E1,1.586251373E0,4.332141266E0,6.562952271E0
9.728563975E1,1.588796082E0,4.325554962E0,6.531817017E0
9.729565875E1,1.609004059E0,4.307592316E0,6.496340790E0
9.730567875E1,1.560504913E0,4.283342743E0,6.442452850E0
9.731569775E1,1.527872772E0,4.280947723E0,6.462660828E0
9.732571675E1,1.476080475E0,4.280947723E0,6.552324371E0
9.733573575E1,1.452279968E0,4.306245117E0,6.582711182E0
9.734575475E1,1.469793549E0,4.338278503E0,6.574927368E0
9.735577375E1,1.516047363E0,4.353546753E0,6.545139313E0
9.736579275E1,1.527872772E0,4.367767181E0,6.509214020E0
9.737581175E1,1.517394562E0,4.396357727E0,6.518045654E0
9.738583175E1,1.500779114E0,4.438120880E0,6.527026978E0
9.739585075E1,1.521885223E0,4.451592865E0,6.564149780E0
9.740586975E1,1.505569153E0,4.452191620E0,6.590345306E0
9.741588875E1,1.467099152E0,4.464615784E0,6.622378693E0
9.742590775E1,1.459165649E0,4.459975433E0,6.595285034E0
9.743592675E1,1.459465027E0,4.453987885E0,6.594835968E0
9.744594575E1,1.448687439E0,4.421804810E0,6.657705231E0
9.745596475E1,1.450184326E0,4.419260101E0,6.691385193E0
9.746598475E1,1.486109619E0,4.437522125E0,6.695127411E0
9.747600375E1,1.504970398E0,4.428241425E0,6.640940094E0
9.748602275E1,1.499880981E0,4.438869324E0,6.672225037E0
9.749604175E1,1.532812500E0,4.456083527E0,6.668632507E0
9.750606075E1,1.586401062E0,4.471052399E0,6.653513947E0
9.751607975E1,1.624571686E0,4.494104462E0,6.691684570E0
9.752609875E1,1.619182892E0,4.494553528E0,6.714287567E0
9.753611775E1,1.615889740E0,4.475393372E0,6.704857178E0
9.754613775E1,1.604363708E0,4.446802826E0,6.713090057E0
9.755615675E1,1.588347015E0,4.414919128E0,6.771318970E0
9.756617575E1,1.598675537E0,4.429588623E0,6.802753601E0
9.757619475E1,1.612297211E0,4.481380920E0,6.782395935E0
9.758621375E1,1.614991608E0,4.539460144E0,6.829996948E0
9.759623275E1,1.586101685E0,4.605622559E0,6.834188232E0
9.760625175E1,1.584305420E0,4.669240265E0,6.784641266E0
9.761627075E1,1.595083008E0,4.701123962E0,6.793921967E0
9.762629075E1,1.574425964E0,4.756359100E0,6.814728699E0
9.763630975E1,1.568588104E0,4.741689606E0,6.800208893E0
9.764632875E1,1.580413513E0,4.752616882E0,6.780449982E0
9.765634775E1,1.574875031E0,4.754712524E0,6.808591461E0
9.766636675E1,1.563947754E0,4.734953613E0,6.911577301E0
9.767638575E1,1.548230438E0,4.764442291E0,6.923253021E0
9.768640475E1,1.536105652E0,4.795128479E0,6.906936951E0
9.769642375E1,1.533411255E0,4.822371826E0,6.923702087E0
9.770644375E1,1.542991333E0,4.807402954E0,6.916367340E0
9.771646275E1,1.571432190E0,4.765490112E0,6.853348389E0
9.772648175E1,1.589544525E0,4.752018127E0,6.795119476E0
9.773650075E1,1.586401062E0,4.746629333E0,6.777456207E0
9.774651975E1,1.611848145E0,4.766388245E0,6.814279633E0
9.775653875E1,1.639690247E0,4.777764587E0,6.948849792E0
9.776655775E1,1.656305695E0,4.789140930E0,6.997049561E0
9.777657675E1,1.711690521E0,4.808301086E0,7.036866760E0
9.778659575E1,1.736688538E0,4.855902100E0,7.106921082E0
9.779661575E1,1.746418304E0,4.855902100E0,7.126829681E0
9.780663475E1,1.757345581E0,4.885390778E0,7.030729523E0
9.781665375E1,1.762734375E0,4.925507355E0,6.986721039E0
9.782667275E1,1.747017059E0,4.921016693E0,7.030879211E0
9.783669175E1,1.735491028E0,4.915328522E0,7.084168396E0
9.784671075E1,1.727258148E0,4.944218445E0,7.039261780E0
9.785672975E1,1.735491028E0,5.020559692E0,7.061116333E0
9.786674875E1,1.754351807E0,5.058281250E0,7.110214233E0
9.787676875E1,1.751507721E0,5.090464325E0,7.106172638E0
9.788678775E1,1.741777954E0,5.091811523E0,7.044949951E0
9.789680675E1,1.746567993E0,5.049299927E0,7.075486450E0
9.790682575E1,1.713935852E0,4.997357941E0,7.224726105E0
9.791684475E1,1.693278809E0,5.035827942E0,7.202871552E0
9.792686375E1,1.708247681E0,5.081782379E0,7.214397583E0
9.793688275E1,1.684297485E0,5.136119385E0,7.246580658E0
9.794690175E1,1.679507446E0,5.159321136E0,7.355554047E0
9.795692175E1,1.673070831E0,5.192701721E0,7.421417084E0
9.796694075E1,1.660347290E0,5.208119659E0,7.436835022E0
9.797695975E1,1.673968964E0,5.247487793E0,7.422464905E0
9.798697875E1,1.706301727E0,5.238057404E0,7.440577240E0
9.799699775E1,1.746717682E0,5.246290283E0,7.432044983E0
9.800701675E1,1.748214569E0,5.276228027E0,7.413633270E0
9.801703575E1,1.761985931E0,5.318140869E0,7.383545837E0
9.802705475E1,1.766326904E0,5.346432037E0,7.399113464E0
9.803707475E1,1.793420563E0,5.395230560E0,7.441026306E0
9.804709375E1,1.792372742E0,5.364694061E0,7.489375763E0
9.805711275E1,1.799108734E0,5.324876862E0,7.517068176E0
9.806713175E1,1.813778229E0,5.321733398E0,7.485483856E0
9.807715075E1,1.905387726E0,5.317841492E0,7.504344635E0
9.808716975E1,1.948348389E0,5.316943359E0,7.588619385E0
9.809718875E1,1.989512787E0,5.393733673E0,7.796537018E0
9.810720775E1,1.949695587E0,5.585335236E0,7.916886749E0
9.811722775E1,1.994452515E0,5.618117065E0,8.101003876E0
9.812724675E1,1.900597687E0,5.438789978E0,8.357121277E0
9.813726575E1,1.788331146E0,4.969066772E0,8.582103424E0
9.814728475E1,1.702409821E0,4.482578430E0,8.868457947E0
9.815730375E1,1.611399078E0,3.948638763E0,8.990454254E0
9.816732275E1,1.579216003E0,3.585344238E0,9.169781342E0
9.817733892E1,1.492845612E0,3.304079132E0,9.155710602E0
9.818735792E1,1.551822968E0,3.486250305E0,9.015003204E0
9.819737792E1,1.703158264E0,3.900139618E0,8.824898529E0
9.820739692E1,2.015109558E0,4.574487305E0,8.562943268E0
9.821741592E1,2.256707153E0,5.277724915E0,8.324489136E0
9.822743492E1,2.349813538E0,5.840704193E0,8.015681305E0
9.823745392E1,2.199226685E0,6.079607391E0,7.860903168E0
9.824747292E1,1.904938660E0,6.013145599E0,7.756270752E0
9.825749192E1,1.750310211E0,5.830974426E0,7.618856506E0
9.826751092E1,1.724264374E0,5.779780884E0,7.651189270E0
9.827753092E1,1.768871613E0,5.796096954E0,7.965984650E0
9.828754992E1,1.804198151E0,5.741161194E0,8.360264740E0
9.829756892E1,1.854942627E0,5.508095856E0,8.652606812E0
9.830758792E1,1.919907532E0,5.165009308E0,8.792266388E0
9.831760692E1,2.061213684E0,4.914879456E0,8.813971252E0
9.832762592E1,2.092348938E0,4.874164124E0,8.800349579E0
9.833764492E1,1.926493835E0,5.010530548E0,8.842412109E0
9.834766392E1,1.765279083E0,5.315745850E0,8.769064636E0
9.835768392E1,1.703008575E0,5.472619629E0,8.614436188E0
9.836770292E1,1.741628265E0,5.463488617E0,8.377478943E0
9.837772192E1,1.803000641E0,5.324876862E0,8.227790222E0
9.838774092E1,1.805844727E0,5.308560791E0,8.237070923E0
9.839775992E1,1.817670135E0,5.366640015E0,8.211324463E0
9.840777892E1,1.883084106E0,5.485043793E0,8.252339172E0
9.841779792E1,1.951192474E0,5.622158661E0,8.274193726E0
9.842781692E1,1.959874420E0,5.749394073E0,8.208480377E0
9.843783692E1,1.973945160E0,5.816604309E0,8.188122711E0
9.844785592E1,1.968706055E0,5.889802094E0,8.287516022E0
9.845787492E1,1.865271149E0,5.888754272E0,8.322992249E0
9.846789392E1,1.833686829E0,5.866151276E0,8.311466217E0
9.847791292E1,1.871258698E0,5.820196838E0,8.322842560E0
9.848793192E1,1.950593719E0,5.883365479E0,8.453371124E0
9.849795092E1,2.040556641E0,5.880072327E0,8.660839691E0
9.850796992E1,2.094444580E0,5.866300964E0,8.767268372E0
9.851798992E1,2.162253571E0,5.742508392E0,8.781788177E0
9.852800892E1,2.208806763E0,5.580545197E0,8.795709229E0
9.853802792E1,2.221530304E0,5.486540680E0,8.774453430E0
9.854804692E1,2.217488708E0,5.501509552E0,8.691376190E0
9.855806592E1,2.217788086E0,5.589227142E0,8.605903931E0
9.856808492E1,2.233206024E0,5.665119324E0,8.552315369E0
9.857810392E1,2.194586334E0,5.737119598E0,8.484506378E0
9.858812292E1,2.185006256E0,5.803132324E0,8.444090424E0
9.859814292E1,2.193837891E0,5.912255402E0,8.393196259E0
9.860816192E1,2.203417969E0,6.054759064E0,8.421786804E0
9.861818092E1,2.182611237E0,6.124514008E0,8.536897430E0
9.862819992E1,2.089504852E0,6.084397430E0,8.679700470E0
9.863821892E1,2.011816406E0,6.078110504E0,8.774902496E0
9.864823792E1,1.979783020E0,6.078409882E0,8.860973511E0
9.865825692E1,1.959874420E0,5.992638245E0,8.842262421E0
9.866827592E1,1.980980530E0,5.836961975E0,8.778495026E0
9.867829592E1,2.059417419E0,5.768554230E0,8.728648682E0
9.868831492E1,2.161804504E0,5.821843414E0,8.718020782E0
9.869833392E1,2.204615479E0,5.957611084E0,8.709638214E0
9.870835292E1,2.200124817E0,6.040388947E0,8.760382690E0
9.871837192E1,2.167941742E0,6.128854980E0,8.832832031E0
9.872839092E1,2.133513336E0,6.146069183E0,8.713081055E0
9.873840992E1,2.079176331E0,6.069278870E0,8.869505768E0
9.874842892E1,2.011217651E0,6.067632294E0,8.842561798E0
9.875844892E1,1.980980530E0,5.970634003E0,8.837322693E0
9.876846792E1,1.970801697E0,5.949527893E0,8.783434753E0
9.877848692E1,1.991907806E0,5.934708710E0,8.763526154E0
9.878850592E1,2.036664734E0,5.938001862E0,8.762178955E0
9.879852492E1,2.034718781E0,5.979914703E0,8.805588684E0
9.880854392E1,2.031874695E0,6.021827545E0,8.856183472E0
9.881856292E1,2.180964661E0,6.049370270E0,8.894653473E0
9.882858192E1,2.294279022E0,6.086193695E0,8.773704987E0
9.883860192E1,2.406695251E0,6.091582489E0,8.695118408E0
9.884862092E1,2.502795410E0,6.175108795E0,8.800948334E0
9.885863992E1,2.476150818E0,6.190377045E0,8.973389740E0
9.886865892E1,2.378404083E0,6.126010895E0,8.885672150E0
9.887867792E1,2.291884003E0,6.075565796E0,8.719517670E0
9.888869692E1,2.205962677E0,6.064638519E0,8.602461090E0
9.889871592E1,2.198927307E0,6.106701050E0,8.532556458E0
9.890873492E1,2.263443146E0,6.194568329E0,8.594677277E0
9.891875492E1,2.339784393E0,6.303242340E0,8.740623779E0
9.892877392E1,2.373464355E0,6.361022186E0,8.861123199E0
9.893879292E1,2.301464081E0,6.442901917E0,8.988657990E0
9.894881192E1,2.264191589E0,6.502328339E0,9.007069702E0
9.895883092E1,2.229014740E0,6.511908417E0,9.016500092E0
9.896884992E1,2.184257813E0,6.394253082E0,9.009315033E0
9.897886892E1,2.135608978E0,6.270161133E0,8.943302307E0
9.898888792E1,2.147733765E0,6.158193970E0,8.960815887E0
9.899890792E1,2.211201782E0,6.164181519E0,8.877139893E0
9.900892692E1,2.251318359E0,6.205495605E0,8.855884094E0
9.901894592E1,2.275717621E0,6.214925995E0,8.868308258E0
9.902896492E1,2.249671783E0,6.253096619E0,8.820707245E0
9.903898392E1,2.279759216E0,6.262077942E0,8.867709503E0
9.904900292E1,2.279908905E0,6.202801208E0,8.866661682E0
9.905902192E1,2.305355988E0,6.164031830E0,8.760682068E0
9.906904092E1,2.291734314E0,6.172713776E0,8.710087280E0
9.907906092E1,2.334994354E0,6.242618408E0,8.676257629E0
9.908907992E1,2.336790619E0,6.285130005E0,8.785380707E0
9.909909892E1,2.267035675E0,6.387816467E0,8.817863159E0
9.910911792E1,2.183958435E0,6.450236664E0,8.771609344E0
9.911913692E1,2.112407227E0,6.395001526E0,8.750353546E0
9.912915592E1,2.048639832E0,6.355334015E0,8.691525879E0
9.913917492E1,2.103425903E0,6.327641602E0,8.766220551E0
9.914919392E1,2.199526062E0,6.305637360E0,8.815168762E0
9.915921392E1,2.305056610E0,6.301895142E0,8.796607361E0
9.916923292E1,2.352507935E0,6.377338257E0,8.899892578E0
9.917925112E1,2.359094238E0,6.380631409E0,8.960366821E0
9.918927013E1,2.320773926E0,6.344107361E0,8.939410400E0
9.919928912E1,2.288441162E0,6.389762421E0,9.033265228E0
9.920930812E1,2.182760925E0,6.355633392E0,9.028624878E0
9.921932712E1,2.129771118E0,6.352040863E0,9.031468964E0
9.922934612E1,2.136207733E0,6.429280243E0,8.988508301E0
9.923936612E1,2.130968628E0,6.372548218E0,8.994944916E0
9.924938513E1,2.197729797E0,6.307134247E0,8.970845032E0
9.925940412E1,2.270029449E0,6.246360626E0,8.908424835E0
9.926942312E1,2.287543030E0,6.156697083E0,8.862620087E0
9.927944213E1,2.193239136E0,6.201154633E0,8.942553864E0
9.928946112E1,2.067949677E0,6.321953430E0,9.012458496E0
9.929948012E1,1.943857727E0,6.458170166E0,8.930129700E0
9.930949912E1,2.060914307E0,6.636898499E0,9.023834839E0
9.931951912E1,2.086062012E0,6.627917175E0,8.839568024E0
9.932953812E1,2.106719055E0,6.562802582E0,8.831335144E0
9.933955713E1,2.096091156E0,6.526727600E0,8.902287598E0
9.934957612E1,2.059866486E0,6.420897675E0,8.975784760E0
9.935959512E1,2.055375824E0,6.354585571E0,9.076974335E0
9.936961412E1,2.062411194E0,6.329138489E0,8.876840515E0
9.937963312E1,2.150577850E0,6.271807709E0,8.778495026E0
9.938965212E1,2.159259796E0,6.297554169E0,8.744515686E0
9.939967213E1,2.162552948E0,6.296057281E0,8.691226501E0
9.940969112E1,2.116748199E0,6.311624908E0,8.672066345E0
9.941971012E1,2.071841583E0,6.387217712E0,8.765472107E0
9.942972912E1,2.088906097E0,6.445895691E0,8.816366272E0
9.943974812E1,2.098486176E0,6.518943787E0,8.874595184E0
9.944976712E1,2.096240845E0,6.521937561E0,8.923543396E0
9.945978612E1,2.152823181E0,6.479276276E0,8.962013397E0
9.946980512E1,2.155218201E0,6.422693939E0,9.020242310E0
9.947982412E1,2.117496643E0,6.372997284E0,9.000184021E0
9.948984412E1,2.088157654E0,6.336772614E0,8.925040283E0
9.949986312E1,2.079775085E0,6.307882690E0,8.838669891E0
9.950988212E1,2.097138977E0,6.316564636E0,8.793314209E0
9.951990112E1,2.096540222E0,6.273753662E0,8.712631989E0
9.952992012E1,2.113604736E0,6.305936737E0,8.694519653E0
9.953993912E1,2.229314117E0,6.328988800E0,8.742869110E0
9.954995812E1,2.332898712E0,6.351292419E0,8.817863159E0
9.955997712E1,2.426454163E0,6.396947479E0,8.863069153E0
9.956999712E1,2.459535370E0,6.359225922E0,8.883277130E0
9.958001612E1,2.379152527E0,6.289171600E0,8.884624329E0
9.959003512E1,2.257006531E0,6.260581055E0,8.807684326E0
9.960005412E1,2.205064545E0,6.226302338E0,8.608897705E0
9.961007312E1,2.145039368E0,6.190676422E0,8.460406494E0
9.962009212E1,2.047592010E0,6.175108795E0,8.487051086E0
9.963011112E1,1.959275665E0,6.277495880E0,8.642877045E0
9.964013112E1,1.973196716E0,6.361171875E0,8.745264130E0
9.965015012E1,2.018253021E0,6.357878723E0,8.711434479E0
9.966016912E1,2.074685669E0,6.294410706E0,8.736282806E0
9.967018812E1,2.121089172E0,6.164480896E0,8.760831757E0
9.968020712E1,2.147434387E0,6.103707275E0,8.818910980E0
9.969022612E1,2.144739990E0,6.067482605E0,8.829538879E0
9.970024512E1,2.091450806E0,5.995182953E0,8.965456238E0
9.971026412E1,2.095941467E0,5.956413574E0,8.965605927E0
9.972028313E1,2.108066254E0,5.972729645E0,9.042994995E0
9.973030312E1,2.062261505E0,5.907165985E0,8.998537445E0
9.974032212E1,2.027384033E0,5.877976685E0,8.939260712E0
9.975034112E1,1.978585510E0,5.851930847E0,8.816965027E0
9.976036012E1,1.934277649E0,5.859564972E0,8.732540588E0
9.977037912E1,1.901495819E0,5.907315674E0,8.765921173E0
9.978039813E1,1.867217102E0,5.930367737E0,8.725804596E0
9.979041712E1,1.802551575E0,5.970484314E0,8.807834015E0
9.980043712E1,1.731898499E0,6.027815094E0,8.983867950E0
9.981045612E1,1.740730133E0,6.094276886E0,9.153016205E0
9.982047512E1,1.802252197E0,6.094276886E0,9.117090912E0
9.983049412E1,1.836231537E0,6.030509491E0,9.191336517E0
9.984051313E1,1.878144379E0,5.920039215E0,9.288634186E0
9.985053212E1,1.912123718E0,5.780679016E0,9.244625702E0
9.986055112E1,1.932930450E0,5.708978119E0,9.164392548E0
9.987057013E1,1.862127686E0,5.633235626E0,9.152118073E0
9.988058912E1,1.843715973E0,5.610033875E0,9.105415192E0
9.989060912E1,1.904190216E0,5.656437378E0,9.018895111E0
9.990062813E1,1.918710022E0,5.683231659E0,8.953780518E0
9.991064712E1,1.917362823E0,5.703289948E0,8.950038300E0
9.992066612E1,1.927242279E0,5.731880493E0,8.910969543E0
9.993068513E1,1.951491852E0,5.762267303E0,8.874445496E0
9.994070412E1,1.985770569E0,5.802832947E0,8.832382965E0
9.995072312E1,2.014510803E0,5.830076294E0,8.796757050E0
9.996074212E1,2.054777069E0,5.847140808E0,8.787626038E0
9.997076212E1,2.066303101E0,5.861959991E0,8.826694794E0
9.998078112E1,2.029030609E0,5.827681274E0,8.898695068E0
9.999080013E1,1.969005432E0,5.778733063E0,8.921148376E0
1.000008191E2,1.945354614E0,5.736371155E0,8.928632812E0
1.000108381E2,1.911524963E0,5.672005005E0,8.926836548E0
1.000208571E2,1.859882355E0,5.600154419E0,8.930578766E0
1.000308761E2,1.876647491E0,5.627547455E0,8.948242035E0
1.000408951E2,1.944157104E0,5.618865509E0,8.887767792E0
1.000509151E2,1.974394226E0,5.644162903E0,8.828640747E0
1.000609341E2,1.925745392E0,5.638774109E0,8.803343353E0
1.000709531E2,1.889371033E0,5.619464264E0,8.772208099E0
1.000809721E2,1.841470642E0,5.655988312E0,8.719667358E0
1.000909911E2,1.825753326E0,5.659431152E0,8.696914673E0
1.001010101E2,1.844763794E0,5.707780609E0,8.694369965E0
1.001110291E2,1.823657684E0,5.741909637E0,8.714727631E0
1.001210481E2,1.789528656E0,5.737718353E0,8.788673859E0
1.001310681E2,1.800006866E0,5.711971893E0,8.867559814E0
1.001410871E2,1.830842743E0,5.675597534E0,8.877439270E0
1.001511061E2,1.859732666E0,5.609584808E0,8.844208374E0
1.001611251E2,1.854194183E0,5.586532745E0,8.844657440E0
1.001711441E2,1.862277374E0,5.574407959E0,8.832682343E0
1.001811669E2,1.852547607E0,5.607788544E0,8.813372498E0
1.001911859E2,1.854942627E0,5.641468506E0,8.768914948E0
1.002012049E2,1.890568542E0,5.659580841E0,8.704848175E0
1.002112249E2,1.887125702E0,5.658533020E0,8.708440704E0
1.002212439E2,1.872605896E0,5.638923798E0,8.723559265E0
1.002312629E2,1.900897064E0,5.618416443E0,8.689430237E0
1.002412819E2,1.933379517E0,5.609884186E0,8.670719147E0
1.002513009E2,1.942660217E0,5.625152435E0,8.703650665E0
1.002613199E2,1.979483643E0,5.607489166E0,8.684789886E0
1.002713389E2,1.988614655E0,5.564827881E0,8.718020782E0
1.002813579E2,1.944905548E0,5.599256287E0,8.698561249E0
1.002913779E2,1.902693329E0,5.568121033E0,8.764723663E0
1.003013969E2,1.855541382E0,5.579048309E0,8.757388916E0
1.003114159E2,1.833088074E0,5.594017181E0,8.711584167E0
1.003214349E2,1.837728424E0,5.606591034E0,8.668024750E0
1.003314539E2,1.832639008E0,5.569917297E0,8.668174438E0
1.003414729E2,1.810485077E0,5.520070953E0,8.696764984E0
1.003514919E2,1.777703247E0,5.595214691E0,8.654253387E0
1.003615109E2,1.755399628E0,5.644312592E0,8.655450897E0
1.003715309E2,1.714384918E0,5.601950684E0,8.736881561E0
1.003815499E2,1.713187408E0,5.594316559E0,8.688382416E0
1.003915689E2,1.693278809E0,5.600902863E0,8.669222260E0
1.004015879E2,1.718276825E0,5.577252045E0,8.623417511E0
1.004116069E2,1.732347565E0,5.591771851E0,8.603957977E0
1.004216259E2,1.734592896E0,5.595813446E0,8.589587860E0
1.004316449E2,1.743873596E0,5.592969360E0,8.594228210E0
1.004416639E2,1.751058655E0,5.598208466E0,8.590785370E0
1.004516839E2,1.774859161E0,5.606740723E0,8.617579651E0
1.004617029E2,1.842967529E0,5.609285431E0,8.614136810E0
1.004717219E2,1.899998932E0,5.591023407E0,8.608897705E0
1.004817409E2,1.884131927E0,5.533692627E0,8.640032959E0
1.004917599E2,1.884131927E0,5.475463715E0,8.680149536E0
1.005017789E2,1.909878387E0,5.447471924E0,8.693471832E0
1.005117979E2,1.950593719E0,5.470973053E0,8.722361755E0
1.005218169E2,1.980681152E0,5.465284882E0,8.665180664E0
1.005318369E2,2.008523254E0,5.479804688E0,8.638985138E0
1.005418559E2,1.993404694E0,5.488786011E0,8.582702179E0
1.005518749E2,1.923350372E0,5.456303558E0,8.556207275E0
1.005618939E2,1.868115234E0,5.513035583E0,8.578810272E0
1.005719129E2,1.808688812E0,5.559439087E0,8.639284515E0
1.005819319E2,1.793570251E0,5.582042084E0,8.671766968E0
1.005919509E2,1.811532898E0,5.567073212E0,8.690328369E0
1.006019699E2,1.799408112E0,5.543572083E0,8.643026733E0
1.006119899E2,1.761985931E0,5.480702820E0,8.642128601E0
1.006220089E2,1.784439240E0,5.537285156E0,8.651409302E0
1.006320279E2,1.759890289E0,5.567671967E0,8.596174164E0
1.006420469E2,1.756597137E0,5.598956909E0,8.518635406E0
1.006520659E2,1.701511688E0,5.580545197E0,8.515641632E0
1.006620849E2,1.696871338E0,5.578449554E0,8.526868286E0
1.006721039E2,1.721420288E0,5.608836365E0,8.472231903E0
1.006821229E2,1.724414063E0,5.660329285E0,8.465196533E0
1.006921429E2,1.753004608E0,5.675447845E0,8.470585327E0
1.007021619E2,1.772763519E0,5.649701385E0,8.411308594E0
1.007121809E2,1.815275116E0,5.600004730E0,8.370742950E0
1.007221999E2,1.866169281E0,5.598358154E0,8.317753143E0
1.007322189E2,1.882485352E0,5.623954926E0,8.257727966E0
1.007422379E2,1.885030060E0,5.679938507E0,8.281079407E0
1.007522569E2,1.878443756E0,5.738466797E0,8.387957153E0
1.007622759E2,1.886227570E0,5.781277771E0,8.382568359E0
1.007722959E2,1.918111267E0,5.810916138E0,8.393795013E0
1.007823149E2,1.938768311E0,5.817951508E0,8.437504120E0
1.007923339E2,1.956132202E0,5.807323608E0,8.415948944E0
1.008023529E2,1.938917999E0,5.803431702E0,8.408464508E0
1.008123719E2,1.927990723E0,5.774691467E0,8.425828400E0
1.008223909E2,1.938468933E0,5.744154968E0,8.414152679E0
1.008324099E2,1.933828583E0,5.700595551E0,8.385262756E0
1.008424289E2,1.896705780E0,5.707930298E0,8.341853027E0
1.008524489E2,1.867815857E0,5.774691467E0,8.320447540E0
1.008624679E2,1.868414612E0,5.784570923E0,8.270900574E0
1.008724869E2,1.885329437E0,5.812113647E0,8.160130920E0
1.008825059E2,1.885479126E0,5.855373688E0,8.102650452E0
1.008925249E2,1.871109009E0,5.911806335E0,8.087831268E0
1.009025439E2,1.870061188E0,5.942043457E0,8.118966522E0
1.009125629E2,1.848655701E0,5.967939606E0,8.179740143E0
1.009225819E2,1.790426788E0,5.957012329E0,8.208929443E0
1.009326019E2,1.797013092E0,5.947432251E0,8.227790222E0
1.009426209E2,1.780547333E0,5.945037231E0,8.232131195E0
1.009526399E2,1.785187683E0,5.943390656E0,8.229736176E0
1.009626589E2,1.777254181E0,5.952371979E0,8.230185242E0
1.009726779E2,1.806742859E0,5.935606842E0,8.268206177E0
1.009826969E2,1.830693054E0,5.914949799E0,8.205486603E0
1.009927159E2,1.840422821E0,5.893993378E0,8.121660919E0
1.010027349E2,1.839075623E0,5.912405090E0,8.090525665E0
1.010127549E2,1.860930176E0,5.934409332E0,8.076903992E0
1.010227739E2,1.877096558E0,5.981112213E0,8.076155548E0
1.010327929E2,1.871558075E0,6.013594666E0,8.097561035E0
1.010428119E2,1.885179749E0,6.005212097E0,8.153843994E0
1.010528309E2,1.900747375E0,5.976920929E0,8.167166290E0
1.010628499E2,1.892963562E0,5.925577698E0,8.188272400E0
1.010728689E2,1.897304535E0,5.904920654E0,8.234825592E0
1.010828879E2,1.930685120E0,5.897885284E0,8.268804932E0
1.010929079E2,1.949545898E0,5.893394623E0,8.260272675E0
1.011029269E2,1.951192474E0,5.911956024E0,8.287216644E0
1.011129459E2,1.977837067E0,5.893544312E0,8.303383026E0
1.011229649E2,1.978286133E0,5.896089020E0,8.301586761E0
1.011329839E2,1.953886871E0,5.900280304E0,8.308771820E0
1.011430029E2,1.930236053E0,5.881868591E0,8.321195984E0
1.011530219E2,1.912423096E0,5.860313416E0,8.320597229E0
1.011630409E2,1.921254730E0,5.861959991E0,8.312364349E0
1.011730609E2,1.915716248E0,5.888005829E0,8.340805206E0
1.011830755E2,1.891466675E0,5.957760773E0,8.376580811E0
1.011930945E2,1.887574768E0,5.946234741E0,8.361761627E0
1.012031135E2,1.872156830E0,5.970933380E0,8.353379059E0
1.012131325E2,1.852697296E0,5.935756531E0,8.338559875E0
1.012231515E2,1.839075623E0,5.951473846E0,8.302185516E0
1.012331705E2,1.828148346E0,5.973178711E0,8.255482635E0
1.012431895E2,1.805245972E0,5.994284821E0,8.282725983E0
1.012532095E2,1.801054688E0,6.017037506E0,8.352929993E0
1.012632285E2,1.792522430E0,6.039939880E0,8.392298126E0
1.012732475E2,1.786385193E0,6.028264160E0,8.392896881E0
1.012832665E2,1.810185699E0,6.010900269E0,8.356971588E0
1.012932855E2,1.837578735E0,5.974825287E0,8.338260498E0
1.013033045E2,1.854343872E0,5.960754547E0,8.322842560E0
1.013133235E2,1.857637024E0,5.968538361E0,8.300389252E0
1.013233425E2,1.891915741E0,5.974825287E0,8.310268707E0
1.013333615E2,1.929038544E0,6.000871124E0,8.286019135E0
1.013433815E2,1.960173798E0,6.020031281E0,8.264913025E0
1.013534005E2,1.980830841E0,6.045178986E0,8.275690613E0
1.013634195E2,1.999990997E0,6.049669647E0,8.287366333E0
1.013734385E2,2.010319519E0,6.055806885E0,8.299790497E0
1.013834575E2,1.997895355E0,6.049819336E0,8.312364349E0
1.013934765E2,1.983525238E0,6.043233032E0,8.325836334E0
1.014034955E2,1.996398468E0,6.022725677E0,8.313112793E0
1.014135145E2,2.008972321E0,6.001320190E0,8.285570068E0
1.014235345E2,2.026485901E0,6.010151825E0,8.281079407E0
1.014335535E2,2.005529480E0,6.063890076E0,8.317902832E0
1.014435725E2,1.993554382E0,6.039939880E0,8.300988007E0
1.014535915E2,1.969604187E0,6.068979492E0,8.291856995E0
1.014636105E2,1.964814148E0,6.085445251E0,8.297994232E0
1.014736295E2,1.957629089E0,6.096222839E0,8.289461975E0
1.014836485E2,1.931433563E0,6.093977509E0,8.289162598E0
1.014936675E2,1.904339905E0,6.090983734E0,8.314010925E0
1.015036875E2,1.873504028E0,6.094576263E0,8.337362366E0
1.015137065E2,1.866318970E0,6.089935913E0,8.310568085E0
1.015237255E2,1.862576752E0,6.086792450E0,8.337362366E0
1.015337445E2,1.869163055E0,6.103108521E0,8.359516296E0
1.015437635E2,1.865420837E0,6.124214630E0,8.368347931E0
1.015537825E2,1.873653717E0,6.152356110E0,8.353528748E0
1.015638015E2,1.873653717E0,6.161786499E0,8.322393494E0
1.015738205E2,1.883533173E0,6.154152374E0,8.327333221E0
1.015838405E2,1.886676636E0,6.133944397E0,8.328081665E0
1.015938595E2,1.877695312E0,6.141877899E0,8.324339447E0
1.016038785E2,1.898202667E0,6.139632568E0,8.354875946E0
1.016138975E2,1.914818115E0,6.135590973E0,8.409811707E0
1.016239165E2,1.915267181E0,6.130950623E0,8.450377350E0
1.016339355E2,1.928290100E0,6.120472412E0,8.500373383E0
1.016439545E2,1.967059479E0,6.064488831E0,8.484656067E0
1.016539735E2,1.991608429E0,6.049519958E0,8.468639374E0
1.016639935E2,2.000140686E0,6.043382721E0,8.409212952E0
1.016740125E2,2.019749908E0,6.056705017E0,8.378826141E0
1.016840315E2,2.052082672E0,6.100563812E0,8.376431122E0
1.016940505E2,2.034569092E0,6.125861206E0,8.345894623E0
1.017040695E2,2.004182281E0,6.143973541E0,8.363258514E0
1.017140885E2,1.965562592E0,6.178401947E0,8.362959137E0
1.017241075E2,1.936073914E0,6.198310547E0,8.328830109E0
1.017341265E2,1.912123718E0,6.211782532E0,8.317154388E0
1.017441455E2,1.899400177E0,6.192622375E0,8.316705322E0
1.017541655E2,1.898052979E0,6.152356110E0,8.330626373E0
1.017641845E2,1.921105042E0,6.141279144E0,8.373137970E0
1.017742035E2,1.935475159E0,6.179449768E0,8.428672485E0
1.017842225E2,1.903890839E0,6.199358368E0,8.506061554E0
1.017942415E2,1.872306519E0,6.194119263E0,8.559650116E0
1.018042605E2,1.853595428E0,6.163732452E0,8.566086731E0
1.018142795E2,1.859582977E0,6.121220856E0,8.544531555E0
1.018242995E2,1.886826324E0,6.096222839E0,8.492888947E0
1.018343185E2,1.894011383E0,6.080206146E0,8.423433380E0
1.018443375E2,1.896406403E0,6.071224823E0,8.405321045E0
1.018543565E2,1.896705780E0,6.114185486E0,8.400680695E0
1.018643755E2,1.910327454E0,6.156397705E0,8.397088165E0
1.018743945E2,1.943258972E0,6.213728485E0,8.440647583E0
1.018844135E2,1.965861969E0,6.246210938E0,8.452173615E0
1.018944325E2,1.985321503E0,6.257587280E0,8.439150696E0
1.019044515E2,1.988614655E0,6.278244324E0,8.450976105E0
1.019144715E2,1.986219635E0,6.260131989E0,8.477021942E0
1.019244905E2,1.973496094E0,6.221063232E0,8.455766144E0
1.019345095E2,1.957180023E0,6.181246033E0,8.476722565E0
1.019445285E2,1.934726715E0,6.157445526E0,8.502768402E0
1.019545475E2,1.936373291E0,6.160289612E0,8.517587585E0
1.019645665E2,1.961520996E0,6.151308289E0,8.473728790E0
1.019745855E2,1.956431580E0,6.158493347E0,8.454418945E0
1.019846045E2,1.957180023E0,6.141129456E0,8.446335754E0
1.019946245E2,1.958826599E0,6.130052490E0,8.409212952E0
1.020046435E2,1.948198700E0,6.130501556E0,8.401578827E0
1.020146625E2,1.970502319E0,6.134842529E0,8.384963379E0
1.020246815E2,1.978735199E0,6.143374786E0,8.347840576E0
1.020347005E2,1.970801697E0,6.172264709E0,8.337512054E0
1.020447195E2,1.957030334E0,6.196663971E0,8.354875946E0
1.020547385E2,1.944755859E0,6.196364594E0,8.396190033E0
1.020647575E2,1.953587494E0,6.224655762E0,8.425079956E0
1.020747775E2,1.964514771E0,6.215973816E0,8.392148438E0
1.020847965E2,1.982776794E0,6.254743195E0,8.422684937E0
1.020948155E2,1.936972046E0,6.270161133E0,8.424331512E0
1.021048345E2,1.883383484E0,6.268514557E0,8.461304626E0
1.021148535E2,1.833836517E0,6.243366852E0,8.506211243E0
1.021248725E2,1.843266907E0,6.203399963E0,8.509354706E0
1.021348915E2,1.829794922E0,6.172713776E0,8.530311127E0
1.021449105E2,1.782044220E0,6.164780273E0,8.610843658E0
1.021549305E2,1.789528656E0,6.143225098E0,8.690328369E0
1.021649495E2,1.809287567E0,6.077062683E0,8.702453156E0
1.021749685E2,1.836680603E0,6.037395172E0,8.678053894E0
1.021849874E2,1.864822083E0,5.959856415E0,8.619525604E0
1.021950064E2,1.839824066E0,5.909411316E0,8.533454590E0
1.022050254E2,1.797462158E0,5.853128357E0,8.498876495E0
1.022150444E2,1.800904999E0,5.945935364E0,8.490344238E0
1.022250634E2,1.829794922E0,6.105503540E0,8.512498169E0
1.022350824E2,1.794169006E0,6.196813660E0,8.566984863E0
1.022451024E2,1.869163055E0,6.252946930E0,8.581953735E0
1.022551214E2,2.002835083E0,6.356830902E0,8.462951202E0
1.022651404E2,2.024989014E0,6.242917786E0,8.354277191E0
1.022751594E2,2.040406952E0,6.077511749E0,8.255782013E0
1.022851784E2,1.916764069E0,6.095324707E0,8.325237579E0
1.022951974E2,1.831441498E0,6.206842804E0,8.277786255E0
1.023052164E2,1.884131927E0,6.085445251E0,7.900271301E0
1.023152354E2,2.073039093E0,6.192173309E0,8.266110535E0
1.023252554E2,2.050885162E0,6.245462494E0,8.516539764E0
1.023352744E2,1.992955627E0,6.265820160E0,8.637937317E0
1.023452934E2,1.891316986E0,6.152356110E0,8.590785370E0
1.023553124E2,1.906734924E0,5.984704742E0,8.594976654E0
1.023653314E2,1.860930176E0,5.819897461E0,8.687334595E0
1.023753504E2,1.807940369E0,5.745651855E0,8.661588135E0
1.023853694E2,1.692829742E0,5.687273254E0,8.671168213E0
1.023953884E2,1.678759003E0,5.774092712E0,8.721313934E0
1.024054084E2,1.690285034E0,5.877826996E0,8.720715179E0
1.024154274E2,1.702559509E0,5.884862366E0,8.676107941E0
1.024254464E2,1.748513947E0,5.929469604E0,8.566685486E0
1.024354654E2,1.816772003E0,5.998625793E0,8.482710114E0
1.024454844E2,1.807940369E0,6.100414124E0,8.447832642E0
1.024555034E2,1.762434998E0,6.198909302E0,8.478518829E0
1.024655224E2,1.789678345E0,6.131848755E0,8.441845093E0
1.024755414E2,1.829046478E0,6.086642761E0,8.241561584E0
1.024855614E2,1.858235779E0,6.136189728E0,8.153694305E0
1.024955804E2,1.833237762E0,6.177354126E0,8.136031036E0
1.025055994E2,1.888472900E0,6.256090393E0,8.077951813E0
1.025156184E2,1.934427338E0,6.281687164E0,7.939340057E0
1.025256374E2,1.936522980E0,6.161786499E0,7.882907410E0
1.025356564E2,1.942510529E0,6.224506073E0,7.950716400E0
1.025456754E2,1.888472900E0,6.283034363E0,8.338410187E0
1.025556944E2,1.790576477E0,6.032754822E0,8.700207825E0
1.025657134E2,1.679657135E0,5.780978394E0,8.853489075E0
1.025757334E2,1.635648651E0,5.591771851E0,8.918603668E0
1.025857524E2,1.658401337E0,5.398972778E0,8.903185730E0
1.025957714E2,1.754651184E0,5.376070404E0,8.812025299E0
1.026057904E2,1.871109009E0,5.496270447E0,8.734486542E0
1.026158094E2,1.960622864E0,5.629493408E0,8.638985138E0
1.026258284E2,2.022743683E0,5.791456604E0,8.474626923E0
1.026358474E2,2.024090881E0,5.922284546E0,8.271649017E0
1.026458664E2,1.992805939E0,6.011648712E0,8.145162048E0
1.026558864E2,1.939516754E0,6.087540894E0,8.073161774E0
1.026659054E2,1.879491577E0,6.127507782E0,7.977959747E0
1.026759244E2,1.860181732E0,6.164331207E0,7.880362701E0
1.026859434E2,1.882185974E0,6.276298370E0,7.848628693E0
1.026959624E2,1.859283600E0,6.348598022E0,7.877368927E0
1.027059814E2,1.795366516E0,6.214925995E0,7.948171692E0
1.027160004E2,1.764979706E0,6.090235291E0,7.964038696E0
1.027260194E2,1.801653442E0,6.021079102E0,8.060438232E0
1.027360394E2,1.819616089E0,5.962101746E0,8.242010651E0
1.027460584E2,1.848506012E0,5.836213531E0,8.430468750E0
1.027560774E2,1.804647217E0,5.677244110E0,8.605155487E0
1.027660964E2,1.757345581E0,5.538033600E0,8.680448914E0
1.027761154E2,1.719474335E0,5.399122467E0,8.754844208E0
1.027861344E2,1.653012543E0,5.246290283E0,8.767118683E0
1.027961534E2,1.692230988E0,5.185366974E0,8.675060120E0
1.028061724E2,1.749412079E0,5.235063629E0,8.469088440E0
1.028161914E2,1.778152313E0,5.308411102E0,8.356522522E0
1.028262114E2,1.809437256E0,5.486690369E0,8.273145905E0
1.028362304E2,1.841919708E0,5.648503876E0,8.213270416E0
1.028462494E2,1.847607880E0,5.774392090E0,8.093070374E0
1.028562684E2,1.859433289E0,5.910608826E0,8.079149323E0
1.028662874E2,1.841320953E0,6.010750580E0,8.088430023E0
1.028763064E2,1.824406128E0,6.075565796E0,8.140671387E0
1.028863254E2,1.791474609E0,6.070326691E0,8.165070648E0
1.028963454E2,1.744172974E0,6.006409607E0,8.105045471E0
1.029063644E2,1.689386902E0,5.873935089E0,7.947423248E0
1.029163834E2,1.633403320E0,5.760321350E0,7.786208496E0
1.029264024E2,1.588347015E0,5.729335785E0,7.730075226E0
1.029364214E2,1.642234955E0,5.792055359E0,7.707023163E0
1.029464404E2,1.627565460E0,5.920488281E0,7.760611725E0
1.029564594E2,1.583257599E0,5.902076569E0,7.858657837E0
1.029664784E2,1.658401337E0,5.927224274E0,8.033045197E0
1.029764974E2,1.723515930E0,5.844296722E0,8.293353882E0
1.029865174E2,1.683249664E0,5.621709595E0,8.585995331E0
1.029965364E2,1.623823242E0,5.344935150E0,8.716374207E0
1.030065554E2,1.593885498E0,5.075196075E0,8.749455414E0
1.030165744E2,1.585802307E0,4.873864746E0,8.663384399E0
1.030265934E2,1.645977173E0,4.826263733E0,8.499774628E0
1.030366124E2,1.667981415E0,4.910837860E0,8.365503845E0
1.030466314E2,1.710193634E0,5.088817749E0,8.228089600E0
1.030566504E2,1.768422546E0,5.349276123E0,8.070167999E0
1.030666704E2,1.806443481E0,5.613177338E0,7.915838928E0
1.030766894E2,1.815574493E0,5.780679016E0,7.773634644E0
1.030867084E2,1.810185699E0,5.960305481E0,7.723788300E0
1.030967274E2,1.742975464E0,6.013444977E0,7.674091644E0
1.031067464E2,1.653611298E0,5.979315948E0,7.673492889E0
1.031167654E2,1.571881256E0,5.891448669E0,7.694898376E0
1.031267844E2,1.526076508E0,5.774990845E0,7.702083435E0
1.031368034E2,1.544787598E0,5.688770142E0,7.680677948E0
1.031468224E2,1.534309387E0,5.630690918E0,7.738008728E0
1.031568424E2,1.556613007E0,5.570665741E0,7.835905151E0
1.031668614E2,1.584604797E0,5.501509552E0,7.875273285E0
1.031768804E2,1.587299194E0,5.456752625E0,7.965236206E0
1.031868995E2,1.633852386E0,5.415588226E0,8.012986908E0
1.031969185E2,1.575473785E0,5.337600403E0,8.123457184E0
1.032069375E2,1.585353241E0,5.251379700E0,8.186027069E0
1.032169565E2,1.624272308E0,5.144651642E0,8.084538116E0
1.032269755E2,1.600920868E0,5.049898682E0,8.064180450E0
1.032369955E2,1.662143555E0,4.959486694E0,7.939489746E0
1.032470145E2,1.665287018E0,5.017715607E0,7.917186127E0
1.032570335E2,1.751058655E0,5.198838959E0,7.931556244E0
1.032670525E2,1.829046478E0,5.257966003E0,7.782017212E0
1.032770715E2,1.855541382E0,5.325774994E0,7.738008728E0
1.032870905E2,1.801204376E0,5.370232544E0,7.681576080E0
1.032971095E2,1.803300018E0,5.407205658E0,7.622598724E0
1.033071285E2,1.771865387E0,5.474266205E0,7.590265961E0
1.033171475E2,1.734892273E0,5.510191498E0,7.616162109E0
1.033271675E2,1.722019043E0,5.478756866E0,7.554789734E0
1.033371865E2,1.723665619E0,5.460494843E0,7.430997162E0
1.033472055E2,1.692829742E0,5.430257721E0,7.418572998E0
1.033572245E2,1.633103943E0,5.441184998E0,7.463928680E0
1.033672435E2,1.616189117E0,5.435796204E0,7.522157593E0
1.033772625E2,1.596579895E0,5.384602661E0,7.536378021E0
1.033872815E2,1.638792114E0,5.316793671E0,7.617209930E0
1.033973005E2,1.654958496E0,5.256618805E0,7.714657288E0
1.034073205E2,1.639241180E0,5.145998840E0,7.759414215E0
1.034173395E2,1.618284760E0,5.033732300E0,7.806266785E0
1.034273585E2,1.604962463E0,4.927902374E0,7.795339508E0
1.034373775E2,1.572330322E0,4.897814941E0,7.803871765E0
1.034473965E2,1.565893707E0,4.982688446E0,7.859406281E0
1.034574155E2,1.584455109E0,5.087171173E0,7.857310638E0
1.034674345E2,1.603914642E0,5.131179657E0,7.798482971E0
1.034774535E2,1.591789856E0,5.145998840E0,7.682025146E0
1.034874735E2,1.567091217E0,5.175038452E0,7.535629578E0
1.034974925E2,1.526226196E0,5.197641449E0,7.466772766E0
1.035075115E2,1.488354950E0,5.205724640E0,7.422614594E0
1.035175305E2,1.494342499E0,5.223537598E0,7.444469147E0
1.035275495E2,1.505718842E0,5.250780945E0,7.488627319E0
1.035375685E2,1.533860321E0,5.256169739E0,7.499704285E0
1.035475875E2,1.525777130E0,5.215753784E0,7.501650238E0
1.035576065E2,1.487756195E0,5.161716156E0,7.548951874E0
1.035676255E2,1.488953705E0,5.094206543E0,7.589517517E0
1.035776455E2,1.535357208E0,5.015769653E0,7.604935455E0
1.035876645E2,1.584754486E0,4.928201752E0,7.551047516E0
1.035976835E2,1.605710907E0,4.877606964E0,7.554041290E0
1.036077025E2,1.603315887E0,4.814288635E0,7.583529968E0
1.036177215E2,1.594334564E0,4.797523499E0,7.589367828E0
1.036277405E2,1.620679779E0,4.839286652E0,7.537874908E0
1.036377595E2,1.687440948E0,4.925058289E0,7.514373779E0
1.036477785E2,1.685644684E0,5.011428680E0,7.479795685E0
1.036577985E2,1.680255890E0,5.045258331E0,7.458240509E0
1.036678175E2,1.613045654E0,5.053491211E0,7.423961792E0
1.036778365E2,1.562450867E0,5.022954712E0,7.400011597E0
1.036878555E2,1.529519348E0,4.981191559E0,7.398814087E0
1.036978745E2,1.502425690E0,4.936135254E0,7.414082336E0
1.037078935E2,1.486858063E0,4.910987549E0,7.468868408E0
1.037179125E2,1.451681213E0,4.893174591E0,7.539072418E0
1.037279315E2,1.434766388E0,4.879103851E0,7.521558838E0
1.037379515E2,1.422641602E0,4.864284668E0,7.496411133E0
1.037479705E2,1.403930511E0,4.830754395E0,7.473658447E0
1.037579895E2,1.405726776E0,4.792883148E0,7.491172028E0
1.037680085E2,1.382824402E0,4.746629333E0,7.483986969E0
1.037780275E2,1.375789032E0,4.761448517E0,7.499554596E0
1.037880465E2,1.399290161E0,4.773872681E0,7.523504791E0
1.037980655E2,1.421743469E0,4.765041046E0,7.513325958E0
1.038080845E2,1.455573120E0,4.710105286E0,7.508086853E0
1.038181035E2,1.487456818E0,4.730163574E0,7.500602417E0
1.038281235E2,1.530417480E0,4.756359100E0,7.491621094E0
1.038381425E2,1.565145264E0,4.778962097E0,7.486232300E0
1.038481615E2,1.578617249E0,4.827760620E0,7.441625061E0
1.038581805E2,1.562450867E0,4.876559143E0,7.403604126E0
1.038681995E2,1.609004059E0,4.877157898E0,7.371570740E0
1.038782185E2,1.669927368E0,4.859494629E0,7.320526886E0
1.038882375E2,1.686393127E0,4.773872681E0,7.278015289E0
1.038982565E2,1.622326355E0,4.654121704E0,7.335944824E0
1.039082765E2,1.552122345E0,4.622537384E0,7.360344086E0
1.039182955E2,1.553768921E0,4.627028046E0,7.424410858E0
1.039283145E2,1.536554718E0,4.622238007E0,7.469467163E0
1.039383335E2,1.500928802E0,4.618346100E0,7.466623077E0
1.039483525E2,1.487456818E0,4.619244232E0,7.465724945E0
1.039583715E2,1.455273743E0,4.633614349E0,7.473808136E0
1.039683905E2,1.428629150E0,4.672533417E0,7.445966034E0
1.039784095E2,1.394500122E0,4.697082367E0,7.454647980E0
1.039884285E2,1.383273468E0,4.722080383E0,7.448660431E0
1.039984485E2,1.397643585E0,4.692142639E0,7.411537628E0
1.040084675E2,1.405726776E0,4.647535400E0,7.448211365E0
1.040184865E2,1.405726776E0,4.671784973E0,7.394622803E0
1.040285055E2,1.430275726E0,4.702620850E0,7.307803345E0
1.040385245E2,1.443298645E0,4.689448242E0,7.271428986E0
1.040485435E2,1.431024170E0,4.685107269E0,7.214547272E0
1.040585625E2,1.426982574E0,4.707560577E0,7.252717896E0
1.040685815E2,1.440753937E0,4.685706024E0,7.285050659E0
1.040786015E2,1.437909851E0,4.671036530E0,7.288343811E0
1.040886205E2,1.436562653E0,4.645290070E0,7.343279572E0
1.040986395E2,1.452279968E0,4.592749329E0,7.398814087E0
1.041086585E2,1.485061798E0,4.570146332E0,7.369325409E0
1.041186775E2,1.474284210E0,4.544399872E0,7.380252686E0
1.041286965E2,1.467248840E0,4.532873840E0,7.372768250E0
1.041387155E2,1.474583588E0,4.541256409E0,7.363786926E0
1.041487345E2,1.483265533E0,4.556824036E0,7.377707977E0
1.041587535E2,1.515747986E0,4.583468628E0,7.430248718E0
1.041687735E2,1.534608765E0,4.603676605E0,7.416477356E0
1.041787925E2,1.520388336E0,4.600982208E0,7.385940857E0
1.041888120E2,1.500779114E0,4.604425049E0,7.362739105E0
1.041988310E2,1.475032654E0,4.599036255E0,7.355254669E0
1.042088500E2,1.456022186E0,4.580474854E0,7.354655914E0
1.042188690E2,1.436562653E0,4.586013336E0,7.312443695E0
1.042288880E2,1.409019928E0,4.580025787E0,7.302414551E0
1.042389070E2,1.414708099E0,4.534670105E0,7.303612061E0
1.042489270E2,1.437011719E0,4.577481079E0,7.271578674E0
1.042589460E2,1.444795532E0,4.593647461E0,7.294331360E0
1.042689650E2,1.440155182E0,4.609215088E0,7.280410309E0
1.042789840E2,1.417552185E0,4.568499756E0,7.330256653E0
1.042890030E2,1.451082458E0,4.622088318E0,7.328310699E0
1.042990220E2,1.387913818E0,4.585713959E0,7.342680817E0
1.043090410E2,1.414708099E0,4.535568237E0,7.404951324E0
1.043190600E2,1.426084442E0,4.520599365E0,7.411088562E0
1.043290790E2,1.412762146E0,4.500990143E0,7.466772766E0
1.043390990E2,1.410666504E0,4.528532867E0,7.496560822E0
1.043491180E2,1.373543701E0,4.507277069E0,7.459438019E0
1.043591370E2,1.338666229E0,4.600533142E0,7.418123932E0
1.043691560E2,1.275796967E0,4.663103027E0,7.501799927E0
1.043791750E2,1.507365417E0,4.572241974E0,7.364385681E0
1.043891940E2,1.568588104E0,4.366120605E0,7.204817505E0
1.043992130E2,1.285975800E0,4.495751038E0,7.421417084E0
1.044092320E2,1.283580780E0,4.605323181E0,7.545958099E0
1.044192520E2,1.353784790E0,4.508923645E0,7.446864166E0
1.044292710E2,1.389261017E0,4.476890259E0,7.423363037E0
1.044392900E2,1.385069733E0,4.502037964E0,7.468569031E0
1.044493090E2,1.404978333E0,4.572092285E0,7.461084595E0
1.044593280E2,1.417402496E0,4.610562286E0,7.447313232E0
1.044693470E2,1.396745453E0,4.627028046E0,7.410639496E0
1.044793660E2,1.420246582E0,4.570745087E0,7.352410583E0
1.044893850E2,1.355581055E0,4.554129639E0,7.424111481E0
1.044994040E2,1.361269226E0,4.541406097E0,7.378157043E0
1.045094240E2,1.397493896E0,4.482129364E0,7.407496033E0
1.045194430E2,1.397493896E0,4.455185394E0,7.492369537E0
1.045294620E2,1.437610474E0,4.452940063E0,7.465874634E0
1.045394810E2,1.467697906E0,4.512366486E0,7.460635529E0
1.045495000E2,1.402134247E0,4.487518158E0,7.599097595E0
1.045595190E2,1.381477203E0,4.501738586E0,7.643255768E0
1.045695380E2,1.362915802E0,4.515210571E0,7.697443085E0
1.045795570E2,1.326691132E0,4.469256134E0,7.738008728E0
1.045895770E2,1.325194244E0,4.445455627E0,7.744445343E0
1.045995960E2,1.337019653E0,4.444407806E0,7.700736237E0
1.046096150E2,1.321152649E0,4.431235199E0,7.626640320E0
1.046196340E2,1.325493622E0,4.443958740E0,7.651937714E0
1.046296530E2,1.331181793E0,4.489164734E0,7.614216156E0
1.046396720E2,1.323697357E0,4.520898743E0,7.601342926E0
1.046496910E2,1.331930237E0,4.540807343E0,7.562124481E0
1.046597100E2,1.308129730E0,4.514761505E0,7.557184753E0
1.046697290E2,1.285676422E0,4.509223022E0,7.575147400E0
1.046797490E2,1.285077667E0,4.499044189E0,7.646399231E0
1.046897680E2,1.300944672E0,4.476141815E0,7.705376587E0
1.046997870E2,1.338815918E0,4.471202087E0,7.745493164E0
1.047098060E2,1.400936737E0,4.488266602E0,7.784861298E0
1.047198250E2,1.423240356E0,4.460574188E0,7.802823944E0
1.047298440E2,1.407672729E0,4.406237183E0,7.799231415E0
1.047398630E2,1.411864014E0,4.340523834E0,7.796986084E0
1.047498820E2,1.407073975E0,4.321213989E0,7.760911102E0
1.047599010E2,1.400038605E0,4.328099670E0,7.800129547E0
1.047699210E2,1.395547943E0,4.320465546E0,7.840096436E0
1.047799400E2,1.408121796E0,4.352349243E0,7.884404297E0
1.047899590E2,1.417701874E0,4.398902435E0,7.929909668E0
1.047999780E2,1.406325531E0,4.413721619E0,8.006400604E0
1.048099970E2,1.381926270E0,4.404440918E0,8.049361267E0
1.048200160E2,1.348994751E0,4.401297455E0,8.071664886E0
1.048300350E2,1.333277435E0,4.396806793E0,8.049510956E0
1.048400540E2,1.338666229E0,4.411625977E0,8.034392395E0
1.048500740E2,1.335522766E0,4.414619751E0,8.038134613E0
1.048600930E2,1.313518524E0,4.422702942E0,7.998616791E0
1.048701120E2,1.299747162E0,4.434528351E0,7.980504456E0
1.048801310E2,1.306932220E0,4.439617767E0,7.941286011E0
1.048901500E2,1.317410431E0,4.450545044E0,7.906857605E0
1.049001690E2,1.359173584E0,4.477039948E0,7.910001068E0
1.049101880E2,1.386267242E0,4.498894501E0,7.867938538E0
1.049202070E2,1.410217438E0,4.487967224E0,7.845335541E0
1.049302270E2,1.433269501E0,4.523443451E0,7.898325348E0
1.049402460E2,1.435814209E0,4.524191895E0,7.895181885E0
1.049502650E2,1.430126038E0,4.512366486E0,7.927814026E0
1.049602840E2,1.407223663E0,4.494254150E0,7.973918152E0
1.049703030E2,1.387464752E0,4.476740570E0,8.007897491E0
1.049803220E2,1.366658020E0,4.446054382E0,8.067473602E0
1.049903410E2,1.345851288E0,4.430337067E0,8.149203644E0
1.050003600E2,1.336420898E0,4.417613525E0,8.163573761E0
1.050103790E2,1.352886658E0,4.436923370E0,8.170908508E0
1.050203990E2,1.387315063E0,4.455185394E0,8.104596405E0
1.050304180E2,1.421893158E0,4.470154266E0,8.089926910E0
1.050404370E2,1.422491913E0,4.508175201E0,8.099506989E0
1.050504560E2,1.430575104E0,4.552483063E0,8.083789673E0
1.050604750E2,1.431323547E0,4.593048706E0,8.066874847E0
1.050704940E2,1.414408722E0,4.628674622E0,8.044421539E0
1.050805130E2,1.374591522E0,4.618495789E0,8.000862122E0
1.050905320E2,1.363664246E0,4.598587189E0,7.999514923E0
1.051005510E2,1.362915802E0,4.577630768E0,7.951614532E0
1.051105710E2,1.386716309E0,4.578079834E0,7.943531342E0
1.051205900E2,1.405726776E0,4.580175476E0,7.958051147E0
1.051306090E2,1.431173859E0,4.593048706E0,7.994575195E0
1.051406280E2,1.450932770E0,4.591402130E0,8.039182434E0
1.051506470E2,1.460812225E0,4.577032013E0,8.065228271E0
1.051606660E2,1.473984833E0,4.611310730E0,8.118517456E0
1.051706850E2,1.475781097E0,4.623285828E0,8.177045746E0
1.051807040E2,1.506018219E0,4.617298279E0,8.240663452E0
1.051907234E2,1.502126312E0,4.595743103E0,8.271050262E0
1.052007424E2,1.538500671E0,4.572990417E0,8.195008392E0
1.052107614E2,1.533411255E0,4.576133881E0,8.185278625E0
1.052207804E2,1.535506897E0,4.579277344E0,8.137677612E0
1.052307994E2,1.533111877E0,4.620142365E0,8.089926910E0
1.052408184E2,1.521585846E0,4.616549835E0,8.118667145E0
1.052508374E2,1.528172150E0,4.644092560E0,8.097261658E0
1.052608564E2,1.504521332E0,4.641697540E0,8.143814850E0
1.052708754E2,1.471140747E0,4.655618591E0,8.242310028E0
1.052808954E2,1.452130280E0,4.689597931E0,8.362061005E0
1.052909144E2,1.468895416E0,4.689897308E0,8.392447815E0
1.053009334E2,1.492995300E0,4.710105286E0,8.370293884E0
1.053109524E2,1.488055573E0,4.712949371E0,8.355923767E0
1.053209714E2,1.475930786E0,4.699327698E0,8.355474701E0
1.053309904E2,1.474134521E0,4.675227814E0,8.291258240E0
1.053410094E2,1.453926544E0,4.667743378E0,8.273295593E0
1.053510284E2,1.444047089E0,4.687651978E0,8.226443024E0
1.053610474E2,1.420545959E0,4.698279877E0,8.232430573E0
1.053710674E2,1.406325531E0,4.694537659E0,8.325237579E0
1.053810864E2,1.410666504E0,4.735552368E0,8.286468201E0
1.053911054E2,1.439406738E0,4.753065948E0,8.299491119E0
1.054011244E2,1.442400513E0,4.777914276E0,8.340206451E0
1.054111434E2,1.434467010E0,4.783153381E0,8.383616180E0
1.054211624E2,1.438209229E0,4.785548401E0,8.384664001E0
1.054311814E2,1.437460785E0,4.771178284E0,8.388406219E0
1.054412004E2,1.396296387E0,4.723277893E0,8.457562408E0
1.054512204E2,1.424288177E0,4.758305054E0,8.422535248E0
1.054612394E2,1.463506622E0,4.777764587E0,8.407865753E0
1.054712584E2,1.470092926E0,4.795427856E0,8.362809448E0
1.054812774E2,1.465153198E0,4.816983032E0,8.358468475E0
1.054912964E2,1.492396545E0,4.814887390E0,8.331075439E0
1.055013154E2,1.503024445E0,4.818180542E0,8.311017151E0
1.055113344E2,1.497635651E0,4.839136963E0,8.338559875E0
1.055213534E2,1.469793549E0,4.857848053E0,8.361312561E0
1.055313724E2,1.468296661E0,4.873864746E0,8.412057037E0
1.055413924E2,1.490749969E0,4.878505096E0,8.414452057E0
1.055514114E2,1.490749969E0,4.859794006E0,8.415948944E0
1.055614304E2,1.497036896E0,4.870122528E0,8.467142487E0
1.055714494E2,1.501976624E0,4.877008209E0,8.468489685E0
1.055814684E2,1.490001526E0,4.889881439E0,8.442294159E0
1.055914874E2,1.468296661E0,4.887785797E0,8.449479218E0
1.056015064E2,1.456620941E0,4.884043579E0,8.462651825E0
1.056115254E2,1.456770630E0,4.884193268E0,8.441994781E0
1.056215444E2,1.465751953E0,4.901557159E0,8.470136261E0
1.056315644E2,1.477577362E0,4.918621674E0,8.464597778E0
1.056415834E2,1.481469269E0,4.933291168E0,8.450077972E0
1.056516024E2,1.477876740E0,4.946014709E0,8.471782837E0
1.056616214E2,1.468596039E0,4.941823425E0,8.487799530E0
1.056716404E2,1.481020203E0,4.958289185E0,8.478518829E0
1.056816594E2,1.499581604E0,4.959037628E0,8.488098907E0
1.056916784E2,1.517394562E0,4.979245605E0,8.494685211E0
1.057016974E2,1.501976624E0,4.989274750E0,8.473130035E0
1.057117174E2,1.491199036E0,4.975802765E0,8.469238129E0
1.057217364E2,1.491348724E0,4.976551208E0,8.473728790E0
1.057317554E2,1.496887207E0,5.003495178E0,8.491841125E0
1.057417744E2,1.511856079E0,5.012626190E0,8.519832916E0
1.057517934E2,1.514550476E0,5.009632416E0,8.539292450E0
1.057618124E2,1.553020477E0,5.024900665E0,8.518036652E0
1.057718314E2,1.560654602E0,5.024002533E0,8.533005524E0
1.057818504E2,1.542392578E0,5.002447357E0,8.581654358E0
1.057918694E2,1.532962189E0,4.986580353E0,8.595425720E0
1.058018894E2,1.575773163E0,4.971162415E0,8.605454865E0
1.058119084E2,1.587299194E0,4.976551208E0,8.589737549E0
1.058219274E2,1.576371918E0,4.986730042E0,8.610544281E0
1.058319464E2,1.576371918E0,5.000202026E0,8.617280273E0
1.058419654E2,1.576970673E0,5.026547241E0,8.622369690E0
1.058519844E2,1.557361450E0,5.047952728E0,8.626560974E0
1.058620034E2,1.540596313E0,5.059329071E0,8.635093231E0
1.058720224E2,1.537153473E0,5.060227203E0,8.628656616E0
1.058820414E2,1.536704407E0,5.051545258E0,8.624016266E0
1.058920614E2,1.503772888E0,5.069208527E0,8.615334320E0
1.059020804E2,1.488055573E0,5.103337555E0,8.637937317E0
1.059120994E2,1.497186584E0,5.144352264E0,8.649313660E0
1.059221184E2,1.507365417E0,5.160219269E0,8.630003815E0
1.059321374E2,1.503772888E0,5.144651642E0,8.629704437E0
1.059421564E2,1.496887207E0,5.117707672E0,8.629854126E0
1.059521754E2,1.475182343E0,5.106481018E0,8.607400818E0
1.059621944E2,1.516047363E0,5.128036194E0,8.560847626E0
1.059722134E2,1.503174133E0,5.157075806E0,8.658145294E0
1.059822334E2,1.535207520E0,5.156027985E0,8.659043427E0
1.059922524E2,1.575174408E0,5.150938568E0,8.698860626E0
1.060022714E2,1.582359467E0,5.121150513E0,8.719517670E0
1.060122904E2,1.636846161E0,5.108576660E0,8.690927124E0
1.060223094E2,1.649120636E0,5.071154480E0,8.714428253E0
1.060323284E2,1.647773438E0,5.082381134E0,8.675509186E0
1.060423474E2,1.666933594E0,5.107528839E0,8.680448914E0
1.060523664E2,1.694176941E0,5.104684753E0,8.663085022E0
1.060623864E2,1.688638458E0,5.126389618E0,8.661288757E0
1.060724054E2,1.669029236E0,5.127886505E0,8.684490509E0
1.060824244E2,1.665436707E0,5.143304443E0,8.666527863E0
1.060924434E2,1.676513672E0,5.171146545E0,8.669072571E0
1.061024624E2,1.696422272E0,5.182822266E0,8.672814789E0
1.061124814E2,1.682351532E0,5.183570709E0,8.665629730E0
1.061225004E2,1.644779663E0,5.189857635E0,8.688981171E0
1.061325194E2,1.614991608E0,5.202431488E0,8.726702728E0
1.061425384E2,1.595382385E0,5.249583435E0,8.740025024E0
1.061525584E2,1.554667053E0,5.280718689E0,8.746012573E0
1.061625774E2,1.512005768E0,5.300477600E0,8.774303741E0
1.061725964E2,1.495989075E0,5.287604370E0,8.749455414E0
1.061826154E2,1.497186584E0,5.260660400E0,8.747359772E0
1.061926349E2,1.463656311E0,5.261408844E0,8.759634247E0
1.062026539E2,1.478176117E0,5.158722382E0,8.810229034E0
1.062126729E2,1.487307129E0,5.185516663E0,8.723259888E0
1.062226919E2,1.495240631E0,5.202581177E0,8.719517670E0
1.062327119E2,1.509610748E0,5.234464874E0,8.733139343E0
1.062427309E2,1.517544250E0,5.257516937E0,8.723110199E0
1.062527499E2,1.512305145E0,5.275030518E0,8.740324402E0
1.062627689E2,1.537153473E0,5.253026276E0,8.760682068E0
1.062727879E2,1.563348999E0,5.251230011E0,8.749904480E0
1.062828069E2,1.581012268E0,5.236410828E0,8.772657166E0
1.062928259E2,1.591340790E0,5.230423279E0,8.783285065E0
1.063028449E2,1.617686005E0,5.231770477E0,8.746162262E0
1.063128639E2,1.655108185E0,5.226082306E0,8.738378448E0
1.063228839E2,1.682501221E0,5.242997131E0,8.771759033E0
1.063329029E2,1.675465851E0,5.266797638E0,8.787326660E0
1.063429219E2,1.661544800E0,5.286556549E0,8.813372498E0
1.063529409E2,1.664837952E0,5.303770752E0,8.818461914E0
1.063629599E2,1.668430481E0,5.304070129E0,8.810977478E0
1.063729789E2,1.656605072E0,5.280718689E0,8.804241486E0
1.063829979E2,1.624571686E0,5.258864136E0,8.784183197E0
1.063930169E2,1.617386627E0,5.231022034E0,8.779393158E0
1.064030359E2,1.622326355E0,5.233417053E0,8.774303741E0
1.064130559E2,1.641336823E0,5.242697754E0,8.740324402E0
1.064230749E2,1.610051880E0,5.277724915E0,8.784033508E0
1.064330939E2,1.610351257E0,5.299429779E0,8.750054169E0
1.064431129E2,1.578168182E0,5.320835266E0,8.787925415E0
1.064531319E2,1.548978882E0,5.320086823E0,8.812773743E0
1.064631509E2,1.532064056E0,5.333558807E0,8.827293549E0
1.064731699E2,1.533860321E0,5.318290558E0,8.827592926E0
1.064831889E2,1.541195068E0,5.284011841E0,8.822802887E0
1.064932079E2,1.570234680E0,5.265001373E0,8.761280823E0
1.065032279E2,1.569785614E0,5.293292542E0,8.783734131E0
1.065132469E2,1.597028961E0,5.326822815E0,8.733588409E0
1.065232659E2,1.579515381E0,5.354066162E0,8.735384674E0
1.065332849E2,1.569037170E0,5.354814606E0,8.775501251E0
1.065433039E2,1.592687988E0,5.351521454E0,8.772657166E0
1.065533229E2,1.595981140E0,5.351671143E0,8.878038025E0
1.065633419E2,1.626817017E0,5.322481842E0,8.818312225E0
1.065733609E2,1.670376434E0,5.327571259E0,8.877139893E0
1.065833799E2,1.666185150E0,5.284011841E0,8.901389465E0
1.065933999E2,1.643582153E0,5.304070129E0,8.898844757E0
1.066034189E2,1.722767487E0,5.251679077E0,8.735684052E0
1.066134379E2,1.743574219E0,5.277724915E0,8.663085022E0
1.066234569E2,1.720222778E0,5.347030792E0,8.612190857E0
1.066334759E2,1.722917175E0,5.419330444E0,8.633596344E0
1.066434949E2,1.667682037E0,5.476661224E0,8.724008331E0
1.066535139E2,1.631906433E0,5.461392975E0,8.777896271E0
1.066635329E2,1.582209778E0,5.438939667E0,8.719667358E0
1.066735529E2,1.563199310E0,5.419330444E0,8.683143311E0
1.066835719E2,1.547332306E0,5.488786011E0,8.776399384E0
1.066935909E2,1.470991058E0,5.392236786E0,8.853788452E0
1.067036099E2,1.518292694E0,5.438789978E0,8.853938141E0
1.067136289E2,1.565294952E0,5.408702545E0,8.713081055E0
1.067236479E2,1.493444366E0,5.406307526E0,8.816066895E0
1.067336669E2,1.452279968E0,5.375920715E0,8.889264679E0
1.067436859E2,1.451082458E0,5.381309509E0,8.871451721E0
1.067537049E2,1.489402771E0,5.354215851E0,8.863518219E0
1.067637239E2,1.539249115E0,5.353916473E0,8.765172729E0
1.067737439E2,1.555265808E0,5.381309509E0,8.747659149E0
1.067837629E2,1.594184875E0,5.420677643E0,8.723110199E0
1.067937819E2,1.602118378E0,5.448070679E0,8.712781677E0
1.068038009E2,1.631008301E0,5.445076904E0,8.679850159E0
1.068138199E2,1.586850128E0,5.471721497E0,8.739875336E0
1.068238389E2,1.605261841E0,5.448968811E0,8.729247437E0
1.068338579E2,1.597178650E0,5.414839783E0,8.751700745E0
1.068438769E2,1.601220245E0,5.370232544E0,8.806786194E0
1.068538969E2,1.586999817E0,5.376669159E0,8.835227051E0
1.068639159E2,1.615440674E0,5.338348846E0,8.812324677E0
1.068739349E2,1.625469818E0,5.266049194E0,8.754694519E0
1.068839539E2,1.616039429E0,5.302124176E0,8.736731873E0
1.068939729E2,1.622176666E0,5.315596161E0,8.581804047E0
1.069039919E2,1.755249939E0,5.410349121E0,8.771908722E0
1.069140109E2,1.682650909E0,5.366939392E0,8.790170746E0
1.069240299E2,1.625918884E0,5.388344879E0,8.665030975E0
1.069340489E2,1.558708649E0,5.430108032E0,8.712482300E0
1.069440689E2,1.498084717E0,5.421276398E0,8.864566040E0
1.069540879E2,1.477427673E0,5.439987488E0,8.823701019E0
1.069641069E2,1.599274292E0,5.466033325E0,8.815168762E0
1.069741259E2,1.656006317E0,5.539979553E0,8.916807404E0
1.069841449E2,1.620530090E0,5.530998230E0,8.768465881E0
1.069941639E2,1.629661102E0,5.545817413E0,8.709039459E0
1.070041829E2,1.602866821E0,5.489684143E0,8.734486542E0
1.070142019E2,1.584754486E0,5.475463715E0,8.703650665E0
1.070242209E2,1.606908417E0,5.435945892E0,8.625513153E0
1.070342409E2,1.632205811E0,5.428012390E0,8.607400818E0
1.070442599E2,1.621727600E0,5.426066437E0,8.612041168E0
1.070542789E2,1.602118378E0,5.419629822E0,8.619974670E0
1.070642979E2,1.552571411E0,5.426365814E0,8.683143311E0
1.070743169E2,1.544338531E0,5.478906555E0,8.767867126E0
1.070843359E2,1.551822968E0,5.494174805E0,8.825197906E0
1.070943549E2,1.533111877E0,5.456752625E0,8.835676117E0
1.071043739E2,1.522783356E0,5.367687836E0,8.836723938E0
1.071143939E2,1.555714874E0,5.406157837E0,8.816366272E0
1.071244129E2,1.557960205E0,5.456004181E0,8.766669617E0
1.071344319E2,1.524130554E0,5.463937683E0,8.736881561E0
1.071444509E2,1.499132538E0,5.453309784E0,8.829838257E0
1.071544699E2,1.520837402E0,5.475463715E0,8.840017090E0
1.071644889E2,1.548230438E0,5.475763092E0,8.782087555E0
1.071745079E2,1.586550751E0,5.476810913E0,8.702453156E0
1.071845268E2,1.628613281E0,5.415438538E0,8.650211792E0
1.071945458E2,1.638492737E0,5.345833282E0,8.637188873E0
1.072045648E2,1.652264099E0,5.316793671E0,8.650660858E0
1.072145848E2,1.680854645E0,5.352868652E0,8.623866577E0
1.072246038E2,1.687141571E0,5.428611145E0,8.598868561E0
1.072346228E2,1.650467834E0,5.456752625E0,8.662635956E0
1.072446418E2,1.629661102E0,5.473218384E0,8.730295258E0
1.072546608E2,1.623972931E0,5.498366089E0,8.738378448E0
1.072646798E2,1.630858612E0,5.476511536E0,8.678802338E0
1.072746988E2,1.649420013E0,5.411846008E0,8.682544556E0
1.072847178E2,1.653461609E0,5.325325928E0,8.657845917E0
1.072947378E2,1.671274567E0,5.310057678E0,8.686735840E0
1.073047568E2,1.720821533E0,5.361999664E0,8.767418060E0
1.073147758E2,1.741628265E0,5.389243011E0,8.725954285E0
1.073247948E2,1.729653168E0,5.401068420E0,8.702303467E0
1.073348138E2,1.704954529E0,5.392985229E0,8.692424011E0
1.073448328E2,1.679956512E0,5.370681610E0,8.630752258E0
1.073548518E2,1.665137329E0,5.372777252E0,8.606203308E0
1.073648708E2,1.647773438E0,5.427713013E0,8.610544281E0
1.073748898E2,1.589843903E0,5.468877411E0,8.617130585E0
1.073849098E2,1.569186859E0,5.513634338E0,8.706045685E0
1.073949288E2,1.616937561E0,5.495971069E0,8.684939575E0
1.074049478E2,1.596430206E0,5.463189240E0,8.625213776E0
1.074149668E2,1.538201294E0,5.451812897E0,8.622070312E0
1.074249858E2,1.534758453E0,5.441184998E0,8.652008057E0
1.074350048E2,1.566492462E0,5.464536438E0,8.606352997E0
1.074450238E2,1.588197327E0,5.498216400E0,8.591084747E0
1.074550428E2,1.605261841E0,5.527405701E0,8.579558716E0
1.074650618E2,1.695075073E0,5.454058228E0,8.594377899E0
1.074750818E2,1.633852386E0,5.429958344E0,8.550968170E0
1.074851008E2,1.636247406E0,5.497318268E0,8.457263031E0
1.074951198E2,1.620081024E0,5.425617371E0,8.617429962E0
1.075051388E2,1.615740051E0,5.487738190E0,8.635841675E0
1.075151578E2,1.607507172E0,5.411995697E0,8.666078796E0
1.075251768E2,1.642983398E0,5.389841766E0,8.741821289E0
1.075351958E2,1.664239197E0,5.309009857E0,8.745862885E0
1.075452148E2,1.697320404E0,5.301824799E0,8.687484283E0
1.075552338E2,1.756896515E0,5.313799896E0,8.628357239E0
1.075652528E2,1.772913208E0,5.352269897E0,8.575068054E0
1.075752728E2,1.729054413E0,5.373825073E0,8.643475800E0
1.075852918E2,1.681303711E0,5.447771301E0,8.766519928E0
1.075953108E2,1.655108185E0,5.473218384E0,8.597072296E0
1.076053298E2,1.592837677E0,5.505102081E0,8.657696228E0
1.076153488E2,1.588796082E0,5.461392975E0,8.650361481E0
1.076253678E2,1.512305145E0,5.363346863E0,8.627159729E0
1.076353868E2,1.523831177E0,5.387895813E0,8.702153778E0
1.076454058E2,1.522483978E0,5.366789703E0,8.791817322E0
1.076554248E2,1.569336548E0,5.337750092E0,8.808582458E0
1.076654448E2,1.567689972E0,5.371280365E0,8.782087555E0
1.076754638E2,1.542691956E0,5.413492584E0,8.783883820E0
1.076854828E2,1.548230438E0,5.447471924E0,8.721164246E0
1.076955018E2,1.548529816E0,5.414540405E0,8.676107941E0
1.077055208E2,1.551373901E0,5.413193207E0,8.662037201E0
1.077155398E2,1.580263824E0,5.375022583E0,8.613538055E0
1.077255588E2,1.591340790E0,5.380710754E0,8.545878754E0
1.077355778E2,1.588047638E0,5.391937408E0,8.524772644E0
1.077455978E2,1.537901917E0,5.425767059E0,8.553213501E0
1.077556168E2,1.529070282E0,5.443879395E0,8.566236420E0
1.077656358E2,1.577719116E0,5.429359589E0,8.547675018E0
1.077756548E2,1.626517639E0,5.426365814E0,8.513545990E0
1.077856738E2,1.652264099E0,5.427713013E0,8.563392334E0
1.077956928E2,1.629361725E0,5.400170288E0,8.590036926E0
1.078057118E2,1.606908417E0,5.379213867E0,8.613687744E0
1.078157308E2,1.581311646E0,5.371729431E0,8.575966187E0
1.078257498E2,1.568288727E0,5.361400909E0,8.659791870E0
1.078357688E2,1.637594604E0,5.364993439E0,8.552465057E0
1.078457888E2,1.629062347E0,5.371430054E0,8.420589294E0
1.078558078E2,1.544188843E0,5.433850250E0,8.461604004E0
1.078658268E2,1.502425690E0,5.530100098E0,8.459358673E0
1.078758458E2,1.490450592E0,5.628595276E0,8.463549957E0
1.078858648E2,1.521885223E0,5.674699402E0,8.620124359E0
1.078958838E2,1.525328064E0,5.660928040E0,8.528664551E0
1.079059028E2,1.384920044E0,5.622458038E0,8.362809448E0
1.079159218E2,1.467248840E0,5.651497650E0,8.367599487E0
1.079259408E2,1.393302612E0,5.454058228E0,8.487649841E0
1.079359608E2,1.289718018E0,5.384003906E0,8.554860077E0
1.079459798E2,1.377585297E0,5.370232544E0,8.473728790E0
1.079559988E2,1.465153198E0,5.404511261E0,8.551117859E0
1.079660178E2,1.581311646E0,5.473517761E0,8.594078522E0
1.079760368E2,1.615141296E0,5.674250336E0,8.477321320E0
1.079860558E2,1.500779114E0,5.708978119E0,8.551417236E0
1.079960748E2,1.502276001E0,5.648354187E0,8.490344238E0
1.080060938E2,1.463207245E0,5.585484924E0,8.429420929E0
1.080161128E2,1.454824677E0,5.597310333E0,8.366851044E0
1.080261328E2,1.413959656E0,5.626499634E0,8.373886414E0
1.080361518E2,1.378333740E0,5.707481232E0,8.411009216E0
1.080461708E2,1.412163391E0,5.659431152E0,8.377628632E0
1.080561898E2,1.431622925E0,5.535039825E0,8.336314545E0
1.080662088E2,1.495689697E0,5.532046051E0,8.312064972E0
1.080762278E2,1.551822968E0,5.616470490E0,8.281528473E0
1.080862468E2,1.479972382E0,5.636678467E0,8.298592987E0
1.080962658E2,1.460662537E0,5.690416718E0,8.275540924E0
1.081062848E2,1.420695648E0,5.722001038E0,8.286318512E0
1.081163048E2,1.432371368E0,5.761369171E0,8.338110809E0
1.081263238E2,1.485810242E0,5.799539795E0,8.355474701E0
1.081363428E2,1.523681488E0,5.752537537E0,8.271649017E0
1.081463618E2,1.517244873E0,5.725144501E0,8.165669403E0
1.081563808E2,1.542841644E0,5.732479248E0,8.157885590E0
1.081663998E2,1.539249115E0,5.663472748E0,8.147856445E0
1.081764188E2,1.583257599E0,5.646408234E0,8.161029053E0
1.081864378E2,1.517394562E0,5.647156677E0,8.241711273E0
1.081964567E2,1.474882965E0,5.702541504E0,8.286617889E0
1.082064767E2,1.494492188E0,5.736820221E0,8.267008667E0
1.082164957E2,1.465751953E0,5.773643646E0,8.304281158E0
1.082265147E2,1.515598297E0,5.756579132E0,8.349786530E0
1.082365337E2,1.524429932E0,5.716462555E0,8.270900574E0
1.082465528E2,1.527124329E0,5.722001038E0,8.210426331E0
1.082565717E2,1.523382111E0,5.765410767E0,8.247698822E0
1.082665907E2,1.540596313E0,5.767057343E0,8.199648743E0
1.082766097E2,1.501826935E0,5.767057343E0,8.217910767E0
1.082866287E2,1.463656311E0,5.718258820E0,8.223149872E0
1.082966487E2,1.391057281E0,5.674849091E0,8.312663727E0
1.083066678E2,1.469643860E0,5.696254578E0,8.232280884E0
1.083166867E2,1.521885223E0,5.757926331E0,8.197702789E0
1.083267057E2,1.520538025E0,5.836363220E0,8.225245514E0
1.083367247E2,1.428928528E0,5.786666565E0,8.225395203E0
1.083467437E2,1.394500122E0,5.759872284E0,8.270451508E0
1.083567627E2,1.474882965E0,5.750741272E0,8.271199951E0
1.083667817E2,1.548080750E0,5.751190338E0,8.219707031E0
1.083768007E2,1.530118103E0,5.643414459E0,8.197253723E0
1.083868207E2,1.445993042E0,5.614374847E0,8.327632599E0
1.083968397E2,1.416654053E0,5.643713837E0,8.416098633E0
1.084068587E2,1.444496155E0,5.619613953E0,8.365952911E0
1.084168777E2,1.449735260E0,5.642965393E0,8.269852753E0
1.084268967E2,1.410516815E0,5.613476715E0,8.370742950E0
1.084369157E2,1.319655762E0,5.596861267E0,8.435109100E0
1.084469347E2,1.418749695E0,5.652844849E0,8.247698822E0
1.084569537E2,1.480271759E0,5.782774658E0,8.223748627E0
1.084669727E2,1.470841370E0,5.686225433E0,8.346044312E0
1.084769927E2,1.533710632E0,5.711073761E0,8.256979523E0
1.084870117E2,1.571731567E0,5.629194031E0,8.221802673E0
1.084970307E2,1.551972656E0,5.646258545E0,8.230783997E0
1.085070497E2,1.562899933E0,5.669011230E0,8.194110260E0
1.085170687E2,1.586850128E0,5.603297882E0,8.292306061E0
1.085270877E2,1.610351257E0,5.578150177E0,8.300239563E0
1.085371067E2,1.602567444E0,5.613027649E0,8.378377075E0
1.085471257E2,1.615440674E0,5.664819946E0,8.333470459E0
1.085571447E2,1.669478302E0,5.606591034E0,8.293353882E0
1.085671647E2,1.711391144E0,5.573659515E0,8.261170807E0
1.085771837E2,1.612446899E0,5.585933990E0,8.301137695E0
1.085872027E2,1.668430481E0,5.614823914E0,8.281977539E0
1.085972217E2,1.651665344E0,5.651347961E0,8.283624115E0
1.086072407E2,1.670526123E0,5.683531036E0,8.321195984E0
1.086172597E2,1.688937836E0,5.724246368E0,8.373287659E0
1.086272787E2,1.572180634E0,5.704038391E0,8.355175323E0
1.086372977E2,1.554217987E0,5.638923798E0,8.340206451E0
1.086473167E2,1.512754211E0,5.633834381E0,8.320297852E0
1.086573367E2,1.468296661E0,5.595963135E0,8.317902832E0
1.086673557E2,1.456770630E0,5.601800995E0,8.295299835E0
1.086773747E2,1.499282227E0,5.650749207E0,8.252039795E0
1.086873937E2,1.477727051E0,5.657485199E0,8.241112518E0
1.086974127E2,1.415157166E0,5.667813721E0,8.262368317E0
1.087074317E2,1.437460785E0,5.723198547E0,8.258476410E0
1.087174508E2,1.430874481E0,5.741610260E0,8.305927734E0
1.087274697E2,1.393003235E0,5.714067535E0,8.302933960E0
1.087374887E2,1.377734985E0,5.654491425E0,8.332871704E0
1.087475087E2,1.357377319E0,5.643264771E0,8.371341705E0
1.087575277E2,1.372944946E0,5.602998505E0,8.325087891E0
1.087675467E2,1.402583313E0,5.603297882E0,8.358767853E0
1.087775658E2,1.433419189E0,5.622008972E0,8.393645325E0
1.087875847E2,1.503772888E0,5.682183838E0,8.254135437E0
1.087976037E2,1.506616974E0,5.589825897E0,8.368497620E0
1.088076227E2,1.472338257E0,5.647156677E0,8.395441589E0
1.088176417E2,1.482666779E0,5.616171112E0,8.340206451E0
1.088276607E2,1.480122070E0,5.590873718E0,8.369096375E0
1.088376797E2,1.555116119E0,5.566025391E0,8.325237579E0
1.088476997E2,1.589394836E0,5.558690643E0,8.319399719E0
1.088577187E2,1.603465576E0,5.591023407E0,8.350385284E0
1.088677377E2,1.624571686E0,5.583089905E0,8.349936218E0
1.088777567E2,1.643432465E0,5.578449554E0,8.337661743E0
1.088877757E2,1.647174683E0,5.608536987E0,8.332272949E0
1.088977947E2,1.611399078E0,5.605393524E0,8.358318787E0
1.089078137E2,1.564546509E0,5.570066986E0,8.359965363E0
1.089178327E2,1.550026703E0,5.551954651E0,8.379275208E0
1.089278517E2,1.545985107E0,5.543572083E0,8.369994507E0
1.089378717E2,1.547631683E0,5.552703094E0,8.368347931E0
1.089478907E2,1.558708649E0,5.586682434E0,8.350235596E0
1.089579097E2,1.538350983E0,5.638923798E0,8.286468201E0
1.089679287E2,1.494941254E0,5.676345978E0,8.354277191E0
1.089779477E2,1.469344482E0,5.672903137E0,8.378227386E0
1.089879667E2,1.441801758E0,5.691015472E0,8.317902832E0
1.089979857E2,1.430425415E0,5.667664032E0,8.308322754E0
1.090080047E2,1.435814209E0,5.656886444E0,8.285719757E0
1.090180237E2,1.416504364E0,5.614973602E0,8.281678162E0
1.090280437E2,1.404529266E0,5.600154419E0,8.264314270E0
1.090380627E2,1.376238098E0,5.619164886E0,8.310119019E0
1.090480817E2,1.391057281E0,5.638325043E0,8.329428864E0
1.090581007E2,1.418001251E0,5.666915588E0,8.314459991E0
1.090681197E2,1.409918060E0,5.688321075E0,8.335865479E0
1.090781387E2,1.410067749E0,5.676795044E0,8.366851044E0
1.090881577E2,1.471440125E0,5.660478973E0,8.313412170E0
1.090981767E2,1.489702148E0,5.628146210E0,8.291557617E0
1.091081957E2,1.487756195E0,5.585933990E0,8.283175049E0
1.091182157E2,1.521136780E0,5.582042084E0,8.279283142E0
1.091282347E2,1.546434174E0,5.577102356E0,8.310867462E0
1.091382537E2,1.560504913E0,5.609285431E0,8.244255981E0
1.091482727E2,1.550475769E0,5.632038116E0,8.214168549E0
1.091582917E2,1.566043396E0,5.660478973E0,8.196205902E0
1.091683107E2,1.525926819E0,5.700296173E0,8.244255981E0
1.091783297E2,1.475481720E0,5.696104889E0,8.278235321E0
1.091883491E2,1.495390320E0,5.659880219E0,8.248297577E0
1.091983681E2,1.512754211E0,5.645061035E0,8.243357849E0
1.092083881E2,1.467997284E0,5.591921539E0,8.302185516E0
1.092184071E2,1.483864288E0,5.585335236E0,8.342900848E0
1.092284261E2,1.552870789E0,5.607489166E0,8.286767578E0
1.092384451E2,1.498533783E0,5.630391541E0,8.312963104E0
1.092484641E2,1.467847595E0,5.640420685E0,8.352331238E0
1.092584831E2,1.517095184E0,5.646707611E0,8.242759094E0
1.092685021E2,1.516646118E0,5.681136017E0,8.193361816E0
1.092785211E2,1.521436157E0,5.664221191E0,8.165370026E0
1.092885401E2,1.517244873E0,5.680537262E0,8.152496796E0
1.092985601E2,1.530866547E0,5.676196289E0,8.164920959E0
1.093085791E2,1.532363434E0,5.646258545E0,8.245303802E0
1.093185981E2,1.524429932E0,5.609884186E0,8.291407928E0
1.093286171E2,1.547781372E0,5.600304108E0,8.311466217E0
1.093386361E2,1.595532074E0,5.575904846E0,8.234077148E0
1.093486551E2,1.565893707E0,5.550308075E0,8.268355865E0
1.093586741E2,1.524130554E0,5.581593018E0,8.286917267E0
1.093686931E2,1.519340515E0,5.605692902E0,8.247549133E0
1.093787121E2,1.530866547E0,5.617218933E0,8.229586487E0
1.093887311E2,1.519639893E0,5.620811462E0,8.223299561E0
1.093987511E2,1.502575378E0,5.564229126E0,8.275091858E0
1.094087701E2,1.496737518E0,5.582790527E0,8.286019135E0
1.094187891E2,1.499880981E0,5.594316559E0,8.281378784E0
1.094288081E2,1.509910126E0,5.621559906E0,8.241860962E0
1.094388271E2,1.480122070E0,5.646557922E0,8.231233063E0
1.094488461E2,1.406026154E0,5.628744965E0,8.297994232E0
1.094588651E2,1.420845337E0,5.619314575E0,8.243806915E0
1.094688841E2,1.468745728E0,5.595065002E0,8.286318512E0
1.094789031E2,1.445244598E0,5.566624146E0,8.265960846E0
1.094889231E2,1.432071991E0,5.525459747E0,8.279732208E0
1.094989421E2,1.444047089E0,5.517077179E0,8.277337189E0
1.095089611E2,1.449286194E0,5.540129242E0,8.294551392E0
1.095189801E2,1.490450592E0,5.582640839E0,8.266858978E0
1.095289991E2,1.500479736E0,5.581742706E0,8.259224854E0
1.095390181E2,1.489702148E0,5.583688660E0,8.203690338E0
1.095490371E2,1.493743744E0,5.575306091E0,8.187673645E0
1.095590561E2,1.490600281E0,5.576503601E0,8.168663177E0
1.095690751E2,1.522783356E0,5.637277222E0,8.123307495E0
1.095790951E2,1.399290161E0,5.533992004E0,8.281378784E0
1.095891141E2,1.412612457E0,5.536686401E0,8.243806915E0
1.095991331E2,1.416953430E0,5.531447296E0,8.271050262E0
1.096091521E2,1.437760162E0,5.533842316E0,8.283923492E0
1.096191711E2,1.426982574E0,5.501509552E0,8.320447540E0
1.096291901E2,1.450184326E0,5.476960602E0,8.299940186E0
1.096392091E2,1.441951447E0,5.486690369E0,8.276289368E0
1.096492281E2,1.446741486E0,5.505850525E0,8.234675903E0
1.096592471E2,1.468895416E0,5.507197723E0,8.194259949E0
1.096692661E2,1.472937012E0,5.522615662E0,8.144413605E0
1.096792861E2,1.460363159E0,5.517825623E0,8.132438507E0
1.096893051E2,1.428180084E0,5.520969086E0,8.164022827E0
1.096993241E2,1.422042847E0,5.561385040E0,8.183482361E0
1.097093431E2,1.494641876E0,5.638774109E0,8.124804382E0
1.097193621E2,1.457668762E0,5.547613678E0,8.318202209E0
1.097293811E2,1.444047089E0,5.530399475E0,8.253536682E0
1.097394001E2,1.455273743E0,5.490582275E0,8.219707031E0
1.097494191E2,1.441951447E0,5.446124725E0,8.277636566E0
1.097594391E2,1.451980591E0,5.466781769E0,8.246800690E0
1.097694581E2,1.474134521E0,5.450765076E0,8.222401428E0
1.097794771E2,1.512454834E0,5.439987488E0,8.123157806E0
1.097894961E2,1.501826935E0,5.457950134E0,8.081244965E0
1.097995151E2,1.483714600E0,5.520819397E0,8.048163757E0
1.098095341E2,1.443897400E0,5.565276947E0,8.069419556E0
1.098195531E2,1.428778839E0,5.595963135E0,8.099207611E0
1.098295721E2,1.506916351E0,5.644462280E0,8.040230255E0
1.098395911E2,1.438807983E0,5.538183289E0,8.219407654E0
1.098496101E2,1.408421173E0,5.475014648E0,8.267607422E0
1.098596301E2,1.423240356E0,5.399421844E0,8.256380768E0
1.098696491E2,1.432071991E0,5.322032776E0,8.257578278E0
1.098796681E2,1.449884949E0,5.332061920E0,8.254434814E0
1.098896871E2,1.501228180E0,5.338648224E0,8.202343140E0
1.098997061E2,1.540296936E0,5.399421844E0,8.110883331E0
1.099097251E2,1.511257324E0,5.439239044E0,8.052055664E0
1.099197441E2,1.469643860E0,5.516179047E0,7.952812042E0
1.099297631E2,1.439706116E0,5.530100098E0,8.040829010E0
1.099397831E2,1.388063507E0,5.534590759E0,8.089328156E0
1.099498021E2,1.401236115E0,5.491630096E0,8.087831268E0
1.099598211E2,1.420695648E0,5.469775543E0,8.093669128E0
1.099698401E2,1.416654053E0,5.461093597E0,8.110134888E0
1.099798591E2,1.388811951E0,5.384153595E0,8.118367767E0
1.099898781E2,1.407223663E0,5.375920715E0,8.120613098E0
1.099998971E2,1.430724792E0,5.362897797E0,8.129744110E0
1.100099161E2,1.421144714E0,5.352120209E0,8.166567535E0
1.100199351E2,1.395547943E0,5.349126434E0,8.221802673E0
1.100299551E2,1.367705841E0,5.373376007E0,8.235124969E0
1.100399741E2,1.372046814E0,5.426216125E0,8.227640533E0
1.100499931E2,1.364263000E0,5.451663208E0,8.275989990E0
1.100600121E2,1.374591522E0,5.402565308E0,8.238418121E0
1.100700311E2,1.406624908E0,5.321883087E0,8.164920959E0
1.100800501E2,1.423090668E0,5.272186432E0,8.077502747E0
1.100900691E2,1.433119812E0,5.276228027E0,8.003257141E0
1.101000881E2,1.449136505E0,5.272336121E0,8.082292786E0
1.101101071E2,1.448238373E0,5.309458923E0,8.080945587E0
1.101201271E2,1.483265533E0,5.392087097E0,8.023465118E0
1.101301461E2,1.448537750E0,5.434449005E0,8.018076324E0
1.101401651E2,1.445693665E0,5.426964569E0,8.046367493E0
1.101501841E2,1.441352692E0,5.385500793E0,8.040230255E0
1.101602031E2,1.394051056E0,5.312452698E0,8.061336365E0
1.101702221E2,1.384620667E0,5.246290283E0,8.090525665E0
1.101802411E2,1.400936737E0,5.204826508E0,8.083639984E0
1.101902598E2,1.362317047E0,5.176235962E0,8.059540100E0
1.102002788E2,1.341660004E0,5.176086273E0,8.248147888E0
1.102102988E2,1.346599731E0,5.223986664E0,8.239465942E0
1.102203178E2,1.365310822E0,5.241500244E0,8.203989716E0
1.102303368E2,1.367705841E0,5.263055420E0,8.257129211E0
1.102403558E2,1.385668488E0,5.332361298E0,8.249495087E0
1.102503748E2,1.384770355E0,5.364843750E0,8.288114777E0
1.102603938E2,1.382525024E0,5.377417603E0,8.287516022E0
1.102704128E2,1.398092651E0,5.356610870E0,8.283773804E0
1.102804318E2,1.365909576E0,5.314847717E0,8.271050262E0
1.102904518E2,1.352287903E0,5.243595886E0,8.111931152E0
1.103004708E2,1.348845062E0,5.162165222E0,8.010142822E0
1.103104898E2,1.326092377E0,5.055137787E0,8.013136597E0
1.103205088E2,1.316362610E0,5.060227203E0,7.892188110E0
1.103305278E2,1.351988525E0,5.040917358E0,7.873327332E0
1.103405468E2,1.327738953E0,5.227279816E0,7.964787140E0
1.103505658E2,1.293011169E0,5.305567017E0,8.067772980E0
1.103605848E2,1.324745178E0,5.397326202E0,8.011939087E0
1.103706038E2,1.303938446E0,5.294340363E0,8.110434265E0
1.103806238E2,1.264420624E0,5.234614563E0,7.967032471E0
1.103906428E2,1.271755371E0,5.169050903E0,7.899822235E0
1.104006618E2,1.278042297E0,5.162165222E0,7.853867798E0
1.104106808E2,1.260528717E0,5.222190399E0,7.875123596E0
1.104206998E2,1.255588989E0,5.342689819E0,8.087980957E0
1.104307188E2,1.298998718E0,5.443729706E0,8.315956879E0
1.104407378E2,1.341510315E0,5.492827606E0,8.290958862E0
1.104507568E2,1.341360626E0,5.476062469E0,8.239915009E0
1.104607768E2,1.293759613E0,5.332361298E0,8.139324188E0
1.104707958E2,1.274150391E0,5.172194366E0,7.959697723E0
1.104808148E2,1.298849030E0,5.023852844E0,7.899522858E0
1.104908338E2,1.361418915E0,4.949158173E0,7.917934570E0
1.105008528E2,1.419198761E0,4.937931519E0,8.017028503E0
1.105108718E2,1.420396271E0,4.959636383E0,8.082143097E0
1.105208908E2,1.374292145E0,5.020110626E0,8.093369751E0
1.105309098E2,1.308578796E0,5.063969421E0,8.072712708E0
1.105409298E2,1.287772064E0,5.088069305E0,8.014034729E0
1.105509488E2,1.264270935E0,5.109474792E0,7.958051147E0
1.105609678E2,1.195713501E0,5.152136078E0,8.004903717E0
1.105709868E2,1.187031555E0,5.241649933E0,7.985144806E0
1.105810058E2,1.219514008E0,5.321434021E0,7.988288269E0
1.105910248E2,1.255588989E0,5.302423553E0,8.010891266E0
1.106010438E2,1.225800934E0,5.191953278E0,7.948770447E0
1.106110628E2,1.109343109E0,5.091961212E0,7.994126129E0
1.106210828E2,9.993218994E-1,5.014572144E0,8.064479828E0
1.106311018E2,9.660910034E-1,5.025200043E0,8.128396912E0
1.106411208E2,1.007405090E0,5.085823975E0,8.090825043E0
1.106511398E2,1.052012329E0,5.103187866E0,8.050259399E0
1.106611588E2,1.090033264E0,5.119803314E0,7.933502197E0
1.106711778E2,1.126108246E0,5.125192108E0,7.743397522E0
1.106811968E2,1.157393188E0,5.159770203E0,7.673792267E0
1.106912168E2,1.183289337E0,5.260959778E0,7.738607483E0
1.107012358E2,1.220412140E0,5.315895538E0,7.806416473E0
1.107112548E2,1.235979767E0,5.281766510E0,7.886649628E0
1.107212738E2,1.237027588E0,5.192701721E0,7.936495972E0
1.107312928E2,1.275048523E0,5.094954987E0,7.931556244E0
1.107413118E2,1.278491364E0,5.050048370E0,7.983797607E0
1.107513308E2,1.249152374E0,5.022505646E0,8.031697998E0
1.107613498E2,1.285227356E0,4.977748718E0,7.975115662E0
1.107713698E2,1.321901093E0,4.989125061E0,7.981851654E0
1.107813888E2,1.346300354E0,5.007237396E0,8.049660645E0
1.107914078E2,1.351988525E0,4.987628174E0,8.077203369E0
1.108014268E2,1.342707825E0,4.975802765E0,8.084388428E0
1.108114458E2,1.309925995E0,4.968018951E0,8.052804108E0
1.108214648E2,1.248403931E0,4.955445099E0,7.961044922E0
1.108314838E2,1.192120972E0,5.004542999E0,7.933053131E0
1.108415028E2,1.119821320E0,5.085674286E0,7.906408539E0
1.108515228E2,1.086889801E0,5.179229736E0,7.925868073E0
1.108615418E2,1.088237000E0,5.252128143E0,7.980205078E0
1.108715608E2,1.052910461E0,5.279221802E0,8.063881073E0
1.108815798E2,1.022823029E0,5.271887054E0,8.150550842E0
1.108915988E2,1.071322174E0,5.246290283E0,8.120912476E0
1.109016178E2,1.162332916E0,5.146148529E0,8.175698547E0
1.109116368E2,1.199455719E0,5.029241638E0,8.244106293E0
1.109216558E2,1.264720001E0,4.891378326E0,8.144563293E0
1.109316758E2,1.305435333E0,4.775369568E0,8.030350800E0
1.109416948E2,1.332978058E0,4.754862213E0,7.950716400E0
1.109517138E2,1.304387512E0,4.776118011E0,7.895032196E0
1.109617328E2,1.282982025E0,4.818629608E0,7.796537018E0
1.109717518E2,1.282682648E0,4.866230621E0,7.723189545E0
1.109817708E2,1.317560120E0,4.905299377E0,7.677235107E0
1.109917898E2,1.326092377E0,4.896467743E0,7.630382538E0
1.110018098E2,1.308429108E0,4.913981323E0,7.684869232E0
1.110118288E2,1.279389496E0,4.913083191E0,7.731123047E0
1.110218478E2,1.276246033E0,4.916526031E0,7.724686432E0
1.110318668E2,1.285077667E0,4.974455566E0,7.760312347E0
1.110418858E2,1.291364594E0,4.992867279E0,7.799830170E0
1.110519048E2,1.300046539E0,5.006938019E0,7.857460327E0
1.110619238E2,1.311422882E0,5.070555725E0,7.924221497E0
1.110719438E2,1.298250275E0,5.082979889E0,7.999963989E0
1.110819628E2,1.253193970E0,5.047952728E0,8.048014069E0
1.110919818E2,1.180295563E0,5.021158447E0,8.091872864E0
1.111020008E2,1.101409607E0,5.018913116E0,8.127798157E0
1.111120198E2,1.075513458E0,4.999752960E0,8.076454926E0
1.111220388E2,1.059347076E0,4.958887939E0,8.038883057E0
1.111320578E2,1.013093262E0,4.879702606E0,8.077802124E0
1.111420778E2,9.595046997E-1,4.839136963E0,8.106542358E0
1.111520968E2,9.464817810E-1,4.826263733E0,8.065677338E0
1.111621158E2,9.717791748E-1,4.825365601E0,7.988587646E0
1.111721348E2,9.909393311E-1,4.872816925E0,7.957003326E0
1.111821538E2,1.016087036E0,4.889282684E0,7.967631226E0
1.111921734E2,1.046174469E0,4.888833618E0,8.009843445E0
1.112021924E2,1.061592407E0,4.886438599E0,8.014633484E0
1.112122114E2,1.059197388E0,4.903952179E0,8.065228271E0
1.112222314E2,1.116827545E0,4.934338989E0,8.035290527E0
1.112322504E2,1.104852448E0,4.851112061E0,8.091423798E0
1.112422694E2,1.114282837E0,4.852459259E0,8.032895508E0
1.112522884E2,1.154998169E0,4.863386536E0,7.970625000E0
1.112623074E2,1.154998169E0,4.863985291E0,7.957003326E0
1.112723264E2,1.157243500E0,4.899760895E0,7.935148773E0
1.112823454E2,1.201251984E0,4.942721558E0,7.933053131E0
1.112923654E2,1.264270935E0,4.983736267E0,7.943681030E0
1.113023844E2,1.335223389E0,5.069657593E0,7.979756012E0
1.113124034E2,1.366807709E0,5.139262848E0,7.957153015E0
1.113224224E2,1.368154907E0,5.140160980E0,7.874075775E0
1.113324414E2,1.322050781E0,5.042713623E0,7.846533051E0
1.113424604E2,1.213227081E0,4.869074707E0,7.864495697E0
1.113524794E2,1.128054199E0,4.708907776E0,7.823480988E0
1.113624994E2,1.025966492E0,4.655169525E0,7.858807526E0
1.113725184E2,9.973759460E-1,4.616549835E0,7.878267059E0
1.113825374E2,1.050066376E0,4.621938629E0,7.875422974E0
1.113925564E2,1.120420074E0,4.655319214E0,7.833061066E0
1.114025754E2,1.156345367E0,4.675377502E0,7.820636902E0
1.114125944E2,1.154998169E0,4.863087158E0,7.853867798E0
1.114226134E2,1.149309998E0,5.023254089E0,7.811655579E0
1.114326334E2,1.088237000E0,5.174739075E0,7.860454102E0
1.114426524E2,1.036444702E0,5.246889038E0,7.873926086E0
1.114526714E2,1.006357269E0,5.239853668E0,7.941884766E0
1.114626904E2,9.973759460E-1,5.147495728E0,7.966882782E0
1.114727094E2,9.969268799E-1,4.982389069E0,7.963739319E0
1.114827284E2,1.000669098E0,4.849166107E0,7.950566711E0
1.114927474E2,1.000220032E0,4.779860229E0,7.896379395E0
1.115027674E2,9.840536499E-1,4.826563110E0,7.902516632E0
1.115127864E2,1.015637970E0,4.857548676E0,7.896529083E0
1.115228054E2,1.100661163E0,4.874613190E0,7.891739044E0
1.115328244E2,1.181942139E0,5.001100159E0,7.899822235E0
1.115428434E2,1.222956848E0,4.906496887E0,7.881260834E0
1.115528624E2,1.213376770E0,4.875211945E0,7.910749512E0
1.115628814E2,1.216370544E0,4.874014435E0,7.953261108E0
1.115729014E2,1.174607391E0,4.885091400E0,8.007298737E0
1.115829204E2,1.117426300E0,4.888534241E0,8.026907959E0
1.115929394E2,1.110091553E0,4.889731750E0,8.000712433E0
1.116029584E2,1.129700775E0,4.859494629E0,7.956853638E0
1.116129774E2,1.195114746E0,4.849914551E0,7.865992584E0
1.116229964E2,1.255289612E0,4.848717041E0,7.844587097E0
1.116330154E2,1.258283386E0,4.821922760E0,7.839048615E0
1.116430354E2,1.234333191E0,4.856500854E0,7.899373169E0
1.116530544E2,1.160536652E0,4.881947937E0,7.988138580E0
1.116630734E2,1.119521942E0,4.898862762E0,8.023315430E0
1.116730924E2,1.114881592E0,4.951403503E0,8.051606598E0
1.116831114E2,1.116977234E0,4.944218445E0,8.025111694E0
1.116931304E2,1.093176727E0,4.916825409E0,7.993826752E0
1.117031494E2,1.052012329E0,4.882696381E0,8.047565002E0
1.117131694E2,1.030457153E0,4.830455017E0,8.119565277E0
1.117231884E2,1.029109955E0,4.801864471E0,8.172405396E0
1.117332074E2,1.021625519E0,4.774022369E0,8.177045746E0
1.117432264E2,1.028810577E0,4.762795715E0,8.121361542E0
1.117532454E2,1.019529877E0,4.801415405E0,8.095914459E0
1.117632644E2,1.104253693E0,4.915627899E0,8.020770721E0
1.117732834E2,1.097218323E0,4.872367859E0,8.192463684E0
1.117833034E2,1.117575989E0,4.914729767E0,8.142018585E0
1.117933224E2,1.128054199E0,4.898862762E0,8.056546326E0
1.118033414E2,1.153052216E0,4.881349182E0,7.995772705E0
1.118133604E2,1.156045990E0,4.850213928E0,7.925868073E0
1.118233794E2,1.143023071E0,4.837041321E0,7.901768188E0
1.118333984E2,1.112935638E0,4.846621399E0,7.918533325E0
1.118434184E2,1.113085327E0,4.853956146E0,7.941435699E0
1.118534374E2,1.141975250E0,4.887336731E0,7.960146790E0
1.118634564E2,1.166973267E0,4.932393036E0,8.045020294E0
1.118734754E2,1.177002411E0,4.922064514E0,8.105195160E0
1.118834944E2,1.192120972E0,4.857398987E0,8.150999908E0
1.118935134E2,1.178499298E0,4.777764587E0,8.139324188E0
1.119035324E2,1.185534668E0,4.704267426E0,8.090825043E0
1.119135524E2,1.202299805E0,4.694986725E0,8.041278076E0
1.119235714E2,1.194515991E0,4.754113770E0,7.972870331E0
1.119335904E2,1.169517975E0,4.812342682E0,7.917784882E0
1.119436094E2,1.129551086E0,4.852159882E0,7.873327332E0
1.119536284E2,1.107247467E0,4.919519806E0,7.916886749E0
1.119636474E2,1.063538361E0,4.972958679E0,8.048463135E0
1.119736664E2,1.033151550E0,4.967120819E0,8.240663452E0
1.119836864E2,1.009051666E0,4.923711090E0,8.361162872E0
1.119937054E2,1.039737854E0,4.842430115E0,8.416847076E0
1.120037244E2,1.047072601E0,4.825215912E0,8.443940735E0
1.120137434E2,1.122216339E0,4.840633850E0,8.375532990E0
1.120237624E2,1.017733612E0,4.661157074E0,8.552315369E0
1.120337814E2,1.019829254E0,4.767286377E0,8.419691162E0
1.120438014E2,1.006806335E0,4.805007935E0,8.431666260E0
1.120538204E2,1.042432251E0,4.912783813E0,8.208031311E0
1.120638394E2,9.783654785E-1,4.893174591E0,8.214617615E0
1.120738584E2,1.058299255E0,4.922363892E0,7.977061615E0
1.120838774E2,1.141526184E0,4.829407196E0,7.959398346E0
1.120938964E2,1.148561554E0,4.825964355E0,7.969277802E0
1.121039154E2,1.135089569E0,4.815635834E0,8.003406830E0
1.121139354E2,1.070573730E0,4.818629608E0,8.088879089E0
1.121239544E2,1.087638245E0,4.934189301E0,8.164920959E0
1.121339734E2,1.143172760E0,4.922513580E0,8.304131470E0
1.121439924E2,1.149609375E0,4.910388794E0,8.437653809E0
1.121540114E2,1.125958557E0,4.856201477E0,8.458610229E0
1.121640304E2,1.065634003E0,4.689298553E0,8.482410736E0
1.121740504E2,1.043330383E0,4.671784973E0,8.435558167E0
1.121840694E2,1.060993652E0,4.758155365E0,8.286917267E0
1.121940886E2,1.117426300E0,4.874164124E0,8.203540649E0
1.122041076E2,1.166524200E0,5.035079498E0,8.149503021E0
1.122141266E2,1.139879608E0,5.096152496E0,8.102949829E0
1.122241456E2,1.007255402E0,4.955894165E0,8.038883057E0
1.122341646E2,8.879534912E-1,4.861290894E0,7.957751770E0
1.122441846E2,8.089178467E-1,4.769831085E0,8.077802124E0
1.122542036E2,8.030799866E-1,4.825066223E0,8.151748352E0
1.122642226E2,8.734336853E-1,4.926405487E0,8.271349640E0
1.122742416E2,9.590556335E-1,4.962031403E0,8.237220612E0
1.122842606E2,1.028211823E0,4.915328522E0,8.182883606E0
1.122942796E2,1.053808594E0,4.913083191E0,8.164920959E0
1.123042996E2,1.099164276E0,4.911885681E0,8.169261932E0
1.123143186E2,1.078507233E0,4.935386810E0,8.202343140E0
1.123243376E2,1.041085052E0,4.883744202E0,8.388256531E0
1.123343566E2,9.627978516E-1,4.866979065E0,8.457562408E0
1.123443756E2,9.145980835E-1,4.862338715E0,8.579858093E0
1.123543946E2,9.554631042E-1,4.858746185E0,8.594078522E0
1.123644136E2,9.963281250E-1,4.867128754E0,8.552015991E0
1.123744336E2,1.043779449E0,4.845423889E0,8.551117859E0
1.123844526E2,1.099763031E0,4.893473969E0,8.506061554E0
1.123944716E2,1.124611359E0,4.893623657E0,8.453071747E0
1.124044906E2,1.133592682E0,4.924758911E0,8.469836884E0
1.124145096E2,1.083896027E0,4.932991791E0,8.487949219E0
1.124245286E2,1.056802368E0,4.893174591E0,8.478967896E0
1.124345486E2,1.082997894E0,4.861440582E0,8.398435364E0
1.124445676E2,1.138981476E0,4.845274200E0,8.380921783E0
1.124545866E2,1.154998169E0,4.884941711E0,8.392298126E0
1.124646056E2,1.174607391E0,4.904101868E0,8.382119293E0
1.124746246E2,1.145567780E0,4.934488678E0,8.390352173E0
1.124846436E2,1.134341125E0,4.925357666E0,8.411009216E0
1.124946636E2,1.111289062E0,4.901108093E0,8.405321045E0
1.125046826E2,1.064436493E0,4.882247314E0,8.352929993E0
1.125147016E2,1.028062134E0,4.865332489E0,8.326584778E0
1.125247206E2,9.698332214E-1,4.868026886E0,8.334667969E0
1.125347396E2,9.234297180E-1,4.925507355E0,8.363707581E0
1.125447586E2,9.512718201E-1,5.005590820E0,8.435258789E0
1.125547786E2,1.014290771E0,5.026397552E0,8.436905365E0
1.125647976E2,1.040486298E0,4.983436890E0,8.414751434E0
1.125748166E2,1.034349060E0,4.933291168E0,8.417595520E0
1.125848356E2,1.038839722E0,4.866080933E0,8.408614197E0
1.125948546E2,1.062939606E0,4.865631866E0,8.373886414E0
1.126048736E2,1.126856689E0,4.880900116E0,8.316256256E0
1.126148936E2,1.173709259E0,4.884492645E0,8.234077148E0
1.126249126E2,1.194216614E0,4.910239105E0,8.216713257E0
1.126349316E2,1.179547119E0,4.968018951E0,8.230334930E0
1.126449506E2,1.146016846E0,5.015919342E0,8.293503571E0
1.126549696E2,1.119821320E0,5.003794556E0,8.322842560E0
1.126649886E2,1.084943848E0,4.938829651E0,8.377329254E0
1.126750076E2,1.017284546E0,4.908442841E0,8.423433380E0
1.126850276E2,9.508227539E-1,4.917873230E0,8.425678711E0
1.126950466E2,9.276210022E-1,4.939278717E0,8.510701904E0
1.127050656E2,9.351054382E-1,4.959187317E0,8.636889496E0
1.127150846E2,1.011746063E0,4.955145721E0,8.708440704E0
1.127251036E2,1.046024780E0,4.974156189E0,8.690927124E0
1.127351226E2,1.082848206E0,4.985831909E0,8.591683502E0
1.127451426E2,1.097068634E0,5.009782104E0,8.529862061E0
1.127551616E2,1.135688324E0,5.068609772E0,8.427325287E0
1.127651806E2,1.135239258E0,5.117857361E0,8.378975830E0
1.127751996E2,1.128503265E0,5.083578644E0,8.375682678E0
1.127852186E2,1.134341125E0,4.936734009E0,8.346493378E0
1.127952376E2,1.151255951E0,4.759801941E0,8.371491394E0
1.128052576E2,1.142873383E0,4.681514740E0,8.402476959E0
1.128152766E2,1.122216339E0,4.654870148E0,8.452323303E0
1.128252956E2,1.124311981E0,4.674629059E0,8.545878754E0
1.128353146E2,1.149010620E0,4.710404663E0,8.541088715E0
1.128453336E2,1.153501282E0,4.766388245E0,8.558302917E0
1.128553526E2,1.123563538E0,4.819827118E0,8.563841400E0
1.128653726E2,1.077160034E0,4.892875214E0,8.500822449E0
1.128753916E2,1.042432251E0,4.978347473E0,8.471932526E0
1.128854106E2,1.052012329E0,5.044509888E0,8.494385834E0
1.128954296E2,1.055006104E0,5.075046387E0,8.522227936E0
1.129054486E2,1.062640228E0,5.055736542E0,8.482111359E0
1.129154676E2,1.077010345E0,4.972659302E0,8.466693420E0
1.129254876E2,1.122515717E0,4.907544708E0,8.451425171E0
1.129355066E2,1.168919220E0,4.832251282E0,8.347241821E0
1.129455256E2,1.233435059E0,4.769980774E0,8.256231079E0
1.129555446E2,1.259181519E0,4.746479645E0,8.227041779E0
1.129655636E2,1.161734161E0,4.772675171E0,8.347092133E0
1.129755826E2,1.159189453E0,4.947960663E0,8.594078522E0
1.129856026E2,1.063688049E0,4.950804749E0,8.824000397E0
1.129956216E2,1.129700775E0,4.892875214E0,8.912616119E0
1.130056406E2,1.115779724E0,4.793032837E0,8.857830048E0
1.130156596E2,1.170416107E0,4.666096802E0,8.763526154E0
1.130256786E2,1.222208405E0,4.626279602E0,8.714428253E0
1.130356976E2,1.235530701E0,4.657564545E0,8.740174713E0
1.130457176E2,1.242715759E0,4.731510773E0,8.756191406E0
1.130557366E2,1.233435059E0,4.741839294E0,8.728049927E0
1.130657556E2,1.251397705E0,4.862338715E0,8.749305725E0
1.130757746E2,1.229393463E0,4.844226379E0,8.893156586E0
1.130857936E2,1.099912720E0,4.736899567E0,8.672964478E0
1.130958126E2,1.140777740E0,4.827161865E0,8.538094940E0
1.131058326E2,1.002465363E0,4.829107819E0,8.522527313E0
1.131158516E2,1.023421783E0,4.709955597E0,8.476273499E0
1.131258706E2,1.038839722E0,4.832251282E0,8.465346222E0
1.131358896E2,1.070274353E0,4.903353424E0,8.399932251E0
1.131459086E2,1.071322174E0,4.899611206E0,8.419242096E0
1.131559286E2,1.036893768E0,4.869673462E0,8.471483459E0
1.131659476E2,9.928852844E-1,4.843328247E0,8.549471283E0
1.131759666E2,1.008153534E0,4.775818634E0,8.649762726E0
1.131859856E2,1.074016571E0,4.768334198E0,8.700507202E0
1.131960037E2,1.131946106E0,4.812642059E0,8.787925415E0
1.132060228E2,1.147813110E0,4.815186768E0,8.824000397E0
1.132160427E2,1.134341125E0,4.808899841E0,8.781488800E0
1.132260617E2,1.222956848E0,4.805756378E0,8.611442413E0
1.132360807E2,1.373244324E0,5.134323120E0,8.580157471E0
1.132460997E2,8.693920898E-1,4.487967224E0,8.338410187E0
1.132561187E2,1.140927429E0,4.620292053E0,8.578510895E0
1.132661378E2,1.662592621E0,5.170547791E0,8.701555023E0
1.132761577E2,1.079405365E0,4.889282684E0,8.688083038E0
1.132861767E2,9.859996033E-1,4.609963531E0,8.413553925E0
1.132961957E2,1.082997894E0,4.597090302E0,8.578959961E0
1.133062147E2,1.077908478E0,4.684059448E0,9.027726746E0
1.133162337E2,1.019380188E0,4.643643494E0,8.993747406E0
1.133262528E2,9.701325989E-1,4.538711700E0,9.035660248E0
1.133362727E2,1.053060150E0,4.541555786E0,9.056616669E0
1.133462917E2,1.528471527E0,4.822521515E0,9.019493866E0
1.133563107E2,1.472937012E0,4.616849213E0,8.981921997E0
1.133663297E2,1.378782806E0,4.527934113E0,8.943451996E0
1.133763487E2,1.232536926E0,4.201313324E0,8.677155762E0
1.133863687E2,8.898994446E-1,3.936214600E0,8.712781677E0
1.133963877E2,8.012837219E-1,4.158951416E0,9.074729004E0
1.134064067E2,9.903405762E-1,4.610861664E0,9.157207489E0
1.134164257E2,1.181193695E0,4.701573029E0,8.994346161E0
1.134264447E2,1.278940430E0,4.605921936E0,8.923244019E0
1.134364637E2,1.239572296E0,4.533771973E0,8.905580750E0
1.134464827E2,1.311572571E0,4.661007385E0,8.865314484E0
1.134565027E2,1.222657471E0,4.481081543E0,8.746461639E0
1.134665217E2,1.188229065E0,4.242926788E0,8.739575958E0
1.134765407E2,1.266665955E0,4.269421692E0,8.752898254E0
1.134865597E2,1.268911285E0,4.317322083E0,8.784482574E0
1.134965787E2,1.291065216E0,4.395758972E0,8.815917206E0
1.135065987E2,1.218765564E0,4.510719910E0,8.909472656E0
1.135166177E2,1.208437042E0,4.512067108E0,8.910670166E0
1.135266367E2,1.156495056E0,4.525539093E0,8.878038025E0
1.135366557E2,1.130898285E0,4.421206055E0,8.856931915E0
1.135466747E2,1.174757080E0,4.342320099E0,8.777147827E0
1.135566937E2,1.380728760E0,4.173770599E0,8.631650391E0
1.135667137E2,1.226100311E0,4.023183746E0,8.654403076E0
1.135767327E2,7.210505676E-1,4.308041382E0,9.422755280E0
1.135867517E2,1.245110779E0,5.069956970E0,8.813522186E0
1.135967707E2,1.249302063E0,4.553231506E0,8.925339661E0
1.136067897E2,1.147962799E0,4.490511932E0,8.787925415E0
1.136168087E2,9.915380859E-1,4.539609833E0,8.921597443E0
1.136268287E2,8.550219727E-1,4.544848938E0,8.986262970E0
1.136368477E2,8.773255920E-1,4.548890533E0,9.029523010E0
1.136468667E2,8.833131409E-1,4.556674347E0,9.011260986E0
1.136568857E2,9.048683167E-1,4.540507965E0,9.006171570E0
1.136669047E2,9.421408081E-1,4.487218781E0,8.982820129E0
1.136769247E2,1.008752289E0,4.478686523E0,8.917705536E0
1.136869437E2,1.021924896E0,4.542004852E0,8.956474915E0
1.136969627E2,1.019230499E0,4.541406097E0,8.945996704E0
1.137069817E2,1.029259644E0,4.543801117E0,8.916358337E0
1.137170007E2,1.003962250E0,4.550986176E0,8.924291840E0
1.137270197E2,9.966275024E-1,4.545747070E0,8.933722229E0
1.137370397E2,9.740245056E-1,4.599635010E0,8.884474640E0
1.137470587E2,9.520202637E-1,4.627626801E0,8.941955109E0
1.137570777E2,9.418414307E-1,4.598287811E0,8.984616394E0
1.137670967E2,9.642947388E-1,4.551884308E0,9.027277679E0
1.137771157E2,9.436376953E-1,4.545148315E0,9.047186279E0
1.137871347E2,9.648934937E-1,4.525838470E0,9.046737213E0
1.137971547E2,9.939331055E-1,4.521048431E0,9.036408691E0
1.138071737E2,1.039887543E0,4.470753021E0,8.990454254E0
1.138171927E2,1.049317932E0,4.481081543E0,8.952732697E0
1.138272117E2,1.045276337E0,4.481979675E0,8.888366547E0
1.138372307E2,1.036145325E0,4.501289520E0,8.827443237E0
1.138472507E2,1.034349060E0,4.506977692E0,8.767118683E0
1.138572697E2,1.002165985E0,4.508624268E0,8.788973236E0
1.138672887E2,1.022074585E0,4.519401855E0,8.874595184E0
1.138773077E2,1.015039215E0,4.566104736E0,8.949589233E0
1.138873267E2,1.022074585E0,4.568649445E0,8.997938690E0
1.138973457E2,1.027762756E0,4.537214813E0,8.986562347E0
1.139073657E2,9.824070740E-1,4.496948547E0,8.981323242E0
1.139173847E2,9.924362183E-1,4.473297729E0,8.982071686E0
1.139274037E2,9.936337280E-1,4.500092010E0,9.015901337E0
1.139374227E2,9.493258667E-1,4.539759521E0,8.980275421E0
1.139474417E2,9.113049316E-1,4.611011353E0,8.750802612E0
1.139574607E2,9.282197571E-1,4.537214813E0,9.169182587E0
1.139674807E2,8.985813904E-1,4.616699524E0,8.813522186E0
1.139774997E2,9.160949707E-1,4.631818085E0,8.953331451E0
1.139875187E2,8.638536072E-1,4.633165283E0,8.963210907E0
1.139975377E2,7.071295166E-1,4.611610107E0,8.855285339E0
1.140075567E2,1.056353302E0,4.653073883E0,8.894204407E0
1.140175757E2,1.074166260E0,4.650828552E0,9.015601959E0
1.140275957E2,9.412426758E-1,4.624333649E0,8.983867950E0
1.140376147E2,8.656498718E-1,4.545447693E0,8.926686859E0
1.140476337E2,8.217910767E-1,4.596491547E0,8.910370789E0
1.140576527E2,8.390052795E-1,4.626429291E0,8.899443512E0
1.140676717E2,8.887019348E-1,4.625231781E0,8.874744873E0
1.140776917E2,9.415420532E-1,4.680017853E0,8.847651215E0
1.140877107E2,9.616003418E-1,4.673132172E0,8.850195923E0
1.140977297E2,9.696835327E-1,4.668192444E0,8.855584717E0
1.141077487E2,9.469308472E-1,4.690346375E0,8.842861176E0
1.141177677E2,8.783734131E-1,4.556973724E0,9.000184021E0
1.141277867E2,9.208850098E-1,4.620591431E0,8.792266388E0
1.141378067E2,9.726773071E-1,4.610562286E0,8.820407867E0
1.141478257E2,9.882449341E-1,4.606071625E0,8.875493317E0
1.141578447E2,9.753717041E-1,4.643044739E0,8.931925964E0
1.141678637E2,9.472302246E-1,4.653223572E0,8.915759583E0
1.141778827E2,9.379495239E-1,4.671335907E0,8.896000671E0
1.141879027E2,9.803114319E-1,4.714146881E0,8.866362305E0
1.141979217E2,9.851014709E-1,4.693340149E0,8.828041992E0
1.142079407E2,9.879455566E-1,4.661306763E0,8.777447205E0
1.142179597E2,9.407936096E-1,4.690945129E0,8.802594910E0
1.142279787E2,8.960366821E-1,4.637057190E0,8.885672150E0
1.142379977E2,8.888516235E-1,4.697830811E0,8.957223358E0
1.142480177E2,9.039701843E-1,4.691843262E0,9.008117523E0
1.142580367E2,9.151968384E-1,4.680167542E0,8.997639313E0
1.142680557E2,9.190887451E-1,4.647984467E0,8.953780518E0
1.142780747E2,8.943901062E-1,4.657115479E0,8.926387482E0
1.142880937E2,8.913963318E-1,4.669240265E0,8.865763550E0
1.142981127E2,9.455836487E-1,4.713248749E0,8.750503235E0
1.143081327E2,9.458830261E-1,4.733157349E0,8.680299225E0
1.143181517E2,8.846603394E-1,4.746479645E0,8.625662842E0
1.143281707E2,8.382568359E-1,4.750670929E0,8.664282532E0
1.143381897E2,8.409512329E-1,4.763394470E0,8.732091522E0
1.143482087E2,8.457412720E-1,4.761598206E0,8.826694794E0
1.143582287E2,8.334667969E-1,4.747377777E0,8.929980011E0
1.143682477E2,8.445437622E-1,4.703968048E0,8.958869934E0
1.143782667E2,8.948391724E-1,4.686604156E0,8.763825531E0
1.143882857E2,9.738748169E-1,4.653672638E0,9.005872192E0
1.143983047E2,9.211843872E-1,4.669090576E0,8.971593475E0
1.144083237E2,8.819659424E-1,4.695884857E0,8.878337402E0
1.144183437E2,9.142987061E-1,4.681065674E0,8.888216858E0
1.144283627E2,9.184899902E-1,4.716691589E0,8.905281372E0
1.144383817E2,9.297166443E-1,4.702022095E0,8.883875885E0
1.144484007E2,9.524693298E-1,4.666545868E0,8.864116974E0
1.144584197E2,9.330097961E-1,4.699776764E0,8.848549347E0
1.144684387E2,9.144483948E-1,4.729564819E0,8.856931915E0
1.144784587E2,9.142987061E-1,4.720733185E0,9.031618652E0
1.144884777E2,8.903485107E-1,4.759203186E0,8.859925690E0
1.144984967E2,9.270222473E-1,4.760700073E0,8.807235260E0
1.145085157E2,9.692344666E-1,4.752317505E0,8.753796387E0
1.145185347E2,9.699829102E-1,4.762496338E0,8.723409576E0
1.145285547E2,9.291178894E-1,4.760101318E0,8.775650940E0
1.145385737E2,8.749305725E-1,4.746629333E0,8.891659698E0
1.145485927E2,8.411009216E-1,4.745880890E0,8.968300323E0
1.145586117E2,8.653504944E-1,4.725223846E0,8.922046509E0
1.145686307E2,9.107061768E-1,4.740192719E0,8.870104523E0
1.145786497E2,9.642947388E-1,4.812192993E0,8.688831482E0
1.145886697E2,1.001866608E0,4.762795715E0,8.978928223E0
1.145986887E2,9.571096802E-1,4.825066223E0,8.782087555E0
1.146087077E2,9.053173828E-1,4.757706299E0,8.779542847E0
1.146187267E2,8.845106506E-1,4.763394470E0,8.765322418E0
1.146287457E2,8.572673035E-1,4.791086884E0,8.775201874E0
1.146387657E2,8.488847351E-1,4.832850037E0,8.776998138E0
1.146487847E2,8.253836060E-1,4.849914551E0,8.792565765E0
1.146588037E2,8.397537231E-1,4.849166107E0,8.816066895E0
1.146688227E2,8.620573425E-1,4.860243073E0,8.792715454E0
1.146788417E2,8.815168762E-1,4.882397003E0,8.704997864E0
1.146888607E2,8.840615845E-1,4.900808716E0,8.651708679E0
1.146988807E2,9.038204956E-1,4.904850311E0,8.611292725E0
1.147088997E2,9.108558655E-1,4.904101868E0,8.567733307E0
1.147189187E2,9.029223633E-1,4.897814941E0,8.587043152E0
1.147289377E2,9.131011963E-1,4.888234863E0,8.666378174E0
1.147389567E2,8.910969543E-1,4.886288910E0,8.707991638E0
1.147489757E2,9.172924805E-1,4.855902100E0,8.736432495E0
1.147589957E2,9.413923645E-1,4.859045563E0,8.782985687E0
1.147690147E2,9.404942322E-1,4.909340973E0,8.748108215E0
1.147790337E2,9.630972290E-1,4.934338989E0,8.658594360E0
1.147890527E2,9.883946228E-1,4.940775604E0,8.593180389E0
1.147990717E2,1.000369720E0,4.926255798E0,8.613238678E0
1.148090917E2,1.011895752E0,4.931494904E0,8.616382141E0
1.148191107E2,1.011895752E0,4.933291168E0,8.565487976E0
1.148291297E2,1.059796143E0,4.912634125E0,8.525072021E0
1.148391487E2,1.031654663E0,4.927153931E0,8.584498444E0
1.148491677E2,9.484277344E-1,4.858297119E0,8.606053619E0
1.148591867E2,9.723779297E-1,4.688400421E0,8.562943268E0
1.148692067E2,7.785310364E-1,5.119204559E0,8.725355530E0
1.148792257E2,8.610095215E-1,4.982688446E0,8.981772308E0
1.148892447E2,9.201365662E-1,4.965623932E0,8.752598877E0
1.148992637E2,8.925938416E-1,4.995561676E0,8.668922882E0
1.149092827E2,9.054670715E-1,4.952601013E0,8.571625214E0
1.149193017E2,9.349557495E-1,4.956642609E0,8.528514862E0
1.149293217E2,9.147477722E-1,4.944517822E0,8.509953461E0
1.149393407E2,9.063652039E-1,4.960384827E0,8.511749725E0
1.149493597E2,8.610095215E-1,4.977299652E0,8.557853851E0
1.149593787E2,8.425978088E-1,4.989125061E0,8.585546265E0
1.149693977E2,8.675958252E-1,5.009931793E0,8.660690002E0
1.149794177E2,8.967851257E-1,5.006638641E0,8.699010315E0
1.149894367E2,9.246272278E-1,4.999752960E0,8.677604828E0
1.149994557E2,9.346563721E-1,4.974754944E0,8.658744049E0
1.150094747E2,9.821076965E-1,4.949906616E0,8.655001831E0
1.150194937E2,1.043480072E0,4.942422180E0,8.637937317E0
1.150295127E2,1.051563263E0,4.963378601E0,8.613687744E0
1.150395327E2,1.050665131E0,4.996160431E0,8.564889221E0
1.150495517E2,1.089733887E0,4.987328796E0,8.513246613E0
1.150595707E2,1.081501007E0,5.017715607E0,8.458460541E0
1.150695897E2,1.105750580E0,5.011278992E0,8.414002991E0
1.150796087E2,1.118324432E0,5.027744751E0,8.421637115E0
1.150896277E2,1.102158051E0,5.073399811E0,8.445737000E0
1.150996477E2,1.066681824E0,5.056185608E0,8.427924042E0
1.151096667E2,1.068927155E0,5.029990082E0,8.418044586E0
1.151196857E2,1.050216064E0,5.108576660E0,8.474626923E0
1.151297047E2,1.044677582E0,5.051395569E0,8.542136536E0
1.151397237E2,1.062789917E0,5.075645142E0,8.517288208E0
1.151497437E2,1.044228516E0,5.033432922E0,8.524622955E0
1.151597627E2,1.040486298E0,5.010829926E0,8.558452606E0
1.151697817E2,1.057700500E0,4.996609497E0,8.576714630E0
1.151798007E2,1.024918671E0,4.996160431E0,8.516090698E0
1.151898238E2,9.945318604E-1,4.993166656E0,8.482261047E0
1.151998428E2,9.964778137E-1,5.030588837E0,8.486602020E0
1.152098628E2,9.930349731E-1,5.078339539E0,8.450976105E0
1.152198818E2,1.022823029E0,5.063520355E0,8.418343964E0
1.152299008E2,1.050964508E0,5.052892456E0,8.433911591E0
1.152399198E2,1.018032990E0,5.051994324E0,8.442593536E0
1.152499388E2,9.916877747E-1,5.063819733E0,8.434510345E0
1.152599588E2,9.912387085E-1,5.070106659E0,8.465046844E0
1.152699778E2,9.886940002E-1,5.079087982E0,8.480464783E0
1.152799968E2,1.011147308E0,5.092260590E0,8.478818207E0
1.152900158E2,1.009051666E0,5.084626465E0,8.465046844E0
1.153000348E2,9.686357117E-1,5.062771912E0,8.468040619E0
1.153100538E2,9.334588623E-1,5.048252106E0,8.461604004E0
1.153200738E2,9.196875000E-1,5.073998566E0,8.480464783E0
1.153300928E2,9.404942322E-1,5.122797089E0,8.495882721E0
1.153401118E2,9.768685913E-1,5.129233704E0,8.509205017E0
1.153501308E2,1.010249176E0,5.105133820E0,8.547375641E0
1.153601498E2,1.030756531E0,5.071753235E0,8.565188599E0
1.153701698E2,1.012644196E0,5.026696930E0,8.558153229E0
1.153801888E2,1.004561005E0,4.993166656E0,8.540489960E0
1.153902078E2,1.009650421E0,5.004542999E0,8.515641632E0
1.154002268E2,9.981243896E-1,5.048701172E0,8.540939026E0
1.154102458E2,9.723779297E-1,5.057682495E0,8.579409027E0
1.154202648E2,9.626481628E-1,5.026098175E0,8.564739532E0
1.154302848E2,1.001267853E0,5.032085724E0,8.531209259E0
1.154403038E2,1.042581940E0,5.038522339E0,8.482560425E0
1.154503228E2,1.058299255E0,5.050946503E0,8.417445831E0
1.154603418E2,1.042282562E0,5.049748993E0,8.347990265E0
1.154703608E2,1.008901978E0,5.047952728E0,8.344248047E0
1.154803798E2,9.982740784E-1,5.074297943E0,8.402027893E0
1.154903998E2,9.747729492E-1,5.096302185E0,8.460107117E0
1.155004188E2,9.755213928E-1,5.110672302E0,8.448431396E0
1.155104378E2,9.839039612E-1,5.096002808E0,8.431815948E0
1.155204568E2,9.598040771E-1,5.074896698E0,8.429869995E0
1.155304758E2,9.018745422E-1,5.053191833E0,8.474177856E0
1.155404958E2,8.985813904E-1,5.060526581E0,8.481662292E0
1.155505148E2,9.045689392E-1,5.037923584E0,8.450227661E0
1.155605338E2,8.999285889E-1,5.036875763E0,8.434959412E0
1.155705528E2,9.108558655E-1,5.068310394E0,8.411907349E0
1.155805718E2,9.448352051E-1,5.096451874E0,8.413254547E0
1.155905908E2,9.810598755E-1,5.105433197E0,8.418194275E0
1.156006108E2,9.559121704E-1,5.109175415E0,8.436306610E0
1.156106298E2,9.154962158E-1,5.085674286E0,8.414901123E0
1.156206488E2,9.422904968E-1,5.048401794E0,8.386160889E0
1.156306678E2,9.689350891E-1,5.051694946E0,8.411907349E0
1.156406868E2,9.777667236E-1,5.036576385E0,8.448431396E0
1.156507068E2,1.006506958E0,5.056035919E0,8.478668518E0
1.156607258E2,1.010698242E0,5.077591095E0,8.510402527E0
1.156707448E2,9.994715881E-1,5.098996582E0,8.532706146E0
1.156807638E2,1.021625519E0,5.096900940E0,8.509953461E0
1.156907828E2,1.028361511E0,5.098397827E0,8.466244354E0
1.157008018E2,1.019829254E0,5.068460083E0,8.442443848E0
1.157108218E2,1.037642212E0,5.064717865E0,8.422235870E0
1.157208408E2,1.030008087E0,5.061724091E0,8.449628906E0
1.157308598E2,1.032103729E0,5.055736542E0,8.457263031E0
1.157408788E2,1.012793884E0,5.057383118E0,8.447832642E0
1.157508978E2,1.002465363E0,5.058430939E0,8.453371124E0
1.157609168E2,9.758207703E-1,5.061724091E0,8.486602020E0
1.157709368E2,9.337582397E-1,5.056634674E0,8.483308868E0
1.157809558E2,9.190887451E-1,5.050347748E0,8.467441864E0
1.157909748E2,9.280700684E-1,5.054239655E0,8.433612213E0
1.158009938E2,9.382489014E-1,5.062173157E0,8.444090424E0
1.158110128E2,9.198371887E-1,5.063370667E0,8.464298401E0
1.158210328E2,9.021739197E-1,5.072052612E0,8.456364899E0
1.158310518E2,9.256750488E-1,5.076543274E0,8.468339996E0
1.158410708E2,9.574090576E-1,5.050796814E0,8.487799530E0
1.158510898E2,9.562115479E-1,5.046605530E0,8.465645599E0
1.158611088E2,9.848020935E-1,5.047054596E0,8.442743225E0
1.158711278E2,9.964778137E-1,5.041216736E0,8.449179840E0
1.158811478E2,1.011746063E0,5.034780121E0,8.408913574E0
1.158911668E2,1.036594391E0,5.033732300E0,8.377778320E0
1.159011858E2,1.045126648E0,5.049449615E0,8.393795013E0
1.159112048E2,1.027014313E0,5.081932068E0,8.429570618E0
1.159212238E2,1.009351044E0,5.114264832E0,8.464747467E0
1.159312438E2,9.903405762E-1,5.099745026E0,8.466244354E0
1.159412628E2,1.005010071E0,5.076543274E0,8.469687195E0
1.159512818E2,1.002465363E0,5.063220978E0,8.459508362E0
1.159613008E2,1.017733612E0,5.021757202E0,8.452472992E0
1.159713198E2,1.012943573E0,5.001100159E0,8.456215210E0
1.159813388E2,1.006357269E0,4.974305878E0,8.454568634E0
1.159913588E2,1.034648438E0,5.001549225E0,8.456364899E0
1.160013778E2,1.062789917E0,5.035528564E0,8.477920074E0
1.160113968E2,1.026415558E0,5.067711639E0,8.511749725E0
1.160214158E2,1.022972717E0,5.076543274E0,8.480165405E0
1.160314348E2,1.016386414E0,5.071753235E0,8.439450073E0
1.160414548E2,9.747729492E-1,5.090314636E0,8.433612213E0
1.160514738E2,9.630972290E-1,5.073699188E0,8.411009216E0
1.160614928E2,9.427395630E-1,5.062622223E0,8.405171356E0
1.160715118E2,9.226812744E-1,5.059179382E0,8.427025909E0
1.160815308E2,9.389973450E-1,5.066065063E0,8.458460541E0
1.160915498E2,9.508227539E-1,5.062771912E0,8.519832916E0
1.161015698E2,1.007554779E0,5.052443390E0,8.479716339E0
1.161115888E2,1.003363495E0,5.002447357E0,8.486602020E0
1.161216078E2,1.010099487E0,4.987628174E0,8.462502136E0
1.161316268E2,1.014141083E0,5.008883972E0,8.477471008E0
1.161416458E2,9.584568787E-1,5.036426697E0,8.475824432E0
1.161516658E2,9.880952454E-1,5.060825958E0,8.415050812E0
1.161616848E2,9.970765686E-1,5.048850861E0,8.376131744E0
1.161717038E2,9.491761780E-1,5.026247864E0,8.410560150E0
1.161817228E2,9.490264893E-1,5.059329071E0,8.402327271E0
1.161917372E2,9.629475403E-1,5.030588837E0,8.443641357E0
1.162017562E2,9.488768005E-1,5.006938019E0,8.503666534E0
1.162117762E2,9.490264893E-1,5.009033661E0,8.505762177E0
1.162217952E2,9.357041931E-1,5.029091949E0,8.516390076E0
1.162318143E2,9.723779297E-1,5.009782104E0,8.485703888E0
1.162418332E2,9.967771912E-1,5.021457825E0,8.458909607E0
1.162518522E2,9.747729492E-1,5.043013000E0,8.425828400E0
1.162618723E2,9.610015869E-1,5.021757202E0,8.431666260E0
1.162718912E2,9.508227539E-1,5.022954712E0,8.416547699E0
1.162819102E2,9.340576172E-1,5.022056580E0,8.432115326E0
1.162919293E2,9.132508850E-1,5.015021210E0,8.450227661E0
1.163019482E2,9.491761780E-1,5.022805023E0,8.421188049E0
1.163119682E2,9.786648560E-1,5.067412262E0,8.427325287E0
1.163219873E2,9.710307312E-1,5.106930084E0,8.424930267E0
1.163320062E2,9.845027161E-1,5.089266815E0,8.434510345E0
1.163420252E2,9.946815491E-1,5.028343506E0,8.417595520E0
1.163520443E2,9.653425598E-1,4.987927551E0,8.413254547E0
1.163620632E2,9.710307312E-1,4.956343231E0,8.443940735E0
1.163720832E2,1.005608826E0,4.994962921E0,8.472231903E0
1.163821022E2,1.029858398E0,5.031486969E0,8.435109100E0
1.163921212E2,1.045276337E0,5.049449615E0,8.434959412E0
1.164021402E2,1.031355286E0,5.022954712E0,8.424930267E0
1.164121593E2,1.036893768E0,5.006339264E0,8.420589294E0
1.164221792E2,1.003064117E0,4.999603271E0,8.432265015E0
1.164321982E2,9.406439209E-1,4.990771637E0,8.476872253E0
1.164422172E2,9.080117798E-1,4.969964905E0,8.568930817E0
1.164522362E2,8.575666809E-1,4.985981598E0,8.575367432E0
1.164622552E2,8.770262146E-1,4.967869263E0,8.526269531E0
1.164722743E2,8.946894836E-1,4.983736267E0,8.482859802E0
1.164822942E2,8.972341919E-1,5.043312378E0,8.423732758E0
1.164923132E2,8.963360596E-1,5.062472534E0,8.402476959E0
1.165023322E2,8.896000671E-1,5.079237671E0,8.372688904E0
1.165123512E2,8.879534912E-1,5.087620239E0,8.374784546E0
1.165223702E2,8.907975769E-1,5.089865570E0,8.389454041E0
1.165323902E2,9.008267212E-1,5.072801056E0,8.404722290E0
1.165424092E2,9.190887451E-1,5.047803040E0,8.417445831E0
1.165524282E2,9.439370728E-1,5.000202026E0,8.436456299E0
1.165624472E2,9.895921326E-1,5.000052338E0,8.472082214E0
1.165724662E2,9.885443115E-1,4.984335022E0,8.486602020E0
1.165824862E2,9.997709656E-1,4.963228912E0,8.466693420E0
1.165925052E2,1.037941589E0,4.946314087E0,8.463849335E0
1.166025242E2,1.035546570E0,4.941673737E0,8.456664276E0
1.166125432E2,1.060394897E0,4.962031403E0,8.427774353E0
1.166225622E2,1.075962524E0,4.988526306E0,8.392148438E0
1.166325812E2,1.071771240E0,5.003195801E0,8.405470734E0
1.166426012E2,1.065334625E0,5.042713623E0,8.404273224E0
1.166526202E2,1.068478088E0,5.043312378E0,8.400381317E0
1.166626392E2,1.043480072E0,5.029990082E0,8.437055054E0
1.166726582E2,1.014889526E0,4.998854828E0,8.446186066E0
1.166826772E2,9.886940002E-1,4.992717590E0,8.452023926E0
1.166926972E2,9.617500305E-1,4.979095917E0,8.453071747E0
1.167027162E2,9.607022095E-1,4.972210236E0,8.459957428E0
1.167127352E2,9.623487854E-1,4.971761169E0,8.444090424E0
1.167227542E2,9.746232605E-1,4.977449341E0,8.426427155E0
1.167327732E2,9.412426758E-1,4.991819458E0,8.458161163E0
1.167427932E2,9.298663330E-1,5.004243622E0,8.480764160E0
1.167528122E2,9.403445435E-1,5.018314362E0,8.475974121E0
1.167628312E2,9.454339600E-1,5.017266541E0,8.449479218E0
1.167728502E2,9.476792908E-1,4.993915100E0,8.448281708E0
1.167828692E2,9.464817810E-1,4.959786072E0,8.461903381E0
1.167928882E2,9.443861389E-1,4.943619690E0,8.455017700E0
1.168029082E2,9.494755554E-1,4.969665527E0,8.416996765E0
1.168129272E2,9.572593689E-1,5.021308136E0,8.367898865E0
1.168229462E2,9.363029480E-1,5.071453857E0,8.351882172E0
1.168329652E2,9.264234924E-1,5.098846893E0,8.365803223E0
1.168429842E2,9.231303406E-1,5.064119110E0,8.398585052E0
1.168530042E2,9.120533752E-1,5.038222961E0,8.401279449E0
1.168630232E2,8.967851257E-1,5.021906891E0,8.407566376E0
1.168730422E2,9.222322083E-1,5.007985840E0,8.446635132E0
1.168830612E2,9.361532593E-1,5.000501404E0,8.503367157E0
1.168930802E2,9.711804199E-1,5.013674011E0,8.503666534E0
1.169031002E2,9.919871521E-1,4.992418213E0,8.477620697E0
1.169131192E2,9.598040771E-1,4.969366150E0,8.421337738E0
1.169231382E2,9.653425598E-1,4.959935760E0,8.367000732E0
1.169331572E2,9.848020935E-1,4.978796539E0,8.335865479E0
1.169431762E2,1.013392639E0,5.011129303E0,8.317902832E0
1.169531952E2,9.753717041E-1,5.014871521E0,8.356073456E0
1.169632152E2,9.325607300E-1,5.010979614E0,8.379424896E0
1.169732342E2,9.683363342E-1,5.000651093E0,8.406817932E0
1.169832532E2,1.031355286E0,4.985831909E0,8.412805481E0
1.169932722E2,1.053209839E0,4.973108368E0,8.443192291E0
1.170032912E2,1.062490540E0,4.958289185E0,8.482261047E0
1.170133112E2,1.023721161E0,4.974455566E0,8.511450348E0
1.170233302E2,9.909393311E-1,4.983436890E0,8.466693420E0
1.170333492E2,9.939331055E-1,4.951553192E0,8.404871979E0
1.170433682E2,9.963281250E-1,4.957241364E0,8.364755402E0
1.170533872E2,9.871971130E-1,4.958887939E0,8.346942444E0
1.170634072E2,9.836045837E-1,4.951104126E0,8.337811432E0
1.170734262E2,9.566606140E-1,4.953648834E0,8.369545441E0
1.170834452E2,9.412426758E-1,4.967270508E0,8.418793030E0
1.170934642E2,9.508227539E-1,4.971312103E0,8.460406494E0
1.171034832E2,9.559121704E-1,5.007387085E0,8.482710114E0
1.171135022E2,9.578581238E-1,5.013224945E0,8.445138245E0
1.171235222E2,9.815089417E-1,5.006788330E0,8.408464508E0
1.171335412E2,9.879455566E-1,4.991220703E0,8.382418671E0
1.171435602E2,9.695338440E-1,5.009033661E0,8.406668243E0
1.171535792E2,9.527687073E-1,5.007087708E0,8.425229645E0
1.171635982E2,9.934840393E-1,4.980293427E0,8.427624664E0
1.171736183E2,1.022224274E0,4.990771637E0,8.408614197E0
1.171836372E2,1.020877075E0,4.957091675E0,8.429869995E0
1.171936606E2,1.006207581E0,4.952900391E0,8.440797272E0
1.172036796E2,1.012793884E0,4.962330780E0,8.434809723E0
1.172136986E2,1.023571472E0,4.965324554E0,8.397986298E0
1.172237186E2,1.026116180E0,4.963977356E0,8.359516296E0
1.172337376E2,1.028660889E0,4.947212219E0,8.326734467E0
1.172437566E2,1.015488281E0,4.960384827E0,8.318950653E0
1.172537756E2,9.910890198E-1,4.982688446E0,8.375233612E0
1.172637946E2,9.466314697E-1,4.996010742E0,8.453371124E0
1.172738136E2,9.250762939E-1,4.976700897E0,8.485105133E0
1.172838336E2,9.297166443E-1,4.940925293E0,8.501870270E0
1.172938526E2,9.303153992E-1,4.939877472E0,8.509803772E0
1.173038716E2,9.175918579E-1,4.957091675E0,8.468339996E0
1.173138906E2,9.142987061E-1,4.965773621E0,8.418942719E0
1.173239096E2,9.096583557E-1,4.987777863E0,8.376580811E0
1.173339296E2,8.982820129E-1,4.997807007E0,8.376131744E0
1.173439486E2,8.785231018E-1,4.965324554E0,8.364755402E0
1.173539676E2,8.602610779E-1,4.942571869E0,8.346343689E0
1.173639866E2,8.635542297E-1,4.950655060E0,8.354576569E0
1.173740056E2,8.717871094E-1,4.973108368E0,8.419840851E0
1.173840256E2,9.021739197E-1,4.988226929E0,8.451125793E0
1.173940446E2,9.280700684E-1,4.981940002E0,8.440348206E0
1.174040636E2,9.725276184E-1,4.958588562E0,8.448431396E0
1.174140826E2,9.933343506E-1,4.928950195E0,8.451275482E0
1.174241016E2,1.008752289E0,4.904251556E0,8.458610229E0
1.174341206E2,9.927355957E-1,4.894970856E0,8.457861786E0
1.174441406E2,9.846524048E-1,4.901407471E0,8.462651825E0
1.174541596E2,1.021326141E0,4.904700623E0,8.452922058E0
1.174641786E2,1.046922913E0,4.911885681E0,8.427175598E0
1.174741976E2,1.057999878E0,4.911436615E0,8.396938477E0
1.174842166E2,1.068627777E0,4.940625916E0,8.368198242E0
1.174942366E2,1.077459412E0,4.959037628E0,8.357570343E0
1.175042556E2,1.065184937E0,4.954097900E0,8.346044312E0
1.175142746E2,1.032552795E0,4.937482452E0,8.386160889E0
1.175242936E2,1.021625519E0,4.945565643E0,8.460705872E0
1.175343126E2,9.909393311E-1,4.944068756E0,8.502019958E0
1.175443326E2,9.704319763E-1,4.925806732E0,8.515491943E0
1.175543516E2,9.717791748E-1,4.904401245E0,8.460107117E0
1.175643706E2,9.747729492E-1,4.916526031E0,8.425529022E0
1.175743896E2,9.870474243E-1,4.927453308E0,8.394094391E0
1.175844086E2,9.901908875E-1,4.952900391E0,8.339308319E0
1.175944286E2,9.851014709E-1,4.978497162E0,8.322094116E0
1.176044476E2,9.916877747E-1,4.968917084E0,8.337212677E0
1.176144666E2,9.544152832E-1,4.970863037E0,8.363408203E0
1.176244856E2,9.473799133E-1,4.969066772E0,8.379424896E0
1.176345046E2,9.717791748E-1,4.977748718E0,8.402626648E0
1.176445236E2,9.348060608E-1,4.969665527E0,8.430917816E0
1.176545436E2,9.425898743E-1,4.951403503E0,8.465346222E0
1.176645626E2,9.361532593E-1,4.964276733E0,8.451724548E0
1.176745816E2,9.412426758E-1,4.942422180E0,8.386310577E0
1.176846006E2,9.702822876E-1,4.941823425E0,8.377928009E0
1.176946196E2,9.613009644E-1,4.971761169E0,8.373736725E0
1.177046396E2,9.422904968E-1,4.985382843E0,8.380173340E0
1.177146586E2,9.457333374E-1,4.975204010E0,8.375982056E0
1.177246776E2,9.617500305E-1,4.972359924E0,8.370892639E0
1.177346966E2,9.416917419E-1,4.979544983E0,8.383167114E0
1.177447156E2,9.199868774E-1,4.965324554E0,8.357121277E0
1.177547356E2,9.189390564E-1,4.962630157E0,8.307424622E0
1.177647546E2,9.014254761E-1,4.963378601E0,8.319699097E0
1.177747736E2,8.758287048E-1,4.980443115E0,8.303383026E0
1.177847926E2,8.993298340E-1,4.997208252E0,8.293653259E0
1.177948116E2,9.009764099E-1,5.023852844E0,8.350085907E0
1.178048316E2,9.157955933E-1,4.992118835E0,8.386011200E0
1.178148506E2,9.380992126E-1,5.020260315E0,8.415649567E0
1.178248696E2,9.283694458E-1,5.004093933E0,8.430019684E0
1.178348886E2,9.798623657E-1,4.940625916E0,8.406668243E0
1.178449076E2,9.786648560E-1,4.953948212E0,8.366851044E0
1.178549276E2,9.747729492E-1,4.899311829E0,8.375083923E0
1.178649466E2,9.771679688E-1,4.943470001E0,8.380323029E0
1.178749656E2,1.003513184E0,4.878056030E0,8.368347931E0
1.178849846E2,9.951306152E-1,4.904700623E0,8.319998474E0
1.178950036E2,9.966275024E-1,4.907395020E0,8.357420654E0
1.179050226E2,1.008602600E0,4.970713348E0,8.333021393E0
1.179150426E2,1.022523651E0,4.955744476E0,8.329877930E0
1.179250616E2,1.021475830E0,4.954397278E0,8.355325012E0
1.179350806E2,1.021176453E0,4.956941986E0,8.416248322E0
1.179450996E2,1.028361511E0,4.952750702E0,8.434959412E0
1.179551186E2,1.020727386E0,4.927902374E0,8.439150696E0
1.179651386E2,1.016236725E0,4.919519806E0,8.430319061E0
1.179751576E2,1.025068359E0,4.915777588E0,8.443940735E0
1.179851766E2,1.016985168E0,4.924459534E0,8.405321045E0
1.179951956E2,1.015039215E0,4.935835876E0,8.374634857E0
1.180052146E2,1.010698242E0,4.933740234E0,8.352780304E0
1.180152346E2,9.834548950E-1,4.913382568E0,8.348589020E0
1.180252536E2,9.512718201E-1,4.883295135E0,8.364755402E0
1.180352726E2,9.178912354E-1,4.899012451E0,8.411009216E0
1.180452916E2,9.078620911E-1,4.924459534E0,8.431666260E0
1.180553106E2,9.421408081E-1,4.947810974E0,8.442294159E0
1.180653306E2,9.392967224E-1,4.972509613E0,8.413553925E0
1.180753496E2,9.544152832E-1,4.962630157E0,8.412057037E0
1.180853686E2,9.653425598E-1,4.956941986E0,8.434510345E0
1.180953876E2,9.578581238E-1,4.947960663E0,8.402177582E0
1.181054066E2,9.512718201E-1,4.922363892E0,8.366701355E0
1.181154256E2,9.509724426E-1,4.937183075E0,8.349038086E0
1.181254456E2,9.687854004E-1,4.933291168E0,8.326435089E0
1.181354646E2,1.009351044E0,4.939129028E0,8.308173065E0
1.181454836E2,1.023421783E0,4.937781830E0,8.309819641E0
1.181555026E2,1.032103729E0,4.948858795E0,8.327183533E0
1.181655216E2,1.037492523E0,4.943919067E0,8.370144196E0
1.181755416E2,1.043180695E0,4.940176849E0,8.375832367E0
1.181855606E2,1.049467621E0,4.949307861E0,8.377928009E0
1.181955754E2,1.047671356E0,4.921914825E0,8.371341705E0
1.182055944E2,1.069974976E0,4.913083191E0,8.352181549E0
1.182156134E2,1.075064392E0,4.900359650E0,8.341553650E0
1.182256334E2,1.063089294E0,4.903503113E0,8.373736725E0
1.182356524E2,1.031355286E0,4.906646576E0,8.386759644E0
1.182456714E2,9.969268799E-1,4.896318054E0,8.412805481E0
1.182556904E2,9.605525208E-1,4.944368134E0,8.395291901E0
1.182657094E2,9.854008484E-1,4.952900391E0,8.396040344E0
1.182757294E2,9.762698364E-1,4.988526306E0,8.368198242E0
1.182857484E2,9.842033386E-1,4.969665527E0,8.338859253E0
1.182957674E2,9.809101868E-1,4.974305878E0,8.323141937E0
1.183057864E2,9.629475403E-1,4.963378601E0,8.352331238E0
1.183158054E2,9.322613525E-1,4.957540741E0,8.381670227E0
1.183258254E2,9.069639587E-1,4.962031403E0,8.412057037E0
1.183358444E2,8.595126343E-1,4.960235138E0,8.383765869E0
1.183458634E2,8.529263306E-1,4.931943970E0,8.349487152E0
1.183558824E2,8.622070313E-1,4.967719574E0,8.320896606E0
1.183659014E2,8.649014282E-1,4.992118835E0,8.341104584E0
1.183759204E2,8.611592102E-1,5.011129303E0,8.418493652E0
1.183859404E2,8.467890930E-1,5.013524323E0,8.428223419E0
1.183959594E2,8.641529846E-1,4.962330780E0,8.419990540E0
1.184059784E2,8.878038025E-1,4.910388794E0,8.428223419E0
1.184159974E2,9.151968384E-1,4.885839844E0,8.395740967E0
1.184260164E2,9.307644653E-1,4.878804474E0,8.319699097E0
1.184360364E2,9.457333374E-1,4.884492645E0,8.289911041E0
1.184460554E2,9.539662170E-1,4.940925293E0,8.326135712E0
1.184560744E2,9.604028320E-1,4.955744476E0,8.357121277E0
1.184660934E2,9.762698364E-1,4.957540741E0,8.356971588E0
1.184761124E2,9.969268799E-1,4.946463776E0,8.383466492E0
1.184861324E2,1.018781433E0,4.902754669E0,8.420888672E0
1.184961514E2,1.005309448E0,4.878355408E0,8.436605988E0
1.185061704E2,9.912387085E-1,4.844226379E0,8.472680969E0
1.185161894E2,9.876461792E-1,4.810845795E0,8.492589569E0
1.185262084E2,9.949809265E-1,4.817282410E0,8.492888947E0
1.185362284E2,9.864486694E-1,4.816234589E0,8.487649841E0
1.185462474E2,9.933343506E-1,4.834496613E0,8.493637390E0
1.185562664E2,1.018032990E0,4.854105835E0,8.476872253E0
1.185662854E2,9.993218994E-1,4.918771362E0,8.436156921E0
1.185763044E2,1.005459137E0,4.873116302E0,8.471483459E0
1.185863244E2,1.001866608E0,4.935536499E0,8.421786804E0
1.185963434E2,9.536668396E-1,4.930596771E0,8.404422913E0
1.186063624E2,9.476792908E-1,4.907544708E0,8.382418671E0
1.186163814E2,9.627978516E-1,4.791086884E0,8.668773193E0
1.186264004E2,8.446934509E-1,4.888384552E0,8.648415527E0
1.186364194E2,7.679031372E-1,4.951702881E0,8.528065796E0
1.186464394E2,9.351054382E-1,4.812642059E0,8.436905365E0
1.186564584E2,9.288185120E-1,4.931045837E0,8.425828400E0
1.186664774E2,9.771679688E-1,4.882846069E0,8.366851044E0
1.186764964E2,9.966275024E-1,4.934937744E0,8.325836334E0
1.186865154E2,9.669891357E-1,4.921465759E0,8.334518280E0
1.186965354E2,9.532177734E-1,4.858746185E0,8.391699371E0
1.187065544E2,9.533674622E-1,4.848866730E0,8.420439606E0
1.187165734E2,9.442364502E-1,4.805906067E0,8.436755676E0
1.187265924E2,9.678872681E-1,4.835394745E0,8.462651825E0
1.187366114E2,9.991722107E-1,4.833299103E0,8.450826416E0
1.187466314E2,1.049018555E0,4.823419647E0,8.480315094E0
1.187566504E2,1.042432251E0,4.872966614E0,8.487799530E0
1.187666694E2,1.015637970E0,4.898413696E0,8.472231903E0
1.187766884E2,1.023421783E0,4.877008209E0,8.477021942E0
1.187867074E2,1.037642212E0,4.881199493E0,8.461604004E0
1.187967274E2,1.029708710E0,4.909939728E0,8.400531006E0
1.188067464E2,1.052311707E0,4.886438599E0,8.382418671E0
1.188167654E2,1.057999878E0,4.879852295E0,8.377179565E0
1.188267844E2,1.052162018E0,4.840184784E0,8.393645325E0
1.188368034E2,1.039438477E0,4.807402954E0,8.445737000E0
1.188468234E2,1.027613068E0,4.810696106E0,8.465944977E0
1.188568424E2,9.876461792E-1,4.844825134E0,8.490793304E0
1.188668614E2,9.855505371E-1,4.888534241E0,8.514593811E0
1.188768804E2,9.725276184E-1,4.922064514E0,8.534352722E0
1.188868994E2,9.523196411E-1,4.929848328E0,8.523425446E0
1.188969184E2,9.439370728E-1,4.930147705E0,8.475974121E0
1.189069384E2,9.283694458E-1,4.921914825E0,8.429869995E0
1.189169574E2,9.030720520E-1,4.894970856E0,8.434210968E0
1.189269764E2,8.605604553E-1,4.907993774E0,8.430618439E0
1.189369954E2,8.409512329E-1,4.886588287E0,8.438252563E0
1.189470144E2,8.116122437E-1,4.901407471E0,8.434809723E0
1.189570344E2,7.866142273E-1,4.941823425E0,8.452772369E0
1.189670534E2,7.911048889E-1,4.962330780E0,8.433911591E0
1.189770724E2,8.083190918E-1,4.976401520E0,8.396190033E0
1.189870914E2,8.279283142E-1,4.965025177E0,8.360564117E0
1.189971104E2,8.376580811E-1,4.943170624E0,8.368647308E0
1.190071304E2,8.571176147E-1,4.940775604E0,8.397387543E0
1.190171494E2,8.803193665E-1,4.901407471E0,8.421038361E0
1.190271684E2,8.864566040E-1,4.877008209E0,8.442593536E0
1.190371874E2,9.012757874E-1,4.857698364E0,8.471633148E0
1.190472064E2,9.418414307E-1,4.830155640E0,8.495733032E0
1.190572264E2,9.656419373E-1,4.823868713E0,8.491242371E0
1.190672454E2,9.961784363E-1,4.815037079E0,8.448730774E0
1.190772644E2,1.047072601E0,4.833598480E0,8.439150696E0
1.190872834E2,1.085093536E0,4.865781555E0,8.446036377E0
1.190973024E2,1.095571747E0,4.858446808E0,8.427774353E0
1.191073224E2,1.088985443E0,4.870571594E0,8.442443848E0
1.191173414E2,1.098715210E0,4.878355408E0,8.471483459E0
1.191273604E2,1.078806610E0,4.804259491E0,8.533454590E0
1.191373794E2,1.069376221E0,4.826114044E0,8.501720581E0
1.191473984E2,1.007255402E0,4.862189026E0,8.552914124E0
1.191574184E2,1.010698242E0,4.829856262E0,8.575367432E0
1.191674374E2,9.937834167E-1,4.881947937E0,8.544232178E0
1.191774564E2,9.684860229E-1,4.807103577E0,8.482710114E0
1.191874754E2,9.255253601E-1,4.862338715E0,8.460107117E0
1.191974989E2,8.813671875E-1,4.879702606E0,8.429271240E0
1.192075189E2,8.726852417E-1,4.903952179E0,8.450527039E0
1.192175379E2,8.434959412E-1,4.877457275E0,8.463100891E0
1.192275569E2,7.771838379E-1,4.881648560E0,8.492739258E0
1.192375759E2,7.716453552E-1,4.870870972E0,8.555758209E0
1.192475949E2,7.857160950E-1,4.860392761E0,8.576864319E0
1.192576139E2,7.794291687E-1,4.839136963E0,8.610244904E0
1.192676339E2,7.984396362E-1,4.805157623E0,8.563242645E0
1.192776529E2,8.360115051E-1,4.829257507E0,8.527167664E0
1.192876719E2,8.461903381E-1,4.839735718E0,8.505313110E0
1.192976909E2,8.848100281E-1,4.832101593E0,8.473429413E0
1.193077099E2,9.099577332E-1,4.870721283E0,8.403524780E0
1.193177299E2,9.309141541E-1,4.863835602E0,8.411308594E0
1.193277489E2,9.479786682E-1,4.866380310E0,8.464148712E0
1.193377679E2,9.927355957E-1,4.837789764E0,8.510701904E0
1.193477869E2,1.007405090E0,4.812043304E0,8.510851593E0
1.193578059E2,1.028211823E0,4.781506805E0,8.489446106E0
1.193678259E2,1.068478088E0,4.822222137E0,8.524922333E0
1.193778449E2,1.104553070E0,4.838089142E0,8.564140778E0
1.193878639E2,1.093476105E0,4.857848053E0,8.570278015E0
1.193978829E2,1.033600616E0,4.819078674E0,8.576415253E0
1.194079019E2,1.011446686E0,4.783003693E0,8.573122101E0
1.194179219E2,1.004710693E0,4.775818634E0,8.607999573E0
1.194279409E2,1.008602600E0,4.770280151E0,8.591084747E0
1.194379599E2,9.846524048E-1,4.736001434E0,8.565637665E0
1.194479789E2,9.572593689E-1,4.750670929E0,8.558602295E0
1.194579979E2,9.572593689E-1,4.790488129E0,8.546178131E0
1.194680179E2,9.334588623E-1,4.819827118E0,8.505612488E0
1.194780369E2,8.999285889E-1,4.841382294E0,8.522227936E0
1.194880559E2,8.725355530E-1,4.831951904E0,8.543932800E0
1.194980749E2,8.376580811E-1,4.847818909E0,8.532556458E0
1.195080939E2,8.039781189E-1,4.831353149E0,8.545579376E0
1.195181139E2,7.937992859E-1,4.834496613E0,8.551866302E0
1.195281329E2,8.000862122E-1,4.843777313E0,8.556656342E0
1.195381519E2,8.122109985E-1,4.834646301E0,8.557853851E0
1.195481709E2,8.117619324E-1,4.826563110E0,8.536148987E0
1.195581899E2,8.238867188E-1,4.829407196E0,8.505762177E0
1.195682099E2,8.414002991E-1,4.868475952E0,8.453371124E0
1.195782289E2,8.488847351E-1,4.915178833E0,8.418793030E0
1.195882479E2,8.439450073E-1,4.892875214E0,8.436905365E0
1.195982669E2,8.640032959E-1,4.863685913E0,8.479117584E0
1.196082859E2,8.858578491E-1,4.813689880E0,8.556057587E0
1.196183059E2,8.812174988E-1,4.812791748E0,8.637488251E0
1.196283249E2,9.011260986E-1,4.790188751E0,8.724607086E0
1.196383439E2,9.370513916E-1,4.787045288E0,8.700507202E0
1.196483629E2,9.758207703E-1,4.779560852E0,8.640631714E0
1.196583819E2,9.877958679E-1,4.797822876E0,8.568631439E0
1.196684019E2,1.002615051E0,4.820575562E0,8.469238129E0
1.196784209E2,9.680369568E-1,4.805157623E0,8.434809723E0
1.196884399E2,9.894424438E-1,4.942272491E0,8.430468750E0
1.196984589E2,9.336085510E-1,4.975952454E0,8.484057312E0
1.197084779E2,9.472302246E-1,4.826263733E0,8.502918091E0
1.197184979E2,9.343569946E-1,4.891677704E0,8.436905365E0
1.197285169E2,9.256750488E-1,4.827910309E0,8.498128052E0
1.197385359E2,9.099577332E-1,4.924309845E0,8.568930817E0
1.197485549E2,9.524693298E-1,4.844974823E0,8.514144745E0
1.197585739E2,9.653425598E-1,4.846471710E0,8.434061279E0
1.197685939E2,9.554631042E-1,4.827161865E0,8.407716064E0
1.197786129E2,9.705816650E-1,4.869224396E0,8.451724548E0
1.197886319E2,1.012344818E0,4.797224121E0,8.470884705E0
1.197986509E2,1.018631744E0,4.855902100E0,8.435558167E0
1.198086699E2,1.007405090E0,4.852010193E0,8.474177856E0
1.198186899E2,1.016386414E0,4.842729492E0,8.525670776E0
1.198287089E2,1.019529877E0,4.880151672E0,8.531957703E0
1.198387279E2,1.025816803E0,4.814138947E0,8.520431671E0
1.198487469E2,1.007854156E0,4.858446808E0,8.555608521E0
1.198587659E2,9.810598755E-1,4.833598480E0,8.574768677E0
1.198687849E2,9.515711975E-1,4.840035095E0,8.558602295E0
1.198788049E2,9.592053223E-1,4.831053772E0,8.537196808E0
1.198888239E2,9.383985901E-1,4.856201477E0,8.514893188E0
1.198988429E2,9.265731812E-1,4.882097626E0,8.503217468E0
1.199088619E2,9.035211182E-1,4.934788055E0,8.476872253E0
1.199188819E2,8.922944641E-1,4.957391052E0,8.477770386E0
1.199289009E2,8.855584717E-1,4.964276733E0,8.472980347E0
1.199389199E2,8.749305725E-1,4.937931519E0,8.459658051E0
1.199489389E2,8.643026733E-1,4.899311829E0,8.433612213E0
1.199589579E2,8.619076538E-1,4.891827393E0,8.453820190E0
1.199689769E2,8.369096375E-1,4.867877197E0,8.446335754E0
1.199789969E2,8.925938416E-1,4.806804199E0,8.383915558E0
1.199890159E2,8.857081604E-1,4.941224670E0,8.374784546E0
1.199990349E2,9.008267212E-1,4.944218445E0,8.463100891E0
1.200090539E2,9.132508850E-1,5.065316620E0,8.570427704E0
1.200190729E2,9.764195251E-1,4.911286926E0,8.550369415E0
1.200290929E2,9.488768005E-1,4.827760620E0,8.538394318E0
1.200391119E2,9.425898743E-1,4.729714508E0,8.547525330E0
1.200491309E2,9.301657104E-1,4.788841553E0,8.603808289E0
1.200591499E2,9.424401855E-1,4.756658478E0,8.579409027E0
1.200691689E2,9.806108093E-1,4.802762604E0,8.495583344E0
1.200791889E2,9.746232605E-1,4.808151398E0,8.497678986E0
1.200892079E2,1.002764740E0,4.812642059E0,8.571176147E0
1.200992269E2,1.022224274E0,4.845723267E0,8.576564941E0
1.201092459E2,1.008153534E0,4.796924744E0,8.580157471E0
1.201192649E2,9.877958679E-1,4.797373810E0,8.573271790E0
1.201292849E2,9.957293701E-1,4.788991241E0,8.603059845E0
1.201393039E2,9.912387085E-1,4.787194977E0,8.635691986E0
1.201493229E2,9.701325989E-1,4.792134705E0,8.614286499E0
1.201593419E2,9.475296021E-1,4.833748169E0,8.620423737E0
1.201693609E2,9.565109253E-1,4.845573578E0,8.652157745E0
1.201793809E2,9.642947388E-1,4.815935211E0,8.611143036E0
1.201893999E2,9.617500305E-1,4.774920502E0,8.535400543E0
1.201994180E2,9.343569946E-1,4.765041046E0,8.518635406E0
1.202094370E2,9.196875000E-1,4.762496338E0,8.541238403E0
1.202194560E2,9.301657104E-1,4.785548401E0,8.524323578E0
1.202294760E2,9.247769165E-1,4.845124512E0,8.500822449E0
1.202394950E2,9.145980835E-1,4.868775330E0,8.526419220E0
1.202495140E2,8.836125183E-1,4.911137238E0,8.581804047E0
1.202595330E2,8.545729065E-1,4.910089417E0,8.566685486E0
1.202695520E2,8.270301819E-1,4.889432373E0,8.555608521E0
1.202795720E2,8.223898315E-1,4.865781555E0,8.591084747E0
1.202895910E2,7.999365234E-1,4.850812683E0,8.614436188E0
1.202996100E2,8.192463684E-1,4.794829102E0,8.614885254E0
1.203096290E2,8.271798706E-1,4.830754395E0,8.533155212E0
1.203196480E2,8.442443848E-1,4.828509064E0,8.501570892E0
1.203296680E2,8.687933350E-1,4.884043579E0,8.496930542E0
1.203396870E2,8.934919739E-1,4.919968872E0,8.473130035E0
1.203497060E2,9.021739197E-1,4.940476227E0,8.447383575E0
1.203597250E2,8.896000671E-1,4.952900391E0,8.414452057E0
1.203697450E2,9.012757874E-1,4.918022919E0,8.445587311E0
1.203797640E2,9.363029480E-1,4.909490662E0,8.509354706E0
1.203897830E2,9.033714294E-1,4.860243073E0,8.604556732E0
1.203998020E2,8.729846191E-1,4.832999725E0,8.629105682E0
1.204098210E2,8.922944641E-1,4.795128479E0,8.630602570E0
1.204198400E2,9.554631042E-1,4.787644043E0,8.624764709E0
1.204298600E2,9.803114319E-1,4.857249298E0,8.554111633E0
1.204398790E2,9.635462952E-1,4.879852295E0,8.487051086E0
1.204498980E2,9.508227539E-1,4.900958405E0,8.480015717E0
1.204599170E2,9.081614685E-1,4.920417938E0,8.476123810E0
1.204699370E2,8.716374207E-1,4.904850311E0,8.453221436E0
1.204799560E2,8.771759033E-1,4.909490662E0,8.444389801E0
1.204899750E2,8.987310791E-1,4.903652802E0,8.469836884E0
1.204999940E2,8.975335693E-1,4.881648560E0,8.516539764E0
1.205100130E2,9.210346985E-1,4.842879181E0,8.568781128E0
1.205200320E2,8.978329468E-1,4.830754395E0,8.607700195E0
1.205300520E2,8.839118958E-1,4.830754395E0,8.579409027E0
1.205400710E2,9.038204956E-1,4.864134979E0,8.558452606E0
1.205500900E2,9.131011963E-1,4.888534241E0,8.545130310E0
1.205601090E2,9.372010803E-1,4.870721283E0,8.524922333E0
1.205701290E2,9.589059448E-1,4.828808441E0,8.502469025E0
1.205801480E2,9.723779297E-1,4.816533966E0,8.479117584E0
1.205901670E2,9.993218994E-1,4.825365601E0,8.492739258E0
1.206001860E2,1.005309448E0,4.823868713E0,8.525820465E0
1.206102050E2,9.895921326E-1,4.858596497E0,8.507708130E0
1.206202250E2,9.997709656E-1,4.873116302E0,8.528514862E0
1.206302440E2,1.013542328E0,4.853357391E0,8.569679260E0
1.206402630E2,1.006956024E0,4.844226379E0,8.601113892E0
1.206502820E2,9.882449341E-1,4.803660736E0,8.605454865E0
1.206603010E2,9.613009644E-1,4.769980774E0,8.569679260E0
1.206703210E2,9.587562561E-1,4.780159607E0,8.547375641E0
1.206803400E2,9.810598755E-1,4.805007935E0,8.527317352E0
1.206903590E2,9.855505371E-1,4.843328247E0,8.491242371E0
1.207003780E2,9.918374634E-1,4.881199493E0,8.466843109E0
1.207103970E2,1.008752289E0,4.906646576E0,8.471782837E0
1.207204170E2,9.919871521E-1,4.877157898E0,8.528365173E0
1.207304360E2,9.662406921E-1,4.853357391E0,8.560248871E0
1.207404550E2,9.575587463E-1,4.822521515E0,8.607101440E0
1.207504740E2,9.207353210E-1,4.802463226E0,8.685388641E0
1.207604930E2,8.810678101E-1,4.815635834E0,8.713679810E0
1.207705130E2,8.635542297E-1,4.838837585E0,8.656199341E0
1.207805320E2,8.906478882E-1,4.853507080E0,8.627010040E0
1.207905510E2,8.955876160E-1,4.867727509E0,8.613837433E0
1.208005700E2,8.849597168E-1,4.875661011E0,8.546627197E0
1.208105890E2,9.038204956E-1,4.852010193E0,8.498277740E0
1.208206090E2,9.093589783E-1,4.872517548E0,8.487500153E0
1.208306280E2,8.873547363E-1,4.859494629E0,8.512947235E0
1.208406470E2,8.732839966E-1,4.846172333E0,8.549770660E0
1.208506660E2,8.791218567E-1,4.845124512E0,8.574618988E0
1.208606850E2,9.005273438E-1,4.816384277E0,8.614436188E0
1.208707050E2,8.963360596E-1,4.803810425E0,8.633596344E0
1.208807240E2,8.901988220E-1,4.764442291E0,8.602910156E0
1.208907430E2,9.044192505E-1,4.718787231E0,8.600814514E0
1.209007620E2,9.250762939E-1,4.838837585E0,8.594826965E0
1.209107810E2,9.544152832E-1,4.797523499E0,8.617130585E0
1.209208010E2,9.654922485E-1,4.797673187E0,8.570577393E0
1.209308200E2,9.253756714E-1,4.771327972E0,8.543932800E0
1.209408390E2,8.839118958E-1,4.820575562E0,8.612490234E0
1.209508580E2,8.804690552E-1,4.823868713E0,8.671168213E0
1.209608770E2,8.900491333E-1,4.812492371E0,8.659342804E0
1.209708970E2,8.732839966E-1,4.738097076E0,8.632398834E0
1.209809160E2,8.461903381E-1,4.739294586E0,8.599617004E0
1.209909350E2,8.400531006E-1,4.731211395E0,8.593479767E0
1.210009540E2,8.340655518E-1,4.780159607E0,8.563392334E0
1.210109730E2,8.159532166E-1,4.839286652E0,8.539891205E0
1.210209930E2,8.134085083E-1,4.902754669E0,8.546627197E0
1.210310120E2,8.152047729E-1,4.930297394E0,8.557255096E0
1.210410310E2,8.330177307E-1,4.925507355E0,8.543783112E0
1.210510500E2,8.342152405E-1,4.905748444E0,8.559650116E0
1.210610690E2,8.390052795E-1,4.893324280E0,8.603359222E0
1.210710890E2,8.440946960E-1,4.882397003E0,8.644074554E0
1.210811080E2,9.023236084E-1,4.829107819E0,8.666228485E0
1.210911270E2,9.105564880E-1,4.799619141E0,8.648116150E0
1.211011460E2,8.807684326E-1,4.775219879E0,8.644373932E0
1.211111650E2,9.026229858E-1,4.765190735E0,8.646918640E0
1.211211850E2,9.258247375E-1,4.769831085E0,8.623267822E0
1.211312040E2,9.330097961E-1,4.795128479E0,8.559051361E0
1.211412230E2,9.348060608E-1,4.779860229E0,8.565487976E0
1.211512420E2,9.607022095E-1,4.781656494E0,8.558153229E0
1.211612610E2,9.731263733E-1,4.806804199E0,8.552764435E0
1.211712810E2,9.547146606E-1,4.856201477E0,8.557105408E0
1.211813000E2,9.569599915E-1,4.842879181E0,8.554560699E0
1.211913190E2,9.512718201E-1,4.821174316E0,8.589887238E0
1.212013349E2,9.723779297E-1,4.798721008E0,8.576415253E0
1.212113539E2,9.596543884E-1,4.787045288E0,8.566236420E0
1.212213739E2,9.499246216E-1,4.805906067E0,8.538693695E0
1.212313929E2,9.755213928E-1,4.811594238E0,8.539292450E0
1.212414119E2,9.997709656E-1,4.808450775E0,8.507558441E0
1.212514309E2,1.011147308E0,4.791835327E0,8.471034393E0
1.212614499E2,1.045276337E0,4.805007935E0,8.473878479E0
1.212714699E2,1.047072601E0,4.840933228E0,8.513995056E0
1.212814889E2,1.006956024E0,4.877008209E0,8.571475525E0
1.212915079E2,9.972262573E-1,4.889881439E0,8.656648407E0
1.213015269E2,9.776170349E-1,4.876708832E0,8.686885529E0
1.213115459E2,9.406439209E-1,4.798571320E0,8.696914673E0
1.213215659E2,9.267228699E-1,4.749623108E0,8.684191132E0
1.213315849E2,8.907975769E-1,4.751569061E0,8.662186890E0
1.213416039E2,8.421487427E-1,4.777016144E0,8.641230469E0
1.213516229E2,8.289761353E-1,4.776716766E0,8.528365173E0
1.213616419E2,7.982899475E-1,4.753065948E0,8.396190033E0
1.213716619E2,9.294172668E-1,4.958588562E0,8.630752258E0
1.213816809E2,8.199948120E-1,4.934488678E0,8.547076263E0
1.213916999E2,8.184979248E-1,4.947960663E0,8.613538055E0
1.214017189E2,7.806266785E-1,4.908742218E0,8.651708679E0
1.214117379E2,7.692503357E-1,4.859644318E0,8.673563232E0
1.214217579E2,7.351213074E-1,4.820725250E0,8.695417786E0
1.214317769E2,7.231462097E-1,4.784799957E0,8.705147552E0
1.214417959E2,7.369175720E-1,4.780458984E0,8.660240936E0
1.214518149E2,7.506889343E-1,4.814588013E0,8.582402802E0
1.214618339E2,7.777825928E-1,4.824916534E0,8.518186340E0
1.214718539E2,8.155041504E-1,4.833598480E0,8.469836884E0
1.214818729E2,8.852590942E-1,4.839136963E0,8.434660034E0
1.214918919E2,9.234297180E-1,4.910688171E0,8.437803497E0
1.215019109E2,9.145980835E-1,4.875661011E0,8.526718597E0
1.215119299E2,9.391470337E-1,4.872816925E0,8.622070312E0
1.215219499E2,9.836045837E-1,4.843777313E0,8.679999847E0
1.215319689E2,9.994715881E-1,4.823269958E0,8.736582184E0
1.215419879E2,9.928852844E-1,4.799469452E0,8.788374481E0
1.215520069E2,1.001118164E0,4.762646027E0,8.730594635E0
1.215620259E2,9.891430664E-1,4.723726959E0,8.652457123E0
1.215720459E2,1.000519409E0,4.702171783E0,8.568332062E0
1.215820649E2,1.013542328E0,4.739144897E0,8.541537781E0
1.215920839E2,1.023870850E0,4.788691864E0,8.551566925E0
1.216021029E2,1.010099487E0,4.853507080E0,8.534352722E0
1.216121219E2,9.987231445E-1,4.891228638E0,8.521030426E0
1.216221419E2,9.705816650E-1,4.882846069E0,8.519234161E0
1.216321609E2,9.307644653E-1,4.884342957E0,8.541687469E0
1.216421799E2,8.728349304E-1,4.850962372E0,8.575068054E0
1.216521989E2,8.131091309E-1,4.800666962E0,8.604856110E0
1.216622179E2,8.143066406E-1,4.777165833E0,8.627010040E0
1.216722379E2,8.113128662E-1,4.789440308E0,8.640781403E0
1.216822569E2,8.199948120E-1,4.826413422E0,8.611143036E0
1.216922759E2,8.202941895E-1,4.867877197E0,8.515941010E0
1.217022949E2,7.948471069E-1,4.870571594E0,8.434660034E0
1.217123139E2,7.897576904E-1,4.902155914E0,8.384813690E0
1.217223339E2,8.282276917E-1,4.959786072E0,8.367898865E0
1.217323529E2,8.366102600E-1,4.988376617E0,8.392896881E0
1.217423719E2,8.279283142E-1,5.006788330E0,8.487200775E0
1.217523909E2,8.427474976E-1,4.970863037E0,8.596623230E0
1.217624099E2,8.418493652E-1,4.931644592E0,8.677305450E0
1.217724299E2,8.595126343E-1,4.859494629E0,8.773405609E0
1.217824489E2,8.656498718E-1,4.779261475E0,8.757089539E0
1.217924679E2,8.915460205E-1,4.720134430E0,8.722062378E0
1.218024869E2,9.153465271E-1,4.686155090E0,8.652008057E0
1.218125059E2,9.485774231E-1,4.716990967E0,8.532855835E0
1.218225259E2,9.752220154E-1,4.781656494E0,8.494834900E0
1.218325449E2,9.997709656E-1,4.853806458E0,8.469986572E0
1.218425639E2,1.021475830E0,4.897665253E0,8.452023926E0
1.218525829E2,1.056502991E0,4.889881439E0,8.461005249E0
1.218626019E2,1.074016571E0,4.865931244E0,8.488547974E0
1.218726219E2,1.066831512E0,4.896916809E0,8.562194824E0
1.218826409E2,1.065634003E0,4.870571594E0,8.663384399E0
1.218926599E2,1.062191162E0,4.807702332E0,8.695268097E0
1.219026789E2,1.042282562E0,4.763693848E0,8.658893738E0
1.219126979E2,1.045725403E0,4.775968323E0,8.627758484E0
1.219227179E2,1.036145325E0,4.829556885E0,8.604556732E0
1.219327369E2,1.015039215E0,4.898862762E0,8.560099182E0
1.219427559E2,9.699829102E-1,4.925806732E0,8.533155212E0
1.219527749E2,9.431886292E-1,4.937332764E0,8.496780853E0
1.219627949E2,9.138496399E-1,4.906347198E0,8.464448090E0
1.219728139E2,8.605604553E-1,4.891827393E0,8.449030151E0
1.219828329E2,8.322692871E-1,4.880900116E0,8.443491669E0
1.219928519E2,8.098159790E-1,4.876110077E0,8.475375366E0
1.220028709E2,7.960446167E-1,4.901257782E0,8.516090698E0
1.220128899E2,7.729925537E-1,4.951553192E0,8.549022217E0
1.220229099E2,7.842192078E-1,4.944817200E0,8.528514862E0
1.220329289E2,7.961943054E-1,4.927453308E0,8.505612488E0
1.220429479E2,7.810757446E-1,4.914879456E0,8.489745483E0
1.220529669E2,7.843688965E-1,4.926405487E0,8.527766418E0
1.220629869E2,7.926017761E-1,4.917424164E0,8.529412994E0
1.220730059E2,8.204438782E-1,4.901856537E0,8.508755951E0
1.220830249E2,8.497828674E-1,4.909340973E0,8.479566650E0
1.220930439E2,9.044192505E-1,4.914879456E0,8.454269257E0
1.221030629E2,9.342073059E-1,4.943470001E0,8.449778595E0
1.221130829E2,9.321116638E-1,4.938380585E0,8.467741241E0
1.221231019E2,9.539662170E-1,4.923411713E0,8.499175873E0
1.221331209E2,9.535171509E-1,4.896318054E0,8.520431671E0
1.221431399E2,9.472302246E-1,4.888234863E0,8.502019958E0
1.221531589E2,9.636959839E-1,4.849465485E0,8.469986572E0
1.221631789E2,9.825567627E-1,4.866230621E0,8.480165405E0
1.221731979E2,9.532177734E-1,4.912334747E0,8.510701904E0
1.221832169E2,9.506730652E-1,4.947361908E0,8.520581360E0
1.221932359E2,9.292675781E-1,4.941224670E0,8.465046844E0
1.222032547E2,9.107061768E-1,4.962480469E0,8.460256805E0
1.222132747E2,9.201365662E-1,4.977449341E0,8.469238129E0
1.222232937E2,9.195378113E-1,4.989274750E0,8.498577118E0
1.222333128E2,9.117539978E-1,4.952601013E0,8.505911865E0
1.222433317E2,8.940907288E-1,4.921016693E0,8.499924316E0
1.222533507E2,8.765771484E-1,4.871469727E0,8.497529297E0
1.222633707E2,8.759783936E-1,4.867877197E0,8.489745483E0
1.222733897E2,8.244854736E-1,4.926704865E0,8.487200775E0
1.222834087E2,8.405021667E-1,4.974455566E0,8.477171631E0
1.222934278E2,8.593629456E-1,4.967120819E0,8.475225677E0
1.223034467E2,8.527766418E-1,4.926854553E0,8.459059296E0
1.223134667E2,8.511300659E-1,4.925507355E0,8.452173615E0
1.223234857E2,9.048683167E-1,4.913232880E0,8.467741241E0
1.223335047E2,9.357041931E-1,4.933141479E0,8.455466766E0
1.223435237E2,9.663903809E-1,4.942871246E0,8.387208710E0
1.223535428E2,9.698332214E-1,4.949307861E0,8.407117310E0
1.223635627E2,9.641450500E-1,4.904101868E0,8.432714081E0
1.223735817E2,9.532177734E-1,4.902455292E0,8.398285675E0
1.223836007E2,9.484277344E-1,4.891977081E0,8.407416687E0
1.223936197E2,9.867480469E-1,4.895868988E0,8.444240112E0
1.224036387E2,9.934840393E-1,4.893024902E0,8.459208984E0
1.224136587E2,9.915380859E-1,4.878954163E0,8.443491669E0
1.224236777E2,1.024619293E0,4.884043579E0,8.437504120E0
1.224336967E2,1.061891785E0,4.929998016E0,8.436156921E0
1.224437157E2,1.065484314E0,4.945565643E0,8.493338013E0
1.224537347E2,1.055155792E0,4.939129028E0,8.506360931E0
1.224637547E2,1.047521667E0,4.920717316E0,8.520880737E0
1.224737737E2,1.057550812E0,4.896916809E0,8.550369415E0
1.224837927E2,1.076411591E0,4.894072723E0,8.565038910E0
1.224938117E2,1.053060150E0,4.863087158E0,8.537645874E0
1.225038307E2,1.036295013E0,4.855902100E0,8.490344238E0
1.225138507E2,1.029259644E0,4.858596497E0,8.467142487E0
1.225238697E2,1.011895752E0,4.886588287E0,8.472830658E0
1.225338887E2,9.943821716E-1,4.918921051E0,8.485554199E0
1.225439077E2,9.780661011E-1,4.941673737E0,8.511001282E0
1.225539267E2,9.656419373E-1,4.919819183E0,8.478668518E0
1.225639467E2,9.599537659E-1,4.881947937E0,8.453071747E0
1.225739657E2,9.584568787E-1,4.871469727E0,8.468639374E0
1.225839847E2,9.439370728E-1,4.881349182E0,8.441695404E0
1.225940037E2,9.171427917E-1,4.915927277E0,8.475075989E0
1.226040227E2,8.958869934E-1,4.948110352E0,8.519683228E0
1.226140427E2,8.864566040E-1,4.967719574E0,8.491691437E0
1.226240617E2,8.560697937E-1,4.966971130E0,8.481213226E0
1.226340807E2,8.437953186E-1,4.948559418E0,8.458610229E0
1.226440997E2,8.277786255E-1,4.955744476E0,8.422086182E0
1.226541187E2,7.926017761E-1,4.941224670E0,8.421637115E0
1.226641387E2,7.933502197E-1,4.931943970E0,8.415499878E0
1.226741577E2,8.283773804E-1,4.923262024E0,8.405321045E0
1.226841767E2,8.291258240E-1,4.924459534E0,8.474776611E0
1.226941957E2,8.747808838E-1,4.910538483E0,8.513845367E0
1.227042147E2,8.863069153E-1,4.892276459E0,8.538094940E0
1.227142347E2,8.819659424E-1,4.890180817E0,8.555758209E0
1.227242537E2,8.969348145E-1,4.884492645E0,8.566236420E0
1.227342727E2,9.205856323E-1,4.894821167E0,8.573571167E0
1.227442917E2,9.458830261E-1,4.872218170E0,8.567583618E0
1.227543107E2,9.714797974E-1,4.857398987E0,8.523275757E0
1.227643307E2,9.815089417E-1,4.847220154E0,8.471782837E0
1.227743497E2,9.610015869E-1,4.880001984E0,8.472531281E0
1.227843687E2,9.702822876E-1,4.936883698E0,8.476572876E0
1.227943877E2,9.876461792E-1,4.974305878E0,8.441695404E0
1.228044067E2,9.855505371E-1,4.972958679E0,8.446036377E0
1.228144268E2,9.696835327E-1,4.954996033E0,8.460556183E0
1.228244457E2,9.101074219E-1,4.950954437E0,8.475075989E0
1.228344647E2,8.577163696E-1,4.935087433E0,8.467591553E0
1.228444837E2,8.292755127E-1,4.921765137E0,8.399483185E0
1.228545027E2,8.033793640E-1,4.959486694E0,8.399034119E0
1.228645227E2,7.691006470E-1,4.938679962E0,8.417296143E0
1.228745418E2,7.542814636E-1,4.926854553E0,8.471333771E0
1.228845607E2,7.890092468E-1,4.928950195E0,8.536448364E0
1.228945797E2,8.205935669E-1,4.930147705E0,8.586893463E0
1.229045987E2,8.771759033E-1,4.888234863E0,8.542435913E0
1.229146187E2,9.361532593E-1,4.871020660E0,8.512348480E0
1.229246377E2,9.201365662E-1,4.900509338E0,8.531508636E0
1.229346568E2,8.328680420E-1,4.927902374E0,8.549620972E0
1.229446757E2,7.905061340E-1,4.942422180E0,8.505911865E0
1.229546947E2,7.562274170E-1,4.935087433E0,8.484057312E0
1.229647147E2,7.954458618E-1,4.925657043E0,8.428822174E0
1.229747337E2,8.638536072E-1,4.929998016E0,8.337362366E0
1.229847527E2,9.144483948E-1,4.939278717E0,8.356073456E0
1.229947718E2,9.360035706E-1,4.954247589E0,8.370443573E0
1.230047907E2,9.241781616E-1,4.955295410E0,8.430768127E0
1.230148107E2,9.427395630E-1,4.920417938E0,8.441246338E0
1.230248297E2,9.699829102E-1,4.899311829E0,8.477321320E0
1.230348487E2,1.025966492E0,4.885989532E0,8.499026184E0
1.230448677E2,1.072669373E0,4.842430115E0,8.454718323E0
1.230548868E2,1.070124664E0,4.858746185E0,8.463400269E0
1.230649067E2,1.084644470E0,4.881199493E0,8.508755951E0
1.230749257E2,1.049317932E0,4.900808716E0,8.510252838E0
1.230849447E2,1.016685791E0,4.928800507E0,8.518635406E0
1.230949637E2,1.028211823E0,4.944218445E0,8.512348480E0
1.231049827E2,1.040635986E0,4.890480194E0,8.478069763E0
1.231150027E2,1.016685791E0,4.880451050E0,8.474028168E0
1.231250217E2,1.008901978E0,4.869823151E0,8.469088440E0
1.231350407E2,9.797126770E-1,4.869374084E0,8.526269531E0
1.231450597E2,9.517208862E-1,4.880900116E0,8.580456848E0
1.231550787E2,9.526190186E-1,4.909790039E0,8.545729065E0
1.231650987E2,9.786648560E-1,4.892725525E0,8.494535522E0
1.231751177E2,9.738748169E-1,4.881798248E0,8.453221436E0
1.231851367E2,9.794132996E-1,4.893024902E0,8.412955170E0
1.231951557E2,1.005159760E0,4.903503113E0,8.366851044E0
1.232051747E2,9.987231445E-1,4.920567627E0,8.355175323E0
1.232151947E2,1.011147308E0,4.940925293E0,8.353828125E0
1.232252137E2,1.026265869E0,4.961432648E0,8.386759644E0
1.232352327E2,1.035995636E0,4.937781830E0,8.433462524E0
1.232452517E2,1.053658905E0,4.896916809E0,8.488547974E0
1.232552707E2,1.069825287E0,4.860392761E0,8.529412994E0
1.232652907E2,1.055754547E0,4.852608948E0,8.565487976E0
1.232753097E2,1.002465363E0,4.867577820E0,8.580456848E0
1.232853287E2,9.843530273E-1,4.812791748E0,8.545579376E0
1.232953477E2,1.011746063E0,4.853507080E0,8.608149261E0
1.233053667E2,9.759704590E-1,4.864883423E0,8.524173889E0
1.233153867E2,1.029409332E0,4.825215912E0,8.435258789E0
1.233254057E2,1.047671356E0,4.793631592E0,8.388106842E0
1.233354247E2,1.025667114E0,4.852758636E0,8.493338013E0
1.233454437E2,9.925859070E-1,4.913232880E0,8.560248871E0
1.233554627E2,1.022224274E0,4.889731750E0,8.591833191E0
1.233654827E2,1.000669098E0,4.827910309E0,8.606502686E0
1.233755017E2,9.452842712E-1,4.801265717E0,8.601712646E0
1.233855207E2,8.533753967E-1,4.754562836E0,8.627758484E0
1.233955397E2,9.271719360E-1,4.801864471E0,8.597371674E0
1.234055587E2,9.666897583E-1,4.847220154E0,8.484656067E0
1.234155787E2,9.470805359E-1,4.859195251E0,8.481961670E0
1.234255977E2,9.041198730E-1,4.928501129E0,8.457562408E0
1.234356167E2,9.175918579E-1,4.954546967E0,8.487500153E0
1.234456357E2,8.975335693E-1,4.983586578E0,8.589288483E0
1.234556547E2,8.749305725E-1,4.971162415E0,8.569679260E0
1.234656747E2,8.509803772E-1,4.918022919E0,8.567134552E0
1.234756937E2,1.101858673E0,4.890480194E0,8.098309479E0
1.234857127E2,6.221063232E-1,4.734803925E0,8.584348755E0
1.234957317E2,6.180647278E-1,4.627477112E0,8.947942657E0
1.235057507E2,9.351054382E-1,4.826563110E0,8.507408752E0
1.235157697E2,1.064885559E0,5.087021484E0,8.384664001E0
1.235257897E2,9.354048157E-1,4.903802490E0,8.553363190E0
1.235358087E2,8.764274597E-1,4.879702606E0,8.547525330E0
1.235458278E2,8.451425171E-1,4.916526031E0,8.552165680E0
1.235558467E2,8.452922058E-1,4.927303619E0,8.563542023E0
1.235658657E2,8.178991699E-1,4.835544434E0,8.535550232E0
1.235758858E2,8.440946960E-1,4.841831360E0,8.319100342E0
1.235859047E2,9.370513916E-1,4.865482178E0,8.179440765E0
1.235959237E2,9.554631042E-1,4.823719025E0,8.265661469E0
1.236059428E2,9.401948547E-1,4.809498596E0,8.344547424E0
1.236159617E2,8.987310791E-1,4.883295135E0,8.458011475E0
1.236259817E2,8.999285889E-1,4.889582062E0,8.548573151E0
1.236360008E2,9.469308472E-1,4.887785797E0,8.630752258E0
1.236460197E2,1.006656647E0,4.919220428E0,8.613687744E0
1.236560387E2,1.063688049E0,4.826563110E0,8.589138794E0
1.236660578E2,1.059197388E0,4.780009918E0,8.621471558E0
1.236760777E2,1.039139099E0,4.801565094E0,8.593479767E0
1.236860967E2,1.017434235E0,4.829257507E0,8.558901672E0
1.236961158E2,9.979747009E-1,4.875661011E0,8.572074280E0
1.237061347E2,1.024319916E0,4.889432373E0,8.533304901E0
1.237161537E2,1.043330383E0,4.919669495E0,8.497080231E0
1.237261737E2,1.113384705E0,4.790637817E0,8.559350739E0
1.237361927E2,1.049317932E0,4.803211670E0,8.534801788E0
1.237462117E2,1.053509216E0,4.781357117E0,8.543334045E0
1.237562308E2,1.155896301E0,4.744234314E0,8.538544006E0
1.237662497E2,1.182241516E0,4.761598206E0,8.501570892E0
1.237762697E2,1.179098053E0,4.742288361E0,8.487200775E0
1.237862887E2,1.156794434E0,4.797972565E0,8.447383575E0
1.237963077E2,1.144819336E0,4.905449066E0,8.463849335E0
1.238063267E2,1.144669647E0,4.948110352E0,8.492290192E0
1.238163458E2,1.129401398E0,4.855752411E0,8.497529297E0
1.238263647E2,1.103056183E0,4.690645752E0,8.477171631E0
1.238363847E2,1.061143341E0,4.585115204E0,8.530011749E0
1.238464037E2,1.010398865E0,4.610113220E0,8.579259338E0
1.238564227E2,9.985734558E-1,4.720433807E0,8.618328094E0
1.238664417E2,1.037193146E0,4.802313538E0,8.628207550E0
1.238764607E2,9.901908875E-1,4.833598480E0,8.598269806E0
1.238864807E2,9.538165283E-1,4.859195251E0,8.576415253E0
1.238964997E2,9.702822876E-1,4.910089417E0,8.523275757E0
1.239065187E2,9.086105347E-1,4.888534241E0,8.499774628E0
1.239165377E2,8.470884705E-1,4.840633850E0,8.507857819E0
1.239265567E2,8.469387817E-1,4.796325989E0,8.482261047E0
1.239365767E2,8.566685486E-1,4.764591980E0,8.489446106E0
1.239465957E2,8.529263306E-1,4.755460968E0,8.530460815E0
1.239566147E2,7.794291687E-1,4.790637817E0,8.530011749E0
1.239666337E2,8.313711548E-1,4.857249298E0,8.679700470E0
1.239766527E2,8.851094055E-1,4.977898407E0,8.675658875E0
1.239866727E2,8.686436462E-1,4.898713074E0,8.595276031E0
1.239966917E2,9.068142700E-1,4.862937469E0,8.515941010E0
1.240067107E2,8.915460205E-1,4.795128479E0,8.453670502E0
1.240167297E2,8.445437622E-1,4.842280426E0,8.427624664E0
1.240267487E2,8.478369141E-1,4.865033112E0,8.477471008E0
1.240367687E2,8.756790161E-1,4.862937469E0,8.533604279E0
1.240467877E2,9.309141541E-1,4.841531982E0,8.597970428E0
1.240568067E2,9.669891357E-1,4.821174316E0,8.606652374E0
1.240668257E2,9.759704590E-1,4.815486145E0,8.591384125E0
1.240768447E2,9.613009644E-1,4.805906067E0,8.603209534E0
1.240868637E2,9.226812744E-1,4.805457001E0,8.594078522E0
1.240968837E2,8.758287048E-1,4.838089142E0,8.617879028E0
1.241069027E2,8.379574585E-1,4.850662994E0,8.592581635E0
1.241169217E2,8.355624390E-1,4.854854279E0,8.553961945E0
1.241269407E2,8.616082764E-1,4.856051788E0,8.465645599E0
1.241369597E2,8.716374207E-1,4.822222137E0,8.420589294E0
1.241469797E2,8.836125183E-1,4.848866730E0,8.467441864E0
1.241569987E2,8.556207275E-1,4.872068481E0,8.502019958E0
1.241670177E2,8.478369141E-1,4.896767120E0,8.503516846E0
1.241770367E2,8.381071472E-1,4.849465485E0,8.508306885E0
1.241870557E2,8.039781189E-1,4.816234589E0,8.504414978E0
1.241970757E2,7.691006470E-1,4.802014160E0,8.502319336E0
1.242070949E2,7.164102173E-1,4.833598480E0,8.533155212E0
1.242171139E2,6.245013428E-1,4.795278168E0,8.475375366E0
1.242271329E2,6.834786987E-1,4.766388245E0,8.568481750E0
1.242371519E2,8.403524780E-1,4.957091675E0,8.655899963E0
1.242471719E2,8.283773804E-1,4.916975098E0,8.600814514E0
1.242571909E2,8.599617004E-1,4.901257782E0,8.577912140E0
1.242672099E2,8.232879639E-1,4.881049805E0,8.516988831E0
1.242772289E2,8.050259399E-1,4.860692139E0,8.504414978E0
1.242872479E2,7.840695190E-1,4.861141205E0,8.544830933E0
1.242972669E2,7.830216980E-1,4.866979065E0,8.597371674E0
1.243072869E2,8.439450073E-1,4.828509064E0,8.652606812E0
1.243173059E2,8.858578491E-1,4.715344391E0,8.654103699E0
1.243273249E2,9.132508850E-1,4.671635284E0,8.640781403E0
1.243373439E2,9.363029480E-1,4.717739410E0,8.640631714E0
1.243473629E2,9.482780457E-1,4.758604431E0,8.595725098E0
1.243573829E2,1.025816803E0,4.768483887E0,8.559350739E0
1.243674019E2,1.028511200E0,4.775668945E0,8.475075989E0
1.243774209E2,9.497749329E-1,4.792434082E0,8.496331787E0
1.243874399E2,9.689350891E-1,4.857249298E0,8.566386108E0
1.243974589E2,1.056053925E0,4.811594238E0,8.557105408E0
1.244074789E2,9.997709656E-1,4.759951630E0,8.556057587E0
1.244174979E2,9.586065674E-1,4.755910034E0,8.528963928E0
1.244275169E2,9.653425598E-1,4.748874664E0,8.568182373E0
1.244375359E2,9.370513916E-1,4.758754120E0,8.546627197E0
1.244475549E2,9.160949707E-1,4.733307037E0,8.474626923E0
1.244575739E2,9.264234924E-1,4.753365326E0,8.469986572E0
1.244675939E2,9.339079285E-1,4.775968323E0,8.422834625E0
1.244776129E2,7.830216980E-1,4.621339874E0,8.319250031E0
1.244876319E2,9.509724426E-1,4.767286377E0,8.418942719E0
1.244976509E2,9.916877747E-1,5.014422455E0,8.454418945E0
1.245076699E2,9.316625977E-1,4.907245331E0,8.480015717E0
1.245176899E2,8.514294434E-1,4.908592529E0,8.476123810E0
1.245277089E2,7.559280396E-1,4.878056030E0,8.524622955E0
1.245377279E2,7.258406067E-1,4.834047546E0,8.605903931E0
1.245477469E2,6.659651184E-1,4.820425873E0,8.671317902E0
1.245577659E2,6.545887756E-1,4.794230347E0,8.677155762E0
1.245677859E2,7.176077271E-1,4.781506805E0,8.643326111E0
1.245778049E2,7.926017761E-1,4.789440308E0,8.633895721E0
1.245878239E2,8.032296753E-1,4.828958130E0,8.638985138E0
1.245978429E2,8.111631775E-1,4.864284668E0,8.643625488E0
1.246078619E2,8.063731384E-1,4.881648560E0,8.614735565E0
1.246178809E2,8.131091309E-1,4.872667236E0,8.589138794E0
1.246279009E2,8.491841125E-1,4.835993500E0,8.581504669E0
1.246379199E2,8.607101440E-1,4.841531982E0,8.630602570E0
1.246479389E2,8.674461365E-1,4.819827118E0,8.637039185E0
1.246579579E2,8.343649292E-1,4.774770813E0,8.642577667E0
1.246679769E2,7.978408813E-1,4.740043030E0,8.664282532E0
1.246779969E2,7.771838379E-1,4.727169800E0,8.666078796E0
1.246880159E2,7.638615417E-1,4.763993225E0,8.675359497E0
1.246980349E2,7.702981567E-1,4.792583771E0,8.670569458E0
1.247080539E2,7.867639160E-1,4.763095093E0,8.526269531E0
1.247180729E2,7.864645386E-1,4.759352875E0,8.427325287E0
1.247280919E2,7.351213074E-1,4.814288635E0,8.480315094E0
1.247381119E2,6.523434448E-1,4.887935486E0,8.520880737E0
1.247481309E2,6.008505249E-1,4.935686188E0,8.633895721E0
1.247581499E2,5.677693176E-1,4.957690430E0,8.699309692E0
1.247681689E2,5.872288513E-1,4.882696381E0,8.725954285E0
1.247781879E2,6.430627441E-1,4.797224121E0,8.693920898E0
1.247882079E2,7.051835632E-1,4.753065948E0,8.650660858E0
1.247982269E2,7.385641479E-1,4.727918243E0,8.566236420E0
1.248082459E2,6.996450806E-1,4.747078400E0,8.476123810E0
1.248182649E2,6.716532898E-1,4.794829102E0,8.424780579E0
1.248282839E2,7.098239136E-1,4.840484161E0,8.388256531E0
1.248383039E2,7.619155884E-1,4.903952179E0,8.392148438E0
1.248483229E2,7.797285461E-1,4.935237122E0,8.399632874E0
1.248583419E2,7.973918152E-1,4.960833893E0,8.407117310E0
1.248683609E2,7.839198303E-1,4.923711090E0,8.477620697E0
1.248783799E2,7.572752380E-1,4.828509064E0,8.513396301E0
1.248883999E2,7.592211914E-1,4.756209412E0,8.578510895E0
1.248984189E2,8.247848511E-1,4.710254974E0,8.602012024E0
1.249084379E2,8.536747742E-1,4.670587463E0,8.624315643E0
1.249184569E2,8.387059021E-1,4.689298553E0,8.640931091E0
1.249284759E2,8.337661743E-1,4.731361084E0,8.616681519E0
1.249384949E2,8.563691711E-1,4.770429840E0,8.564440155E0
1.249485149E2,8.644523621E-1,4.803511047E0,8.524772644E0
1.249585339E2,8.869056702E-1,4.820575562E0,8.485853577E0
1.249685529E2,8.744815063E-1,4.826263733E0,8.548573151E0
1.249785719E2,8.565188599E-1,4.840484161E0,8.597072296E0
1.249885909E2,8.687933350E-1,4.854854279E0,8.681796112E0
1.249986099E2,9.005273438E-1,4.782404938E0,8.682245178E0
1.250086299E2,8.788224792E-1,4.696633301E0,8.663534088E0
1.250186489E2,8.437953186E-1,4.636009369E0,8.655899963E0
1.250286679E2,8.394543457E-1,4.661606140E0,8.618627472E0
1.250386869E2,8.222401428E-1,4.704716492E0,8.552015991E0
1.250487059E2,8.396040344E-1,4.774920502E0,8.410859528E0
1.250587259E2,8.571176147E-1,4.850962372E0,8.429720306E0
1.250687449E2,9.020242310E-1,4.921615448E0,8.461304626E0
1.250787639E2,8.946894836E-1,4.937632141E0,8.506809998E0
1.250887829E2,8.695417786E-1,4.917573853E0,8.553512878E0
1.250988019E2,8.556207275E-1,4.871619415E0,8.641230469E0
1.251088219E2,8.888516235E-1,4.809199219E0,8.688681793E0
1.251188409E2,9.177415466E-1,4.721182251E0,8.633596344E0
1.251288599E2,9.217831421E-1,4.648583221E0,8.610244904E0
1.251388789E2,9.053173828E-1,4.638703766E0,8.577912140E0
1.251488979E2,9.107061768E-1,4.666246490E0,8.571625214E0
1.251589169E2,8.535250854E-1,4.724026337E0,8.532406769E0
1.251689369E2,8.469387817E-1,4.796026611E0,8.552465057E0
1.251789559E2,8.638536072E-1,4.832101593E0,8.544381866E0
1.251889749E2,8.523275757E-1,4.858446808E0,8.543034668E0
1.251989939E2,8.687933350E-1,4.893473969E0,8.527766418E0
1.252090124E2,8.427474976E-1,4.902006226E0,8.569080505E0
1.252190324E2,8.610095215E-1,4.892575836E0,8.569679260E0
1.252290514E2,8.620573425E-1,4.829856262E0,8.602760468E0
1.252390704E2,8.587641907E-1,4.774621124E0,8.546477509E0
1.252490894E2,8.485853577E-1,4.665498047E0,8.474626923E0
1.252591084E2,8.198451233E-1,4.663103027E0,8.421337738E0
1.252691274E2,7.936495972E-1,4.729564819E0,8.447682953E0
1.252791474E2,7.322772217E-1,4.771178284E0,8.481063538E0
1.252891664E2,6.586303711E-1,4.686155090E0,8.430618439E0
1.252991854E2,9.386979675E-1,5.022655334E0,8.500672760E0
1.253092044E2,7.225474548E-1,5.065765686E0,8.614136810E0
1.253192234E2,7.024891663E-1,4.992268524E0,8.741821289E0
1.253292434E2,7.411088562E-1,5.047054596E0,8.564739532E0
1.253392624E2,6.396199036E-1,4.973407745E0,8.473878479E0
1.253492814E2,5.542973328E-1,4.850513306E0,8.771010590E0
1.253593004E2,7.000941467E-1,4.788392487E0,8.526718597E0
1.253693194E2,6.756948853E-1,4.740192719E0,8.570427704E0
1.253793384E2,7.123686218E-1,4.806355133E0,8.509205017E0
1.253893584E2,6.351292419E-1,4.853207703E0,8.540040894E0
1.253993774E2,5.858816528E-1,4.967120819E0,8.558452606E0
1.254093964E2,4.855902100E-1,5.077441406E0,8.584947510E0
1.254194154E2,4.363426208E-1,5.088518372E0,8.497080231E0
1.254294344E2,7.451504517E-1,5.050048370E0,8.460107117E0